card_id,run_date,target_date,pred_price,conf_low,conf_high,model
510148,2026-03-06,2026-03-07,62.79,62.78,62.81,Single Attn-GRU
510148,2026-03-06,2026-03-08,62.79,62.75,62.82,Single Attn-GRU
510148,2026-03-06,2026-03-09,62.78,62.72,62.83,Single Attn-GRU
510148,2026-03-06,2026-03-10,62.78,62.7,62.85,Single Attn-GRU
510148,2026-03-06,2026-03-11,62.75,62.68,62.82,Single Attn-GRU
510148,2026-03-06,2026-03-12,62.77,62.68,62.85,Single Attn-GRU
510148,2026-03-06,2026-03-13,62.76,62.65,62.86,Single Attn-GRU
510148,2026-03-06,2026-03-14,62.74,62.64,62.82,Single Attn-GRU
510148,2026-03-06,2026-03-15,62.8,62.67,62.91,Single Attn-GRU
510148,2026-03-06,2026-03-16,62.78,62.63,62.91,Single Attn-GRU
510148,2026-03-06,2026-03-17,62.79,62.64,62.91,Single Attn-GRU
510148,2026-03-06,2026-03-18,62.8,62.67,62.93,Single Attn-GRU
510148,2026-03-06,2026-03-19,62.87,62.74,62.98,Single Attn-GRU
510148,2026-03-06,2026-03-20,62.94,62.78,63.04,Single Attn-GRU
510148,2026-03-06,2026-03-21,62.86,62.75,62.95,Single Attn-GRU
510148,2026-03-06,2026-03-22,62.97,62.79,63.08,Single Attn-GRU
510148,2026-03-06,2026-03-23,62.93,62.8,63.06,Single Attn-GRU
510148,2026-03-06,2026-03-24,63.0,62.9,63.08,Single Attn-GRU
510148,2026-03-06,2026-03-25,63.04,62.89,63.16,Single Attn-GRU
510148,2026-03-06,2026-03-26,63.0,62.79,63.18,Single Attn-GRU
510148,2026-03-06,2026-03-27,62.98,62.88,63.06,Single Attn-GRU
510148,2026-03-06,2026-03-28,63.04,62.87,63.17,Single Attn-GRU
510148,2026-03-06,2026-03-29,63.05,62.9,63.19,Single Attn-GRU
510148,2026-03-06,2026-03-30,63.0,62.9,63.12,Single Attn-GRU
510148,2026-03-06,2026-03-31,63.04,62.87,63.18,Single Attn-GRU
510148,2026-03-06,2026-04-01,63.04,62.94,63.13,Single Attn-GRU
510148,2026-03-06,2026-04-02,63.08,62.97,63.19,Single Attn-GRU
510148,2026-03-06,2026-04-03,63.07,62.89,63.23,Single Attn-GRU
510148,2026-03-06,2026-04-04,63.15,63.01,63.29,Single Attn-GRU
510148,2026-03-06,2026-04-05,63.09,62.88,63.25,Single Attn-GRU
510152,2026-03-06,2026-03-07,172.37,172.18,172.66,Single Attn-GRU
510152,2026-03-06,2026-03-08,172.86,172.5,173.29,Single Attn-GRU
510152,2026-03-06,2026-03-09,173.42,172.74,174.11,Single Attn-GRU
510152,2026-03-06,2026-03-10,173.88,173.03,174.67,Single Attn-GRU
510152,2026-03-06,2026-03-11,174.43,173.49,175.43,Single Attn-GRU
510152,2026-03-06,2026-03-12,174.97,173.8,175.92,Single Attn-GRU
510152,2026-03-06,2026-03-13,175.43,174.05,176.38,Single Attn-GRU
510152,2026-03-06,2026-03-14,176.01,174.63,177.27,Single Attn-GRU
510152,2026-03-06,2026-03-15,176.48,174.97,177.42,Single Attn-GRU
510152,2026-03-06,2026-03-16,177.0,175.38,178.04,Single Attn-GRU
510152,2026-03-06,2026-03-17,177.44,175.76,178.36,Single Attn-GRU
510152,2026-03-06,2026-03-18,177.82,176.16,178.51,Single Attn-GRU
510152,2026-03-06,2026-03-19,177.8,176.16,178.59,Single Attn-GRU
510152,2026-03-06,2026-03-20,178.11,176.7,178.85,Single Attn-GRU
510152,2026-03-06,2026-03-21,178.62,177.22,179.1,Single Attn-GRU
510152,2026-03-06,2026-03-22,178.51,177.15,179.18,Single Attn-GRU
510152,2026-03-06,2026-03-23,178.79,177.35,179.21,Single Attn-GRU
510152,2026-03-06,2026-03-24,178.91,177.69,179.33,Single Attn-GRU
510152,2026-03-06,2026-03-25,178.91,177.85,179.36,Single Attn-GRU
510152,2026-03-06,2026-03-26,179.26,178.23,179.46,Single Attn-GRU
510152,2026-03-06,2026-03-27,179.32,178.37,179.49,Single Attn-GRU
510152,2026-03-06,2026-03-28,179.34,178.38,179.51,Single Attn-GRU
510152,2026-03-06,2026-03-29,179.43,178.59,179.55,Single Attn-GRU
510152,2026-03-06,2026-03-30,179.45,178.83,179.57,Single Attn-GRU
510152,2026-03-06,2026-03-31,179.48,178.72,179.57,Single Attn-GRU
510152,2026-03-06,2026-04-01,179.5,179.02,179.58,Single Attn-GRU
510152,2026-03-06,2026-04-02,179.5,179.16,179.58,Single Attn-GRU
510152,2026-03-06,2026-04-03,179.54,179.18,179.59,Single Attn-GRU
510152,2026-03-06,2026-04-04,179.54,179.08,179.59,Single Attn-GRU
510152,2026-03-06,2026-04-05,179.56,179.23,179.6,Single Attn-GRU
510153,2026-03-06,2026-03-07,649.64,649.39,649.9,Single Attn-GRU
510153,2026-03-06,2026-03-08,649.56,649.08,650.14,Single Attn-GRU
510153,2026-03-06,2026-03-09,649.57,648.76,650.38,Single Attn-GRU
510153,2026-03-06,2026-03-10,649.63,648.43,650.86,Single Attn-GRU
510153,2026-03-06,2026-03-11,649.39,648.2,650.48,Single Attn-GRU
510153,2026-03-06,2026-03-12,649.76,648.22,651.16,Single Attn-GRU
510153,2026-03-06,2026-03-13,649.84,647.96,651.43,Single Attn-GRU
510153,2026-03-06,2026-03-14,649.29,647.88,650.9,Single Attn-GRU
510153,2026-03-06,2026-03-15,650.44,648.26,652.46,Single Attn-GRU
510153,2026-03-06,2026-03-16,650.13,647.75,652.48,Single Attn-GRU
510153,2026-03-06,2026-03-17,650.32,648.0,652.55,Single Attn-GRU
510153,2026-03-06,2026-03-18,650.87,648.49,653.07,Single Attn-GRU
510153,2026-03-06,2026-03-19,651.45,649.37,653.63,Single Attn-GRU
510153,2026-03-06,2026-03-20,652.51,650.15,654.9,Single Attn-GRU
510153,2026-03-06,2026-03-21,651.82,649.71,653.93,Single Attn-GRU
510153,2026-03-06,2026-03-22,652.88,650.48,655.34,Single Attn-GRU
510153,2026-03-06,2026-03-23,653.16,650.74,655.35,Single Attn-GRU
510153,2026-03-06,2026-03-24,653.91,652.0,655.74,Single Attn-GRU
510153,2026-03-06,2026-03-25,654.61,652.01,656.63,Single Attn-GRU
510153,2026-03-06,2026-03-26,654.31,650.82,657.45,Single Attn-GRU
510153,2026-03-06,2026-03-27,653.83,651.9,655.82,Single Attn-GRU
510153,2026-03-06,2026-03-28,654.9,652.12,657.56,Single Attn-GRU
510153,2026-03-06,2026-03-29,655.46,652.34,658.02,Single Attn-GRU
510153,2026-03-06,2026-03-30,654.74,652.33,656.97,Single Attn-GRU
510153,2026-03-06,2026-03-31,655.19,652.34,657.91,Single Attn-GRU
510153,2026-03-06,2026-04-01,655.26,653.07,657.82,Single Attn-GRU
510153,2026-03-06,2026-04-02,655.91,653.28,658.12,Single Attn-GRU
510153,2026-03-06,2026-04-03,655.41,652.28,658.37,Single Attn-GRU
510153,2026-03-06,2026-04-04,657.05,654.28,659.32,Single Attn-GRU
510153,2026-03-06,2026-04-05,656.35,652.55,659.32,Single Attn-GRU
510154,2026-03-06,2026-03-07,140.8,140.74,140.86,Single Attn-GRU
510154,2026-03-06,2026-03-08,140.8,140.73,140.93,Single Attn-GRU
510154,2026-03-06,2026-03-09,140.82,140.69,141.0,Single Attn-GRU
510154,2026-03-06,2026-03-10,140.82,140.67,141.07,Single Attn-GRU
510154,2026-03-06,2026-03-11,140.86,140.64,141.16,Single Attn-GRU
510154,2026-03-06,2026-03-12,140.89,140.66,141.21,Single Attn-GRU
510154,2026-03-06,2026-03-13,140.91,140.6,141.27,Single Attn-GRU
510154,2026-03-06,2026-03-14,140.98,140.6,141.46,Single Attn-GRU
510154,2026-03-06,2026-03-15,141.05,140.67,141.43,Single Attn-GRU
510154,2026-03-06,2026-03-16,141.09,140.7,141.69,Single Attn-GRU
510154,2026-03-06,2026-03-17,141.17,140.68,141.77,Single Attn-GRU
510154,2026-03-06,2026-03-18,141.25,140.72,141.79,Single Attn-GRU
510154,2026-03-06,2026-03-19,141.24,140.75,141.79,Single Attn-GRU
510154,2026-03-06,2026-03-20,141.39,140.86,141.97,Single Attn-GRU
510154,2026-03-06,2026-03-21,141.52,140.9,142.19,Single Attn-GRU
510154,2026-03-06,2026-03-22,141.49,140.94,142.13,Single Attn-GRU
510154,2026-03-06,2026-03-23,141.62,140.94,142.29,Single Attn-GRU
510154,2026-03-06,2026-03-24,141.66,140.97,142.41,Single Attn-GRU
510154,2026-03-06,2026-03-25,141.79,141.16,142.41,Single Attn-GRU
510154,2026-03-06,2026-03-26,141.9,140.94,142.69,Single Attn-GRU
510154,2026-03-06,2026-03-27,141.89,141.22,142.69,Single Attn-GRU
510154,2026-03-06,2026-03-28,142.0,141.16,142.81,Single Attn-GRU
510154,2026-03-06,2026-03-29,142.06,141.16,142.87,Single Attn-GRU
510154,2026-03-06,2026-03-30,142.16,141.41,142.84,Single Attn-GRU
510154,2026-03-06,2026-03-31,142.21,141.24,143.02,Single Attn-GRU
510154,2026-03-06,2026-04-01,142.35,141.53,143.09,Single Attn-GRU
510154,2026-03-06,2026-04-02,142.34,141.61,143.06,Single Attn-GRU
510154,2026-03-06,2026-04-03,142.39,141.33,143.26,Single Attn-GRU
510154,2026-03-06,2026-04-04,142.32,141.41,143.13,Single Attn-GRU
510154,2026-03-06,2026-04-05,142.55,141.65,143.4,Single Attn-GRU
510155,2026-03-06,2026-03-07,67.8,67.75,67.87,Single Attn-GRU
510155,2026-03-06,2026-03-08,67.92,67.83,68.07,Single Attn-GRU
510155,2026-03-06,2026-03-09,68.1,67.92,68.33,Single Attn-GRU
510155,2026-03-06,2026-03-10,68.26,68.03,68.57,Single Attn-GRU
510155,2026-03-06,2026-03-11,68.39,68.15,68.73,Single Attn-GRU
510155,2026-03-06,2026-03-12,68.61,68.3,68.95,Single Attn-GRU
510155,2026-03-06,2026-03-13,68.78,68.4,69.16,Single Attn-GRU
510155,2026-03-06,2026-03-14,68.94,68.52,69.33,Single Attn-GRU
510155,2026-03-06,2026-03-15,69.12,68.71,69.49,Single Attn-GRU
510155,2026-03-06,2026-03-16,69.26,68.84,69.64,Single Attn-GRU
510155,2026-03-06,2026-03-17,69.42,69.0,69.77,Single Attn-GRU
510155,2026-03-06,2026-03-18,69.57,69.09,69.86,Single Attn-GRU
510155,2026-03-06,2026-03-19,69.63,69.25,69.91,Single Attn-GRU
510155,2026-03-06,2026-03-20,69.76,69.36,69.98,Single Attn-GRU
510155,2026-03-06,2026-03-21,69.84,69.47,70.02,Single Attn-GRU
510155,2026-03-06,2026-03-22,69.89,69.5,70.05,Single Attn-GRU
510155,2026-03-06,2026-03-23,69.92,69.64,70.07,Single Attn-GRU
510155,2026-03-06,2026-03-24,69.99,69.63,70.09,Single Attn-GRU
510155,2026-03-06,2026-03-25,70.0,69.69,70.09,Single Attn-GRU
510155,2026-03-06,2026-03-26,70.05,69.83,70.11,Single Attn-GRU
510155,2026-03-06,2026-03-27,70.07,69.81,70.12,Single Attn-GRU
510155,2026-03-06,2026-03-28,70.07,69.85,70.12,Single Attn-GRU
510155,2026-03-06,2026-03-29,70.1,69.95,70.13,Single Attn-GRU
510155,2026-03-06,2026-03-30,70.1,69.93,70.13,Single Attn-GRU
510155,2026-03-06,2026-03-31,70.11,69.98,70.13,Single Attn-GRU
510155,2026-03-06,2026-04-01,70.11,69.97,70.13,Single Attn-GRU
510155,2026-03-06,2026-04-02,70.12,69.98,70.13,Single Attn-GRU
510155,2026-03-06,2026-04-03,70.12,70.03,70.13,Single Attn-GRU
510155,2026-03-06,2026-04-04,70.12,70.05,70.13,Single Attn-GRU
510155,2026-03-06,2026-04-05,70.12,70.05,70.13,Single Attn-GRU
510156,2026-03-06,2026-03-07,93.25,93.2,93.3,Single Attn-GRU
510156,2026-03-06,2026-03-08,93.13,93.07,93.2,Single Attn-GRU
510156,2026-03-06,2026-03-09,92.99,92.91,93.09,Single Attn-GRU
510156,2026-03-06,2026-03-10,92.86,92.75,92.97,Single Attn-GRU
510156,2026-03-06,2026-03-11,92.71,92.57,92.84,Single Attn-GRU
510156,2026-03-06,2026-03-12,92.57,92.42,92.75,Single Attn-GRU
510156,2026-03-06,2026-03-13,92.4,92.24,92.6,Single Attn-GRU
510156,2026-03-06,2026-03-14,92.22,92.04,92.46,Single Attn-GRU
510156,2026-03-06,2026-03-15,92.07,91.87,92.35,Single Attn-GRU
510156,2026-03-06,2026-03-16,91.89,91.7,92.2,Single Attn-GRU
510156,2026-03-06,2026-03-17,91.74,91.53,92.08,Single Attn-GRU
510156,2026-03-06,2026-03-18,91.55,91.35,91.9,Single Attn-GRU
510156,2026-03-06,2026-03-19,91.33,91.14,91.7,Single Attn-GRU
510156,2026-03-06,2026-03-20,91.1,90.98,91.41,Single Attn-GRU
510156,2026-03-06,2026-03-21,90.9,90.85,91.08,Single Attn-GRU
510156,2026-03-06,2026-03-22,90.85,90.83,90.95,Single Attn-GRU
510156,2026-03-06,2026-03-23,90.84,90.83,90.9,Single Attn-GRU
510156,2026-03-06,2026-03-24,90.83,90.83,90.86,Single Attn-GRU
510156,2026-03-06,2026-03-25,90.83,90.83,90.85,Single Attn-GRU
510156,2026-03-06,2026-03-26,90.83,90.83,90.84,Single Attn-GRU
510156,2026-03-06,2026-03-27,90.83,90.83,90.83,Single Attn-GRU
510156,2026-03-06,2026-03-28,90.83,90.83,90.83,Single Attn-GRU
510156,2026-03-06,2026-03-29,90.83,90.83,90.83,Single Attn-GRU
510156,2026-03-06,2026-03-30,90.83,90.83,90.83,Single Attn-GRU
510156,2026-03-06,2026-03-31,90.83,90.83,90.83,Single Attn-GRU
510156,2026-03-06,2026-04-01,90.83,90.83,90.83,Single Attn-GRU
510156,2026-03-06,2026-04-02,90.83,90.83,90.83,Single Attn-GRU
510156,2026-03-06,2026-04-03,90.83,90.83,90.83,Single Attn-GRU
510156,2026-03-06,2026-04-04,90.83,90.83,90.83,Single Attn-GRU
510156,2026-03-06,2026-04-05,90.83,90.83,90.83,Single Attn-GRU
510157,2026-03-06,2026-03-07,64.84,64.76,64.91,Single Attn-GRU
510157,2026-03-06,2026-03-08,64.96,64.78,65.07,Single Attn-GRU
510157,2026-03-06,2026-03-09,65.19,64.93,65.34,Single Attn-GRU
510157,2026-03-06,2026-03-10,65.33,64.98,65.54,Single Attn-GRU
510157,2026-03-06,2026-03-11,65.55,65.11,65.76,Single Attn-GRU
510157,2026-03-06,2026-03-12,65.72,65.21,65.97,Single Attn-GRU
510157,2026-03-06,2026-03-13,65.88,65.28,66.15,Single Attn-GRU
510157,2026-03-06,2026-03-14,66.07,65.49,66.32,Single Attn-GRU
510157,2026-03-06,2026-03-15,66.21,65.62,66.41,Single Attn-GRU
510157,2026-03-06,2026-03-16,66.34,65.74,66.53,Single Attn-GRU
510157,2026-03-06,2026-03-17,66.47,65.95,66.63,Single Attn-GRU
510157,2026-03-06,2026-03-18,66.57,66.12,66.68,Single Attn-GRU
510157,2026-03-06,2026-03-19,66.59,66.16,66.69,Single Attn-GRU
510157,2026-03-06,2026-03-20,66.66,66.27,66.74,Single Attn-GRU
510157,2026-03-06,2026-03-21,66.7,66.35,66.76,Single Attn-GRU
510157,2026-03-06,2026-03-22,66.71,66.4,66.77,Single Attn-GRU
510157,2026-03-06,2026-03-23,66.74,66.51,66.78,Single Attn-GRU
510157,2026-03-06,2026-03-24,66.77,66.55,66.79,Single Attn-GRU
510157,2026-03-06,2026-03-25,66.76,66.57,66.79,Single Attn-GRU
510157,2026-03-06,2026-03-26,66.78,66.68,66.8,Single Attn-GRU
510157,2026-03-06,2026-03-27,66.79,66.68,66.8,Single Attn-GRU
510157,2026-03-06,2026-03-28,66.79,66.68,66.8,Single Attn-GRU
510157,2026-03-06,2026-03-29,66.79,66.74,66.8,Single Attn-GRU
510157,2026-03-06,2026-03-30,66.79,66.73,66.8,Single Attn-GRU
510157,2026-03-06,2026-03-31,66.8,66.76,66.8,Single Attn-GRU
510157,2026-03-06,2026-04-01,66.8,66.76,66.8,Single Attn-GRU
510157,2026-03-06,2026-04-02,66.8,66.76,66.8,Single Attn-GRU
510157,2026-03-06,2026-04-03,66.8,66.78,66.8,Single Attn-GRU
510157,2026-03-06,2026-04-04,66.8,66.77,66.8,Single Attn-GRU
510157,2026-03-06,2026-04-05,66.8,66.78,66.8,Single Attn-GRU
510158,2026-03-06,2026-03-07,94.59,94.51,94.77,Single Attn-GRU
510158,2026-03-06,2026-03-08,94.77,94.53,95.01,Single Attn-GRU
510158,2026-03-06,2026-03-09,95.16,94.79,95.52,Single Attn-GRU
510158,2026-03-06,2026-03-10,95.43,94.98,95.9,Single Attn-GRU
510158,2026-03-06,2026-03-11,95.75,95.28,96.43,Single Attn-GRU
510158,2026-03-06,2026-03-12,96.15,95.42,96.83,Single Attn-GRU
510158,2026-03-06,2026-03-13,96.42,95.67,97.27,Single Attn-GRU
510158,2026-03-06,2026-03-14,96.87,96.03,97.6,Single Attn-GRU
510158,2026-03-06,2026-03-15,97.14,96.27,97.8,Single Attn-GRU
510158,2026-03-06,2026-03-16,97.47,96.56,98.25,Single Attn-GRU
510158,2026-03-06,2026-03-17,97.9,96.95,98.44,Single Attn-GRU
510158,2026-03-06,2026-03-18,98.08,97.3,98.64,Single Attn-GRU
510158,2026-03-06,2026-03-19,98.09,97.3,98.64,Single Attn-GRU
510158,2026-03-06,2026-03-20,98.37,97.63,98.76,Single Attn-GRU
510158,2026-03-06,2026-03-21,98.56,97.83,98.87,Single Attn-GRU
510158,2026-03-06,2026-03-22,98.62,98.02,98.93,Single Attn-GRU
510158,2026-03-06,2026-03-23,98.72,98.22,98.98,Single Attn-GRU
510158,2026-03-06,2026-03-24,98.86,98.4,99.01,Single Attn-GRU
510158,2026-03-06,2026-03-25,98.82,98.2,99.0,Single Attn-GRU
510158,2026-03-06,2026-03-26,98.95,98.61,99.04,Single Attn-GRU
510158,2026-03-06,2026-03-27,98.99,98.71,99.06,Single Attn-GRU
510158,2026-03-06,2026-03-28,98.98,98.75,99.06,Single Attn-GRU
510158,2026-03-06,2026-03-29,99.03,98.8,99.07,Single Attn-GRU
510158,2026-03-06,2026-03-30,99.02,98.79,99.07,Single Attn-GRU
510158,2026-03-06,2026-03-31,99.05,98.9,99.07,Single Attn-GRU
510158,2026-03-06,2026-04-01,99.04,98.84,99.07,Single Attn-GRU
510158,2026-03-06,2026-04-02,99.05,98.87,99.07,Single Attn-GRU
510158,2026-03-06,2026-04-03,99.06,98.98,99.08,Single Attn-GRU
510158,2026-03-06,2026-04-04,99.06,98.96,99.08,Single Attn-GRU
510158,2026-03-06,2026-04-05,99.07,98.99,99.08,Single Attn-GRU
510159,2026-03-06,2026-03-07,135.82,135.73,135.91,Single Attn-GRU
510159,2026-03-06,2026-03-08,135.94,135.75,136.1,Single Attn-GRU
510159,2026-03-06,2026-03-09,136.06,135.77,136.29,Single Attn-GRU
510159,2026-03-06,2026-03-10,136.14,135.74,136.49,Single Attn-GRU
510159,2026-03-06,2026-03-11,136.29,135.85,136.7,Single Attn-GRU
510159,2026-03-06,2026-03-12,136.36,135.88,136.77,Single Attn-GRU
510159,2026-03-06,2026-03-13,136.52,135.91,137.05,Single Attn-GRU
510159,2026-03-06,2026-03-14,136.63,135.94,137.29,Single Attn-GRU
510159,2026-03-06,2026-03-15,136.74,136.05,137.35,Single Attn-GRU
510159,2026-03-06,2026-03-16,136.92,136.06,137.63,Single Attn-GRU
510159,2026-03-06,2026-03-17,137.02,136.2,137.8,Single Attn-GRU
510159,2026-03-06,2026-03-18,137.28,136.4,138.07,Single Attn-GRU
510159,2026-03-06,2026-03-19,137.16,136.32,137.8,Single Attn-GRU
510159,2026-03-06,2026-03-20,137.48,136.6,138.19,Single Attn-GRU
510159,2026-03-06,2026-03-21,137.86,136.73,138.59,Single Attn-GRU
510159,2026-03-06,2026-03-22,137.47,136.77,138.29,Single Attn-GRU
510159,2026-03-06,2026-03-23,137.74,136.78,138.51,Single Attn-GRU
510159,2026-03-06,2026-03-24,137.97,137.05,138.67,Single Attn-GRU
510159,2026-03-06,2026-03-25,137.96,137.14,138.66,Single Attn-GRU
510159,2026-03-06,2026-03-26,138.27,137.15,139.0,Single Attn-GRU
510159,2026-03-06,2026-03-27,138.43,137.43,139.0,Single Attn-GRU
510159,2026-03-06,2026-03-28,138.52,137.44,139.12,Single Attn-GRU
510159,2026-03-06,2026-03-29,138.66,137.4,139.25,Single Attn-GRU
510159,2026-03-06,2026-03-30,138.68,137.68,139.2,Single Attn-GRU
510159,2026-03-06,2026-03-31,138.88,137.69,139.35,Single Attn-GRU
510159,2026-03-06,2026-04-01,138.83,137.88,139.34,Single Attn-GRU
510159,2026-03-06,2026-04-02,138.88,138.06,139.36,Single Attn-GRU
510159,2026-03-06,2026-04-03,138.91,137.9,139.44,Single Attn-GRU
510159,2026-03-06,2026-04-04,138.98,137.83,139.35,Single Attn-GRU
510159,2026-03-06,2026-04-05,139.17,138.09,139.54,Single Attn-GRU
510161,2026-03-06,2026-03-07,177.95,177.91,177.99,Single Attn-GRU
510161,2026-03-06,2026-03-08,177.83,177.77,177.9,Single Attn-GRU
510161,2026-03-06,2026-03-09,177.69,177.59,177.76,Single Attn-GRU
510161,2026-03-06,2026-03-10,177.54,177.44,177.63,Single Attn-GRU
510161,2026-03-06,2026-03-11,177.36,177.26,177.49,Single Attn-GRU
510161,2026-03-06,2026-03-12,177.22,177.09,177.35,Single Attn-GRU
510161,2026-03-06,2026-03-13,177.04,176.89,177.19,Single Attn-GRU
510161,2026-03-06,2026-03-14,176.85,176.67,177.04,Single Attn-GRU
510161,2026-03-06,2026-03-15,176.65,176.45,176.87,Single Attn-GRU
510161,2026-03-06,2026-03-16,176.45,176.26,176.69,Single Attn-GRU
510161,2026-03-06,2026-03-17,176.27,176.07,176.51,Single Attn-GRU
510161,2026-03-06,2026-03-18,176.06,175.86,176.31,Single Attn-GRU
510161,2026-03-06,2026-03-19,175.8,175.62,176.07,Single Attn-GRU
510161,2026-03-06,2026-03-20,175.55,175.4,175.8,Single Attn-GRU
510161,2026-03-06,2026-03-21,175.3,175.24,175.49,Single Attn-GRU
510161,2026-03-06,2026-03-22,175.25,175.22,175.34,Single Attn-GRU
510161,2026-03-06,2026-03-23,175.23,175.21,175.28,Single Attn-GRU
510161,2026-03-06,2026-03-24,175.21,175.21,175.24,Single Attn-GRU
510161,2026-03-06,2026-03-25,175.21,175.21,175.22,Single Attn-GRU
510161,2026-03-06,2026-03-26,175.21,175.21,175.22,Single Attn-GRU
510161,2026-03-06,2026-03-27,175.21,175.21,175.22,Single Attn-GRU
510161,2026-03-06,2026-03-28,175.21,175.21,175.21,Single Attn-GRU
510161,2026-03-06,2026-03-29,175.21,175.21,175.21,Single Attn-GRU
510161,2026-03-06,2026-03-30,175.21,175.21,175.21,Single Attn-GRU
510161,2026-03-06,2026-03-31,175.21,175.21,175.21,Single Attn-GRU
510161,2026-03-06,2026-04-01,175.21,175.21,175.21,Single Attn-GRU
510161,2026-03-06,2026-04-02,175.21,175.21,175.21,Single Attn-GRU
510161,2026-03-06,2026-04-03,175.21,175.21,175.21,Single Attn-GRU
510161,2026-03-06,2026-04-04,175.21,175.21,175.21,Single Attn-GRU
510161,2026-03-06,2026-04-05,175.21,175.21,175.21,Single Attn-GRU
510162,2026-03-06,2026-03-07,100.96,100.87,101.05,Single Attn-GRU
510162,2026-03-06,2026-03-08,101.02,100.86,101.18,Single Attn-GRU
510162,2026-03-06,2026-03-09,101.16,100.94,101.47,Single Attn-GRU
510162,2026-03-06,2026-03-10,101.24,100.93,101.66,Single Attn-GRU
510162,2026-03-06,2026-03-11,101.45,101.03,101.87,Single Attn-GRU
510162,2026-03-06,2026-03-12,101.57,101.08,102.07,Single Attn-GRU
510162,2026-03-06,2026-03-13,101.77,101.14,102.35,Single Attn-GRU
510162,2026-03-06,2026-03-14,101.91,101.25,102.58,Single Attn-GRU
510162,2026-03-06,2026-03-15,102.09,101.35,102.74,Single Attn-GRU
510162,2026-03-06,2026-03-16,102.28,101.47,103.09,Single Attn-GRU
510162,2026-03-06,2026-03-17,102.54,101.64,103.31,Single Attn-GRU
510162,2026-03-06,2026-03-18,102.85,101.95,103.63,Single Attn-GRU
510162,2026-03-06,2026-03-19,102.79,102.1,103.55,Single Attn-GRU
510162,2026-03-06,2026-03-20,103.24,102.47,103.96,Single Attn-GRU
510162,2026-03-06,2026-03-21,103.47,102.5,104.13,Single Attn-GRU
510162,2026-03-06,2026-03-22,103.35,102.54,104.09,Single Attn-GRU
510162,2026-03-06,2026-03-23,103.57,102.77,104.25,Single Attn-GRU
510162,2026-03-06,2026-03-24,103.87,103.16,104.44,Single Attn-GRU
510162,2026-03-06,2026-03-25,103.79,103.0,104.38,Single Attn-GRU
510162,2026-03-06,2026-03-26,104.06,103.22,104.65,Single Attn-GRU
510162,2026-03-06,2026-03-27,104.21,103.35,104.7,Single Attn-GRU
510162,2026-03-06,2026-03-28,104.19,103.45,104.7,Single Attn-GRU
510162,2026-03-06,2026-03-29,104.38,103.69,104.8,Single Attn-GRU
510162,2026-03-06,2026-03-30,104.4,103.77,104.8,Single Attn-GRU
510162,2026-03-06,2026-03-31,104.51,103.69,104.85,Single Attn-GRU
510162,2026-03-06,2026-04-01,104.51,103.89,104.84,Single Attn-GRU
510162,2026-03-06,2026-04-02,104.56,103.89,104.87,Single Attn-GRU
510162,2026-03-06,2026-04-03,104.67,104.11,104.92,Single Attn-GRU
510162,2026-03-06,2026-04-04,104.57,104.04,104.88,Single Attn-GRU
510162,2026-03-06,2026-04-05,104.68,104.13,104.92,Single Attn-GRU
510163,2026-03-06,2026-03-07,150.72,150.34,151.07,Single Attn-GRU
510163,2026-03-06,2026-03-08,151.24,150.69,151.89,Single Attn-GRU
510163,2026-03-06,2026-03-09,152.15,151.23,153.13,Single Attn-GRU
510163,2026-03-06,2026-03-10,152.72,151.54,153.88,Single Attn-GRU
510163,2026-03-06,2026-03-11,153.69,152.29,155.11,Single Attn-GRU
510163,2026-03-06,2026-03-12,154.53,152.82,155.97,Single Attn-GRU
510163,2026-03-06,2026-03-13,155.25,153.33,156.8,Single Attn-GRU
510163,2026-03-06,2026-03-14,156.23,153.85,157.83,Single Attn-GRU
510163,2026-03-06,2026-03-15,156.81,154.59,158.42,Single Attn-GRU
510163,2026-03-06,2026-03-16,157.61,155.26,159.11,Single Attn-GRU
510163,2026-03-06,2026-03-17,158.45,156.23,159.82,Single Attn-GRU
510163,2026-03-06,2026-03-18,159.02,156.95,160.27,Single Attn-GRU
510163,2026-03-06,2026-03-19,159.07,156.92,160.23,Single Attn-GRU
510163,2026-03-06,2026-03-20,159.77,157.89,160.63,Single Attn-GRU
510163,2026-03-06,2026-03-21,160.23,158.4,160.88,Single Attn-GRU
510163,2026-03-06,2026-03-22,160.16,158.25,160.89,Single Attn-GRU
510163,2026-03-06,2026-03-23,160.29,158.65,160.98,Single Attn-GRU
510163,2026-03-06,2026-03-24,160.66,159.63,161.13,Single Attn-GRU
510163,2026-03-06,2026-03-25,160.64,159.19,161.11,Single Attn-GRU
510163,2026-03-06,2026-03-26,160.96,159.89,161.22,Single Attn-GRU
510163,2026-03-06,2026-03-27,161.04,160.36,161.24,Single Attn-GRU
510163,2026-03-06,2026-03-28,161.0,160.33,161.24,Single Attn-GRU
510163,2026-03-06,2026-03-29,161.17,160.62,161.26,Single Attn-GRU
510163,2026-03-06,2026-03-30,161.17,160.71,161.27,Single Attn-GRU
510163,2026-03-06,2026-03-31,161.2,160.86,161.27,Single Attn-GRU
510163,2026-03-06,2026-04-01,161.2,160.81,161.28,Single Attn-GRU
510163,2026-03-06,2026-04-02,161.22,160.84,161.28,Single Attn-GRU
510163,2026-03-06,2026-04-03,161.24,160.95,161.29,Single Attn-GRU
510163,2026-03-06,2026-04-04,161.24,161.0,161.28,Single Attn-GRU
510163,2026-03-06,2026-04-05,161.25,161.01,161.29,Single Attn-GRU
527797,2026-03-06,2026-03-07,32.47,32.46,32.48,Single Attn-GRU
527797,2026-03-06,2026-03-08,32.48,32.46,32.49,Single Attn-GRU
527797,2026-03-06,2026-03-09,32.48,32.45,32.51,Single Attn-GRU
527797,2026-03-06,2026-03-10,32.49,32.45,32.53,Single Attn-GRU
527797,2026-03-06,2026-03-11,32.48,32.44,32.53,Single Attn-GRU
527797,2026-03-06,2026-03-12,32.5,32.45,32.55,Single Attn-GRU
527797,2026-03-06,2026-03-13,32.51,32.44,32.57,Single Attn-GRU
527797,2026-03-06,2026-03-14,32.49,32.43,32.55,Single Attn-GRU
527797,2026-03-06,2026-03-15,32.52,32.45,32.6,Single Attn-GRU
527797,2026-03-06,2026-03-16,32.52,32.43,32.61,Single Attn-GRU
527797,2026-03-06,2026-03-17,32.53,32.44,32.62,Single Attn-GRU
527797,2026-03-06,2026-03-18,32.55,32.45,32.65,Single Attn-GRU
527797,2026-03-06,2026-03-19,32.57,32.48,32.67,Single Attn-GRU
527797,2026-03-06,2026-03-20,32.58,32.49,32.69,Single Attn-GRU
527797,2026-03-06,2026-03-21,32.59,32.49,32.7,Single Attn-GRU
527797,2026-03-06,2026-03-22,32.62,32.51,32.75,Single Attn-GRU
527797,2026-03-06,2026-03-23,32.64,32.52,32.78,Single Attn-GRU
527797,2026-03-06,2026-03-24,32.61,32.5,32.77,Single Attn-GRU
527797,2026-03-06,2026-03-25,32.69,32.57,32.81,Single Attn-GRU
527797,2026-03-06,2026-03-26,32.66,32.52,32.82,Single Attn-GRU
527797,2026-03-06,2026-03-27,32.64,32.51,32.8,Single Attn-GRU
527797,2026-03-06,2026-03-28,32.68,32.55,32.85,Single Attn-GRU
527797,2026-03-06,2026-03-29,32.74,32.59,32.89,Single Attn-GRU
527797,2026-03-06,2026-03-30,32.7,32.6,32.84,Single Attn-GRU
527797,2026-03-06,2026-03-31,32.7,32.52,32.89,Single Attn-GRU
527797,2026-03-06,2026-04-01,32.7,32.53,32.88,Single Attn-GRU
527797,2026-03-06,2026-04-02,32.74,32.54,32.89,Single Attn-GRU
527797,2026-03-06,2026-04-03,32.76,32.58,32.92,Single Attn-GRU
527797,2026-03-06,2026-04-04,32.8,32.62,32.96,Single Attn-GRU
527797,2026-03-06,2026-04-05,32.83,32.61,32.99,Single Attn-GRU
527798,2026-03-06,2026-03-07,24.6,24.55,24.67,Single Attn-GRU
527798,2026-03-06,2026-03-08,24.67,24.57,24.79,Single Attn-GRU
527798,2026-03-06,2026-03-09,24.81,24.67,24.97,Single Attn-GRU
527798,2026-03-06,2026-03-10,24.88,24.7,25.1,Single Attn-GRU
527798,2026-03-06,2026-03-11,25.01,24.79,25.25,Single Attn-GRU
527798,2026-03-06,2026-03-12,25.13,24.88,25.4,Single Attn-GRU
527798,2026-03-06,2026-03-13,25.26,24.98,25.52,Single Attn-GRU
527798,2026-03-06,2026-03-14,25.39,25.09,25.64,Single Attn-GRU
527798,2026-03-06,2026-03-15,25.49,25.17,25.72,Single Attn-GRU
527798,2026-03-06,2026-03-16,25.6,25.26,25.81,Single Attn-GRU
527798,2026-03-06,2026-03-17,25.7,25.29,25.87,Single Attn-GRU
527798,2026-03-06,2026-03-18,25.77,25.45,25.92,Single Attn-GRU
527798,2026-03-06,2026-03-19,25.79,25.48,25.93,Single Attn-GRU
527798,2026-03-06,2026-03-20,25.84,25.56,25.95,Single Attn-GRU
527798,2026-03-06,2026-03-21,25.92,25.64,25.97,Single Attn-GRU
527798,2026-03-06,2026-03-22,25.93,25.67,25.98,Single Attn-GRU
527798,2026-03-06,2026-03-23,25.94,25.77,25.99,Single Attn-GRU
527798,2026-03-06,2026-03-24,25.96,25.8,26.0,Single Attn-GRU
527798,2026-03-06,2026-03-25,25.96,25.78,25.99,Single Attn-GRU
527798,2026-03-06,2026-03-26,25.99,25.91,26.0,Single Attn-GRU
527798,2026-03-06,2026-03-27,25.99,25.89,26.0,Single Attn-GRU
527798,2026-03-06,2026-03-28,25.99,25.9,26.0,Single Attn-GRU
527798,2026-03-06,2026-03-29,26.0,25.94,26.0,Single Attn-GRU
527798,2026-03-06,2026-03-30,26.0,25.96,26.0,Single Attn-GRU
527798,2026-03-06,2026-03-31,26.0,25.96,26.0,Single Attn-GRU
527798,2026-03-06,2026-04-01,26.0,25.96,26.0,Single Attn-GRU
527798,2026-03-06,2026-04-02,26.0,25.96,26.0,Single Attn-GRU
527798,2026-03-06,2026-04-03,26.0,25.99,26.0,Single Attn-GRU
527798,2026-03-06,2026-04-04,26.0,25.98,26.0,Single Attn-GRU
527798,2026-03-06,2026-04-05,26.0,25.99,26.0,Single Attn-GRU
527799,2026-03-06,2026-03-07,68.61,68.57,68.63,Single Attn-GRU
527799,2026-03-06,2026-03-08,68.55,68.5,68.58,Single Attn-GRU
527799,2026-03-06,2026-03-09,68.47,68.42,68.53,Single Attn-GRU
527799,2026-03-06,2026-03-10,68.4,68.33,68.48,Single Attn-GRU
527799,2026-03-06,2026-03-11,68.31,68.23,68.41,Single Attn-GRU
527799,2026-03-06,2026-03-12,68.23,68.13,68.34,Single Attn-GRU
527799,2026-03-06,2026-03-13,68.14,68.03,68.28,Single Attn-GRU
527799,2026-03-06,2026-03-14,68.04,67.92,68.19,Single Attn-GRU
527799,2026-03-06,2026-03-15,67.93,67.81,68.11,Single Attn-GRU
527799,2026-03-06,2026-03-16,67.85,67.74,68.02,Single Attn-GRU
527799,2026-03-06,2026-03-17,67.75,67.65,67.94,Single Attn-GRU
527799,2026-03-06,2026-03-18,67.65,67.57,67.84,Single Attn-GRU
527799,2026-03-06,2026-03-19,67.55,67.48,67.69,Single Attn-GRU
527799,2026-03-06,2026-03-20,67.47,67.43,67.59,Single Attn-GRU
527799,2026-03-06,2026-03-21,67.41,67.41,67.46,Single Attn-GRU
527799,2026-03-06,2026-03-22,67.41,67.4,67.42,Single Attn-GRU
527799,2026-03-06,2026-03-23,67.41,67.4,67.42,Single Attn-GRU
527799,2026-03-06,2026-03-24,67.4,67.4,67.41,Single Attn-GRU
527799,2026-03-06,2026-03-25,67.4,67.4,67.41,Single Attn-GRU
527799,2026-03-06,2026-03-26,67.4,67.4,67.41,Single Attn-GRU
527799,2026-03-06,2026-03-27,67.4,67.4,67.4,Single Attn-GRU
527799,2026-03-06,2026-03-28,67.4,67.4,67.4,Single Attn-GRU
527799,2026-03-06,2026-03-29,67.4,67.4,67.4,Single Attn-GRU
527799,2026-03-06,2026-03-30,67.4,67.4,67.4,Single Attn-GRU
527799,2026-03-06,2026-03-31,67.4,67.4,67.4,Single Attn-GRU
527799,2026-03-06,2026-04-01,67.4,67.4,67.4,Single Attn-GRU
527799,2026-03-06,2026-04-02,67.4,67.4,67.4,Single Attn-GRU
527799,2026-03-06,2026-04-03,67.4,67.4,67.4,Single Attn-GRU
527799,2026-03-06,2026-04-04,67.4,67.4,67.4,Single Attn-GRU
527799,2026-03-06,2026-04-05,67.4,67.4,67.4,Single Attn-GRU
527800,2026-03-06,2026-03-07,34.56,34.5,34.61,Single Attn-GRU
527800,2026-03-06,2026-03-08,34.69,34.58,34.78,Single Attn-GRU
527800,2026-03-06,2026-03-09,34.87,34.69,34.98,Single Attn-GRU
527800,2026-03-06,2026-03-10,35.0,34.76,35.15,Single Attn-GRU
527800,2026-03-06,2026-03-11,35.15,34.89,35.31,Single Attn-GRU
527800,2026-03-06,2026-03-12,35.25,35.0,35.44,Single Attn-GRU
527800,2026-03-06,2026-03-13,35.38,35.08,35.56,Single Attn-GRU
527800,2026-03-06,2026-03-14,35.5,35.22,35.66,Single Attn-GRU
527800,2026-03-06,2026-03-15,35.54,35.29,35.7,Single Attn-GRU
527800,2026-03-06,2026-03-16,35.65,35.38,35.78,Single Attn-GRU
527800,2026-03-06,2026-03-17,35.72,35.44,35.81,Single Attn-GRU
527800,2026-03-06,2026-03-18,35.76,35.51,35.84,Single Attn-GRU
527800,2026-03-06,2026-03-19,35.79,35.56,35.85,Single Attn-GRU
527800,2026-03-06,2026-03-20,35.81,35.63,35.86,Single Attn-GRU
527800,2026-03-06,2026-03-21,35.84,35.71,35.88,Single Attn-GRU
527800,2026-03-06,2026-03-22,35.85,35.73,35.88,Single Attn-GRU
527800,2026-03-06,2026-03-23,35.86,35.76,35.89,Single Attn-GRU
527800,2026-03-06,2026-03-24,35.87,35.77,35.89,Single Attn-GRU
527800,2026-03-06,2026-03-25,35.88,35.78,35.89,Single Attn-GRU
527800,2026-03-06,2026-03-26,35.89,35.84,35.89,Single Attn-GRU
527800,2026-03-06,2026-03-27,35.89,35.85,35.9,Single Attn-GRU
527800,2026-03-06,2026-03-28,35.89,35.85,35.9,Single Attn-GRU
527800,2026-03-06,2026-03-29,35.89,35.86,35.9,Single Attn-GRU
527800,2026-03-06,2026-03-30,35.89,35.86,35.9,Single Attn-GRU
527800,2026-03-06,2026-03-31,35.89,35.88,35.9,Single Attn-GRU
527800,2026-03-06,2026-04-01,35.89,35.88,35.9,Single Attn-GRU
527800,2026-03-06,2026-04-02,35.9,35.88,35.9,Single Attn-GRU
527800,2026-03-06,2026-04-03,35.9,35.89,35.9,Single Attn-GRU
527800,2026-03-06,2026-04-04,35.9,35.89,35.9,Single Attn-GRU
527800,2026-03-06,2026-04-05,35.9,35.89,35.9,Single Attn-GRU
527802,2026-03-06,2026-03-07,148.54,148.05,148.95,Single Attn-GRU
527802,2026-03-06,2026-03-08,149.43,148.49,150.1,Single Attn-GRU
527802,2026-03-06,2026-03-09,150.44,149.1,151.5,Single Attn-GRU
527802,2026-03-06,2026-03-10,151.21,149.48,152.48,Single Attn-GRU
527802,2026-03-06,2026-03-11,152.2,150.15,153.49,Single Attn-GRU
527802,2026-03-06,2026-03-12,152.93,150.69,154.28,Single Attn-GRU
527802,2026-03-06,2026-03-13,153.81,151.29,155.01,Single Attn-GRU
527802,2026-03-06,2026-03-14,154.73,152.14,156.21,Single Attn-GRU
527802,2026-03-06,2026-03-15,155.13,152.11,156.23,Single Attn-GRU
527802,2026-03-06,2026-03-16,156.0,153.27,157.19,Single Attn-GRU
527802,2026-03-06,2026-03-17,156.64,153.81,157.58,Single Attn-GRU
527802,2026-03-06,2026-03-18,156.98,154.21,157.85,Single Attn-GRU
527802,2026-03-06,2026-03-19,157.29,154.48,157.98,Single Attn-GRU
527802,2026-03-06,2026-03-20,157.48,154.98,158.22,Single Attn-GRU
527802,2026-03-06,2026-03-21,158.01,155.67,158.51,Single Attn-GRU
527802,2026-03-06,2026-03-22,158.04,155.63,158.59,Single Attn-GRU
527802,2026-03-06,2026-03-23,158.29,156.57,158.68,Single Attn-GRU
527802,2026-03-06,2026-03-24,158.3,156.77,158.76,Single Attn-GRU
527802,2026-03-06,2026-03-25,158.43,157.07,158.79,Single Attn-GRU
527802,2026-03-06,2026-03-26,158.68,157.18,158.87,Single Attn-GRU
527802,2026-03-06,2026-03-27,158.75,157.74,158.92,Single Attn-GRU
527802,2026-03-06,2026-03-28,158.76,157.77,158.92,Single Attn-GRU
527802,2026-03-06,2026-03-29,158.84,157.84,158.94,Single Attn-GRU
527802,2026-03-06,2026-03-30,158.85,157.92,158.95,Single Attn-GRU
527802,2026-03-06,2026-03-31,158.87,158.16,158.96,Single Attn-GRU
527802,2026-03-06,2026-04-01,158.9,158.29,158.96,Single Attn-GRU
527802,2026-03-06,2026-04-02,158.91,158.45,158.97,Single Attn-GRU
527802,2026-03-06,2026-04-03,158.94,158.59,158.97,Single Attn-GRU
527802,2026-03-06,2026-04-04,158.93,158.51,158.97,Single Attn-GRU
527802,2026-03-06,2026-04-05,158.96,158.53,158.98,Single Attn-GRU
528107,2026-03-06,2026-03-07,26.44,26.43,26.46,Single Attn-GRU
528107,2026-03-06,2026-03-08,26.43,26.4,26.46,Single Attn-GRU
528107,2026-03-06,2026-03-09,26.42,26.37,26.46,Single Attn-GRU
528107,2026-03-06,2026-03-10,26.41,26.34,26.45,Single Attn-GRU
528107,2026-03-06,2026-03-11,26.4,26.32,26.45,Single Attn-GRU
528107,2026-03-06,2026-03-12,26.4,26.31,26.46,Single Attn-GRU
528107,2026-03-06,2026-03-13,26.4,26.28,26.47,Single Attn-GRU
528107,2026-03-06,2026-03-14,26.38,26.26,26.47,Single Attn-GRU
528107,2026-03-06,2026-03-15,26.38,26.25,26.48,Single Attn-GRU
528107,2026-03-06,2026-03-16,26.38,26.23,26.49,Single Attn-GRU
528107,2026-03-06,2026-03-17,26.38,26.23,26.5,Single Attn-GRU
528107,2026-03-06,2026-03-18,26.39,26.25,26.53,Single Attn-GRU
528107,2026-03-06,2026-03-19,26.43,26.27,26.57,Single Attn-GRU
528107,2026-03-06,2026-03-20,26.42,26.25,26.57,Single Attn-GRU
528107,2026-03-06,2026-03-21,26.41,26.25,26.58,Single Attn-GRU
528107,2026-03-06,2026-03-22,26.39,26.18,26.58,Single Attn-GRU
528107,2026-03-06,2026-03-23,26.44,26.26,26.68,Single Attn-GRU
528107,2026-03-06,2026-03-24,26.37,26.1,26.63,Single Attn-GRU
528107,2026-03-06,2026-03-25,26.47,26.27,26.74,Single Attn-GRU
528107,2026-03-06,2026-03-26,26.37,26.09,26.62,Single Attn-GRU
528107,2026-03-06,2026-03-27,26.38,26.07,26.67,Single Attn-GRU
528107,2026-03-06,2026-03-28,26.35,26.1,26.66,Single Attn-GRU
528107,2026-03-06,2026-03-29,26.46,26.2,26.74,Single Attn-GRU
528107,2026-03-06,2026-03-30,26.45,26.19,26.76,Single Attn-GRU
528107,2026-03-06,2026-03-31,26.35,26.06,26.74,Single Attn-GRU
528107,2026-03-06,2026-04-01,26.34,26.08,26.81,Single Attn-GRU
528107,2026-03-06,2026-04-02,26.34,25.97,26.79,Single Attn-GRU
528107,2026-03-06,2026-04-03,26.43,26.09,26.81,Single Attn-GRU
528107,2026-03-06,2026-04-04,26.42,26.0,26.84,Single Attn-GRU
528107,2026-03-06,2026-04-05,26.5,26.14,26.92,Single Attn-GRU
528108,2026-03-06,2026-03-07,24.93,24.92,24.94,Single Attn-GRU
528108,2026-03-06,2026-03-08,24.88,24.86,24.91,Single Attn-GRU
528108,2026-03-06,2026-03-09,24.85,24.82,24.88,Single Attn-GRU
528108,2026-03-06,2026-03-10,24.81,24.78,24.85,Single Attn-GRU
528108,2026-03-06,2026-03-11,24.78,24.74,24.82,Single Attn-GRU
528108,2026-03-06,2026-03-12,24.72,24.65,24.79,Single Attn-GRU
528108,2026-03-06,2026-03-13,24.69,24.63,24.76,Single Attn-GRU
528108,2026-03-06,2026-03-14,24.64,24.57,24.73,Single Attn-GRU
528108,2026-03-06,2026-03-15,24.58,24.48,24.7,Single Attn-GRU
528108,2026-03-06,2026-03-16,24.56,24.46,24.68,Single Attn-GRU
528108,2026-03-06,2026-03-17,24.52,24.4,24.65,Single Attn-GRU
528108,2026-03-06,2026-03-18,24.48,24.37,24.62,Single Attn-GRU
528108,2026-03-06,2026-03-19,24.43,24.3,24.58,Single Attn-GRU
528108,2026-03-06,2026-03-20,24.33,24.2,24.52,Single Attn-GRU
528108,2026-03-06,2026-03-21,24.32,24.19,24.49,Single Attn-GRU
528108,2026-03-06,2026-03-22,24.22,24.04,24.42,Single Attn-GRU
528108,2026-03-06,2026-03-23,24.14,24.01,24.35,Single Attn-GRU
528108,2026-03-06,2026-03-24,24.06,23.96,24.27,Single Attn-GRU
528108,2026-03-06,2026-03-25,24.03,23.93,24.26,Single Attn-GRU
528108,2026-03-06,2026-03-26,24.0,23.89,24.15,Single Attn-GRU
528108,2026-03-06,2026-03-27,23.97,23.88,24.16,Single Attn-GRU
528108,2026-03-06,2026-03-28,23.92,23.86,24.09,Single Attn-GRU
528108,2026-03-06,2026-03-29,23.94,23.86,24.08,Single Attn-GRU
528108,2026-03-06,2026-03-30,23.93,23.86,24.14,Single Attn-GRU
528108,2026-03-06,2026-03-31,23.9,23.84,24.02,Single Attn-GRU
528108,2026-03-06,2026-04-01,23.89,23.84,24.03,Single Attn-GRU
528108,2026-03-06,2026-04-02,23.88,23.84,24.01,Single Attn-GRU
528108,2026-03-06,2026-04-03,23.87,23.83,23.96,Single Attn-GRU
528108,2026-03-06,2026-04-04,23.86,23.83,23.96,Single Attn-GRU
528108,2026-03-06,2026-04-05,23.87,23.83,23.99,Single Attn-GRU
528109,2026-03-06,2026-03-07,26.17,25.86,26.4,Single Attn-GRU
528109,2026-03-06,2026-03-08,26.39,25.9,26.79,Single Attn-GRU
528109,2026-03-06,2026-03-09,26.76,26.1,27.35,Single Attn-GRU
528109,2026-03-06,2026-03-10,26.98,26.14,27.7,Single Attn-GRU
528109,2026-03-06,2026-03-11,27.31,26.29,28.08,Single Attn-GRU
528109,2026-03-06,2026-03-12,27.59,26.41,28.32,Single Attn-GRU
528109,2026-03-06,2026-03-13,27.88,26.71,28.59,Single Attn-GRU
528109,2026-03-06,2026-03-14,28.17,26.91,28.79,Single Attn-GRU
528109,2026-03-06,2026-03-15,28.38,27.34,28.87,Single Attn-GRU
528109,2026-03-06,2026-03-16,28.63,27.55,29.0,Single Attn-GRU
528109,2026-03-06,2026-03-17,28.74,27.65,29.06,Single Attn-GRU
528109,2026-03-06,2026-03-18,28.89,28.09,29.1,Single Attn-GRU
528109,2026-03-06,2026-03-19,28.93,28.06,29.11,Single Attn-GRU
528109,2026-03-06,2026-03-20,29.01,28.51,29.13,Single Attn-GRU
528109,2026-03-06,2026-03-21,29.08,28.62,29.15,Single Attn-GRU
528109,2026-03-06,2026-03-22,29.09,28.79,29.15,Single Attn-GRU
528109,2026-03-06,2026-03-23,29.12,28.84,29.16,Single Attn-GRU
528109,2026-03-06,2026-03-24,29.14,28.96,29.16,Single Attn-GRU
528109,2026-03-06,2026-03-25,29.14,28.95,29.16,Single Attn-GRU
528109,2026-03-06,2026-03-26,29.15,29.05,29.16,Single Attn-GRU
528109,2026-03-06,2026-03-27,29.16,29.08,29.16,Single Attn-GRU
528109,2026-03-06,2026-03-28,29.16,29.09,29.16,Single Attn-GRU
528109,2026-03-06,2026-03-29,29.16,29.13,29.16,Single Attn-GRU
528109,2026-03-06,2026-03-30,29.16,29.13,29.16,Single Attn-GRU
528109,2026-03-06,2026-03-31,29.16,29.14,29.16,Single Attn-GRU
528109,2026-03-06,2026-04-01,29.16,29.14,29.16,Single Attn-GRU
528109,2026-03-06,2026-04-02,29.16,29.15,29.16,Single Attn-GRU
528109,2026-03-06,2026-04-03,29.16,29.16,29.16,Single Attn-GRU
528109,2026-03-06,2026-04-04,29.16,29.15,29.16,Single Attn-GRU
528109,2026-03-06,2026-04-05,29.16,29.16,29.16,Single Attn-GRU
528110,2026-03-06,2026-03-07,45.17,45.16,45.18,Single Attn-GRU
528110,2026-03-06,2026-03-08,45.15,45.14,45.17,Single Attn-GRU
528110,2026-03-06,2026-03-09,45.13,45.12,45.15,Single Attn-GRU
528110,2026-03-06,2026-03-10,45.11,45.09,45.14,Single Attn-GRU
528110,2026-03-06,2026-03-11,45.09,45.06,45.12,Single Attn-GRU
528110,2026-03-06,2026-03-12,45.06,45.03,45.1,Single Attn-GRU
528110,2026-03-06,2026-03-13,45.04,45.0,45.08,Single Attn-GRU
528110,2026-03-06,2026-03-14,45.01,44.97,45.06,Single Attn-GRU
528110,2026-03-06,2026-03-15,44.98,44.93,45.03,Single Attn-GRU
528110,2026-03-06,2026-03-16,44.96,44.91,45.01,Single Attn-GRU
528110,2026-03-06,2026-03-17,44.93,44.89,44.98,Single Attn-GRU
528110,2026-03-06,2026-03-18,44.9,44.87,44.96,Single Attn-GRU
528110,2026-03-06,2026-03-19,44.87,44.85,44.91,Single Attn-GRU
528110,2026-03-06,2026-03-20,44.85,44.84,44.88,Single Attn-GRU
528110,2026-03-06,2026-03-21,44.84,44.83,44.85,Single Attn-GRU
528110,2026-03-06,2026-03-22,44.83,44.83,44.84,Single Attn-GRU
528110,2026-03-06,2026-03-23,44.83,44.83,44.84,Single Attn-GRU
528110,2026-03-06,2026-03-24,44.83,44.83,44.83,Single Attn-GRU
528110,2026-03-06,2026-03-25,44.83,44.83,44.83,Single Attn-GRU
528110,2026-03-06,2026-03-26,44.83,44.83,44.83,Single Attn-GRU
528110,2026-03-06,2026-03-27,44.83,44.83,44.83,Single Attn-GRU
528110,2026-03-06,2026-03-28,44.83,44.83,44.83,Single Attn-GRU
528110,2026-03-06,2026-03-29,44.83,44.83,44.83,Single Attn-GRU
528110,2026-03-06,2026-03-30,44.83,44.83,44.83,Single Attn-GRU
528110,2026-03-06,2026-03-31,44.83,44.83,44.83,Single Attn-GRU
528110,2026-03-06,2026-04-01,44.83,44.83,44.83,Single Attn-GRU
528110,2026-03-06,2026-04-02,44.83,44.83,44.83,Single Attn-GRU
528110,2026-03-06,2026-04-03,44.83,44.83,44.83,Single Attn-GRU
528110,2026-03-06,2026-04-04,44.83,44.83,44.83,Single Attn-GRU
528110,2026-03-06,2026-04-05,44.83,44.83,44.83,Single Attn-GRU
528111,2026-03-06,2026-03-07,92.56,92.47,92.64,Single Attn-GRU
528111,2026-03-06,2026-03-08,92.47,92.33,92.67,Single Attn-GRU
528111,2026-03-06,2026-03-09,92.48,92.24,92.75,Single Attn-GRU
528111,2026-03-06,2026-03-10,92.44,92.11,92.78,Single Attn-GRU
528111,2026-03-06,2026-03-11,92.48,92.08,92.87,Single Attn-GRU
528111,2026-03-06,2026-03-12,92.44,91.97,92.94,Single Attn-GRU
528111,2026-03-06,2026-03-13,92.41,91.86,92.99,Single Attn-GRU
528111,2026-03-06,2026-03-14,92.49,91.79,93.14,Single Attn-GRU
528111,2026-03-06,2026-03-15,92.48,91.8,93.12,Single Attn-GRU
528111,2026-03-06,2026-03-16,92.52,91.78,93.35,Single Attn-GRU
528111,2026-03-06,2026-03-17,92.62,91.81,93.38,Single Attn-GRU
528111,2026-03-06,2026-03-18,92.68,91.85,93.52,Single Attn-GRU
528111,2026-03-06,2026-03-19,92.8,92.03,93.56,Single Attn-GRU
528111,2026-03-06,2026-03-20,92.64,91.72,93.46,Single Attn-GRU
528111,2026-03-06,2026-03-21,93.19,92.09,94.08,Single Attn-GRU
528111,2026-03-06,2026-03-22,92.99,91.9,93.93,Single Attn-GRU
528111,2026-03-06,2026-03-23,93.23,91.94,94.07,Single Attn-GRU
528111,2026-03-06,2026-03-24,92.98,91.74,94.1,Single Attn-GRU
528111,2026-03-06,2026-03-25,93.31,91.78,94.16,Single Attn-GRU
528111,2026-03-06,2026-03-26,93.42,91.98,94.64,Single Attn-GRU
528111,2026-03-06,2026-03-27,93.5,91.88,94.83,Single Attn-GRU
528111,2026-03-06,2026-03-28,93.77,92.22,95.1,Single Attn-GRU
528111,2026-03-06,2026-03-29,93.71,92.18,95.16,Single Attn-GRU
528111,2026-03-06,2026-03-30,93.63,92.02,94.84,Single Attn-GRU
528111,2026-03-06,2026-03-31,94.02,92.02,95.55,Single Attn-GRU
528111,2026-03-06,2026-04-01,94.11,92.35,95.48,Single Attn-GRU
528111,2026-03-06,2026-04-02,94.26,92.3,95.84,Single Attn-GRU
528111,2026-03-06,2026-04-03,94.5,92.16,96.02,Single Attn-GRU
528111,2026-03-06,2026-04-04,94.29,92.37,96.04,Single Attn-GRU
528111,2026-03-06,2026-04-05,95.02,92.86,96.85,Single Attn-GRU
528112,2026-03-06,2026-03-07,34.65,34.61,34.7,Single Attn-GRU
528112,2026-03-06,2026-03-08,34.74,34.68,34.81,Single Attn-GRU
528112,2026-03-06,2026-03-09,34.86,34.75,34.97,Single Attn-GRU
528112,2026-03-06,2026-03-10,34.95,34.83,35.09,Single Attn-GRU
528112,2026-03-06,2026-03-11,35.06,34.89,35.21,Single Attn-GRU
528112,2026-03-06,2026-03-12,35.15,35.0,35.3,Single Attn-GRU
528112,2026-03-06,2026-03-13,35.24,35.06,35.39,Single Attn-GRU
528112,2026-03-06,2026-03-14,35.32,35.15,35.49,Single Attn-GRU
528112,2026-03-06,2026-03-15,35.4,35.23,35.53,Single Attn-GRU
528112,2026-03-06,2026-03-16,35.47,35.28,35.58,Single Attn-GRU
528112,2026-03-06,2026-03-17,35.54,35.36,35.63,Single Attn-GRU
528112,2026-03-06,2026-03-18,35.58,35.4,35.65,Single Attn-GRU
528112,2026-03-06,2026-03-19,35.59,35.44,35.66,Single Attn-GRU
528112,2026-03-06,2026-03-20,35.62,35.49,35.67,Single Attn-GRU
528112,2026-03-06,2026-03-21,35.65,35.53,35.69,Single Attn-GRU
528112,2026-03-06,2026-03-22,35.66,35.53,35.69,Single Attn-GRU
528112,2026-03-06,2026-03-23,35.66,35.57,35.69,Single Attn-GRU
528112,2026-03-06,2026-03-24,35.67,35.6,35.7,Single Attn-GRU
528112,2026-03-06,2026-03-25,35.68,35.6,35.7,Single Attn-GRU
528112,2026-03-06,2026-03-26,35.69,35.65,35.7,Single Attn-GRU
528112,2026-03-06,2026-03-27,35.69,35.66,35.7,Single Attn-GRU
528112,2026-03-06,2026-03-28,35.69,35.66,35.7,Single Attn-GRU
528112,2026-03-06,2026-03-29,35.7,35.67,35.7,Single Attn-GRU
528112,2026-03-06,2026-03-30,35.7,35.68,35.7,Single Attn-GRU
528112,2026-03-06,2026-03-31,35.7,35.69,35.7,Single Attn-GRU
528112,2026-03-06,2026-04-01,35.7,35.69,35.7,Single Attn-GRU
528112,2026-03-06,2026-04-02,35.7,35.69,35.7,Single Attn-GRU
528112,2026-03-06,2026-04-03,35.7,35.69,35.7,Single Attn-GRU
528112,2026-03-06,2026-04-04,35.7,35.69,35.7,Single Attn-GRU
528112,2026-03-06,2026-04-05,35.7,35.7,35.7,Single Attn-GRU
528113,2026-03-06,2026-03-07,32.45,32.44,32.46,Single Attn-GRU
528113,2026-03-06,2026-03-08,32.4,32.36,32.45,Single Attn-GRU
528113,2026-03-06,2026-03-09,32.39,32.33,32.44,Single Attn-GRU
528113,2026-03-06,2026-03-10,32.37,32.29,32.43,Single Attn-GRU
528113,2026-03-06,2026-03-11,32.36,32.27,32.43,Single Attn-GRU
528113,2026-03-06,2026-03-12,32.34,32.22,32.44,Single Attn-GRU
528113,2026-03-06,2026-03-13,32.32,32.17,32.43,Single Attn-GRU
528113,2026-03-06,2026-03-14,32.31,32.13,32.42,Single Attn-GRU
528113,2026-03-06,2026-03-15,32.3,32.13,32.44,Single Attn-GRU
528113,2026-03-06,2026-03-16,32.31,32.15,32.46,Single Attn-GRU
528113,2026-03-06,2026-03-17,32.32,32.15,32.5,Single Attn-GRU
528113,2026-03-06,2026-03-18,32.33,32.14,32.5,Single Attn-GRU
528113,2026-03-06,2026-03-19,32.36,32.15,32.52,Single Attn-GRU
528113,2026-03-06,2026-03-20,32.26,32.02,32.52,Single Attn-GRU
528113,2026-03-06,2026-03-21,32.34,32.11,32.56,Single Attn-GRU
528113,2026-03-06,2026-03-22,32.34,32.12,32.59,Single Attn-GRU
528113,2026-03-06,2026-03-23,32.37,32.1,32.7,Single Attn-GRU
528113,2026-03-06,2026-03-24,32.37,32.1,32.65,Single Attn-GRU
528113,2026-03-06,2026-03-25,32.36,32.09,32.72,Single Attn-GRU
528113,2026-03-06,2026-03-26,32.45,32.11,32.75,Single Attn-GRU
528113,2026-03-06,2026-03-27,32.46,32.07,32.8,Single Attn-GRU
528113,2026-03-06,2026-03-28,32.4,32.05,32.82,Single Attn-GRU
528113,2026-03-06,2026-03-29,32.43,32.03,32.77,Single Attn-GRU
528113,2026-03-06,2026-03-30,32.38,32.04,32.83,Single Attn-GRU
528113,2026-03-06,2026-03-31,32.48,32.06,32.88,Single Attn-GRU
528113,2026-03-06,2026-04-01,32.51,32.07,32.9,Single Attn-GRU
528113,2026-03-06,2026-04-02,32.6,32.15,32.93,Single Attn-GRU
528113,2026-03-06,2026-04-03,32.55,32.04,32.99,Single Attn-GRU
528113,2026-03-06,2026-04-04,32.63,32.11,33.01,Single Attn-GRU
528113,2026-03-06,2026-04-05,32.72,32.17,33.14,Single Attn-GRU
539156,2026-03-06,2026-03-07,50.54,50.52,50.56,Single Attn-GRU
539156,2026-03-06,2026-03-08,50.45,50.41,50.49,Single Attn-GRU
539156,2026-03-06,2026-03-09,50.35,50.3,50.4,Single Attn-GRU
539156,2026-03-06,2026-03-10,50.27,50.21,50.33,Single Attn-GRU
539156,2026-03-06,2026-03-11,50.16,50.09,50.22,Single Attn-GRU
539156,2026-03-06,2026-03-12,50.03,49.93,50.16,Single Attn-GRU
539156,2026-03-06,2026-03-13,49.97,49.86,50.07,Single Attn-GRU
539156,2026-03-06,2026-03-14,49.81,49.71,49.94,Single Attn-GRU
539156,2026-03-06,2026-03-15,49.69,49.54,49.91,Single Attn-GRU
539156,2026-03-06,2026-03-16,49.58,49.43,49.78,Single Attn-GRU
539156,2026-03-06,2026-03-17,49.46,49.3,49.7,Single Attn-GRU
539156,2026-03-06,2026-03-18,49.37,49.22,49.57,Single Attn-GRU
539156,2026-03-06,2026-03-19,49.24,49.07,49.49,Single Attn-GRU
539156,2026-03-06,2026-03-20,49.11,48.92,49.31,Single Attn-GRU
539156,2026-03-06,2026-03-21,48.96,48.79,49.2,Single Attn-GRU
539156,2026-03-06,2026-03-22,48.8,48.66,49.05,Single Attn-GRU
539156,2026-03-06,2026-03-23,48.69,48.58,48.85,Single Attn-GRU
539156,2026-03-06,2026-03-24,48.61,48.53,48.76,Single Attn-GRU
539156,2026-03-06,2026-03-25,48.58,48.52,48.72,Single Attn-GRU
539156,2026-03-06,2026-03-26,48.56,48.5,48.69,Single Attn-GRU
539156,2026-03-06,2026-03-27,48.53,48.5,48.61,Single Attn-GRU
539156,2026-03-06,2026-03-28,48.51,48.49,48.59,Single Attn-GRU
539156,2026-03-06,2026-03-29,48.51,48.49,48.57,Single Attn-GRU
539156,2026-03-06,2026-03-30,48.5,48.48,48.61,Single Attn-GRU
539156,2026-03-06,2026-03-31,48.5,48.48,48.53,Single Attn-GRU
539156,2026-03-06,2026-04-01,48.49,48.48,48.54,Single Attn-GRU
539156,2026-03-06,2026-04-02,48.49,48.48,48.53,Single Attn-GRU
539156,2026-03-06,2026-04-03,48.49,48.48,48.51,Single Attn-GRU
539156,2026-03-06,2026-04-04,48.49,48.48,48.5,Single Attn-GRU
539156,2026-03-06,2026-04-05,48.49,48.48,48.51,Single Attn-GRU
539157,2026-03-06,2026-03-07,20.33,20.33,20.34,Single Attn-GRU
539157,2026-03-06,2026-03-08,20.33,20.32,20.34,Single Attn-GRU
539157,2026-03-06,2026-03-09,20.33,20.31,20.34,Single Attn-GRU
539157,2026-03-06,2026-03-10,20.33,20.3,20.35,Single Attn-GRU
539157,2026-03-06,2026-03-11,20.32,20.29,20.35,Single Attn-GRU
539157,2026-03-06,2026-03-12,20.33,20.3,20.36,Single Attn-GRU
539157,2026-03-06,2026-03-13,20.33,20.28,20.36,Single Attn-GRU
539157,2026-03-06,2026-03-14,20.33,20.29,20.37,Single Attn-GRU
539157,2026-03-06,2026-03-15,20.34,20.29,20.39,Single Attn-GRU
539157,2026-03-06,2026-03-16,20.34,20.28,20.4,Single Attn-GRU
539157,2026-03-06,2026-03-17,20.34,20.29,20.4,Single Attn-GRU
539157,2026-03-06,2026-03-18,20.36,20.29,20.42,Single Attn-GRU
539157,2026-03-06,2026-03-19,20.39,20.32,20.45,Single Attn-GRU
539157,2026-03-06,2026-03-20,20.4,20.34,20.47,Single Attn-GRU
539157,2026-03-06,2026-03-21,20.41,20.35,20.47,Single Attn-GRU
539157,2026-03-06,2026-03-22,20.44,20.37,20.5,Single Attn-GRU
539157,2026-03-06,2026-03-23,20.45,20.37,20.53,Single Attn-GRU
539157,2026-03-06,2026-03-24,20.47,20.4,20.53,Single Attn-GRU
539157,2026-03-06,2026-03-25,20.49,20.41,20.56,Single Attn-GRU
539157,2026-03-06,2026-03-26,20.47,20.38,20.56,Single Attn-GRU
539157,2026-03-06,2026-03-27,20.47,20.39,20.55,Single Attn-GRU
539157,2026-03-06,2026-03-28,20.51,20.42,20.6,Single Attn-GRU
539157,2026-03-06,2026-03-29,20.53,20.44,20.61,Single Attn-GRU
539157,2026-03-06,2026-03-30,20.51,20.41,20.59,Single Attn-GRU
539157,2026-03-06,2026-03-31,20.51,20.41,20.61,Single Attn-GRU
539157,2026-03-06,2026-04-01,20.53,20.43,20.62,Single Attn-GRU
539157,2026-03-06,2026-04-02,20.55,20.43,20.64,Single Attn-GRU
539157,2026-03-06,2026-04-03,20.56,20.46,20.66,Single Attn-GRU
539157,2026-03-06,2026-04-04,20.59,20.48,20.68,Single Attn-GRU
539157,2026-03-06,2026-04-05,20.6,20.48,20.71,Single Attn-GRU
539158,2026-03-06,2026-03-07,46.17,46.05,46.25,Single Attn-GRU
539158,2026-03-06,2026-03-08,46.31,46.16,46.48,Single Attn-GRU
539158,2026-03-06,2026-03-09,46.49,46.26,46.79,Single Attn-GRU
539158,2026-03-06,2026-03-10,46.63,46.32,47.0,Single Attn-GRU
539158,2026-03-06,2026-03-11,46.88,46.47,47.31,Single Attn-GRU
539158,2026-03-06,2026-03-12,47.09,46.62,47.61,Single Attn-GRU
539158,2026-03-06,2026-03-13,47.27,46.75,47.91,Single Attn-GRU
539158,2026-03-06,2026-03-14,47.54,46.9,48.24,Single Attn-GRU
539158,2026-03-06,2026-03-15,47.72,47.05,48.34,Single Attn-GRU
539158,2026-03-06,2026-03-16,48.02,47.24,48.79,Single Attn-GRU
539158,2026-03-06,2026-03-17,48.25,47.43,49.0,Single Attn-GRU
539158,2026-03-06,2026-03-18,48.45,47.62,49.17,Single Attn-GRU
539158,2026-03-06,2026-03-19,48.63,47.78,49.25,Single Attn-GRU
539158,2026-03-06,2026-03-20,48.75,48.06,49.39,Single Attn-GRU
539158,2026-03-06,2026-03-21,49.21,48.46,49.73,Single Attn-GRU
539158,2026-03-06,2026-03-22,49.16,48.4,49.83,Single Attn-GRU
539158,2026-03-06,2026-03-23,49.48,48.71,49.98,Single Attn-GRU
539158,2026-03-06,2026-03-24,49.52,48.69,49.97,Single Attn-GRU
539158,2026-03-06,2026-03-25,49.55,48.82,50.05,Single Attn-GRU
539158,2026-03-06,2026-03-26,49.89,49.11,50.27,Single Attn-GRU
539158,2026-03-06,2026-03-27,49.98,49.28,50.36,Single Attn-GRU
539158,2026-03-06,2026-03-28,50.02,49.26,50.36,Single Attn-GRU
539158,2026-03-06,2026-03-29,50.16,49.48,50.47,Single Attn-GRU
539158,2026-03-06,2026-03-30,50.13,49.46,50.47,Single Attn-GRU
539158,2026-03-06,2026-03-31,50.26,49.64,50.54,Single Attn-GRU
539158,2026-03-06,2026-04-01,50.29,49.77,50.53,Single Attn-GRU
539158,2026-03-06,2026-04-02,50.33,49.76,50.56,Single Attn-GRU
539158,2026-03-06,2026-04-03,50.42,49.98,50.61,Single Attn-GRU
539158,2026-03-06,2026-04-04,50.43,50.0,50.61,Single Attn-GRU
539158,2026-03-06,2026-04-05,50.49,50.05,50.64,Single Attn-GRU
539159,2026-03-06,2026-03-07,37.39,37.39,37.39,Single Attn-GRU
539159,2026-03-06,2026-03-08,37.38,37.38,37.38,Single Attn-GRU
539159,2026-03-06,2026-03-09,37.37,37.36,37.37,Single Attn-GRU
539159,2026-03-06,2026-03-10,37.36,37.35,37.36,Single Attn-GRU
539159,2026-03-06,2026-03-11,37.35,37.34,37.35,Single Attn-GRU
539159,2026-03-06,2026-03-12,37.33,37.32,37.35,Single Attn-GRU
539159,2026-03-06,2026-03-13,37.33,37.32,37.34,Single Attn-GRU
539159,2026-03-06,2026-03-14,37.31,37.3,37.33,Single Attn-GRU
539159,2026-03-06,2026-03-15,37.3,37.28,37.32,Single Attn-GRU
539159,2026-03-06,2026-03-16,37.29,37.27,37.31,Single Attn-GRU
539159,2026-03-06,2026-03-17,37.28,37.26,37.3,Single Attn-GRU
539159,2026-03-06,2026-03-18,37.27,37.25,37.3,Single Attn-GRU
539159,2026-03-06,2026-03-19,37.26,37.23,37.29,Single Attn-GRU
539159,2026-03-06,2026-03-20,37.24,37.22,37.28,Single Attn-GRU
539159,2026-03-06,2026-03-21,37.23,37.2,37.26,Single Attn-GRU
539159,2026-03-06,2026-03-22,37.21,37.18,37.24,Single Attn-GRU
539159,2026-03-06,2026-03-23,37.19,37.17,37.22,Single Attn-GRU
539159,2026-03-06,2026-03-24,37.17,37.15,37.21,Single Attn-GRU
539159,2026-03-06,2026-03-25,37.17,37.15,37.2,Single Attn-GRU
539159,2026-03-06,2026-03-26,37.16,37.14,37.19,Single Attn-GRU
539159,2026-03-06,2026-03-27,37.15,37.13,37.18,Single Attn-GRU
539159,2026-03-06,2026-03-28,37.14,37.13,37.17,Single Attn-GRU
539159,2026-03-06,2026-03-29,37.14,37.13,37.17,Single Attn-GRU
539159,2026-03-06,2026-03-30,37.14,37.13,37.16,Single Attn-GRU
539159,2026-03-06,2026-03-31,37.13,37.13,37.15,Single Attn-GRU
539159,2026-03-06,2026-04-01,37.13,37.12,37.15,Single Attn-GRU
539159,2026-03-06,2026-04-02,37.13,37.12,37.15,Single Attn-GRU
539159,2026-03-06,2026-04-03,37.13,37.12,37.14,Single Attn-GRU
539159,2026-03-06,2026-04-04,37.13,37.12,37.14,Single Attn-GRU
539159,2026-03-06,2026-04-05,37.13,37.12,37.15,Single Attn-GRU
539162,2026-03-06,2026-03-07,32.08,32.08,32.09,Single Attn-GRU
539162,2026-03-06,2026-03-08,32.07,32.06,32.07,Single Attn-GRU
539162,2026-03-06,2026-03-09,32.05,32.04,32.06,Single Attn-GRU
539162,2026-03-06,2026-03-10,32.03,32.02,32.05,Single Attn-GRU
539162,2026-03-06,2026-03-11,32.02,32.0,32.03,Single Attn-GRU
539162,2026-03-06,2026-03-12,32.0,31.98,32.01,Single Attn-GRU
539162,2026-03-06,2026-03-13,31.98,31.96,32.0,Single Attn-GRU
539162,2026-03-06,2026-03-14,31.95,31.93,31.98,Single Attn-GRU
539162,2026-03-06,2026-03-15,31.93,31.91,31.96,Single Attn-GRU
539162,2026-03-06,2026-03-16,31.91,31.89,31.94,Single Attn-GRU
539162,2026-03-06,2026-03-17,31.89,31.87,31.92,Single Attn-GRU
539162,2026-03-06,2026-03-18,31.87,31.85,31.9,Single Attn-GRU
539162,2026-03-06,2026-03-19,31.84,31.82,31.88,Single Attn-GRU
539162,2026-03-06,2026-03-20,31.82,31.81,31.85,Single Attn-GRU
539162,2026-03-06,2026-03-21,31.8,31.79,31.82,Single Attn-GRU
539162,2026-03-06,2026-03-22,31.79,31.79,31.81,Single Attn-GRU
539162,2026-03-06,2026-03-23,31.79,31.79,31.8,Single Attn-GRU
539162,2026-03-06,2026-03-24,31.79,31.79,31.8,Single Attn-GRU
539162,2026-03-06,2026-03-25,31.79,31.79,31.79,Single Attn-GRU
539162,2026-03-06,2026-03-26,31.79,31.79,31.79,Single Attn-GRU
539162,2026-03-06,2026-03-27,31.79,31.79,31.79,Single Attn-GRU
539162,2026-03-06,2026-03-28,31.79,31.79,31.79,Single Attn-GRU
539162,2026-03-06,2026-03-29,31.79,31.79,31.79,Single Attn-GRU
539162,2026-03-06,2026-03-30,31.79,31.79,31.79,Single Attn-GRU
539162,2026-03-06,2026-03-31,31.79,31.79,31.79,Single Attn-GRU
539162,2026-03-06,2026-04-01,31.79,31.79,31.79,Single Attn-GRU
539162,2026-03-06,2026-04-02,31.79,31.79,31.79,Single Attn-GRU
539162,2026-03-06,2026-04-03,31.79,31.79,31.79,Single Attn-GRU
539162,2026-03-06,2026-04-04,31.79,31.79,31.79,Single Attn-GRU
539162,2026-03-06,2026-04-05,31.79,31.79,31.79,Single Attn-GRU
539163,2026-03-06,2026-03-07,64.71,64.7,64.72,Single Attn-GRU
539163,2026-03-06,2026-03-08,64.67,64.66,64.69,Single Attn-GRU
539163,2026-03-06,2026-03-09,64.63,64.61,64.66,Single Attn-GRU
539163,2026-03-06,2026-03-10,64.6,64.57,64.64,Single Attn-GRU
539163,2026-03-06,2026-03-11,64.57,64.53,64.61,Single Attn-GRU
539163,2026-03-06,2026-03-12,64.54,64.48,64.6,Single Attn-GRU
539163,2026-03-06,2026-03-13,64.51,64.45,64.58,Single Attn-GRU
539163,2026-03-06,2026-03-14,64.48,64.41,64.55,Single Attn-GRU
539163,2026-03-06,2026-03-15,64.46,64.35,64.56,Single Attn-GRU
539163,2026-03-06,2026-03-16,64.43,64.32,64.53,Single Attn-GRU
539163,2026-03-06,2026-03-17,64.41,64.28,64.53,Single Attn-GRU
539163,2026-03-06,2026-03-18,64.42,64.31,64.54,Single Attn-GRU
539163,2026-03-06,2026-03-19,64.45,64.31,64.58,Single Attn-GRU
539163,2026-03-06,2026-03-20,64.42,64.26,64.55,Single Attn-GRU
539163,2026-03-06,2026-03-21,64.44,64.3,64.62,Single Attn-GRU
539163,2026-03-06,2026-03-22,64.45,64.21,64.67,Single Attn-GRU
539163,2026-03-06,2026-03-23,64.36,64.13,64.6,Single Attn-GRU
539163,2026-03-06,2026-03-24,64.3,64.0,64.54,Single Attn-GRU
539163,2026-03-06,2026-03-25,64.36,64.1,64.61,Single Attn-GRU
539163,2026-03-06,2026-03-26,64.23,63.97,64.52,Single Attn-GRU
539163,2026-03-06,2026-03-27,64.25,63.87,64.53,Single Attn-GRU
539163,2026-03-06,2026-03-28,64.21,63.94,64.61,Single Attn-GRU
539163,2026-03-06,2026-03-29,64.21,63.91,64.6,Single Attn-GRU
539163,2026-03-06,2026-03-30,64.27,63.9,64.67,Single Attn-GRU
539163,2026-03-06,2026-03-31,64.1,63.74,64.42,Single Attn-GRU
539163,2026-03-06,2026-04-01,64.15,63.78,64.47,Single Attn-GRU
539163,2026-03-06,2026-04-02,64.08,63.68,64.53,Single Attn-GRU
539163,2026-03-06,2026-04-03,64.0,63.68,64.53,Single Attn-GRU
539163,2026-03-06,2026-04-04,64.03,63.65,64.45,Single Attn-GRU
539163,2026-03-06,2026-04-05,64.0,63.69,64.43,Single Attn-GRU
539164,2026-03-06,2026-03-07,63.87,63.84,63.9,Single Attn-GRU
539164,2026-03-06,2026-03-08,63.78,63.73,63.84,Single Attn-GRU
539164,2026-03-06,2026-03-09,63.68,63.6,63.78,Single Attn-GRU
539164,2026-03-06,2026-03-10,63.6,63.48,63.72,Single Attn-GRU
539164,2026-03-06,2026-03-11,63.53,63.39,63.68,Single Attn-GRU
539164,2026-03-06,2026-03-12,63.48,63.28,63.67,Single Attn-GRU
539164,2026-03-06,2026-03-13,63.41,63.24,63.67,Single Attn-GRU
539164,2026-03-06,2026-03-14,63.35,63.11,63.61,Single Attn-GRU
539164,2026-03-06,2026-03-15,63.33,63.03,63.64,Single Attn-GRU
539164,2026-03-06,2026-03-16,63.26,62.9,63.61,Single Attn-GRU
539164,2026-03-06,2026-03-17,63.23,62.86,63.61,Single Attn-GRU
539164,2026-03-06,2026-03-18,63.33,62.91,63.78,Single Attn-GRU
539164,2026-03-06,2026-03-19,63.42,63.02,63.94,Single Attn-GRU
539164,2026-03-06,2026-03-20,63.35,62.93,63.82,Single Attn-GRU
539164,2026-03-06,2026-03-21,63.55,63.16,63.92,Single Attn-GRU
539164,2026-03-06,2026-03-22,63.59,63.0,64.12,Single Attn-GRU
539164,2026-03-06,2026-03-23,63.47,62.93,64.12,Single Attn-GRU
539164,2026-03-06,2026-03-24,63.23,62.59,64.0,Single Attn-GRU
539164,2026-03-06,2026-03-25,63.57,62.83,64.28,Single Attn-GRU
539164,2026-03-06,2026-03-26,63.2,62.42,64.11,Single Attn-GRU
539164,2026-03-06,2026-03-27,63.24,62.32,64.27,Single Attn-GRU
539164,2026-03-06,2026-03-28,63.24,62.38,64.11,Single Attn-GRU
539164,2026-03-06,2026-03-29,63.35,62.34,64.33,Single Attn-GRU
539164,2026-03-06,2026-03-30,63.39,62.37,64.2,Single Attn-GRU
539164,2026-03-06,2026-03-31,62.94,62.06,63.97,Single Attn-GRU
539164,2026-03-06,2026-04-01,63.19,62.08,64.39,Single Attn-GRU
539164,2026-03-06,2026-04-02,62.96,61.82,64.46,Single Attn-GRU
539164,2026-03-06,2026-04-03,63.11,61.66,64.13,Single Attn-GRU
539164,2026-03-06,2026-04-04,63.09,61.75,64.61,Single Attn-GRU
539164,2026-03-06,2026-04-05,62.97,61.57,64.37,Single Attn-GRU
539165,2026-03-06,2026-03-07,15.24,15.21,15.27,Single Attn-GRU
539165,2026-03-06,2026-03-08,15.3,15.25,15.35,Single Attn-GRU
539165,2026-03-06,2026-03-09,15.38,15.3,15.44,Single Attn-GRU
539165,2026-03-06,2026-03-10,15.43,15.32,15.51,Single Attn-GRU
539165,2026-03-06,2026-03-11,15.5,15.38,15.62,Single Attn-GRU
539165,2026-03-06,2026-03-12,15.56,15.42,15.68,Single Attn-GRU
539165,2026-03-06,2026-03-13,15.63,15.46,15.77,Single Attn-GRU
539165,2026-03-06,2026-03-14,15.71,15.52,15.85,Single Attn-GRU
539165,2026-03-06,2026-03-15,15.73,15.55,15.9,Single Attn-GRU
539165,2026-03-06,2026-03-16,15.82,15.61,15.96,Single Attn-GRU
539165,2026-03-06,2026-03-17,15.87,15.68,16.0,Single Attn-GRU
539165,2026-03-06,2026-03-18,15.92,15.75,16.04,Single Attn-GRU
539165,2026-03-06,2026-03-19,15.95,15.75,16.05,Single Attn-GRU
539165,2026-03-06,2026-03-20,15.98,15.81,16.08,Single Attn-GRU
539165,2026-03-06,2026-03-21,16.02,15.87,16.11,Single Attn-GRU
539165,2026-03-06,2026-03-22,16.03,15.87,16.12,Single Attn-GRU
539165,2026-03-06,2026-03-23,16.07,15.94,16.13,Single Attn-GRU
539165,2026-03-06,2026-03-24,16.08,15.95,16.14,Single Attn-GRU
539165,2026-03-06,2026-03-25,16.09,15.94,16.14,Single Attn-GRU
539165,2026-03-06,2026-03-26,16.11,15.98,16.16,Single Attn-GRU
539165,2026-03-06,2026-03-27,16.13,16.04,16.16,Single Attn-GRU
539165,2026-03-06,2026-03-28,16.13,16.04,16.16,Single Attn-GRU
539165,2026-03-06,2026-03-29,16.14,16.06,16.16,Single Attn-GRU
539165,2026-03-06,2026-03-30,16.14,16.05,16.16,Single Attn-GRU
539165,2026-03-06,2026-03-31,16.15,16.07,16.16,Single Attn-GRU
539165,2026-03-06,2026-04-01,16.15,16.08,16.16,Single Attn-GRU
539165,2026-03-06,2026-04-02,16.15,16.08,16.17,Single Attn-GRU
539165,2026-03-06,2026-04-03,16.16,16.11,16.17,Single Attn-GRU
539165,2026-03-06,2026-04-04,16.16,16.12,16.17,Single Attn-GRU
539165,2026-03-06,2026-04-05,16.16,16.12,16.17,Single Attn-GRU
539166,2026-03-06,2026-03-07,25.07,25.04,25.09,Single Attn-GRU
539166,2026-03-06,2026-03-08,25.01,24.97,25.04,Single Attn-GRU
539166,2026-03-06,2026-03-09,24.93,24.88,24.98,Single Attn-GRU
539166,2026-03-06,2026-03-10,24.87,24.81,24.93,Single Attn-GRU
539166,2026-03-06,2026-03-11,24.79,24.71,24.85,Single Attn-GRU
539166,2026-03-06,2026-03-12,24.69,24.6,24.79,Single Attn-GRU
539166,2026-03-06,2026-03-13,24.63,24.52,24.72,Single Attn-GRU
539166,2026-03-06,2026-03-14,24.53,24.42,24.64,Single Attn-GRU
539166,2026-03-06,2026-03-15,24.43,24.32,24.55,Single Attn-GRU
539166,2026-03-06,2026-03-16,24.36,24.25,24.48,Single Attn-GRU
539166,2026-03-06,2026-03-17,24.28,24.17,24.4,Single Attn-GRU
539166,2026-03-06,2026-03-18,24.2,24.1,24.31,Single Attn-GRU
539166,2026-03-06,2026-03-19,24.11,24.05,24.2,Single Attn-GRU
539166,2026-03-06,2026-03-20,24.05,24.01,24.1,Single Attn-GRU
539166,2026-03-06,2026-03-21,24.0,23.99,24.04,Single Attn-GRU
539166,2026-03-06,2026-03-22,23.99,23.99,24.0,Single Attn-GRU
539166,2026-03-06,2026-03-23,23.99,23.99,24.0,Single Attn-GRU
539166,2026-03-06,2026-03-24,23.99,23.99,23.99,Single Attn-GRU
539166,2026-03-06,2026-03-25,23.99,23.99,23.99,Single Attn-GRU
539166,2026-03-06,2026-03-26,23.99,23.99,23.99,Single Attn-GRU
539166,2026-03-06,2026-03-27,23.99,23.99,23.99,Single Attn-GRU
539166,2026-03-06,2026-03-28,23.99,23.99,23.99,Single Attn-GRU
539166,2026-03-06,2026-03-29,23.99,23.99,23.99,Single Attn-GRU
539166,2026-03-06,2026-03-30,23.99,23.99,23.99,Single Attn-GRU
539166,2026-03-06,2026-03-31,23.99,23.99,23.99,Single Attn-GRU
539166,2026-03-06,2026-04-01,23.99,23.99,23.99,Single Attn-GRU
539166,2026-03-06,2026-04-02,23.99,23.99,23.99,Single Attn-GRU
539166,2026-03-06,2026-04-03,23.99,23.99,23.99,Single Attn-GRU
539166,2026-03-06,2026-04-04,23.99,23.99,23.99,Single Attn-GRU
539166,2026-03-06,2026-04-05,23.99,23.99,23.99,Single Attn-GRU
539167,2026-03-06,2026-03-07,17.1,17.04,17.17,Single Attn-GRU
539167,2026-03-06,2026-03-08,17.19,17.07,17.29,Single Attn-GRU
539167,2026-03-06,2026-03-09,17.31,17.16,17.44,Single Attn-GRU
539167,2026-03-06,2026-03-10,17.38,17.2,17.55,Single Attn-GRU
539167,2026-03-06,2026-03-11,17.49,17.26,17.68,Single Attn-GRU
539167,2026-03-06,2026-03-12,17.58,17.33,17.76,Single Attn-GRU
539167,2026-03-06,2026-03-13,17.68,17.41,17.84,Single Attn-GRU
539167,2026-03-06,2026-03-14,17.76,17.47,17.92,Single Attn-GRU
539167,2026-03-06,2026-03-15,17.82,17.56,17.94,Single Attn-GRU
539167,2026-03-06,2026-03-16,17.89,17.67,17.98,Single Attn-GRU
539167,2026-03-06,2026-03-17,17.92,17.7,18.0,Single Attn-GRU
539167,2026-03-06,2026-03-18,17.96,17.78,18.02,Single Attn-GRU
539167,2026-03-06,2026-03-19,17.97,17.78,18.02,Single Attn-GRU
539167,2026-03-06,2026-03-20,18.0,17.89,18.03,Single Attn-GRU
539167,2026-03-06,2026-03-21,18.01,17.91,18.03,Single Attn-GRU
539167,2026-03-06,2026-03-22,18.02,17.94,18.03,Single Attn-GRU
539167,2026-03-06,2026-03-23,18.03,17.98,18.03,Single Attn-GRU
539167,2026-03-06,2026-03-24,18.03,18.0,18.04,Single Attn-GRU
539167,2026-03-06,2026-03-25,18.03,17.99,18.04,Single Attn-GRU
539167,2026-03-06,2026-03-26,18.04,18.02,18.04,Single Attn-GRU
539167,2026-03-06,2026-03-27,18.04,18.02,18.04,Single Attn-GRU
539167,2026-03-06,2026-03-28,18.04,18.03,18.04,Single Attn-GRU
539167,2026-03-06,2026-03-29,18.04,18.03,18.04,Single Attn-GRU
539167,2026-03-06,2026-03-30,18.04,18.03,18.04,Single Attn-GRU
539167,2026-03-06,2026-03-31,18.04,18.03,18.04,Single Attn-GRU
539167,2026-03-06,2026-04-01,18.04,18.03,18.04,Single Attn-GRU
539167,2026-03-06,2026-04-02,18.04,18.03,18.04,Single Attn-GRU
539167,2026-03-06,2026-04-03,18.04,18.04,18.04,Single Attn-GRU
539167,2026-03-06,2026-04-04,18.04,18.04,18.04,Single Attn-GRU
539167,2026-03-06,2026-04-05,18.04,18.04,18.04,Single Attn-GRU
539168,2026-03-06,2026-03-07,45.6,45.59,45.61,Single Attn-GRU
539168,2026-03-06,2026-03-08,45.59,45.57,45.61,Single Attn-GRU
539168,2026-03-06,2026-03-09,45.58,45.56,45.61,Single Attn-GRU
539168,2026-03-06,2026-03-10,45.57,45.54,45.62,Single Attn-GRU
539168,2026-03-06,2026-03-11,45.57,45.52,45.62,Single Attn-GRU
539168,2026-03-06,2026-03-12,45.57,45.52,45.63,Single Attn-GRU
539168,2026-03-06,2026-03-13,45.56,45.5,45.63,Single Attn-GRU
539168,2026-03-06,2026-03-14,45.56,45.49,45.66,Single Attn-GRU
539168,2026-03-06,2026-03-15,45.58,45.51,45.67,Single Attn-GRU
539168,2026-03-06,2026-03-16,45.58,45.49,45.69,Single Attn-GRU
539168,2026-03-06,2026-03-17,45.59,45.5,45.71,Single Attn-GRU
539168,2026-03-06,2026-03-18,45.59,45.49,45.71,Single Attn-GRU
539168,2026-03-06,2026-03-19,45.62,45.52,45.72,Single Attn-GRU
539168,2026-03-06,2026-03-20,45.62,45.51,45.73,Single Attn-GRU
539168,2026-03-06,2026-03-21,45.67,45.53,45.8,Single Attn-GRU
539168,2026-03-06,2026-03-22,45.69,45.57,45.82,Single Attn-GRU
539168,2026-03-06,2026-03-23,45.69,45.57,45.85,Single Attn-GRU
539168,2026-03-06,2026-03-24,45.71,45.58,45.86,Single Attn-GRU
539168,2026-03-06,2026-03-25,45.69,45.56,45.83,Single Attn-GRU
539168,2026-03-06,2026-03-26,45.76,45.63,45.93,Single Attn-GRU
539168,2026-03-06,2026-03-27,45.73,45.55,45.9,Single Attn-GRU
539168,2026-03-06,2026-03-28,45.81,45.66,46.0,Single Attn-GRU
539168,2026-03-06,2026-03-29,45.78,45.61,45.98,Single Attn-GRU
539168,2026-03-06,2026-03-30,45.77,45.57,45.94,Single Attn-GRU
539168,2026-03-06,2026-03-31,45.78,45.56,45.98,Single Attn-GRU
539168,2026-03-06,2026-04-01,45.83,45.64,45.99,Single Attn-GRU
539168,2026-03-06,2026-04-02,45.83,45.62,45.99,Single Attn-GRU
539168,2026-03-06,2026-04-03,45.85,45.63,46.04,Single Attn-GRU
539168,2026-03-06,2026-04-04,45.86,45.65,46.03,Single Attn-GRU
539168,2026-03-06,2026-04-05,45.9,45.69,46.09,Single Attn-GRU
539169,2026-03-06,2026-03-07,14.33,14.3,14.35,Single Attn-GRU
539169,2026-03-06,2026-03-08,14.38,14.32,14.43,Single Attn-GRU
539169,2026-03-06,2026-03-09,14.43,14.36,14.51,Single Attn-GRU
539169,2026-03-06,2026-03-10,14.48,14.37,14.58,Single Attn-GRU
539169,2026-03-06,2026-03-11,14.54,14.42,14.66,Single Attn-GRU
539169,2026-03-06,2026-03-12,14.6,14.46,14.72,Single Attn-GRU
539169,2026-03-06,2026-03-13,14.64,14.49,14.79,Single Attn-GRU
539169,2026-03-06,2026-03-14,14.71,14.53,14.87,Single Attn-GRU
539169,2026-03-06,2026-03-15,14.75,14.58,14.9,Single Attn-GRU
539169,2026-03-06,2026-03-16,14.81,14.62,14.97,Single Attn-GRU
539169,2026-03-06,2026-03-17,14.88,14.65,15.02,Single Attn-GRU
539169,2026-03-06,2026-03-18,14.92,14.72,15.06,Single Attn-GRU
539169,2026-03-06,2026-03-19,14.94,14.72,15.07,Single Attn-GRU
539169,2026-03-06,2026-03-20,14.97,14.78,15.09,Single Attn-GRU
539169,2026-03-06,2026-03-21,15.03,14.86,15.13,Single Attn-GRU
539169,2026-03-06,2026-03-22,15.03,14.83,15.12,Single Attn-GRU
539169,2026-03-06,2026-03-23,15.05,14.89,15.13,Single Attn-GRU
539169,2026-03-06,2026-03-24,15.08,14.9,15.15,Single Attn-GRU
539169,2026-03-06,2026-03-25,15.08,14.91,15.15,Single Attn-GRU
539169,2026-03-06,2026-03-26,15.12,14.98,15.16,Single Attn-GRU
539169,2026-03-06,2026-03-27,15.14,14.99,15.17,Single Attn-GRU
539169,2026-03-06,2026-03-28,15.14,15.02,15.17,Single Attn-GRU
539169,2026-03-06,2026-03-29,15.15,15.03,15.17,Single Attn-GRU
539169,2026-03-06,2026-03-30,15.15,15.04,15.17,Single Attn-GRU
539169,2026-03-06,2026-03-31,15.16,15.07,15.17,Single Attn-GRU
539169,2026-03-06,2026-04-01,15.16,15.06,15.17,Single Attn-GRU
539169,2026-03-06,2026-04-02,15.16,15.07,15.17,Single Attn-GRU
539169,2026-03-06,2026-04-03,15.17,15.09,15.18,Single Attn-GRU
539169,2026-03-06,2026-04-04,15.17,15.09,15.18,Single Attn-GRU
539169,2026-03-06,2026-04-05,15.17,15.11,15.18,Single Attn-GRU
539171,2026-03-06,2026-03-07,62.52,62.45,62.57,Single Attn-GRU
539171,2026-03-06,2026-03-08,62.32,62.16,62.46,Single Attn-GRU
539171,2026-03-06,2026-03-09,62.16,61.93,62.35,Single Attn-GRU
539171,2026-03-06,2026-03-10,61.99,61.69,62.24,Single Attn-GRU
539171,2026-03-06,2026-03-11,61.83,61.5,62.14,Single Attn-GRU
539171,2026-03-06,2026-03-12,61.78,61.41,62.14,Single Attn-GRU
539171,2026-03-06,2026-03-13,61.57,61.08,62.03,Single Attn-GRU
539171,2026-03-06,2026-03-14,61.42,60.92,61.94,Single Attn-GRU
539171,2026-03-06,2026-03-15,61.47,60.89,61.97,Single Attn-GRU
539171,2026-03-06,2026-03-16,61.34,60.67,61.98,Single Attn-GRU
539171,2026-03-06,2026-03-17,61.39,60.75,61.98,Single Attn-GRU
539171,2026-03-06,2026-03-18,61.34,60.71,62.09,Single Attn-GRU
539171,2026-03-06,2026-03-19,61.57,60.88,62.27,Single Attn-GRU
539171,2026-03-06,2026-03-20,61.33,60.52,62.21,Single Attn-GRU
539171,2026-03-06,2026-03-21,61.55,60.7,62.44,Single Attn-GRU
539171,2026-03-06,2026-03-22,61.7,60.77,62.64,Single Attn-GRU
539171,2026-03-06,2026-03-23,61.47,60.56,62.42,Single Attn-GRU
539171,2026-03-06,2026-03-24,61.69,60.58,62.86,Single Attn-GRU
539171,2026-03-06,2026-03-25,61.59,60.5,62.78,Single Attn-GRU
539171,2026-03-06,2026-03-26,62.04,60.98,63.05,Single Attn-GRU
539171,2026-03-06,2026-03-27,61.61,60.26,62.98,Single Attn-GRU
539171,2026-03-06,2026-03-28,61.84,60.56,63.07,Single Attn-GRU
539171,2026-03-06,2026-03-29,61.83,60.47,63.19,Single Attn-GRU
539171,2026-03-06,2026-03-30,61.67,60.04,63.02,Single Attn-GRU
539171,2026-03-06,2026-03-31,61.72,60.15,63.44,Single Attn-GRU
539171,2026-03-06,2026-04-01,61.91,60.7,63.12,Single Attn-GRU
539171,2026-03-06,2026-04-02,62.04,60.72,63.88,Single Attn-GRU
539171,2026-03-06,2026-04-03,62.16,60.64,64.0,Single Attn-GRU
539171,2026-03-06,2026-04-04,61.92,60.53,63.55,Single Attn-GRU
539171,2026-03-06,2026-04-05,62.25,60.59,64.12,Single Attn-GRU
539173,2026-03-06,2026-03-07,56.35,56.15,56.6,Single Attn-GRU
539173,2026-03-06,2026-03-08,56.56,56.3,57.0,Single Attn-GRU
539173,2026-03-06,2026-03-09,56.93,56.43,57.63,Single Attn-GRU
539173,2026-03-06,2026-03-10,57.14,56.62,58.08,Single Attn-GRU
539173,2026-03-06,2026-03-11,57.58,56.75,58.69,Single Attn-GRU
539173,2026-03-06,2026-03-12,57.98,57.07,59.09,Single Attn-GRU
539173,2026-03-06,2026-03-13,58.36,57.23,59.63,Single Attn-GRU
539173,2026-03-06,2026-03-14,58.75,57.56,60.14,Single Attn-GRU
539173,2026-03-06,2026-03-15,59.18,57.97,60.55,Single Attn-GRU
539173,2026-03-06,2026-03-16,59.65,58.28,60.9,Single Attn-GRU
539173,2026-03-06,2026-03-17,60.05,58.72,61.38,Single Attn-GRU
539173,2026-03-06,2026-03-18,60.46,58.93,61.63,Single Attn-GRU
539173,2026-03-06,2026-03-19,60.61,59.22,61.69,Single Attn-GRU
539173,2026-03-06,2026-03-20,60.95,59.7,61.86,Single Attn-GRU
539173,2026-03-06,2026-03-21,61.34,60.16,62.11,Single Attn-GRU
539173,2026-03-06,2026-03-22,61.47,60.37,62.17,Single Attn-GRU
539173,2026-03-06,2026-03-23,61.7,60.63,62.2,Single Attn-GRU
539173,2026-03-06,2026-03-24,61.91,61.09,62.31,Single Attn-GRU
539173,2026-03-06,2026-03-25,61.79,60.98,62.29,Single Attn-GRU
539173,2026-03-06,2026-03-26,62.18,61.5,62.4,Single Attn-GRU
539173,2026-03-06,2026-03-27,62.19,61.58,62.42,Single Attn-GRU
539173,2026-03-06,2026-03-28,62.26,61.64,62.43,Single Attn-GRU
539173,2026-03-06,2026-03-29,62.33,61.77,62.46,Single Attn-GRU
539173,2026-03-06,2026-03-30,62.33,61.92,62.46,Single Attn-GRU
539173,2026-03-06,2026-03-31,62.37,62.0,62.47,Single Attn-GRU
539173,2026-03-06,2026-04-01,62.37,62.02,62.46,Single Attn-GRU
539173,2026-03-06,2026-04-02,62.4,62.08,62.47,Single Attn-GRU
539173,2026-03-06,2026-04-03,62.44,62.23,62.48,Single Attn-GRU
539173,2026-03-06,2026-04-04,62.43,62.16,62.48,Single Attn-GRU
539173,2026-03-06,2026-04-05,62.45,62.29,62.48,Single Attn-GRU
539273,2026-03-06,2026-03-07,32.24,32.15,32.34,Single Attn-GRU
539273,2026-03-06,2026-03-08,32.48,32.29,32.61,Single Attn-GRU
539273,2026-03-06,2026-03-09,32.76,32.45,33.01,Single Attn-GRU
539273,2026-03-06,2026-03-10,32.95,32.61,33.29,Single Attn-GRU
539273,2026-03-06,2026-03-11,33.24,32.87,33.68,Single Attn-GRU
539273,2026-03-06,2026-03-12,33.46,33.14,33.92,Single Attn-GRU
539273,2026-03-06,2026-03-13,33.73,33.31,34.22,Single Attn-GRU
539273,2026-03-06,2026-03-14,34.02,33.57,34.55,Single Attn-GRU
539273,2026-03-06,2026-03-15,34.17,33.76,34.68,Single Attn-GRU
539273,2026-03-06,2026-03-16,34.5,34.04,34.99,Single Attn-GRU
539273,2026-03-06,2026-03-17,34.68,34.28,35.16,Single Attn-GRU
539273,2026-03-06,2026-03-18,34.86,34.48,35.29,Single Attn-GRU
539273,2026-03-06,2026-03-19,34.95,34.54,35.39,Single Attn-GRU
539273,2026-03-06,2026-03-20,35.06,34.66,35.48,Single Attn-GRU
539273,2026-03-06,2026-03-21,35.32,34.96,35.59,Single Attn-GRU
539273,2026-03-06,2026-03-22,35.29,34.95,35.59,Single Attn-GRU
539273,2026-03-06,2026-03-23,35.46,35.11,35.66,Single Attn-GRU
539273,2026-03-06,2026-03-24,35.5,35.1,35.69,Single Attn-GRU
539273,2026-03-06,2026-03-25,35.52,35.16,35.7,Single Attn-GRU
539273,2026-03-06,2026-03-26,35.64,35.4,35.77,Single Attn-GRU
539273,2026-03-06,2026-03-27,35.68,35.42,35.77,Single Attn-GRU
539273,2026-03-06,2026-03-28,35.69,35.45,35.78,Single Attn-GRU
539273,2026-03-06,2026-03-29,35.74,35.56,35.79,Single Attn-GRU
539273,2026-03-06,2026-03-30,35.74,35.61,35.8,Single Attn-GRU
539273,2026-03-06,2026-03-31,35.75,35.63,35.8,Single Attn-GRU
539273,2026-03-06,2026-04-01,35.76,35.63,35.81,Single Attn-GRU
539273,2026-03-06,2026-04-02,35.78,35.67,35.81,Single Attn-GRU
539273,2026-03-06,2026-04-03,35.79,35.71,35.82,Single Attn-GRU
539273,2026-03-06,2026-04-04,35.79,35.7,35.81,Single Attn-GRU
539273,2026-03-06,2026-04-05,35.8,35.74,35.82,Single Attn-GRU
539274,2026-03-06,2026-03-07,31.61,31.57,31.65,Single Attn-GRU
539274,2026-03-06,2026-03-08,31.65,31.59,31.73,Single Attn-GRU
539274,2026-03-06,2026-03-09,31.74,31.64,31.85,Single Attn-GRU
539274,2026-03-06,2026-03-10,31.79,31.66,31.92,Single Attn-GRU
539274,2026-03-06,2026-03-11,31.86,31.71,32.03,Single Attn-GRU
539274,2026-03-06,2026-03-12,31.94,31.74,32.12,Single Attn-GRU
539274,2026-03-06,2026-03-13,32.01,31.76,32.18,Single Attn-GRU
539274,2026-03-06,2026-03-14,32.08,31.82,32.25,Single Attn-GRU
539274,2026-03-06,2026-03-15,32.14,31.91,32.28,Single Attn-GRU
539274,2026-03-06,2026-03-16,32.21,31.93,32.33,Single Attn-GRU
539274,2026-03-06,2026-03-17,32.25,32.0,32.36,Single Attn-GRU
539274,2026-03-06,2026-03-18,32.31,32.12,32.38,Single Attn-GRU
539274,2026-03-06,2026-03-19,32.32,32.11,32.39,Single Attn-GRU
539274,2026-03-06,2026-03-20,32.35,32.22,32.4,Single Attn-GRU
539274,2026-03-06,2026-03-21,32.37,32.21,32.41,Single Attn-GRU
539274,2026-03-06,2026-03-22,32.39,32.29,32.42,Single Attn-GRU
539274,2026-03-06,2026-03-23,32.4,32.31,32.43,Single Attn-GRU
539274,2026-03-06,2026-03-24,32.41,32.34,32.43,Single Attn-GRU
539274,2026-03-06,2026-03-25,32.41,32.33,32.43,Single Attn-GRU
539274,2026-03-06,2026-03-26,32.42,32.38,32.43,Single Attn-GRU
539274,2026-03-06,2026-03-27,32.42,32.39,32.43,Single Attn-GRU
539274,2026-03-06,2026-03-28,32.42,32.39,32.43,Single Attn-GRU
539274,2026-03-06,2026-03-29,32.43,32.41,32.43,Single Attn-GRU
539274,2026-03-06,2026-03-30,32.43,32.41,32.43,Single Attn-GRU
539274,2026-03-06,2026-03-31,32.43,32.42,32.43,Single Attn-GRU
539274,2026-03-06,2026-04-01,32.43,32.42,32.43,Single Attn-GRU
539274,2026-03-06,2026-04-02,32.43,32.42,32.43,Single Attn-GRU
539274,2026-03-06,2026-04-03,32.43,32.42,32.43,Single Attn-GRU
539274,2026-03-06,2026-04-04,32.43,32.43,32.43,Single Attn-GRU
539274,2026-03-06,2026-04-05,32.43,32.43,32.43,Single Attn-GRU
539275,2026-03-06,2026-03-07,20.93,20.93,20.94,Single Attn-GRU
539275,2026-03-06,2026-03-08,20.91,20.89,20.92,Single Attn-GRU
539275,2026-03-06,2026-03-09,20.87,20.86,20.89,Single Attn-GRU
539275,2026-03-06,2026-03-10,20.84,20.82,20.86,Single Attn-GRU
539275,2026-03-06,2026-03-11,20.81,20.79,20.84,Single Attn-GRU
539275,2026-03-06,2026-03-12,20.8,20.77,20.83,Single Attn-GRU
539275,2026-03-06,2026-03-13,20.77,20.73,20.81,Single Attn-GRU
539275,2026-03-06,2026-03-14,20.75,20.7,20.79,Single Attn-GRU
539275,2026-03-06,2026-03-15,20.75,20.7,20.8,Single Attn-GRU
539275,2026-03-06,2026-03-16,20.71,20.66,20.76,Single Attn-GRU
539275,2026-03-06,2026-03-17,20.71,20.66,20.76,Single Attn-GRU
539275,2026-03-06,2026-03-18,20.69,20.63,20.76,Single Attn-GRU
539275,2026-03-06,2026-03-19,20.72,20.65,20.79,Single Attn-GRU
539275,2026-03-06,2026-03-20,20.71,20.62,20.81,Single Attn-GRU
539275,2026-03-06,2026-03-21,20.69,20.61,20.79,Single Attn-GRU
539275,2026-03-06,2026-03-22,20.7,20.58,20.8,Single Attn-GRU
539275,2026-03-06,2026-03-23,20.67,20.57,20.77,Single Attn-GRU
539275,2026-03-06,2026-03-24,20.68,20.54,20.79,Single Attn-GRU
539275,2026-03-06,2026-03-25,20.67,20.52,20.79,Single Attn-GRU
539275,2026-03-06,2026-03-26,20.69,20.57,20.82,Single Attn-GRU
539275,2026-03-06,2026-03-27,20.65,20.48,20.77,Single Attn-GRU
539275,2026-03-06,2026-03-28,20.67,20.49,20.81,Single Attn-GRU
539275,2026-03-06,2026-03-29,20.64,20.52,20.79,Single Attn-GRU
539275,2026-03-06,2026-03-30,20.59,20.42,20.75,Single Attn-GRU
539275,2026-03-06,2026-03-31,20.58,20.38,20.72,Single Attn-GRU
539275,2026-03-06,2026-04-01,20.61,20.42,20.77,Single Attn-GRU
539275,2026-03-06,2026-04-02,20.61,20.44,20.78,Single Attn-GRU
539275,2026-03-06,2026-04-03,20.6,20.45,20.75,Single Attn-GRU
539275,2026-03-06,2026-04-04,20.57,20.41,20.8,Single Attn-GRU
539275,2026-03-06,2026-04-05,20.57,20.41,20.75,Single Attn-GRU
539276,2026-03-06,2026-03-07,53.01,52.99,53.03,Single Attn-GRU
539276,2026-03-06,2026-03-08,52.94,52.91,52.97,Single Attn-GRU
539276,2026-03-06,2026-03-09,52.87,52.82,52.91,Single Attn-GRU
539276,2026-03-06,2026-03-10,52.81,52.74,52.86,Single Attn-GRU
539276,2026-03-06,2026-03-11,52.73,52.65,52.8,Single Attn-GRU
539276,2026-03-06,2026-03-12,52.66,52.58,52.73,Single Attn-GRU
539276,2026-03-06,2026-03-13,52.59,52.48,52.7,Single Attn-GRU
539276,2026-03-06,2026-03-14,52.52,52.41,52.62,Single Attn-GRU
539276,2026-03-06,2026-03-15,52.45,52.32,52.56,Single Attn-GRU
539276,2026-03-06,2026-03-16,52.37,52.25,52.5,Single Attn-GRU
539276,2026-03-06,2026-03-17,52.34,52.18,52.43,Single Attn-GRU
539276,2026-03-06,2026-03-18,52.26,52.12,52.41,Single Attn-GRU
539276,2026-03-06,2026-03-19,52.19,52.04,52.34,Single Attn-GRU
539276,2026-03-06,2026-03-20,52.08,51.95,52.25,Single Attn-GRU
539276,2026-03-06,2026-03-21,52.05,51.91,52.22,Single Attn-GRU
539276,2026-03-06,2026-03-22,51.98,51.86,52.16,Single Attn-GRU
539276,2026-03-06,2026-03-23,51.87,51.78,52.04,Single Attn-GRU
539276,2026-03-06,2026-03-24,51.8,51.73,51.95,Single Attn-GRU
539276,2026-03-06,2026-03-25,51.79,51.71,51.91,Single Attn-GRU
539276,2026-03-06,2026-03-26,51.8,51.72,51.93,Single Attn-GRU
539276,2026-03-06,2026-03-27,51.75,51.69,51.87,Single Attn-GRU
539276,2026-03-06,2026-03-28,51.72,51.66,51.86,Single Attn-GRU
539276,2026-03-06,2026-03-29,51.7,51.66,51.8,Single Attn-GRU
539276,2026-03-06,2026-03-30,51.7,51.65,51.8,Single Attn-GRU
539276,2026-03-06,2026-03-31,51.68,51.65,51.73,Single Attn-GRU
539276,2026-03-06,2026-04-01,51.69,51.65,51.77,Single Attn-GRU
539276,2026-03-06,2026-04-02,51.68,51.65,51.76,Single Attn-GRU
539276,2026-03-06,2026-04-03,51.67,51.65,51.71,Single Attn-GRU
539276,2026-03-06,2026-04-04,51.66,51.65,51.7,Single Attn-GRU
539276,2026-03-06,2026-04-05,51.67,51.65,51.71,Single Attn-GRU
550535,2026-03-06,2026-03-07,58.51,58.49,58.52,Single Attn-GRU
550535,2026-03-06,2026-03-08,58.5,58.45,58.54,Single Attn-GRU
550535,2026-03-06,2026-03-09,58.49,58.43,58.56,Single Attn-GRU
550535,2026-03-06,2026-03-10,58.5,58.4,58.59,Single Attn-GRU
550535,2026-03-06,2026-03-11,58.46,58.38,58.56,Single Attn-GRU
550535,2026-03-06,2026-03-12,58.49,58.37,58.61,Single Attn-GRU
550535,2026-03-06,2026-03-13,58.48,58.34,58.63,Single Attn-GRU
550535,2026-03-06,2026-03-14,58.47,58.33,58.58,Single Attn-GRU
550535,2026-03-06,2026-03-15,58.52,58.34,58.7,Single Attn-GRU
550535,2026-03-06,2026-03-16,58.5,58.33,58.69,Single Attn-GRU
550535,2026-03-06,2026-03-17,58.51,58.33,58.7,Single Attn-GRU
550535,2026-03-06,2026-03-18,58.54,58.34,58.76,Single Attn-GRU
550535,2026-03-06,2026-03-19,58.62,58.42,58.84,Single Attn-GRU
550535,2026-03-06,2026-03-20,58.69,58.44,58.92,Single Attn-GRU
550535,2026-03-06,2026-03-21,58.63,58.39,58.82,Single Attn-GRU
550535,2026-03-06,2026-03-22,58.74,58.49,59.0,Single Attn-GRU
550535,2026-03-06,2026-03-23,58.74,58.49,58.99,Single Attn-GRU
550535,2026-03-06,2026-03-24,58.83,58.55,59.06,Single Attn-GRU
550535,2026-03-06,2026-03-25,58.9,58.51,59.11,Single Attn-GRU
550535,2026-03-06,2026-03-26,58.77,58.42,59.08,Single Attn-GRU
550535,2026-03-06,2026-03-27,58.78,58.5,59.04,Single Attn-GRU
550535,2026-03-06,2026-03-28,58.89,58.49,59.2,Single Attn-GRU
550535,2026-03-06,2026-03-29,58.97,58.56,59.23,Single Attn-GRU
550535,2026-03-06,2026-03-30,58.86,58.54,59.16,Single Attn-GRU
550535,2026-03-06,2026-03-31,58.91,58.46,59.23,Single Attn-GRU
550535,2026-03-06,2026-04-01,58.83,58.51,59.15,Single Attn-GRU
550535,2026-03-06,2026-04-02,58.94,58.56,59.25,Single Attn-GRU
550535,2026-03-06,2026-04-03,58.89,58.54,59.17,Single Attn-GRU
550535,2026-03-06,2026-04-04,59.09,58.62,59.45,Single Attn-GRU
550535,2026-03-06,2026-04-05,59.05,58.55,59.43,Single Attn-GRU
550536,2026-03-06,2026-03-07,12.35,12.35,12.36,Single Attn-GRU
550536,2026-03-06,2026-03-08,12.32,12.32,12.34,Single Attn-GRU
550536,2026-03-06,2026-03-09,12.31,12.3,12.33,Single Attn-GRU
550536,2026-03-06,2026-03-10,12.3,12.28,12.32,Single Attn-GRU
550536,2026-03-06,2026-03-11,12.28,12.27,12.3,Single Attn-GRU
550536,2026-03-06,2026-03-12,12.26,12.24,12.29,Single Attn-GRU
550536,2026-03-06,2026-03-13,12.25,12.22,12.28,Single Attn-GRU
550536,2026-03-06,2026-03-14,12.23,12.19,12.26,Single Attn-GRU
550536,2026-03-06,2026-03-15,12.21,12.18,12.25,Single Attn-GRU
550536,2026-03-06,2026-03-16,12.2,12.17,12.23,Single Attn-GRU
550536,2026-03-06,2026-03-17,12.19,12.16,12.22,Single Attn-GRU
550536,2026-03-06,2026-03-18,12.19,12.15,12.22,Single Attn-GRU
550536,2026-03-06,2026-03-19,12.17,12.13,12.22,Single Attn-GRU
550536,2026-03-06,2026-03-20,12.14,12.08,12.19,Single Attn-GRU
550536,2026-03-06,2026-03-21,12.11,12.07,12.16,Single Attn-GRU
550536,2026-03-06,2026-03-22,12.09,12.03,12.14,Single Attn-GRU
550536,2026-03-06,2026-03-23,12.07,12.02,12.12,Single Attn-GRU
550536,2026-03-06,2026-03-24,12.05,11.99,12.13,Single Attn-GRU
550536,2026-03-06,2026-03-25,12.02,11.98,12.09,Single Attn-GRU
550536,2026-03-06,2026-03-26,12.03,11.98,12.09,Single Attn-GRU
550536,2026-03-06,2026-03-27,12.03,11.97,12.09,Single Attn-GRU
550536,2026-03-06,2026-03-28,11.98,11.94,12.05,Single Attn-GRU
550536,2026-03-06,2026-03-29,11.99,11.95,12.04,Single Attn-GRU
550536,2026-03-06,2026-03-30,11.99,11.95,12.04,Single Attn-GRU
550536,2026-03-06,2026-03-31,11.98,11.94,12.02,Single Attn-GRU
550536,2026-03-06,2026-04-01,11.97,11.94,12.03,Single Attn-GRU
550536,2026-03-06,2026-04-02,11.99,11.94,12.05,Single Attn-GRU
550536,2026-03-06,2026-04-03,11.96,11.94,12.01,Single Attn-GRU
550536,2026-03-06,2026-04-04,11.96,11.93,12.01,Single Attn-GRU
550536,2026-03-06,2026-04-05,11.96,11.93,12.02,Single Attn-GRU
550537,2026-03-06,2026-03-07,32.99,32.98,33.0,Single Attn-GRU
550537,2026-03-06,2026-03-08,32.96,32.95,32.98,Single Attn-GRU
550537,2026-03-06,2026-03-09,32.93,32.91,32.95,Single Attn-GRU
550537,2026-03-06,2026-03-10,32.9,32.87,32.93,Single Attn-GRU
550537,2026-03-06,2026-03-11,32.86,32.83,32.89,Single Attn-GRU
550537,2026-03-06,2026-03-12,32.82,32.78,32.86,Single Attn-GRU
550537,2026-03-06,2026-03-13,32.78,32.73,32.82,Single Attn-GRU
550537,2026-03-06,2026-03-14,32.73,32.68,32.78,Single Attn-GRU
550537,2026-03-06,2026-03-15,32.69,32.63,32.75,Single Attn-GRU
550537,2026-03-06,2026-03-16,32.65,32.59,32.72,Single Attn-GRU
550537,2026-03-06,2026-03-17,32.61,32.55,32.69,Single Attn-GRU
550537,2026-03-06,2026-03-18,32.56,32.52,32.64,Single Attn-GRU
550537,2026-03-06,2026-03-19,32.51,32.48,32.58,Single Attn-GRU
550537,2026-03-06,2026-03-20,32.47,32.45,32.53,Single Attn-GRU
550537,2026-03-06,2026-03-21,32.44,32.44,32.47,Single Attn-GRU
550537,2026-03-06,2026-03-22,32.44,32.44,32.45,Single Attn-GRU
550537,2026-03-06,2026-03-23,32.44,32.44,32.44,Single Attn-GRU
550537,2026-03-06,2026-03-24,32.44,32.44,32.44,Single Attn-GRU
550537,2026-03-06,2026-03-25,32.44,32.44,32.44,Single Attn-GRU
550537,2026-03-06,2026-03-26,32.44,32.44,32.44,Single Attn-GRU
550537,2026-03-06,2026-03-27,32.44,32.44,32.44,Single Attn-GRU
550537,2026-03-06,2026-03-28,32.44,32.44,32.44,Single Attn-GRU
550537,2026-03-06,2026-03-29,32.44,32.44,32.44,Single Attn-GRU
550537,2026-03-06,2026-03-30,32.44,32.44,32.44,Single Attn-GRU
550537,2026-03-06,2026-03-31,32.44,32.44,32.44,Single Attn-GRU
550537,2026-03-06,2026-04-01,32.44,32.44,32.44,Single Attn-GRU
550537,2026-03-06,2026-04-02,32.44,32.44,32.44,Single Attn-GRU
550537,2026-03-06,2026-04-03,32.44,32.44,32.44,Single Attn-GRU
550537,2026-03-06,2026-04-04,32.44,32.44,32.44,Single Attn-GRU
550537,2026-03-06,2026-04-05,32.44,32.44,32.44,Single Attn-GRU
550538,2026-03-06,2026-03-07,25.95,25.9,25.99,Single Attn-GRU
550538,2026-03-06,2026-03-08,26.02,25.93,26.1,Single Attn-GRU
550538,2026-03-06,2026-03-09,26.09,25.96,26.22,Single Attn-GRU
550538,2026-03-06,2026-03-10,26.15,25.98,26.33,Single Attn-GRU
550538,2026-03-06,2026-03-11,26.24,26.03,26.43,Single Attn-GRU
550538,2026-03-06,2026-03-12,26.3,26.1,26.51,Single Attn-GRU
550538,2026-03-06,2026-03-13,26.36,26.12,26.66,Single Attn-GRU
550538,2026-03-06,2026-03-14,26.46,26.19,26.77,Single Attn-GRU
550538,2026-03-06,2026-03-15,26.52,26.23,26.86,Single Attn-GRU
550538,2026-03-06,2026-03-16,26.64,26.33,27.01,Single Attn-GRU
550538,2026-03-06,2026-03-17,26.72,26.34,27.14,Single Attn-GRU
550538,2026-03-06,2026-03-18,26.83,26.43,27.19,Single Attn-GRU
550538,2026-03-06,2026-03-19,26.84,26.39,27.3,Single Attn-GRU
550538,2026-03-06,2026-03-20,26.95,26.38,27.37,Single Attn-GRU
550538,2026-03-06,2026-03-21,27.12,26.57,27.47,Single Attn-GRU
550538,2026-03-06,2026-03-22,27.11,26.59,27.46,Single Attn-GRU
550538,2026-03-06,2026-03-23,27.22,26.69,27.57,Single Attn-GRU
550538,2026-03-06,2026-03-24,27.3,26.64,27.61,Single Attn-GRU
550538,2026-03-06,2026-03-25,27.28,26.73,27.63,Single Attn-GRU
550538,2026-03-06,2026-03-26,27.44,26.91,27.79,Single Attn-GRU
550538,2026-03-06,2026-03-27,27.48,26.83,27.78,Single Attn-GRU
550538,2026-03-06,2026-03-28,27.52,26.84,27.81,Single Attn-GRU
550538,2026-03-06,2026-03-29,27.6,26.93,27.86,Single Attn-GRU
550538,2026-03-06,2026-03-30,27.64,27.09,27.9,Single Attn-GRU
550538,2026-03-06,2026-03-31,27.68,27.09,27.89,Single Attn-GRU
550538,2026-03-06,2026-04-01,27.66,27.15,27.91,Single Attn-GRU
550538,2026-03-06,2026-04-02,27.73,27.12,27.93,Single Attn-GRU
550538,2026-03-06,2026-04-03,27.76,27.21,27.95,Single Attn-GRU
550538,2026-03-06,2026-04-04,27.76,27.19,27.95,Single Attn-GRU
550538,2026-03-06,2026-04-05,27.84,27.4,27.97,Single Attn-GRU
550540,2026-03-06,2026-03-07,24.01,24.0,24.02,Single Attn-GRU
550540,2026-03-06,2026-03-08,23.99,23.97,24.0,Single Attn-GRU
550540,2026-03-06,2026-03-09,23.96,23.94,23.97,Single Attn-GRU
550540,2026-03-06,2026-03-10,23.93,23.91,23.95,Single Attn-GRU
550540,2026-03-06,2026-03-11,23.9,23.87,23.92,Single Attn-GRU
550540,2026-03-06,2026-03-12,23.87,23.84,23.9,Single Attn-GRU
550540,2026-03-06,2026-03-13,23.83,23.8,23.86,Single Attn-GRU
550540,2026-03-06,2026-03-14,23.79,23.76,23.83,Single Attn-GRU
550540,2026-03-06,2026-03-15,23.76,23.72,23.8,Single Attn-GRU
550540,2026-03-06,2026-03-16,23.72,23.69,23.77,Single Attn-GRU
550540,2026-03-06,2026-03-17,23.69,23.65,23.74,Single Attn-GRU
550540,2026-03-06,2026-03-18,23.65,23.62,23.71,Single Attn-GRU
550540,2026-03-06,2026-03-19,23.61,23.58,23.67,Single Attn-GRU
550540,2026-03-06,2026-03-20,23.58,23.56,23.62,Single Attn-GRU
550540,2026-03-06,2026-03-21,23.55,23.55,23.57,Single Attn-GRU
550540,2026-03-06,2026-03-22,23.55,23.55,23.56,Single Attn-GRU
550540,2026-03-06,2026-03-23,23.55,23.55,23.55,Single Attn-GRU
550540,2026-03-06,2026-03-24,23.55,23.55,23.55,Single Attn-GRU
550540,2026-03-06,2026-03-25,23.55,23.55,23.55,Single Attn-GRU
550540,2026-03-06,2026-03-26,23.55,23.55,23.55,Single Attn-GRU
550540,2026-03-06,2026-03-27,23.55,23.55,23.55,Single Attn-GRU
550540,2026-03-06,2026-03-28,23.55,23.55,23.55,Single Attn-GRU
550540,2026-03-06,2026-03-29,23.55,23.55,23.55,Single Attn-GRU
550540,2026-03-06,2026-03-30,23.55,23.55,23.55,Single Attn-GRU
550540,2026-03-06,2026-03-31,23.55,23.55,23.55,Single Attn-GRU
550540,2026-03-06,2026-04-01,23.55,23.55,23.55,Single Attn-GRU
550540,2026-03-06,2026-04-02,23.55,23.55,23.55,Single Attn-GRU
550540,2026-03-06,2026-04-03,23.55,23.55,23.55,Single Attn-GRU
550540,2026-03-06,2026-04-04,23.55,23.55,23.55,Single Attn-GRU
550540,2026-03-06,2026-04-05,23.55,23.55,23.55,Single Attn-GRU
550541,2026-03-06,2026-03-07,27.99,27.96,28.04,Single Attn-GRU
550541,2026-03-06,2026-03-08,28.06,27.98,28.15,Single Attn-GRU
550541,2026-03-06,2026-03-09,28.16,28.04,28.29,Single Attn-GRU
550541,2026-03-06,2026-03-10,28.23,28.08,28.39,Single Attn-GRU
550541,2026-03-06,2026-03-11,28.31,28.14,28.56,Single Attn-GRU
550541,2026-03-06,2026-03-12,28.4,28.21,28.65,Single Attn-GRU
550541,2026-03-06,2026-03-13,28.5,28.27,28.78,Single Attn-GRU
550541,2026-03-06,2026-03-14,28.59,28.32,28.93,Single Attn-GRU
550541,2026-03-06,2026-03-15,28.69,28.39,28.96,Single Attn-GRU
550541,2026-03-06,2026-03-16,28.8,28.51,29.12,Single Attn-GRU
550541,2026-03-06,2026-03-17,28.91,28.57,29.18,Single Attn-GRU
550541,2026-03-06,2026-03-18,28.98,28.66,29.24,Single Attn-GRU
550541,2026-03-06,2026-03-19,29.03,28.71,29.3,Single Attn-GRU
550541,2026-03-06,2026-03-20,29.11,28.77,29.36,Single Attn-GRU
550541,2026-03-06,2026-03-21,29.22,28.87,29.43,Single Attn-GRU
550541,2026-03-06,2026-03-22,29.24,28.86,29.46,Single Attn-GRU
550541,2026-03-06,2026-03-23,29.31,28.94,29.49,Single Attn-GRU
550541,2026-03-06,2026-03-24,29.37,29.02,29.52,Single Attn-GRU
550541,2026-03-06,2026-03-25,29.37,29.05,29.52,Single Attn-GRU
550541,2026-03-06,2026-03-26,29.45,29.13,29.56,Single Attn-GRU
550541,2026-03-06,2026-03-27,29.46,29.15,29.58,Single Attn-GRU
550541,2026-03-06,2026-03-28,29.48,29.18,29.58,Single Attn-GRU
550541,2026-03-06,2026-03-29,29.52,29.22,29.6,Single Attn-GRU
550541,2026-03-06,2026-03-30,29.52,29.29,29.59,Single Attn-GRU
550541,2026-03-06,2026-03-31,29.54,29.31,29.61,Single Attn-GRU
550541,2026-03-06,2026-04-01,29.54,29.31,29.6,Single Attn-GRU
550541,2026-03-06,2026-04-02,29.54,29.36,29.6,Single Attn-GRU
550541,2026-03-06,2026-04-03,29.57,29.41,29.61,Single Attn-GRU
550541,2026-03-06,2026-04-04,29.58,29.36,29.61,Single Attn-GRU
550541,2026-03-06,2026-04-05,29.58,29.41,29.62,Single Attn-GRU
550542,2026-03-06,2026-03-07,37.85,37.84,37.87,Single Attn-GRU
550542,2026-03-06,2026-03-08,37.88,37.84,37.91,Single Attn-GRU
550542,2026-03-06,2026-03-09,37.94,37.88,38.0,Single Attn-GRU
550542,2026-03-06,2026-03-10,37.98,37.9,38.04,Single Attn-GRU
550542,2026-03-06,2026-03-11,38.03,37.95,38.12,Single Attn-GRU
550542,2026-03-06,2026-03-12,38.08,37.97,38.17,Single Attn-GRU
550542,2026-03-06,2026-03-13,38.13,38.01,38.24,Single Attn-GRU
550542,2026-03-06,2026-03-14,38.18,38.05,38.29,Single Attn-GRU
550542,2026-03-06,2026-03-15,38.21,38.08,38.32,Single Attn-GRU
550542,2026-03-06,2026-03-16,38.27,38.15,38.36,Single Attn-GRU
550542,2026-03-06,2026-03-17,38.31,38.19,38.39,Single Attn-GRU
550542,2026-03-06,2026-03-18,38.35,38.25,38.41,Single Attn-GRU
550542,2026-03-06,2026-03-19,38.36,38.25,38.42,Single Attn-GRU
550542,2026-03-06,2026-03-20,38.39,38.3,38.43,Single Attn-GRU
550542,2026-03-06,2026-03-21,38.41,38.31,38.44,Single Attn-GRU
550542,2026-03-06,2026-03-22,38.41,38.34,38.45,Single Attn-GRU
550542,2026-03-06,2026-03-23,38.43,38.35,38.45,Single Attn-GRU
550542,2026-03-06,2026-03-24,38.44,38.39,38.45,Single Attn-GRU
550542,2026-03-06,2026-03-25,38.44,38.37,38.45,Single Attn-GRU
550542,2026-03-06,2026-03-26,38.45,38.4,38.46,Single Attn-GRU
550542,2026-03-06,2026-03-27,38.45,38.42,38.46,Single Attn-GRU
550542,2026-03-06,2026-03-28,38.45,38.42,38.46,Single Attn-GRU
550542,2026-03-06,2026-03-29,38.46,38.43,38.46,Single Attn-GRU
550542,2026-03-06,2026-03-30,38.46,38.43,38.46,Single Attn-GRU
550542,2026-03-06,2026-03-31,38.46,38.44,38.46,Single Attn-GRU
550542,2026-03-06,2026-04-01,38.46,38.44,38.46,Single Attn-GRU
550542,2026-03-06,2026-04-02,38.46,38.45,38.46,Single Attn-GRU
550542,2026-03-06,2026-04-03,38.46,38.45,38.46,Single Attn-GRU
550542,2026-03-06,2026-04-04,38.46,38.45,38.46,Single Attn-GRU
550542,2026-03-06,2026-04-05,38.46,38.45,38.46,Single Attn-GRU
550544,2026-03-06,2026-03-07,36.53,36.52,36.54,Single Attn-GRU
550544,2026-03-06,2026-03-08,36.54,36.5,36.57,Single Attn-GRU
550544,2026-03-06,2026-03-09,36.54,36.49,36.58,Single Attn-GRU
550544,2026-03-06,2026-03-10,36.54,36.48,36.59,Single Attn-GRU
550544,2026-03-06,2026-03-11,36.55,36.48,36.62,Single Attn-GRU
550544,2026-03-06,2026-03-12,36.55,36.48,36.62,Single Attn-GRU
550544,2026-03-06,2026-03-13,36.56,36.47,36.64,Single Attn-GRU
550544,2026-03-06,2026-03-14,36.56,36.47,36.66,Single Attn-GRU
550544,2026-03-06,2026-03-15,36.57,36.48,36.67,Single Attn-GRU
550544,2026-03-06,2026-03-16,36.59,36.49,36.72,Single Attn-GRU
550544,2026-03-06,2026-03-17,36.59,36.49,36.72,Single Attn-GRU
550544,2026-03-06,2026-03-18,36.62,36.5,36.73,Single Attn-GRU
550544,2026-03-06,2026-03-19,36.61,36.5,36.73,Single Attn-GRU
550544,2026-03-06,2026-03-20,36.64,36.5,36.76,Single Attn-GRU
550544,2026-03-06,2026-03-21,36.67,36.51,36.81,Single Attn-GRU
550544,2026-03-06,2026-03-22,36.66,36.5,36.8,Single Attn-GRU
550544,2026-03-06,2026-03-23,36.69,36.52,36.84,Single Attn-GRU
550544,2026-03-06,2026-03-24,36.68,36.45,36.87,Single Attn-GRU
550544,2026-03-06,2026-03-25,36.72,36.53,36.88,Single Attn-GRU
550544,2026-03-06,2026-03-26,36.71,36.48,36.92,Single Attn-GRU
550544,2026-03-06,2026-03-27,36.71,36.47,36.91,Single Attn-GRU
550544,2026-03-06,2026-03-28,36.74,36.47,36.94,Single Attn-GRU
550544,2026-03-06,2026-03-29,36.79,36.48,37.01,Single Attn-GRU
550544,2026-03-06,2026-03-30,36.83,36.56,37.01,Single Attn-GRU
550544,2026-03-06,2026-03-31,36.78,36.49,37.01,Single Attn-GRU
550544,2026-03-06,2026-04-01,36.8,36.52,37.0,Single Attn-GRU
550544,2026-03-06,2026-04-02,36.83,36.5,37.03,Single Attn-GRU
550544,2026-03-06,2026-04-03,36.81,36.47,37.05,Single Attn-GRU
550544,2026-03-06,2026-04-04,36.83,36.47,37.06,Single Attn-GRU
550544,2026-03-06,2026-04-05,36.91,36.64,37.1,Single Attn-GRU
550549,2026-03-06,2026-03-07,81.18,81.02,81.29,Single Attn-GRU
550549,2026-03-06,2026-03-08,81.28,80.96,81.56,Single Attn-GRU
550549,2026-03-06,2026-03-09,81.61,81.11,82.04,Single Attn-GRU
550549,2026-03-06,2026-03-10,81.81,81.14,82.31,Single Attn-GRU
550549,2026-03-06,2026-03-11,82.15,81.41,82.72,Single Attn-GRU
550549,2026-03-06,2026-03-12,82.45,81.52,83.1,Single Attn-GRU
550549,2026-03-06,2026-03-13,82.75,81.64,83.46,Single Attn-GRU
550549,2026-03-06,2026-03-14,83.1,81.83,83.92,Single Attn-GRU
550549,2026-03-06,2026-03-15,83.47,82.13,84.37,Single Attn-GRU
550549,2026-03-06,2026-03-16,83.86,82.54,84.84,Single Attn-GRU
550549,2026-03-06,2026-03-17,84.3,82.82,85.24,Single Attn-GRU
550549,2026-03-06,2026-03-18,84.68,83.26,85.66,Single Attn-GRU
550549,2026-03-06,2026-03-19,84.82,83.36,85.69,Single Attn-GRU
550549,2026-03-06,2026-03-20,85.1,83.61,85.98,Single Attn-GRU
550549,2026-03-06,2026-03-21,85.54,84.19,86.31,Single Attn-GRU
550549,2026-03-06,2026-03-22,85.48,84.12,86.34,Single Attn-GRU
550549,2026-03-06,2026-03-23,85.71,84.53,86.35,Single Attn-GRU
550549,2026-03-06,2026-03-24,86.09,84.84,86.6,Single Attn-GRU
550549,2026-03-06,2026-03-25,85.99,84.81,86.57,Single Attn-GRU
550549,2026-03-06,2026-03-26,86.3,85.03,86.71,Single Attn-GRU
550549,2026-03-06,2026-03-27,86.45,85.38,86.76,Single Attn-GRU
550549,2026-03-06,2026-03-28,86.43,85.43,86.77,Single Attn-GRU
550549,2026-03-06,2026-03-29,86.61,85.64,86.83,Single Attn-GRU
550549,2026-03-06,2026-03-30,86.6,85.88,86.86,Single Attn-GRU
550549,2026-03-06,2026-03-31,86.68,85.81,86.87,Single Attn-GRU
550549,2026-03-06,2026-04-01,86.66,85.96,86.87,Single Attn-GRU
550549,2026-03-06,2026-04-02,86.71,86.1,86.88,Single Attn-GRU
550549,2026-03-06,2026-04-03,86.77,86.12,86.91,Single Attn-GRU
550549,2026-03-06,2026-04-04,86.77,86.18,86.9,Single Attn-GRU
550549,2026-03-06,2026-04-05,86.8,86.26,86.91,Single Attn-GRU
550674,2026-03-06,2026-03-07,32.06,32.04,32.09,Single Attn-GRU
550674,2026-03-06,2026-03-08,32.08,32.03,32.15,Single Attn-GRU
550674,2026-03-06,2026-03-09,32.12,32.04,32.2,Single Attn-GRU
550674,2026-03-06,2026-03-10,32.13,32.04,32.24,Single Attn-GRU
550674,2026-03-06,2026-03-11,32.18,32.06,32.33,Single Attn-GRU
550674,2026-03-06,2026-03-12,32.21,32.07,32.38,Single Attn-GRU
550674,2026-03-06,2026-03-13,32.25,32.08,32.45,Single Attn-GRU
550674,2026-03-06,2026-03-14,32.28,32.08,32.52,Single Attn-GRU
550674,2026-03-06,2026-03-15,32.34,32.15,32.58,Single Attn-GRU
550674,2026-03-06,2026-03-16,32.4,32.17,32.7,Single Attn-GRU
550674,2026-03-06,2026-03-17,32.45,32.22,32.77,Single Attn-GRU
550674,2026-03-06,2026-03-18,32.53,32.26,32.88,Single Attn-GRU
550674,2026-03-06,2026-03-19,32.53,32.26,32.84,Single Attn-GRU
550674,2026-03-06,2026-03-20,32.64,32.37,32.98,Single Attn-GRU
550674,2026-03-06,2026-03-21,32.74,32.43,33.11,Single Attn-GRU
550674,2026-03-06,2026-03-22,32.66,32.35,33.0,Single Attn-GRU
550674,2026-03-06,2026-03-23,32.75,32.48,33.12,Single Attn-GRU
550674,2026-03-06,2026-03-24,32.83,32.45,33.19,Single Attn-GRU
550674,2026-03-06,2026-03-25,32.79,32.41,33.18,Single Attn-GRU
550674,2026-03-06,2026-03-26,32.93,32.56,33.27,Single Attn-GRU
550674,2026-03-06,2026-03-27,32.98,32.62,33.31,Single Attn-GRU
550674,2026-03-06,2026-03-28,33.04,32.61,33.34,Single Attn-GRU
550674,2026-03-06,2026-03-29,33.08,32.7,33.4,Single Attn-GRU
550674,2026-03-06,2026-03-30,33.12,32.78,33.43,Single Attn-GRU
550674,2026-03-06,2026-03-31,33.09,32.7,33.41,Single Attn-GRU
550674,2026-03-06,2026-04-01,33.13,32.82,33.45,Single Attn-GRU
550674,2026-03-06,2026-04-02,33.19,32.72,33.48,Single Attn-GRU
550674,2026-03-06,2026-04-03,33.19,32.81,33.49,Single Attn-GRU
550674,2026-03-06,2026-04-04,33.2,32.87,33.46,Single Attn-GRU
550674,2026-03-06,2026-04-05,33.29,32.93,33.52,Single Attn-GRU
550718,2026-03-06,2026-03-07,27.84,27.82,27.87,Single Attn-GRU
550718,2026-03-06,2026-03-08,27.89,27.84,27.94,Single Attn-GRU
550718,2026-03-06,2026-03-09,27.94,27.85,28.01,Single Attn-GRU
550718,2026-03-06,2026-03-10,27.99,27.87,28.07,Single Attn-GRU
550718,2026-03-06,2026-03-11,28.02,27.89,28.14,Single Attn-GRU
550718,2026-03-06,2026-03-12,28.09,27.93,28.21,Single Attn-GRU
550718,2026-03-06,2026-03-13,28.12,27.94,28.26,Single Attn-GRU
550718,2026-03-06,2026-03-14,28.18,28.0,28.36,Single Attn-GRU
550718,2026-03-06,2026-03-15,28.26,28.0,28.42,Single Attn-GRU
550718,2026-03-06,2026-03-16,28.29,28.06,28.49,Single Attn-GRU
550718,2026-03-06,2026-03-17,28.37,28.1,28.56,Single Attn-GRU
550718,2026-03-06,2026-03-18,28.41,28.13,28.64,Single Attn-GRU
550718,2026-03-06,2026-03-19,28.44,28.18,28.66,Single Attn-GRU
550718,2026-03-06,2026-03-20,28.52,28.25,28.73,Single Attn-GRU
550718,2026-03-06,2026-03-21,28.6,28.24,28.81,Single Attn-GRU
550718,2026-03-06,2026-03-22,28.6,28.32,28.81,Single Attn-GRU
550718,2026-03-06,2026-03-23,28.64,28.35,28.86,Single Attn-GRU
550718,2026-03-06,2026-03-24,28.63,28.33,28.92,Single Attn-GRU
550718,2026-03-06,2026-03-25,28.69,28.45,28.91,Single Attn-GRU
550718,2026-03-06,2026-03-26,28.79,28.42,28.95,Single Attn-GRU
550718,2026-03-06,2026-03-27,28.78,28.43,28.98,Single Attn-GRU
550718,2026-03-06,2026-03-28,28.8,28.48,28.99,Single Attn-GRU
550718,2026-03-06,2026-03-29,28.86,28.53,29.03,Single Attn-GRU
550718,2026-03-06,2026-03-30,28.9,28.58,29.03,Single Attn-GRU
550718,2026-03-06,2026-03-31,28.9,28.55,29.03,Single Attn-GRU
550718,2026-03-06,2026-04-01,28.91,28.57,29.04,Single Attn-GRU
550718,2026-03-06,2026-04-02,28.92,28.66,29.06,Single Attn-GRU
550718,2026-03-06,2026-04-03,28.94,28.66,29.06,Single Attn-GRU
550718,2026-03-06,2026-04-04,28.96,28.61,29.06,Single Attn-GRU
550718,2026-03-06,2026-04-05,28.98,28.75,29.07,Single Attn-GRU
550719,2026-03-06,2026-03-07,13.35,13.35,13.35,Single Attn-GRU
550719,2026-03-06,2026-03-08,13.35,13.34,13.35,Single Attn-GRU
550719,2026-03-06,2026-03-09,13.34,13.33,13.35,Single Attn-GRU
550719,2026-03-06,2026-03-10,13.33,13.32,13.34,Single Attn-GRU
550719,2026-03-06,2026-03-11,13.33,13.31,13.33,Single Attn-GRU
550719,2026-03-06,2026-03-12,13.32,13.3,13.33,Single Attn-GRU
550719,2026-03-06,2026-03-13,13.31,13.29,13.32,Single Attn-GRU
550719,2026-03-06,2026-03-14,13.3,13.28,13.32,Single Attn-GRU
550719,2026-03-06,2026-03-15,13.29,13.28,13.31,Single Attn-GRU
550719,2026-03-06,2026-03-16,13.29,13.27,13.3,Single Attn-GRU
550719,2026-03-06,2026-03-17,13.28,13.27,13.3,Single Attn-GRU
550719,2026-03-06,2026-03-18,13.28,13.26,13.29,Single Attn-GRU
550719,2026-03-06,2026-03-19,13.27,13.25,13.29,Single Attn-GRU
550719,2026-03-06,2026-03-20,13.26,13.23,13.29,Single Attn-GRU
550719,2026-03-06,2026-03-21,13.25,13.22,13.28,Single Attn-GRU
550719,2026-03-06,2026-03-22,13.24,13.2,13.27,Single Attn-GRU
550719,2026-03-06,2026-03-23,13.23,13.2,13.27,Single Attn-GRU
550719,2026-03-06,2026-03-24,13.22,13.19,13.27,Single Attn-GRU
550719,2026-03-06,2026-03-25,13.21,13.18,13.26,Single Attn-GRU
550719,2026-03-06,2026-03-26,13.22,13.19,13.25,Single Attn-GRU
550719,2026-03-06,2026-03-27,13.21,13.17,13.25,Single Attn-GRU
550719,2026-03-06,2026-03-28,13.19,13.15,13.24,Single Attn-GRU
550719,2026-03-06,2026-03-29,13.19,13.17,13.24,Single Attn-GRU
550719,2026-03-06,2026-03-30,13.19,13.15,13.25,Single Attn-GRU
550719,2026-03-06,2026-03-31,13.18,13.15,13.23,Single Attn-GRU
550719,2026-03-06,2026-04-01,13.17,13.14,13.22,Single Attn-GRU
550719,2026-03-06,2026-04-02,13.19,13.14,13.24,Single Attn-GRU
550719,2026-03-06,2026-04-03,13.17,13.14,13.23,Single Attn-GRU
550719,2026-03-06,2026-04-04,13.17,13.14,13.21,Single Attn-GRU
550719,2026-03-06,2026-04-05,13.17,13.14,13.22,Single Attn-GRU
550721,2026-03-06,2026-03-07,27.35,27.33,27.37,Single Attn-GRU
550721,2026-03-06,2026-03-08,27.35,27.31,27.4,Single Attn-GRU
550721,2026-03-06,2026-03-09,27.39,27.34,27.46,Single Attn-GRU
550721,2026-03-06,2026-03-10,27.42,27.34,27.5,Single Attn-GRU
550721,2026-03-06,2026-03-11,27.47,27.37,27.57,Single Attn-GRU
550721,2026-03-06,2026-03-12,27.52,27.41,27.63,Single Attn-GRU
550721,2026-03-06,2026-03-13,27.56,27.41,27.7,Single Attn-GRU
550721,2026-03-06,2026-03-14,27.6,27.45,27.75,Single Attn-GRU
550721,2026-03-06,2026-03-15,27.68,27.51,27.87,Single Attn-GRU
550721,2026-03-06,2026-03-16,27.76,27.53,27.94,Single Attn-GRU
550721,2026-03-06,2026-03-17,27.83,27.61,28.03,Single Attn-GRU
550721,2026-03-06,2026-03-18,27.91,27.67,28.09,Single Attn-GRU
550721,2026-03-06,2026-03-19,27.94,27.71,28.12,Single Attn-GRU
550721,2026-03-06,2026-03-20,28.03,27.83,28.2,Single Attn-GRU
550721,2026-03-06,2026-03-21,28.06,27.85,28.27,Single Attn-GRU
550721,2026-03-06,2026-03-22,28.12,27.93,28.29,Single Attn-GRU
550721,2026-03-06,2026-03-23,28.16,27.93,28.33,Single Attn-GRU
550721,2026-03-06,2026-03-24,28.26,28.03,28.39,Single Attn-GRU
550721,2026-03-06,2026-03-25,28.22,27.99,28.36,Single Attn-GRU
550721,2026-03-06,2026-03-26,28.3,28.08,28.43,Single Attn-GRU
550721,2026-03-06,2026-03-27,28.34,28.16,28.45,Single Attn-GRU
550721,2026-03-06,2026-03-28,28.36,28.18,28.47,Single Attn-GRU
550721,2026-03-06,2026-03-29,28.4,28.16,28.48,Single Attn-GRU
550721,2026-03-06,2026-03-30,28.4,28.22,28.48,Single Attn-GRU
550721,2026-03-06,2026-03-31,28.41,28.24,28.49,Single Attn-GRU
550721,2026-03-06,2026-04-01,28.41,28.26,28.5,Single Attn-GRU
550721,2026-03-06,2026-04-02,28.43,28.28,28.5,Single Attn-GRU
550721,2026-03-06,2026-04-03,28.45,28.33,28.51,Single Attn-GRU
550721,2026-03-06,2026-04-04,28.46,28.34,28.51,Single Attn-GRU
550721,2026-03-06,2026-04-05,28.47,28.31,28.51,Single Attn-GRU
550838,2026-03-06,2026-03-07,13.36,13.36,13.36,Single Attn-GRU
550838,2026-03-06,2026-03-08,13.34,13.33,13.36,Single Attn-GRU
550838,2026-03-06,2026-03-09,13.34,13.32,13.36,Single Attn-GRU
550838,2026-03-06,2026-03-10,13.33,13.31,13.35,Single Attn-GRU
550838,2026-03-06,2026-03-11,13.33,13.31,13.35,Single Attn-GRU
550838,2026-03-06,2026-03-12,13.32,13.29,13.36,Single Attn-GRU
550838,2026-03-06,2026-03-13,13.32,13.28,13.35,Single Attn-GRU
550838,2026-03-06,2026-03-14,13.31,13.27,13.36,Single Attn-GRU
550838,2026-03-06,2026-03-15,13.31,13.27,13.36,Single Attn-GRU
550838,2026-03-06,2026-03-16,13.32,13.28,13.36,Single Attn-GRU
550838,2026-03-06,2026-03-17,13.32,13.28,13.37,Single Attn-GRU
550838,2026-03-06,2026-03-18,13.33,13.29,13.37,Single Attn-GRU
550838,2026-03-06,2026-03-19,13.34,13.3,13.39,Single Attn-GRU
550838,2026-03-06,2026-03-20,13.33,13.27,13.4,Single Attn-GRU
550838,2026-03-06,2026-03-21,13.33,13.27,13.39,Single Attn-GRU
550838,2026-03-06,2026-03-22,13.35,13.28,13.41,Single Attn-GRU
550838,2026-03-06,2026-03-23,13.36,13.27,13.42,Single Attn-GRU
550838,2026-03-06,2026-03-24,13.38,13.29,13.45,Single Attn-GRU
550838,2026-03-06,2026-03-25,13.34,13.25,13.43,Single Attn-GRU
550838,2026-03-06,2026-03-26,13.35,13.26,13.44,Single Attn-GRU
550838,2026-03-06,2026-03-27,13.37,13.29,13.47,Single Attn-GRU
550838,2026-03-06,2026-03-28,13.35,13.23,13.48,Single Attn-GRU
550838,2026-03-06,2026-03-29,13.36,13.25,13.48,Single Attn-GRU
550838,2026-03-06,2026-03-30,13.37,13.25,13.48,Single Attn-GRU
550838,2026-03-06,2026-03-31,13.4,13.28,13.53,Single Attn-GRU
550838,2026-03-06,2026-04-01,13.38,13.26,13.49,Single Attn-GRU
550838,2026-03-06,2026-04-02,13.39,13.29,13.51,Single Attn-GRU
550838,2026-03-06,2026-04-03,13.36,13.22,13.5,Single Attn-GRU
550838,2026-03-06,2026-04-04,13.42,13.28,13.53,Single Attn-GRU
550838,2026-03-06,2026-04-05,13.4,13.26,13.55,Single Attn-GRU
550839,2026-03-06,2026-03-07,48.98,48.95,49.0,Single Attn-GRU
550839,2026-03-06,2026-03-08,49.0,48.93,49.05,Single Attn-GRU
550839,2026-03-06,2026-03-09,49.06,48.96,49.15,Single Attn-GRU
550839,2026-03-06,2026-03-10,49.1,48.98,49.21,Single Attn-GRU
550839,2026-03-06,2026-03-11,49.17,49.02,49.3,Single Attn-GRU
550839,2026-03-06,2026-03-12,49.25,49.07,49.45,Single Attn-GRU
550839,2026-03-06,2026-03-13,49.31,49.11,49.52,Single Attn-GRU
550839,2026-03-06,2026-03-14,49.42,49.15,49.66,Single Attn-GRU
550839,2026-03-06,2026-03-15,49.52,49.23,49.79,Single Attn-GRU
550839,2026-03-06,2026-03-16,49.6,49.28,49.87,Single Attn-GRU
550839,2026-03-06,2026-03-17,49.75,49.39,50.05,Single Attn-GRU
550839,2026-03-06,2026-03-18,49.86,49.51,50.12,Single Attn-GRU
550839,2026-03-06,2026-03-19,49.94,49.55,50.21,Single Attn-GRU
550839,2026-03-06,2026-03-20,50.09,49.66,50.38,Single Attn-GRU
550839,2026-03-06,2026-03-21,50.15,49.74,50.44,Single Attn-GRU
550839,2026-03-06,2026-03-22,50.28,49.9,50.54,Single Attn-GRU
550839,2026-03-06,2026-03-23,50.34,49.94,50.59,Single Attn-GRU
550839,2026-03-06,2026-03-24,50.5,50.16,50.71,Single Attn-GRU
550839,2026-03-06,2026-03-25,50.45,50.01,50.68,Single Attn-GRU
550839,2026-03-06,2026-03-26,50.53,50.18,50.74,Single Attn-GRU
550839,2026-03-06,2026-03-27,50.61,50.29,50.78,Single Attn-GRU
550839,2026-03-06,2026-03-28,50.64,50.29,50.8,Single Attn-GRU
550839,2026-03-06,2026-03-29,50.68,50.4,50.83,Single Attn-GRU
550839,2026-03-06,2026-03-30,50.66,50.38,50.83,Single Attn-GRU
550839,2026-03-06,2026-03-31,50.75,50.49,50.86,Single Attn-GRU
550839,2026-03-06,2026-04-01,50.75,50.49,50.85,Single Attn-GRU
550839,2026-03-06,2026-04-02,50.76,50.53,50.86,Single Attn-GRU
550839,2026-03-06,2026-04-03,50.78,50.54,50.88,Single Attn-GRU
550839,2026-03-06,2026-04-04,50.81,50.63,50.88,Single Attn-GRU
550839,2026-03-06,2026-04-05,50.81,50.61,50.89,Single Attn-GRU
550844,2026-03-06,2026-03-07,24.33,24.32,24.34,Single Attn-GRU
550844,2026-03-06,2026-03-08,24.32,24.3,24.35,Single Attn-GRU
550844,2026-03-06,2026-03-09,24.31,24.28,24.34,Single Attn-GRU
550844,2026-03-06,2026-03-10,24.3,24.26,24.34,Single Attn-GRU
550844,2026-03-06,2026-03-11,24.29,24.24,24.32,Single Attn-GRU
550844,2026-03-06,2026-03-12,24.28,24.24,24.32,Single Attn-GRU
550844,2026-03-06,2026-03-13,24.28,24.22,24.32,Single Attn-GRU
550844,2026-03-06,2026-03-14,24.25,24.2,24.3,Single Attn-GRU
550844,2026-03-06,2026-03-15,24.25,24.2,24.3,Single Attn-GRU
550844,2026-03-06,2026-03-16,24.25,24.18,24.31,Single Attn-GRU
550844,2026-03-06,2026-03-17,24.23,24.18,24.28,Single Attn-GRU
550844,2026-03-06,2026-03-18,24.23,24.18,24.28,Single Attn-GRU
550844,2026-03-06,2026-03-19,24.24,24.18,24.32,Single Attn-GRU
550844,2026-03-06,2026-03-20,24.23,24.15,24.35,Single Attn-GRU
550844,2026-03-06,2026-03-21,24.21,24.14,24.31,Single Attn-GRU
550844,2026-03-06,2026-03-22,24.25,24.15,24.36,Single Attn-GRU
550844,2026-03-06,2026-03-23,24.24,24.13,24.37,Single Attn-GRU
550844,2026-03-06,2026-03-24,24.2,24.08,24.41,Single Attn-GRU
550844,2026-03-06,2026-03-25,24.27,24.15,24.42,Single Attn-GRU
550844,2026-03-06,2026-03-26,24.16,24.05,24.35,Single Attn-GRU
550844,2026-03-06,2026-03-27,24.18,24.04,24.36,Single Attn-GRU
550844,2026-03-06,2026-03-28,24.18,24.01,24.41,Single Attn-GRU
550844,2026-03-06,2026-03-29,24.17,24.02,24.43,Single Attn-GRU
550844,2026-03-06,2026-03-30,24.24,24.05,24.43,Single Attn-GRU
550844,2026-03-06,2026-03-31,24.16,24.01,24.37,Single Attn-GRU
550844,2026-03-06,2026-04-01,24.16,24.01,24.39,Single Attn-GRU
550844,2026-03-06,2026-04-02,24.17,24.0,24.42,Single Attn-GRU
550844,2026-03-06,2026-04-03,24.13,23.96,24.4,Single Attn-GRU
550844,2026-03-06,2026-04-04,24.17,23.98,24.46,Single Attn-GRU
550844,2026-03-06,2026-04-05,24.19,24.01,24.41,Single Attn-GRU
551943,2026-03-06,2026-03-07,40.4,40.35,40.46,Single Attn-GRU
551943,2026-03-06,2026-03-08,40.38,40.25,40.51,Single Attn-GRU
551943,2026-03-06,2026-03-09,40.32,40.13,40.51,Single Attn-GRU
551943,2026-03-06,2026-03-10,40.3,40.01,40.58,Single Attn-GRU
551943,2026-03-06,2026-03-11,40.15,39.92,40.35,Single Attn-GRU
551943,2026-03-06,2026-03-12,40.22,39.89,40.53,Single Attn-GRU
551943,2026-03-06,2026-03-13,40.15,39.77,40.51,Single Attn-GRU
551943,2026-03-06,2026-03-14,39.93,39.69,40.15,Single Attn-GRU
551943,2026-03-06,2026-03-15,40.22,39.73,40.67,Single Attn-GRU
551943,2026-03-06,2026-03-16,40.0,39.58,40.38,Single Attn-GRU
551943,2026-03-06,2026-03-17,40.0,39.58,40.38,Single Attn-GRU
551943,2026-03-06,2026-03-18,40.06,39.58,40.51,Single Attn-GRU
551943,2026-03-06,2026-03-19,40.25,39.68,40.8,Single Attn-GRU
551943,2026-03-06,2026-03-20,40.41,39.78,41.09,Single Attn-GRU
551943,2026-03-06,2026-03-21,39.95,39.54,40.27,Single Attn-GRU
551943,2026-03-06,2026-03-22,40.24,39.51,41.1,Single Attn-GRU
551943,2026-03-06,2026-03-23,40.13,39.62,40.78,Single Attn-GRU
551943,2026-03-06,2026-03-24,40.05,39.49,40.68,Single Attn-GRU
551943,2026-03-06,2026-03-25,40.24,39.49,41.13,Single Attn-GRU
551943,2026-03-06,2026-03-26,40.03,39.3,41.0,Single Attn-GRU
551943,2026-03-06,2026-03-27,39.73,39.13,40.44,Single Attn-GRU
551943,2026-03-06,2026-03-28,39.9,39.19,40.84,Single Attn-GRU
551943,2026-03-06,2026-03-29,40.22,39.39,41.23,Single Attn-GRU
551943,2026-03-06,2026-03-30,39.93,39.1,41.02,Single Attn-GRU
551943,2026-03-06,2026-03-31,39.71,39.08,40.44,Single Attn-GRU
551943,2026-03-06,2026-04-01,39.42,38.57,40.28,Single Attn-GRU
551943,2026-03-06,2026-04-02,39.62,38.72,40.6,Single Attn-GRU
551943,2026-03-06,2026-04-03,39.76,39.0,40.58,Single Attn-GRU
551943,2026-03-06,2026-04-04,40.06,39.05,41.24,Single Attn-GRU
551943,2026-03-06,2026-04-05,39.6,38.64,40.84,Single Attn-GRU
551944,2026-03-06,2026-03-07,45.02,44.99,45.04,Single Attn-GRU
551944,2026-03-06,2026-03-08,44.93,44.86,44.98,Single Attn-GRU
551944,2026-03-06,2026-03-09,44.84,44.74,44.9,Single Attn-GRU
551944,2026-03-06,2026-03-10,44.77,44.63,44.86,Single Attn-GRU
551944,2026-03-06,2026-03-11,44.63,44.53,44.72,Single Attn-GRU
551944,2026-03-06,2026-03-12,44.54,44.37,44.68,Single Attn-GRU
551944,2026-03-06,2026-03-13,44.46,44.27,44.6,Single Attn-GRU
551944,2026-03-06,2026-03-14,44.29,44.13,44.41,Single Attn-GRU
551944,2026-03-06,2026-03-15,44.24,43.96,44.45,Single Attn-GRU
551944,2026-03-06,2026-03-16,44.09,43.87,44.27,Single Attn-GRU
551944,2026-03-06,2026-03-17,43.99,43.71,44.19,Single Attn-GRU
551944,2026-03-06,2026-03-18,43.9,43.62,44.14,Single Attn-GRU
551944,2026-03-06,2026-03-19,43.78,43.45,44.08,Single Attn-GRU
551944,2026-03-06,2026-03-20,43.58,43.28,43.93,Single Attn-GRU
551944,2026-03-06,2026-03-21,43.29,43.03,43.56,Single Attn-GRU
551944,2026-03-06,2026-03-22,43.14,42.81,43.49,Single Attn-GRU
551944,2026-03-06,2026-03-23,42.94,42.67,43.25,Single Attn-GRU
551944,2026-03-06,2026-03-24,42.73,42.56,43.04,Single Attn-GRU
551944,2026-03-06,2026-03-25,42.68,42.47,42.95,Single Attn-GRU
551944,2026-03-06,2026-03-26,42.63,42.44,42.86,Single Attn-GRU
551944,2026-03-06,2026-03-27,42.52,42.4,42.77,Single Attn-GRU
551944,2026-03-06,2026-03-28,42.43,42.35,42.62,Single Attn-GRU
551944,2026-03-06,2026-03-29,42.47,42.36,42.7,Single Attn-GRU
551944,2026-03-06,2026-03-30,42.45,42.35,42.73,Single Attn-GRU
551944,2026-03-06,2026-03-31,42.39,42.34,42.58,Single Attn-GRU
551944,2026-03-06,2026-04-01,42.37,42.33,42.51,Single Attn-GRU
551944,2026-03-06,2026-04-02,42.38,42.33,42.53,Single Attn-GRU
551944,2026-03-06,2026-04-03,42.37,42.32,42.46,Single Attn-GRU
551944,2026-03-06,2026-04-04,42.35,42.32,42.45,Single Attn-GRU
551944,2026-03-06,2026-04-05,42.37,42.32,42.48,Single Attn-GRU
559716,2026-03-06,2026-03-07,36.32,36.3,36.34,Single Attn-GRU
559716,2026-03-06,2026-03-08,36.34,36.31,36.38,Single Attn-GRU
559716,2026-03-06,2026-03-09,36.4,36.34,36.47,Single Attn-GRU
559716,2026-03-06,2026-03-10,36.44,36.36,36.53,Single Attn-GRU
559716,2026-03-06,2026-03-11,36.5,36.4,36.59,Single Attn-GRU
559716,2026-03-06,2026-03-12,36.55,36.44,36.66,Single Attn-GRU
559716,2026-03-06,2026-03-13,36.6,36.47,36.73,Single Attn-GRU
559716,2026-03-06,2026-03-14,36.67,36.51,36.81,Single Attn-GRU
559716,2026-03-06,2026-03-15,36.7,36.57,36.85,Single Attn-GRU
559716,2026-03-06,2026-03-16,36.77,36.6,36.94,Single Attn-GRU
559716,2026-03-06,2026-03-17,36.84,36.64,36.99,Single Attn-GRU
559716,2026-03-06,2026-03-18,36.89,36.72,37.05,Single Attn-GRU
559716,2026-03-06,2026-03-19,36.92,36.75,37.05,Single Attn-GRU
559716,2026-03-06,2026-03-20,36.97,36.79,37.09,Single Attn-GRU
559716,2026-03-06,2026-03-21,37.01,36.86,37.12,Single Attn-GRU
559716,2026-03-06,2026-03-22,37.05,36.86,37.14,Single Attn-GRU
559716,2026-03-06,2026-03-23,37.07,36.93,37.16,Single Attn-GRU
559716,2026-03-06,2026-03-24,37.11,37.01,37.18,Single Attn-GRU
559716,2026-03-06,2026-03-25,37.1,36.98,37.18,Single Attn-GRU
559716,2026-03-06,2026-03-26,37.15,37.04,37.2,Single Attn-GRU
559716,2026-03-06,2026-03-27,37.16,37.07,37.21,Single Attn-GRU
559716,2026-03-06,2026-03-28,37.17,37.08,37.21,Single Attn-GRU
559716,2026-03-06,2026-03-29,37.18,37.12,37.21,Single Attn-GRU
559716,2026-03-06,2026-03-30,37.18,37.1,37.21,Single Attn-GRU
559716,2026-03-06,2026-03-31,37.2,37.15,37.22,Single Attn-GRU
559716,2026-03-06,2026-04-01,37.19,37.12,37.22,Single Attn-GRU
559716,2026-03-06,2026-04-02,37.2,37.16,37.22,Single Attn-GRU
559716,2026-03-06,2026-04-03,37.21,37.16,37.22,Single Attn-GRU
559716,2026-03-06,2026-04-04,37.21,37.17,37.22,Single Attn-GRU
559716,2026-03-06,2026-04-05,37.21,37.18,37.22,Single Attn-GRU
561976,2026-03-06,2026-03-07,30.05,30.02,30.09,Single Attn-GRU
561976,2026-03-06,2026-03-08,30.07,30.02,30.13,Single Attn-GRU
561976,2026-03-06,2026-03-09,30.11,30.04,30.2,Single Attn-GRU
561976,2026-03-06,2026-03-10,30.14,30.02,30.26,Single Attn-GRU
561976,2026-03-06,2026-03-11,30.18,30.04,30.36,Single Attn-GRU
561976,2026-03-06,2026-03-12,30.24,30.07,30.43,Single Attn-GRU
561976,2026-03-06,2026-03-13,30.27,30.1,30.5,Single Attn-GRU
561976,2026-03-06,2026-03-14,30.34,30.1,30.58,Single Attn-GRU
561976,2026-03-06,2026-03-15,30.43,30.17,30.68,Single Attn-GRU
561976,2026-03-06,2026-03-16,30.49,30.18,30.79,Single Attn-GRU
561976,2026-03-06,2026-03-17,30.58,30.23,30.84,Single Attn-GRU
561976,2026-03-06,2026-03-18,30.65,30.34,30.96,Single Attn-GRU
561976,2026-03-06,2026-03-19,30.66,30.36,30.92,Single Attn-GRU
561976,2026-03-06,2026-03-20,30.81,30.53,31.06,Single Attn-GRU
561976,2026-03-06,2026-03-21,30.92,30.55,31.22,Single Attn-GRU
561976,2026-03-06,2026-03-22,30.85,30.62,31.14,Single Attn-GRU
561976,2026-03-06,2026-03-23,30.97,30.69,31.28,Single Attn-GRU
561976,2026-03-06,2026-03-24,31.07,30.81,31.32,Single Attn-GRU
561976,2026-03-06,2026-03-25,31.04,30.76,31.27,Single Attn-GRU
561976,2026-03-06,2026-03-26,31.18,30.84,31.46,Single Attn-GRU
561976,2026-03-06,2026-03-27,31.21,30.9,31.47,Single Attn-GRU
561976,2026-03-06,2026-03-28,31.27,30.94,31.5,Single Attn-GRU
561976,2026-03-06,2026-03-29,31.34,31.02,31.56,Single Attn-GRU
561976,2026-03-06,2026-03-30,31.3,31.0,31.53,Single Attn-GRU
561976,2026-03-06,2026-03-31,31.38,31.07,31.59,Single Attn-GRU
561976,2026-03-06,2026-04-01,31.37,31.09,31.57,Single Attn-GRU
561976,2026-03-06,2026-04-02,31.42,31.17,31.59,Single Attn-GRU
561976,2026-03-06,2026-04-03,31.46,31.19,31.64,Single Attn-GRU
561976,2026-03-06,2026-04-04,31.46,31.2,31.63,Single Attn-GRU
561976,2026-03-06,2026-04-05,31.49,31.17,31.66,Single Attn-GRU
561977,2026-03-06,2026-03-07,25.39,25.38,25.4,Single Attn-GRU
561977,2026-03-06,2026-03-08,25.39,25.38,25.41,Single Attn-GRU
561977,2026-03-06,2026-03-09,25.39,25.37,25.42,Single Attn-GRU
561977,2026-03-06,2026-03-10,25.39,25.36,25.43,Single Attn-GRU
561977,2026-03-06,2026-03-11,25.39,25.36,25.45,Single Attn-GRU
561977,2026-03-06,2026-03-12,25.4,25.36,25.46,Single Attn-GRU
561977,2026-03-06,2026-03-13,25.4,25.36,25.48,Single Attn-GRU
561977,2026-03-06,2026-03-14,25.42,25.36,25.5,Single Attn-GRU
561977,2026-03-06,2026-03-15,25.43,25.37,25.53,Single Attn-GRU
561977,2026-03-06,2026-03-16,25.45,25.37,25.58,Single Attn-GRU
561977,2026-03-06,2026-03-17,25.46,25.39,25.59,Single Attn-GRU
561977,2026-03-06,2026-03-18,25.48,25.4,25.6,Single Attn-GRU
561977,2026-03-06,2026-03-19,25.51,25.42,25.62,Single Attn-GRU
561977,2026-03-06,2026-03-20,25.52,25.43,25.62,Single Attn-GRU
561977,2026-03-06,2026-03-21,25.57,25.46,25.71,Single Attn-GRU
561977,2026-03-06,2026-03-22,25.57,25.47,25.7,Single Attn-GRU
561977,2026-03-06,2026-03-23,25.63,25.5,25.76,Single Attn-GRU
561977,2026-03-06,2026-03-24,25.63,25.51,25.75,Single Attn-GRU
561977,2026-03-06,2026-03-25,25.64,25.54,25.77,Single Attn-GRU
561977,2026-03-06,2026-03-26,25.66,25.51,25.82,Single Attn-GRU
561977,2026-03-06,2026-03-27,25.68,25.55,25.83,Single Attn-GRU
561977,2026-03-06,2026-03-28,25.72,25.55,25.86,Single Attn-GRU
561977,2026-03-06,2026-03-29,25.75,25.58,25.89,Single Attn-GRU
561977,2026-03-06,2026-03-30,25.72,25.58,25.87,Single Attn-GRU
561977,2026-03-06,2026-03-31,25.74,25.59,25.92,Single Attn-GRU
561977,2026-03-06,2026-04-01,25.77,25.63,25.93,Single Attn-GRU
561977,2026-03-06,2026-04-02,25.78,25.64,25.95,Single Attn-GRU
561977,2026-03-06,2026-04-03,25.8,25.62,25.98,Single Attn-GRU
561977,2026-03-06,2026-04-04,25.83,25.65,25.97,Single Attn-GRU
561977,2026-03-06,2026-04-05,25.84,25.67,26.02,Single Attn-GRU
561978,2026-03-06,2026-03-07,17.84,17.83,17.84,Single Attn-GRU
561978,2026-03-06,2026-03-08,17.82,17.82,17.83,Single Attn-GRU
561978,2026-03-06,2026-03-09,17.81,17.8,17.82,Single Attn-GRU
561978,2026-03-06,2026-03-10,17.8,17.79,17.81,Single Attn-GRU
561978,2026-03-06,2026-03-11,17.79,17.77,17.8,Single Attn-GRU
561978,2026-03-06,2026-03-12,17.77,17.75,17.78,Single Attn-GRU
561978,2026-03-06,2026-03-13,17.76,17.74,17.77,Single Attn-GRU
561978,2026-03-06,2026-03-14,17.74,17.72,17.76,Single Attn-GRU
561978,2026-03-06,2026-03-15,17.72,17.69,17.74,Single Attn-GRU
561978,2026-03-06,2026-03-16,17.7,17.68,17.72,Single Attn-GRU
561978,2026-03-06,2026-03-17,17.68,17.66,17.71,Single Attn-GRU
561978,2026-03-06,2026-03-18,17.67,17.65,17.7,Single Attn-GRU
561978,2026-03-06,2026-03-19,17.65,17.63,17.68,Single Attn-GRU
561978,2026-03-06,2026-03-20,17.63,17.61,17.66,Single Attn-GRU
561978,2026-03-06,2026-03-21,17.61,17.59,17.64,Single Attn-GRU
561978,2026-03-06,2026-03-22,17.59,17.58,17.61,Single Attn-GRU
561978,2026-03-06,2026-03-23,17.58,17.58,17.6,Single Attn-GRU
561978,2026-03-06,2026-03-24,17.58,17.58,17.59,Single Attn-GRU
561978,2026-03-06,2026-03-25,17.58,17.58,17.59,Single Attn-GRU
561978,2026-03-06,2026-03-26,17.58,17.58,17.59,Single Attn-GRU
561978,2026-03-06,2026-03-27,17.58,17.58,17.58,Single Attn-GRU
561978,2026-03-06,2026-03-28,17.58,17.58,17.58,Single Attn-GRU
561978,2026-03-06,2026-03-29,17.58,17.58,17.58,Single Attn-GRU
561978,2026-03-06,2026-03-30,17.58,17.58,17.58,Single Attn-GRU
561978,2026-03-06,2026-03-31,17.58,17.58,17.58,Single Attn-GRU
561978,2026-03-06,2026-04-01,17.58,17.58,17.58,Single Attn-GRU
561978,2026-03-06,2026-04-02,17.58,17.58,17.58,Single Attn-GRU
561978,2026-03-06,2026-04-03,17.58,17.58,17.58,Single Attn-GRU
561978,2026-03-06,2026-04-04,17.58,17.58,17.58,Single Attn-GRU
561978,2026-03-06,2026-04-05,17.58,17.58,17.58,Single Attn-GRU
561979,2026-03-06,2026-03-07,20.13,20.11,20.14,Single Attn-GRU
561979,2026-03-06,2026-03-08,20.13,20.11,20.16,Single Attn-GRU
561979,2026-03-06,2026-03-09,20.15,20.11,20.18,Single Attn-GRU
561979,2026-03-06,2026-03-10,20.16,20.11,20.21,Single Attn-GRU
561979,2026-03-06,2026-03-11,20.17,20.11,20.23,Single Attn-GRU
561979,2026-03-06,2026-03-12,20.19,20.12,20.26,Single Attn-GRU
561979,2026-03-06,2026-03-13,20.2,20.12,20.29,Single Attn-GRU
561979,2026-03-06,2026-03-14,20.22,20.13,20.31,Single Attn-GRU
561979,2026-03-06,2026-03-15,20.27,20.15,20.38,Single Attn-GRU
561979,2026-03-06,2026-03-16,20.29,20.16,20.42,Single Attn-GRU
561979,2026-03-06,2026-03-17,20.32,20.17,20.44,Single Attn-GRU
561979,2026-03-06,2026-03-18,20.34,20.19,20.48,Single Attn-GRU
561979,2026-03-06,2026-03-19,20.38,20.25,20.5,Single Attn-GRU
561979,2026-03-06,2026-03-20,20.43,20.28,20.55,Single Attn-GRU
561979,2026-03-06,2026-03-21,20.44,20.29,20.59,Single Attn-GRU
561979,2026-03-06,2026-03-22,20.48,20.32,20.6,Single Attn-GRU
561979,2026-03-06,2026-03-23,20.53,20.38,20.67,Single Attn-GRU
561979,2026-03-06,2026-03-24,20.56,20.4,20.68,Single Attn-GRU
561979,2026-03-06,2026-03-25,20.57,20.42,20.7,Single Attn-GRU
561979,2026-03-06,2026-03-26,20.62,20.42,20.76,Single Attn-GRU
561979,2026-03-06,2026-03-27,20.61,20.44,20.75,Single Attn-GRU
561979,2026-03-06,2026-03-28,20.66,20.45,20.8,Single Attn-GRU
561979,2026-03-06,2026-03-29,20.69,20.5,20.83,Single Attn-GRU
561979,2026-03-06,2026-03-30,20.64,20.48,20.79,Single Attn-GRU
561979,2026-03-06,2026-03-31,20.7,20.52,20.84,Single Attn-GRU
561979,2026-03-06,2026-04-01,20.7,20.52,20.82,Single Attn-GRU
561979,2026-03-06,2026-04-02,20.73,20.56,20.86,Single Attn-GRU
561979,2026-03-06,2026-04-03,20.77,20.58,20.88,Single Attn-GRU
561979,2026-03-06,2026-04-04,20.79,20.62,20.9,Single Attn-GRU
561979,2026-03-06,2026-04-05,20.8,20.6,20.92,Single Attn-GRU
561980,2026-03-06,2026-03-07,50.53,50.52,50.55,Single Attn-GRU
561980,2026-03-06,2026-03-08,50.47,50.45,50.49,Single Attn-GRU
561980,2026-03-06,2026-03-09,50.4,50.37,50.43,Single Attn-GRU
561980,2026-03-06,2026-03-10,50.35,50.31,50.37,Single Attn-GRU
561980,2026-03-06,2026-03-11,50.27,50.22,50.31,Single Attn-GRU
561980,2026-03-06,2026-03-12,50.19,50.1,50.26,Single Attn-GRU
561980,2026-03-06,2026-03-13,50.13,50.06,50.19,Single Attn-GRU
561980,2026-03-06,2026-03-14,50.05,49.95,50.12,Single Attn-GRU
561980,2026-03-06,2026-03-15,49.96,49.81,50.06,Single Attn-GRU
561980,2026-03-06,2026-03-16,49.88,49.75,49.98,Single Attn-GRU
561980,2026-03-06,2026-03-17,49.79,49.64,49.92,Single Attn-GRU
561980,2026-03-06,2026-03-18,49.73,49.6,49.86,Single Attn-GRU
561980,2026-03-06,2026-03-19,49.63,49.48,49.78,Single Attn-GRU
561980,2026-03-06,2026-03-20,49.51,49.37,49.68,Single Attn-GRU
561980,2026-03-06,2026-03-21,49.34,49.21,49.59,Single Attn-GRU
561980,2026-03-06,2026-03-22,49.22,49.13,49.41,Single Attn-GRU
561980,2026-03-06,2026-03-23,49.18,49.11,49.33,Single Attn-GRU
561980,2026-03-06,2026-03-24,49.11,49.08,49.21,Single Attn-GRU
561980,2026-03-06,2026-03-25,49.1,49.07,49.22,Single Attn-GRU
561980,2026-03-06,2026-03-26,49.08,49.06,49.17,Single Attn-GRU
561980,2026-03-06,2026-03-27,49.07,49.06,49.17,Single Attn-GRU
561980,2026-03-06,2026-03-28,49.06,49.05,49.13,Single Attn-GRU
561980,2026-03-06,2026-03-29,49.06,49.05,49.11,Single Attn-GRU
561980,2026-03-06,2026-03-30,49.06,49.05,49.12,Single Attn-GRU
561980,2026-03-06,2026-03-31,49.05,49.05,49.09,Single Attn-GRU
561980,2026-03-06,2026-04-01,49.05,49.05,49.08,Single Attn-GRU
561980,2026-03-06,2026-04-02,49.05,49.05,49.08,Single Attn-GRU
561980,2026-03-06,2026-04-03,49.05,49.05,49.08,Single Attn-GRU
561980,2026-03-06,2026-04-04,49.05,49.05,49.07,Single Attn-GRU
561980,2026-03-06,2026-04-05,49.05,49.05,49.07,Single Attn-GRU
561981,2026-03-06,2026-03-07,39.92,39.9,39.93,Single Attn-GRU
561981,2026-03-06,2026-03-08,39.87,39.85,39.88,Single Attn-GRU
561981,2026-03-06,2026-03-09,39.81,39.79,39.83,Single Attn-GRU
561981,2026-03-06,2026-03-10,39.77,39.74,39.79,Single Attn-GRU
561981,2026-03-06,2026-03-11,39.71,39.68,39.75,Single Attn-GRU
561981,2026-03-06,2026-03-12,39.65,39.6,39.7,Single Attn-GRU
561981,2026-03-06,2026-03-13,39.61,39.56,39.65,Single Attn-GRU
561981,2026-03-06,2026-03-14,39.54,39.49,39.6,Single Attn-GRU
561981,2026-03-06,2026-03-15,39.47,39.41,39.55,Single Attn-GRU
561981,2026-03-06,2026-03-16,39.42,39.36,39.49,Single Attn-GRU
561981,2026-03-06,2026-03-17,39.36,39.3,39.44,Single Attn-GRU
561981,2026-03-06,2026-03-18,39.31,39.24,39.39,Single Attn-GRU
561981,2026-03-06,2026-03-19,39.23,39.17,39.32,Single Attn-GRU
561981,2026-03-06,2026-03-20,39.16,39.1,39.25,Single Attn-GRU
561981,2026-03-06,2026-03-21,39.11,39.05,39.18,Single Attn-GRU
561981,2026-03-06,2026-03-22,39.06,39.03,39.12,Single Attn-GRU
561981,2026-03-06,2026-03-23,39.04,39.02,39.08,Single Attn-GRU
561981,2026-03-06,2026-03-24,39.02,39.01,39.05,Single Attn-GRU
561981,2026-03-06,2026-03-25,39.02,39.01,39.04,Single Attn-GRU
561981,2026-03-06,2026-03-26,39.02,39.01,39.03,Single Attn-GRU
561981,2026-03-06,2026-03-27,39.01,39.01,39.02,Single Attn-GRU
561981,2026-03-06,2026-03-28,39.01,39.01,39.02,Single Attn-GRU
561981,2026-03-06,2026-03-29,39.01,39.01,39.01,Single Attn-GRU
561981,2026-03-06,2026-03-30,39.01,39.01,39.02,Single Attn-GRU
561981,2026-03-06,2026-03-31,39.01,39.01,39.01,Single Attn-GRU
561981,2026-03-06,2026-04-01,39.01,39.01,39.01,Single Attn-GRU
561981,2026-03-06,2026-04-02,39.01,39.01,39.01,Single Attn-GRU
561981,2026-03-06,2026-04-03,39.01,39.01,39.01,Single Attn-GRU
561981,2026-03-06,2026-04-04,39.01,39.01,39.01,Single Attn-GRU
561981,2026-03-06,2026-04-05,39.01,39.01,39.01,Single Attn-GRU
561982,2026-03-06,2026-03-07,56.17,56.11,56.21,Single Attn-GRU
561982,2026-03-06,2026-03-08,55.94,55.85,56.01,Single Attn-GRU
561982,2026-03-06,2026-03-09,55.67,55.57,55.77,Single Attn-GRU
561982,2026-03-06,2026-03-10,55.44,55.33,55.57,Single Attn-GRU
561982,2026-03-06,2026-03-11,55.17,55.0,55.33,Single Attn-GRU
561982,2026-03-06,2026-03-12,54.85,54.59,55.1,Single Attn-GRU
561982,2026-03-06,2026-03-13,54.66,54.42,54.88,Single Attn-GRU
561982,2026-03-06,2026-03-14,54.28,54.01,54.59,Single Attn-GRU
561982,2026-03-06,2026-03-15,53.93,53.52,54.39,Single Attn-GRU
561982,2026-03-06,2026-03-16,53.66,53.24,54.07,Single Attn-GRU
561982,2026-03-06,2026-03-17,53.28,52.84,53.82,Single Attn-GRU
561982,2026-03-06,2026-03-18,53.06,52.6,53.52,Single Attn-GRU
561982,2026-03-06,2026-03-19,52.65,52.12,53.19,Single Attn-GRU
561982,2026-03-06,2026-03-20,52.17,51.66,52.82,Single Attn-GRU
561982,2026-03-06,2026-03-21,51.64,51.22,52.22,Single Attn-GRU
561982,2026-03-06,2026-03-22,51.22,50.97,51.73,Single Attn-GRU
561982,2026-03-06,2026-03-23,51.05,50.85,51.43,Single Attn-GRU
561982,2026-03-06,2026-03-24,50.89,50.77,51.24,Single Attn-GRU
561982,2026-03-06,2026-03-25,50.82,50.74,51.09,Single Attn-GRU
561982,2026-03-06,2026-03-26,50.8,50.73,51.05,Single Attn-GRU
561982,2026-03-06,2026-03-27,50.77,50.73,50.95,Single Attn-GRU
561982,2026-03-06,2026-03-28,50.74,50.72,50.82,Single Attn-GRU
561982,2026-03-06,2026-03-29,50.74,50.72,50.84,Single Attn-GRU
561982,2026-03-06,2026-03-30,50.73,50.72,50.87,Single Attn-GRU
561982,2026-03-06,2026-03-31,50.73,50.72,50.79,Single Attn-GRU
561982,2026-03-06,2026-04-01,50.72,50.71,50.77,Single Attn-GRU
561982,2026-03-06,2026-04-02,50.72,50.71,50.78,Single Attn-GRU
561982,2026-03-06,2026-04-03,50.72,50.71,50.76,Single Attn-GRU
561982,2026-03-06,2026-04-04,50.72,50.71,50.74,Single Attn-GRU
561982,2026-03-06,2026-04-05,50.72,50.71,50.77,Single Attn-GRU
561983,2026-03-06,2026-03-07,89.09,89.05,89.13,Single Attn-GRU
561983,2026-03-06,2026-03-08,88.99,88.95,89.05,Single Attn-GRU
561983,2026-03-06,2026-03-09,88.87,88.81,88.96,Single Attn-GRU
561983,2026-03-06,2026-03-10,88.76,88.66,88.86,Single Attn-GRU
561983,2026-03-06,2026-03-11,88.63,88.5,88.75,Single Attn-GRU
561983,2026-03-06,2026-03-12,88.51,88.35,88.65,Single Attn-GRU
561983,2026-03-06,2026-03-13,88.36,88.2,88.51,Single Attn-GRU
561983,2026-03-06,2026-03-14,88.2,88.03,88.39,Single Attn-GRU
561983,2026-03-06,2026-03-15,88.05,87.87,88.29,Single Attn-GRU
561983,2026-03-06,2026-03-16,87.92,87.75,88.17,Single Attn-GRU
561983,2026-03-06,2026-03-17,87.79,87.61,88.03,Single Attn-GRU
561983,2026-03-06,2026-03-18,87.64,87.49,87.89,Single Attn-GRU
561983,2026-03-06,2026-03-19,87.48,87.37,87.7,Single Attn-GRU
561983,2026-03-06,2026-03-20,87.35,87.28,87.52,Single Attn-GRU
561983,2026-03-06,2026-03-21,87.26,87.25,87.32,Single Attn-GRU
561983,2026-03-06,2026-03-22,87.25,87.25,87.27,Single Attn-GRU
561983,2026-03-06,2026-03-23,87.25,87.24,87.26,Single Attn-GRU
561983,2026-03-06,2026-03-24,87.24,87.24,87.25,Single Attn-GRU
561983,2026-03-06,2026-03-25,87.24,87.24,87.25,Single Attn-GRU
561983,2026-03-06,2026-03-26,87.24,87.24,87.25,Single Attn-GRU
561983,2026-03-06,2026-03-27,87.24,87.24,87.24,Single Attn-GRU
561983,2026-03-06,2026-03-28,87.24,87.24,87.24,Single Attn-GRU
561983,2026-03-06,2026-03-29,87.24,87.24,87.24,Single Attn-GRU
561983,2026-03-06,2026-03-30,87.24,87.24,87.24,Single Attn-GRU
561983,2026-03-06,2026-03-31,87.24,87.24,87.24,Single Attn-GRU
561983,2026-03-06,2026-04-01,87.24,87.24,87.24,Single Attn-GRU
561983,2026-03-06,2026-04-02,87.24,87.24,87.24,Single Attn-GRU
561983,2026-03-06,2026-04-03,87.24,87.24,87.24,Single Attn-GRU
561983,2026-03-06,2026-04-04,87.24,87.24,87.24,Single Attn-GRU
561983,2026-03-06,2026-04-05,87.24,87.24,87.24,Single Attn-GRU
561984,2026-03-06,2026-03-07,65.38,65.33,65.43,Single Attn-GRU
561984,2026-03-06,2026-03-08,65.15,65.07,65.23,Single Attn-GRU
561984,2026-03-06,2026-03-09,64.95,64.84,65.05,Single Attn-GRU
561984,2026-03-06,2026-03-10,64.77,64.66,64.91,Single Attn-GRU
561984,2026-03-06,2026-03-11,64.55,64.41,64.7,Single Attn-GRU
561984,2026-03-06,2026-03-12,64.23,64.0,64.52,Single Attn-GRU
561984,2026-03-06,2026-03-13,64.11,63.88,64.34,Single Attn-GRU
561984,2026-03-06,2026-03-14,63.85,63.58,64.13,Single Attn-GRU
561984,2026-03-06,2026-03-15,63.51,63.18,64.01,Single Attn-GRU
561984,2026-03-06,2026-03-16,63.36,63.03,63.8,Single Attn-GRU
561984,2026-03-06,2026-03-17,63.12,62.79,63.64,Single Attn-GRU
561984,2026-03-06,2026-03-18,62.95,62.65,63.37,Single Attn-GRU
561984,2026-03-06,2026-03-19,62.7,62.35,63.17,Single Attn-GRU
561984,2026-03-06,2026-03-20,62.41,62.08,62.85,Single Attn-GRU
561984,2026-03-06,2026-03-21,62.23,61.91,62.73,Single Attn-GRU
561984,2026-03-06,2026-03-22,61.98,61.75,62.49,Single Attn-GRU
561984,2026-03-06,2026-03-23,61.81,61.69,62.09,Single Attn-GRU
561984,2026-03-06,2026-03-24,61.72,61.65,61.95,Single Attn-GRU
561984,2026-03-06,2026-03-25,61.69,61.63,61.87,Single Attn-GRU
561984,2026-03-06,2026-03-26,61.68,61.63,61.85,Single Attn-GRU
561984,2026-03-06,2026-03-27,61.65,61.62,61.83,Single Attn-GRU
561984,2026-03-06,2026-03-28,61.64,61.62,61.71,Single Attn-GRU
561984,2026-03-06,2026-03-29,61.63,61.61,61.7,Single Attn-GRU
561984,2026-03-06,2026-03-30,61.63,61.61,61.72,Single Attn-GRU
561984,2026-03-06,2026-03-31,61.62,61.61,61.66,Single Attn-GRU
561984,2026-03-06,2026-04-01,61.62,61.61,61.69,Single Attn-GRU
561984,2026-03-06,2026-04-02,61.62,61.61,61.68,Single Attn-GRU
561984,2026-03-06,2026-04-03,61.62,61.61,61.65,Single Attn-GRU
561984,2026-03-06,2026-04-04,61.62,61.61,61.64,Single Attn-GRU
561984,2026-03-06,2026-04-05,61.62,61.61,61.66,Single Attn-GRU
561991,2026-03-06,2026-03-07,107.55,107.51,107.58,Single Attn-GRU
561991,2026-03-06,2026-03-08,107.33,107.26,107.39,Single Attn-GRU
561991,2026-03-06,2026-03-09,107.11,107.02,107.19,Single Attn-GRU
561991,2026-03-06,2026-03-10,106.92,106.83,106.99,Single Attn-GRU
561991,2026-03-06,2026-03-11,106.67,106.55,106.79,Single Attn-GRU
561991,2026-03-06,2026-03-12,106.41,106.14,106.7,Single Attn-GRU
561991,2026-03-06,2026-03-13,106.26,106.05,106.46,Single Attn-GRU
561991,2026-03-06,2026-03-14,105.96,105.69,106.28,Single Attn-GRU
561991,2026-03-06,2026-03-15,105.71,105.25,106.21,Single Attn-GRU
561991,2026-03-06,2026-03-16,105.43,105.03,105.93,Single Attn-GRU
561991,2026-03-06,2026-03-17,105.21,104.66,105.82,Single Attn-GRU
561991,2026-03-06,2026-03-18,105.05,104.56,105.64,Single Attn-GRU
561991,2026-03-06,2026-03-19,104.79,104.18,105.59,Single Attn-GRU
561991,2026-03-06,2026-03-20,104.48,103.85,105.28,Single Attn-GRU
561991,2026-03-06,2026-03-21,104.07,103.58,104.83,Single Attn-GRU
561991,2026-03-06,2026-03-22,103.53,103.06,104.51,Single Attn-GRU
561991,2026-03-06,2026-03-23,103.28,102.75,104.14,Single Attn-GRU
561991,2026-03-06,2026-03-24,102.89,102.41,103.87,Single Attn-GRU
561991,2026-03-06,2026-03-25,102.75,102.29,103.65,Single Attn-GRU
561991,2026-03-06,2026-03-26,102.56,102.21,103.31,Single Attn-GRU
561991,2026-03-06,2026-03-27,102.4,102.11,103.33,Single Attn-GRU
561991,2026-03-06,2026-03-28,102.26,102.03,103.13,Single Attn-GRU
561991,2026-03-06,2026-03-29,102.27,102.03,102.95,Single Attn-GRU
561991,2026-03-06,2026-03-30,102.34,102.04,103.04,Single Attn-GRU
561991,2026-03-06,2026-03-31,102.13,101.98,102.72,Single Attn-GRU
561991,2026-03-06,2026-04-01,102.1,101.98,102.76,Single Attn-GRU
561991,2026-03-06,2026-04-02,102.09,101.96,102.69,Single Attn-GRU
561991,2026-03-06,2026-04-03,102.05,101.95,102.4,Single Attn-GRU
561991,2026-03-06,2026-04-04,102.02,101.94,102.4,Single Attn-GRU
561991,2026-03-06,2026-04-05,102.06,101.95,102.4,Single Attn-GRU
561992,2026-03-06,2026-03-07,38.7,38.69,38.7,Single Attn-GRU
561992,2026-03-06,2026-03-08,38.67,38.66,38.68,Single Attn-GRU
561992,2026-03-06,2026-03-09,38.64,38.63,38.65,Single Attn-GRU
561992,2026-03-06,2026-03-10,38.61,38.6,38.63,Single Attn-GRU
561992,2026-03-06,2026-03-11,38.59,38.57,38.61,Single Attn-GRU
561992,2026-03-06,2026-03-12,38.59,38.57,38.6,Single Attn-GRU
561992,2026-03-06,2026-03-13,38.56,38.54,38.58,Single Attn-GRU
561992,2026-03-06,2026-03-14,38.55,38.52,38.57,Single Attn-GRU
561992,2026-03-06,2026-03-15,38.55,38.53,38.58,Single Attn-GRU
561992,2026-03-06,2026-03-16,38.53,38.5,38.56,Single Attn-GRU
561992,2026-03-06,2026-03-17,38.53,38.5,38.56,Single Attn-GRU
561992,2026-03-06,2026-03-18,38.53,38.51,38.56,Single Attn-GRU
561992,2026-03-06,2026-03-19,38.59,38.56,38.62,Single Attn-GRU
561992,2026-03-06,2026-03-20,38.62,38.58,38.65,Single Attn-GRU
561992,2026-03-06,2026-03-21,38.59,38.56,38.64,Single Attn-GRU
561992,2026-03-06,2026-03-22,38.63,38.56,38.68,Single Attn-GRU
561992,2026-03-06,2026-03-23,38.63,38.57,38.69,Single Attn-GRU
561992,2026-03-06,2026-03-24,38.71,38.59,38.78,Single Attn-GRU
561992,2026-03-06,2026-03-25,38.7,38.64,38.76,Single Attn-GRU
561992,2026-03-06,2026-03-26,38.59,38.5,38.67,Single Attn-GRU
561992,2026-03-06,2026-03-27,38.65,38.53,38.72,Single Attn-GRU
561992,2026-03-06,2026-03-28,38.64,38.55,38.74,Single Attn-GRU
561992,2026-03-06,2026-03-29,38.68,38.59,38.76,Single Attn-GRU
561992,2026-03-06,2026-03-30,38.69,38.59,38.76,Single Attn-GRU
561992,2026-03-06,2026-03-31,38.63,38.53,38.72,Single Attn-GRU
561992,2026-03-06,2026-04-01,38.68,38.55,38.77,Single Attn-GRU
561992,2026-03-06,2026-04-02,38.67,38.51,38.77,Single Attn-GRU
561992,2026-03-06,2026-04-03,38.67,38.58,38.78,Single Attn-GRU
561992,2026-03-06,2026-04-04,38.7,38.54,38.83,Single Attn-GRU
561992,2026-03-06,2026-04-05,38.62,38.51,38.73,Single Attn-GRU
561993,2026-03-06,2026-03-07,39.6,39.58,39.62,Single Attn-GRU
561993,2026-03-06,2026-03-08,39.45,39.42,39.48,Single Attn-GRU
561993,2026-03-06,2026-03-09,39.29,39.26,39.34,Single Attn-GRU
561993,2026-03-06,2026-03-10,39.16,39.11,39.22,Single Attn-GRU
561993,2026-03-06,2026-03-11,39.0,38.94,39.06,Single Attn-GRU
561993,2026-03-06,2026-03-12,38.86,38.73,39.0,Single Attn-GRU
561993,2026-03-06,2026-03-13,38.75,38.66,38.84,Single Attn-GRU
561993,2026-03-06,2026-03-14,38.57,38.45,38.69,Single Attn-GRU
561993,2026-03-06,2026-03-15,38.44,38.25,38.68,Single Attn-GRU
561993,2026-03-06,2026-03-16,38.26,38.07,38.49,Single Attn-GRU
561993,2026-03-06,2026-03-17,38.12,37.9,38.42,Single Attn-GRU
561993,2026-03-06,2026-03-18,38.08,37.84,38.31,Single Attn-GRU
561993,2026-03-06,2026-03-19,38.0,37.69,38.27,Single Attn-GRU
561993,2026-03-06,2026-03-20,37.84,37.54,38.19,Single Attn-GRU
561993,2026-03-06,2026-03-21,37.62,37.28,38.07,Single Attn-GRU
561993,2026-03-06,2026-03-22,37.36,36.95,37.84,Single Attn-GRU
561993,2026-03-06,2026-03-23,37.11,36.7,37.52,Single Attn-GRU
561993,2026-03-06,2026-03-24,36.77,36.44,37.36,Single Attn-GRU
561993,2026-03-06,2026-03-25,36.74,36.29,37.33,Single Attn-GRU
561993,2026-03-06,2026-03-26,36.47,36.12,37.11,Single Attn-GRU
561993,2026-03-06,2026-03-27,36.39,35.92,36.91,Single Attn-GRU
561993,2026-03-06,2026-03-28,36.23,35.79,36.89,Single Attn-GRU
561993,2026-03-06,2026-03-29,36.17,35.85,36.77,Single Attn-GRU
561993,2026-03-06,2026-03-30,36.2,35.73,36.93,Single Attn-GRU
561993,2026-03-06,2026-03-31,35.92,35.64,36.43,Single Attn-GRU
561993,2026-03-06,2026-04-01,35.94,35.6,36.52,Single Attn-GRU
561993,2026-03-06,2026-04-02,35.87,35.56,36.29,Single Attn-GRU
561993,2026-03-06,2026-04-03,35.78,35.53,36.19,Single Attn-GRU
561993,2026-03-06,2026-04-04,35.75,35.5,36.27,Single Attn-GRU
561993,2026-03-06,2026-04-05,35.76,35.54,36.17,Single Attn-GRU
561994,2026-03-06,2026-03-07,37.96,37.95,37.96,Single Attn-GRU
561994,2026-03-06,2026-03-08,37.95,37.94,37.97,Single Attn-GRU
561994,2026-03-06,2026-03-09,37.95,37.93,37.97,Single Attn-GRU
561994,2026-03-06,2026-03-10,37.95,37.92,37.99,Single Attn-GRU
561994,2026-03-06,2026-03-11,37.94,37.91,37.98,Single Attn-GRU
561994,2026-03-06,2026-03-12,37.95,37.91,37.99,Single Attn-GRU
561994,2026-03-06,2026-03-13,37.95,37.9,38.0,Single Attn-GRU
561994,2026-03-06,2026-03-14,37.94,37.9,37.99,Single Attn-GRU
561994,2026-03-06,2026-03-15,37.96,37.91,38.03,Single Attn-GRU
561994,2026-03-06,2026-03-16,37.96,37.9,38.04,Single Attn-GRU
561994,2026-03-06,2026-03-17,37.96,37.91,38.04,Single Attn-GRU
561994,2026-03-06,2026-03-18,37.98,37.92,38.05,Single Attn-GRU
561994,2026-03-06,2026-03-19,38.02,37.96,38.09,Single Attn-GRU
561994,2026-03-06,2026-03-20,38.05,37.98,38.12,Single Attn-GRU
561994,2026-03-06,2026-03-21,38.02,37.97,38.08,Single Attn-GRU
561994,2026-03-06,2026-03-22,38.07,38.0,38.16,Single Attn-GRU
561994,2026-03-06,2026-03-23,38.08,38.01,38.15,Single Attn-GRU
561994,2026-03-06,2026-03-24,38.11,38.05,38.17,Single Attn-GRU
561994,2026-03-06,2026-03-25,38.14,38.06,38.22,Single Attn-GRU
561994,2026-03-06,2026-03-26,38.11,38.02,38.2,Single Attn-GRU
561994,2026-03-06,2026-03-27,38.11,38.05,38.16,Single Attn-GRU
561994,2026-03-06,2026-03-28,38.15,38.06,38.23,Single Attn-GRU
561994,2026-03-06,2026-03-29,38.15,38.07,38.24,Single Attn-GRU
561994,2026-03-06,2026-03-30,38.13,38.06,38.21,Single Attn-GRU
561994,2026-03-06,2026-03-31,38.15,38.06,38.24,Single Attn-GRU
561994,2026-03-06,2026-04-01,38.15,38.08,38.22,Single Attn-GRU
561994,2026-03-06,2026-04-02,38.18,38.1,38.27,Single Attn-GRU
561994,2026-03-06,2026-04-03,38.17,38.08,38.26,Single Attn-GRU
561994,2026-03-06,2026-04-04,38.23,38.13,38.31,Single Attn-GRU
561994,2026-03-06,2026-04-05,38.19,38.09,38.3,Single Attn-GRU
561995,2026-03-06,2026-03-07,25.27,25.25,25.28,Single Attn-GRU
561995,2026-03-06,2026-03-08,25.21,25.18,25.24,Single Attn-GRU
561995,2026-03-06,2026-03-09,25.14,25.08,25.18,Single Attn-GRU
561995,2026-03-06,2026-03-10,25.06,25.0,25.11,Single Attn-GRU
561995,2026-03-06,2026-03-11,24.99,24.92,25.06,Single Attn-GRU
561995,2026-03-06,2026-03-12,24.93,24.84,25.0,Single Attn-GRU
561995,2026-03-06,2026-03-13,24.86,24.77,24.96,Single Attn-GRU
561995,2026-03-06,2026-03-14,24.78,24.68,24.88,Single Attn-GRU
561995,2026-03-06,2026-03-15,24.72,24.6,24.83,Single Attn-GRU
561995,2026-03-06,2026-03-16,24.62,24.5,24.74,Single Attn-GRU
561995,2026-03-06,2026-03-17,24.55,24.44,24.71,Single Attn-GRU
561995,2026-03-06,2026-03-18,24.51,24.37,24.65,Single Attn-GRU
561995,2026-03-06,2026-03-19,24.44,24.27,24.62,Single Attn-GRU
561995,2026-03-06,2026-03-20,24.36,24.17,24.57,Single Attn-GRU
561995,2026-03-06,2026-03-21,24.21,24.0,24.41,Single Attn-GRU
561995,2026-03-06,2026-03-22,24.13,23.87,24.35,Single Attn-GRU
561995,2026-03-06,2026-03-23,24.01,23.8,24.25,Single Attn-GRU
561995,2026-03-06,2026-03-24,23.87,23.66,24.12,Single Attn-GRU
561995,2026-03-06,2026-03-25,23.82,23.61,24.1,Single Attn-GRU
561995,2026-03-06,2026-03-26,23.79,23.61,24.09,Single Attn-GRU
561995,2026-03-06,2026-03-27,23.74,23.58,24.0,Single Attn-GRU
561995,2026-03-06,2026-03-28,23.64,23.48,24.04,Single Attn-GRU
561995,2026-03-06,2026-03-29,23.62,23.49,23.9,Single Attn-GRU
561995,2026-03-06,2026-03-30,23.6,23.44,23.88,Single Attn-GRU
561995,2026-03-06,2026-03-31,23.55,23.43,23.8,Single Attn-GRU
561995,2026-03-06,2026-04-01,23.55,23.43,23.82,Single Attn-GRU
561995,2026-03-06,2026-04-02,23.56,23.43,23.83,Single Attn-GRU
561995,2026-03-06,2026-04-03,23.51,23.41,23.7,Single Attn-GRU
561995,2026-03-06,2026-04-04,23.5,23.4,23.7,Single Attn-GRU
561995,2026-03-06,2026-04-05,23.5,23.41,23.76,Single Attn-GRU
562000,2026-03-06,2026-03-07,15.1,15.09,15.1,Single Attn-GRU
562000,2026-03-06,2026-03-08,15.07,15.05,15.08,Single Attn-GRU
562000,2026-03-06,2026-03-09,15.04,15.03,15.06,Single Attn-GRU
562000,2026-03-06,2026-03-10,15.02,15.01,15.04,Single Attn-GRU
562000,2026-03-06,2026-03-11,15.0,14.99,15.02,Single Attn-GRU
562000,2026-03-06,2026-03-12,14.97,14.93,15.0,Single Attn-GRU
562000,2026-03-06,2026-03-13,14.95,14.92,14.98,Single Attn-GRU
562000,2026-03-06,2026-03-14,14.92,14.89,14.95,Single Attn-GRU
562000,2026-03-06,2026-03-15,14.89,14.85,14.94,Single Attn-GRU
562000,2026-03-06,2026-03-16,14.88,14.84,14.92,Single Attn-GRU
562000,2026-03-06,2026-03-17,14.85,14.81,14.91,Single Attn-GRU
562000,2026-03-06,2026-03-18,14.85,14.81,14.89,Single Attn-GRU
562000,2026-03-06,2026-03-19,14.82,14.78,14.88,Single Attn-GRU
562000,2026-03-06,2026-03-20,14.78,14.73,14.84,Single Attn-GRU
562000,2026-03-06,2026-03-21,14.77,14.72,14.85,Single Attn-GRU
562000,2026-03-06,2026-03-22,14.74,14.69,14.82,Single Attn-GRU
562000,2026-03-06,2026-03-23,14.69,14.65,14.76,Single Attn-GRU
562000,2026-03-06,2026-03-24,14.67,14.64,14.75,Single Attn-GRU
562000,2026-03-06,2026-03-25,14.66,14.63,14.73,Single Attn-GRU
562000,2026-03-06,2026-03-26,14.64,14.62,14.71,Single Attn-GRU
562000,2026-03-06,2026-03-27,14.64,14.61,14.71,Single Attn-GRU
562000,2026-03-06,2026-03-28,14.62,14.6,14.68,Single Attn-GRU
562000,2026-03-06,2026-03-29,14.61,14.6,14.66,Single Attn-GRU
562000,2026-03-06,2026-03-30,14.62,14.6,14.69,Single Attn-GRU
562000,2026-03-06,2026-03-31,14.61,14.59,14.66,Single Attn-GRU
562000,2026-03-06,2026-04-01,14.61,14.59,14.67,Single Attn-GRU
562000,2026-03-06,2026-04-02,14.61,14.59,14.65,Single Attn-GRU
562000,2026-03-06,2026-04-03,14.6,14.59,14.63,Single Attn-GRU
562000,2026-03-06,2026-04-04,14.6,14.59,14.63,Single Attn-GRU
562000,2026-03-06,2026-04-05,14.6,14.59,14.63,Single Attn-GRU
562007,2026-03-06,2026-03-07,64.09,64.06,64.11,Single Attn-GRU
562007,2026-03-06,2026-03-08,63.98,63.93,64.02,Single Attn-GRU
562007,2026-03-06,2026-03-09,63.87,63.79,63.92,Single Attn-GRU
562007,2026-03-06,2026-03-10,63.77,63.67,63.84,Single Attn-GRU
562007,2026-03-06,2026-03-11,63.65,63.53,63.73,Single Attn-GRU
562007,2026-03-06,2026-03-12,63.54,63.37,63.65,Single Attn-GRU
562007,2026-03-06,2026-03-13,63.44,63.27,63.56,Single Attn-GRU
562007,2026-03-06,2026-03-14,63.32,63.11,63.46,Single Attn-GRU
562007,2026-03-06,2026-03-15,63.21,62.94,63.4,Single Attn-GRU
562007,2026-03-06,2026-03-16,63.1,62.83,63.31,Single Attn-GRU
562007,2026-03-06,2026-03-17,63.0,62.71,63.23,Single Attn-GRU
562007,2026-03-06,2026-03-18,62.9,62.59,63.18,Single Attn-GRU
562007,2026-03-06,2026-03-19,62.79,62.46,63.13,Single Attn-GRU
562007,2026-03-06,2026-03-20,62.64,62.31,63.0,Single Attn-GRU
562007,2026-03-06,2026-03-21,62.44,62.2,62.92,Single Attn-GRU
562007,2026-03-06,2026-03-22,62.33,62.08,62.72,Single Attn-GRU
562007,2026-03-06,2026-03-23,62.15,61.92,62.52,Single Attn-GRU
562007,2026-03-06,2026-03-24,61.97,61.75,62.42,Single Attn-GRU
562007,2026-03-06,2026-03-25,61.9,61.71,62.33,Single Attn-GRU
562007,2026-03-06,2026-03-26,61.88,61.68,62.23,Single Attn-GRU
562007,2026-03-06,2026-03-27,61.8,61.66,62.17,Single Attn-GRU
562007,2026-03-06,2026-03-28,61.71,61.59,62.01,Single Attn-GRU
562007,2026-03-06,2026-03-29,61.67,61.57,61.93,Single Attn-GRU
562007,2026-03-06,2026-03-30,61.69,61.55,62.02,Single Attn-GRU
562007,2026-03-06,2026-03-31,61.61,61.54,61.87,Single Attn-GRU
562007,2026-03-06,2026-04-01,61.63,61.54,61.92,Single Attn-GRU
562007,2026-03-06,2026-04-02,61.64,61.52,61.84,Single Attn-GRU
562007,2026-03-06,2026-04-03,61.58,61.51,61.81,Single Attn-GRU
562007,2026-03-06,2026-04-04,61.56,61.5,61.82,Single Attn-GRU
562007,2026-03-06,2026-04-05,61.58,61.5,61.73,Single Attn-GRU
562021,2026-03-06,2026-03-07,134.13,134.08,134.17,Single Attn-GRU
562021,2026-03-06,2026-03-08,133.98,133.9,134.04,Single Attn-GRU
562021,2026-03-06,2026-03-09,133.8,133.67,133.92,Single Attn-GRU
562021,2026-03-06,2026-03-10,133.64,133.48,133.81,Single Attn-GRU
562021,2026-03-06,2026-03-11,133.47,133.26,133.68,Single Attn-GRU
562021,2026-03-06,2026-03-12,133.47,133.24,133.66,Single Attn-GRU
562021,2026-03-06,2026-03-13,133.28,132.99,133.56,Single Attn-GRU
562021,2026-03-06,2026-03-14,133.15,132.81,133.48,Single Attn-GRU
562021,2026-03-06,2026-03-15,133.26,132.94,133.54,Single Attn-GRU
562021,2026-03-06,2026-03-16,133.06,132.67,133.5,Single Attn-GRU
562021,2026-03-06,2026-03-17,133.0,132.63,133.46,Single Attn-GRU
562021,2026-03-06,2026-03-18,133.03,132.65,133.45,Single Attn-GRU
562021,2026-03-06,2026-03-19,133.23,132.89,133.66,Single Attn-GRU
562021,2026-03-06,2026-03-20,133.34,132.91,133.79,Single Attn-GRU
562021,2026-03-06,2026-03-21,133.12,132.57,133.73,Single Attn-GRU
562021,2026-03-06,2026-03-22,133.3,132.72,133.88,Single Attn-GRU
562021,2026-03-06,2026-03-23,133.3,132.7,133.83,Single Attn-GRU
562021,2026-03-06,2026-03-24,133.5,132.81,134.05,Single Attn-GRU
562021,2026-03-06,2026-03-25,133.36,132.7,134.13,Single Attn-GRU
562021,2026-03-06,2026-03-26,133.5,132.76,134.28,Single Attn-GRU
562021,2026-03-06,2026-03-27,133.24,132.57,133.98,Single Attn-GRU
562021,2026-03-06,2026-03-28,133.39,132.66,134.25,Single Attn-GRU
562021,2026-03-06,2026-03-29,133.38,132.68,134.17,Single Attn-GRU
562021,2026-03-06,2026-03-30,132.96,132.29,133.98,Single Attn-GRU
562021,2026-03-06,2026-03-31,133.01,132.0,133.97,Single Attn-GRU
562021,2026-03-06,2026-04-01,133.22,132.47,134.23,Single Attn-GRU
562021,2026-03-06,2026-04-02,133.55,132.62,134.24,Single Attn-GRU
562021,2026-03-06,2026-04-03,133.45,132.29,134.29,Single Attn-GRU
562021,2026-03-06,2026-04-04,133.5,132.78,134.56,Single Attn-GRU
562021,2026-03-06,2026-04-05,133.14,132.2,134.16,Single Attn-GRU
590822,2026-03-06,2026-03-07,23.86,23.85,23.87,Single Attn-GRU
590822,2026-03-06,2026-03-08,23.85,23.83,23.87,Single Attn-GRU
590822,2026-03-06,2026-03-09,23.85,23.82,23.88,Single Attn-GRU
590822,2026-03-06,2026-03-10,23.84,23.81,23.89,Single Attn-GRU
590822,2026-03-06,2026-03-11,23.85,23.81,23.9,Single Attn-GRU
590822,2026-03-06,2026-03-12,23.86,23.81,23.92,Single Attn-GRU
590822,2026-03-06,2026-03-13,23.85,23.79,23.92,Single Attn-GRU
590822,2026-03-06,2026-03-14,23.86,23.78,23.94,Single Attn-GRU
590822,2026-03-06,2026-03-15,23.88,23.8,23.97,Single Attn-GRU
590822,2026-03-06,2026-03-16,23.89,23.8,24.0,Single Attn-GRU
590822,2026-03-06,2026-03-17,23.91,23.81,24.03,Single Attn-GRU
590822,2026-03-06,2026-03-18,23.92,23.81,24.04,Single Attn-GRU
590822,2026-03-06,2026-03-19,23.93,23.83,24.05,Single Attn-GRU
590822,2026-03-06,2026-03-20,23.94,23.82,24.09,Single Attn-GRU
590822,2026-03-06,2026-03-21,23.97,23.85,24.13,Single Attn-GRU
590822,2026-03-06,2026-03-22,24.0,23.9,24.13,Single Attn-GRU
590822,2026-03-06,2026-03-23,24.02,23.9,24.18,Single Attn-GRU
590822,2026-03-06,2026-03-24,24.03,23.88,24.2,Single Attn-GRU
590822,2026-03-06,2026-03-25,24.01,23.83,24.17,Single Attn-GRU
590822,2026-03-06,2026-03-26,24.1,23.96,24.27,Single Attn-GRU
590822,2026-03-06,2026-03-27,24.09,23.9,24.27,Single Attn-GRU
590822,2026-03-06,2026-03-28,24.19,23.97,24.35,Single Attn-GRU
590822,2026-03-06,2026-03-29,24.13,23.93,24.34,Single Attn-GRU
590822,2026-03-06,2026-03-30,24.1,23.91,24.31,Single Attn-GRU
590822,2026-03-06,2026-03-31,24.15,23.95,24.36,Single Attn-GRU
590822,2026-03-06,2026-04-01,24.17,23.95,24.36,Single Attn-GRU
590822,2026-03-06,2026-04-02,24.15,23.96,24.36,Single Attn-GRU
590822,2026-03-06,2026-04-03,24.2,24.01,24.41,Single Attn-GRU
590822,2026-03-06,2026-04-04,24.25,24.02,24.43,Single Attn-GRU
590822,2026-03-06,2026-04-05,24.28,24.03,24.48,Single Attn-GRU
591994,2026-03-06,2026-03-07,53.89,53.88,53.91,Single Attn-GRU
591994,2026-03-06,2026-03-08,53.81,53.79,53.84,Single Attn-GRU
591994,2026-03-06,2026-03-09,53.73,53.69,53.77,Single Attn-GRU
591994,2026-03-06,2026-03-10,53.66,53.62,53.71,Single Attn-GRU
591994,2026-03-06,2026-03-11,53.58,53.51,53.63,Single Attn-GRU
591994,2026-03-06,2026-03-12,53.46,53.37,53.55,Single Attn-GRU
591994,2026-03-06,2026-03-13,53.4,53.32,53.48,Single Attn-GRU
591994,2026-03-06,2026-03-14,53.29,53.19,53.39,Single Attn-GRU
591994,2026-03-06,2026-03-15,53.16,53.02,53.31,Single Attn-GRU
591994,2026-03-06,2026-03-16,53.07,52.95,53.23,Single Attn-GRU
591994,2026-03-06,2026-03-17,52.97,52.83,53.15,Single Attn-GRU
591994,2026-03-06,2026-03-18,52.9,52.75,53.05,Single Attn-GRU
591994,2026-03-06,2026-03-19,52.77,52.63,52.94,Single Attn-GRU
591994,2026-03-06,2026-03-20,52.64,52.49,52.83,Single Attn-GRU
591994,2026-03-06,2026-03-21,52.5,52.39,52.62,Single Attn-GRU
591994,2026-03-06,2026-03-22,52.39,52.33,52.55,Single Attn-GRU
591994,2026-03-06,2026-03-23,52.35,52.31,52.47,Single Attn-GRU
591994,2026-03-06,2026-03-24,52.3,52.28,52.39,Single Attn-GRU
591994,2026-03-06,2026-03-25,52.29,52.27,52.36,Single Attn-GRU
591994,2026-03-06,2026-03-26,52.29,52.27,52.35,Single Attn-GRU
591994,2026-03-06,2026-03-27,52.28,52.27,52.33,Single Attn-GRU
591994,2026-03-06,2026-03-28,52.27,52.27,52.3,Single Attn-GRU
591994,2026-03-06,2026-03-29,52.27,52.27,52.3,Single Attn-GRU
591994,2026-03-06,2026-03-30,52.27,52.27,52.29,Single Attn-GRU
591994,2026-03-06,2026-03-31,52.27,52.27,52.28,Single Attn-GRU
591994,2026-03-06,2026-04-01,52.27,52.27,52.28,Single Attn-GRU
591994,2026-03-06,2026-04-02,52.27,52.27,52.28,Single Attn-GRU
591994,2026-03-06,2026-04-03,52.27,52.27,52.28,Single Attn-GRU
591994,2026-03-06,2026-04-04,52.27,52.27,52.27,Single Attn-GRU
591994,2026-03-06,2026-04-05,52.27,52.27,52.28,Single Attn-GRU
591998,2026-03-06,2026-03-07,61.19,61.13,61.23,Single Attn-GRU
591998,2026-03-06,2026-03-08,61.27,61.17,61.38,Single Attn-GRU
591998,2026-03-06,2026-03-09,61.38,61.24,61.55,Single Attn-GRU
591998,2026-03-06,2026-03-10,61.45,61.3,61.68,Single Attn-GRU
591998,2026-03-06,2026-03-11,61.57,61.36,61.79,Single Attn-GRU
591998,2026-03-06,2026-03-12,61.67,61.44,61.94,Single Attn-GRU
591998,2026-03-06,2026-03-13,61.81,61.49,62.1,Single Attn-GRU
591998,2026-03-06,2026-03-14,61.88,61.62,62.19,Single Attn-GRU
591998,2026-03-06,2026-03-15,61.99,61.69,62.34,Single Attn-GRU
591998,2026-03-06,2026-03-16,62.13,61.75,62.43,Single Attn-GRU
591998,2026-03-06,2026-03-17,62.22,61.86,62.56,Single Attn-GRU
591998,2026-03-06,2026-03-18,62.31,61.9,62.64,Single Attn-GRU
591998,2026-03-06,2026-03-19,62.42,62.07,62.69,Single Attn-GRU
591998,2026-03-06,2026-03-20,62.51,62.2,62.77,Single Attn-GRU
591998,2026-03-06,2026-03-21,62.6,62.2,62.81,Single Attn-GRU
591998,2026-03-06,2026-03-22,62.65,62.3,62.84,Single Attn-GRU
591998,2026-03-06,2026-03-23,62.69,62.41,62.87,Single Attn-GRU
591998,2026-03-06,2026-03-24,62.75,62.41,62.9,Single Attn-GRU
591998,2026-03-06,2026-03-25,62.78,62.51,62.91,Single Attn-GRU
591998,2026-03-06,2026-03-26,62.82,62.56,62.93,Single Attn-GRU
591998,2026-03-06,2026-03-27,62.85,62.6,62.94,Single Attn-GRU
591998,2026-03-06,2026-03-28,62.86,62.58,62.95,Single Attn-GRU
591998,2026-03-06,2026-03-29,62.9,62.7,62.96,Single Attn-GRU
591998,2026-03-06,2026-03-30,62.89,62.7,62.95,Single Attn-GRU
591998,2026-03-06,2026-03-31,62.91,62.74,62.96,Single Attn-GRU
591998,2026-03-06,2026-04-01,62.92,62.74,62.96,Single Attn-GRU
591998,2026-03-06,2026-04-02,62.92,62.76,62.97,Single Attn-GRU
591998,2026-03-06,2026-04-03,62.94,62.8,62.97,Single Attn-GRU
591998,2026-03-06,2026-04-04,62.94,62.82,62.97,Single Attn-GRU
591998,2026-03-06,2026-04-05,62.95,62.82,62.97,Single Attn-GRU
591999,2026-03-06,2026-03-07,54.63,54.62,54.65,Single Attn-GRU
591999,2026-03-06,2026-03-08,54.62,54.59,54.65,Single Attn-GRU
591999,2026-03-06,2026-03-09,54.62,54.57,54.66,Single Attn-GRU
591999,2026-03-06,2026-03-10,54.6,54.55,54.65,Single Attn-GRU
591999,2026-03-06,2026-03-11,54.61,54.54,54.68,Single Attn-GRU
591999,2026-03-06,2026-03-12,54.61,54.54,54.69,Single Attn-GRU
591999,2026-03-06,2026-03-13,54.6,54.52,54.71,Single Attn-GRU
591999,2026-03-06,2026-03-14,54.61,54.5,54.73,Single Attn-GRU
591999,2026-03-06,2026-03-15,54.63,54.51,54.75,Single Attn-GRU
591999,2026-03-06,2026-03-16,54.64,54.51,54.79,Single Attn-GRU
591999,2026-03-06,2026-03-17,54.65,54.51,54.81,Single Attn-GRU
591999,2026-03-06,2026-03-18,54.67,54.52,54.85,Single Attn-GRU
591999,2026-03-06,2026-03-19,54.68,54.53,54.85,Single Attn-GRU
591999,2026-03-06,2026-03-20,54.68,54.47,54.87,Single Attn-GRU
591999,2026-03-06,2026-03-21,54.75,54.52,54.99,Single Attn-GRU
591999,2026-03-06,2026-03-22,54.72,54.5,54.94,Single Attn-GRU
591999,2026-03-06,2026-03-23,54.77,54.53,55.02,Single Attn-GRU
591999,2026-03-06,2026-03-24,54.72,54.43,55.01,Single Attn-GRU
591999,2026-03-06,2026-03-25,54.7,54.41,54.96,Single Attn-GRU
591999,2026-03-06,2026-03-26,54.79,54.49,55.09,Single Attn-GRU
591999,2026-03-06,2026-03-27,54.83,54.47,55.1,Single Attn-GRU
591999,2026-03-06,2026-03-28,54.87,54.51,55.19,Single Attn-GRU
591999,2026-03-06,2026-03-29,54.86,54.47,55.23,Single Attn-GRU
591999,2026-03-06,2026-03-30,54.83,54.45,55.23,Single Attn-GRU
591999,2026-03-06,2026-03-31,54.83,54.45,55.26,Single Attn-GRU
591999,2026-03-06,2026-04-01,54.86,54.5,55.24,Single Attn-GRU
591999,2026-03-06,2026-04-02,54.83,54.41,55.24,Single Attn-GRU
591999,2026-03-06,2026-04-03,54.87,54.41,55.3,Single Attn-GRU
591999,2026-03-06,2026-04-04,54.92,54.45,55.31,Single Attn-GRU
591999,2026-03-06,2026-04-05,54.99,54.55,55.42,Single Attn-GRU
592000,2026-03-06,2026-03-07,24.87,24.84,24.91,Single Attn-GRU
592000,2026-03-06,2026-03-08,24.92,24.87,24.98,Single Attn-GRU
592000,2026-03-06,2026-03-09,25.02,24.92,25.1,Single Attn-GRU
592000,2026-03-06,2026-03-10,25.07,24.94,25.18,Single Attn-GRU
592000,2026-03-06,2026-03-11,25.15,25.0,25.28,Single Attn-GRU
592000,2026-03-06,2026-03-12,25.22,25.06,25.36,Single Attn-GRU
592000,2026-03-06,2026-03-13,25.3,25.11,25.44,Single Attn-GRU
592000,2026-03-06,2026-03-14,25.37,25.18,25.51,Single Attn-GRU
592000,2026-03-06,2026-03-15,25.44,25.21,25.57,Single Attn-GRU
592000,2026-03-06,2026-03-16,25.51,25.29,25.61,Single Attn-GRU
592000,2026-03-06,2026-03-17,25.56,25.37,25.65,Single Attn-GRU
592000,2026-03-06,2026-03-18,25.6,25.44,25.67,Single Attn-GRU
592000,2026-03-06,2026-03-19,25.61,25.43,25.68,Single Attn-GRU
592000,2026-03-06,2026-03-20,25.64,25.51,25.7,Single Attn-GRU
592000,2026-03-06,2026-03-21,25.67,25.53,25.71,Single Attn-GRU
592000,2026-03-06,2026-03-22,25.69,25.58,25.71,Single Attn-GRU
592000,2026-03-06,2026-03-23,25.69,25.61,25.71,Single Attn-GRU
592000,2026-03-06,2026-03-24,25.7,25.64,25.72,Single Attn-GRU
592000,2026-03-06,2026-03-25,25.7,25.61,25.72,Single Attn-GRU
592000,2026-03-06,2026-03-26,25.71,25.67,25.72,Single Attn-GRU
592000,2026-03-06,2026-03-27,25.72,25.68,25.72,Single Attn-GRU
592000,2026-03-06,2026-03-28,25.72,25.68,25.72,Single Attn-GRU
592000,2026-03-06,2026-03-29,25.72,25.7,25.72,Single Attn-GRU
592000,2026-03-06,2026-03-30,25.72,25.7,25.72,Single Attn-GRU
592000,2026-03-06,2026-03-31,25.72,25.71,25.72,Single Attn-GRU
592000,2026-03-06,2026-04-01,25.72,25.71,25.72,Single Attn-GRU
592000,2026-03-06,2026-04-02,25.72,25.71,25.72,Single Attn-GRU
592000,2026-03-06,2026-04-03,25.72,25.72,25.72,Single Attn-GRU
592000,2026-03-06,2026-04-04,25.72,25.71,25.72,Single Attn-GRU
592000,2026-03-06,2026-04-05,25.72,25.72,25.72,Single Attn-GRU
592001,2026-03-06,2026-03-07,26.44,26.4,26.47,Single Attn-GRU
592001,2026-03-06,2026-03-08,26.54,26.45,26.6,Single Attn-GRU
592001,2026-03-06,2026-03-09,26.64,26.53,26.74,Single Attn-GRU
592001,2026-03-06,2026-03-10,26.73,26.59,26.86,Single Attn-GRU
592001,2026-03-06,2026-03-11,26.83,26.67,26.97,Single Attn-GRU
592001,2026-03-06,2026-03-12,26.95,26.75,27.09,Single Attn-GRU
592001,2026-03-06,2026-03-13,27.04,26.83,27.2,Single Attn-GRU
592001,2026-03-06,2026-03-14,27.11,26.9,27.27,Single Attn-GRU
592001,2026-03-06,2026-03-15,27.24,27.01,27.4,Single Attn-GRU
592001,2026-03-06,2026-03-16,27.32,27.09,27.49,Single Attn-GRU
592001,2026-03-06,2026-03-17,27.4,27.19,27.55,Single Attn-GRU
592001,2026-03-06,2026-03-18,27.45,27.23,27.6,Single Attn-GRU
592001,2026-03-06,2026-03-19,27.51,27.29,27.65,Single Attn-GRU
592001,2026-03-06,2026-03-20,27.57,27.38,27.69,Single Attn-GRU
592001,2026-03-06,2026-03-21,27.6,27.43,27.73,Single Attn-GRU
592001,2026-03-06,2026-03-22,27.64,27.45,27.74,Single Attn-GRU
592001,2026-03-06,2026-03-23,27.68,27.55,27.76,Single Attn-GRU
592001,2026-03-06,2026-03-24,27.7,27.52,27.77,Single Attn-GRU
592001,2026-03-06,2026-03-25,27.71,27.55,27.77,Single Attn-GRU
592001,2026-03-06,2026-03-26,27.75,27.65,27.79,Single Attn-GRU
592001,2026-03-06,2026-03-27,27.75,27.65,27.79,Single Attn-GRU
592001,2026-03-06,2026-03-28,27.76,27.68,27.8,Single Attn-GRU
592001,2026-03-06,2026-03-29,27.77,27.7,27.8,Single Attn-GRU
592001,2026-03-06,2026-03-30,27.78,27.71,27.8,Single Attn-GRU
592001,2026-03-06,2026-03-31,27.78,27.73,27.8,Single Attn-GRU
592001,2026-03-06,2026-04-01,27.78,27.72,27.8,Single Attn-GRU
592001,2026-03-06,2026-04-02,27.79,27.73,27.8,Single Attn-GRU
592001,2026-03-06,2026-04-03,27.8,27.76,27.81,Single Attn-GRU
592001,2026-03-06,2026-04-04,27.8,27.76,27.81,Single Attn-GRU
592001,2026-03-06,2026-04-05,27.8,27.77,27.81,Single Attn-GRU
592012,2026-03-06,2026-03-07,32.81,32.8,32.82,Single Attn-GRU
592012,2026-03-06,2026-03-08,32.81,32.79,32.82,Single Attn-GRU
592012,2026-03-06,2026-03-09,32.81,32.78,32.83,Single Attn-GRU
592012,2026-03-06,2026-03-10,32.8,32.77,32.83,Single Attn-GRU
592012,2026-03-06,2026-03-11,32.81,32.77,32.85,Single Attn-GRU
592012,2026-03-06,2026-03-12,32.82,32.77,32.86,Single Attn-GRU
592012,2026-03-06,2026-03-13,32.82,32.77,32.87,Single Attn-GRU
592012,2026-03-06,2026-03-14,32.83,32.76,32.88,Single Attn-GRU
592012,2026-03-06,2026-03-15,32.84,32.76,32.9,Single Attn-GRU
592012,2026-03-06,2026-03-16,32.85,32.77,32.93,Single Attn-GRU
592012,2026-03-06,2026-03-17,32.86,32.77,32.94,Single Attn-GRU
592012,2026-03-06,2026-03-18,32.87,32.78,32.97,Single Attn-GRU
592012,2026-03-06,2026-03-19,32.88,32.78,32.99,Single Attn-GRU
592012,2026-03-06,2026-03-20,32.88,32.77,33.01,Single Attn-GRU
592012,2026-03-06,2026-03-21,32.94,32.79,33.07,Single Attn-GRU
592012,2026-03-06,2026-03-22,32.91,32.79,33.03,Single Attn-GRU
592012,2026-03-06,2026-03-23,32.95,32.81,33.09,Single Attn-GRU
592012,2026-03-06,2026-03-24,32.92,32.76,33.09,Single Attn-GRU
592012,2026-03-06,2026-03-25,32.92,32.78,33.07,Single Attn-GRU
592012,2026-03-06,2026-03-26,32.95,32.8,33.13,Single Attn-GRU
592012,2026-03-06,2026-03-27,33.0,32.79,33.15,Single Attn-GRU
592012,2026-03-06,2026-03-28,33.05,32.86,33.19,Single Attn-GRU
592012,2026-03-06,2026-03-29,33.05,32.83,33.21,Single Attn-GRU
592012,2026-03-06,2026-03-30,33.04,32.81,33.2,Single Attn-GRU
592012,2026-03-06,2026-03-31,33.01,32.82,33.21,Single Attn-GRU
592012,2026-03-06,2026-04-01,33.04,32.82,33.22,Single Attn-GRU
592012,2026-03-06,2026-04-02,33.04,32.79,33.23,Single Attn-GRU
592012,2026-03-06,2026-04-03,33.06,32.81,33.26,Single Attn-GRU
592012,2026-03-06,2026-04-04,33.08,32.85,33.26,Single Attn-GRU
592012,2026-03-06,2026-04-05,33.13,32.92,33.32,Single Attn-GRU
592013,2026-03-06,2026-03-07,45.91,45.84,45.98,Single Attn-GRU
592013,2026-03-06,2026-03-08,46.02,45.86,46.21,Single Attn-GRU
592013,2026-03-06,2026-03-09,46.13,45.88,46.38,Single Attn-GRU
592013,2026-03-06,2026-03-10,46.18,45.89,46.52,Single Attn-GRU
592013,2026-03-06,2026-03-11,46.34,45.97,46.77,Single Attn-GRU
592013,2026-03-06,2026-03-12,46.42,46.04,46.85,Single Attn-GRU
592013,2026-03-06,2026-03-13,46.54,46.09,47.06,Single Attn-GRU
592013,2026-03-06,2026-03-14,46.69,46.2,47.26,Single Attn-GRU
592013,2026-03-06,2026-03-15,46.74,46.25,47.36,Single Attn-GRU
592013,2026-03-06,2026-03-16,46.97,46.3,47.67,Single Attn-GRU
592013,2026-03-06,2026-03-17,46.99,46.32,47.77,Single Attn-GRU
592013,2026-03-06,2026-03-18,47.14,46.43,47.92,Single Attn-GRU
592013,2026-03-06,2026-03-19,47.38,46.52,48.1,Single Attn-GRU
592013,2026-03-06,2026-03-20,47.38,46.64,48.19,Single Attn-GRU
592013,2026-03-06,2026-03-21,47.68,46.89,48.55,Single Attn-GRU
592013,2026-03-06,2026-03-22,47.73,46.74,48.55,Single Attn-GRU
592013,2026-03-06,2026-03-23,48.04,46.97,48.96,Single Attn-GRU
592013,2026-03-06,2026-03-24,47.83,46.65,48.92,Single Attn-GRU
592013,2026-03-06,2026-03-25,48.04,47.14,48.93,Single Attn-GRU
592013,2026-03-06,2026-03-26,48.24,46.98,49.35,Single Attn-GRU
592013,2026-03-06,2026-03-27,48.36,47.02,49.39,Single Attn-GRU
592013,2026-03-06,2026-03-28,48.38,47.14,49.58,Single Attn-GRU
592013,2026-03-06,2026-03-29,48.74,47.51,49.78,Single Attn-GRU
592013,2026-03-06,2026-03-30,48.77,47.59,49.78,Single Attn-GRU
592013,2026-03-06,2026-03-31,48.72,47.37,49.88,Single Attn-GRU
592013,2026-03-06,2026-04-01,48.82,47.4,49.81,Single Attn-GRU
592013,2026-03-06,2026-04-02,48.86,47.6,49.95,Single Attn-GRU
592013,2026-03-06,2026-04-03,49.19,47.9,50.09,Single Attn-GRU
592013,2026-03-06,2026-04-04,49.22,47.74,50.18,Single Attn-GRU
592013,2026-03-06,2026-04-05,49.47,48.29,50.3,Single Attn-GRU
592014,2026-03-06,2026-03-07,28.16,28.16,28.17,Single Attn-GRU
592014,2026-03-06,2026-03-08,28.13,28.1,28.15,Single Attn-GRU
592014,2026-03-06,2026-03-09,28.11,28.07,28.14,Single Attn-GRU
592014,2026-03-06,2026-03-10,28.08,28.05,28.12,Single Attn-GRU
592014,2026-03-06,2026-03-11,28.06,28.02,28.11,Single Attn-GRU
592014,2026-03-06,2026-03-12,28.05,27.99,28.11,Single Attn-GRU
592014,2026-03-06,2026-03-13,28.01,27.95,28.08,Single Attn-GRU
592014,2026-03-06,2026-03-14,27.99,27.92,28.08,Single Attn-GRU
592014,2026-03-06,2026-03-15,28.0,27.92,28.08,Single Attn-GRU
592014,2026-03-06,2026-03-16,27.98,27.91,28.08,Single Attn-GRU
592014,2026-03-06,2026-03-17,27.99,27.92,28.09,Single Attn-GRU
592014,2026-03-06,2026-03-18,27.98,27.91,28.08,Single Attn-GRU
592014,2026-03-06,2026-03-19,28.01,27.93,28.12,Single Attn-GRU
592014,2026-03-06,2026-03-20,27.96,27.86,28.11,Single Attn-GRU
592014,2026-03-06,2026-03-21,27.98,27.86,28.13,Single Attn-GRU
592014,2026-03-06,2026-03-22,27.99,27.84,28.13,Single Attn-GRU
592014,2026-03-06,2026-03-23,28.0,27.85,28.17,Single Attn-GRU
592014,2026-03-06,2026-03-24,27.97,27.78,28.21,Single Attn-GRU
592014,2026-03-06,2026-03-25,27.91,27.72,28.19,Single Attn-GRU
592014,2026-03-06,2026-03-26,27.97,27.82,28.19,Single Attn-GRU
592014,2026-03-06,2026-03-27,27.94,27.75,28.2,Single Attn-GRU
592014,2026-03-06,2026-03-28,27.98,27.75,28.27,Single Attn-GRU
592014,2026-03-06,2026-03-29,27.92,27.76,28.23,Single Attn-GRU
592014,2026-03-06,2026-03-30,27.9,27.69,28.25,Single Attn-GRU
592014,2026-03-06,2026-03-31,27.96,27.68,28.3,Single Attn-GRU
592014,2026-03-06,2026-04-01,27.95,27.68,28.29,Single Attn-GRU
592014,2026-03-06,2026-04-02,27.93,27.68,28.28,Single Attn-GRU
592014,2026-03-06,2026-04-03,27.94,27.71,28.33,Single Attn-GRU
592014,2026-03-06,2026-04-04,27.96,27.71,28.33,Single Attn-GRU
592014,2026-03-06,2026-04-05,27.98,27.72,28.32,Single Attn-GRU
592030,2026-03-06,2026-03-07,37.99,37.97,38.01,Single Attn-GRU
592030,2026-03-06,2026-03-08,38.02,37.99,38.07,Single Attn-GRU
592030,2026-03-06,2026-03-09,38.07,38.01,38.13,Single Attn-GRU
592030,2026-03-06,2026-03-10,38.1,38.03,38.19,Single Attn-GRU
592030,2026-03-06,2026-03-11,38.14,38.05,38.22,Single Attn-GRU
592030,2026-03-06,2026-03-12,38.18,38.08,38.29,Single Attn-GRU
592030,2026-03-06,2026-03-13,38.22,38.11,38.35,Single Attn-GRU
592030,2026-03-06,2026-03-14,38.26,38.14,38.37,Single Attn-GRU
592030,2026-03-06,2026-03-15,38.32,38.17,38.46,Single Attn-GRU
592030,2026-03-06,2026-03-16,38.36,38.21,38.48,Single Attn-GRU
592030,2026-03-06,2026-03-17,38.4,38.23,38.53,Single Attn-GRU
592030,2026-03-06,2026-03-18,38.44,38.27,38.56,Single Attn-GRU
592030,2026-03-06,2026-03-19,38.49,38.33,38.59,Single Attn-GRU
592030,2026-03-06,2026-03-20,38.53,38.38,38.62,Single Attn-GRU
592030,2026-03-06,2026-03-21,38.56,38.42,38.63,Single Attn-GRU
592030,2026-03-06,2026-03-22,38.56,38.43,38.65,Single Attn-GRU
592030,2026-03-06,2026-03-23,38.6,38.45,38.67,Single Attn-GRU
592030,2026-03-06,2026-03-24,38.62,38.5,38.67,Single Attn-GRU
592030,2026-03-06,2026-03-25,38.63,38.5,38.68,Single Attn-GRU
592030,2026-03-06,2026-03-26,38.66,38.55,38.7,Single Attn-GRU
592030,2026-03-06,2026-03-27,38.66,38.55,38.7,Single Attn-GRU
592030,2026-03-06,2026-03-28,38.67,38.58,38.71,Single Attn-GRU
592030,2026-03-06,2026-03-29,38.69,38.6,38.71,Single Attn-GRU
592030,2026-03-06,2026-03-30,38.69,38.61,38.71,Single Attn-GRU
592030,2026-03-06,2026-03-31,38.69,38.62,38.71,Single Attn-GRU
592030,2026-03-06,2026-04-01,38.69,38.62,38.71,Single Attn-GRU
592030,2026-03-06,2026-04-02,38.7,38.63,38.72,Single Attn-GRU
592030,2026-03-06,2026-04-03,38.7,38.65,38.72,Single Attn-GRU
592030,2026-03-06,2026-04-04,38.71,38.66,38.72,Single Attn-GRU
592030,2026-03-06,2026-04-05,38.71,38.66,38.72,Single Attn-GRU
592031,2026-03-06,2026-03-07,63.15,63.08,63.2,Single Attn-GRU
592031,2026-03-06,2026-03-08,63.05,62.88,63.17,Single Attn-GRU
592031,2026-03-06,2026-03-09,62.85,62.64,63.07,Single Attn-GRU
592031,2026-03-06,2026-03-10,62.76,62.42,63.05,Single Attn-GRU
592031,2026-03-06,2026-03-11,62.48,62.22,62.74,Single Attn-GRU
592031,2026-03-06,2026-03-12,62.47,62.12,62.87,Single Attn-GRU
592031,2026-03-06,2026-03-13,62.29,61.85,62.75,Single Attn-GRU
592031,2026-03-06,2026-03-14,62.04,61.71,62.33,Single Attn-GRU
592031,2026-03-06,2026-03-15,62.29,61.72,62.83,Single Attn-GRU
592031,2026-03-06,2026-03-16,61.95,61.41,62.42,Single Attn-GRU
592031,2026-03-06,2026-03-17,61.91,61.42,62.47,Single Attn-GRU
592031,2026-03-06,2026-03-18,61.84,61.28,62.49,Single Attn-GRU
592031,2026-03-06,2026-03-19,62.13,61.5,62.85,Single Attn-GRU
592031,2026-03-06,2026-03-20,62.14,61.38,63.02,Single Attn-GRU
592031,2026-03-06,2026-03-21,61.6,61.04,62.29,Single Attn-GRU
592031,2026-03-06,2026-03-22,62.2,61.17,63.48,Single Attn-GRU
592031,2026-03-06,2026-03-23,61.88,60.93,62.81,Single Attn-GRU
592031,2026-03-06,2026-03-24,61.58,60.46,62.9,Single Attn-GRU
592031,2026-03-06,2026-03-25,61.54,60.57,63.15,Single Attn-GRU
592031,2026-03-06,2026-03-26,61.86,60.65,63.23,Single Attn-GRU
592031,2026-03-06,2026-03-27,61.08,59.96,62.56,Single Attn-GRU
592031,2026-03-06,2026-03-28,61.21,59.7,63.1,Single Attn-GRU
592031,2026-03-06,2026-03-29,61.54,60.41,63.11,Single Attn-GRU
592031,2026-03-06,2026-03-30,61.22,60.09,63.0,Single Attn-GRU
592031,2026-03-06,2026-03-31,60.57,59.53,62.52,Single Attn-GRU
592031,2026-03-06,2026-04-01,60.42,59.07,62.27,Single Attn-GRU
592031,2026-03-06,2026-04-02,60.78,59.15,62.57,Single Attn-GRU
592031,2026-03-06,2026-04-03,60.62,59.68,62.39,Single Attn-GRU
592031,2026-03-06,2026-04-04,61.18,59.42,62.75,Single Attn-GRU
592031,2026-03-06,2026-04-05,60.53,59.23,62.89,Single Attn-GRU
592032,2026-03-06,2026-03-07,27.25,27.24,27.27,Single Attn-GRU
592032,2026-03-06,2026-03-08,27.28,27.24,27.31,Single Attn-GRU
592032,2026-03-06,2026-03-09,27.3,27.24,27.35,Single Attn-GRU
592032,2026-03-06,2026-03-10,27.32,27.24,27.4,Single Attn-GRU
592032,2026-03-06,2026-03-11,27.33,27.25,27.4,Single Attn-GRU
592032,2026-03-06,2026-03-12,27.37,27.27,27.46,Single Attn-GRU
592032,2026-03-06,2026-03-13,27.4,27.27,27.51,Single Attn-GRU
592032,2026-03-06,2026-03-14,27.38,27.27,27.49,Single Attn-GRU
592032,2026-03-06,2026-03-15,27.46,27.32,27.6,Single Attn-GRU
592032,2026-03-06,2026-03-16,27.49,27.32,27.62,Single Attn-GRU
592032,2026-03-06,2026-03-17,27.5,27.34,27.64,Single Attn-GRU
592032,2026-03-06,2026-03-18,27.54,27.38,27.7,Single Attn-GRU
592032,2026-03-06,2026-03-19,27.6,27.43,27.76,Single Attn-GRU
592032,2026-03-06,2026-03-20,27.65,27.48,27.81,Single Attn-GRU
592032,2026-03-06,2026-03-21,27.64,27.45,27.8,Single Attn-GRU
592032,2026-03-06,2026-03-22,27.7,27.51,27.86,Single Attn-GRU
592032,2026-03-06,2026-03-23,27.74,27.55,27.89,Single Attn-GRU
592032,2026-03-06,2026-03-24,27.75,27.55,27.91,Single Attn-GRU
592032,2026-03-06,2026-03-25,27.78,27.57,27.94,Single Attn-GRU
592032,2026-03-06,2026-03-26,27.83,27.6,28.0,Single Attn-GRU
592032,2026-03-06,2026-03-27,27.79,27.56,27.97,Single Attn-GRU
592032,2026-03-06,2026-03-28,27.85,27.65,28.02,Single Attn-GRU
592032,2026-03-06,2026-03-29,27.91,27.68,28.04,Single Attn-GRU
592032,2026-03-06,2026-03-30,27.88,27.66,28.02,Single Attn-GRU
592032,2026-03-06,2026-03-31,27.89,27.67,28.04,Single Attn-GRU
592032,2026-03-06,2026-04-01,27.86,27.64,28.05,Single Attn-GRU
592032,2026-03-06,2026-04-02,27.92,27.65,28.07,Single Attn-GRU
592032,2026-03-06,2026-04-03,27.94,27.74,28.08,Single Attn-GRU
592032,2026-03-06,2026-04-04,28.0,27.78,28.11,Single Attn-GRU
592032,2026-03-06,2026-04-05,28.0,27.77,28.12,Single Attn-GRU
592034,2026-03-06,2026-03-07,28.55,28.54,28.55,Single Attn-GRU
592034,2026-03-06,2026-03-08,28.52,28.51,28.53,Single Attn-GRU
592034,2026-03-06,2026-03-09,28.49,28.48,28.51,Single Attn-GRU
592034,2026-03-06,2026-03-10,28.47,28.46,28.48,Single Attn-GRU
592034,2026-03-06,2026-03-11,28.45,28.43,28.47,Single Attn-GRU
592034,2026-03-06,2026-03-12,28.42,28.4,28.44,Single Attn-GRU
592034,2026-03-06,2026-03-13,28.4,28.38,28.42,Single Attn-GRU
592034,2026-03-06,2026-03-14,28.37,28.35,28.4,Single Attn-GRU
592034,2026-03-06,2026-03-15,28.34,28.32,28.38,Single Attn-GRU
592034,2026-03-06,2026-03-16,28.32,28.29,28.36,Single Attn-GRU
592034,2026-03-06,2026-03-17,28.3,28.27,28.35,Single Attn-GRU
592034,2026-03-06,2026-03-18,28.29,28.25,28.34,Single Attn-GRU
592034,2026-03-06,2026-03-19,28.28,28.22,28.34,Single Attn-GRU
592034,2026-03-06,2026-03-20,28.24,28.19,28.31,Single Attn-GRU
592034,2026-03-06,2026-03-21,28.23,28.15,28.3,Single Attn-GRU
592034,2026-03-06,2026-03-22,28.2,28.12,28.32,Single Attn-GRU
592034,2026-03-06,2026-03-23,28.16,28.08,28.25,Single Attn-GRU
592034,2026-03-06,2026-03-24,28.1,28.0,28.24,Single Attn-GRU
592034,2026-03-06,2026-03-25,28.08,28.0,28.22,Single Attn-GRU
592034,2026-03-06,2026-03-26,28.09,28.0,28.19,Single Attn-GRU
592034,2026-03-06,2026-03-27,28.06,27.96,28.18,Single Attn-GRU
592034,2026-03-06,2026-03-28,27.99,27.9,28.14,Single Attn-GRU
592034,2026-03-06,2026-03-29,28.01,27.92,28.16,Single Attn-GRU
592034,2026-03-06,2026-03-30,28.02,27.91,28.19,Single Attn-GRU
592034,2026-03-06,2026-03-31,27.96,27.89,28.09,Single Attn-GRU
592034,2026-03-06,2026-04-01,27.95,27.87,28.09,Single Attn-GRU
592034,2026-03-06,2026-04-02,27.94,27.88,28.13,Single Attn-GRU
592034,2026-03-06,2026-04-03,27.94,27.86,28.05,Single Attn-GRU
592034,2026-03-06,2026-04-04,27.92,27.85,28.05,Single Attn-GRU
592034,2026-03-06,2026-04-05,27.93,27.85,28.07,Single Attn-GRU
592036,2026-03-06,2026-03-07,40.3,40.26,40.33,Single Attn-GRU
592036,2026-03-06,2026-03-08,40.23,40.18,40.29,Single Attn-GRU
592036,2026-03-06,2026-03-09,40.14,40.08,40.23,Single Attn-GRU
592036,2026-03-06,2026-03-10,40.06,39.97,40.17,Single Attn-GRU
592036,2026-03-06,2026-03-11,39.96,39.87,40.09,Single Attn-GRU
592036,2026-03-06,2026-03-12,39.87,39.75,40.0,Single Attn-GRU
592036,2026-03-06,2026-03-13,39.78,39.64,39.92,Single Attn-GRU
592036,2026-03-06,2026-03-14,39.64,39.51,39.84,Single Attn-GRU
592036,2026-03-06,2026-03-15,39.53,39.39,39.73,Single Attn-GRU
592036,2026-03-06,2026-03-16,39.44,39.29,39.65,Single Attn-GRU
592036,2026-03-06,2026-03-17,39.33,39.2,39.52,Single Attn-GRU
592036,2026-03-06,2026-03-18,39.21,39.1,39.39,Single Attn-GRU
592036,2026-03-06,2026-03-19,39.1,39.01,39.27,Single Attn-GRU
592036,2026-03-06,2026-03-20,39.01,38.97,39.1,Single Attn-GRU
592036,2026-03-06,2026-03-21,38.95,38.95,38.99,Single Attn-GRU
592036,2026-03-06,2026-03-22,38.94,38.94,38.96,Single Attn-GRU
592036,2026-03-06,2026-03-23,38.94,38.94,38.95,Single Attn-GRU
592036,2026-03-06,2026-03-24,38.94,38.94,38.95,Single Attn-GRU
592036,2026-03-06,2026-03-25,38.94,38.94,38.94,Single Attn-GRU
592036,2026-03-06,2026-03-26,38.94,38.94,38.94,Single Attn-GRU
592036,2026-03-06,2026-03-27,38.94,38.94,38.94,Single Attn-GRU
592036,2026-03-06,2026-03-28,38.94,38.94,38.94,Single Attn-GRU
592036,2026-03-06,2026-03-29,38.94,38.94,38.94,Single Attn-GRU
592036,2026-03-06,2026-03-30,38.94,38.94,38.94,Single Attn-GRU
592036,2026-03-06,2026-03-31,38.94,38.94,38.94,Single Attn-GRU
592036,2026-03-06,2026-04-01,38.94,38.94,38.94,Single Attn-GRU
592036,2026-03-06,2026-04-02,38.94,38.94,38.94,Single Attn-GRU
592036,2026-03-06,2026-04-03,38.94,38.94,38.94,Single Attn-GRU
592036,2026-03-06,2026-04-04,38.94,38.94,38.94,Single Attn-GRU
592036,2026-03-06,2026-04-05,38.94,38.94,38.94,Single Attn-GRU
592037,2026-03-06,2026-03-07,56.01,55.98,56.02,Single Attn-GRU
592037,2026-03-06,2026-03-08,55.88,55.81,55.96,Single Attn-GRU
592037,2026-03-06,2026-03-09,55.82,55.74,55.91,Single Attn-GRU
592037,2026-03-06,2026-03-10,55.77,55.67,55.85,Single Attn-GRU
592037,2026-03-06,2026-03-11,55.71,55.6,55.82,Single Attn-GRU
592037,2026-03-06,2026-03-12,55.57,55.44,55.76,Single Attn-GRU
592037,2026-03-06,2026-03-13,55.54,55.38,55.73,Single Attn-GRU
592037,2026-03-06,2026-03-14,55.43,55.27,55.65,Single Attn-GRU
592037,2026-03-06,2026-03-15,55.35,55.13,55.59,Single Attn-GRU
592037,2026-03-06,2026-03-16,55.31,55.1,55.55,Single Attn-GRU
592037,2026-03-06,2026-03-17,55.23,55.05,55.53,Single Attn-GRU
592037,2026-03-06,2026-03-18,55.22,55.0,55.48,Single Attn-GRU
592037,2026-03-06,2026-03-19,55.1,54.92,55.4,Single Attn-GRU
592037,2026-03-06,2026-03-20,54.94,54.72,55.33,Single Attn-GRU
592037,2026-03-06,2026-03-21,54.89,54.7,55.29,Single Attn-GRU
592037,2026-03-06,2026-03-22,54.82,54.59,55.16,Single Attn-GRU
592037,2026-03-06,2026-03-23,54.66,54.41,54.99,Single Attn-GRU
592037,2026-03-06,2026-03-24,54.52,54.33,54.91,Single Attn-GRU
592037,2026-03-06,2026-03-25,54.45,54.28,54.94,Single Attn-GRU
592037,2026-03-06,2026-03-26,54.49,54.27,54.87,Single Attn-GRU
592037,2026-03-06,2026-03-27,54.39,54.21,54.72,Single Attn-GRU
592037,2026-03-06,2026-03-28,54.32,54.16,54.65,Single Attn-GRU
592037,2026-03-06,2026-03-29,54.26,54.16,54.57,Single Attn-GRU
592037,2026-03-06,2026-03-30,54.33,54.16,54.66,Single Attn-GRU
592037,2026-03-06,2026-03-31,54.26,54.14,54.59,Single Attn-GRU
592037,2026-03-06,2026-04-01,54.22,54.13,54.51,Single Attn-GRU
592037,2026-03-06,2026-04-02,54.24,54.13,54.52,Single Attn-GRU
592037,2026-03-06,2026-04-03,54.19,54.11,54.47,Single Attn-GRU
592037,2026-03-06,2026-04-04,54.19,54.1,54.38,Single Attn-GRU
592037,2026-03-06,2026-04-05,54.2,54.11,54.57,Single Attn-GRU
592038,2026-03-06,2026-03-07,26.37,26.37,26.37,Single Attn-GRU
592038,2026-03-06,2026-03-08,26.35,26.35,26.36,Single Attn-GRU
592038,2026-03-06,2026-03-09,26.34,26.33,26.35,Single Attn-GRU
592038,2026-03-06,2026-03-10,26.33,26.32,26.33,Single Attn-GRU
592038,2026-03-06,2026-03-11,26.32,26.3,26.33,Single Attn-GRU
592038,2026-03-06,2026-03-12,26.31,26.29,26.32,Single Attn-GRU
592038,2026-03-06,2026-03-13,26.29,26.27,26.31,Single Attn-GRU
592038,2026-03-06,2026-03-14,26.28,26.26,26.3,Single Attn-GRU
592038,2026-03-06,2026-03-15,26.28,26.26,26.3,Single Attn-GRU
592038,2026-03-06,2026-03-16,26.26,26.25,26.28,Single Attn-GRU
592038,2026-03-06,2026-03-17,26.26,26.24,26.28,Single Attn-GRU
592038,2026-03-06,2026-03-18,26.25,26.23,26.28,Single Attn-GRU
592038,2026-03-06,2026-03-19,26.26,26.23,26.29,Single Attn-GRU
592038,2026-03-06,2026-03-20,26.25,26.21,26.29,Single Attn-GRU
592038,2026-03-06,2026-03-21,26.23,26.19,26.28,Single Attn-GRU
592038,2026-03-06,2026-03-22,26.23,26.19,26.29,Single Attn-GRU
592038,2026-03-06,2026-03-23,26.22,26.18,26.28,Single Attn-GRU
592038,2026-03-06,2026-03-24,26.2,26.14,26.29,Single Attn-GRU
592038,2026-03-06,2026-03-25,26.19,26.13,26.3,Single Attn-GRU
592038,2026-03-06,2026-03-26,26.21,26.16,26.27,Single Attn-GRU
592038,2026-03-06,2026-03-27,26.19,26.12,26.27,Single Attn-GRU
592038,2026-03-06,2026-03-28,26.19,26.12,26.3,Single Attn-GRU
592038,2026-03-06,2026-03-29,26.18,26.11,26.27,Single Attn-GRU
592038,2026-03-06,2026-03-30,26.16,26.1,26.28,Single Attn-GRU
592038,2026-03-06,2026-03-31,26.15,26.09,26.25,Single Attn-GRU
592038,2026-03-06,2026-04-01,26.15,26.08,26.26,Single Attn-GRU
592038,2026-03-06,2026-04-02,26.15,26.07,26.27,Single Attn-GRU
592038,2026-03-06,2026-04-03,26.15,26.08,26.27,Single Attn-GRU
592038,2026-03-06,2026-04-04,26.15,26.07,26.26,Single Attn-GRU
592038,2026-03-06,2026-04-05,26.14,26.07,26.25,Single Attn-GRU
592040,2026-03-06,2026-03-07,32.14,32.11,32.16,Single Attn-GRU
592040,2026-03-06,2026-03-08,32.18,32.13,32.23,Single Attn-GRU
592040,2026-03-06,2026-03-09,32.23,32.16,32.3,Single Attn-GRU
592040,2026-03-06,2026-03-10,32.27,32.18,32.36,Single Attn-GRU
592040,2026-03-06,2026-03-11,32.32,32.22,32.43,Single Attn-GRU
592040,2026-03-06,2026-03-12,32.36,32.26,32.48,Single Attn-GRU
592040,2026-03-06,2026-03-13,32.42,32.31,32.57,Single Attn-GRU
592040,2026-03-06,2026-03-14,32.48,32.35,32.62,Single Attn-GRU
592040,2026-03-06,2026-03-15,32.51,32.38,32.68,Single Attn-GRU
592040,2026-03-06,2026-03-16,32.57,32.43,32.76,Single Attn-GRU
592040,2026-03-06,2026-03-17,32.63,32.47,32.8,Single Attn-GRU
592040,2026-03-06,2026-03-18,32.68,32.5,32.83,Single Attn-GRU
592040,2026-03-06,2026-03-19,32.72,32.54,32.87,Single Attn-GRU
592040,2026-03-06,2026-03-20,32.74,32.57,32.9,Single Attn-GRU
592040,2026-03-06,2026-03-21,32.81,32.62,32.94,Single Attn-GRU
592040,2026-03-06,2026-03-22,32.83,32.62,32.95,Single Attn-GRU
592040,2026-03-06,2026-03-23,32.87,32.71,32.99,Single Attn-GRU
592040,2026-03-06,2026-03-24,32.88,32.7,33.0,Single Attn-GRU
592040,2026-03-06,2026-03-25,32.91,32.73,33.01,Single Attn-GRU
592040,2026-03-06,2026-03-26,32.94,32.78,33.03,Single Attn-GRU
592040,2026-03-06,2026-03-27,32.96,32.79,33.04,Single Attn-GRU
592040,2026-03-06,2026-03-28,32.96,32.8,33.04,Single Attn-GRU
592040,2026-03-06,2026-03-29,33.0,32.84,33.05,Single Attn-GRU
592040,2026-03-06,2026-03-30,33.01,32.87,33.06,Single Attn-GRU
592040,2026-03-06,2026-03-31,33.01,32.88,33.06,Single Attn-GRU
592040,2026-03-06,2026-04-01,33.01,32.88,33.06,Single Attn-GRU
592040,2026-03-06,2026-04-02,33.02,32.9,33.06,Single Attn-GRU
592040,2026-03-06,2026-04-03,33.04,32.95,33.07,Single Attn-GRU
592040,2026-03-06,2026-04-04,33.04,32.92,33.07,Single Attn-GRU
592040,2026-03-06,2026-04-05,33.04,32.96,33.07,Single Attn-GRU
593162,2026-03-06,2026-03-07,15.96,15.93,16.0,Single Attn-GRU
593162,2026-03-06,2026-03-08,16.0,15.96,16.07,Single Attn-GRU
593162,2026-03-06,2026-03-09,16.08,16.01,16.18,Single Attn-GRU
593162,2026-03-06,2026-03-10,16.13,16.04,16.27,Single Attn-GRU
593162,2026-03-06,2026-03-11,16.2,16.09,16.36,Single Attn-GRU
593162,2026-03-06,2026-03-12,16.3,16.17,16.46,Single Attn-GRU
593162,2026-03-06,2026-03-13,16.36,16.19,16.54,Single Attn-GRU
593162,2026-03-06,2026-03-14,16.45,16.25,16.65,Single Attn-GRU
593162,2026-03-06,2026-03-15,16.55,16.35,16.74,Single Attn-GRU
593162,2026-03-06,2026-03-16,16.62,16.41,16.82,Single Attn-GRU
593162,2026-03-06,2026-03-17,16.71,16.5,16.9,Single Attn-GRU
593162,2026-03-06,2026-03-18,16.78,16.57,16.95,Single Attn-GRU
593162,2026-03-06,2026-03-19,16.84,16.62,16.99,Single Attn-GRU
593162,2026-03-06,2026-03-20,16.91,16.7,17.02,Single Attn-GRU
593162,2026-03-06,2026-03-21,16.97,16.73,17.07,Single Attn-GRU
593162,2026-03-06,2026-03-22,16.99,16.83,17.1,Single Attn-GRU
593162,2026-03-06,2026-03-23,17.02,16.87,17.11,Single Attn-GRU
593162,2026-03-06,2026-03-24,17.06,16.88,17.13,Single Attn-GRU
593162,2026-03-06,2026-03-25,17.05,16.88,17.11,Single Attn-GRU
593162,2026-03-06,2026-03-26,17.1,16.96,17.14,Single Attn-GRU
593162,2026-03-06,2026-03-27,17.11,16.96,17.15,Single Attn-GRU
593162,2026-03-06,2026-03-28,17.12,17.01,17.15,Single Attn-GRU
593162,2026-03-06,2026-03-29,17.13,17.02,17.15,Single Attn-GRU
593162,2026-03-06,2026-03-30,17.14,17.04,17.16,Single Attn-GRU
593162,2026-03-06,2026-03-31,17.14,17.05,17.16,Single Attn-GRU
593162,2026-03-06,2026-04-01,17.14,17.08,17.16,Single Attn-GRU
593162,2026-03-06,2026-04-02,17.15,17.07,17.16,Single Attn-GRU
593162,2026-03-06,2026-04-03,17.15,17.1,17.16,Single Attn-GRU
593162,2026-03-06,2026-04-04,17.15,17.1,17.16,Single Attn-GRU
593162,2026-03-06,2026-04-05,17.15,17.12,17.16,Single Attn-GRU
619733,2026-03-06,2026-03-07,110.08,110.04,110.12,Single Attn-GRU
619733,2026-03-06,2026-03-08,110.09,110.01,110.18,Single Attn-GRU
619733,2026-03-06,2026-03-09,110.1,109.97,110.23,Single Attn-GRU
619733,2026-03-06,2026-03-10,110.1,109.95,110.29,Single Attn-GRU
619733,2026-03-06,2026-03-11,110.14,109.94,110.38,Single Attn-GRU
619733,2026-03-06,2026-03-12,110.18,109.97,110.43,Single Attn-GRU
619733,2026-03-06,2026-03-13,110.19,109.95,110.51,Single Attn-GRU
619733,2026-03-06,2026-03-14,110.27,109.98,110.6,Single Attn-GRU
619733,2026-03-06,2026-03-15,110.29,110.0,110.63,Single Attn-GRU
619733,2026-03-06,2026-03-16,110.38,110.0,110.82,Single Attn-GRU
619733,2026-03-06,2026-03-17,110.43,110.05,110.88,Single Attn-GRU
619733,2026-03-06,2026-03-18,110.5,110.09,110.93,Single Attn-GRU
619733,2026-03-06,2026-03-19,110.52,110.2,110.91,Single Attn-GRU
619733,2026-03-06,2026-03-20,110.59,110.24,111.02,Single Attn-GRU
619733,2026-03-06,2026-03-21,110.8,110.28,111.28,Single Attn-GRU
619733,2026-03-06,2026-03-22,110.84,110.35,111.19,Single Attn-GRU
619733,2026-03-06,2026-03-23,111.03,110.46,111.49,Single Attn-GRU
619733,2026-03-06,2026-03-24,110.97,110.39,111.41,Single Attn-GRU
619733,2026-03-06,2026-03-25,111.13,110.63,111.5,Single Attn-GRU
619733,2026-03-06,2026-03-26,111.19,110.43,111.78,Single Attn-GRU
619733,2026-03-06,2026-03-27,111.27,110.68,111.72,Single Attn-GRU
619733,2026-03-06,2026-03-28,111.31,110.6,111.82,Single Attn-GRU
619733,2026-03-06,2026-03-29,111.42,110.63,111.94,Single Attn-GRU
619733,2026-03-06,2026-03-30,111.39,110.78,111.89,Single Attn-GRU
619733,2026-03-06,2026-03-31,111.59,110.82,112.16,Single Attn-GRU
619733,2026-03-06,2026-04-01,111.64,111.07,112.23,Single Attn-GRU
619733,2026-03-06,2026-04-02,111.76,111.03,112.21,Single Attn-GRU
619733,2026-03-06,2026-04-03,111.83,110.89,112.44,Single Attn-GRU
619733,2026-03-06,2026-04-04,111.8,111.05,112.3,Single Attn-GRU
619733,2026-03-06,2026-04-05,112.01,111.14,112.65,Single Attn-GRU
619734,2026-03-06,2026-03-07,50.46,50.4,50.52,Single Attn-GRU
619734,2026-03-06,2026-03-08,50.52,50.45,50.64,Single Attn-GRU
619734,2026-03-06,2026-03-09,50.59,50.46,50.78,Single Attn-GRU
619734,2026-03-06,2026-03-10,50.67,50.5,50.93,Single Attn-GRU
619734,2026-03-06,2026-03-11,50.74,50.55,51.08,Single Attn-GRU
619734,2026-03-06,2026-03-12,50.85,50.6,51.21,Single Attn-GRU
619734,2026-03-06,2026-03-13,50.94,50.64,51.31,Single Attn-GRU
619734,2026-03-06,2026-03-14,51.03,50.72,51.54,Single Attn-GRU
619734,2026-03-06,2026-03-15,51.16,50.77,51.62,Single Attn-GRU
619734,2026-03-06,2026-03-16,51.3,50.87,51.86,Single Attn-GRU
619734,2026-03-06,2026-03-17,51.4,50.9,51.96,Single Attn-GRU
619734,2026-03-06,2026-03-18,51.49,51.04,52.07,Single Attn-GRU
619734,2026-03-06,2026-03-19,51.5,51.1,52.01,Single Attn-GRU
619734,2026-03-06,2026-03-20,51.72,51.22,52.1,Single Attn-GRU
619734,2026-03-06,2026-03-21,51.88,51.36,52.45,Single Attn-GRU
619734,2026-03-06,2026-03-22,51.83,51.36,52.38,Single Attn-GRU
619734,2026-03-06,2026-03-23,51.98,51.55,52.56,Single Attn-GRU
619734,2026-03-06,2026-03-24,52.07,51.62,52.62,Single Attn-GRU
619734,2026-03-06,2026-03-25,52.11,51.65,52.61,Single Attn-GRU
619734,2026-03-06,2026-03-26,52.33,51.78,52.77,Single Attn-GRU
619734,2026-03-06,2026-03-27,52.37,51.94,52.88,Single Attn-GRU
619734,2026-03-06,2026-03-28,52.43,51.96,52.9,Single Attn-GRU
619734,2026-03-06,2026-03-29,52.53,52.07,52.95,Single Attn-GRU
619734,2026-03-06,2026-03-30,52.6,52.2,52.95,Single Attn-GRU
619734,2026-03-06,2026-03-31,52.58,52.17,53.02,Single Attn-GRU
619734,2026-03-06,2026-04-01,52.72,52.33,53.05,Single Attn-GRU
619734,2026-03-06,2026-04-02,52.77,52.38,53.06,Single Attn-GRU
619734,2026-03-06,2026-04-03,52.77,52.32,53.1,Single Attn-GRU
619734,2026-03-06,2026-04-04,52.78,52.48,53.08,Single Attn-GRU
619734,2026-03-06,2026-04-05,52.9,52.48,53.13,Single Attn-GRU
619735,2026-03-06,2026-03-07,64.64,64.62,64.67,Single Attn-GRU
619735,2026-03-06,2026-03-08,64.4,64.26,64.5,Single Attn-GRU
619735,2026-03-06,2026-03-09,64.22,64.1,64.34,Single Attn-GRU
619735,2026-03-06,2026-03-10,64.07,63.92,64.21,Single Attn-GRU
619735,2026-03-06,2026-03-11,63.9,63.74,64.04,Single Attn-GRU
619735,2026-03-06,2026-03-12,63.65,63.38,63.96,Single Attn-GRU
619735,2026-03-06,2026-03-13,63.55,63.32,63.78,Single Attn-GRU
619735,2026-03-06,2026-03-14,63.36,63.06,63.64,Single Attn-GRU
619735,2026-03-06,2026-03-15,63.13,62.75,63.63,Single Attn-GRU
619735,2026-03-06,2026-03-16,63.01,62.65,63.46,Single Attn-GRU
619735,2026-03-06,2026-03-17,62.88,62.39,63.43,Single Attn-GRU
619735,2026-03-06,2026-03-18,62.92,62.53,63.41,Single Attn-GRU
619735,2026-03-06,2026-03-19,62.9,62.4,63.54,Single Attn-GRU
619735,2026-03-06,2026-03-20,62.73,62.11,63.35,Single Attn-GRU
619735,2026-03-06,2026-03-21,62.64,62.03,63.6,Single Attn-GRU
619735,2026-03-06,2026-03-22,62.26,61.56,63.28,Single Attn-GRU
619735,2026-03-06,2026-03-23,61.9,61.14,62.96,Single Attn-GRU
619735,2026-03-06,2026-03-24,61.82,60.97,63.29,Single Attn-GRU
619735,2026-03-06,2026-03-25,61.52,60.44,63.03,Single Attn-GRU
619735,2026-03-06,2026-03-26,60.79,59.97,62.31,Single Attn-GRU
619735,2026-03-06,2026-03-27,60.88,59.91,62.47,Single Attn-GRU
619735,2026-03-06,2026-03-28,60.53,59.43,62.36,Single Attn-GRU
619735,2026-03-06,2026-03-29,60.23,59.42,62.22,Single Attn-GRU
619735,2026-03-06,2026-03-30,60.88,59.66,62.86,Single Attn-GRU
619735,2026-03-06,2026-03-31,60.2,59.26,61.86,Single Attn-GRU
619735,2026-03-06,2026-04-01,60.36,59.32,62.04,Single Attn-GRU
619735,2026-03-06,2026-04-02,60.04,58.99,62.3,Single Attn-GRU
619735,2026-03-06,2026-04-03,59.42,58.68,61.23,Single Attn-GRU
619735,2026-03-06,2026-04-04,59.65,58.79,61.61,Single Attn-GRU
619735,2026-03-06,2026-04-05,59.69,58.9,61.6,Single Attn-GRU
619736,2026-03-06,2026-03-07,35.7,35.7,35.71,Single Attn-GRU
619736,2026-03-06,2026-03-08,35.68,35.67,35.69,Single Attn-GRU
619736,2026-03-06,2026-03-09,35.66,35.64,35.68,Single Attn-GRU
619736,2026-03-06,2026-03-10,35.65,35.62,35.66,Single Attn-GRU
619736,2026-03-06,2026-03-11,35.62,35.6,35.64,Single Attn-GRU
619736,2026-03-06,2026-03-12,35.63,35.6,35.65,Single Attn-GRU
619736,2026-03-06,2026-03-13,35.61,35.57,35.63,Single Attn-GRU
619736,2026-03-06,2026-03-14,35.59,35.56,35.62,Single Attn-GRU
619736,2026-03-06,2026-03-15,35.61,35.57,35.64,Single Attn-GRU
619736,2026-03-06,2026-03-16,35.59,35.54,35.64,Single Attn-GRU
619736,2026-03-06,2026-03-17,35.6,35.55,35.64,Single Attn-GRU
619736,2026-03-06,2026-03-18,35.6,35.56,35.64,Single Attn-GRU
619736,2026-03-06,2026-03-19,35.66,35.62,35.69,Single Attn-GRU
619736,2026-03-06,2026-03-20,35.69,35.65,35.73,Single Attn-GRU
619736,2026-03-06,2026-03-21,35.67,35.62,35.71,Single Attn-GRU
619736,2026-03-06,2026-03-22,35.71,35.65,35.76,Single Attn-GRU
619736,2026-03-06,2026-03-23,35.72,35.67,35.77,Single Attn-GRU
619736,2026-03-06,2026-03-24,35.8,35.76,35.85,Single Attn-GRU
619736,2026-03-06,2026-03-25,35.8,35.74,35.84,Single Attn-GRU
619736,2026-03-06,2026-03-26,35.72,35.64,35.8,Single Attn-GRU
619736,2026-03-06,2026-03-27,35.76,35.71,35.81,Single Attn-GRU
619736,2026-03-06,2026-03-28,35.79,35.72,35.86,Single Attn-GRU
619736,2026-03-06,2026-03-29,35.81,35.74,35.86,Single Attn-GRU
619736,2026-03-06,2026-03-30,35.79,35.74,35.83,Single Attn-GRU
619736,2026-03-06,2026-03-31,35.77,35.7,35.86,Single Attn-GRU
619736,2026-03-06,2026-04-01,35.81,35.75,35.87,Single Attn-GRU
619736,2026-03-06,2026-04-02,35.81,35.74,35.88,Single Attn-GRU
619736,2026-03-06,2026-04-03,35.79,35.71,35.89,Single Attn-GRU
619736,2026-03-06,2026-04-04,35.87,35.78,35.93,Single Attn-GRU
619736,2026-03-06,2026-04-05,35.78,35.69,35.86,Single Attn-GRU
619737,2026-03-06,2026-03-07,84.78,84.76,84.8,Single Attn-GRU
619737,2026-03-06,2026-03-08,84.79,84.76,84.83,Single Attn-GRU
619737,2026-03-06,2026-03-09,84.81,84.75,84.87,Single Attn-GRU
619737,2026-03-06,2026-03-10,84.84,84.75,84.92,Single Attn-GRU
619737,2026-03-06,2026-03-11,84.84,84.74,84.94,Single Attn-GRU
619737,2026-03-06,2026-03-12,84.88,84.77,84.99,Single Attn-GRU
619737,2026-03-06,2026-03-13,84.91,84.77,85.04,Single Attn-GRU
619737,2026-03-06,2026-03-14,84.9,84.77,85.06,Single Attn-GRU
619737,2026-03-06,2026-03-15,84.98,84.82,85.13,Single Attn-GRU
619737,2026-03-06,2026-03-16,85.0,84.82,85.21,Single Attn-GRU
619737,2026-03-06,2026-03-17,85.03,84.85,85.24,Single Attn-GRU
619737,2026-03-06,2026-03-18,85.09,84.87,85.27,Single Attn-GRU
619737,2026-03-06,2026-03-19,85.15,84.95,85.3,Single Attn-GRU
619737,2026-03-06,2026-03-20,85.21,85.04,85.38,Single Attn-GRU
619737,2026-03-06,2026-03-21,85.2,85.01,85.45,Single Attn-GRU
619737,2026-03-06,2026-03-22,85.29,85.08,85.45,Single Attn-GRU
619737,2026-03-06,2026-03-23,85.35,85.11,85.56,Single Attn-GRU
619737,2026-03-06,2026-03-24,85.36,85.16,85.56,Single Attn-GRU
619737,2026-03-06,2026-03-25,85.42,85.22,85.61,Single Attn-GRU
619737,2026-03-06,2026-03-26,85.45,85.2,85.69,Single Attn-GRU
619737,2026-03-06,2026-03-27,85.43,85.17,85.67,Single Attn-GRU
619737,2026-03-06,2026-03-28,85.52,85.29,85.72,Single Attn-GRU
619737,2026-03-06,2026-03-29,85.57,85.33,85.76,Single Attn-GRU
619737,2026-03-06,2026-03-30,85.5,85.29,85.71,Single Attn-GRU
619737,2026-03-06,2026-03-31,85.59,85.3,85.84,Single Attn-GRU
619737,2026-03-06,2026-04-01,85.58,85.33,85.82,Single Attn-GRU
619737,2026-03-06,2026-04-02,85.65,85.4,85.85,Single Attn-GRU
619737,2026-03-06,2026-04-03,85.66,85.4,85.9,Single Attn-GRU
619737,2026-03-06,2026-04-04,85.72,85.48,85.91,Single Attn-GRU
619737,2026-03-06,2026-04-05,85.75,85.44,85.96,Single Attn-GRU
619738,2026-03-06,2026-03-07,51.82,51.81,51.84,Single Attn-GRU
619738,2026-03-06,2026-03-08,51.63,51.59,51.69,Single Attn-GRU
619738,2026-03-06,2026-03-09,51.48,51.43,51.54,Single Attn-GRU
619738,2026-03-06,2026-03-10,51.32,51.27,51.4,Single Attn-GRU
619738,2026-03-06,2026-03-11,51.18,51.13,51.27,Single Attn-GRU
619738,2026-03-06,2026-03-12,51.07,50.96,51.2,Single Attn-GRU
619738,2026-03-06,2026-03-13,50.92,50.83,51.05,Single Attn-GRU
619738,2026-03-06,2026-03-14,50.77,50.66,50.95,Single Attn-GRU
619738,2026-03-06,2026-03-15,50.75,50.58,50.96,Single Attn-GRU
619738,2026-03-06,2026-03-16,50.57,50.45,50.81,Single Attn-GRU
619738,2026-03-06,2026-03-17,50.52,50.37,50.79,Single Attn-GRU
619738,2026-03-06,2026-03-18,50.53,50.36,50.83,Single Attn-GRU
619738,2026-03-06,2026-03-19,50.63,50.37,51.0,Single Attn-GRU
619738,2026-03-06,2026-03-20,50.59,50.3,50.99,Single Attn-GRU
619738,2026-03-06,2026-03-21,50.43,50.12,50.76,Single Attn-GRU
619738,2026-03-06,2026-03-22,50.23,49.77,50.78,Single Attn-GRU
619738,2026-03-06,2026-03-23,50.31,49.81,50.81,Single Attn-GRU
619738,2026-03-06,2026-03-24,50.39,49.76,51.03,Single Attn-GRU
619738,2026-03-06,2026-03-25,50.13,49.56,50.91,Single Attn-GRU
619738,2026-03-06,2026-03-26,49.59,49.02,50.36,Single Attn-GRU
619738,2026-03-06,2026-03-27,49.74,49.24,50.62,Single Attn-GRU
619738,2026-03-06,2026-03-28,49.5,48.99,50.57,Single Attn-GRU
619738,2026-03-06,2026-03-29,49.67,48.97,50.52,Single Attn-GRU
619738,2026-03-06,2026-03-30,49.84,49.05,50.76,Single Attn-GRU
619738,2026-03-06,2026-03-31,49.29,48.66,50.21,Single Attn-GRU
619738,2026-03-06,2026-04-01,49.3,48.68,50.34,Single Attn-GRU
619738,2026-03-06,2026-04-02,49.2,48.46,50.33,Single Attn-GRU
619738,2026-03-06,2026-04-03,48.87,48.19,50.02,Single Attn-GRU
619738,2026-03-06,2026-04-04,49.07,48.22,50.48,Single Attn-GRU
619738,2026-03-06,2026-04-05,48.89,48.24,49.87,Single Attn-GRU
619739,2026-03-06,2026-03-07,52.22,52.21,52.25,Single Attn-GRU
619739,2026-03-06,2026-03-08,52.21,52.17,52.26,Single Attn-GRU
619739,2026-03-06,2026-03-09,52.2,52.14,52.28,Single Attn-GRU
619739,2026-03-06,2026-03-10,52.19,52.1,52.31,Single Attn-GRU
619739,2026-03-06,2026-03-11,52.17,52.07,52.29,Single Attn-GRU
619739,2026-03-06,2026-03-12,52.21,52.1,52.34,Single Attn-GRU
619739,2026-03-06,2026-03-13,52.2,52.07,52.37,Single Attn-GRU
619739,2026-03-06,2026-03-14,52.18,52.04,52.37,Single Attn-GRU
619739,2026-03-06,2026-03-15,52.26,52.09,52.46,Single Attn-GRU
619739,2026-03-06,2026-03-16,52.25,52.05,52.51,Single Attn-GRU
619739,2026-03-06,2026-03-17,52.29,52.08,52.54,Single Attn-GRU
619739,2026-03-06,2026-03-18,52.32,52.13,52.57,Single Attn-GRU
619739,2026-03-06,2026-03-19,52.43,52.25,52.66,Single Attn-GRU
619739,2026-03-06,2026-03-20,52.53,52.31,52.76,Single Attn-GRU
619739,2026-03-06,2026-03-21,52.49,52.28,52.72,Single Attn-GRU
619739,2026-03-06,2026-03-22,52.63,52.42,52.86,Single Attn-GRU
619739,2026-03-06,2026-03-23,52.66,52.42,52.94,Single Attn-GRU
619739,2026-03-06,2026-03-24,52.81,52.55,52.99,Single Attn-GRU
619739,2026-03-06,2026-03-25,52.86,52.6,53.09,Single Attn-GRU
619739,2026-03-06,2026-03-26,52.75,52.45,53.1,Single Attn-GRU
619739,2026-03-06,2026-03-27,52.81,52.56,53.08,Single Attn-GRU
619739,2026-03-06,2026-03-28,52.91,52.58,53.18,Single Attn-GRU
619739,2026-03-06,2026-03-29,52.95,52.64,53.22,Single Attn-GRU
619739,2026-03-06,2026-03-30,52.87,52.63,53.16,Single Attn-GRU
619739,2026-03-06,2026-03-31,52.99,52.64,53.32,Single Attn-GRU
619739,2026-03-06,2026-04-01,53.03,52.73,53.29,Single Attn-GRU
619739,2026-03-06,2026-04-02,53.08,52.78,53.36,Single Attn-GRU
619739,2026-03-06,2026-04-03,53.08,52.76,53.44,Single Attn-GRU
619739,2026-03-06,2026-04-04,53.23,52.87,53.48,Single Attn-GRU
619739,2026-03-06,2026-04-05,53.15,52.74,53.51,Single Attn-GRU
619740,2026-03-06,2026-03-07,93.03,93.0,93.07,Single Attn-GRU
619740,2026-03-06,2026-03-08,92.98,92.88,93.08,Single Attn-GRU
619740,2026-03-06,2026-03-09,92.95,92.81,93.1,Single Attn-GRU
619740,2026-03-06,2026-03-10,92.91,92.75,93.09,Single Attn-GRU
619740,2026-03-06,2026-03-11,92.91,92.7,93.14,Single Attn-GRU
619740,2026-03-06,2026-03-12,92.92,92.67,93.19,Single Attn-GRU
619740,2026-03-06,2026-03-13,92.91,92.61,93.21,Single Attn-GRU
619740,2026-03-06,2026-03-14,92.96,92.59,93.33,Single Attn-GRU
619740,2026-03-06,2026-03-15,92.94,92.64,93.29,Single Attn-GRU
619740,2026-03-06,2026-03-16,93.04,92.62,93.54,Single Attn-GRU
619740,2026-03-06,2026-03-17,93.05,92.65,93.55,Single Attn-GRU
619740,2026-03-06,2026-03-18,93.14,92.8,93.64,Single Attn-GRU
619740,2026-03-06,2026-03-19,93.33,93.04,93.81,Single Attn-GRU
619740,2026-03-06,2026-03-20,93.44,93.12,93.86,Single Attn-GRU
619740,2026-03-06,2026-03-21,93.48,93.08,94.02,Single Attn-GRU
619740,2026-03-06,2026-03-22,93.76,93.34,94.28,Single Attn-GRU
619740,2026-03-06,2026-03-23,93.89,93.42,94.48,Single Attn-GRU
619740,2026-03-06,2026-03-24,94.09,93.66,94.6,Single Attn-GRU
619740,2026-03-06,2026-03-25,94.21,93.66,94.77,Single Attn-GRU
619740,2026-03-06,2026-03-26,93.94,93.4,94.68,Single Attn-GRU
619740,2026-03-06,2026-03-27,94.3,93.77,94.94,Single Attn-GRU
619740,2026-03-06,2026-03-28,94.26,93.68,94.89,Single Attn-GRU
619740,2026-03-06,2026-03-29,94.51,93.81,95.1,Single Attn-GRU
619740,2026-03-06,2026-03-30,94.52,93.98,95.21,Single Attn-GRU
619740,2026-03-06,2026-03-31,94.7,93.99,95.44,Single Attn-GRU
619740,2026-03-06,2026-04-01,94.74,94.15,95.48,Single Attn-GRU
619740,2026-03-06,2026-04-02,94.91,94.2,95.68,Single Attn-GRU
619740,2026-03-06,2026-04-03,95.02,94.16,95.81,Single Attn-GRU
619740,2026-03-06,2026-04-04,95.07,94.33,95.8,Single Attn-GRU
619740,2026-03-06,2026-04-05,95.13,94.26,96.04,Single Attn-GRU
619741,2026-03-06,2026-03-07,41.79,41.77,41.83,Single Attn-GRU
619741,2026-03-06,2026-03-08,41.82,41.76,41.88,Single Attn-GRU
619741,2026-03-06,2026-03-09,41.91,41.8,42.01,Single Attn-GRU
619741,2026-03-06,2026-03-10,41.97,41.82,42.1,Single Attn-GRU
619741,2026-03-06,2026-03-11,42.04,41.86,42.22,Single Attn-GRU
619741,2026-03-06,2026-03-12,42.13,41.93,42.33,Single Attn-GRU
619741,2026-03-06,2026-03-13,42.2,41.95,42.43,Single Attn-GRU
619741,2026-03-06,2026-03-14,42.31,42.0,42.55,Single Attn-GRU
619741,2026-03-06,2026-03-15,42.37,42.07,42.62,Single Attn-GRU
619741,2026-03-06,2026-03-16,42.48,42.15,42.79,Single Attn-GRU
619741,2026-03-06,2026-03-17,42.59,42.24,42.88,Single Attn-GRU
619741,2026-03-06,2026-03-18,42.7,42.36,42.96,Single Attn-GRU
619741,2026-03-06,2026-03-19,42.74,42.43,42.96,Single Attn-GRU
619741,2026-03-06,2026-03-20,42.82,42.5,43.04,Single Attn-GRU
619741,2026-03-06,2026-03-21,42.89,42.62,43.13,Single Attn-GRU
619741,2026-03-06,2026-03-22,42.98,42.64,43.16,Single Attn-GRU
619741,2026-03-06,2026-03-23,43.05,42.71,43.25,Single Attn-GRU
619741,2026-03-06,2026-03-24,43.15,42.88,43.28,Single Attn-GRU
619741,2026-03-06,2026-03-25,43.12,42.84,43.28,Single Attn-GRU
619741,2026-03-06,2026-03-26,43.22,42.91,43.34,Single Attn-GRU
619741,2026-03-06,2026-03-27,43.26,43.03,43.36,Single Attn-GRU
619741,2026-03-06,2026-03-28,43.27,43.05,43.37,Single Attn-GRU
619741,2026-03-06,2026-03-29,43.31,43.11,43.4,Single Attn-GRU
619741,2026-03-06,2026-03-30,43.29,43.09,43.4,Single Attn-GRU
619741,2026-03-06,2026-03-31,43.36,43.16,43.42,Single Attn-GRU
619741,2026-03-06,2026-04-01,43.35,43.16,43.42,Single Attn-GRU
619741,2026-03-06,2026-04-02,43.36,43.23,43.43,Single Attn-GRU
619741,2026-03-06,2026-04-03,43.4,43.23,43.44,Single Attn-GRU
619741,2026-03-06,2026-04-04,43.39,43.26,43.44,Single Attn-GRU
619741,2026-03-06,2026-04-05,43.41,43.28,43.45,Single Attn-GRU
619742,2026-03-06,2026-03-07,31.88,31.86,31.91,Single Attn-GRU
619742,2026-03-06,2026-03-08,31.78,31.73,31.85,Single Attn-GRU
619742,2026-03-06,2026-03-09,31.73,31.67,31.81,Single Attn-GRU
619742,2026-03-06,2026-03-10,31.67,31.6,31.77,Single Attn-GRU
619742,2026-03-06,2026-03-11,31.65,31.54,31.75,Single Attn-GRU
619742,2026-03-06,2026-03-12,31.62,31.51,31.77,Single Attn-GRU
619742,2026-03-06,2026-03-13,31.57,31.44,31.73,Single Attn-GRU
619742,2026-03-06,2026-03-14,31.55,31.39,31.75,Single Attn-GRU
619742,2026-03-06,2026-03-15,31.57,31.4,31.77,Single Attn-GRU
619742,2026-03-06,2026-03-16,31.57,31.34,31.8,Single Attn-GRU
619742,2026-03-06,2026-03-17,31.62,31.39,31.84,Single Attn-GRU
619742,2026-03-06,2026-03-18,31.67,31.46,31.88,Single Attn-GRU
619742,2026-03-06,2026-03-19,31.8,31.62,31.96,Single Attn-GRU
619742,2026-03-06,2026-03-20,31.85,31.66,32.06,Single Attn-GRU
619742,2026-03-06,2026-03-21,31.81,31.57,32.06,Single Attn-GRU
619742,2026-03-06,2026-03-22,31.94,31.72,32.17,Single Attn-GRU
619742,2026-03-06,2026-03-23,32.01,31.76,32.25,Single Attn-GRU
619742,2026-03-06,2026-03-24,32.28,32.05,32.47,Single Attn-GRU
619742,2026-03-06,2026-03-25,32.17,31.91,32.4,Single Attn-GRU
619742,2026-03-06,2026-03-26,32.09,31.74,32.41,Single Attn-GRU
619742,2026-03-06,2026-03-27,32.27,32.01,32.49,Single Attn-GRU
619742,2026-03-06,2026-03-28,32.21,31.92,32.49,Single Attn-GRU
619742,2026-03-06,2026-03-29,32.24,31.92,32.52,Single Attn-GRU
619742,2026-03-06,2026-03-30,32.24,31.99,32.46,Single Attn-GRU
619742,2026-03-06,2026-03-31,32.41,32.02,32.75,Single Attn-GRU
619742,2026-03-06,2026-04-01,32.42,32.09,32.7,Single Attn-GRU
619742,2026-03-06,2026-04-02,32.48,32.21,32.84,Single Attn-GRU
619742,2026-03-06,2026-04-03,32.47,32.04,32.84,Single Attn-GRU
619742,2026-03-06,2026-04-04,32.58,32.27,32.88,Single Attn-GRU
619742,2026-03-06,2026-04-05,32.39,31.95,32.83,Single Attn-GRU
619743,2026-03-06,2026-03-07,52.66,52.65,52.67,Single Attn-GRU
619743,2026-03-06,2026-03-08,52.57,52.55,52.59,Single Attn-GRU
619743,2026-03-06,2026-03-09,52.49,52.47,52.52,Single Attn-GRU
619743,2026-03-06,2026-03-10,52.42,52.39,52.45,Single Attn-GRU
619743,2026-03-06,2026-03-11,52.34,52.3,52.37,Single Attn-GRU
619743,2026-03-06,2026-03-12,52.28,52.2,52.33,Single Attn-GRU
619743,2026-03-06,2026-03-13,52.21,52.15,52.26,Single Attn-GRU
619743,2026-03-06,2026-03-14,52.13,52.05,52.2,Single Attn-GRU
619743,2026-03-06,2026-03-15,52.08,51.96,52.18,Single Attn-GRU
619743,2026-03-06,2026-03-16,52.0,51.89,52.09,Single Attn-GRU
619743,2026-03-06,2026-03-17,51.94,51.81,52.07,Single Attn-GRU
619743,2026-03-06,2026-03-18,51.95,51.83,52.05,Single Attn-GRU
619743,2026-03-06,2026-03-19,51.95,51.79,52.1,Single Attn-GRU
619743,2026-03-06,2026-03-20,51.9,51.72,52.07,Single Attn-GRU
619743,2026-03-06,2026-03-21,51.81,51.62,52.01,Single Attn-GRU
619743,2026-03-06,2026-03-22,51.69,51.41,51.96,Single Attn-GRU
619743,2026-03-06,2026-03-23,51.57,51.31,51.88,Single Attn-GRU
619743,2026-03-06,2026-03-24,51.54,51.29,51.94,Single Attn-GRU
619743,2026-03-06,2026-03-25,51.43,51.17,51.83,Single Attn-GRU
619743,2026-03-06,2026-03-26,51.19,50.93,51.57,Single Attn-GRU
619743,2026-03-06,2026-03-27,51.21,50.9,51.57,Single Attn-GRU
619743,2026-03-06,2026-03-28,51.07,50.8,51.51,Single Attn-GRU
619743,2026-03-06,2026-03-29,51.11,50.8,51.47,Single Attn-GRU
619743,2026-03-06,2026-03-30,51.25,50.88,51.66,Single Attn-GRU
619743,2026-03-06,2026-03-31,50.95,50.66,51.29,Single Attn-GRU
619743,2026-03-06,2026-04-01,50.96,50.7,51.42,Single Attn-GRU
619743,2026-03-06,2026-04-02,50.87,50.59,51.23,Single Attn-GRU
619743,2026-03-06,2026-04-03,50.74,50.49,51.13,Single Attn-GRU
619743,2026-03-06,2026-04-04,50.75,50.49,51.27,Single Attn-GRU
619743,2026-03-06,2026-04-05,50.77,50.52,51.17,Single Attn-GRU
619744,2026-03-06,2026-03-07,26.21,26.2,26.21,Single Attn-GRU
619744,2026-03-06,2026-03-08,26.16,26.13,26.2,Single Attn-GRU
619744,2026-03-06,2026-03-09,26.14,26.12,26.19,Single Attn-GRU
619744,2026-03-06,2026-03-10,26.13,26.09,26.18,Single Attn-GRU
619744,2026-03-06,2026-03-11,26.12,26.08,26.17,Single Attn-GRU
619744,2026-03-06,2026-03-12,26.09,26.03,26.17,Single Attn-GRU
619744,2026-03-06,2026-03-13,26.07,26.01,26.16,Single Attn-GRU
619744,2026-03-06,2026-03-14,26.06,25.97,26.16,Single Attn-GRU
619744,2026-03-06,2026-03-15,26.03,25.95,26.16,Single Attn-GRU
619744,2026-03-06,2026-03-16,26.05,25.96,26.16,Single Attn-GRU
619744,2026-03-06,2026-03-17,26.05,25.94,26.15,Single Attn-GRU
619744,2026-03-06,2026-03-18,26.07,25.96,26.17,Single Attn-GRU
619744,2026-03-06,2026-03-19,26.06,25.94,26.17,Single Attn-GRU
619744,2026-03-06,2026-03-20,26.03,25.9,26.2,Single Attn-GRU
619744,2026-03-06,2026-03-21,26.04,25.9,26.15,Single Attn-GRU
619744,2026-03-06,2026-03-22,26.04,25.88,26.2,Single Attn-GRU
619744,2026-03-06,2026-03-23,26.0,25.82,26.16,Single Attn-GRU
619744,2026-03-06,2026-03-24,26.02,25.83,26.2,Single Attn-GRU
619744,2026-03-06,2026-03-25,25.96,25.76,26.17,Single Attn-GRU
619744,2026-03-06,2026-03-26,25.93,25.72,26.13,Single Attn-GRU
619744,2026-03-06,2026-03-27,25.96,25.77,26.16,Single Attn-GRU
619744,2026-03-06,2026-03-28,25.9,25.68,26.13,Single Attn-GRU
619744,2026-03-06,2026-03-29,25.86,25.61,26.11,Single Attn-GRU
619744,2026-03-06,2026-03-30,25.97,25.7,26.18,Single Attn-GRU
619744,2026-03-06,2026-03-31,25.93,25.66,26.23,Single Attn-GRU
619744,2026-03-06,2026-04-01,25.95,25.67,26.2,Single Attn-GRU
619744,2026-03-06,2026-04-02,25.9,25.63,26.21,Single Attn-GRU
619744,2026-03-06,2026-04-03,25.81,25.54,26.08,Single Attn-GRU
619744,2026-03-06,2026-04-04,25.83,25.56,26.13,Single Attn-GRU
619744,2026-03-06,2026-04-05,25.87,25.58,26.19,Single Attn-GRU
619745,2026-03-06,2026-03-07,85.13,85.11,85.14,Single Attn-GRU
619745,2026-03-06,2026-03-08,85.09,85.06,85.12,Single Attn-GRU
619745,2026-03-06,2026-03-09,85.05,85.01,85.11,Single Attn-GRU
619745,2026-03-06,2026-03-10,85.03,84.96,85.11,Single Attn-GRU
619745,2026-03-06,2026-03-11,84.99,84.92,85.09,Single Attn-GRU
619745,2026-03-06,2026-03-12,84.98,84.89,85.07,Single Attn-GRU
619745,2026-03-06,2026-03-13,84.97,84.86,85.09,Single Attn-GRU
619745,2026-03-06,2026-03-14,84.95,84.82,85.1,Single Attn-GRU
619745,2026-03-06,2026-03-15,84.96,84.81,85.1,Single Attn-GRU
619745,2026-03-06,2026-03-16,84.94,84.78,85.14,Single Attn-GRU
619745,2026-03-06,2026-03-17,84.95,84.75,85.13,Single Attn-GRU
619745,2026-03-06,2026-03-18,85.0,84.78,85.22,Single Attn-GRU
619745,2026-03-06,2026-03-19,85.08,84.86,85.29,Single Attn-GRU
619745,2026-03-06,2026-03-20,85.11,84.88,85.33,Single Attn-GRU
619745,2026-03-06,2026-03-21,85.14,84.83,85.42,Single Attn-GRU
619745,2026-03-06,2026-03-22,85.18,84.92,85.51,Single Attn-GRU
619745,2026-03-06,2026-03-23,85.13,84.73,85.51,Single Attn-GRU
619745,2026-03-06,2026-03-24,85.27,84.91,85.59,Single Attn-GRU
619745,2026-03-06,2026-03-25,85.21,84.69,85.66,Single Attn-GRU
619745,2026-03-06,2026-03-26,85.01,84.51,85.43,Single Attn-GRU
619745,2026-03-06,2026-03-27,85.05,84.56,85.55,Single Attn-GRU
619745,2026-03-06,2026-03-28,85.14,84.52,85.72,Single Attn-GRU
619745,2026-03-06,2026-03-29,85.22,84.69,85.76,Single Attn-GRU
619745,2026-03-06,2026-03-30,85.29,84.74,85.76,Single Attn-GRU
619745,2026-03-06,2026-03-31,85.15,84.57,85.69,Single Attn-GRU
619745,2026-03-06,2026-04-01,85.23,84.65,85.77,Single Attn-GRU
619745,2026-03-06,2026-04-02,85.1,84.42,85.7,Single Attn-GRU
619745,2026-03-06,2026-04-03,84.94,84.19,85.64,Single Attn-GRU
619745,2026-03-06,2026-04-04,85.1,84.32,85.93,Single Attn-GRU
619745,2026-03-06,2026-04-05,85.11,84.36,85.91,Single Attn-GRU
619746,2026-03-06,2026-03-07,21.16,21.12,21.2,Single Attn-GRU
619746,2026-03-06,2026-03-08,21.21,21.12,21.28,Single Attn-GRU
619746,2026-03-06,2026-03-09,21.33,21.2,21.44,Single Attn-GRU
619746,2026-03-06,2026-03-10,21.41,21.24,21.55,Single Attn-GRU
619746,2026-03-06,2026-03-11,21.52,21.33,21.68,Single Attn-GRU
619746,2026-03-06,2026-03-12,21.65,21.38,21.79,Single Attn-GRU
619746,2026-03-06,2026-03-13,21.73,21.43,21.91,Single Attn-GRU
619746,2026-03-06,2026-03-14,21.86,21.55,22.03,Single Attn-GRU
619746,2026-03-06,2026-03-15,21.91,21.63,22.1,Single Attn-GRU
619746,2026-03-06,2026-03-16,22.04,21.7,22.24,Single Attn-GRU
619746,2026-03-06,2026-03-17,22.16,21.82,22.32,Single Attn-GRU
619746,2026-03-06,2026-03-18,22.25,21.9,22.4,Single Attn-GRU
619746,2026-03-06,2026-03-19,22.26,21.94,22.41,Single Attn-GRU
619746,2026-03-06,2026-03-20,22.32,22.03,22.46,Single Attn-GRU
619746,2026-03-06,2026-03-21,22.38,22.15,22.5,Single Attn-GRU
619746,2026-03-06,2026-03-22,22.43,22.14,22.52,Single Attn-GRU
619746,2026-03-06,2026-03-23,22.47,22.22,22.54,Single Attn-GRU
619746,2026-03-06,2026-03-24,22.5,22.32,22.56,Single Attn-GRU
619746,2026-03-06,2026-03-25,22.5,22.31,22.56,Single Attn-GRU
619746,2026-03-06,2026-03-26,22.54,22.37,22.58,Single Attn-GRU
619746,2026-03-06,2026-03-27,22.56,22.44,22.59,Single Attn-GRU
619746,2026-03-06,2026-03-28,22.56,22.45,22.59,Single Attn-GRU
619746,2026-03-06,2026-03-29,22.58,22.48,22.6,Single Attn-GRU
619746,2026-03-06,2026-03-30,22.58,22.46,22.6,Single Attn-GRU
619746,2026-03-06,2026-03-31,22.59,22.52,22.6,Single Attn-GRU
619746,2026-03-06,2026-04-01,22.59,22.5,22.6,Single Attn-GRU
619746,2026-03-06,2026-04-02,22.59,22.54,22.6,Single Attn-GRU
619746,2026-03-06,2026-04-03,22.6,22.55,22.61,Single Attn-GRU
619746,2026-03-06,2026-04-04,22.6,22.55,22.61,Single Attn-GRU
619746,2026-03-06,2026-04-05,22.6,22.56,22.61,Single Attn-GRU
619747,2026-03-06,2026-03-07,168.27,168.21,168.32,Single Attn-GRU
619747,2026-03-06,2026-03-08,167.91,167.73,168.25,Single Attn-GRU
619747,2026-03-06,2026-03-09,167.55,167.33,168.02,Single Attn-GRU
619747,2026-03-06,2026-03-10,167.2,166.93,167.65,Single Attn-GRU
619747,2026-03-06,2026-03-11,166.92,166.6,167.45,Single Attn-GRU
619747,2026-03-06,2026-03-12,166.68,166.26,167.1,Single Attn-GRU
619747,2026-03-06,2026-03-13,166.33,165.82,167.04,Single Attn-GRU
619747,2026-03-06,2026-03-14,166.08,165.47,166.74,Single Attn-GRU
619747,2026-03-06,2026-03-15,165.91,165.36,166.48,Single Attn-GRU
619747,2026-03-06,2026-03-16,165.51,164.87,165.95,Single Attn-GRU
619747,2026-03-06,2026-03-17,165.31,164.78,165.78,Single Attn-GRU
619747,2026-03-06,2026-03-18,165.28,164.55,165.99,Single Attn-GRU
619747,2026-03-06,2026-03-19,165.29,164.49,165.98,Single Attn-GRU
619747,2026-03-06,2026-03-20,165.16,164.06,166.09,Single Attn-GRU
619747,2026-03-06,2026-03-21,164.43,163.09,165.7,Single Attn-GRU
619747,2026-03-06,2026-03-22,163.67,162.27,164.68,Single Attn-GRU
619747,2026-03-06,2026-03-23,163.65,162.29,165.0,Single Attn-GRU
619747,2026-03-06,2026-03-24,163.41,161.71,165.17,Single Attn-GRU
619747,2026-03-06,2026-03-25,163.13,161.39,164.76,Single Attn-GRU
619747,2026-03-06,2026-03-26,162.53,161.01,164.08,Single Attn-GRU
619747,2026-03-06,2026-03-27,162.65,160.82,164.36,Single Attn-GRU
619747,2026-03-06,2026-03-28,161.85,159.98,164.27,Single Attn-GRU
619747,2026-03-06,2026-03-29,162.27,160.59,164.06,Single Attn-GRU
619747,2026-03-06,2026-03-30,161.53,159.49,164.15,Single Attn-GRU
619747,2026-03-06,2026-03-31,161.27,159.65,163.34,Single Attn-GRU
619747,2026-03-06,2026-04-01,160.8,158.91,163.23,Single Attn-GRU
619747,2026-03-06,2026-04-02,161.27,159.48,163.6,Single Attn-GRU
619747,2026-03-06,2026-04-03,160.81,159.15,163.01,Single Attn-GRU
619747,2026-03-06,2026-04-04,161.04,159.04,163.17,Single Attn-GRU
619747,2026-03-06,2026-04-05,160.91,159.09,162.83,Single Attn-GRU
619748,2026-03-06,2026-03-07,108.12,108.1,108.14,Single Attn-GRU
619748,2026-03-06,2026-03-08,108.1,108.04,108.14,Single Attn-GRU
619748,2026-03-06,2026-03-09,108.07,107.99,108.14,Single Attn-GRU
619748,2026-03-06,2026-03-10,108.04,107.94,108.12,Single Attn-GRU
619748,2026-03-06,2026-03-11,108.02,107.89,108.12,Single Attn-GRU
619748,2026-03-06,2026-03-12,107.99,107.88,108.07,Single Attn-GRU
619748,2026-03-06,2026-03-13,107.99,107.83,108.11,Single Attn-GRU
619748,2026-03-06,2026-03-14,107.97,107.8,108.1,Single Attn-GRU
619748,2026-03-06,2026-03-15,107.97,107.82,108.08,Single Attn-GRU
619748,2026-03-06,2026-03-16,107.93,107.75,108.08,Single Attn-GRU
619748,2026-03-06,2026-03-17,107.93,107.76,108.09,Single Attn-GRU
619748,2026-03-06,2026-03-18,107.98,107.81,108.14,Single Attn-GRU
619748,2026-03-06,2026-03-19,108.05,107.91,108.16,Single Attn-GRU
619748,2026-03-06,2026-03-20,108.11,107.94,108.26,Single Attn-GRU
619748,2026-03-06,2026-03-21,108.1,107.9,108.27,Single Attn-GRU
619748,2026-03-06,2026-03-22,108.05,107.89,108.18,Single Attn-GRU
619748,2026-03-06,2026-03-23,108.12,107.93,108.28,Single Attn-GRU
619748,2026-03-06,2026-03-24,108.24,108.06,108.39,Single Attn-GRU
619748,2026-03-06,2026-03-25,108.23,108.06,108.39,Single Attn-GRU
619748,2026-03-06,2026-03-26,108.16,107.92,108.4,Single Attn-GRU
619748,2026-03-06,2026-03-27,108.23,108.03,108.43,Single Attn-GRU
619748,2026-03-06,2026-03-28,108.28,108.06,108.49,Single Attn-GRU
619748,2026-03-06,2026-03-29,108.26,108.05,108.47,Single Attn-GRU
619748,2026-03-06,2026-03-30,108.22,108.04,108.41,Single Attn-GRU
619748,2026-03-06,2026-03-31,108.31,108.01,108.59,Single Attn-GRU
619748,2026-03-06,2026-04-01,108.26,108.0,108.44,Single Attn-GRU
619748,2026-03-06,2026-04-02,108.3,108.06,108.52,Single Attn-GRU
619748,2026-03-06,2026-04-03,108.3,108.01,108.57,Single Attn-GRU
619748,2026-03-06,2026-04-04,108.4,108.16,108.61,Single Attn-GRU
619748,2026-03-06,2026-04-05,108.28,107.99,108.56,Single Attn-GRU
619749,2026-03-06,2026-03-07,67.28,67.27,67.3,Single Attn-GRU
619749,2026-03-06,2026-03-08,67.21,67.18,67.25,Single Attn-GRU
619749,2026-03-06,2026-03-09,67.15,67.11,67.2,Single Attn-GRU
619749,2026-03-06,2026-03-10,67.09,67.05,67.15,Single Attn-GRU
619749,2026-03-06,2026-03-11,67.04,66.98,67.1,Single Attn-GRU
619749,2026-03-06,2026-03-12,66.98,66.89,67.06,Single Attn-GRU
619749,2026-03-06,2026-03-13,66.92,66.83,67.01,Single Attn-GRU
619749,2026-03-06,2026-03-14,66.85,66.75,66.97,Single Attn-GRU
619749,2026-03-06,2026-03-15,66.8,66.68,66.93,Single Attn-GRU
619749,2026-03-06,2026-03-16,66.75,66.63,66.88,Single Attn-GRU
619749,2026-03-06,2026-03-17,66.71,66.58,66.81,Single Attn-GRU
619749,2026-03-06,2026-03-18,66.66,66.52,66.8,Single Attn-GRU
619749,2026-03-06,2026-03-19,66.6,66.46,66.79,Single Attn-GRU
619749,2026-03-06,2026-03-20,66.52,66.35,66.7,Single Attn-GRU
619749,2026-03-06,2026-03-21,66.47,66.29,66.71,Single Attn-GRU
619749,2026-03-06,2026-03-22,66.36,66.14,66.65,Single Attn-GRU
619749,2026-03-06,2026-03-23,66.28,66.06,66.52,Single Attn-GRU
619749,2026-03-06,2026-03-24,66.21,66.01,66.5,Single Attn-GRU
619749,2026-03-06,2026-03-25,66.14,65.95,66.45,Single Attn-GRU
619749,2026-03-06,2026-03-26,66.09,65.92,66.41,Single Attn-GRU
619749,2026-03-06,2026-03-27,66.08,65.91,66.37,Single Attn-GRU
619749,2026-03-06,2026-03-28,65.99,65.83,66.31,Single Attn-GRU
619749,2026-03-06,2026-03-29,65.94,65.83,66.24,Single Attn-GRU
619749,2026-03-06,2026-03-30,65.94,65.8,66.33,Single Attn-GRU
619749,2026-03-06,2026-03-31,65.9,65.8,66.21,Single Attn-GRU
619749,2026-03-06,2026-04-01,65.92,65.78,66.23,Single Attn-GRU
619749,2026-03-06,2026-04-02,65.92,65.77,66.24,Single Attn-GRU
619749,2026-03-06,2026-04-03,65.85,65.75,66.1,Single Attn-GRU
619749,2026-03-06,2026-04-04,65.85,65.75,66.08,Single Attn-GRU
619749,2026-03-06,2026-04-05,65.85,65.76,66.14,Single Attn-GRU
619750,2026-03-06,2026-03-07,35.59,35.59,35.6,Single Attn-GRU
619750,2026-03-06,2026-03-08,35.57,35.56,35.58,Single Attn-GRU
619750,2026-03-06,2026-03-09,35.55,35.53,35.55,Single Attn-GRU
619750,2026-03-06,2026-03-10,35.52,35.51,35.54,Single Attn-GRU
619750,2026-03-06,2026-03-11,35.5,35.48,35.51,Single Attn-GRU
619750,2026-03-06,2026-03-12,35.47,35.44,35.49,Single Attn-GRU
619750,2026-03-06,2026-03-13,35.44,35.42,35.47,Single Attn-GRU
619750,2026-03-06,2026-03-14,35.42,35.38,35.44,Single Attn-GRU
619750,2026-03-06,2026-03-15,35.39,35.34,35.42,Single Attn-GRU
619750,2026-03-06,2026-03-16,35.36,35.32,35.4,Single Attn-GRU
619750,2026-03-06,2026-03-17,35.34,35.29,35.38,Single Attn-GRU
619750,2026-03-06,2026-03-18,35.31,35.26,35.35,Single Attn-GRU
619750,2026-03-06,2026-03-19,35.27,35.23,35.32,Single Attn-GRU
619750,2026-03-06,2026-03-20,35.23,35.2,35.28,Single Attn-GRU
619750,2026-03-06,2026-03-21,35.2,35.16,35.24,Single Attn-GRU
619750,2026-03-06,2026-03-22,35.17,35.14,35.22,Single Attn-GRU
619750,2026-03-06,2026-03-23,35.15,35.14,35.19,Single Attn-GRU
619750,2026-03-06,2026-03-24,35.14,35.13,35.16,Single Attn-GRU
619750,2026-03-06,2026-03-25,35.14,35.13,35.15,Single Attn-GRU
619750,2026-03-06,2026-03-26,35.13,35.13,35.15,Single Attn-GRU
619750,2026-03-06,2026-03-27,35.13,35.13,35.15,Single Attn-GRU
619750,2026-03-06,2026-03-28,35.13,35.13,35.14,Single Attn-GRU
619750,2026-03-06,2026-03-29,35.13,35.13,35.14,Single Attn-GRU
619750,2026-03-06,2026-03-30,35.13,35.13,35.14,Single Attn-GRU
619750,2026-03-06,2026-03-31,35.13,35.13,35.13,Single Attn-GRU
619750,2026-03-06,2026-04-01,35.13,35.13,35.13,Single Attn-GRU
619750,2026-03-06,2026-04-02,35.13,35.13,35.13,Single Attn-GRU
619750,2026-03-06,2026-04-03,35.13,35.13,35.13,Single Attn-GRU
619750,2026-03-06,2026-04-04,35.13,35.13,35.13,Single Attn-GRU
619750,2026-03-06,2026-04-05,35.13,35.13,35.13,Single Attn-GRU
631975,2026-03-06,2026-03-07,33.56,33.53,33.6,Single Attn-GRU
631975,2026-03-06,2026-03-08,33.53,33.49,33.58,Single Attn-GRU
631975,2026-03-06,2026-03-09,33.51,33.43,33.59,Single Attn-GRU
631975,2026-03-06,2026-03-10,33.49,33.38,33.61,Single Attn-GRU
631975,2026-03-06,2026-03-11,33.48,33.34,33.63,Single Attn-GRU
631975,2026-03-06,2026-03-12,33.47,33.34,33.65,Single Attn-GRU
631975,2026-03-06,2026-03-13,33.46,33.29,33.67,Single Attn-GRU
631975,2026-03-06,2026-03-14,33.46,33.25,33.74,Single Attn-GRU
631975,2026-03-06,2026-03-15,33.46,33.29,33.73,Single Attn-GRU
631975,2026-03-06,2026-03-16,33.51,33.22,33.85,Single Attn-GRU
631975,2026-03-06,2026-03-17,33.52,33.23,33.87,Single Attn-GRU
631975,2026-03-06,2026-03-18,33.49,33.28,33.85,Single Attn-GRU
631975,2026-03-06,2026-03-19,33.54,33.41,33.84,Single Attn-GRU
631975,2026-03-06,2026-03-20,33.64,33.49,33.91,Single Attn-GRU
631975,2026-03-06,2026-03-21,33.65,33.4,34.04,Single Attn-GRU
631975,2026-03-06,2026-03-22,33.69,33.51,34.02,Single Attn-GRU
631975,2026-03-06,2026-03-23,33.78,33.49,34.18,Single Attn-GRU
631975,2026-03-06,2026-03-24,33.95,33.71,34.21,Single Attn-GRU
631975,2026-03-06,2026-03-25,33.87,33.68,34.23,Single Attn-GRU
631975,2026-03-06,2026-03-26,33.89,33.48,34.39,Single Attn-GRU
631975,2026-03-06,2026-03-27,33.85,33.65,34.27,Single Attn-GRU
631975,2026-03-06,2026-03-28,33.97,33.64,34.4,Single Attn-GRU
631975,2026-03-06,2026-03-29,33.96,33.64,34.4,Single Attn-GRU
631975,2026-03-06,2026-03-30,33.8,33.68,34.19,Single Attn-GRU
631975,2026-03-06,2026-03-31,34.01,33.59,34.59,Single Attn-GRU
631975,2026-03-06,2026-04-01,33.94,33.76,34.42,Single Attn-GRU
631975,2026-03-06,2026-04-02,34.01,33.77,34.41,Single Attn-GRU
631975,2026-03-06,2026-04-03,34.13,33.61,34.72,Single Attn-GRU
631975,2026-03-06,2026-04-04,34.13,33.85,34.54,Single Attn-GRU
631975,2026-03-06,2026-04-05,33.99,33.56,34.62,Single Attn-GRU
631988,2026-03-06,2026-03-07,51.25,51.21,51.31,Single Attn-GRU
631988,2026-03-06,2026-03-08,51.24,51.0,51.38,Single Attn-GRU
631988,2026-03-06,2026-03-09,51.13,50.78,51.36,Single Attn-GRU
631988,2026-03-06,2026-03-10,50.96,50.58,51.28,Single Attn-GRU
631988,2026-03-06,2026-03-11,50.82,50.38,51.21,Single Attn-GRU
631988,2026-03-06,2026-03-12,50.66,50.3,51.04,Single Attn-GRU
631988,2026-03-06,2026-03-13,50.7,50.1,51.2,Single Attn-GRU
631988,2026-03-06,2026-03-14,50.48,49.95,51.04,Single Attn-GRU
631988,2026-03-06,2026-03-15,50.39,49.91,50.97,Single Attn-GRU
631988,2026-03-06,2026-03-16,50.16,49.68,50.73,Single Attn-GRU
631988,2026-03-06,2026-03-17,50.06,49.43,50.65,Single Attn-GRU
631988,2026-03-06,2026-03-18,50.19,49.65,50.91,Single Attn-GRU
631988,2026-03-06,2026-03-19,50.29,49.78,50.92,Single Attn-GRU
631988,2026-03-06,2026-03-20,50.55,49.84,51.32,Single Attn-GRU
631988,2026-03-06,2026-03-21,50.4,49.66,51.13,Single Attn-GRU
631988,2026-03-06,2026-03-22,50.13,49.41,50.68,Single Attn-GRU
631988,2026-03-06,2026-03-23,49.69,48.87,50.67,Single Attn-GRU
631988,2026-03-06,2026-03-24,50.07,49.12,51.01,Single Attn-GRU
631988,2026-03-06,2026-03-25,49.8,48.72,50.9,Single Attn-GRU
631988,2026-03-06,2026-03-26,49.25,48.03,50.42,Single Attn-GRU
631988,2026-03-06,2026-03-27,49.34,48.13,50.69,Single Attn-GRU
631988,2026-03-06,2026-03-28,49.19,47.95,50.84,Single Attn-GRU
631988,2026-03-06,2026-03-29,48.8,47.63,50.37,Single Attn-GRU
631988,2026-03-06,2026-03-30,49.4,48.06,50.95,Single Attn-GRU
631988,2026-03-06,2026-03-31,48.81,47.47,50.58,Single Attn-GRU
631988,2026-03-06,2026-04-01,49.27,48.07,50.79,Single Attn-GRU
631988,2026-03-06,2026-04-02,48.7,47.28,50.31,Single Attn-GRU
631988,2026-03-06,2026-04-03,47.99,46.41,49.89,Single Attn-GRU
631988,2026-03-06,2026-04-04,48.24,46.73,50.36,Single Attn-GRU
631988,2026-03-06,2026-04-05,48.05,46.52,50.06,Single Attn-GRU
631989,2026-03-06,2026-03-07,22.72,22.7,22.76,Single Attn-GRU
631989,2026-03-06,2026-03-08,22.75,22.64,22.83,Single Attn-GRU
631989,2026-03-06,2026-03-09,22.77,22.61,22.89,Single Attn-GRU
631989,2026-03-06,2026-03-10,22.74,22.56,22.91,Single Attn-GRU
631989,2026-03-06,2026-03-11,22.75,22.53,22.96,Single Attn-GRU
631989,2026-03-06,2026-03-12,22.7,22.49,22.91,Single Attn-GRU
631989,2026-03-06,2026-03-13,22.77,22.47,23.03,Single Attn-GRU
631989,2026-03-06,2026-03-14,22.75,22.45,23.04,Single Attn-GRU
631989,2026-03-06,2026-03-15,22.68,22.43,22.98,Single Attn-GRU
631989,2026-03-06,2026-03-16,22.64,22.41,23.04,Single Attn-GRU
631989,2026-03-06,2026-03-17,22.63,22.37,23.02,Single Attn-GRU
631989,2026-03-06,2026-03-18,22.77,22.48,23.21,Single Attn-GRU
631989,2026-03-06,2026-03-19,22.77,22.54,23.09,Single Attn-GRU
631989,2026-03-06,2026-03-20,22.95,22.58,23.31,Single Attn-GRU
631989,2026-03-06,2026-03-21,22.86,22.54,23.29,Single Attn-GRU
631989,2026-03-06,2026-03-22,22.84,22.54,23.2,Single Attn-GRU
631989,2026-03-06,2026-03-23,22.9,22.49,23.37,Single Attn-GRU
631989,2026-03-06,2026-03-24,23.09,22.77,23.41,Single Attn-GRU
631989,2026-03-06,2026-03-25,22.95,22.61,23.35,Single Attn-GRU
631989,2026-03-06,2026-03-26,23.04,22.56,23.69,Single Attn-GRU
631989,2026-03-06,2026-03-27,23.1,22.65,23.6,Single Attn-GRU
631989,2026-03-06,2026-03-28,23.08,22.63,23.58,Single Attn-GRU
631989,2026-03-06,2026-03-29,23.14,22.58,23.69,Single Attn-GRU
631989,2026-03-06,2026-03-30,23.19,22.78,23.65,Single Attn-GRU
631989,2026-03-06,2026-03-31,23.28,22.65,23.95,Single Attn-GRU
631989,2026-03-06,2026-04-01,23.15,22.66,23.69,Single Attn-GRU
631989,2026-03-06,2026-04-02,23.11,22.71,23.62,Single Attn-GRU
631989,2026-03-06,2026-04-03,23.12,22.41,23.87,Single Attn-GRU
631989,2026-03-06,2026-04-04,23.27,22.64,23.8,Single Attn-GRU
631989,2026-03-06,2026-04-05,23.0,22.41,23.77,Single Attn-GRU
631990,2026-03-06,2026-03-07,38.79,38.74,38.86,Single Attn-GRU
631990,2026-03-06,2026-03-08,38.89,38.59,39.05,Single Attn-GRU
631990,2026-03-06,2026-03-09,38.86,38.44,39.11,Single Attn-GRU
631990,2026-03-06,2026-03-10,38.75,38.3,39.07,Single Attn-GRU
631990,2026-03-06,2026-03-11,38.63,38.14,39.06,Single Attn-GRU
631990,2026-03-06,2026-03-12,38.43,37.97,38.82,Single Attn-GRU
631990,2026-03-06,2026-03-13,38.56,37.9,39.12,Single Attn-GRU
631990,2026-03-06,2026-03-14,38.4,37.74,38.98,Single Attn-GRU
631990,2026-03-06,2026-03-15,38.16,37.53,38.72,Single Attn-GRU
631990,2026-03-06,2026-03-16,37.98,37.45,38.59,Single Attn-GRU
631990,2026-03-06,2026-03-17,37.76,37.22,38.42,Single Attn-GRU
631990,2026-03-06,2026-03-18,37.88,37.2,38.6,Single Attn-GRU
631990,2026-03-06,2026-03-19,37.68,37.03,38.34,Single Attn-GRU
631990,2026-03-06,2026-03-20,37.91,36.91,38.63,Single Attn-GRU
631990,2026-03-06,2026-03-21,37.59,36.69,38.49,Single Attn-GRU
631990,2026-03-06,2026-03-22,36.91,36.13,37.82,Single Attn-GRU
631990,2026-03-06,2026-03-23,36.63,35.93,37.65,Single Attn-GRU
631990,2026-03-06,2026-03-24,36.51,35.62,37.53,Single Attn-GRU
631990,2026-03-06,2026-03-25,36.46,35.39,37.57,Single Attn-GRU
631990,2026-03-06,2026-03-26,36.29,35.13,37.8,Single Attn-GRU
631990,2026-03-06,2026-03-27,36.03,35.1,37.29,Single Attn-GRU
631990,2026-03-06,2026-03-28,35.77,34.79,37.42,Single Attn-GRU
631990,2026-03-06,2026-03-29,35.71,34.7,37.06,Single Attn-GRU
631990,2026-03-06,2026-03-30,35.64,34.66,37.24,Single Attn-GRU
631990,2026-03-06,2026-03-31,35.67,34.68,37.29,Single Attn-GRU
631990,2026-03-06,2026-04-01,35.52,34.7,36.95,Single Attn-GRU
631990,2026-03-06,2026-04-02,35.36,34.65,36.91,Single Attn-GRU
631990,2026-03-06,2026-04-03,35.12,34.43,36.67,Single Attn-GRU
631990,2026-03-06,2026-04-04,35.18,34.39,36.77,Single Attn-GRU
631990,2026-03-06,2026-04-05,35.2,34.39,36.64,Single Attn-GRU
631992,2026-03-06,2026-03-07,96.47,96.36,96.57,Single Attn-GRU
631992,2026-03-06,2026-03-08,96.51,96.34,96.65,Single Attn-GRU
631992,2026-03-06,2026-03-09,96.58,96.28,96.81,Single Attn-GRU
631992,2026-03-06,2026-03-10,96.63,96.23,96.99,Single Attn-GRU
631992,2026-03-06,2026-03-11,96.7,96.21,97.16,Single Attn-GRU
631992,2026-03-06,2026-03-12,96.8,96.25,97.3,Single Attn-GRU
631992,2026-03-06,2026-03-13,96.87,96.22,97.47,Single Attn-GRU
631992,2026-03-06,2026-03-14,96.93,96.15,97.7,Single Attn-GRU
631992,2026-03-06,2026-03-15,97.19,96.37,97.88,Single Attn-GRU
631992,2026-03-06,2026-03-16,97.27,96.2,98.23,Single Attn-GRU
631992,2026-03-06,2026-03-17,97.43,96.32,98.35,Single Attn-GRU
631992,2026-03-06,2026-03-18,97.63,96.55,98.47,Single Attn-GRU
631992,2026-03-06,2026-03-19,97.53,96.7,98.23,Single Attn-GRU
631992,2026-03-06,2026-03-20,97.81,97.11,98.51,Single Attn-GRU
631992,2026-03-06,2026-03-21,98.08,96.89,98.98,Single Attn-GRU
631992,2026-03-06,2026-03-22,97.94,96.92,98.67,Single Attn-GRU
631992,2026-03-06,2026-03-23,98.33,97.16,99.18,Single Attn-GRU
631992,2026-03-06,2026-03-24,98.35,97.31,99.04,Single Attn-GRU
631992,2026-03-06,2026-03-25,98.3,97.27,99.02,Single Attn-GRU
631992,2026-03-06,2026-03-26,98.88,97.37,99.75,Single Attn-GRU
631992,2026-03-06,2026-03-27,98.68,97.44,99.5,Single Attn-GRU
631992,2026-03-06,2026-03-28,98.85,97.44,99.73,Single Attn-GRU
631992,2026-03-06,2026-03-29,99.09,97.83,99.95,Single Attn-GRU
631992,2026-03-06,2026-03-30,98.83,97.81,99.62,Single Attn-GRU
631992,2026-03-06,2026-03-31,99.18,97.58,100.03,Single Attn-GRU
631992,2026-03-06,2026-04-01,99.05,97.98,99.88,Single Attn-GRU
631992,2026-03-06,2026-04-02,99.09,97.77,99.91,Single Attn-GRU
631992,2026-03-06,2026-04-03,99.48,97.9,100.24,Single Attn-GRU
631992,2026-03-06,2026-04-04,99.26,98.0,100.02,Single Attn-GRU
631992,2026-03-06,2026-04-05,99.53,97.84,100.28,Single Attn-GRU
632208,2026-03-06,2026-03-07,37.73,37.69,37.76,Single Attn-GRU
632208,2026-03-06,2026-03-08,37.73,37.68,37.79,Single Attn-GRU
632208,2026-03-06,2026-03-09,37.75,37.65,37.84,Single Attn-GRU
632208,2026-03-06,2026-03-10,37.78,37.64,37.91,Single Attn-GRU
632208,2026-03-06,2026-03-11,37.81,37.63,37.97,Single Attn-GRU
632208,2026-03-06,2026-03-12,37.84,37.65,38.03,Single Attn-GRU
632208,2026-03-06,2026-03-13,37.85,37.61,38.09,Single Attn-GRU
632208,2026-03-06,2026-03-14,37.91,37.62,38.19,Single Attn-GRU
632208,2026-03-06,2026-03-15,37.94,37.69,38.21,Single Attn-GRU
632208,2026-03-06,2026-03-16,38.02,37.64,38.39,Single Attn-GRU
632208,2026-03-06,2026-03-17,38.06,37.69,38.45,Single Attn-GRU
632208,2026-03-06,2026-03-18,38.09,37.75,38.45,Single Attn-GRU
632208,2026-03-06,2026-03-19,38.1,37.84,38.41,Single Attn-GRU
632208,2026-03-06,2026-03-20,38.21,37.95,38.52,Single Attn-GRU
632208,2026-03-06,2026-03-21,38.29,37.89,38.71,Single Attn-GRU
632208,2026-03-06,2026-03-22,38.28,38.0,38.64,Single Attn-GRU
632208,2026-03-06,2026-03-23,38.43,38.01,38.79,Single Attn-GRU
632208,2026-03-06,2026-03-24,38.42,38.13,38.74,Single Attn-GRU
632208,2026-03-06,2026-03-25,38.43,38.11,38.78,Single Attn-GRU
632208,2026-03-06,2026-03-26,38.6,38.14,39.01,Single Attn-GRU
632208,2026-03-06,2026-03-27,38.56,38.19,38.94,Single Attn-GRU
632208,2026-03-06,2026-03-28,38.64,38.2,39.01,Single Attn-GRU
632208,2026-03-06,2026-03-29,38.71,38.32,39.09,Single Attn-GRU
632208,2026-03-06,2026-03-30,38.63,38.28,39.02,Single Attn-GRU
632208,2026-03-06,2026-03-31,38.77,38.21,39.18,Single Attn-GRU
632208,2026-03-06,2026-04-01,38.78,38.38,39.15,Single Attn-GRU
632208,2026-03-06,2026-04-02,38.77,38.4,39.13,Single Attn-GRU
632208,2026-03-06,2026-04-03,38.91,38.35,39.27,Single Attn-GRU
632208,2026-03-06,2026-04-04,38.83,38.48,39.18,Single Attn-GRU
632208,2026-03-06,2026-04-05,38.93,38.42,39.3,Single Attn-GRU
632228,2026-03-06,2026-03-07,70.55,70.48,70.65,Single Attn-GRU
632228,2026-03-06,2026-03-08,70.6,70.42,70.75,Single Attn-GRU
632228,2026-03-06,2026-03-09,70.64,70.36,70.88,Single Attn-GRU
632228,2026-03-06,2026-03-10,70.66,70.26,70.98,Single Attn-GRU
632228,2026-03-06,2026-03-11,70.7,70.24,71.09,Single Attn-GRU
632228,2026-03-06,2026-03-12,70.74,70.27,71.16,Single Attn-GRU
632228,2026-03-06,2026-03-13,70.81,70.22,71.32,Single Attn-GRU
632228,2026-03-06,2026-03-14,70.89,70.17,71.5,Single Attn-GRU
632228,2026-03-06,2026-03-15,70.94,70.32,71.52,Single Attn-GRU
632228,2026-03-06,2026-03-16,71.02,70.15,71.81,Single Attn-GRU
632228,2026-03-06,2026-03-17,71.01,70.18,71.86,Single Attn-GRU
632228,2026-03-06,2026-03-18,71.23,70.41,71.97,Single Attn-GRU
632228,2026-03-06,2026-03-19,71.13,70.56,71.78,Single Attn-GRU
632228,2026-03-06,2026-03-20,71.54,70.83,72.1,Single Attn-GRU
632228,2026-03-06,2026-03-21,71.62,70.63,72.33,Single Attn-GRU
632228,2026-03-06,2026-03-22,71.4,70.81,72.13,Single Attn-GRU
632228,2026-03-06,2026-03-23,71.77,70.86,72.58,Single Attn-GRU
632228,2026-03-06,2026-03-24,71.93,71.22,72.53,Single Attn-GRU
632228,2026-03-06,2026-03-25,71.84,71.11,72.49,Single Attn-GRU
632228,2026-03-06,2026-03-26,72.24,70.95,73.14,Single Attn-GRU
632228,2026-03-06,2026-03-27,72.15,71.27,72.95,Single Attn-GRU
632228,2026-03-06,2026-03-28,72.32,71.29,73.11,Single Attn-GRU
632228,2026-03-06,2026-03-29,72.54,71.49,73.32,Single Attn-GRU
632228,2026-03-06,2026-03-30,72.22,71.35,72.89,Single Attn-GRU
632228,2026-03-06,2026-03-31,72.69,71.34,73.54,Single Attn-GRU
632228,2026-03-06,2026-04-01,72.42,71.49,73.19,Single Attn-GRU
632228,2026-03-06,2026-04-02,72.48,71.51,73.15,Single Attn-GRU
632228,2026-03-06,2026-04-03,72.77,71.41,73.76,Single Attn-GRU
632228,2026-03-06,2026-04-04,72.79,71.81,73.43,Single Attn-GRU
632228,2026-03-06,2026-04-05,72.82,71.35,73.68,Single Attn-GRU
632245,2026-03-06,2026-03-07,75.72,75.7,75.74,Single Attn-GRU
632245,2026-03-06,2026-03-08,75.65,75.59,75.73,Single Attn-GRU
632245,2026-03-06,2026-03-09,75.54,75.47,75.66,Single Attn-GRU
632245,2026-03-06,2026-03-10,75.46,75.36,75.58,Single Attn-GRU
632245,2026-03-06,2026-03-11,75.34,75.23,75.48,Single Attn-GRU
632245,2026-03-06,2026-03-12,75.21,75.07,75.35,Single Attn-GRU
632245,2026-03-06,2026-03-13,75.16,74.99,75.32,Single Attn-GRU
632245,2026-03-06,2026-03-14,75.02,74.83,75.17,Single Attn-GRU
632245,2026-03-06,2026-03-15,74.86,74.63,75.05,Single Attn-GRU
632245,2026-03-06,2026-03-16,74.7,74.51,74.9,Single Attn-GRU
632245,2026-03-06,2026-03-17,74.54,74.33,74.77,Single Attn-GRU
632245,2026-03-06,2026-03-18,74.46,74.24,74.73,Single Attn-GRU
632245,2026-03-06,2026-03-19,74.3,74.05,74.65,Single Attn-GRU
632245,2026-03-06,2026-03-20,74.12,73.88,74.52,Single Attn-GRU
632245,2026-03-06,2026-03-21,73.86,73.62,74.31,Single Attn-GRU
632245,2026-03-06,2026-03-22,73.66,73.44,74.06,Single Attn-GRU
632245,2026-03-06,2026-03-23,73.51,73.39,73.84,Single Attn-GRU
632245,2026-03-06,2026-03-24,73.43,73.33,73.77,Single Attn-GRU
632245,2026-03-06,2026-03-25,73.37,73.3,73.67,Single Attn-GRU
632245,2026-03-06,2026-03-26,73.34,73.28,73.55,Single Attn-GRU
632245,2026-03-06,2026-03-27,73.31,73.28,73.5,Single Attn-GRU
632245,2026-03-06,2026-03-28,73.3,73.27,73.42,Single Attn-GRU
632245,2026-03-06,2026-03-29,73.29,73.27,73.43,Single Attn-GRU
632245,2026-03-06,2026-03-30,73.3,73.27,73.48,Single Attn-GRU
632245,2026-03-06,2026-03-31,73.29,73.27,73.38,Single Attn-GRU
632245,2026-03-06,2026-04-01,73.28,73.27,73.37,Single Attn-GRU
632245,2026-03-06,2026-04-02,73.28,73.27,73.38,Single Attn-GRU
632245,2026-03-06,2026-04-03,73.27,73.27,73.33,Single Attn-GRU
632245,2026-03-06,2026-04-04,73.27,73.27,73.32,Single Attn-GRU
632245,2026-03-06,2026-04-05,73.27,73.27,73.33,Single Attn-GRU
632251,2026-03-06,2026-03-07,38.55,38.48,38.6,Single Attn-GRU
632251,2026-03-06,2026-03-08,38.55,38.46,38.63,Single Attn-GRU
632251,2026-03-06,2026-03-09,38.58,38.43,38.72,Single Attn-GRU
632251,2026-03-06,2026-03-10,38.58,38.37,38.79,Single Attn-GRU
632251,2026-03-06,2026-03-11,38.61,38.35,38.9,Single Attn-GRU
632251,2026-03-06,2026-03-12,38.68,38.35,38.98,Single Attn-GRU
632251,2026-03-06,2026-03-13,38.68,38.33,39.05,Single Attn-GRU
632251,2026-03-06,2026-03-14,38.77,38.31,39.22,Single Attn-GRU
632251,2026-03-06,2026-03-15,38.83,38.36,39.26,Single Attn-GRU
632251,2026-03-06,2026-03-16,38.89,38.3,39.49,Single Attn-GRU
632251,2026-03-06,2026-03-17,38.97,38.39,39.51,Single Attn-GRU
632251,2026-03-06,2026-03-18,39.07,38.49,39.6,Single Attn-GRU
632251,2026-03-06,2026-03-19,39.1,38.62,39.52,Single Attn-GRU
632251,2026-03-06,2026-03-20,39.19,38.78,39.63,Single Attn-GRU
632251,2026-03-06,2026-03-21,39.31,38.66,39.94,Single Attn-GRU
632251,2026-03-06,2026-03-22,39.37,38.86,39.78,Single Attn-GRU
632251,2026-03-06,2026-03-23,39.61,38.96,40.1,Single Attn-GRU
632251,2026-03-06,2026-03-24,39.6,39.12,40.06,Single Attn-GRU
632251,2026-03-06,2026-03-25,39.64,39.03,40.09,Single Attn-GRU
632251,2026-03-06,2026-03-26,39.84,39.07,40.5,Single Attn-GRU
632251,2026-03-06,2026-03-27,39.83,39.17,40.35,Single Attn-GRU
632251,2026-03-06,2026-03-28,39.94,39.23,40.52,Single Attn-GRU
632251,2026-03-06,2026-03-29,40.03,39.39,40.63,Single Attn-GRU
632251,2026-03-06,2026-03-30,39.82,39.26,40.3,Single Attn-GRU
632251,2026-03-06,2026-03-31,40.21,39.21,40.85,Single Attn-GRU
632251,2026-03-06,2026-04-01,40.13,39.37,40.62,Single Attn-GRU
632251,2026-03-06,2026-04-02,40.09,39.47,40.63,Single Attn-GRU
632251,2026-03-06,2026-04-03,40.42,39.52,41.01,Single Attn-GRU
632251,2026-03-06,2026-04-04,40.27,39.59,40.81,Single Attn-GRU
632251,2026-03-06,2026-04-05,40.4,39.36,41.05,Single Attn-GRU
632252,2026-03-06,2026-03-07,37.27,37.26,37.28,Single Attn-GRU
632252,2026-03-06,2026-03-08,37.22,37.21,37.24,Single Attn-GRU
632252,2026-03-06,2026-03-09,37.19,37.16,37.22,Single Attn-GRU
632252,2026-03-06,2026-03-10,37.15,37.11,37.2,Single Attn-GRU
632252,2026-03-06,2026-03-11,37.12,37.07,37.18,Single Attn-GRU
632252,2026-03-06,2026-03-12,37.1,37.04,37.17,Single Attn-GRU
632252,2026-03-06,2026-03-13,37.07,37.0,37.15,Single Attn-GRU
632252,2026-03-06,2026-03-14,37.05,36.97,37.15,Single Attn-GRU
632252,2026-03-06,2026-03-15,37.05,36.97,37.15,Single Attn-GRU
632252,2026-03-06,2026-03-16,37.03,36.91,37.16,Single Attn-GRU
632252,2026-03-06,2026-03-17,37.03,36.9,37.16,Single Attn-GRU
632252,2026-03-06,2026-03-18,37.03,36.92,37.14,Single Attn-GRU
632252,2026-03-06,2026-03-19,37.07,36.97,37.17,Single Attn-GRU
632252,2026-03-06,2026-03-20,37.09,36.99,37.18,Single Attn-GRU
632252,2026-03-06,2026-03-21,37.11,36.99,37.27,Single Attn-GRU
632252,2026-03-06,2026-03-22,37.12,36.97,37.23,Single Attn-GRU
632252,2026-03-06,2026-03-23,37.06,36.88,37.25,Single Attn-GRU
632252,2026-03-06,2026-03-24,37.14,36.96,37.34,Single Attn-GRU
632252,2026-03-06,2026-03-25,37.1,36.91,37.28,Single Attn-GRU
632252,2026-03-06,2026-03-26,36.98,36.73,37.24,Single Attn-GRU
632252,2026-03-06,2026-03-27,37.05,36.77,37.24,Single Attn-GRU
632252,2026-03-06,2026-03-28,37.09,36.86,37.32,Single Attn-GRU
632252,2026-03-06,2026-03-29,37.0,36.75,37.26,Single Attn-GRU
632252,2026-03-06,2026-03-30,37.08,36.81,37.29,Single Attn-GRU
632252,2026-03-06,2026-03-31,37.0,36.72,37.28,Single Attn-GRU
632252,2026-03-06,2026-04-01,37.15,36.89,37.34,Single Attn-GRU
632252,2026-03-06,2026-04-02,36.98,36.68,37.25,Single Attn-GRU
632252,2026-03-06,2026-04-03,36.88,36.51,37.23,Single Attn-GRU
632252,2026-03-06,2026-04-04,36.92,36.6,37.23,Single Attn-GRU
632252,2026-03-06,2026-04-05,36.84,36.5,37.19,Single Attn-GRU
632684,2026-03-06,2026-03-07,80.11,80.0,80.24,Single Attn-GRU
632684,2026-03-06,2026-03-08,80.17,79.93,80.45,Single Attn-GRU
632684,2026-03-06,2026-03-09,80.26,79.92,80.7,Single Attn-GRU
632684,2026-03-06,2026-03-10,80.29,79.87,80.79,Single Attn-GRU
632684,2026-03-06,2026-03-11,80.34,79.85,80.98,Single Attn-GRU
632684,2026-03-06,2026-03-12,80.4,79.77,81.09,Single Attn-GRU
632684,2026-03-06,2026-03-13,80.48,79.81,81.34,Single Attn-GRU
632684,2026-03-06,2026-03-14,80.68,79.76,81.68,Single Attn-GRU
632684,2026-03-06,2026-03-15,80.61,79.73,81.55,Single Attn-GRU
632684,2026-03-06,2026-03-16,80.76,79.49,81.95,Single Attn-GRU
632684,2026-03-06,2026-03-17,80.81,79.51,81.97,Single Attn-GRU
632684,2026-03-06,2026-03-18,81.08,79.9,82.29,Single Attn-GRU
632684,2026-03-06,2026-03-19,81.07,80.12,82.04,Single Attn-GRU
632684,2026-03-06,2026-03-20,81.66,80.58,82.67,Single Attn-GRU
632684,2026-03-06,2026-03-21,81.42,80.28,82.73,Single Attn-GRU
632684,2026-03-06,2026-03-22,81.64,80.29,82.81,Single Attn-GRU
632684,2026-03-06,2026-03-23,82.04,80.41,83.47,Single Attn-GRU
632684,2026-03-06,2026-03-24,82.27,81.26,83.16,Single Attn-GRU
632684,2026-03-06,2026-03-25,82.11,81.01,83.3,Single Attn-GRU
632684,2026-03-06,2026-03-26,82.64,80.86,84.19,Single Attn-GRU
632684,2026-03-06,2026-03-27,82.66,81.21,84.12,Single Attn-GRU
632684,2026-03-06,2026-03-28,82.68,81.26,84.03,Single Attn-GRU
632684,2026-03-06,2026-03-29,82.99,81.37,84.59,Single Attn-GRU
632684,2026-03-06,2026-03-30,82.68,81.34,83.99,Single Attn-GRU
632684,2026-03-06,2026-03-31,83.53,81.61,85.02,Single Attn-GRU
632684,2026-03-06,2026-04-01,83.12,81.42,84.49,Single Attn-GRU
632684,2026-03-06,2026-04-02,83.12,81.74,84.23,Single Attn-GRU
632684,2026-03-06,2026-04-03,83.8,81.46,85.36,Single Attn-GRU
632684,2026-03-06,2026-04-04,83.62,82.2,84.77,Single Attn-GRU
632684,2026-03-06,2026-04-05,83.69,81.46,85.06,Single Attn-GRU
632686,2026-03-06,2026-03-07,55.46,55.4,55.53,Single Attn-GRU
632686,2026-03-06,2026-03-08,55.52,55.32,55.67,Single Attn-GRU
632686,2026-03-06,2026-03-09,55.54,55.23,55.75,Single Attn-GRU
632686,2026-03-06,2026-03-10,55.54,55.13,55.77,Single Attn-GRU
632686,2026-03-06,2026-03-11,55.57,55.06,55.83,Single Attn-GRU
632686,2026-03-06,2026-03-12,55.52,55.08,55.82,Single Attn-GRU
632686,2026-03-06,2026-03-13,55.64,54.97,56.01,Single Attn-GRU
632686,2026-03-06,2026-03-14,55.68,54.94,56.06,Single Attn-GRU
632686,2026-03-06,2026-03-15,55.59,55.0,56.02,Single Attn-GRU
632686,2026-03-06,2026-03-16,55.57,54.88,56.1,Single Attn-GRU
632686,2026-03-06,2026-03-17,55.5,54.94,56.14,Single Attn-GRU
632686,2026-03-06,2026-03-18,55.71,55.01,56.28,Single Attn-GRU
632686,2026-03-06,2026-03-19,55.68,55.21,56.2,Single Attn-GRU
632686,2026-03-06,2026-03-20,56.05,55.42,56.63,Single Attn-GRU
632686,2026-03-06,2026-03-21,56.04,55.15,56.59,Single Attn-GRU
632686,2026-03-06,2026-03-22,55.73,55.41,56.35,Single Attn-GRU
632686,2026-03-06,2026-03-23,56.02,55.48,56.7,Single Attn-GRU
632686,2026-03-06,2026-03-24,56.37,55.78,56.73,Single Attn-GRU
632686,2026-03-06,2026-03-25,56.29,55.67,56.83,Single Attn-GRU
632686,2026-03-06,2026-03-26,56.47,55.45,57.17,Single Attn-GRU
632686,2026-03-06,2026-03-27,56.41,55.76,57.14,Single Attn-GRU
632686,2026-03-06,2026-03-28,56.58,55.68,57.16,Single Attn-GRU
632686,2026-03-06,2026-03-29,56.62,55.8,57.28,Single Attn-GRU
632686,2026-03-06,2026-03-30,56.46,55.76,57.13,Single Attn-GRU
632686,2026-03-06,2026-03-31,56.9,55.66,57.67,Single Attn-GRU
632686,2026-03-06,2026-04-01,56.34,55.96,57.24,Single Attn-GRU
632686,2026-03-06,2026-04-02,56.53,55.88,57.16,Single Attn-GRU
632686,2026-03-06,2026-04-03,56.67,55.75,57.67,Single Attn-GRU
632686,2026-03-06,2026-04-04,56.94,56.07,57.55,Single Attn-GRU
632686,2026-03-06,2026-04-05,56.53,55.56,57.6,Single Attn-GRU
632720,2026-03-06,2026-03-07,223.12,223.07,223.19,Single Attn-GRU
632720,2026-03-06,2026-03-08,222.8,222.68,222.91,Single Attn-GRU
632720,2026-03-06,2026-03-09,222.45,222.3,222.6,Single Attn-GRU
632720,2026-03-06,2026-03-10,222.12,221.96,222.29,Single Attn-GRU
632720,2026-03-06,2026-03-11,221.74,221.53,221.95,Single Attn-GRU
632720,2026-03-06,2026-03-12,221.39,220.93,221.75,Single Attn-GRU
632720,2026-03-06,2026-03-13,221.1,220.75,221.4,Single Attn-GRU
632720,2026-03-06,2026-03-14,220.67,220.18,221.11,Single Attn-GRU
632720,2026-03-06,2026-03-15,220.3,219.51,221.01,Single Attn-GRU
632720,2026-03-06,2026-03-16,219.84,219.15,220.54,Single Attn-GRU
632720,2026-03-06,2026-03-17,219.49,218.59,220.35,Single Attn-GRU
632720,2026-03-06,2026-03-18,219.27,218.42,220.11,Single Attn-GRU
632720,2026-03-06,2026-03-19,219.04,217.92,220.06,Single Attn-GRU
632720,2026-03-06,2026-03-20,218.36,217.26,219.57,Single Attn-GRU
632720,2026-03-06,2026-03-21,217.35,216.43,218.89,Single Attn-GRU
632720,2026-03-06,2026-03-22,216.58,215.75,218.09,Single Attn-GRU
632720,2026-03-06,2026-03-23,215.98,214.96,217.55,Single Attn-GRU
632720,2026-03-06,2026-03-24,215.53,214.72,217.03,Single Attn-GRU
632720,2026-03-06,2026-03-25,215.08,214.53,216.85,Single Attn-GRU
632720,2026-03-06,2026-03-26,214.65,214.32,216.19,Single Attn-GRU
632720,2026-03-06,2026-03-27,214.6,214.27,215.86,Single Attn-GRU
632720,2026-03-06,2026-03-28,214.54,214.19,215.73,Single Attn-GRU
632720,2026-03-06,2026-03-29,214.37,214.18,215.36,Single Attn-GRU
632720,2026-03-06,2026-03-30,214.48,214.18,216.02,Single Attn-GRU
632720,2026-03-06,2026-03-31,214.32,214.16,214.95,Single Attn-GRU
632720,2026-03-06,2026-04-01,214.35,214.15,215.23,Single Attn-GRU
632720,2026-03-06,2026-04-02,214.23,214.13,215.04,Single Attn-GRU
632720,2026-03-06,2026-04-03,214.2,214.12,214.86,Single Attn-GRU
632720,2026-03-06,2026-04-04,214.18,214.12,214.73,Single Attn-GRU
632720,2026-03-06,2026-04-05,214.2,214.12,214.87,Single Attn-GRU
633053,2026-03-06,2026-03-07,110.07,110.01,110.12,Single Attn-GRU
633053,2026-03-06,2026-03-08,109.99,109.85,110.17,Single Attn-GRU
633053,2026-03-06,2026-03-09,109.87,109.66,110.09,Single Attn-GRU
633053,2026-03-06,2026-03-10,109.67,109.44,109.91,Single Attn-GRU
633053,2026-03-06,2026-03-11,109.47,109.18,109.75,Single Attn-GRU
633053,2026-03-06,2026-03-12,109.25,108.98,109.49,Single Attn-GRU
633053,2026-03-06,2026-03-13,109.09,108.71,109.47,Single Attn-GRU
633053,2026-03-06,2026-03-14,108.82,108.44,109.18,Single Attn-GRU
633053,2026-03-06,2026-03-15,108.54,108.21,108.86,Single Attn-GRU
633053,2026-03-06,2026-03-16,108.25,107.97,108.57,Single Attn-GRU
633053,2026-03-06,2026-03-17,107.96,107.7,108.28,Single Attn-GRU
633053,2026-03-06,2026-03-18,107.76,107.48,108.14,Single Attn-GRU
633053,2026-03-06,2026-03-19,107.44,107.19,107.81,Single Attn-GRU
633053,2026-03-06,2026-03-20,107.13,106.94,107.44,Single Attn-GRU
633053,2026-03-06,2026-03-21,106.82,106.75,107.0,Single Attn-GRU
633053,2026-03-06,2026-03-22,106.75,106.73,106.82,Single Attn-GRU
633053,2026-03-06,2026-03-23,106.73,106.72,106.78,Single Attn-GRU
633053,2026-03-06,2026-03-24,106.72,106.72,106.75,Single Attn-GRU
633053,2026-03-06,2026-03-25,106.72,106.72,106.74,Single Attn-GRU
633053,2026-03-06,2026-03-26,106.72,106.72,106.73,Single Attn-GRU
633053,2026-03-06,2026-03-27,106.72,106.72,106.72,Single Attn-GRU
633053,2026-03-06,2026-03-28,106.72,106.72,106.72,Single Attn-GRU
633053,2026-03-06,2026-03-29,106.72,106.72,106.72,Single Attn-GRU
633053,2026-03-06,2026-03-30,106.72,106.72,106.72,Single Attn-GRU
633053,2026-03-06,2026-03-31,106.72,106.72,106.72,Single Attn-GRU
633053,2026-03-06,2026-04-01,106.72,106.72,106.72,Single Attn-GRU
633053,2026-03-06,2026-04-02,106.72,106.72,106.72,Single Attn-GRU
633053,2026-03-06,2026-04-03,106.72,106.72,106.72,Single Attn-GRU
633053,2026-03-06,2026-04-04,106.72,106.72,106.72,Single Attn-GRU
633053,2026-03-06,2026-04-05,106.72,106.72,106.72,Single Attn-GRU
633098,2026-03-06,2026-03-07,122.19,122.12,122.22,Single Attn-GRU
633098,2026-03-06,2026-03-08,122.18,122.05,122.49,Single Attn-GRU
633098,2026-03-06,2026-03-09,122.2,121.99,122.63,Single Attn-GRU
633098,2026-03-06,2026-03-10,122.25,121.93,122.66,Single Attn-GRU
633098,2026-03-06,2026-03-11,122.29,121.88,122.75,Single Attn-GRU
633098,2026-03-06,2026-03-12,122.3,121.86,122.69,Single Attn-GRU
633098,2026-03-06,2026-03-13,122.38,121.82,123.01,Single Attn-GRU
633098,2026-03-06,2026-03-14,122.46,121.82,123.03,Single Attn-GRU
633098,2026-03-06,2026-03-15,122.45,121.83,122.92,Single Attn-GRU
633098,2026-03-06,2026-03-16,122.35,121.86,122.8,Single Attn-GRU
633098,2026-03-06,2026-03-17,122.4,121.79,122.81,Single Attn-GRU
633098,2026-03-06,2026-03-18,122.53,121.83,123.19,Single Attn-GRU
633098,2026-03-06,2026-03-19,122.58,121.99,123.06,Single Attn-GRU
633098,2026-03-06,2026-03-20,122.87,122.12,123.63,Single Attn-GRU
633098,2026-03-06,2026-03-21,122.98,122.14,123.59,Single Attn-GRU
633098,2026-03-06,2026-03-22,122.9,122.12,123.11,Single Attn-GRU
633098,2026-03-06,2026-03-23,123.04,122.3,123.44,Single Attn-GRU
633098,2026-03-06,2026-03-24,123.2,122.69,123.57,Single Attn-GRU
633098,2026-03-06,2026-03-25,123.23,122.57,123.72,Single Attn-GRU
633098,2026-03-06,2026-03-26,123.32,122.42,124.05,Single Attn-GRU
633098,2026-03-06,2026-03-27,123.38,122.49,124.03,Single Attn-GRU
633098,2026-03-06,2026-03-28,123.44,122.65,124.09,Single Attn-GRU
633098,2026-03-06,2026-03-29,123.48,122.59,124.17,Single Attn-GRU
633098,2026-03-06,2026-03-30,123.34,122.44,124.08,Single Attn-GRU
633098,2026-03-06,2026-03-31,123.79,122.67,124.64,Single Attn-GRU
633098,2026-03-06,2026-04-01,123.72,122.68,124.01,Single Attn-GRU
633098,2026-03-06,2026-04-02,123.56,122.79,124.02,Single Attn-GRU
633098,2026-03-06,2026-04-03,123.88,122.57,124.47,Single Attn-GRU
633098,2026-03-06,2026-04-04,123.84,122.95,124.49,Single Attn-GRU
633098,2026-03-06,2026-04-05,123.8,122.63,124.32,Single Attn-GRU
633099,2026-03-06,2026-03-07,67.15,67.09,67.19,Single Attn-GRU
633099,2026-03-06,2026-03-08,67.17,67.07,67.24,Single Attn-GRU
633099,2026-03-06,2026-03-09,67.19,67.04,67.32,Single Attn-GRU
633099,2026-03-06,2026-03-10,67.2,66.99,67.37,Single Attn-GRU
633099,2026-03-06,2026-03-11,67.22,66.95,67.45,Single Attn-GRU
633099,2026-03-06,2026-03-12,67.24,66.94,67.49,Single Attn-GRU
633099,2026-03-06,2026-03-13,67.27,66.92,67.58,Single Attn-GRU
633099,2026-03-06,2026-03-14,67.34,66.88,67.7,Single Attn-GRU
633099,2026-03-06,2026-03-15,67.37,66.95,67.7,Single Attn-GRU
633099,2026-03-06,2026-03-16,67.41,66.84,67.89,Single Attn-GRU
633099,2026-03-06,2026-03-17,67.47,66.88,67.91,Single Attn-GRU
633099,2026-03-06,2026-03-18,67.55,67.0,67.95,Single Attn-GRU
633099,2026-03-06,2026-03-19,67.57,67.1,67.83,Single Attn-GRU
633099,2026-03-06,2026-03-20,67.72,67.31,68.02,Single Attn-GRU
633099,2026-03-06,2026-03-21,67.78,67.15,68.26,Single Attn-GRU
633099,2026-03-06,2026-03-22,67.81,67.24,68.07,Single Attn-GRU
633099,2026-03-06,2026-03-23,67.98,67.31,68.39,Single Attn-GRU
633099,2026-03-06,2026-03-24,68.03,67.52,68.36,Single Attn-GRU
633099,2026-03-06,2026-03-25,67.98,67.43,68.35,Single Attn-GRU
633099,2026-03-06,2026-03-26,68.24,67.41,68.75,Single Attn-GRU
633099,2026-03-06,2026-03-27,68.23,67.54,68.59,Single Attn-GRU
633099,2026-03-06,2026-03-28,68.24,67.53,68.74,Single Attn-GRU
633099,2026-03-06,2026-03-29,68.4,67.69,68.82,Single Attn-GRU
633099,2026-03-06,2026-03-30,68.2,67.62,68.57,Single Attn-GRU
633099,2026-03-06,2026-03-31,68.5,67.56,69.01,Single Attn-GRU
633099,2026-03-06,2026-04-01,68.46,67.74,68.8,Single Attn-GRU
633099,2026-03-06,2026-04-02,68.38,67.69,68.76,Single Attn-GRU
633099,2026-03-06,2026-04-03,68.66,67.63,69.13,Single Attn-GRU
633099,2026-03-06,2026-04-04,68.49,67.83,68.91,Single Attn-GRU
633099,2026-03-06,2026-04-05,68.58,67.61,69.1,Single Attn-GRU
633103,2026-03-06,2026-03-07,130.02,129.99,130.05,Single Attn-GRU
633103,2026-03-06,2026-03-08,129.95,129.87,130.06,Single Attn-GRU
633103,2026-03-06,2026-03-09,129.88,129.74,130.02,Single Attn-GRU
633103,2026-03-06,2026-03-10,129.81,129.62,129.97,Single Attn-GRU
633103,2026-03-06,2026-03-11,129.73,129.5,129.92,Single Attn-GRU
633103,2026-03-06,2026-03-12,129.65,129.42,129.85,Single Attn-GRU
633103,2026-03-06,2026-03-13,129.64,129.34,129.9,Single Attn-GRU
633103,2026-03-06,2026-03-14,129.54,129.23,129.83,Single Attn-GRU
633103,2026-03-06,2026-03-15,129.49,129.18,129.79,Single Attn-GRU
633103,2026-03-06,2026-03-16,129.38,129.04,129.69,Single Attn-GRU
633103,2026-03-06,2026-03-17,129.3,128.97,129.68,Single Attn-GRU
633103,2026-03-06,2026-03-18,129.38,129.05,129.81,Single Attn-GRU
633103,2026-03-06,2026-03-19,129.47,129.18,129.88,Single Attn-GRU
633103,2026-03-06,2026-03-20,129.57,129.23,130.0,Single Attn-GRU
633103,2026-03-06,2026-03-21,129.56,129.12,129.97,Single Attn-GRU
633103,2026-03-06,2026-03-22,129.42,129.07,129.74,Single Attn-GRU
633103,2026-03-06,2026-03-23,129.19,128.7,129.69,Single Attn-GRU
633103,2026-03-06,2026-03-24,129.42,128.92,129.87,Single Attn-GRU
633103,2026-03-06,2026-03-25,129.3,128.73,129.89,Single Attn-GRU
633103,2026-03-06,2026-03-26,128.99,128.34,129.67,Single Attn-GRU
633103,2026-03-06,2026-03-27,128.96,128.4,129.69,Single Attn-GRU
633103,2026-03-06,2026-03-28,128.97,128.32,129.82,Single Attn-GRU
633103,2026-03-06,2026-03-29,128.84,128.14,129.65,Single Attn-GRU
633103,2026-03-06,2026-03-30,129.11,128.36,129.88,Single Attn-GRU
633103,2026-03-06,2026-03-31,128.79,128.16,129.66,Single Attn-GRU
633103,2026-03-06,2026-04-01,128.98,128.41,129.72,Single Attn-GRU
633103,2026-03-06,2026-04-02,128.77,128.04,129.55,Single Attn-GRU
633103,2026-03-06,2026-04-03,128.22,127.58,129.28,Single Attn-GRU
633103,2026-03-06,2026-04-04,128.49,127.61,129.61,Single Attn-GRU
633103,2026-03-06,2026-04-05,128.34,127.53,129.34,Single Attn-GRU
633104,2026-03-06,2026-03-07,123.14,123.03,123.31,Single Attn-GRU
633104,2026-03-06,2026-03-08,123.14,122.9,123.66,Single Attn-GRU
633104,2026-03-06,2026-03-09,123.16,122.75,123.9,Single Attn-GRU
633104,2026-03-06,2026-03-10,123.22,122.59,124.0,Single Attn-GRU
633104,2026-03-06,2026-03-11,123.3,122.51,124.19,Single Attn-GRU
633104,2026-03-06,2026-03-12,123.33,122.56,124.17,Single Attn-GRU
633104,2026-03-06,2026-03-13,123.46,122.42,124.67,Single Attn-GRU
633104,2026-03-06,2026-03-14,123.49,122.33,124.75,Single Attn-GRU
633104,2026-03-06,2026-03-15,123.6,122.53,124.71,Single Attn-GRU
633104,2026-03-06,2026-03-16,123.72,122.32,124.86,Single Attn-GRU
633104,2026-03-06,2026-03-17,123.58,122.42,124.96,Single Attn-GRU
633104,2026-03-06,2026-03-18,123.97,122.66,125.35,Single Attn-GRU
633104,2026-03-06,2026-03-19,123.81,122.95,125.0,Single Attn-GRU
633104,2026-03-06,2026-03-20,124.49,123.22,125.87,Single Attn-GRU
633104,2026-03-06,2026-03-21,124.57,122.98,125.99,Single Attn-GRU
633104,2026-03-06,2026-03-22,123.81,123.16,125.34,Single Attn-GRU
633104,2026-03-06,2026-03-23,124.47,123.36,126.01,Single Attn-GRU
633104,2026-03-06,2026-03-24,124.93,123.93,126.04,Single Attn-GRU
633104,2026-03-06,2026-03-25,124.91,123.68,126.17,Single Attn-GRU
633104,2026-03-06,2026-03-26,125.45,123.53,126.97,Single Attn-GRU
633104,2026-03-06,2026-03-27,125.19,123.9,126.78,Single Attn-GRU
633104,2026-03-06,2026-03-28,125.55,123.86,127.07,Single Attn-GRU
633104,2026-03-06,2026-03-29,125.69,124.28,127.32,Single Attn-GRU
633104,2026-03-06,2026-03-30,125.43,123.99,126.87,Single Attn-GRU
633104,2026-03-06,2026-03-31,126.2,123.85,127.82,Single Attn-GRU
633104,2026-03-06,2026-04-01,125.13,124.19,127.1,Single Attn-GRU
633104,2026-03-06,2026-04-02,125.44,124.31,127.06,Single Attn-GRU
633104,2026-03-06,2026-04-03,125.81,123.86,127.86,Single Attn-GRU
633104,2026-03-06,2026-04-04,126.16,124.62,127.48,Single Attn-GRU
633104,2026-03-06,2026-04-05,125.71,124.01,127.69,Single Attn-GRU
647656,2026-03-06,2026-03-07,4.53,4.53,4.53,Single Attn-GRU
647656,2026-03-06,2026-03-08,4.53,4.52,4.54,Single Attn-GRU
647656,2026-03-06,2026-03-09,4.52,4.51,4.53,Single Attn-GRU
647656,2026-03-06,2026-03-10,4.51,4.5,4.53,Single Attn-GRU
647656,2026-03-06,2026-03-11,4.51,4.5,4.52,Single Attn-GRU
647656,2026-03-06,2026-03-12,4.5,4.49,4.52,Single Attn-GRU
647656,2026-03-06,2026-03-13,4.5,4.48,4.52,Single Attn-GRU
647656,2026-03-06,2026-03-14,4.49,4.48,4.51,Single Attn-GRU
647656,2026-03-06,2026-03-15,4.49,4.47,4.51,Single Attn-GRU
647656,2026-03-06,2026-03-16,4.48,4.46,4.5,Single Attn-GRU
647656,2026-03-06,2026-03-17,4.47,4.46,4.49,Single Attn-GRU
647656,2026-03-06,2026-03-18,4.47,4.45,4.5,Single Attn-GRU
647656,2026-03-06,2026-03-19,4.47,4.45,4.49,Single Attn-GRU
647656,2026-03-06,2026-03-20,4.48,4.45,4.5,Single Attn-GRU
647656,2026-03-06,2026-03-21,4.47,4.45,4.5,Single Attn-GRU
647656,2026-03-06,2026-03-22,4.47,4.43,4.49,Single Attn-GRU
647656,2026-03-06,2026-03-23,4.46,4.43,4.48,Single Attn-GRU
647656,2026-03-06,2026-03-24,4.46,4.43,4.5,Single Attn-GRU
647656,2026-03-06,2026-03-25,4.46,4.42,4.49,Single Attn-GRU
647656,2026-03-06,2026-03-26,4.45,4.42,4.49,Single Attn-GRU
647656,2026-03-06,2026-03-27,4.46,4.41,4.5,Single Attn-GRU
647656,2026-03-06,2026-03-28,4.47,4.42,4.5,Single Attn-GRU
647656,2026-03-06,2026-03-29,4.45,4.41,4.49,Single Attn-GRU
647656,2026-03-06,2026-03-30,4.44,4.4,4.49,Single Attn-GRU
647656,2026-03-06,2026-03-31,4.44,4.39,4.48,Single Attn-GRU
647656,2026-03-06,2026-04-01,4.44,4.4,4.49,Single Attn-GRU
647656,2026-03-06,2026-04-02,4.45,4.4,4.5,Single Attn-GRU
647656,2026-03-06,2026-04-03,4.43,4.39,4.48,Single Attn-GRU
647656,2026-03-06,2026-04-04,4.43,4.39,4.49,Single Attn-GRU
647656,2026-03-06,2026-04-05,4.44,4.39,4.48,Single Attn-GRU
647657,2026-03-06,2026-03-07,4.36,4.34,4.37,Single Attn-GRU
647657,2026-03-06,2026-03-08,4.36,4.34,4.38,Single Attn-GRU
647657,2026-03-06,2026-03-09,4.36,4.33,4.41,Single Attn-GRU
647657,2026-03-06,2026-03-10,4.37,4.32,4.42,Single Attn-GRU
647657,2026-03-06,2026-03-11,4.37,4.32,4.44,Single Attn-GRU
647657,2026-03-06,2026-03-12,4.39,4.33,4.46,Single Attn-GRU
647657,2026-03-06,2026-03-13,4.4,4.33,4.48,Single Attn-GRU
647657,2026-03-06,2026-03-14,4.41,4.32,4.51,Single Attn-GRU
647657,2026-03-06,2026-03-15,4.42,4.34,4.51,Single Attn-GRU
647657,2026-03-06,2026-03-16,4.44,4.34,4.55,Single Attn-GRU
647657,2026-03-06,2026-03-17,4.46,4.35,4.57,Single Attn-GRU
647657,2026-03-06,2026-03-18,4.48,4.37,4.59,Single Attn-GRU
647657,2026-03-06,2026-03-19,4.51,4.42,4.61,Single Attn-GRU
647657,2026-03-06,2026-03-20,4.52,4.43,4.63,Single Attn-GRU
647657,2026-03-06,2026-03-21,4.55,4.43,4.67,Single Attn-GRU
647657,2026-03-06,2026-03-22,4.56,4.48,4.67,Single Attn-GRU
647657,2026-03-06,2026-03-23,4.61,4.5,4.72,Single Attn-GRU
647657,2026-03-06,2026-03-24,4.61,4.51,4.72,Single Attn-GRU
647657,2026-03-06,2026-03-25,4.63,4.55,4.74,Single Attn-GRU
647657,2026-03-06,2026-03-26,4.67,4.5,4.8,Single Attn-GRU
647657,2026-03-06,2026-03-27,4.7,4.55,4.82,Single Attn-GRU
647657,2026-03-06,2026-03-28,4.69,4.53,4.82,Single Attn-GRU
647657,2026-03-06,2026-03-29,4.71,4.57,4.84,Single Attn-GRU
647657,2026-03-06,2026-03-30,4.7,4.58,4.83,Single Attn-GRU
647657,2026-03-06,2026-03-31,4.79,4.6,4.9,Single Attn-GRU
647657,2026-03-06,2026-04-01,4.78,4.62,4.9,Single Attn-GRU
647657,2026-03-06,2026-04-02,4.82,4.65,4.93,Single Attn-GRU
647657,2026-03-06,2026-04-03,4.85,4.66,4.97,Single Attn-GRU
647657,2026-03-06,2026-04-04,4.86,4.69,4.96,Single Attn-GRU
647657,2026-03-06,2026-04-05,4.88,4.67,5.0,Single Attn-GRU
647659,2026-03-06,2026-03-07,3.47,3.46,3.48,Single Attn-GRU
647659,2026-03-06,2026-03-08,3.47,3.46,3.49,Single Attn-GRU
647659,2026-03-06,2026-03-09,3.48,3.46,3.51,Single Attn-GRU
647659,2026-03-06,2026-03-10,3.49,3.45,3.52,Single Attn-GRU
647659,2026-03-06,2026-03-11,3.5,3.46,3.53,Single Attn-GRU
647659,2026-03-06,2026-03-12,3.51,3.46,3.54,Single Attn-GRU
647659,2026-03-06,2026-03-13,3.52,3.47,3.57,Single Attn-GRU
647659,2026-03-06,2026-03-14,3.53,3.47,3.58,Single Attn-GRU
647659,2026-03-06,2026-03-15,3.53,3.47,3.58,Single Attn-GRU
647659,2026-03-06,2026-03-16,3.55,3.47,3.61,Single Attn-GRU
647659,2026-03-06,2026-03-17,3.57,3.49,3.63,Single Attn-GRU
647659,2026-03-06,2026-03-18,3.58,3.5,3.64,Single Attn-GRU
647659,2026-03-06,2026-03-19,3.59,3.51,3.66,Single Attn-GRU
647659,2026-03-06,2026-03-20,3.59,3.53,3.66,Single Attn-GRU
647659,2026-03-06,2026-03-21,3.63,3.54,3.69,Single Attn-GRU
647659,2026-03-06,2026-03-22,3.63,3.54,3.69,Single Attn-GRU
647659,2026-03-06,2026-03-23,3.66,3.56,3.73,Single Attn-GRU
647659,2026-03-06,2026-03-24,3.64,3.57,3.71,Single Attn-GRU
647659,2026-03-06,2026-03-25,3.67,3.59,3.73,Single Attn-GRU
647659,2026-03-06,2026-03-26,3.69,3.58,3.77,Single Attn-GRU
647659,2026-03-06,2026-03-27,3.7,3.61,3.77,Single Attn-GRU
647659,2026-03-06,2026-03-28,3.7,3.59,3.77,Single Attn-GRU
647659,2026-03-06,2026-03-29,3.72,3.6,3.78,Single Attn-GRU
647659,2026-03-06,2026-03-30,3.71,3.61,3.78,Single Attn-GRU
647659,2026-03-06,2026-03-31,3.75,3.64,3.81,Single Attn-GRU
647659,2026-03-06,2026-04-01,3.74,3.65,3.8,Single Attn-GRU
647659,2026-03-06,2026-04-02,3.75,3.65,3.81,Single Attn-GRU
647659,2026-03-06,2026-04-03,3.79,3.66,3.84,Single Attn-GRU
647659,2026-03-06,2026-04-04,3.77,3.68,3.83,Single Attn-GRU
647659,2026-03-06,2026-04-05,3.79,3.66,3.84,Single Attn-GRU
647660,2026-03-06,2026-03-07,8.44,8.44,8.45,Single Attn-GRU
647660,2026-03-06,2026-03-08,8.44,8.43,8.45,Single Attn-GRU
647660,2026-03-06,2026-03-09,8.44,8.43,8.46,Single Attn-GRU
647660,2026-03-06,2026-03-10,8.44,8.42,8.46,Single Attn-GRU
647660,2026-03-06,2026-03-11,8.44,8.42,8.46,Single Attn-GRU
647660,2026-03-06,2026-03-12,8.45,8.42,8.47,Single Attn-GRU
647660,2026-03-06,2026-03-13,8.45,8.41,8.48,Single Attn-GRU
647660,2026-03-06,2026-03-14,8.46,8.41,8.49,Single Attn-GRU
647660,2026-03-06,2026-03-15,8.46,8.42,8.49,Single Attn-GRU
647660,2026-03-06,2026-03-16,8.46,8.42,8.51,Single Attn-GRU
647660,2026-03-06,2026-03-17,8.47,8.42,8.51,Single Attn-GRU
647660,2026-03-06,2026-03-18,8.48,8.43,8.52,Single Attn-GRU
647660,2026-03-06,2026-03-19,8.5,8.44,8.53,Single Attn-GRU
647660,2026-03-06,2026-03-20,8.51,8.45,8.54,Single Attn-GRU
647660,2026-03-06,2026-03-21,8.51,8.45,8.55,Single Attn-GRU
647660,2026-03-06,2026-03-22,8.52,8.47,8.56,Single Attn-GRU
647660,2026-03-06,2026-03-23,8.54,8.48,8.58,Single Attn-GRU
647660,2026-03-06,2026-03-24,8.54,8.5,8.59,Single Attn-GRU
647660,2026-03-06,2026-03-25,8.56,8.5,8.59,Single Attn-GRU
647660,2026-03-06,2026-03-26,8.56,8.49,8.61,Single Attn-GRU
647660,2026-03-06,2026-03-27,8.58,8.5,8.63,Single Attn-GRU
647660,2026-03-06,2026-03-28,8.56,8.5,8.63,Single Attn-GRU
647660,2026-03-06,2026-03-29,8.57,8.51,8.63,Single Attn-GRU
647660,2026-03-06,2026-03-30,8.58,8.5,8.63,Single Attn-GRU
647660,2026-03-06,2026-03-31,8.62,8.5,8.67,Single Attn-GRU
647660,2026-03-06,2026-04-01,8.62,8.52,8.66,Single Attn-GRU
647660,2026-03-06,2026-04-02,8.63,8.53,8.69,Single Attn-GRU
647660,2026-03-06,2026-04-03,8.64,8.53,8.7,Single Attn-GRU
647660,2026-03-06,2026-04-04,8.64,8.56,8.7,Single Attn-GRU
647660,2026-03-06,2026-04-05,8.64,8.52,8.72,Single Attn-GRU
647663,2026-03-06,2026-03-07,1524.83,1524.48,1525.26,Single Attn-GRU
647663,2026-03-06,2026-03-08,1523.4,1522.74,1524.08,Single Attn-GRU
647663,2026-03-06,2026-03-09,1522.17,1521.1,1523.25,Single Attn-GRU
647663,2026-03-06,2026-03-10,1520.88,1519.33,1522.21,Single Attn-GRU
647663,2026-03-06,2026-03-11,1519.39,1517.82,1521.01,Single Attn-GRU
647663,2026-03-06,2026-03-12,1518.84,1516.76,1520.91,Single Attn-GRU
647663,2026-03-06,2026-03-13,1518.15,1515.69,1520.57,Single Attn-GRU
647663,2026-03-06,2026-03-14,1516.8,1514.01,1519.34,Single Attn-GRU
647663,2026-03-06,2026-03-15,1516.9,1513.42,1520.58,Single Attn-GRU
647663,2026-03-06,2026-03-16,1515.35,1511.38,1519.3,Single Attn-GRU
647663,2026-03-06,2026-03-17,1515.27,1510.71,1519.76,Single Attn-GRU
647663,2026-03-06,2026-03-18,1516.21,1511.24,1521.38,Single Attn-GRU
647663,2026-03-06,2026-03-19,1517.92,1512.28,1523.97,Single Attn-GRU
647663,2026-03-06,2026-03-20,1518.58,1512.21,1524.6,Single Attn-GRU
647663,2026-03-06,2026-03-21,1512.58,1505.3,1520.49,Single Attn-GRU
647663,2026-03-06,2026-03-22,1513.2,1505.22,1521.22,Single Attn-GRU
647663,2026-03-06,2026-03-23,1511.19,1501.36,1521.77,Single Attn-GRU
647663,2026-03-06,2026-03-24,1511.53,1500.6,1522.78,Single Attn-GRU
647663,2026-03-06,2026-03-25,1509.95,1497.23,1524.19,Single Attn-GRU
647663,2026-03-06,2026-03-26,1502.03,1487.83,1516.17,Single Attn-GRU
647663,2026-03-06,2026-03-27,1505.96,1491.88,1519.59,Single Attn-GRU
647663,2026-03-06,2026-03-28,1496.75,1480.35,1514.0,Single Attn-GRU
647663,2026-03-06,2026-03-29,1495.51,1479.65,1512.52,Single Attn-GRU
647663,2026-03-06,2026-03-30,1497.34,1480.94,1515.32,Single Attn-GRU
647663,2026-03-06,2026-03-31,1491.18,1476.99,1513.06,Single Attn-GRU
647663,2026-03-06,2026-04-01,1496.54,1478.81,1516.01,Single Attn-GRU
647663,2026-03-06,2026-04-02,1501.5,1484.24,1520.68,Single Attn-GRU
647663,2026-03-06,2026-04-03,1494.86,1479.8,1512.63,Single Attn-GRU
647663,2026-03-06,2026-04-04,1490.98,1474.93,1514.3,Single Attn-GRU
647663,2026-03-06,2026-04-05,1495.57,1480.45,1514.88,Single Attn-GRU
649230,2026-03-06,2026-03-07,125.74,125.7,125.77,Single Attn-GRU
649230,2026-03-06,2026-03-08,125.7,125.64,125.79,Single Attn-GRU
649230,2026-03-06,2026-03-09,125.67,125.57,125.82,Single Attn-GRU
649230,2026-03-06,2026-03-10,125.63,125.49,125.83,Single Attn-GRU
649230,2026-03-06,2026-03-11,125.61,125.44,125.86,Single Attn-GRU
649230,2026-03-06,2026-03-12,125.63,125.46,125.92,Single Attn-GRU
649230,2026-03-06,2026-03-13,125.62,125.39,125.97,Single Attn-GRU
649230,2026-03-06,2026-03-14,125.64,125.36,126.02,Single Attn-GRU
649230,2026-03-06,2026-03-15,125.7,125.46,126.08,Single Attn-GRU
649230,2026-03-06,2026-03-16,125.73,125.35,126.21,Single Attn-GRU
649230,2026-03-06,2026-03-17,125.78,125.45,126.3,Single Attn-GRU
649230,2026-03-06,2026-03-18,125.88,125.52,126.38,Single Attn-GRU
649230,2026-03-06,2026-03-19,126.1,125.77,126.56,Single Attn-GRU
649230,2026-03-06,2026-03-20,126.19,125.89,126.62,Single Attn-GRU
649230,2026-03-06,2026-03-21,126.26,125.88,126.81,Single Attn-GRU
649230,2026-03-06,2026-03-22,126.41,125.98,126.91,Single Attn-GRU
649230,2026-03-06,2026-03-23,126.55,126.13,127.22,Single Attn-GRU
649230,2026-03-06,2026-03-24,126.68,126.27,127.16,Single Attn-GRU
649230,2026-03-06,2026-03-25,126.85,126.41,127.42,Single Attn-GRU
649230,2026-03-06,2026-03-26,126.58,126.01,127.35,Single Attn-GRU
649230,2026-03-06,2026-03-27,126.89,126.33,127.51,Single Attn-GRU
649230,2026-03-06,2026-03-28,126.98,126.41,127.64,Single Attn-GRU
649230,2026-03-06,2026-03-29,127.11,126.54,127.75,Single Attn-GRU
649230,2026-03-06,2026-03-30,127.06,126.59,127.74,Single Attn-GRU
649230,2026-03-06,2026-03-31,127.15,126.46,127.99,Single Attn-GRU
649230,2026-03-06,2026-04-01,127.27,126.64,127.99,Single Attn-GRU
649230,2026-03-06,2026-04-02,127.47,126.69,128.21,Single Attn-GRU
649230,2026-03-06,2026-04-03,127.48,126.82,128.48,Single Attn-GRU
649230,2026-03-06,2026-04-04,127.66,126.89,128.44,Single Attn-GRU
649230,2026-03-06,2026-04-05,127.64,126.8,128.58,Single Attn-GRU
649231,2026-03-06,2026-03-07,90.54,90.44,90.67,Single Attn-GRU
649231,2026-03-06,2026-03-08,90.61,90.39,90.83,Single Attn-GRU
649231,2026-03-06,2026-03-09,90.79,90.43,91.12,Single Attn-GRU
649231,2026-03-06,2026-03-10,90.92,90.41,91.32,Single Attn-GRU
649231,2026-03-06,2026-03-11,91.04,90.44,91.56,Single Attn-GRU
649231,2026-03-06,2026-03-12,91.2,90.57,91.84,Single Attn-GRU
649231,2026-03-06,2026-03-13,91.35,90.57,92.11,Single Attn-GRU
649231,2026-03-06,2026-03-14,91.52,90.67,92.38,Single Attn-GRU
649231,2026-03-06,2026-03-15,91.68,90.67,92.5,Single Attn-GRU
649231,2026-03-06,2026-03-16,91.96,90.83,92.93,Single Attn-GRU
649231,2026-03-06,2026-03-17,92.18,90.87,93.19,Single Attn-GRU
649231,2026-03-06,2026-03-18,92.45,90.98,93.47,Single Attn-GRU
649231,2026-03-06,2026-03-19,92.49,91.12,93.55,Single Attn-GRU
649231,2026-03-06,2026-03-20,92.68,91.34,93.86,Single Attn-GRU
649231,2026-03-06,2026-03-21,93.13,91.63,94.13,Single Attn-GRU
649231,2026-03-06,2026-03-22,93.35,91.89,94.62,Single Attn-GRU
649231,2026-03-06,2026-03-23,93.74,92.07,94.91,Single Attn-GRU
649231,2026-03-06,2026-03-24,93.83,92.0,94.8,Single Attn-GRU
649231,2026-03-06,2026-03-25,93.93,92.32,95.03,Single Attn-GRU
649231,2026-03-06,2026-03-26,94.26,92.62,95.34,Single Attn-GRU
649231,2026-03-06,2026-03-27,94.38,92.69,95.39,Single Attn-GRU
649231,2026-03-06,2026-03-28,94.69,92.78,95.59,Single Attn-GRU
649231,2026-03-06,2026-03-29,94.79,92.86,95.69,Single Attn-GRU
649231,2026-03-06,2026-03-30,94.57,92.76,95.54,Single Attn-GRU
649231,2026-03-06,2026-03-31,95.17,93.17,95.94,Single Attn-GRU
649231,2026-03-06,2026-04-01,94.97,93.39,95.84,Single Attn-GRU
649231,2026-03-06,2026-04-02,95.19,93.47,95.91,Single Attn-GRU
649231,2026-03-06,2026-04-03,95.42,93.9,96.16,Single Attn-GRU
649231,2026-03-06,2026-04-04,95.44,93.9,96.09,Single Attn-GRU
649231,2026-03-06,2026-04-05,95.69,94.0,96.24,Single Attn-GRU
649236,2026-03-06,2026-03-07,80.69,80.42,80.98,Single Attn-GRU
649236,2026-03-06,2026-03-08,80.98,80.39,81.52,Single Attn-GRU
649236,2026-03-06,2026-03-09,81.44,80.55,82.32,Single Attn-GRU
649236,2026-03-06,2026-03-10,81.71,80.57,82.9,Single Attn-GRU
649236,2026-03-06,2026-03-11,82.2,80.81,83.66,Single Attn-GRU
649236,2026-03-06,2026-03-12,82.8,81.18,84.3,Single Attn-GRU
649236,2026-03-06,2026-03-13,83.14,81.22,85.03,Single Attn-GRU
649236,2026-03-06,2026-03-14,83.92,81.45,85.99,Single Attn-GRU
649236,2026-03-06,2026-03-15,84.45,81.89,86.39,Single Attn-GRU
649236,2026-03-06,2026-03-16,84.97,82.08,87.48,Single Attn-GRU
649236,2026-03-06,2026-03-17,85.94,82.95,88.16,Single Attn-GRU
649236,2026-03-06,2026-03-18,86.63,83.6,89.05,Single Attn-GRU
649236,2026-03-06,2026-03-19,86.77,84.02,88.84,Single Attn-GRU
649236,2026-03-06,2026-03-20,87.54,84.71,90.1,Single Attn-GRU
649236,2026-03-06,2026-03-21,88.38,85.09,90.73,Single Attn-GRU
649236,2026-03-06,2026-03-22,88.81,85.68,91.25,Single Attn-GRU
649236,2026-03-06,2026-03-23,89.81,86.33,92.07,Single Attn-GRU
649236,2026-03-06,2026-03-24,89.77,86.84,92.12,Single Attn-GRU
649236,2026-03-06,2026-03-25,89.89,86.56,92.3,Single Attn-GRU
649236,2026-03-06,2026-03-26,91.22,88.2,93.72,Single Attn-GRU
649236,2026-03-06,2026-03-27,91.62,88.33,93.55,Single Attn-GRU
649236,2026-03-06,2026-03-28,92.0,89.45,93.9,Single Attn-GRU
649236,2026-03-06,2026-03-29,92.3,89.59,94.27,Single Attn-GRU
649236,2026-03-06,2026-03-30,92.28,89.06,94.07,Single Attn-GRU
649236,2026-03-06,2026-03-31,93.06,90.02,94.83,Single Attn-GRU
649236,2026-03-06,2026-04-01,93.02,90.43,94.69,Single Attn-GRU
649236,2026-03-06,2026-04-02,93.3,90.69,94.76,Single Attn-GRU
649236,2026-03-06,2026-04-03,93.99,91.16,95.47,Single Attn-GRU
649236,2026-03-06,2026-04-04,93.66,91.34,95.05,Single Attn-GRU
649236,2026-03-06,2026-04-05,94.41,91.96,95.41,Single Attn-GRU
650141,2026-03-06,2026-03-07,2.43,2.42,2.43,Single Attn-GRU
650141,2026-03-06,2026-03-08,2.42,2.42,2.43,Single Attn-GRU
650141,2026-03-06,2026-03-09,2.42,2.41,2.43,Single Attn-GRU
650141,2026-03-06,2026-03-10,2.41,2.4,2.43,Single Attn-GRU
650141,2026-03-06,2026-03-11,2.41,2.4,2.43,Single Attn-GRU
650141,2026-03-06,2026-03-12,2.41,2.4,2.44,Single Attn-GRU
650141,2026-03-06,2026-03-13,2.41,2.39,2.44,Single Attn-GRU
650141,2026-03-06,2026-03-14,2.41,2.39,2.44,Single Attn-GRU
650141,2026-03-06,2026-03-15,2.41,2.39,2.44,Single Attn-GRU
650141,2026-03-06,2026-03-16,2.41,2.38,2.45,Single Attn-GRU
650141,2026-03-06,2026-03-17,2.41,2.39,2.45,Single Attn-GRU
650141,2026-03-06,2026-03-18,2.42,2.39,2.46,Single Attn-GRU
650141,2026-03-06,2026-03-19,2.44,2.41,2.47,Single Attn-GRU
650141,2026-03-06,2026-03-20,2.45,2.42,2.48,Single Attn-GRU
650141,2026-03-06,2026-03-21,2.45,2.42,2.49,Single Attn-GRU
650141,2026-03-06,2026-03-22,2.46,2.43,2.49,Single Attn-GRU
650141,2026-03-06,2026-03-23,2.47,2.43,2.51,Single Attn-GRU
650141,2026-03-06,2026-03-24,2.49,2.46,2.53,Single Attn-GRU
650141,2026-03-06,2026-03-25,2.49,2.46,2.53,Single Attn-GRU
650141,2026-03-06,2026-03-26,2.48,2.43,2.54,Single Attn-GRU
650141,2026-03-06,2026-03-27,2.5,2.46,2.55,Single Attn-GRU
650141,2026-03-06,2026-03-28,2.5,2.45,2.55,Single Attn-GRU
650141,2026-03-06,2026-03-29,2.51,2.46,2.55,Single Attn-GRU
650141,2026-03-06,2026-03-30,2.51,2.47,2.55,Single Attn-GRU
650141,2026-03-06,2026-03-31,2.53,2.46,2.59,Single Attn-GRU
650141,2026-03-06,2026-04-01,2.53,2.49,2.59,Single Attn-GRU
650141,2026-03-06,2026-04-02,2.54,2.49,2.61,Single Attn-GRU
650141,2026-03-06,2026-04-03,2.55,2.48,2.62,Single Attn-GRU
650141,2026-03-06,2026-04-04,2.56,2.5,2.62,Single Attn-GRU
650141,2026-03-06,2026-04-05,2.55,2.47,2.62,Single Attn-GRU
650142,2026-03-06,2026-03-07,15.61,15.59,15.63,Single Attn-GRU
650142,2026-03-06,2026-03-08,15.61,15.57,15.66,Single Attn-GRU
650142,2026-03-06,2026-03-09,15.61,15.55,15.69,Single Attn-GRU
650142,2026-03-06,2026-03-10,15.61,15.53,15.71,Single Attn-GRU
650142,2026-03-06,2026-03-11,15.63,15.51,15.74,Single Attn-GRU
650142,2026-03-06,2026-03-12,15.65,15.53,15.78,Single Attn-GRU
650142,2026-03-06,2026-03-13,15.66,15.52,15.81,Single Attn-GRU
650142,2026-03-06,2026-03-14,15.69,15.52,15.85,Single Attn-GRU
650142,2026-03-06,2026-03-15,15.7,15.54,15.86,Single Attn-GRU
650142,2026-03-06,2026-03-16,15.73,15.52,15.91,Single Attn-GRU
650142,2026-03-06,2026-03-17,15.76,15.54,15.97,Single Attn-GRU
650142,2026-03-06,2026-03-18,15.78,15.58,16.0,Single Attn-GRU
650142,2026-03-06,2026-03-19,15.84,15.67,16.05,Single Attn-GRU
650142,2026-03-06,2026-03-20,15.9,15.71,16.08,Single Attn-GRU
650142,2026-03-06,2026-03-21,15.94,15.7,16.17,Single Attn-GRU
650142,2026-03-06,2026-03-22,15.96,15.76,16.15,Single Attn-GRU
650142,2026-03-06,2026-03-23,16.04,15.77,16.24,Single Attn-GRU
650142,2026-03-06,2026-03-24,16.1,15.88,16.28,Single Attn-GRU
650142,2026-03-06,2026-03-25,16.12,15.89,16.31,Single Attn-GRU
650142,2026-03-06,2026-03-26,16.16,15.81,16.42,Single Attn-GRU
650142,2026-03-06,2026-03-27,16.22,15.95,16.49,Single Attn-GRU
650142,2026-03-06,2026-03-28,16.22,15.91,16.46,Single Attn-GRU
650142,2026-03-06,2026-03-29,16.25,15.95,16.5,Single Attn-GRU
650142,2026-03-06,2026-03-30,16.25,15.96,16.5,Single Attn-GRU
650142,2026-03-06,2026-03-31,16.38,16.03,16.67,Single Attn-GRU
650142,2026-03-06,2026-04-01,16.4,16.09,16.67,Single Attn-GRU
650142,2026-03-06,2026-04-02,16.44,16.12,16.75,Single Attn-GRU
650142,2026-03-06,2026-04-03,16.54,16.1,16.79,Single Attn-GRU
650142,2026-03-06,2026-04-04,16.52,16.16,16.81,Single Attn-GRU
650142,2026-03-06,2026-04-05,16.55,16.07,16.88,Single Attn-GRU
650143,2026-03-06,2026-03-07,5.02,5.02,5.03,Single Attn-GRU
650143,2026-03-06,2026-03-08,5.02,5.0,5.03,Single Attn-GRU
650143,2026-03-06,2026-03-09,5.01,4.99,5.04,Single Attn-GRU
650143,2026-03-06,2026-03-10,5.01,4.97,5.04,Single Attn-GRU
650143,2026-03-06,2026-03-11,5.0,4.96,5.04,Single Attn-GRU
650143,2026-03-06,2026-03-12,5.01,4.96,5.05,Single Attn-GRU
650143,2026-03-06,2026-03-13,5.0,4.95,5.05,Single Attn-GRU
650143,2026-03-06,2026-03-14,5.0,4.95,5.06,Single Attn-GRU
650143,2026-03-06,2026-03-15,5.02,4.95,5.07,Single Attn-GRU
650143,2026-03-06,2026-03-16,5.01,4.95,5.08,Single Attn-GRU
650143,2026-03-06,2026-03-17,5.02,4.95,5.09,Single Attn-GRU
650143,2026-03-06,2026-03-18,5.04,4.96,5.11,Single Attn-GRU
650143,2026-03-06,2026-03-19,5.07,5.0,5.14,Single Attn-GRU
650143,2026-03-06,2026-03-20,5.09,5.02,5.16,Single Attn-GRU
650143,2026-03-06,2026-03-21,5.1,5.0,5.17,Single Attn-GRU
650143,2026-03-06,2026-03-22,5.11,5.03,5.17,Single Attn-GRU
650143,2026-03-06,2026-03-23,5.13,5.04,5.2,Single Attn-GRU
650143,2026-03-06,2026-03-24,5.18,5.1,5.25,Single Attn-GRU
650143,2026-03-06,2026-03-25,5.18,5.1,5.25,Single Attn-GRU
650143,2026-03-06,2026-03-26,5.15,5.04,5.25,Single Attn-GRU
650143,2026-03-06,2026-03-27,5.21,5.09,5.3,Single Attn-GRU
650143,2026-03-06,2026-03-28,5.2,5.09,5.29,Single Attn-GRU
650143,2026-03-06,2026-03-29,5.21,5.09,5.31,Single Attn-GRU
650143,2026-03-06,2026-03-30,5.22,5.09,5.31,Single Attn-GRU
650143,2026-03-06,2026-03-31,5.25,5.09,5.38,Single Attn-GRU
650143,2026-03-06,2026-04-01,5.27,5.12,5.37,Single Attn-GRU
650143,2026-03-06,2026-04-02,5.3,5.14,5.41,Single Attn-GRU
650143,2026-03-06,2026-04-03,5.29,5.12,5.43,Single Attn-GRU
650143,2026-03-06,2026-04-04,5.33,5.16,5.44,Single Attn-GRU
650143,2026-03-06,2026-04-05,5.32,5.09,5.46,Single Attn-GRU
650145,2026-03-06,2026-03-07,2.81,2.81,2.81,Single Attn-GRU
650145,2026-03-06,2026-03-08,2.81,2.8,2.81,Single Attn-GRU
650145,2026-03-06,2026-03-09,2.8,2.8,2.81,Single Attn-GRU
650145,2026-03-06,2026-03-10,2.8,2.8,2.81,Single Attn-GRU
650145,2026-03-06,2026-03-11,2.8,2.79,2.8,Single Attn-GRU
650145,2026-03-06,2026-03-12,2.8,2.79,2.8,Single Attn-GRU
650145,2026-03-06,2026-03-13,2.8,2.79,2.8,Single Attn-GRU
650145,2026-03-06,2026-03-14,2.79,2.78,2.8,Single Attn-GRU
650145,2026-03-06,2026-03-15,2.79,2.78,2.8,Single Attn-GRU
650145,2026-03-06,2026-03-16,2.79,2.78,2.79,Single Attn-GRU
650145,2026-03-06,2026-03-17,2.79,2.78,2.79,Single Attn-GRU
650145,2026-03-06,2026-03-18,2.79,2.77,2.79,Single Attn-GRU
650145,2026-03-06,2026-03-19,2.79,2.77,2.8,Single Attn-GRU
650145,2026-03-06,2026-03-20,2.79,2.77,2.8,Single Attn-GRU
650145,2026-03-06,2026-03-21,2.78,2.77,2.79,Single Attn-GRU
650145,2026-03-06,2026-03-22,2.78,2.76,2.8,Single Attn-GRU
650145,2026-03-06,2026-03-23,2.77,2.75,2.79,Single Attn-GRU
650145,2026-03-06,2026-03-24,2.77,2.75,2.79,Single Attn-GRU
650145,2026-03-06,2026-03-25,2.77,2.75,2.79,Single Attn-GRU
650145,2026-03-06,2026-03-26,2.76,2.74,2.79,Single Attn-GRU
650145,2026-03-06,2026-03-27,2.77,2.75,2.79,Single Attn-GRU
650145,2026-03-06,2026-03-28,2.77,2.75,2.79,Single Attn-GRU
650145,2026-03-06,2026-03-29,2.76,2.74,2.78,Single Attn-GRU
650145,2026-03-06,2026-03-30,2.76,2.74,2.79,Single Attn-GRU
650145,2026-03-06,2026-03-31,2.75,2.74,2.78,Single Attn-GRU
650145,2026-03-06,2026-04-01,2.76,2.74,2.78,Single Attn-GRU
650145,2026-03-06,2026-04-02,2.76,2.73,2.78,Single Attn-GRU
650145,2026-03-06,2026-04-03,2.75,2.73,2.78,Single Attn-GRU
650145,2026-03-06,2026-04-04,2.75,2.73,2.78,Single Attn-GRU
650145,2026-03-06,2026-04-05,2.75,2.73,2.78,Single Attn-GRU
650147,2026-03-06,2026-03-07,4.2,4.19,4.2,Single Attn-GRU
650147,2026-03-06,2026-03-08,4.19,4.19,4.19,Single Attn-GRU
650147,2026-03-06,2026-03-09,4.19,4.18,4.19,Single Attn-GRU
650147,2026-03-06,2026-03-10,4.18,4.18,4.19,Single Attn-GRU
650147,2026-03-06,2026-03-11,4.18,4.17,4.19,Single Attn-GRU
650147,2026-03-06,2026-03-12,4.18,4.17,4.19,Single Attn-GRU
650147,2026-03-06,2026-03-13,4.18,4.17,4.18,Single Attn-GRU
650147,2026-03-06,2026-03-14,4.17,4.16,4.18,Single Attn-GRU
650147,2026-03-06,2026-03-15,4.17,4.16,4.18,Single Attn-GRU
650147,2026-03-06,2026-03-16,4.17,4.15,4.18,Single Attn-GRU
650147,2026-03-06,2026-03-17,4.16,4.15,4.18,Single Attn-GRU
650147,2026-03-06,2026-03-18,4.16,4.15,4.18,Single Attn-GRU
650147,2026-03-06,2026-03-19,4.17,4.15,4.18,Single Attn-GRU
650147,2026-03-06,2026-03-20,4.17,4.15,4.18,Single Attn-GRU
650147,2026-03-06,2026-03-21,4.18,4.16,4.19,Single Attn-GRU
650147,2026-03-06,2026-03-22,4.17,4.14,4.19,Single Attn-GRU
650147,2026-03-06,2026-03-23,4.16,4.14,4.18,Single Attn-GRU
650147,2026-03-06,2026-03-24,4.16,4.14,4.19,Single Attn-GRU
650147,2026-03-06,2026-03-25,4.16,4.14,4.19,Single Attn-GRU
650147,2026-03-06,2026-03-26,4.14,4.11,4.17,Single Attn-GRU
650147,2026-03-06,2026-03-27,4.16,4.12,4.19,Single Attn-GRU
650147,2026-03-06,2026-03-28,4.15,4.12,4.18,Single Attn-GRU
650147,2026-03-06,2026-03-29,4.15,4.11,4.18,Single Attn-GRU
650147,2026-03-06,2026-03-30,4.16,4.13,4.2,Single Attn-GRU
650147,2026-03-06,2026-03-31,4.15,4.11,4.18,Single Attn-GRU
650147,2026-03-06,2026-04-01,4.16,4.12,4.19,Single Attn-GRU
650147,2026-03-06,2026-04-02,4.15,4.11,4.18,Single Attn-GRU
650147,2026-03-06,2026-04-03,4.14,4.09,4.18,Single Attn-GRU
650147,2026-03-06,2026-04-04,4.13,4.09,4.18,Single Attn-GRU
650147,2026-03-06,2026-04-05,4.14,4.1,4.18,Single Attn-GRU
650149,2026-03-06,2026-03-07,4.57,4.56,4.57,Single Attn-GRU
650149,2026-03-06,2026-03-08,4.55,4.55,4.56,Single Attn-GRU
650149,2026-03-06,2026-03-09,4.54,4.53,4.55,Single Attn-GRU
650149,2026-03-06,2026-03-10,4.53,4.52,4.53,Single Attn-GRU
650149,2026-03-06,2026-03-11,4.51,4.51,4.52,Single Attn-GRU
650149,2026-03-06,2026-03-12,4.5,4.48,4.52,Single Attn-GRU
650149,2026-03-06,2026-03-13,4.49,4.48,4.51,Single Attn-GRU
650149,2026-03-06,2026-03-14,4.47,4.46,4.49,Single Attn-GRU
650149,2026-03-06,2026-03-15,4.46,4.43,4.49,Single Attn-GRU
650149,2026-03-06,2026-03-16,4.44,4.42,4.47,Single Attn-GRU
650149,2026-03-06,2026-03-17,4.43,4.4,4.47,Single Attn-GRU
650149,2026-03-06,2026-03-18,4.42,4.39,4.46,Single Attn-GRU
650149,2026-03-06,2026-03-19,4.41,4.38,4.45,Single Attn-GRU
650149,2026-03-06,2026-03-20,4.4,4.36,4.43,Single Attn-GRU
650149,2026-03-06,2026-03-21,4.37,4.34,4.42,Single Attn-GRU
650149,2026-03-06,2026-03-22,4.34,4.3,4.4,Single Attn-GRU
650149,2026-03-06,2026-03-23,4.31,4.28,4.37,Single Attn-GRU
650149,2026-03-06,2026-03-24,4.3,4.27,4.35,Single Attn-GRU
650149,2026-03-06,2026-03-25,4.29,4.26,4.35,Single Attn-GRU
650149,2026-03-06,2026-03-26,4.27,4.25,4.33,Single Attn-GRU
650149,2026-03-06,2026-03-27,4.27,4.25,4.33,Single Attn-GRU
650149,2026-03-06,2026-03-28,4.26,4.24,4.32,Single Attn-GRU
650149,2026-03-06,2026-03-29,4.25,4.24,4.29,Single Attn-GRU
650149,2026-03-06,2026-03-30,4.26,4.24,4.31,Single Attn-GRU
650149,2026-03-06,2026-03-31,4.25,4.24,4.29,Single Attn-GRU
650149,2026-03-06,2026-04-01,4.25,4.24,4.29,Single Attn-GRU
650149,2026-03-06,2026-04-02,4.25,4.24,4.29,Single Attn-GRU
650149,2026-03-06,2026-04-03,4.24,4.23,4.27,Single Attn-GRU
650149,2026-03-06,2026-04-04,4.24,4.23,4.27,Single Attn-GRU
650149,2026-03-06,2026-04-05,4.24,4.23,4.27,Single Attn-GRU
650150,2026-03-06,2026-03-07,5.14,5.11,5.16,Single Attn-GRU
650150,2026-03-06,2026-03-08,5.14,5.09,5.18,Single Attn-GRU
650150,2026-03-06,2026-03-09,5.15,5.08,5.2,Single Attn-GRU
650150,2026-03-06,2026-03-10,5.15,5.06,5.22,Single Attn-GRU
650150,2026-03-06,2026-03-11,5.16,5.05,5.24,Single Attn-GRU
650150,2026-03-06,2026-03-12,5.17,5.05,5.27,Single Attn-GRU
650150,2026-03-06,2026-03-13,5.18,5.05,5.3,Single Attn-GRU
650150,2026-03-06,2026-03-14,5.2,5.04,5.32,Single Attn-GRU
650150,2026-03-06,2026-03-15,5.21,5.06,5.33,Single Attn-GRU
650150,2026-03-06,2026-03-16,5.23,5.04,5.37,Single Attn-GRU
650150,2026-03-06,2026-03-17,5.25,5.02,5.39,Single Attn-GRU
650150,2026-03-06,2026-03-18,5.28,5.06,5.4,Single Attn-GRU
650150,2026-03-06,2026-03-19,5.28,5.06,5.42,Single Attn-GRU
650150,2026-03-06,2026-03-20,5.3,5.12,5.44,Single Attn-GRU
650150,2026-03-06,2026-03-21,5.33,5.1,5.46,Single Attn-GRU
650150,2026-03-06,2026-03-22,5.37,5.19,5.49,Single Attn-GRU
650150,2026-03-06,2026-03-23,5.38,5.15,5.51,Single Attn-GRU
650150,2026-03-06,2026-03-24,5.39,5.19,5.51,Single Attn-GRU
650150,2026-03-06,2026-03-25,5.4,5.23,5.52,Single Attn-GRU
650150,2026-03-06,2026-03-26,5.47,5.28,5.56,Single Attn-GRU
650150,2026-03-06,2026-03-27,5.47,5.29,5.56,Single Attn-GRU
650150,2026-03-06,2026-03-28,5.48,5.31,5.56,Single Attn-GRU
650150,2026-03-06,2026-03-29,5.52,5.37,5.58,Single Attn-GRU
650150,2026-03-06,2026-03-30,5.52,5.4,5.59,Single Attn-GRU
650150,2026-03-06,2026-03-31,5.55,5.42,5.6,Single Attn-GRU
650150,2026-03-06,2026-04-01,5.53,5.38,5.59,Single Attn-GRU
650150,2026-03-06,2026-04-02,5.55,5.42,5.6,Single Attn-GRU
650150,2026-03-06,2026-04-03,5.58,5.44,5.61,Single Attn-GRU
650150,2026-03-06,2026-04-04,5.57,5.45,5.61,Single Attn-GRU
650150,2026-03-06,2026-04-05,5.59,5.5,5.62,Single Attn-GRU
650151,2026-03-06,2026-03-07,5.36,5.33,5.38,Single Attn-GRU
650151,2026-03-06,2026-03-08,5.35,5.32,5.4,Single Attn-GRU
650151,2026-03-06,2026-03-09,5.36,5.31,5.42,Single Attn-GRU
650151,2026-03-06,2026-03-10,5.36,5.3,5.44,Single Attn-GRU
650151,2026-03-06,2026-03-11,5.36,5.28,5.46,Single Attn-GRU
650151,2026-03-06,2026-03-12,5.37,5.28,5.49,Single Attn-GRU
650151,2026-03-06,2026-03-13,5.38,5.28,5.51,Single Attn-GRU
650151,2026-03-06,2026-03-14,5.4,5.28,5.54,Single Attn-GRU
650151,2026-03-06,2026-03-15,5.42,5.3,5.54,Single Attn-GRU
650151,2026-03-06,2026-03-16,5.43,5.29,5.58,Single Attn-GRU
650151,2026-03-06,2026-03-17,5.44,5.29,5.61,Single Attn-GRU
650151,2026-03-06,2026-03-18,5.47,5.32,5.62,Single Attn-GRU
650151,2026-03-06,2026-03-19,5.47,5.32,5.63,Single Attn-GRU
650151,2026-03-06,2026-03-20,5.51,5.37,5.65,Single Attn-GRU
650151,2026-03-06,2026-03-21,5.53,5.36,5.69,Single Attn-GRU
650151,2026-03-06,2026-03-22,5.57,5.43,5.7,Single Attn-GRU
650151,2026-03-06,2026-03-23,5.59,5.43,5.72,Single Attn-GRU
650151,2026-03-06,2026-03-24,5.61,5.45,5.72,Single Attn-GRU
650151,2026-03-06,2026-03-25,5.62,5.46,5.73,Single Attn-GRU
650151,2026-03-06,2026-03-26,5.68,5.53,5.76,Single Attn-GRU
650151,2026-03-06,2026-03-27,5.67,5.53,5.76,Single Attn-GRU
650151,2026-03-06,2026-03-28,5.68,5.55,5.76,Single Attn-GRU
650151,2026-03-06,2026-03-29,5.72,5.62,5.78,Single Attn-GRU
650151,2026-03-06,2026-03-30,5.73,5.63,5.78,Single Attn-GRU
650151,2026-03-06,2026-03-31,5.76,5.64,5.79,Single Attn-GRU
650151,2026-03-06,2026-04-01,5.74,5.6,5.79,Single Attn-GRU
650151,2026-03-06,2026-04-02,5.74,5.64,5.79,Single Attn-GRU
650151,2026-03-06,2026-04-03,5.77,5.66,5.8,Single Attn-GRU
650151,2026-03-06,2026-04-04,5.76,5.68,5.8,Single Attn-GRU
650151,2026-03-06,2026-04-05,5.78,5.71,5.8,Single Attn-GRU
650152,2026-03-06,2026-03-07,7.6,7.57,7.65,Single Attn-GRU
650152,2026-03-06,2026-03-08,7.6,7.55,7.67,Single Attn-GRU
650152,2026-03-06,2026-03-09,7.62,7.54,7.71,Single Attn-GRU
650152,2026-03-06,2026-03-10,7.62,7.5,7.74,Single Attn-GRU
650152,2026-03-06,2026-03-11,7.62,7.49,7.77,Single Attn-GRU
650152,2026-03-06,2026-03-12,7.63,7.48,7.81,Single Attn-GRU
650152,2026-03-06,2026-03-13,7.65,7.47,7.85,Single Attn-GRU
650152,2026-03-06,2026-03-14,7.68,7.47,7.89,Single Attn-GRU
650152,2026-03-06,2026-03-15,7.69,7.5,7.89,Single Attn-GRU
650152,2026-03-06,2026-03-16,7.73,7.5,7.96,Single Attn-GRU
650152,2026-03-06,2026-03-17,7.72,7.43,7.98,Single Attn-GRU
650152,2026-03-06,2026-03-18,7.76,7.51,8.0,Single Attn-GRU
650152,2026-03-06,2026-03-19,7.72,7.47,8.02,Single Attn-GRU
650152,2026-03-06,2026-03-20,7.81,7.55,8.05,Single Attn-GRU
650152,2026-03-06,2026-03-21,7.84,7.56,8.11,Single Attn-GRU
650152,2026-03-06,2026-03-22,7.9,7.64,8.11,Single Attn-GRU
650152,2026-03-06,2026-03-23,7.93,7.66,8.16,Single Attn-GRU
650152,2026-03-06,2026-03-24,7.96,7.7,8.15,Single Attn-GRU
650152,2026-03-06,2026-03-25,7.97,7.68,8.17,Single Attn-GRU
650152,2026-03-06,2026-03-26,8.11,7.88,8.22,Single Attn-GRU
650152,2026-03-06,2026-03-27,8.07,7.8,8.22,Single Attn-GRU
650152,2026-03-06,2026-03-28,8.11,7.87,8.23,Single Attn-GRU
650152,2026-03-06,2026-03-29,8.16,7.97,8.24,Single Attn-GRU
650152,2026-03-06,2026-03-30,8.18,8.03,8.24,Single Attn-GRU
650152,2026-03-06,2026-03-31,8.21,8.06,8.27,Single Attn-GRU
650152,2026-03-06,2026-04-01,8.18,7.98,8.26,Single Attn-GRU
650152,2026-03-06,2026-04-02,8.19,7.95,8.26,Single Attn-GRU
650152,2026-03-06,2026-04-03,8.24,8.1,8.28,Single Attn-GRU
650152,2026-03-06,2026-04-04,8.24,8.09,8.28,Single Attn-GRU
650152,2026-03-06,2026-04-05,8.27,8.16,8.29,Single Attn-GRU
650153,2026-03-06,2026-03-07,9.9,9.89,9.91,Single Attn-GRU
650153,2026-03-06,2026-03-08,9.9,9.88,9.92,Single Attn-GRU
650153,2026-03-06,2026-03-09,9.89,9.86,9.93,Single Attn-GRU
650153,2026-03-06,2026-03-10,9.88,9.84,9.92,Single Attn-GRU
650153,2026-03-06,2026-03-11,9.88,9.83,9.91,Single Attn-GRU
650153,2026-03-06,2026-03-12,9.87,9.82,9.91,Single Attn-GRU
650153,2026-03-06,2026-03-13,9.87,9.8,9.92,Single Attn-GRU
650153,2026-03-06,2026-03-14,9.86,9.79,9.92,Single Attn-GRU
650153,2026-03-06,2026-03-15,9.86,9.8,9.91,Single Attn-GRU
650153,2026-03-06,2026-03-16,9.84,9.77,9.91,Single Attn-GRU
650153,2026-03-06,2026-03-17,9.85,9.79,9.91,Single Attn-GRU
650153,2026-03-06,2026-03-18,9.85,9.78,9.94,Single Attn-GRU
650153,2026-03-06,2026-03-19,9.87,9.81,9.94,Single Attn-GRU
650153,2026-03-06,2026-03-20,9.9,9.81,9.98,Single Attn-GRU
650153,2026-03-06,2026-03-21,9.91,9.82,10.01,Single Attn-GRU
650153,2026-03-06,2026-03-22,9.87,9.8,9.96,Single Attn-GRU
650153,2026-03-06,2026-03-23,9.88,9.8,9.96,Single Attn-GRU
650153,2026-03-06,2026-03-24,9.92,9.82,10.02,Single Attn-GRU
650153,2026-03-06,2026-03-25,9.92,9.83,10.02,Single Attn-GRU
650153,2026-03-06,2026-03-26,9.94,9.85,10.06,Single Attn-GRU
650153,2026-03-06,2026-03-27,9.96,9.86,10.09,Single Attn-GRU
650153,2026-03-06,2026-03-28,10.01,9.89,10.12,Single Attn-GRU
650153,2026-03-06,2026-03-29,9.95,9.85,10.09,Single Attn-GRU
650153,2026-03-06,2026-03-30,9.94,9.82,10.08,Single Attn-GRU
650153,2026-03-06,2026-03-31,10.0,9.87,10.15,Single Attn-GRU
650153,2026-03-06,2026-04-01,10.0,9.88,10.13,Single Attn-GRU
650153,2026-03-06,2026-04-02,10.03,9.91,10.16,Single Attn-GRU
650153,2026-03-06,2026-04-03,10.0,9.87,10.17,Single Attn-GRU
650153,2026-03-06,2026-04-04,10.05,9.92,10.19,Single Attn-GRU
650153,2026-03-06,2026-04-05,10.07,9.91,10.21,Single Attn-GRU
650154,2026-03-06,2026-03-07,2.09,2.09,2.09,Single Attn-GRU
650154,2026-03-06,2026-03-08,2.09,2.08,2.1,Single Attn-GRU
650154,2026-03-06,2026-03-09,2.09,2.08,2.1,Single Attn-GRU
650154,2026-03-06,2026-03-10,2.09,2.08,2.11,Single Attn-GRU
650154,2026-03-06,2026-03-11,2.09,2.07,2.11,Single Attn-GRU
650154,2026-03-06,2026-03-12,2.1,2.08,2.11,Single Attn-GRU
650154,2026-03-06,2026-03-13,2.1,2.07,2.12,Single Attn-GRU
650154,2026-03-06,2026-03-14,2.1,2.07,2.12,Single Attn-GRU
650154,2026-03-06,2026-03-15,2.1,2.07,2.12,Single Attn-GRU
650154,2026-03-06,2026-03-16,2.1,2.07,2.13,Single Attn-GRU
650154,2026-03-06,2026-03-17,2.11,2.07,2.14,Single Attn-GRU
650154,2026-03-06,2026-03-18,2.11,2.07,2.14,Single Attn-GRU
650154,2026-03-06,2026-03-19,2.12,2.08,2.14,Single Attn-GRU
650154,2026-03-06,2026-03-20,2.13,2.09,2.15,Single Attn-GRU
650154,2026-03-06,2026-03-21,2.13,2.09,2.16,Single Attn-GRU
650154,2026-03-06,2026-03-22,2.12,2.09,2.15,Single Attn-GRU
650154,2026-03-06,2026-03-23,2.14,2.1,2.16,Single Attn-GRU
650154,2026-03-06,2026-03-24,2.14,2.11,2.18,Single Attn-GRU
650154,2026-03-06,2026-03-25,2.15,2.11,2.17,Single Attn-GRU
650154,2026-03-06,2026-03-26,2.16,2.11,2.2,Single Attn-GRU
650154,2026-03-06,2026-03-27,2.16,2.12,2.2,Single Attn-GRU
650154,2026-03-06,2026-03-28,2.17,2.12,2.21,Single Attn-GRU
650154,2026-03-06,2026-03-29,2.17,2.11,2.2,Single Attn-GRU
650154,2026-03-06,2026-03-30,2.16,2.12,2.2,Single Attn-GRU
650154,2026-03-06,2026-03-31,2.2,2.12,2.24,Single Attn-GRU
650154,2026-03-06,2026-04-01,2.19,2.13,2.23,Single Attn-GRU
650154,2026-03-06,2026-04-02,2.2,2.13,2.24,Single Attn-GRU
650154,2026-03-06,2026-04-03,2.2,2.12,2.24,Single Attn-GRU
650154,2026-03-06,2026-04-04,2.21,2.15,2.24,Single Attn-GRU
650154,2026-03-06,2026-04-05,2.22,2.13,2.26,Single Attn-GRU
650155,2026-03-06,2026-03-07,3.35,3.34,3.36,Single Attn-GRU
650155,2026-03-06,2026-03-08,3.34,3.33,3.36,Single Attn-GRU
650155,2026-03-06,2026-03-09,3.33,3.31,3.36,Single Attn-GRU
650155,2026-03-06,2026-03-10,3.32,3.3,3.36,Single Attn-GRU
650155,2026-03-06,2026-03-11,3.31,3.29,3.35,Single Attn-GRU
650155,2026-03-06,2026-03-12,3.31,3.28,3.36,Single Attn-GRU
650155,2026-03-06,2026-03-13,3.3,3.27,3.36,Single Attn-GRU
650155,2026-03-06,2026-03-14,3.3,3.25,3.36,Single Attn-GRU
650155,2026-03-06,2026-03-15,3.3,3.26,3.36,Single Attn-GRU
650155,2026-03-06,2026-03-16,3.29,3.24,3.36,Single Attn-GRU
650155,2026-03-06,2026-03-17,3.28,3.23,3.36,Single Attn-GRU
650155,2026-03-06,2026-03-18,3.28,3.23,3.36,Single Attn-GRU
650155,2026-03-06,2026-03-19,3.28,3.22,3.36,Single Attn-GRU
650155,2026-03-06,2026-03-20,3.29,3.23,3.37,Single Attn-GRU
650155,2026-03-06,2026-03-21,3.3,3.25,3.39,Single Attn-GRU
650155,2026-03-06,2026-03-22,3.3,3.24,3.37,Single Attn-GRU
650155,2026-03-06,2026-03-23,3.3,3.23,3.39,Single Attn-GRU
650155,2026-03-06,2026-03-24,3.31,3.24,3.4,Single Attn-GRU
650155,2026-03-06,2026-03-25,3.31,3.24,3.4,Single Attn-GRU
650155,2026-03-06,2026-03-26,3.35,3.26,3.45,Single Attn-GRU
650155,2026-03-06,2026-03-27,3.32,3.24,3.41,Single Attn-GRU
650155,2026-03-06,2026-03-28,3.36,3.29,3.46,Single Attn-GRU
650155,2026-03-06,2026-03-29,3.35,3.26,3.43,Single Attn-GRU
650155,2026-03-06,2026-03-30,3.36,3.28,3.45,Single Attn-GRU
650155,2026-03-06,2026-03-31,3.37,3.27,3.48,Single Attn-GRU
650155,2026-03-06,2026-04-01,3.38,3.28,3.48,Single Attn-GRU
650155,2026-03-06,2026-04-02,3.36,3.27,3.47,Single Attn-GRU
650155,2026-03-06,2026-04-03,3.38,3.28,3.51,Single Attn-GRU
650155,2026-03-06,2026-04-04,3.38,3.28,3.49,Single Attn-GRU
650155,2026-03-06,2026-04-05,3.43,3.3,3.53,Single Attn-GRU
650156,2026-03-06,2026-03-07,3.79,3.78,3.79,Single Attn-GRU
650156,2026-03-06,2026-03-08,3.78,3.78,3.79,Single Attn-GRU
650156,2026-03-06,2026-03-09,3.78,3.77,3.79,Single Attn-GRU
650156,2026-03-06,2026-03-10,3.78,3.76,3.79,Single Attn-GRU
650156,2026-03-06,2026-03-11,3.77,3.76,3.79,Single Attn-GRU
650156,2026-03-06,2026-03-12,3.77,3.76,3.79,Single Attn-GRU
650156,2026-03-06,2026-03-13,3.77,3.75,3.8,Single Attn-GRU
650156,2026-03-06,2026-03-14,3.77,3.75,3.79,Single Attn-GRU
650156,2026-03-06,2026-03-15,3.77,3.75,3.79,Single Attn-GRU
650156,2026-03-06,2026-03-16,3.76,3.74,3.79,Single Attn-GRU
650156,2026-03-06,2026-03-17,3.76,3.74,3.79,Single Attn-GRU
650156,2026-03-06,2026-03-18,3.76,3.74,3.8,Single Attn-GRU
650156,2026-03-06,2026-03-19,3.77,3.74,3.8,Single Attn-GRU
650156,2026-03-06,2026-03-20,3.77,3.75,3.81,Single Attn-GRU
650156,2026-03-06,2026-03-21,3.78,3.75,3.82,Single Attn-GRU
650156,2026-03-06,2026-03-22,3.77,3.75,3.81,Single Attn-GRU
650156,2026-03-06,2026-03-23,3.77,3.74,3.81,Single Attn-GRU
650156,2026-03-06,2026-03-24,3.78,3.75,3.83,Single Attn-GRU
650156,2026-03-06,2026-03-25,3.79,3.75,3.83,Single Attn-GRU
650156,2026-03-06,2026-03-26,3.8,3.76,3.86,Single Attn-GRU
650156,2026-03-06,2026-03-27,3.8,3.76,3.85,Single Attn-GRU
650156,2026-03-06,2026-03-28,3.81,3.77,3.86,Single Attn-GRU
650156,2026-03-06,2026-03-29,3.8,3.76,3.86,Single Attn-GRU
650156,2026-03-06,2026-03-30,3.8,3.76,3.85,Single Attn-GRU
650156,2026-03-06,2026-03-31,3.82,3.77,3.89,Single Attn-GRU
650156,2026-03-06,2026-04-01,3.82,3.77,3.87,Single Attn-GRU
650156,2026-03-06,2026-04-02,3.83,3.79,3.88,Single Attn-GRU
650156,2026-03-06,2026-04-03,3.83,3.76,3.9,Single Attn-GRU
650156,2026-03-06,2026-04-04,3.83,3.78,3.9,Single Attn-GRU
650156,2026-03-06,2026-04-05,3.85,3.78,3.92,Single Attn-GRU
650157,2026-03-06,2026-03-07,3.35,3.34,3.36,Single Attn-GRU
650157,2026-03-06,2026-03-08,3.35,3.33,3.38,Single Attn-GRU
650157,2026-03-06,2026-03-09,3.36,3.33,3.39,Single Attn-GRU
650157,2026-03-06,2026-03-10,3.36,3.32,3.41,Single Attn-GRU
650157,2026-03-06,2026-03-11,3.36,3.32,3.42,Single Attn-GRU
650157,2026-03-06,2026-03-12,3.37,3.31,3.44,Single Attn-GRU
650157,2026-03-06,2026-03-13,3.38,3.32,3.45,Single Attn-GRU
650157,2026-03-06,2026-03-14,3.39,3.32,3.47,Single Attn-GRU
650157,2026-03-06,2026-03-15,3.41,3.34,3.48,Single Attn-GRU
650157,2026-03-06,2026-03-16,3.42,3.34,3.5,Single Attn-GRU
650157,2026-03-06,2026-03-17,3.43,3.33,3.52,Single Attn-GRU
650157,2026-03-06,2026-03-18,3.45,3.35,3.53,Single Attn-GRU
650157,2026-03-06,2026-03-19,3.44,3.33,3.53,Single Attn-GRU
650157,2026-03-06,2026-03-20,3.48,3.37,3.54,Single Attn-GRU
650157,2026-03-06,2026-03-21,3.49,3.37,3.56,Single Attn-GRU
650157,2026-03-06,2026-03-22,3.5,3.4,3.56,Single Attn-GRU
650157,2026-03-06,2026-03-23,3.51,3.4,3.56,Single Attn-GRU
650157,2026-03-06,2026-03-24,3.52,3.42,3.57,Single Attn-GRU
650157,2026-03-06,2026-03-25,3.52,3.41,3.57,Single Attn-GRU
650157,2026-03-06,2026-03-26,3.55,3.48,3.58,Single Attn-GRU
650157,2026-03-06,2026-03-27,3.55,3.46,3.58,Single Attn-GRU
650157,2026-03-06,2026-03-28,3.56,3.48,3.58,Single Attn-GRU
650157,2026-03-06,2026-03-29,3.57,3.51,3.59,Single Attn-GRU
650157,2026-03-06,2026-03-30,3.57,3.53,3.59,Single Attn-GRU
650157,2026-03-06,2026-03-31,3.58,3.54,3.59,Single Attn-GRU
650157,2026-03-06,2026-04-01,3.57,3.52,3.59,Single Attn-GRU
650157,2026-03-06,2026-04-02,3.58,3.53,3.59,Single Attn-GRU
650157,2026-03-06,2026-04-03,3.58,3.55,3.59,Single Attn-GRU
650157,2026-03-06,2026-04-04,3.58,3.55,3.59,Single Attn-GRU
650157,2026-03-06,2026-04-05,3.59,3.57,3.59,Single Attn-GRU
651106,2026-03-06,2026-03-07,814.5,813.99,815.52,Single Attn-GRU
651106,2026-03-06,2026-03-08,815.34,814.82,815.75,Single Attn-GRU
651106,2026-03-06,2026-03-09,815.04,814.17,816.04,Single Attn-GRU
651106,2026-03-06,2026-03-10,815.83,814.62,816.83,Single Attn-GRU
651106,2026-03-06,2026-03-11,815.76,814.48,816.86,Single Attn-GRU
651106,2026-03-06,2026-03-12,816.28,814.7,817.51,Single Attn-GRU
651106,2026-03-06,2026-03-13,815.32,813.55,817.3,Single Attn-GRU
651106,2026-03-06,2026-03-14,816.63,814.46,818.19,Single Attn-GRU
651106,2026-03-06,2026-03-15,816.17,814.46,817.86,Single Attn-GRU
651106,2026-03-06,2026-03-16,816.43,814.08,818.4,Single Attn-GRU
651106,2026-03-06,2026-03-17,816.56,814.39,818.83,Single Attn-GRU
651106,2026-03-06,2026-03-18,815.59,813.01,818.89,Single Attn-GRU
651106,2026-03-06,2026-03-19,815.8,812.72,818.93,Single Attn-GRU
651106,2026-03-06,2026-03-20,817.21,813.92,819.88,Single Attn-GRU
651106,2026-03-06,2026-03-21,816.09,812.59,819.56,Single Attn-GRU
651106,2026-03-06,2026-03-22,816.42,812.42,820.31,Single Attn-GRU
651106,2026-03-06,2026-03-23,816.83,811.82,821.46,Single Attn-GRU
651106,2026-03-06,2026-03-24,817.29,812.29,821.39,Single Attn-GRU
651106,2026-03-06,2026-03-25,817.73,811.97,822.29,Single Attn-GRU
651106,2026-03-06,2026-03-26,818.85,814.26,822.29,Single Attn-GRU
651106,2026-03-06,2026-03-27,818.17,813.27,822.51,Single Attn-GRU
651106,2026-03-06,2026-03-28,818.93,813.47,822.8,Single Attn-GRU
651106,2026-03-06,2026-03-29,818.65,813.09,823.45,Single Attn-GRU
651106,2026-03-06,2026-03-30,822.2,817.74,825.35,Single Attn-GRU
651106,2026-03-06,2026-03-31,819.54,812.93,824.95,Single Attn-GRU
651106,2026-03-06,2026-04-01,822.28,818.28,825.36,Single Attn-GRU
651106,2026-03-06,2026-04-02,822.49,818.63,825.76,Single Attn-GRU
651106,2026-03-06,2026-04-03,820.62,813.08,825.98,Single Attn-GRU
651106,2026-03-06,2026-04-04,821.58,815.46,825.4,Single Attn-GRU
651106,2026-03-06,2026-04-05,822.81,817.27,827.1,Single Attn-GRU
651107,2026-03-06,2026-03-07,308.88,308.82,308.95,Single Attn-GRU
651107,2026-03-06,2026-03-08,308.35,308.24,308.46,Single Attn-GRU
651107,2026-03-06,2026-03-09,307.77,307.61,307.95,Single Attn-GRU
651107,2026-03-06,2026-03-10,307.24,307.02,307.46,Single Attn-GRU
651107,2026-03-06,2026-03-11,306.74,306.48,307.01,Single Attn-GRU
651107,2026-03-06,2026-03-12,306.43,305.89,306.79,Single Attn-GRU
651107,2026-03-06,2026-03-13,305.88,305.5,306.29,Single Attn-GRU
651107,2026-03-06,2026-03-14,305.44,304.91,305.96,Single Attn-GRU
651107,2026-03-06,2026-03-15,305.3,304.38,305.98,Single Attn-GRU
651107,2026-03-06,2026-03-16,304.71,303.81,305.44,Single Attn-GRU
651107,2026-03-06,2026-03-17,304.46,303.31,305.4,Single Attn-GRU
651107,2026-03-06,2026-03-18,304.38,303.35,305.37,Single Attn-GRU
651107,2026-03-06,2026-03-19,304.72,303.42,305.97,Single Attn-GRU
651107,2026-03-06,2026-03-20,304.48,302.92,305.87,Single Attn-GRU
651107,2026-03-06,2026-03-21,304.16,302.99,305.54,Single Attn-GRU
651107,2026-03-06,2026-03-22,303.59,301.21,305.49,Single Attn-GRU
651107,2026-03-06,2026-03-23,303.74,301.45,306.07,Single Attn-GRU
651107,2026-03-06,2026-03-24,303.4,300.54,306.13,Single Attn-GRU
651107,2026-03-06,2026-03-25,303.51,300.7,305.63,Single Attn-GRU
651107,2026-03-06,2026-03-26,301.75,298.77,304.41,Single Attn-GRU
651107,2026-03-06,2026-03-27,301.59,298.27,304.86,Single Attn-GRU
651107,2026-03-06,2026-03-28,301.61,298.63,305.02,Single Attn-GRU
651107,2026-03-06,2026-03-29,301.98,298.99,304.98,Single Attn-GRU
651107,2026-03-06,2026-03-30,302.04,298.06,305.05,Single Attn-GRU
651107,2026-03-06,2026-03-31,299.99,296.78,302.72,Single Attn-GRU
651107,2026-03-06,2026-04-01,300.04,296.5,303.65,Single Attn-GRU
651107,2026-03-06,2026-04-02,299.76,295.61,304.07,Single Attn-GRU
651107,2026-03-06,2026-04-03,298.71,295.27,302.76,Single Attn-GRU
651107,2026-03-06,2026-04-04,299.29,295.8,304.01,Single Attn-GRU
651107,2026-03-06,2026-04-05,298.78,295.63,302.78,Single Attn-GRU
651108,2026-03-06,2026-03-07,122.04,121.85,122.21,Single Attn-GRU
651108,2026-03-06,2026-03-08,122.15,121.86,122.45,Single Attn-GRU
651108,2026-03-06,2026-03-09,122.42,121.88,122.85,Single Attn-GRU
651108,2026-03-06,2026-03-10,122.59,121.89,123.16,Single Attn-GRU
651108,2026-03-06,2026-03-11,122.88,121.95,123.63,Single Attn-GRU
651108,2026-03-06,2026-03-12,123.25,122.3,124.06,Single Attn-GRU
651108,2026-03-06,2026-03-13,123.39,122.25,124.42,Single Attn-GRU
651108,2026-03-06,2026-03-14,123.81,122.45,124.99,Single Attn-GRU
651108,2026-03-06,2026-03-15,124.08,122.77,125.24,Single Attn-GRU
651108,2026-03-06,2026-03-16,124.52,122.82,125.92,Single Attn-GRU
651108,2026-03-06,2026-03-17,124.93,123.1,126.39,Single Attn-GRU
651108,2026-03-06,2026-03-18,125.19,123.4,126.61,Single Attn-GRU
651108,2026-03-06,2026-03-19,125.37,123.67,126.81,Single Attn-GRU
651108,2026-03-06,2026-03-20,126.0,124.21,127.4,Single Attn-GRU
651108,2026-03-06,2026-03-21,126.33,124.34,127.79,Single Attn-GRU
651108,2026-03-06,2026-03-22,126.67,124.67,128.03,Single Attn-GRU
651108,2026-03-06,2026-03-23,127.21,125.11,128.48,Single Attn-GRU
651108,2026-03-06,2026-03-24,127.34,125.27,128.68,Single Attn-GRU
651108,2026-03-06,2026-03-25,127.31,125.19,128.72,Single Attn-GRU
651108,2026-03-06,2026-03-26,128.21,126.18,129.33,Single Attn-GRU
651108,2026-03-06,2026-03-27,128.18,126.27,129.24,Single Attn-GRU
651108,2026-03-06,2026-03-28,128.44,126.44,129.45,Single Attn-GRU
651108,2026-03-06,2026-03-29,128.6,126.73,129.6,Single Attn-GRU
651108,2026-03-06,2026-03-30,128.49,126.67,129.56,Single Attn-GRU
651108,2026-03-06,2026-03-31,129.07,126.89,129.83,Single Attn-GRU
651108,2026-03-06,2026-04-01,128.96,127.07,129.78,Single Attn-GRU
651108,2026-03-06,2026-04-02,129.07,127.16,129.86,Single Attn-GRU
651108,2026-03-06,2026-04-03,129.47,127.8,130.05,Single Attn-GRU
651108,2026-03-06,2026-04-04,129.37,127.62,129.98,Single Attn-GRU
651108,2026-03-06,2026-04-05,129.65,127.96,130.13,Single Attn-GRU
651110,2026-03-06,2026-03-07,72.53,72.53,72.54,Single Attn-GRU
651110,2026-03-06,2026-03-08,72.5,72.49,72.5,Single Attn-GRU
651110,2026-03-06,2026-03-09,72.45,72.44,72.47,Single Attn-GRU
651110,2026-03-06,2026-03-10,72.42,72.4,72.43,Single Attn-GRU
651110,2026-03-06,2026-03-11,72.38,72.37,72.4,Single Attn-GRU
651110,2026-03-06,2026-03-12,72.36,72.33,72.39,Single Attn-GRU
651110,2026-03-06,2026-03-13,72.32,72.3,72.35,Single Attn-GRU
651110,2026-03-06,2026-03-14,72.29,72.26,72.33,Single Attn-GRU
651110,2026-03-06,2026-03-15,72.28,72.22,72.33,Single Attn-GRU
651110,2026-03-06,2026-03-16,72.23,72.18,72.29,Single Attn-GRU
651110,2026-03-06,2026-03-17,72.22,72.16,72.28,Single Attn-GRU
651110,2026-03-06,2026-03-18,72.22,72.15,72.28,Single Attn-GRU
651110,2026-03-06,2026-03-19,72.23,72.15,72.31,Single Attn-GRU
651110,2026-03-06,2026-03-20,72.23,72.14,72.3,Single Attn-GRU
651110,2026-03-06,2026-03-21,72.23,72.14,72.29,Single Attn-GRU
651110,2026-03-06,2026-03-22,72.15,72.06,72.27,Single Attn-GRU
651110,2026-03-06,2026-03-23,72.16,72.05,72.31,Single Attn-GRU
651110,2026-03-06,2026-03-24,72.16,72.02,72.29,Single Attn-GRU
651110,2026-03-06,2026-03-25,72.18,72.03,72.32,Single Attn-GRU
651110,2026-03-06,2026-03-26,72.04,71.88,72.22,Single Attn-GRU
651110,2026-03-06,2026-03-27,72.04,71.89,72.24,Single Attn-GRU
651110,2026-03-06,2026-03-28,72.05,71.9,72.23,Single Attn-GRU
651110,2026-03-06,2026-03-29,72.08,71.9,72.23,Single Attn-GRU
651110,2026-03-06,2026-03-30,72.03,71.88,72.25,Single Attn-GRU
651110,2026-03-06,2026-03-31,71.93,71.77,72.11,Single Attn-GRU
651110,2026-03-06,2026-04-01,71.97,71.79,72.18,Single Attn-GRU
651110,2026-03-06,2026-04-02,71.9,71.73,72.17,Single Attn-GRU
651110,2026-03-06,2026-04-03,71.87,71.7,72.1,Single Attn-GRU
651110,2026-03-06,2026-04-04,71.89,71.69,72.1,Single Attn-GRU
651110,2026-03-06,2026-04-05,71.84,71.7,72.06,Single Attn-GRU
651111,2026-03-06,2026-03-07,57.09,57.04,57.15,Single Attn-GRU
651111,2026-03-06,2026-03-08,57.09,57.0,57.21,Single Attn-GRU
651111,2026-03-06,2026-03-09,57.11,56.96,57.29,Single Attn-GRU
651111,2026-03-06,2026-03-10,57.11,56.89,57.36,Single Attn-GRU
651111,2026-03-06,2026-03-11,57.15,56.89,57.45,Single Attn-GRU
651111,2026-03-06,2026-03-12,57.21,56.92,57.54,Single Attn-GRU
651111,2026-03-06,2026-03-13,57.22,56.9,57.61,Single Attn-GRU
651111,2026-03-06,2026-03-14,57.28,56.87,57.73,Single Attn-GRU
651111,2026-03-06,2026-03-15,57.38,56.93,57.82,Single Attn-GRU
651111,2026-03-06,2026-03-16,57.39,56.82,57.99,Single Attn-GRU
651111,2026-03-06,2026-03-17,57.5,56.85,58.11,Single Attn-GRU
651111,2026-03-06,2026-03-18,57.6,57.04,58.21,Single Attn-GRU
651111,2026-03-06,2026-03-19,57.75,57.18,58.18,Single Attn-GRU
651111,2026-03-06,2026-03-20,57.89,57.38,58.31,Single Attn-GRU
651111,2026-03-06,2026-03-21,58.01,57.37,58.73,Single Attn-GRU
651111,2026-03-06,2026-03-22,57.94,57.39,58.55,Single Attn-GRU
651111,2026-03-06,2026-03-23,58.24,57.56,58.88,Single Attn-GRU
651111,2026-03-06,2026-03-24,58.29,57.73,58.89,Single Attn-GRU
651111,2026-03-06,2026-03-25,58.35,57.8,58.85,Single Attn-GRU
651111,2026-03-06,2026-03-26,58.52,57.68,59.35,Single Attn-GRU
651111,2026-03-06,2026-03-27,58.54,57.83,59.26,Single Attn-GRU
651111,2026-03-06,2026-03-28,58.76,58.0,59.5,Single Attn-GRU
651111,2026-03-06,2026-03-29,58.81,58.07,59.63,Single Attn-GRU
651111,2026-03-06,2026-03-30,58.72,57.93,59.42,Single Attn-GRU
651111,2026-03-06,2026-03-31,59.04,58.08,59.88,Single Attn-GRU
651111,2026-03-06,2026-04-01,59.03,58.22,59.68,Single Attn-GRU
651111,2026-03-06,2026-04-02,59.12,58.22,59.82,Single Attn-GRU
651111,2026-03-06,2026-04-03,59.29,58.28,60.14,Single Attn-GRU
651111,2026-03-06,2026-04-04,59.36,58.53,60.05,Single Attn-GRU
651111,2026-03-06,2026-04-05,59.55,58.44,60.31,Single Attn-GRU
651112,2026-03-06,2026-03-07,131.4,131.33,131.48,Single Attn-GRU
651112,2026-03-06,2026-03-08,131.01,130.89,131.15,Single Attn-GRU
651112,2026-03-06,2026-03-09,130.62,130.43,130.77,Single Attn-GRU
651112,2026-03-06,2026-03-10,130.25,130.07,130.46,Single Attn-GRU
651112,2026-03-06,2026-03-11,129.84,129.59,130.09,Single Attn-GRU
651112,2026-03-06,2026-03-12,129.33,128.8,129.85,Single Attn-GRU
651112,2026-03-06,2026-03-13,129.03,128.65,129.45,Single Attn-GRU
651112,2026-03-06,2026-03-14,128.53,128.04,128.99,Single Attn-GRU
651112,2026-03-06,2026-03-15,128.01,127.18,128.79,Single Attn-GRU
651112,2026-03-06,2026-03-16,127.55,126.79,128.32,Single Attn-GRU
651112,2026-03-06,2026-03-17,127.17,126.3,128.1,Single Attn-GRU
651112,2026-03-06,2026-03-18,126.78,125.98,127.64,Single Attn-GRU
651112,2026-03-06,2026-03-19,126.26,125.37,127.49,Single Attn-GRU
651112,2026-03-06,2026-03-20,125.66,124.82,126.88,Single Attn-GRU
651112,2026-03-06,2026-03-21,125.22,124.33,126.52,Single Attn-GRU
651112,2026-03-06,2026-03-22,124.3,123.61,125.63,Single Attn-GRU
651112,2026-03-06,2026-03-23,123.86,123.25,124.93,Single Attn-GRU
651112,2026-03-06,2026-03-24,123.39,122.97,124.42,Single Attn-GRU
651112,2026-03-06,2026-03-25,123.24,122.84,124.35,Single Attn-GRU
651112,2026-03-06,2026-03-26,123.01,122.7,123.75,Single Attn-GRU
651112,2026-03-06,2026-03-27,122.99,122.69,123.65,Single Attn-GRU
651112,2026-03-06,2026-03-28,122.81,122.6,123.6,Single Attn-GRU
651112,2026-03-06,2026-03-29,122.75,122.57,123.32,Single Attn-GRU
651112,2026-03-06,2026-03-30,122.84,122.56,123.7,Single Attn-GRU
651112,2026-03-06,2026-03-31,122.69,122.55,123.05,Single Attn-GRU
651112,2026-03-06,2026-04-01,122.67,122.54,123.09,Single Attn-GRU
651112,2026-03-06,2026-04-02,122.62,122.53,122.99,Single Attn-GRU
651112,2026-03-06,2026-04-03,122.58,122.52,122.88,Single Attn-GRU
651112,2026-03-06,2026-04-04,122.56,122.51,122.77,Single Attn-GRU
651112,2026-03-06,2026-04-05,122.57,122.52,122.89,Single Attn-GRU
651113,2026-03-06,2026-03-07,84.93,84.89,84.96,Single Attn-GRU
651113,2026-03-06,2026-03-08,84.83,84.73,84.89,Single Attn-GRU
651113,2026-03-06,2026-03-09,84.73,84.58,84.84,Single Attn-GRU
651113,2026-03-06,2026-03-10,84.63,84.43,84.79,Single Attn-GRU
651113,2026-03-06,2026-03-11,84.56,84.3,84.74,Single Attn-GRU
651113,2026-03-06,2026-03-12,84.55,84.23,84.74,Single Attn-GRU
651113,2026-03-06,2026-03-13,84.47,84.12,84.74,Single Attn-GRU
651113,2026-03-06,2026-03-14,84.42,84.02,84.71,Single Attn-GRU
651113,2026-03-06,2026-03-15,84.43,83.96,84.72,Single Attn-GRU
651113,2026-03-06,2026-03-16,84.37,83.82,84.77,Single Attn-GRU
651113,2026-03-06,2026-03-17,84.37,83.75,84.75,Single Attn-GRU
651113,2026-03-06,2026-03-18,84.47,83.83,84.9,Single Attn-GRU
651113,2026-03-06,2026-03-19,84.65,83.92,85.08,Single Attn-GRU
651113,2026-03-06,2026-03-20,84.61,84.04,85.11,Single Attn-GRU
651113,2026-03-06,2026-03-21,84.73,84.1,85.37,Single Attn-GRU
651113,2026-03-06,2026-03-22,84.7,83.9,85.47,Single Attn-GRU
651113,2026-03-06,2026-03-23,84.96,83.89,85.57,Single Attn-GRU
651113,2026-03-06,2026-03-24,84.63,83.83,85.57,Single Attn-GRU
651113,2026-03-06,2026-03-25,85.1,84.05,85.92,Single Attn-GRU
651113,2026-03-06,2026-03-26,84.39,83.22,85.5,Single Attn-GRU
651113,2026-03-06,2026-03-27,84.56,83.25,85.6,Single Attn-GRU
651113,2026-03-06,2026-03-28,84.97,83.63,85.96,Single Attn-GRU
651113,2026-03-06,2026-03-29,84.9,83.64,85.94,Single Attn-GRU
651113,2026-03-06,2026-03-30,84.9,83.54,86.29,Single Attn-GRU
651113,2026-03-06,2026-03-31,84.5,83.12,85.93,Single Attn-GRU
651113,2026-03-06,2026-04-01,84.76,83.3,86.07,Single Attn-GRU
651113,2026-03-06,2026-04-02,84.58,83.03,86.05,Single Attn-GRU
651113,2026-03-06,2026-04-03,84.5,82.76,86.08,Single Attn-GRU
651113,2026-03-06,2026-04-04,84.63,82.83,86.24,Single Attn-GRU
651113,2026-03-06,2026-04-05,84.73,82.96,86.11,Single Attn-GRU
651114,2026-03-06,2026-03-07,87.32,87.24,87.4,Single Attn-GRU
651114,2026-03-06,2026-03-08,87.32,87.21,87.47,Single Attn-GRU
651114,2026-03-06,2026-03-09,87.36,87.17,87.59,Single Attn-GRU
651114,2026-03-06,2026-03-10,87.37,87.13,87.69,Single Attn-GRU
651114,2026-03-06,2026-03-11,87.43,87.1,87.82,Single Attn-GRU
651114,2026-03-06,2026-03-12,87.5,87.14,87.99,Single Attn-GRU
651114,2026-03-06,2026-03-13,87.51,87.07,88.02,Single Attn-GRU
651114,2026-03-06,2026-03-14,87.62,87.1,88.19,Single Attn-GRU
651114,2026-03-06,2026-03-15,87.7,87.15,88.32,Single Attn-GRU
651114,2026-03-06,2026-03-16,87.88,87.15,88.58,Single Attn-GRU
651114,2026-03-06,2026-03-17,87.93,87.29,88.81,Single Attn-GRU
651114,2026-03-06,2026-03-18,88.06,87.35,88.91,Single Attn-GRU
651114,2026-03-06,2026-03-19,88.2,87.47,88.93,Single Attn-GRU
651114,2026-03-06,2026-03-20,88.38,87.61,89.14,Single Attn-GRU
651114,2026-03-06,2026-03-21,88.48,87.61,89.42,Single Attn-GRU
651114,2026-03-06,2026-03-22,88.82,87.95,89.61,Single Attn-GRU
651114,2026-03-06,2026-03-23,89.1,88.07,89.9,Single Attn-GRU
651114,2026-03-06,2026-03-24,89.09,88.13,89.78,Single Attn-GRU
651114,2026-03-06,2026-03-25,89.04,88.03,89.84,Single Attn-GRU
651114,2026-03-06,2026-03-26,89.5,88.36,90.49,Single Attn-GRU
651114,2026-03-06,2026-03-27,89.48,88.42,90.47,Single Attn-GRU
651114,2026-03-06,2026-03-28,89.69,88.62,90.65,Single Attn-GRU
651114,2026-03-06,2026-03-29,89.72,88.61,90.74,Single Attn-GRU
651114,2026-03-06,2026-03-30,89.79,88.42,90.57,Single Attn-GRU
651114,2026-03-06,2026-03-31,90.12,88.62,91.13,Single Attn-GRU
651114,2026-03-06,2026-04-01,90.14,88.89,90.99,Single Attn-GRU
651114,2026-03-06,2026-04-02,90.21,88.92,91.08,Single Attn-GRU
651114,2026-03-06,2026-04-03,90.51,88.97,91.53,Single Attn-GRU
651114,2026-03-06,2026-04-04,90.41,89.2,91.27,Single Attn-GRU
651114,2026-03-06,2026-04-05,90.64,89.3,91.66,Single Attn-GRU
651116,2026-03-06,2026-03-07,162.05,162.0,162.11,Single Attn-GRU
651116,2026-03-06,2026-03-08,161.86,161.72,161.97,Single Attn-GRU
651116,2026-03-06,2026-03-09,161.69,161.52,161.85,Single Attn-GRU
651116,2026-03-06,2026-03-10,161.54,161.33,161.77,Single Attn-GRU
651116,2026-03-06,2026-03-11,161.36,161.11,161.61,Single Attn-GRU
651116,2026-03-06,2026-03-12,161.16,160.78,161.55,Single Attn-GRU
651116,2026-03-06,2026-03-13,160.99,160.59,161.39,Single Attn-GRU
651116,2026-03-06,2026-03-14,160.79,160.32,161.26,Single Attn-GRU
651116,2026-03-06,2026-03-15,160.58,159.95,161.14,Single Attn-GRU
651116,2026-03-06,2026-03-16,160.39,159.83,161.06,Single Attn-GRU
651116,2026-03-06,2026-03-17,160.26,159.59,160.8,Single Attn-GRU
651116,2026-03-06,2026-03-18,160.04,159.39,160.74,Single Attn-GRU
651116,2026-03-06,2026-03-19,159.77,159.05,160.5,Single Attn-GRU
651116,2026-03-06,2026-03-20,159.46,158.68,160.15,Single Attn-GRU
651116,2026-03-06,2026-03-21,159.26,158.58,160.2,Single Attn-GRU
651116,2026-03-06,2026-03-22,158.82,158.03,159.91,Single Attn-GRU
651116,2026-03-06,2026-03-23,158.49,157.82,159.34,Single Attn-GRU
651116,2026-03-06,2026-03-24,158.06,157.51,159.01,Single Attn-GRU
651116,2026-03-06,2026-03-25,158.02,157.48,158.95,Single Attn-GRU
651116,2026-03-06,2026-03-26,157.86,157.38,158.86,Single Attn-GRU
651116,2026-03-06,2026-03-27,157.66,157.26,158.65,Single Attn-GRU
651116,2026-03-06,2026-03-28,157.53,157.2,158.56,Single Attn-GRU
651116,2026-03-06,2026-03-29,157.43,157.18,158.16,Single Attn-GRU
651116,2026-03-06,2026-03-30,157.42,157.15,158.48,Single Attn-GRU
651116,2026-03-06,2026-03-31,157.36,157.15,158.08,Single Attn-GRU
651116,2026-03-06,2026-04-01,157.36,157.13,158.22,Single Attn-GRU
651116,2026-03-06,2026-04-02,157.35,157.11,157.95,Single Attn-GRU
651116,2026-03-06,2026-04-03,157.25,157.08,157.83,Single Attn-GRU
651116,2026-03-06,2026-04-04,157.2,157.08,157.76,Single Attn-GRU
651116,2026-03-06,2026-04-05,157.26,157.1,157.92,Single Attn-GRU
651117,2026-03-06,2026-03-07,195.52,195.39,195.69,Single Attn-GRU
651117,2026-03-06,2026-03-08,195.48,195.17,195.69,Single Attn-GRU
651117,2026-03-06,2026-03-09,195.47,195.03,195.85,Single Attn-GRU
651117,2026-03-06,2026-03-10,195.46,194.82,195.95,Single Attn-GRU
651117,2026-03-06,2026-03-11,195.43,194.71,196.2,Single Attn-GRU
651117,2026-03-06,2026-03-12,195.6,194.82,196.4,Single Attn-GRU
651117,2026-03-06,2026-03-13,195.58,194.62,196.57,Single Attn-GRU
651117,2026-03-06,2026-03-14,195.69,194.55,196.99,Single Attn-GRU
651117,2026-03-06,2026-03-15,195.81,194.77,197.14,Single Attn-GRU
651117,2026-03-06,2026-03-16,196.09,194.52,197.57,Single Attn-GRU
651117,2026-03-06,2026-03-17,196.22,194.75,197.87,Single Attn-GRU
651117,2026-03-06,2026-03-18,196.39,194.96,197.94,Single Attn-GRU
651117,2026-03-06,2026-03-19,196.63,195.37,197.92,Single Attn-GRU
651117,2026-03-06,2026-03-20,196.98,195.77,198.27,Single Attn-GRU
651117,2026-03-06,2026-03-21,197.44,195.4,199.19,Single Attn-GRU
651117,2026-03-06,2026-03-22,197.62,195.99,198.93,Single Attn-GRU
651117,2026-03-06,2026-03-23,198.1,196.32,199.85,Single Attn-GRU
651117,2026-03-06,2026-03-24,198.3,196.72,199.82,Single Attn-GRU
651117,2026-03-06,2026-03-25,198.16,196.44,199.61,Single Attn-GRU
651117,2026-03-06,2026-03-26,199.04,196.65,200.98,Single Attn-GRU
651117,2026-03-06,2026-03-27,198.88,196.9,200.44,Single Attn-GRU
651117,2026-03-06,2026-03-28,199.47,197.39,201.1,Single Attn-GRU
651117,2026-03-06,2026-03-29,199.42,197.16,201.37,Single Attn-GRU
651117,2026-03-06,2026-03-30,199.11,197.22,200.85,Single Attn-GRU
651117,2026-03-06,2026-03-31,199.86,197.29,201.86,Single Attn-GRU
651117,2026-03-06,2026-04-01,200.21,198.1,201.61,Single Attn-GRU
651117,2026-03-06,2026-04-02,200.25,197.75,201.81,Single Attn-GRU
651117,2026-03-06,2026-04-03,201.01,197.77,202.83,Single Attn-GRU
651117,2026-03-06,2026-04-04,200.61,198.46,202.3,Single Attn-GRU
651117,2026-03-06,2026-04-05,201.22,198.34,203.06,Single Attn-GRU
651118,2026-03-06,2026-03-07,55.85,55.73,55.99,Single Attn-GRU
651118,2026-03-06,2026-03-08,56.03,55.82,56.28,Single Attn-GRU
651118,2026-03-06,2026-03-09,56.3,55.97,56.68,Single Attn-GRU
651118,2026-03-06,2026-03-10,56.48,56.04,56.97,Single Attn-GRU
651118,2026-03-06,2026-03-11,56.77,56.2,57.31,Single Attn-GRU
651118,2026-03-06,2026-03-12,57.01,56.36,57.63,Single Attn-GRU
651118,2026-03-06,2026-03-13,57.32,56.54,58.02,Single Attn-GRU
651118,2026-03-06,2026-03-14,57.64,56.77,58.34,Single Attn-GRU
651118,2026-03-06,2026-03-15,57.8,57.01,58.53,Single Attn-GRU
651118,2026-03-06,2026-03-16,58.25,57.21,59.06,Single Attn-GRU
651118,2026-03-06,2026-03-17,58.46,57.5,59.32,Single Attn-GRU
651118,2026-03-06,2026-03-18,58.7,57.76,59.49,Single Attn-GRU
651118,2026-03-06,2026-03-19,58.8,58.01,59.61,Single Attn-GRU
651118,2026-03-06,2026-03-20,59.06,58.2,59.82,Single Attn-GRU
651118,2026-03-06,2026-03-21,59.45,58.4,60.09,Single Attn-GRU
651118,2026-03-06,2026-03-22,59.49,58.72,60.19,Single Attn-GRU
651118,2026-03-06,2026-03-23,59.82,59.0,60.39,Single Attn-GRU
651118,2026-03-06,2026-03-24,59.93,59.07,60.47,Single Attn-GRU
651118,2026-03-06,2026-03-25,59.98,59.15,60.53,Single Attn-GRU
651118,2026-03-06,2026-03-26,60.24,59.4,60.66,Single Attn-GRU
651118,2026-03-06,2026-03-27,60.35,59.6,60.69,Single Attn-GRU
651118,2026-03-06,2026-03-28,60.39,59.74,60.77,Single Attn-GRU
651118,2026-03-06,2026-03-29,60.52,59.92,60.86,Single Attn-GRU
651118,2026-03-06,2026-03-30,60.45,59.73,60.81,Single Attn-GRU
651118,2026-03-06,2026-03-31,60.66,59.99,60.9,Single Attn-GRU
651118,2026-03-06,2026-04-01,60.62,60.08,60.87,Single Attn-GRU
651118,2026-03-06,2026-04-02,60.71,60.23,60.92,Single Attn-GRU
651118,2026-03-06,2026-04-03,60.82,60.3,60.96,Single Attn-GRU
651118,2026-03-06,2026-04-04,60.79,60.37,60.94,Single Attn-GRU
651118,2026-03-06,2026-04-05,60.86,60.38,60.99,Single Attn-GRU
651119,2026-03-06,2026-03-07,233.54,233.38,233.68,Single Attn-GRU
651119,2026-03-06,2026-03-08,233.55,233.21,233.79,Single Attn-GRU
651119,2026-03-06,2026-03-09,233.62,233.11,234.01,Single Attn-GRU
651119,2026-03-06,2026-03-10,233.63,232.95,234.18,Single Attn-GRU
651119,2026-03-06,2026-03-11,233.65,232.87,234.29,Single Attn-GRU
651119,2026-03-06,2026-03-12,233.8,233.02,234.56,Single Attn-GRU
651119,2026-03-06,2026-03-13,233.88,232.93,234.83,Single Attn-GRU
651119,2026-03-06,2026-03-14,234.1,232.9,235.09,Single Attn-GRU
651119,2026-03-06,2026-03-15,234.33,233.16,235.31,Single Attn-GRU
651119,2026-03-06,2026-03-16,234.58,233.01,235.97,Single Attn-GRU
651119,2026-03-06,2026-03-17,234.82,233.27,236.34,Single Attn-GRU
651119,2026-03-06,2026-03-18,235.21,233.64,236.73,Single Attn-GRU
651119,2026-03-06,2026-03-19,235.88,234.36,237.2,Single Attn-GRU
651119,2026-03-06,2026-03-20,236.14,234.74,237.29,Single Attn-GRU
651119,2026-03-06,2026-03-21,236.69,234.66,238.04,Single Attn-GRU
651119,2026-03-06,2026-03-22,236.99,235.4,238.61,Single Attn-GRU
651119,2026-03-06,2026-03-23,237.73,235.79,239.48,Single Attn-GRU
651119,2026-03-06,2026-03-24,237.83,236.48,239.13,Single Attn-GRU
651119,2026-03-06,2026-03-25,238.52,236.64,240.0,Single Attn-GRU
651119,2026-03-06,2026-03-26,238.26,235.66,240.21,Single Attn-GRU
651119,2026-03-06,2026-03-27,238.83,236.51,240.4,Single Attn-GRU
651119,2026-03-06,2026-03-28,239.22,236.99,241.03,Single Attn-GRU
651119,2026-03-06,2026-03-29,239.81,237.27,241.52,Single Attn-GRU
651119,2026-03-06,2026-03-30,239.57,237.18,241.32,Single Attn-GRU
651119,2026-03-06,2026-03-31,240.23,237.31,241.98,Single Attn-GRU
651119,2026-03-06,2026-04-01,240.22,237.95,242.26,Single Attn-GRU
651119,2026-03-06,2026-04-02,240.93,237.95,243.02,Single Attn-GRU
651119,2026-03-06,2026-04-03,241.76,238.6,243.84,Single Attn-GRU
651119,2026-03-06,2026-04-04,241.69,238.75,243.51,Single Attn-GRU
651119,2026-03-06,2026-04-05,242.11,238.31,244.14,Single Attn-GRU
651120,2026-03-06,2026-03-07,56.6,56.58,56.62,Single Attn-GRU
651120,2026-03-06,2026-03-08,56.55,56.52,56.59,Single Attn-GRU
651120,2026-03-06,2026-03-09,56.5,56.44,56.55,Single Attn-GRU
651120,2026-03-06,2026-03-10,56.44,56.38,56.51,Single Attn-GRU
651120,2026-03-06,2026-03-11,56.4,56.31,56.49,Single Attn-GRU
651120,2026-03-06,2026-03-12,56.38,56.31,56.48,Single Attn-GRU
651120,2026-03-06,2026-03-13,56.32,56.21,56.45,Single Attn-GRU
651120,2026-03-06,2026-03-14,56.3,56.17,56.44,Single Attn-GRU
651120,2026-03-06,2026-03-15,56.3,56.17,56.44,Single Attn-GRU
651120,2026-03-06,2026-03-16,56.24,56.08,56.43,Single Attn-GRU
651120,2026-03-06,2026-03-17,56.27,56.08,56.45,Single Attn-GRU
651120,2026-03-06,2026-03-18,56.23,56.03,56.42,Single Attn-GRU
651120,2026-03-06,2026-03-19,56.26,56.05,56.43,Single Attn-GRU
651120,2026-03-06,2026-03-20,56.26,56.03,56.48,Single Attn-GRU
651120,2026-03-06,2026-03-21,56.31,56.05,56.57,Single Attn-GRU
651120,2026-03-06,2026-03-22,56.25,55.98,56.5,Single Attn-GRU
651120,2026-03-06,2026-03-23,56.23,55.95,56.54,Single Attn-GRU
651120,2026-03-06,2026-03-24,56.36,55.99,56.63,Single Attn-GRU
651120,2026-03-06,2026-03-25,56.34,55.98,56.61,Single Attn-GRU
651120,2026-03-06,2026-03-26,56.39,56.06,56.69,Single Attn-GRU
651120,2026-03-06,2026-03-27,56.3,55.93,56.61,Single Attn-GRU
651120,2026-03-06,2026-03-28,56.39,55.99,56.73,Single Attn-GRU
651120,2026-03-06,2026-03-29,56.38,56.02,56.66,Single Attn-GRU
651120,2026-03-06,2026-03-30,56.19,55.78,56.59,Single Attn-GRU
651120,2026-03-06,2026-03-31,56.26,55.77,56.74,Single Attn-GRU
651120,2026-03-06,2026-04-01,56.34,55.85,56.81,Single Attn-GRU
651120,2026-03-06,2026-04-02,56.43,55.91,56.78,Single Attn-GRU
651120,2026-03-06,2026-04-03,56.34,55.86,56.83,Single Attn-GRU
651120,2026-03-06,2026-04-04,56.34,55.89,56.78,Single Attn-GRU
651120,2026-03-06,2026-04-05,56.39,55.95,56.81,Single Attn-GRU
651121,2026-03-06,2026-03-07,141.39,141.17,141.63,Single Attn-GRU
651121,2026-03-06,2026-03-08,141.63,141.22,142.03,Single Attn-GRU
651121,2026-03-06,2026-03-09,142.06,141.31,142.69,Single Attn-GRU
651121,2026-03-06,2026-03-10,142.33,141.3,143.24,Single Attn-GRU
651121,2026-03-06,2026-03-11,142.85,141.61,143.82,Single Attn-GRU
651121,2026-03-06,2026-03-12,143.2,141.75,144.36,Single Attn-GRU
651121,2026-03-06,2026-03-13,143.72,142.09,145.17,Single Attn-GRU
651121,2026-03-06,2026-03-14,144.21,142.42,145.89,Single Attn-GRU
651121,2026-03-06,2026-03-15,144.54,142.71,146.09,Single Attn-GRU
651121,2026-03-06,2026-03-16,145.48,143.14,147.18,Single Attn-GRU
651121,2026-03-06,2026-03-17,145.98,143.4,147.64,Single Attn-GRU
651121,2026-03-06,2026-03-18,146.36,143.87,148.26,Single Attn-GRU
651121,2026-03-06,2026-03-19,146.81,144.51,148.73,Single Attn-GRU
651121,2026-03-06,2026-03-20,147.23,145.1,149.03,Single Attn-GRU
651121,2026-03-06,2026-03-21,148.28,145.62,149.84,Single Attn-GRU
651121,2026-03-06,2026-03-22,148.08,145.88,150.03,Single Attn-GRU
651121,2026-03-06,2026-03-23,149.24,146.54,151.09,Single Attn-GRU
651121,2026-03-06,2026-03-24,149.23,147.24,150.87,Single Attn-GRU
651121,2026-03-06,2026-03-25,149.41,147.25,151.17,Single Attn-GRU
651121,2026-03-06,2026-03-26,150.29,147.75,152.0,Single Attn-GRU
651121,2026-03-06,2026-03-27,150.59,148.16,152.24,Single Attn-GRU
651121,2026-03-06,2026-03-28,150.86,148.43,152.31,Single Attn-GRU
651121,2026-03-06,2026-03-29,151.38,148.92,152.59,Single Attn-GRU
651121,2026-03-06,2026-03-30,151.0,148.73,152.61,Single Attn-GRU
651121,2026-03-06,2026-03-31,151.79,149.65,152.94,Single Attn-GRU
651121,2026-03-06,2026-04-01,151.75,149.44,152.94,Single Attn-GRU
651121,2026-03-06,2026-04-02,152.05,149.63,153.22,Single Attn-GRU
651121,2026-03-06,2026-04-03,152.48,150.6,153.49,Single Attn-GRU
651121,2026-03-06,2026-04-04,152.45,150.57,153.44,Single Attn-GRU
651121,2026-03-06,2026-04-05,152.8,150.69,153.62,Single Attn-GRU
651122,2026-03-06,2026-03-07,68.59,68.47,68.73,Single Attn-GRU
651122,2026-03-06,2026-03-08,68.7,68.47,68.95,Single Attn-GRU
651122,2026-03-06,2026-03-09,68.88,68.54,69.28,Single Attn-GRU
651122,2026-03-06,2026-03-10,69.04,68.55,69.49,Single Attn-GRU
651122,2026-03-06,2026-03-11,69.26,68.66,69.88,Single Attn-GRU
651122,2026-03-06,2026-03-12,69.49,68.76,70.13,Single Attn-GRU
651122,2026-03-06,2026-03-13,69.7,68.8,70.51,Single Attn-GRU
651122,2026-03-06,2026-03-14,69.95,68.92,70.87,Single Attn-GRU
651122,2026-03-06,2026-03-15,70.1,69.19,71.0,Single Attn-GRU
651122,2026-03-06,2026-03-16,70.46,69.28,71.62,Single Attn-GRU
651122,2026-03-06,2026-03-17,70.68,69.48,71.84,Single Attn-GRU
651122,2026-03-06,2026-03-18,70.89,69.67,71.94,Single Attn-GRU
651122,2026-03-06,2026-03-19,71.1,70.04,72.27,Single Attn-GRU
651122,2026-03-06,2026-03-20,71.36,70.28,72.5,Single Attn-GRU
651122,2026-03-06,2026-03-21,71.8,70.59,72.96,Single Attn-GRU
651122,2026-03-06,2026-03-22,71.82,70.64,72.88,Single Attn-GRU
651122,2026-03-06,2026-03-23,72.24,71.13,73.42,Single Attn-GRU
651122,2026-03-06,2026-03-24,72.3,71.23,73.26,Single Attn-GRU
651122,2026-03-06,2026-03-25,72.44,71.4,73.41,Single Attn-GRU
651122,2026-03-06,2026-03-26,72.79,71.59,73.81,Single Attn-GRU
651122,2026-03-06,2026-03-27,72.99,71.71,73.87,Single Attn-GRU
651122,2026-03-06,2026-03-28,73.12,71.75,73.93,Single Attn-GRU
651122,2026-03-06,2026-03-29,73.33,72.1,74.15,Single Attn-GRU
651122,2026-03-06,2026-03-30,73.18,72.1,74.05,Single Attn-GRU
651122,2026-03-06,2026-03-31,73.53,72.4,74.29,Single Attn-GRU
651122,2026-03-06,2026-04-01,73.59,72.52,74.29,Single Attn-GRU
651122,2026-03-06,2026-04-02,73.76,72.57,74.41,Single Attn-GRU
651122,2026-03-06,2026-04-03,73.98,72.82,74.55,Single Attn-GRU
651122,2026-03-06,2026-04-04,73.99,73.0,74.49,Single Attn-GRU
651122,2026-03-06,2026-04-05,74.13,73.02,74.61,Single Attn-GRU
651123,2026-03-06,2026-03-07,193.91,193.79,194.0,Single Attn-GRU
651123,2026-03-06,2026-03-08,193.39,193.2,193.64,Single Attn-GRU
651123,2026-03-06,2026-03-09,193.01,192.77,193.3,Single Attn-GRU
651123,2026-03-06,2026-03-10,192.68,192.33,193.06,Single Attn-GRU
651123,2026-03-06,2026-03-11,192.29,191.89,192.63,Single Attn-GRU
651123,2026-03-06,2026-03-12,191.65,191.08,192.4,Single Attn-GRU
651123,2026-03-06,2026-03-13,191.35,190.78,191.99,Single Attn-GRU
651123,2026-03-06,2026-03-14,190.85,190.19,191.62,Single Attn-GRU
651123,2026-03-06,2026-03-15,190.23,189.4,191.29,Single Attn-GRU
651123,2026-03-06,2026-03-16,189.94,189.15,190.91,Single Attn-GRU
651123,2026-03-06,2026-03-17,189.44,188.5,190.55,Single Attn-GRU
651123,2026-03-06,2026-03-18,189.12,188.33,190.08,Single Attn-GRU
651123,2026-03-06,2026-03-19,188.62,187.71,189.67,Single Attn-GRU
651123,2026-03-06,2026-03-20,187.85,187.17,188.96,Single Attn-GRU
651123,2026-03-06,2026-03-21,187.68,186.87,188.86,Single Attn-GRU
651123,2026-03-06,2026-03-22,187.01,186.53,187.99,Single Attn-GRU
651123,2026-03-06,2026-03-23,186.65,186.33,187.26,Single Attn-GRU
651123,2026-03-06,2026-03-24,186.4,186.13,186.95,Single Attn-GRU
651123,2026-03-06,2026-03-25,186.35,186.1,186.8,Single Attn-GRU
651123,2026-03-06,2026-03-26,186.27,186.07,186.72,Single Attn-GRU
651123,2026-03-06,2026-03-27,186.18,186.05,186.59,Single Attn-GRU
651123,2026-03-06,2026-03-28,186.09,186.02,186.38,Single Attn-GRU
651123,2026-03-06,2026-03-29,186.08,186.02,186.33,Single Attn-GRU
651123,2026-03-06,2026-03-30,186.08,186.02,186.46,Single Attn-GRU
651123,2026-03-06,2026-03-31,186.06,186.01,186.21,Single Attn-GRU
651123,2026-03-06,2026-04-01,186.05,186.02,186.21,Single Attn-GRU
651123,2026-03-06,2026-04-02,186.05,186.01,186.23,Single Attn-GRU
651123,2026-03-06,2026-04-03,186.03,186.01,186.11,Single Attn-GRU
651123,2026-03-06,2026-04-04,186.02,186.01,186.07,Single Attn-GRU
651123,2026-03-06,2026-04-05,186.04,186.01,186.16,Single Attn-GRU
