card_id,run_date,target_date,pred_price,conf_low,conf_high,model
510148,2026-03-06,2026-03-07,62.86,62.81,62.91,Attn-GRU-45
510148,2026-03-06,2026-03-08,62.87,62.79,62.94,Attn-GRU-45
510148,2026-03-06,2026-03-09,62.9,62.83,62.98,Attn-GRU-45
510148,2026-03-06,2026-03-10,62.96,62.84,63.07,Attn-GRU-45
510148,2026-03-06,2026-03-11,62.95,62.8,63.11,Attn-GRU-45
510148,2026-03-06,2026-03-12,63.04,62.83,63.18,Attn-GRU-45
510148,2026-03-06,2026-03-13,63.16,62.93,63.32,Attn-GRU-45
510148,2026-03-06,2026-03-14,63.21,62.96,63.38,Attn-GRU-45
510148,2026-03-06,2026-03-15,63.25,62.98,63.42,Attn-GRU-45
510148,2026-03-06,2026-03-16,63.32,63.15,63.49,Attn-GRU-45
510148,2026-03-06,2026-03-17,63.37,63.06,63.56,Attn-GRU-45
510148,2026-03-06,2026-03-18,63.39,63.18,63.61,Attn-GRU-45
510148,2026-03-06,2026-03-19,63.51,63.31,63.63,Attn-GRU-45
510148,2026-03-06,2026-03-20,63.55,63.31,63.72,Attn-GRU-45
510148,2026-03-06,2026-03-21,63.56,63.31,63.71,Attn-GRU-45
510148,2026-03-06,2026-03-22,63.63,63.35,63.75,Attn-GRU-45
510148,2026-03-06,2026-03-23,63.65,63.45,63.78,Attn-GRU-45
510148,2026-03-06,2026-03-24,63.73,63.51,63.85,Attn-GRU-45
510148,2026-03-06,2026-03-25,63.75,63.52,63.86,Attn-GRU-45
510148,2026-03-06,2026-03-26,63.79,63.63,63.87,Attn-GRU-45
510148,2026-03-06,2026-03-27,63.79,63.57,63.87,Attn-GRU-45
510148,2026-03-06,2026-03-28,63.83,63.61,63.9,Attn-GRU-45
510148,2026-03-06,2026-03-29,63.84,63.61,63.9,Attn-GRU-45
510148,2026-03-06,2026-03-30,63.84,63.65,63.9,Attn-GRU-45
510148,2026-03-06,2026-03-31,63.87,63.71,63.91,Attn-GRU-45
510148,2026-03-06,2026-04-01,63.89,63.73,63.91,Attn-GRU-45
510148,2026-03-06,2026-04-02,63.89,63.77,63.92,Attn-GRU-45
510148,2026-03-06,2026-04-03,63.86,63.71,63.91,Attn-GRU-45
510148,2026-03-06,2026-04-04,63.89,63.8,63.92,Attn-GRU-45
510148,2026-03-06,2026-04-05,63.89,63.77,63.92,Attn-GRU-45
510152,2026-03-06,2026-03-07,173.03,171.86,173.68,Attn-GRU-45
510152,2026-03-06,2026-03-08,173.7,172.34,174.58,Attn-GRU-45
510152,2026-03-06,2026-03-09,174.03,172.28,175.41,Attn-GRU-45
510152,2026-03-06,2026-03-10,174.74,173.15,176.42,Attn-GRU-45
510152,2026-03-06,2026-03-11,176.12,173.5,177.78,Attn-GRU-45
510152,2026-03-06,2026-03-12,176.54,174.41,178.03,Attn-GRU-45
510152,2026-03-06,2026-03-13,177.49,175.22,178.62,Attn-GRU-45
510152,2026-03-06,2026-03-14,177.8,174.84,178.89,Attn-GRU-45
510152,2026-03-06,2026-03-15,178.18,175.69,179.23,Attn-GRU-45
510152,2026-03-06,2026-03-16,178.89,177.17,179.41,Attn-GRU-45
510152,2026-03-06,2026-03-17,178.97,177.68,179.5,Attn-GRU-45
510152,2026-03-06,2026-03-18,179.21,177.84,179.47,Attn-GRU-45
510152,2026-03-06,2026-03-19,179.28,178.36,179.52,Attn-GRU-45
510152,2026-03-06,2026-03-20,179.42,178.44,179.58,Attn-GRU-45
510152,2026-03-06,2026-03-21,179.45,178.93,179.57,Attn-GRU-45
510152,2026-03-06,2026-03-22,179.5,179.06,179.58,Attn-GRU-45
510152,2026-03-06,2026-03-23,179.51,179.01,179.59,Attn-GRU-45
510152,2026-03-06,2026-03-24,179.56,179.21,179.6,Attn-GRU-45
510152,2026-03-06,2026-03-25,179.58,179.29,179.61,Attn-GRU-45
510152,2026-03-06,2026-03-26,179.6,179.38,179.61,Attn-GRU-45
510152,2026-03-06,2026-03-27,179.59,179.48,179.61,Attn-GRU-45
510152,2026-03-06,2026-03-28,179.61,179.54,179.61,Attn-GRU-45
510152,2026-03-06,2026-03-29,179.61,179.56,179.61,Attn-GRU-45
510152,2026-03-06,2026-03-30,179.61,179.54,179.61,Attn-GRU-45
510152,2026-03-06,2026-03-31,179.61,179.57,179.61,Attn-GRU-45
510152,2026-03-06,2026-04-01,179.61,179.58,179.61,Attn-GRU-45
510152,2026-03-06,2026-04-02,179.61,179.6,179.61,Attn-GRU-45
510152,2026-03-06,2026-04-03,179.61,179.58,179.61,Attn-GRU-45
510152,2026-03-06,2026-04-04,179.61,179.6,179.61,Attn-GRU-45
510152,2026-03-06,2026-04-05,179.61,179.6,179.61,Attn-GRU-45
510153,2026-03-06,2026-03-07,649.82,649.55,650.1,Attn-GRU-45
510153,2026-03-06,2026-03-08,649.25,649.02,649.5,Attn-GRU-45
510153,2026-03-06,2026-03-09,649.06,648.78,649.31,Attn-GRU-45
510153,2026-03-06,2026-03-10,649.48,649.07,649.87,Attn-GRU-45
510153,2026-03-06,2026-03-11,648.54,648.13,649.05,Attn-GRU-45
510153,2026-03-06,2026-03-12,648.74,648.27,649.34,Attn-GRU-45
510153,2026-03-06,2026-03-13,648.85,648.25,649.63,Attn-GRU-45
510153,2026-03-06,2026-03-14,649.49,648.59,650.43,Attn-GRU-45
510153,2026-03-06,2026-03-15,649.25,647.89,650.56,Attn-GRU-45
510153,2026-03-06,2026-03-16,648.84,647.57,649.9,Attn-GRU-45
510153,2026-03-06,2026-03-17,648.51,647.34,650.1,Attn-GRU-45
510153,2026-03-06,2026-03-18,648.28,646.6,650.07,Attn-GRU-45
510153,2026-03-06,2026-03-19,649.15,647.6,651.2,Attn-GRU-45
510153,2026-03-06,2026-03-20,648.14,645.6,650.34,Attn-GRU-45
510153,2026-03-06,2026-03-21,648.53,646.64,650.31,Attn-GRU-45
510153,2026-03-06,2026-03-22,650.02,647.89,652.3,Attn-GRU-45
510153,2026-03-06,2026-03-23,648.89,647.05,651.14,Attn-GRU-45
510153,2026-03-06,2026-03-24,650.17,647.52,652.79,Attn-GRU-45
510153,2026-03-06,2026-03-25,649.76,647.39,652.12,Attn-GRU-45
510153,2026-03-06,2026-03-26,648.15,645.28,651.15,Attn-GRU-45
510153,2026-03-06,2026-03-27,649.9,647.1,653.19,Attn-GRU-45
510153,2026-03-06,2026-03-28,648.69,646.04,651.7,Attn-GRU-45
510153,2026-03-06,2026-03-29,648.55,645.16,652.09,Attn-GRU-45
510153,2026-03-06,2026-03-30,650.59,647.6,653.71,Attn-GRU-45
510153,2026-03-06,2026-03-31,650.15,646.88,654.25,Attn-GRU-45
510153,2026-03-06,2026-04-01,648.78,645.84,651.83,Attn-GRU-45
510153,2026-03-06,2026-04-02,648.67,646.06,652.18,Attn-GRU-45
510153,2026-03-06,2026-04-03,651.6,648.54,654.45,Attn-GRU-45
510153,2026-03-06,2026-04-04,650.66,646.95,654.26,Attn-GRU-45
510153,2026-03-06,2026-04-05,649.27,645.95,652.6,Attn-GRU-45
510154,2026-03-06,2026-03-07,140.89,140.77,141.0,Attn-GRU-45
510154,2026-03-06,2026-03-08,140.88,140.74,141.0,Attn-GRU-45
510154,2026-03-06,2026-03-09,140.91,140.75,141.06,Attn-GRU-45
510154,2026-03-06,2026-03-10,140.99,140.79,141.22,Attn-GRU-45
510154,2026-03-06,2026-03-11,140.94,140.67,141.21,Attn-GRU-45
510154,2026-03-06,2026-03-12,141.08,140.78,141.34,Attn-GRU-45
510154,2026-03-06,2026-03-13,141.17,140.85,141.58,Attn-GRU-45
510154,2026-03-06,2026-03-14,141.32,140.96,141.67,Attn-GRU-45
510154,2026-03-06,2026-03-15,141.42,140.96,141.84,Attn-GRU-45
510154,2026-03-06,2026-03-16,141.54,141.17,142.01,Attn-GRU-45
510154,2026-03-06,2026-03-17,141.56,141.01,142.1,Attn-GRU-45
510154,2026-03-06,2026-03-18,141.54,140.97,142.1,Attn-GRU-45
510154,2026-03-06,2026-03-19,141.86,141.33,142.4,Attn-GRU-45
510154,2026-03-06,2026-03-20,141.89,141.06,142.57,Attn-GRU-45
510154,2026-03-06,2026-03-21,141.9,141.42,142.55,Attn-GRU-45
510154,2026-03-06,2026-03-22,142.13,141.53,142.66,Attn-GRU-45
510154,2026-03-06,2026-03-23,142.26,141.71,142.82,Attn-GRU-45
510154,2026-03-06,2026-03-24,142.53,141.78,143.15,Attn-GRU-45
510154,2026-03-06,2026-03-25,142.62,141.76,143.2,Attn-GRU-45
510154,2026-03-06,2026-03-26,142.52,141.68,143.21,Attn-GRU-45
510154,2026-03-06,2026-03-27,142.75,142.06,143.24,Attn-GRU-45
510154,2026-03-06,2026-03-28,142.88,141.63,143.37,Attn-GRU-45
510154,2026-03-06,2026-03-29,142.77,141.78,143.39,Attn-GRU-45
510154,2026-03-06,2026-03-30,142.98,142.3,143.49,Attn-GRU-45
510154,2026-03-06,2026-03-31,143.16,142.54,143.62,Attn-GRU-45
510154,2026-03-06,2026-04-01,143.23,142.15,143.64,Attn-GRU-45
510154,2026-03-06,2026-04-02,143.23,142.43,143.69,Attn-GRU-45
510154,2026-03-06,2026-04-03,143.18,142.48,143.58,Attn-GRU-45
510154,2026-03-06,2026-04-04,143.31,142.55,143.65,Attn-GRU-45
510154,2026-03-06,2026-04-05,143.26,142.41,143.64,Attn-GRU-45
510155,2026-03-06,2026-03-07,67.89,67.66,68.08,Attn-GRU-45
510155,2026-03-06,2026-03-08,68.07,67.68,68.32,Attn-GRU-45
510155,2026-03-06,2026-03-09,68.08,67.78,68.47,Attn-GRU-45
510155,2026-03-06,2026-03-10,68.34,67.94,68.67,Attn-GRU-45
510155,2026-03-06,2026-03-11,68.4,67.82,68.92,Attn-GRU-45
510155,2026-03-06,2026-03-12,68.68,68.05,69.14,Attn-GRU-45
510155,2026-03-06,2026-03-13,68.89,68.35,69.4,Attn-GRU-45
510155,2026-03-06,2026-03-14,69.05,68.49,69.55,Attn-GRU-45
510155,2026-03-06,2026-03-15,69.31,68.63,69.75,Attn-GRU-45
510155,2026-03-06,2026-03-16,69.47,68.87,69.87,Attn-GRU-45
510155,2026-03-06,2026-03-17,69.65,69.12,69.98,Attn-GRU-45
510155,2026-03-06,2026-03-18,69.67,69.11,69.95,Attn-GRU-45
510155,2026-03-06,2026-03-19,69.73,69.26,69.99,Attn-GRU-45
510155,2026-03-06,2026-03-20,69.9,69.44,70.08,Attn-GRU-45
510155,2026-03-06,2026-03-21,69.91,69.47,70.07,Attn-GRU-45
510155,2026-03-06,2026-03-22,69.96,69.71,70.08,Attn-GRU-45
510155,2026-03-06,2026-03-23,69.98,69.68,70.09,Attn-GRU-45
510155,2026-03-06,2026-03-24,70.06,69.66,70.12,Attn-GRU-45
510155,2026-03-06,2026-03-25,70.07,69.8,70.13,Attn-GRU-45
510155,2026-03-06,2026-03-26,70.09,69.8,70.13,Attn-GRU-45
510155,2026-03-06,2026-03-27,70.08,69.89,70.13,Attn-GRU-45
510155,2026-03-06,2026-03-28,70.12,69.98,70.13,Attn-GRU-45
510155,2026-03-06,2026-03-29,70.12,69.98,70.13,Attn-GRU-45
510155,2026-03-06,2026-03-30,70.12,70.03,70.13,Attn-GRU-45
510155,2026-03-06,2026-03-31,70.13,70.07,70.14,Attn-GRU-45
510155,2026-03-06,2026-04-01,70.13,70.03,70.14,Attn-GRU-45
510155,2026-03-06,2026-04-02,70.13,70.09,70.14,Attn-GRU-45
510155,2026-03-06,2026-04-03,70.13,70.05,70.13,Attn-GRU-45
510155,2026-03-06,2026-04-04,70.13,70.09,70.14,Attn-GRU-45
510155,2026-03-06,2026-04-05,70.13,70.08,70.14,Attn-GRU-45
510156,2026-03-06,2026-03-07,93.41,93.39,93.44,Attn-GRU-45
510156,2026-03-06,2026-03-08,93.28,93.23,93.31,Attn-GRU-45
510156,2026-03-06,2026-03-09,93.22,93.17,93.25,Attn-GRU-45
510156,2026-03-06,2026-03-10,93.26,93.2,93.32,Attn-GRU-45
510156,2026-03-06,2026-03-11,93.11,93.05,93.15,Attn-GRU-45
510156,2026-03-06,2026-03-12,93.11,93.05,93.16,Attn-GRU-45
510156,2026-03-06,2026-03-13,92.96,92.88,93.04,Attn-GRU-45
510156,2026-03-06,2026-03-14,93.06,92.94,93.18,Attn-GRU-45
510156,2026-03-06,2026-03-15,92.91,92.74,93.06,Attn-GRU-45
510156,2026-03-06,2026-03-16,92.63,92.5,92.77,Attn-GRU-45
510156,2026-03-06,2026-03-17,92.59,92.32,92.86,Attn-GRU-45
510156,2026-03-06,2026-03-18,92.52,92.22,92.84,Attn-GRU-45
510156,2026-03-06,2026-03-19,92.35,91.94,92.69,Attn-GRU-45
510156,2026-03-06,2026-03-20,92.08,91.67,92.56,Attn-GRU-45
510156,2026-03-06,2026-03-21,91.86,91.52,92.26,Attn-GRU-45
510156,2026-03-06,2026-03-22,91.54,91.23,92.08,Attn-GRU-45
510156,2026-03-06,2026-03-23,91.63,91.28,92.11,Attn-GRU-45
510156,2026-03-06,2026-03-24,91.53,91.2,92.05,Attn-GRU-45
510156,2026-03-06,2026-03-25,91.36,91.09,91.75,Attn-GRU-45
510156,2026-03-06,2026-03-26,91.46,91.11,91.78,Attn-GRU-45
510156,2026-03-06,2026-03-27,91.3,91.08,91.76,Attn-GRU-45
510156,2026-03-06,2026-03-28,91.25,91.05,91.65,Attn-GRU-45
510156,2026-03-06,2026-03-29,91.18,90.99,91.71,Attn-GRU-45
510156,2026-03-06,2026-03-30,91.19,90.96,91.63,Attn-GRU-45
510156,2026-03-06,2026-03-31,91.18,90.96,91.61,Attn-GRU-45
510156,2026-03-06,2026-04-01,91.16,90.96,91.6,Attn-GRU-45
510156,2026-03-06,2026-04-02,91.08,90.93,91.41,Attn-GRU-45
510156,2026-03-06,2026-04-03,91.15,90.94,91.59,Attn-GRU-45
510156,2026-03-06,2026-04-04,91.14,90.96,91.65,Attn-GRU-45
510156,2026-03-06,2026-04-05,91.09,90.94,91.49,Attn-GRU-45
510157,2026-03-06,2026-03-07,64.9,64.71,65.16,Attn-GRU-45
510157,2026-03-06,2026-03-08,65.11,64.81,65.39,Attn-GRU-45
510157,2026-03-06,2026-03-09,65.21,64.8,65.63,Attn-GRU-45
510157,2026-03-06,2026-03-10,65.48,64.93,65.82,Attn-GRU-45
510157,2026-03-06,2026-03-11,65.71,65.18,66.23,Attn-GRU-45
510157,2026-03-06,2026-03-12,65.84,65.33,66.34,Attn-GRU-45
510157,2026-03-06,2026-03-13,66.16,65.38,66.53,Attn-GRU-45
510157,2026-03-06,2026-03-14,66.17,65.51,66.58,Attn-GRU-45
510157,2026-03-06,2026-03-15,66.42,65.66,66.69,Attn-GRU-45
510157,2026-03-06,2026-03-16,66.59,66.03,66.74,Attn-GRU-45
510157,2026-03-06,2026-03-17,66.64,66.22,66.77,Attn-GRU-45
510157,2026-03-06,2026-03-18,66.66,66.17,66.76,Attn-GRU-45
510157,2026-03-06,2026-03-19,66.67,66.43,66.77,Attn-GRU-45
510157,2026-03-06,2026-03-20,66.74,66.41,66.79,Attn-GRU-45
510157,2026-03-06,2026-03-21,66.75,66.53,66.79,Attn-GRU-45
510157,2026-03-06,2026-03-22,66.76,66.63,66.79,Attn-GRU-45
510157,2026-03-06,2026-03-23,66.77,66.68,66.79,Attn-GRU-45
510157,2026-03-06,2026-03-24,66.79,66.62,66.8,Attn-GRU-45
510157,2026-03-06,2026-03-25,66.79,66.72,66.8,Attn-GRU-45
510157,2026-03-06,2026-03-26,66.79,66.7,66.8,Attn-GRU-45
510157,2026-03-06,2026-03-27,66.79,66.73,66.8,Attn-GRU-45
510157,2026-03-06,2026-03-28,66.8,66.77,66.8,Attn-GRU-45
510157,2026-03-06,2026-03-29,66.8,66.78,66.8,Attn-GRU-45
510157,2026-03-06,2026-03-30,66.8,66.78,66.8,Attn-GRU-45
510157,2026-03-06,2026-03-31,66.8,66.79,66.8,Attn-GRU-45
510157,2026-03-06,2026-04-01,66.8,66.79,66.8,Attn-GRU-45
510157,2026-03-06,2026-04-02,66.8,66.8,66.8,Attn-GRU-45
510157,2026-03-06,2026-04-03,66.8,66.79,66.8,Attn-GRU-45
510157,2026-03-06,2026-04-04,66.8,66.79,66.8,Attn-GRU-45
510157,2026-03-06,2026-04-05,66.8,66.8,66.8,Attn-GRU-45
510158,2026-03-06,2026-03-07,94.73,94.33,95.05,Attn-GRU-45
510158,2026-03-06,2026-03-08,95.09,94.39,95.63,Attn-GRU-45
510158,2026-03-06,2026-03-09,95.29,94.54,95.96,Attn-GRU-45
510158,2026-03-06,2026-03-10,95.47,94.69,96.19,Attn-GRU-45
510158,2026-03-06,2026-03-11,95.94,94.74,96.92,Attn-GRU-45
510158,2026-03-06,2026-03-12,96.2,95.14,97.34,Attn-GRU-45
510158,2026-03-06,2026-03-13,96.86,95.58,97.75,Attn-GRU-45
510158,2026-03-06,2026-03-14,97.13,95.64,97.99,Attn-GRU-45
510158,2026-03-06,2026-03-15,97.29,95.76,98.42,Attn-GRU-45
510158,2026-03-06,2026-03-16,97.91,97.08,98.48,Attn-GRU-45
510158,2026-03-06,2026-03-17,98.18,96.63,98.77,Attn-GRU-45
510158,2026-03-06,2026-03-18,98.25,97.14,98.75,Attn-GRU-45
510158,2026-03-06,2026-03-19,98.44,97.44,98.83,Attn-GRU-45
510158,2026-03-06,2026-03-20,98.69,97.69,98.93,Attn-GRU-45
510158,2026-03-06,2026-03-21,98.65,97.77,98.97,Attn-GRU-45
510158,2026-03-06,2026-03-22,98.78,98.21,98.98,Attn-GRU-45
510158,2026-03-06,2026-03-23,98.77,98.2,98.99,Attn-GRU-45
510158,2026-03-06,2026-03-24,98.91,98.53,99.05,Attn-GRU-45
510158,2026-03-06,2026-03-25,98.98,98.44,99.05,Attn-GRU-45
510158,2026-03-06,2026-03-26,99.01,98.73,99.07,Attn-GRU-45
510158,2026-03-06,2026-03-27,98.99,98.58,99.06,Attn-GRU-45
510158,2026-03-06,2026-03-28,99.04,98.82,99.08,Attn-GRU-45
510158,2026-03-06,2026-03-29,99.05,98.8,99.08,Attn-GRU-45
510158,2026-03-06,2026-03-30,99.05,98.86,99.07,Attn-GRU-45
510158,2026-03-06,2026-03-31,99.06,98.9,99.08,Attn-GRU-45
510158,2026-03-06,2026-04-01,99.07,98.99,99.08,Attn-GRU-45
510158,2026-03-06,2026-04-02,99.07,99.03,99.08,Attn-GRU-45
510158,2026-03-06,2026-04-03,99.05,98.96,99.08,Attn-GRU-45
510158,2026-03-06,2026-04-04,99.07,99.02,99.08,Attn-GRU-45
510158,2026-03-06,2026-04-05,99.07,99.03,99.08,Attn-GRU-45
510159,2026-03-06,2026-03-07,135.83,135.71,135.93,Attn-GRU-45
510159,2026-03-06,2026-03-08,135.75,135.67,135.83,Attn-GRU-45
510159,2026-03-06,2026-03-09,135.76,135.63,135.89,Attn-GRU-45
510159,2026-03-06,2026-03-10,135.86,135.7,136.03,Attn-GRU-45
510159,2026-03-06,2026-03-11,135.73,135.51,135.98,Attn-GRU-45
510159,2026-03-06,2026-03-12,135.82,135.58,136.06,Attn-GRU-45
510159,2026-03-06,2026-03-13,135.94,135.69,136.2,Attn-GRU-45
510159,2026-03-06,2026-03-14,135.98,135.66,136.35,Attn-GRU-45
510159,2026-03-06,2026-03-15,136.06,135.69,136.52,Attn-GRU-45
510159,2026-03-06,2026-03-16,136.1,135.73,136.45,Attn-GRU-45
510159,2026-03-06,2026-03-17,136.02,135.43,136.57,Attn-GRU-45
510159,2026-03-06,2026-03-18,135.96,135.4,136.48,Attn-GRU-45
510159,2026-03-06,2026-03-19,136.44,135.98,136.91,Attn-GRU-45
510159,2026-03-06,2026-03-20,135.96,135.47,136.66,Attn-GRU-45
510159,2026-03-06,2026-03-21,136.38,135.68,136.82,Attn-GRU-45
510159,2026-03-06,2026-03-22,136.66,136.11,137.22,Attn-GRU-45
510159,2026-03-06,2026-03-23,136.73,136.09,137.29,Attn-GRU-45
510159,2026-03-06,2026-03-24,136.98,136.3,137.69,Attn-GRU-45
510159,2026-03-06,2026-03-25,137.08,136.28,137.86,Attn-GRU-45
510159,2026-03-06,2026-03-26,136.64,135.79,137.36,Attn-GRU-45
510159,2026-03-06,2026-03-27,137.25,136.5,137.84,Attn-GRU-45
510159,2026-03-06,2026-03-28,137.13,136.21,137.77,Attn-GRU-45
510159,2026-03-06,2026-03-29,136.95,136.24,137.92,Attn-GRU-45
510159,2026-03-06,2026-03-30,137.4,136.46,138.18,Attn-GRU-45
510159,2026-03-06,2026-03-31,137.61,136.8,138.21,Attn-GRU-45
510159,2026-03-06,2026-04-01,137.61,136.74,138.24,Attn-GRU-45
510159,2026-03-06,2026-04-02,137.68,136.93,138.19,Attn-GRU-45
510159,2026-03-06,2026-04-03,137.85,137.08,138.41,Attn-GRU-45
510159,2026-03-06,2026-04-04,137.76,136.95,138.34,Attn-GRU-45
510159,2026-03-06,2026-04-05,137.59,136.77,138.25,Attn-GRU-45
510161,2026-03-06,2026-03-07,177.99,177.92,178.09,Attn-GRU-45
510161,2026-03-06,2026-03-08,177.87,177.78,177.97,Attn-GRU-45
510161,2026-03-06,2026-03-09,177.8,177.71,177.9,Attn-GRU-45
510161,2026-03-06,2026-03-10,177.72,177.58,177.88,Attn-GRU-45
510161,2026-03-06,2026-03-11,177.61,177.45,177.74,Attn-GRU-45
510161,2026-03-06,2026-03-12,177.51,177.35,177.68,Attn-GRU-45
510161,2026-03-06,2026-03-13,177.35,177.15,177.59,Attn-GRU-45
510161,2026-03-06,2026-03-14,177.05,176.78,177.49,Attn-GRU-45
510161,2026-03-06,2026-03-15,176.75,176.43,177.28,Attn-GRU-45
510161,2026-03-06,2026-03-16,176.67,176.39,177.02,Attn-GRU-45
510161,2026-03-06,2026-03-17,176.46,176.0,176.93,Attn-GRU-45
510161,2026-03-06,2026-03-18,176.07,175.74,176.85,Attn-GRU-45
510161,2026-03-06,2026-03-19,175.87,175.52,176.46,Attn-GRU-45
510161,2026-03-06,2026-03-20,175.66,175.36,176.15,Attn-GRU-45
510161,2026-03-06,2026-03-21,175.47,175.3,175.98,Attn-GRU-45
510161,2026-03-06,2026-03-22,175.37,175.25,175.99,Attn-GRU-45
510161,2026-03-06,2026-03-23,175.35,175.24,175.8,Attn-GRU-45
510161,2026-03-06,2026-03-24,175.33,175.23,175.79,Attn-GRU-45
510161,2026-03-06,2026-03-25,175.28,175.22,175.62,Attn-GRU-45
510161,2026-03-06,2026-03-26,175.27,175.22,175.5,Attn-GRU-45
510161,2026-03-06,2026-03-27,175.26,175.21,175.51,Attn-GRU-45
510161,2026-03-06,2026-03-28,175.25,175.22,175.47,Attn-GRU-45
510161,2026-03-06,2026-03-29,175.24,175.21,175.47,Attn-GRU-45
510161,2026-03-06,2026-03-30,175.23,175.21,175.43,Attn-GRU-45
510161,2026-03-06,2026-03-31,175.23,175.21,175.49,Attn-GRU-45
510161,2026-03-06,2026-04-01,175.24,175.21,175.49,Attn-GRU-45
510161,2026-03-06,2026-04-02,175.22,175.21,175.41,Attn-GRU-45
510161,2026-03-06,2026-04-03,175.23,175.21,175.43,Attn-GRU-45
510161,2026-03-06,2026-04-04,175.22,175.21,175.38,Attn-GRU-45
510161,2026-03-06,2026-04-05,175.22,175.21,175.35,Attn-GRU-45
510162,2026-03-06,2026-03-07,100.99,100.85,101.13,Attn-GRU-45
510162,2026-03-06,2026-03-08,101.0,100.85,101.14,Attn-GRU-45
510162,2026-03-06,2026-03-09,101.01,100.83,101.18,Attn-GRU-45
510162,2026-03-06,2026-03-10,101.1,100.87,101.32,Attn-GRU-45
510162,2026-03-06,2026-03-11,101.01,100.68,101.3,Attn-GRU-45
510162,2026-03-06,2026-03-12,101.12,100.83,101.51,Attn-GRU-45
510162,2026-03-06,2026-03-13,101.35,101.06,101.69,Attn-GRU-45
510162,2026-03-06,2026-03-14,101.52,101.1,101.92,Attn-GRU-45
510162,2026-03-06,2026-03-15,101.56,101.05,102.15,Attn-GRU-45
510162,2026-03-06,2026-03-16,101.71,101.24,102.22,Attn-GRU-45
510162,2026-03-06,2026-03-17,101.73,101.04,102.47,Attn-GRU-45
510162,2026-03-06,2026-03-18,101.76,101.12,102.36,Attn-GRU-45
510162,2026-03-06,2026-03-19,102.12,101.54,102.7,Attn-GRU-45
510162,2026-03-06,2026-03-20,102.13,101.31,102.85,Attn-GRU-45
510162,2026-03-06,2026-03-21,102.06,101.46,102.78,Attn-GRU-45
510162,2026-03-06,2026-03-22,102.33,101.62,103.0,Attn-GRU-45
510162,2026-03-06,2026-03-23,102.62,101.87,103.3,Attn-GRU-45
510162,2026-03-06,2026-03-24,103.1,102.12,103.71,Attn-GRU-45
510162,2026-03-06,2026-03-25,102.93,102.13,103.69,Attn-GRU-45
510162,2026-03-06,2026-03-26,102.88,102.16,103.58,Attn-GRU-45
510162,2026-03-06,2026-03-27,103.21,102.34,103.76,Attn-GRU-45
510162,2026-03-06,2026-03-28,103.09,101.99,103.99,Attn-GRU-45
510162,2026-03-06,2026-03-29,103.29,102.19,104.02,Attn-GRU-45
510162,2026-03-06,2026-03-30,103.59,102.47,104.12,Attn-GRU-45
510162,2026-03-06,2026-03-31,103.8,102.74,104.36,Attn-GRU-45
510162,2026-03-06,2026-04-01,103.7,102.76,104.3,Attn-GRU-45
510162,2026-03-06,2026-04-02,103.75,102.75,104.34,Attn-GRU-45
510162,2026-03-06,2026-04-03,103.58,102.82,104.26,Attn-GRU-45
510162,2026-03-06,2026-04-04,103.92,103.01,104.48,Attn-GRU-45
510162,2026-03-06,2026-04-05,103.71,102.88,104.33,Attn-GRU-45
510163,2026-03-06,2026-03-07,151.4,149.74,152.8,Attn-GRU-45
510163,2026-03-06,2026-03-08,152.37,151.05,153.54,Attn-GRU-45
510163,2026-03-06,2026-03-09,153.26,150.7,155.08,Attn-GRU-45
510163,2026-03-06,2026-03-10,154.29,151.61,156.41,Attn-GRU-45
510163,2026-03-06,2026-03-11,156.26,152.08,158.51,Attn-GRU-45
510163,2026-03-06,2026-03-12,156.93,153.35,158.88,Attn-GRU-45
510163,2026-03-06,2026-03-13,158.2,154.89,159.75,Attn-GRU-45
510163,2026-03-06,2026-03-14,158.34,154.5,160.13,Attn-GRU-45
510163,2026-03-06,2026-03-15,159.3,155.24,160.84,Attn-GRU-45
510163,2026-03-06,2026-03-16,160.15,157.99,161.0,Attn-GRU-45
510163,2026-03-06,2026-03-17,160.59,158.43,161.17,Attn-GRU-45
510163,2026-03-06,2026-03-18,160.54,158.74,161.05,Attn-GRU-45
510163,2026-03-06,2026-03-19,160.62,158.95,161.12,Attn-GRU-45
510163,2026-03-06,2026-03-20,160.98,160.13,161.25,Attn-GRU-45
510163,2026-03-06,2026-03-21,161.07,159.82,161.26,Attn-GRU-45
510163,2026-03-06,2026-03-22,161.12,160.24,161.26,Attn-GRU-45
510163,2026-03-06,2026-03-23,161.12,160.31,161.27,Attn-GRU-45
510163,2026-03-06,2026-03-24,161.24,160.79,161.29,Attn-GRU-45
510163,2026-03-06,2026-03-25,161.26,160.97,161.29,Attn-GRU-45
510163,2026-03-06,2026-03-26,161.27,161.04,161.29,Attn-GRU-45
510163,2026-03-06,2026-03-27,161.26,161.1,161.29,Attn-GRU-45
510163,2026-03-06,2026-03-28,161.29,161.2,161.29,Attn-GRU-45
510163,2026-03-06,2026-03-29,161.29,161.15,161.29,Attn-GRU-45
510163,2026-03-06,2026-03-30,161.29,161.19,161.29,Attn-GRU-45
510163,2026-03-06,2026-03-31,161.29,161.26,161.29,Attn-GRU-45
510163,2026-03-06,2026-04-01,161.29,161.25,161.29,Attn-GRU-45
510163,2026-03-06,2026-04-02,161.29,161.27,161.29,Attn-GRU-45
510163,2026-03-06,2026-04-03,161.29,161.2,161.29,Attn-GRU-45
510163,2026-03-06,2026-04-04,161.29,161.27,161.29,Attn-GRU-45
510163,2026-03-06,2026-04-05,161.29,161.28,161.29,Attn-GRU-45
527797,2026-03-06,2026-03-07,32.5,32.47,32.52,Attn-GRU-45
527797,2026-03-06,2026-03-08,32.51,32.46,32.54,Attn-GRU-45
527797,2026-03-06,2026-03-09,32.51,32.46,32.58,Attn-GRU-45
527797,2026-03-06,2026-03-10,32.56,32.49,32.64,Attn-GRU-45
527797,2026-03-06,2026-03-11,32.54,32.46,32.64,Attn-GRU-45
527797,2026-03-06,2026-03-12,32.61,32.53,32.68,Attn-GRU-45
527797,2026-03-06,2026-03-13,32.64,32.54,32.72,Attn-GRU-45
527797,2026-03-06,2026-03-14,32.69,32.57,32.79,Attn-GRU-45
527797,2026-03-06,2026-03-15,32.72,32.55,32.84,Attn-GRU-45
527797,2026-03-06,2026-03-16,32.76,32.61,32.87,Attn-GRU-45
527797,2026-03-06,2026-03-17,32.79,32.6,32.92,Attn-GRU-45
527797,2026-03-06,2026-03-18,32.81,32.67,32.92,Attn-GRU-45
527797,2026-03-06,2026-03-19,32.84,32.72,32.94,Attn-GRU-45
527797,2026-03-06,2026-03-20,32.89,32.71,33.02,Attn-GRU-45
527797,2026-03-06,2026-03-21,32.91,32.74,33.01,Attn-GRU-45
527797,2026-03-06,2026-03-22,32.93,32.78,33.03,Attn-GRU-45
527797,2026-03-06,2026-03-23,32.94,32.83,33.02,Attn-GRU-45
527797,2026-03-06,2026-03-24,32.99,32.85,33.07,Attn-GRU-45
527797,2026-03-06,2026-03-25,33.03,32.87,33.1,Attn-GRU-45
527797,2026-03-06,2026-03-26,33.06,32.93,33.12,Attn-GRU-45
527797,2026-03-06,2026-03-27,33.05,32.9,33.11,Attn-GRU-45
527797,2026-03-06,2026-03-28,33.09,32.94,33.14,Attn-GRU-45
527797,2026-03-06,2026-03-29,33.08,32.92,33.14,Attn-GRU-45
527797,2026-03-06,2026-03-30,33.09,32.97,33.14,Attn-GRU-45
527797,2026-03-06,2026-03-31,33.11,32.99,33.15,Attn-GRU-45
527797,2026-03-06,2026-04-01,33.12,33.0,33.15,Attn-GRU-45
527797,2026-03-06,2026-04-02,33.12,33.04,33.16,Attn-GRU-45
527797,2026-03-06,2026-04-03,33.11,33.0,33.14,Attn-GRU-45
527797,2026-03-06,2026-04-04,33.13,33.03,33.16,Attn-GRU-45
527797,2026-03-06,2026-04-05,33.13,33.03,33.16,Attn-GRU-45
527798,2026-03-06,2026-03-07,24.63,24.52,24.72,Attn-GRU-45
527798,2026-03-06,2026-03-08,24.71,24.62,24.84,Attn-GRU-45
527798,2026-03-06,2026-03-09,24.76,24.6,24.95,Attn-GRU-45
527798,2026-03-06,2026-03-10,24.87,24.68,25.06,Attn-GRU-45
527798,2026-03-06,2026-03-11,24.94,24.64,25.21,Attn-GRU-45
527798,2026-03-06,2026-03-12,25.08,24.78,25.31,Attn-GRU-45
527798,2026-03-06,2026-03-13,25.18,24.96,25.48,Attn-GRU-45
527798,2026-03-06,2026-03-14,25.24,24.87,25.59,Attn-GRU-45
527798,2026-03-06,2026-03-15,25.42,24.89,25.7,Attn-GRU-45
527798,2026-03-06,2026-03-16,25.52,25.25,25.79,Attn-GRU-45
527798,2026-03-06,2026-03-17,25.68,25.26,25.87,Attn-GRU-45
527798,2026-03-06,2026-03-18,25.68,25.39,25.84,Attn-GRU-45
527798,2026-03-06,2026-03-19,25.72,25.5,25.86,Attn-GRU-45
527798,2026-03-06,2026-03-20,25.78,25.49,25.93,Attn-GRU-45
527798,2026-03-06,2026-03-21,25.79,25.51,25.93,Attn-GRU-45
527798,2026-03-06,2026-03-22,25.87,25.69,25.95,Attn-GRU-45
527798,2026-03-06,2026-03-23,25.88,25.7,25.95,Attn-GRU-45
527798,2026-03-06,2026-03-24,25.92,25.75,25.99,Attn-GRU-45
527798,2026-03-06,2026-03-25,25.95,25.77,25.99,Attn-GRU-45
527798,2026-03-06,2026-03-26,25.96,25.8,25.99,Attn-GRU-45
527798,2026-03-06,2026-03-27,25.96,25.83,25.99,Attn-GRU-45
527798,2026-03-06,2026-03-28,25.98,25.88,26.0,Attn-GRU-45
527798,2026-03-06,2026-03-29,25.99,25.89,26.0,Attn-GRU-45
527798,2026-03-06,2026-03-30,25.99,25.91,26.0,Attn-GRU-45
527798,2026-03-06,2026-03-31,25.99,25.92,26.0,Attn-GRU-45
527798,2026-03-06,2026-04-01,26.0,25.96,26.0,Attn-GRU-45
527798,2026-03-06,2026-04-02,26.0,25.95,26.0,Attn-GRU-45
527798,2026-03-06,2026-04-03,25.99,25.94,26.0,Attn-GRU-45
527798,2026-03-06,2026-04-04,26.0,25.96,26.0,Attn-GRU-45
527798,2026-03-06,2026-04-05,26.0,25.98,26.0,Attn-GRU-45
527799,2026-03-06,2026-03-07,68.61,68.57,68.65,Attn-GRU-45
527799,2026-03-06,2026-03-08,68.55,68.49,68.6,Attn-GRU-45
527799,2026-03-06,2026-03-09,68.51,68.44,68.56,Attn-GRU-45
527799,2026-03-06,2026-03-10,68.49,68.38,68.56,Attn-GRU-45
527799,2026-03-06,2026-03-11,68.38,68.29,68.49,Attn-GRU-45
527799,2026-03-06,2026-03-12,68.33,68.2,68.46,Attn-GRU-45
527799,2026-03-06,2026-03-13,68.2,68.07,68.35,Attn-GRU-45
527799,2026-03-06,2026-03-14,68.01,67.87,68.21,Attn-GRU-45
527799,2026-03-06,2026-03-15,67.9,67.74,68.12,Attn-GRU-45
527799,2026-03-06,2026-03-16,67.82,67.67,67.96,Attn-GRU-45
527799,2026-03-06,2026-03-17,67.71,67.53,67.9,Attn-GRU-45
527799,2026-03-06,2026-03-18,67.58,67.47,67.77,Attn-GRU-45
527799,2026-03-06,2026-03-19,67.46,67.42,67.59,Attn-GRU-45
527799,2026-03-06,2026-03-20,67.45,67.41,67.55,Attn-GRU-45
527799,2026-03-06,2026-03-21,67.42,67.41,67.49,Attn-GRU-45
527799,2026-03-06,2026-03-22,67.41,67.4,67.46,Attn-GRU-45
527799,2026-03-06,2026-03-23,67.41,67.4,67.45,Attn-GRU-45
527799,2026-03-06,2026-03-24,67.41,67.4,67.45,Attn-GRU-45
527799,2026-03-06,2026-03-25,67.41,67.4,67.42,Attn-GRU-45
527799,2026-03-06,2026-03-26,67.41,67.4,67.42,Attn-GRU-45
527799,2026-03-06,2026-03-27,67.41,67.4,67.41,Attn-GRU-45
527799,2026-03-06,2026-03-28,67.4,67.4,67.41,Attn-GRU-45
527799,2026-03-06,2026-03-29,67.4,67.4,67.41,Attn-GRU-45
527799,2026-03-06,2026-03-30,67.4,67.4,67.41,Attn-GRU-45
527799,2026-03-06,2026-03-31,67.4,67.4,67.41,Attn-GRU-45
527799,2026-03-06,2026-04-01,67.4,67.4,67.41,Attn-GRU-45
527799,2026-03-06,2026-04-02,67.4,67.4,67.41,Attn-GRU-45
527799,2026-03-06,2026-04-03,67.4,67.4,67.41,Attn-GRU-45
527799,2026-03-06,2026-04-04,67.4,67.4,67.41,Attn-GRU-45
527799,2026-03-06,2026-04-05,67.4,67.4,67.41,Attn-GRU-45
527800,2026-03-06,2026-03-07,34.49,34.41,34.57,Attn-GRU-45
527800,2026-03-06,2026-03-08,34.55,34.47,34.66,Attn-GRU-45
527800,2026-03-06,2026-03-09,34.58,34.44,34.73,Attn-GRU-45
527800,2026-03-06,2026-03-10,34.66,34.51,34.82,Attn-GRU-45
527800,2026-03-06,2026-03-11,34.71,34.38,34.95,Attn-GRU-45
527800,2026-03-06,2026-03-12,34.78,34.54,35.02,Attn-GRU-45
527800,2026-03-06,2026-03-13,34.95,34.69,35.2,Attn-GRU-45
527800,2026-03-06,2026-03-14,35.06,34.73,35.32,Attn-GRU-45
527800,2026-03-06,2026-03-15,35.02,34.57,35.36,Attn-GRU-45
527800,2026-03-06,2026-03-16,35.2,34.9,35.45,Attn-GRU-45
527800,2026-03-06,2026-03-17,35.3,34.92,35.57,Attn-GRU-45
527800,2026-03-06,2026-03-18,35.36,35.03,35.58,Attn-GRU-45
527800,2026-03-06,2026-03-19,35.44,35.13,35.62,Attn-GRU-45
527800,2026-03-06,2026-03-20,35.47,35.02,35.72,Attn-GRU-45
527800,2026-03-06,2026-03-21,35.48,35.22,35.7,Attn-GRU-45
527800,2026-03-06,2026-03-22,35.56,35.3,35.71,Attn-GRU-45
527800,2026-03-06,2026-03-23,35.64,35.39,35.77,Attn-GRU-45
527800,2026-03-06,2026-03-24,35.67,35.38,35.81,Attn-GRU-45
527800,2026-03-06,2026-03-25,35.71,35.4,35.83,Attn-GRU-45
527800,2026-03-06,2026-03-26,35.78,35.56,35.85,Attn-GRU-45
527800,2026-03-06,2026-03-27,35.77,35.57,35.85,Attn-GRU-45
527800,2026-03-06,2026-03-28,35.81,35.59,35.87,Attn-GRU-45
527800,2026-03-06,2026-03-29,35.82,35.63,35.88,Attn-GRU-45
527800,2026-03-06,2026-03-30,35.83,35.62,35.88,Attn-GRU-45
527800,2026-03-06,2026-03-31,35.84,35.7,35.88,Attn-GRU-45
527800,2026-03-06,2026-04-01,35.86,35.75,35.89,Attn-GRU-45
527800,2026-03-06,2026-04-02,35.87,35.74,35.89,Attn-GRU-45
527800,2026-03-06,2026-04-03,35.85,35.65,35.88,Attn-GRU-45
527800,2026-03-06,2026-04-04,35.86,35.76,35.89,Attn-GRU-45
527800,2026-03-06,2026-04-05,35.87,35.77,35.89,Attn-GRU-45
527802,2026-03-06,2026-03-07,148.57,147.6,149.36,Attn-GRU-45
527802,2026-03-06,2026-03-08,149.26,148.0,150.5,Attn-GRU-45
527802,2026-03-06,2026-03-09,149.77,148.13,151.06,Attn-GRU-45
527802,2026-03-06,2026-03-10,150.48,148.78,152.1,Attn-GRU-45
527802,2026-03-06,2026-03-11,151.31,148.99,153.48,Attn-GRU-45
527802,2026-03-06,2026-03-12,152.11,149.69,154.22,Attn-GRU-45
527802,2026-03-06,2026-03-13,153.45,150.74,155.2,Attn-GRU-45
527802,2026-03-06,2026-03-14,154.24,150.95,155.64,Attn-GRU-45
527802,2026-03-06,2026-03-15,154.42,150.44,156.36,Attn-GRU-45
527802,2026-03-06,2026-03-16,155.72,153.33,157.41,Attn-GRU-45
527802,2026-03-06,2026-03-17,156.53,153.42,157.94,Attn-GRU-45
527802,2026-03-06,2026-03-18,156.57,154.35,158.02,Attn-GRU-45
527802,2026-03-06,2026-03-19,157.09,154.21,158.19,Attn-GRU-45
527802,2026-03-06,2026-03-20,157.79,155.35,158.53,Attn-GRU-45
527802,2026-03-06,2026-03-21,157.67,156.31,158.57,Attn-GRU-45
527802,2026-03-06,2026-03-22,157.78,156.29,158.62,Attn-GRU-45
527802,2026-03-06,2026-03-23,158.07,156.7,158.68,Attn-GRU-45
527802,2026-03-06,2026-03-24,158.4,156.53,158.84,Attn-GRU-45
527802,2026-03-06,2026-03-25,158.53,157.43,158.89,Attn-GRU-45
527802,2026-03-06,2026-03-26,158.77,157.76,158.94,Attn-GRU-45
527802,2026-03-06,2026-03-27,158.6,157.83,158.92,Attn-GRU-45
527802,2026-03-06,2026-03-28,158.85,158.23,158.96,Attn-GRU-45
527802,2026-03-06,2026-03-29,158.88,158.27,158.97,Attn-GRU-45
527802,2026-03-06,2026-03-30,158.87,158.41,158.97,Attn-GRU-45
527802,2026-03-06,2026-03-31,158.91,158.37,158.97,Attn-GRU-45
527802,2026-03-06,2026-04-01,158.93,158.66,158.98,Attn-GRU-45
527802,2026-03-06,2026-04-02,158.95,158.76,158.98,Attn-GRU-45
527802,2026-03-06,2026-04-03,158.89,158.54,158.97,Attn-GRU-45
527802,2026-03-06,2026-04-04,158.94,158.75,158.98,Attn-GRU-45
527802,2026-03-06,2026-04-05,158.95,158.77,158.98,Attn-GRU-45
528107,2026-03-06,2026-03-07,26.51,26.44,26.57,Attn-GRU-45
528107,2026-03-06,2026-03-08,26.53,26.46,26.62,Attn-GRU-45
528107,2026-03-06,2026-03-09,26.56,26.47,26.69,Attn-GRU-45
528107,2026-03-06,2026-03-10,26.62,26.5,26.75,Attn-GRU-45
528107,2026-03-06,2026-03-11,26.62,26.42,26.78,Attn-GRU-45
528107,2026-03-06,2026-03-12,26.7,26.49,26.85,Attn-GRU-45
528107,2026-03-06,2026-03-13,26.83,26.6,27.01,Attn-GRU-45
528107,2026-03-06,2026-03-14,26.91,26.66,27.12,Attn-GRU-45
528107,2026-03-06,2026-03-15,26.85,26.52,27.18,Attn-GRU-45
528107,2026-03-06,2026-03-16,27.08,26.78,27.28,Attn-GRU-45
528107,2026-03-06,2026-03-17,27.07,26.72,27.37,Attn-GRU-45
528107,2026-03-06,2026-03-18,27.15,26.85,27.36,Attn-GRU-45
528107,2026-03-06,2026-03-19,27.25,26.95,27.47,Attn-GRU-45
528107,2026-03-06,2026-03-20,27.27,26.9,27.52,Attn-GRU-45
528107,2026-03-06,2026-03-21,27.29,26.95,27.56,Attn-GRU-45
528107,2026-03-06,2026-03-22,27.35,27.08,27.58,Attn-GRU-45
528107,2026-03-06,2026-03-23,27.46,27.2,27.67,Attn-GRU-45
528107,2026-03-06,2026-03-24,27.63,27.27,27.75,Attn-GRU-45
528107,2026-03-06,2026-03-25,27.64,27.33,27.79,Attn-GRU-45
528107,2026-03-06,2026-03-26,27.67,27.39,27.86,Attn-GRU-45
528107,2026-03-06,2026-03-27,27.71,27.43,27.84,Attn-GRU-45
528107,2026-03-06,2026-03-28,27.77,27.4,27.89,Attn-GRU-45
528107,2026-03-06,2026-03-29,27.77,27.46,27.92,Attn-GRU-45
528107,2026-03-06,2026-03-30,27.77,27.5,27.91,Attn-GRU-45
528107,2026-03-06,2026-03-31,27.83,27.58,27.94,Attn-GRU-45
528107,2026-03-06,2026-04-01,27.88,27.64,27.96,Attn-GRU-45
528107,2026-03-06,2026-04-02,27.88,27.66,27.96,Attn-GRU-45
528107,2026-03-06,2026-04-03,27.83,27.52,27.95,Attn-GRU-45
528107,2026-03-06,2026-04-04,27.88,27.72,27.97,Attn-GRU-45
528107,2026-03-06,2026-04-05,27.89,27.72,27.96,Attn-GRU-45
528108,2026-03-06,2026-03-07,24.98,24.96,24.99,Attn-GRU-45
528108,2026-03-06,2026-03-08,24.94,24.93,24.96,Attn-GRU-45
528108,2026-03-06,2026-03-09,24.92,24.9,24.93,Attn-GRU-45
528108,2026-03-06,2026-03-10,24.93,24.91,24.96,Attn-GRU-45
528108,2026-03-06,2026-03-11,24.87,24.83,24.9,Attn-GRU-45
528108,2026-03-06,2026-03-12,24.86,24.84,24.88,Attn-GRU-45
528108,2026-03-06,2026-03-13,24.84,24.81,24.88,Attn-GRU-45
528108,2026-03-06,2026-03-14,24.93,24.88,24.99,Attn-GRU-45
528108,2026-03-06,2026-03-15,24.88,24.8,24.92,Attn-GRU-45
528108,2026-03-06,2026-03-16,24.79,24.74,24.85,Attn-GRU-45
528108,2026-03-06,2026-03-17,24.82,24.76,24.89,Attn-GRU-45
528108,2026-03-06,2026-03-18,24.86,24.77,24.95,Attn-GRU-45
528108,2026-03-06,2026-03-19,24.89,24.76,24.99,Attn-GRU-45
528108,2026-03-06,2026-03-20,24.89,24.74,24.99,Attn-GRU-45
528108,2026-03-06,2026-03-21,24.8,24.67,24.92,Attn-GRU-45
528108,2026-03-06,2026-03-22,24.78,24.57,24.93,Attn-GRU-45
528108,2026-03-06,2026-03-23,24.86,24.68,25.01,Attn-GRU-45
528108,2026-03-06,2026-03-24,24.8,24.61,24.97,Attn-GRU-45
528108,2026-03-06,2026-03-25,24.81,24.64,24.97,Attn-GRU-45
528108,2026-03-06,2026-03-26,24.82,24.62,24.99,Attn-GRU-45
528108,2026-03-06,2026-03-27,24.81,24.6,25.0,Attn-GRU-45
528108,2026-03-06,2026-03-28,24.7,24.5,24.88,Attn-GRU-45
528108,2026-03-06,2026-03-29,24.72,24.54,24.91,Attn-GRU-45
528108,2026-03-06,2026-03-30,24.84,24.6,25.0,Attn-GRU-45
528108,2026-03-06,2026-03-31,24.72,24.5,24.93,Attn-GRU-45
528108,2026-03-06,2026-04-01,24.72,24.49,24.9,Attn-GRU-45
528108,2026-03-06,2026-04-02,24.61,24.36,24.86,Attn-GRU-45
528108,2026-03-06,2026-04-03,24.8,24.55,25.03,Attn-GRU-45
528108,2026-03-06,2026-04-04,24.79,24.51,25.01,Attn-GRU-45
528108,2026-03-06,2026-04-05,24.61,24.37,24.83,Attn-GRU-45
528109,2026-03-06,2026-03-07,26.21,25.87,26.62,Attn-GRU-45
528109,2026-03-06,2026-03-08,26.57,26.12,27.05,Attn-GRU-45
528109,2026-03-06,2026-03-09,26.73,26.01,27.18,Attn-GRU-45
528109,2026-03-06,2026-03-10,27.05,26.19,27.7,Attn-GRU-45
528109,2026-03-06,2026-03-11,27.44,26.17,28.22,Attn-GRU-45
528109,2026-03-06,2026-03-12,27.76,26.95,28.38,Attn-GRU-45
528109,2026-03-06,2026-03-13,28.11,27.26,28.56,Attn-GRU-45
528109,2026-03-06,2026-03-14,28.21,27.33,28.72,Attn-GRU-45
528109,2026-03-06,2026-03-15,28.37,27.07,28.93,Attn-GRU-45
528109,2026-03-06,2026-03-16,28.77,28.07,29.05,Attn-GRU-45
528109,2026-03-06,2026-03-17,28.88,27.98,29.11,Attn-GRU-45
528109,2026-03-06,2026-03-18,28.9,28.33,29.08,Attn-GRU-45
528109,2026-03-06,2026-03-19,28.97,28.58,29.1,Attn-GRU-45
528109,2026-03-06,2026-03-20,29.06,28.63,29.14,Attn-GRU-45
528109,2026-03-06,2026-03-21,29.06,28.76,29.14,Attn-GRU-45
528109,2026-03-06,2026-03-22,29.09,28.89,29.14,Attn-GRU-45
528109,2026-03-06,2026-03-23,29.1,28.91,29.15,Attn-GRU-45
528109,2026-03-06,2026-03-24,29.13,28.9,29.16,Attn-GRU-45
528109,2026-03-06,2026-03-25,29.14,28.98,29.16,Attn-GRU-45
528109,2026-03-06,2026-03-26,29.15,29.07,29.16,Attn-GRU-45
528109,2026-03-06,2026-03-27,29.15,29.05,29.16,Attn-GRU-45
528109,2026-03-06,2026-03-28,29.16,29.11,29.16,Attn-GRU-45
528109,2026-03-06,2026-03-29,29.16,29.13,29.16,Attn-GRU-45
528109,2026-03-06,2026-03-30,29.16,29.09,29.16,Attn-GRU-45
528109,2026-03-06,2026-03-31,29.16,29.12,29.16,Attn-GRU-45
528109,2026-03-06,2026-04-01,29.16,29.15,29.16,Attn-GRU-45
528109,2026-03-06,2026-04-02,29.16,29.16,29.16,Attn-GRU-45
528109,2026-03-06,2026-04-03,29.16,29.15,29.16,Attn-GRU-45
528109,2026-03-06,2026-04-04,29.16,29.15,29.16,Attn-GRU-45
528109,2026-03-06,2026-04-05,29.16,29.16,29.16,Attn-GRU-45
528110,2026-03-06,2026-03-07,45.2,45.2,45.21,Attn-GRU-45
528110,2026-03-06,2026-03-08,45.19,45.18,45.2,Attn-GRU-45
528110,2026-03-06,2026-03-09,45.19,45.18,45.21,Attn-GRU-45
528110,2026-03-06,2026-03-10,45.2,45.18,45.21,Attn-GRU-45
528110,2026-03-06,2026-03-11,45.18,45.16,45.21,Attn-GRU-45
528110,2026-03-06,2026-03-12,45.19,45.17,45.22,Attn-GRU-45
528110,2026-03-06,2026-03-13,45.2,45.17,45.23,Attn-GRU-45
528110,2026-03-06,2026-03-14,45.21,45.18,45.24,Attn-GRU-45
528110,2026-03-06,2026-03-15,45.2,45.16,45.25,Attn-GRU-45
528110,2026-03-06,2026-03-16,45.21,45.17,45.25,Attn-GRU-45
528110,2026-03-06,2026-03-17,45.2,45.16,45.26,Attn-GRU-45
528110,2026-03-06,2026-03-18,45.21,45.15,45.26,Attn-GRU-45
528110,2026-03-06,2026-03-19,45.24,45.19,45.29,Attn-GRU-45
528110,2026-03-06,2026-03-20,45.24,45.17,45.31,Attn-GRU-45
528110,2026-03-06,2026-03-21,45.23,45.17,45.31,Attn-GRU-45
528110,2026-03-06,2026-03-22,45.23,45.17,45.31,Attn-GRU-45
528110,2026-03-06,2026-03-23,45.26,45.19,45.33,Attn-GRU-45
528110,2026-03-06,2026-03-24,45.28,45.2,45.37,Attn-GRU-45
528110,2026-03-06,2026-03-25,45.28,45.2,45.38,Attn-GRU-45
528110,2026-03-06,2026-03-26,45.28,45.2,45.38,Attn-GRU-45
528110,2026-03-06,2026-03-27,45.29,45.22,45.37,Attn-GRU-45
528110,2026-03-06,2026-03-28,45.29,45.19,45.4,Attn-GRU-45
528110,2026-03-06,2026-03-29,45.28,45.18,45.38,Attn-GRU-45
528110,2026-03-06,2026-03-30,45.32,45.21,45.42,Attn-GRU-45
528110,2026-03-06,2026-03-31,45.32,45.23,45.43,Attn-GRU-45
528110,2026-03-06,2026-04-01,45.31,45.2,45.43,Attn-GRU-45
528110,2026-03-06,2026-04-02,45.32,45.2,45.44,Attn-GRU-45
528110,2026-03-06,2026-04-03,45.33,45.23,45.43,Attn-GRU-45
528110,2026-03-06,2026-04-04,45.34,45.23,45.44,Attn-GRU-45
528110,2026-03-06,2026-04-05,45.31,45.21,45.44,Attn-GRU-45
528111,2026-03-06,2026-03-07,92.58,92.51,92.67,Attn-GRU-45
528111,2026-03-06,2026-03-08,92.34,92.29,92.41,Attn-GRU-45
528111,2026-03-06,2026-03-09,92.2,92.13,92.26,Attn-GRU-45
528111,2026-03-06,2026-03-10,92.29,92.14,92.42,Attn-GRU-45
528111,2026-03-06,2026-03-11,91.95,91.84,92.07,Attn-GRU-45
528111,2026-03-06,2026-03-12,91.91,91.77,92.04,Attn-GRU-45
528111,2026-03-06,2026-03-13,91.81,91.66,91.95,Attn-GRU-45
528111,2026-03-06,2026-03-14,92.03,91.79,92.27,Attn-GRU-45
528111,2026-03-06,2026-03-15,91.67,91.35,92.07,Attn-GRU-45
528111,2026-03-06,2026-03-16,91.37,91.06,91.59,Attn-GRU-45
528111,2026-03-06,2026-03-17,91.49,91.04,91.91,Attn-GRU-45
528111,2026-03-06,2026-03-18,91.26,90.81,91.84,Attn-GRU-45
528111,2026-03-06,2026-03-19,91.37,90.99,92.1,Attn-GRU-45
528111,2026-03-06,2026-03-20,91.1,90.21,91.86,Attn-GRU-45
528111,2026-03-06,2026-03-21,91.01,90.42,91.61,Attn-GRU-45
528111,2026-03-06,2026-03-22,91.39,90.56,92.18,Attn-GRU-45
528111,2026-03-06,2026-03-23,91.03,90.46,91.98,Attn-GRU-45
528111,2026-03-06,2026-03-24,91.02,90.31,91.88,Attn-GRU-45
528111,2026-03-06,2026-03-25,90.98,90.33,91.91,Attn-GRU-45
528111,2026-03-06,2026-03-26,90.46,89.66,91.64,Attn-GRU-45
528111,2026-03-06,2026-03-27,90.51,89.75,91.72,Attn-GRU-45
528111,2026-03-06,2026-03-28,90.41,89.66,91.1,Attn-GRU-45
528111,2026-03-06,2026-03-29,90.25,89.51,91.12,Attn-GRU-45
528111,2026-03-06,2026-03-30,90.65,89.74,91.59,Attn-GRU-45
528111,2026-03-06,2026-03-31,90.48,89.66,91.79,Attn-GRU-45
528111,2026-03-06,2026-04-01,90.33,89.46,91.3,Attn-GRU-45
528111,2026-03-06,2026-04-02,90.19,89.11,91.22,Attn-GRU-45
528111,2026-03-06,2026-04-03,91.03,90.14,92.19,Attn-GRU-45
528111,2026-03-06,2026-04-04,90.46,89.4,91.54,Attn-GRU-45
528111,2026-03-06,2026-04-05,90.01,88.94,91.01,Attn-GRU-45
528112,2026-03-06,2026-03-07,34.68,34.57,34.78,Attn-GRU-45
528112,2026-03-06,2026-03-08,34.73,34.59,34.86,Attn-GRU-45
528112,2026-03-06,2026-03-09,34.79,34.55,35.01,Attn-GRU-45
528112,2026-03-06,2026-03-10,34.88,34.64,35.09,Attn-GRU-45
528112,2026-03-06,2026-03-11,35.02,34.64,35.31,Attn-GRU-45
528112,2026-03-06,2026-03-12,35.13,34.82,35.37,Attn-GRU-45
528112,2026-03-06,2026-03-13,35.24,34.92,35.44,Attn-GRU-45
528112,2026-03-06,2026-03-14,35.3,34.97,35.54,Attn-GRU-45
528112,2026-03-06,2026-03-15,35.38,34.9,35.57,Attn-GRU-45
528112,2026-03-06,2026-03-16,35.48,35.21,35.62,Attn-GRU-45
528112,2026-03-06,2026-03-17,35.55,35.22,35.66,Attn-GRU-45
528112,2026-03-06,2026-03-18,35.55,35.25,35.65,Attn-GRU-45
528112,2026-03-06,2026-03-19,35.59,35.31,35.67,Attn-GRU-45
528112,2026-03-06,2026-03-20,35.61,35.38,35.68,Attn-GRU-45
528112,2026-03-06,2026-03-21,35.65,35.46,35.69,Attn-GRU-45
528112,2026-03-06,2026-03-22,35.66,35.52,35.69,Attn-GRU-45
528112,2026-03-06,2026-03-23,35.66,35.54,35.69,Attn-GRU-45
528112,2026-03-06,2026-03-24,35.68,35.56,35.7,Attn-GRU-45
528112,2026-03-06,2026-03-25,35.68,35.6,35.7,Attn-GRU-45
528112,2026-03-06,2026-03-26,35.69,35.63,35.7,Attn-GRU-45
528112,2026-03-06,2026-03-27,35.69,35.64,35.7,Attn-GRU-45
528112,2026-03-06,2026-03-28,35.7,35.66,35.7,Attn-GRU-45
528112,2026-03-06,2026-03-29,35.7,35.66,35.7,Attn-GRU-45
528112,2026-03-06,2026-03-30,35.7,35.67,35.7,Attn-GRU-45
528112,2026-03-06,2026-03-31,35.7,35.68,35.7,Attn-GRU-45
528112,2026-03-06,2026-04-01,35.7,35.69,35.7,Attn-GRU-45
528112,2026-03-06,2026-04-02,35.7,35.7,35.7,Attn-GRU-45
528112,2026-03-06,2026-04-03,35.7,35.69,35.7,Attn-GRU-45
528112,2026-03-06,2026-04-04,35.7,35.69,35.7,Attn-GRU-45
528112,2026-03-06,2026-04-05,35.7,35.7,35.7,Attn-GRU-45
528113,2026-03-06,2026-03-07,32.49,32.46,32.51,Attn-GRU-45
528113,2026-03-06,2026-03-08,32.44,32.42,32.46,Attn-GRU-45
528113,2026-03-06,2026-03-09,32.41,32.39,32.43,Attn-GRU-45
528113,2026-03-06,2026-03-10,32.44,32.4,32.47,Attn-GRU-45
528113,2026-03-06,2026-03-11,32.37,32.33,32.41,Attn-GRU-45
528113,2026-03-06,2026-03-12,32.36,32.31,32.4,Attn-GRU-45
528113,2026-03-06,2026-03-13,32.37,32.31,32.42,Attn-GRU-45
528113,2026-03-06,2026-03-14,32.47,32.41,32.54,Attn-GRU-45
528113,2026-03-06,2026-03-15,32.35,32.27,32.45,Attn-GRU-45
528113,2026-03-06,2026-03-16,32.33,32.24,32.43,Attn-GRU-45
528113,2026-03-06,2026-03-17,32.3,32.21,32.41,Attn-GRU-45
528113,2026-03-06,2026-03-18,32.36,32.22,32.48,Attn-GRU-45
528113,2026-03-06,2026-03-19,32.41,32.27,32.55,Attn-GRU-45
528113,2026-03-06,2026-03-20,32.35,32.2,32.54,Attn-GRU-45
528113,2026-03-06,2026-03-21,32.32,32.19,32.49,Attn-GRU-45
528113,2026-03-06,2026-03-22,32.36,32.19,32.53,Attn-GRU-45
528113,2026-03-06,2026-03-23,32.41,32.23,32.6,Attn-GRU-45
528113,2026-03-06,2026-03-24,32.42,32.23,32.62,Attn-GRU-45
528113,2026-03-06,2026-03-25,32.38,32.19,32.58,Attn-GRU-45
528113,2026-03-06,2026-03-26,32.36,32.15,32.57,Attn-GRU-45
528113,2026-03-06,2026-03-27,32.44,32.24,32.73,Attn-GRU-45
528113,2026-03-06,2026-03-28,32.23,32.05,32.55,Attn-GRU-45
528113,2026-03-06,2026-03-29,32.32,32.12,32.51,Attn-GRU-45
528113,2026-03-06,2026-03-30,32.45,32.19,32.64,Attn-GRU-45
528113,2026-03-06,2026-03-31,32.4,32.18,32.65,Attn-GRU-45
528113,2026-03-06,2026-04-01,32.32,32.14,32.64,Attn-GRU-45
528113,2026-03-06,2026-04-02,32.3,32.02,32.53,Attn-GRU-45
528113,2026-03-06,2026-04-03,32.52,32.35,32.77,Attn-GRU-45
528113,2026-03-06,2026-04-04,32.51,32.25,32.74,Attn-GRU-45
528113,2026-03-06,2026-04-05,32.35,32.12,32.58,Attn-GRU-45
539156,2026-03-06,2026-03-07,50.64,50.6,50.66,Attn-GRU-45
539156,2026-03-06,2026-03-08,50.53,50.48,50.56,Attn-GRU-45
539156,2026-03-06,2026-03-09,50.47,50.43,50.51,Attn-GRU-45
539156,2026-03-06,2026-03-10,50.49,50.4,50.56,Attn-GRU-45
539156,2026-03-06,2026-03-11,50.36,50.27,50.41,Attn-GRU-45
539156,2026-03-06,2026-03-12,50.37,50.28,50.43,Attn-GRU-45
539156,2026-03-06,2026-03-13,50.22,50.1,50.3,Attn-GRU-45
539156,2026-03-06,2026-03-14,50.3,50.12,50.42,Attn-GRU-45
539156,2026-03-06,2026-03-15,50.09,49.85,50.23,Attn-GRU-45
539156,2026-03-06,2026-03-16,49.96,49.81,50.08,Attn-GRU-45
539156,2026-03-06,2026-03-17,49.87,49.57,50.1,Attn-GRU-45
539156,2026-03-06,2026-03-18,49.79,49.49,50.08,Attn-GRU-45
539156,2026-03-06,2026-03-19,49.6,49.35,50.04,Attn-GRU-45
539156,2026-03-06,2026-03-20,49.4,49.03,49.91,Attn-GRU-45
539156,2026-03-06,2026-03-21,49.37,49.09,49.73,Attn-GRU-45
539156,2026-03-06,2026-03-22,49.08,48.77,49.6,Attn-GRU-45
539156,2026-03-06,2026-03-23,49.08,48.78,49.6,Attn-GRU-45
539156,2026-03-06,2026-03-24,49.01,48.73,49.42,Attn-GRU-45
539156,2026-03-06,2026-03-25,48.98,48.68,49.42,Attn-GRU-45
539156,2026-03-06,2026-03-26,48.9,48.65,49.35,Attn-GRU-45
539156,2026-03-06,2026-03-27,48.84,48.6,49.3,Attn-GRU-45
539156,2026-03-06,2026-03-28,48.84,48.63,49.19,Attn-GRU-45
539156,2026-03-06,2026-03-29,48.78,48.56,49.13,Attn-GRU-45
539156,2026-03-06,2026-03-30,48.77,48.58,49.27,Attn-GRU-45
539156,2026-03-06,2026-03-31,48.8,48.59,49.28,Attn-GRU-45
539156,2026-03-06,2026-04-01,48.78,48.59,49.19,Attn-GRU-45
539156,2026-03-06,2026-04-02,48.64,48.53,48.97,Attn-GRU-45
539156,2026-03-06,2026-04-03,48.75,48.56,49.24,Attn-GRU-45
539156,2026-03-06,2026-04-04,48.71,48.56,49.03,Attn-GRU-45
539156,2026-03-06,2026-04-05,48.66,48.53,48.96,Attn-GRU-45
539157,2026-03-06,2026-03-07,20.36,20.35,20.37,Attn-GRU-45
539157,2026-03-06,2026-03-08,20.35,20.33,20.37,Attn-GRU-45
539157,2026-03-06,2026-03-09,20.35,20.33,20.37,Attn-GRU-45
539157,2026-03-06,2026-03-10,20.36,20.35,20.4,Attn-GRU-45
539157,2026-03-06,2026-03-11,20.36,20.31,20.4,Attn-GRU-45
539157,2026-03-06,2026-03-12,20.38,20.35,20.42,Attn-GRU-45
539157,2026-03-06,2026-03-13,20.39,20.34,20.44,Attn-GRU-45
539157,2026-03-06,2026-03-14,20.43,20.38,20.48,Attn-GRU-45
539157,2026-03-06,2026-03-15,20.43,20.36,20.51,Attn-GRU-45
539157,2026-03-06,2026-03-16,20.42,20.35,20.48,Attn-GRU-45
539157,2026-03-06,2026-03-17,20.44,20.36,20.55,Attn-GRU-45
539157,2026-03-06,2026-03-18,20.5,20.42,20.57,Attn-GRU-45
539157,2026-03-06,2026-03-19,20.52,20.43,20.6,Attn-GRU-45
539157,2026-03-06,2026-03-20,20.52,20.43,20.63,Attn-GRU-45
539157,2026-03-06,2026-03-21,20.53,20.42,20.61,Attn-GRU-45
539157,2026-03-06,2026-03-22,20.55,20.47,20.64,Attn-GRU-45
539157,2026-03-06,2026-03-23,20.57,20.47,20.66,Attn-GRU-45
539157,2026-03-06,2026-03-24,20.61,20.48,20.71,Attn-GRU-45
539157,2026-03-06,2026-03-25,20.6,20.48,20.71,Attn-GRU-45
539157,2026-03-06,2026-03-26,20.62,20.49,20.73,Attn-GRU-45
539157,2026-03-06,2026-03-27,20.63,20.51,20.74,Attn-GRU-45
539157,2026-03-06,2026-03-28,20.66,20.48,20.76,Attn-GRU-45
539157,2026-03-06,2026-03-29,20.64,20.49,20.76,Attn-GRU-45
539157,2026-03-06,2026-03-30,20.68,20.56,20.8,Attn-GRU-45
539157,2026-03-06,2026-03-31,20.69,20.57,20.8,Attn-GRU-45
539157,2026-03-06,2026-04-01,20.7,20.56,20.81,Attn-GRU-45
539157,2026-03-06,2026-04-02,20.67,20.53,20.8,Attn-GRU-45
539157,2026-03-06,2026-04-03,20.69,20.56,20.79,Attn-GRU-45
539157,2026-03-06,2026-04-04,20.73,20.6,20.82,Attn-GRU-45
539157,2026-03-06,2026-04-05,20.7,20.54,20.8,Attn-GRU-45
539158,2026-03-06,2026-03-07,46.18,46.07,46.32,Attn-GRU-45
539158,2026-03-06,2026-03-08,46.07,45.95,46.17,Attn-GRU-45
539158,2026-03-06,2026-03-09,46.1,45.96,46.3,Attn-GRU-45
539158,2026-03-06,2026-03-10,46.27,46.04,46.46,Attn-GRU-45
539158,2026-03-06,2026-03-11,46.11,45.84,46.46,Attn-GRU-45
539158,2026-03-06,2026-03-12,46.36,45.97,46.62,Attn-GRU-45
539158,2026-03-06,2026-03-13,46.42,46.01,46.78,Attn-GRU-45
539158,2026-03-06,2026-03-14,46.74,46.27,47.18,Attn-GRU-45
539158,2026-03-06,2026-03-15,46.7,46.12,47.35,Attn-GRU-45
539158,2026-03-06,2026-03-16,46.78,46.3,47.46,Attn-GRU-45
539158,2026-03-06,2026-03-17,46.97,46.39,47.72,Attn-GRU-45
539158,2026-03-06,2026-03-18,47.0,46.42,47.55,Attn-GRU-45
539158,2026-03-06,2026-03-19,47.21,46.76,47.92,Attn-GRU-45
539158,2026-03-06,2026-03-20,47.37,46.61,48.24,Attn-GRU-45
539158,2026-03-06,2026-03-21,47.33,46.64,47.99,Attn-GRU-45
539158,2026-03-06,2026-03-22,47.83,47.19,48.44,Attn-GRU-45
539158,2026-03-06,2026-03-23,47.71,47.03,48.47,Attn-GRU-45
539158,2026-03-06,2026-03-24,48.31,47.42,49.24,Attn-GRU-45
539158,2026-03-06,2026-03-25,48.35,47.55,49.19,Attn-GRU-45
539158,2026-03-06,2026-03-26,48.21,47.42,49.03,Attn-GRU-45
539158,2026-03-06,2026-03-27,48.51,47.63,49.28,Attn-GRU-45
539158,2026-03-06,2026-03-28,48.5,47.53,49.51,Attn-GRU-45
539158,2026-03-06,2026-03-29,48.69,47.61,49.42,Attn-GRU-45
539158,2026-03-06,2026-03-30,48.96,48.1,49.72,Attn-GRU-45
539158,2026-03-06,2026-03-31,49.16,48.24,49.96,Attn-GRU-45
539158,2026-03-06,2026-04-01,49.02,47.97,49.9,Attn-GRU-45
539158,2026-03-06,2026-04-02,49.13,48.18,49.86,Attn-GRU-45
539158,2026-03-06,2026-04-03,49.03,48.44,49.82,Attn-GRU-45
539158,2026-03-06,2026-04-04,49.27,48.36,50.02,Attn-GRU-45
539158,2026-03-06,2026-04-05,49.25,48.48,50.01,Attn-GRU-45
539159,2026-03-06,2026-03-07,37.39,37.39,37.4,Attn-GRU-45
539159,2026-03-06,2026-03-08,37.38,37.37,37.39,Attn-GRU-45
539159,2026-03-06,2026-03-09,37.37,37.36,37.38,Attn-GRU-45
539159,2026-03-06,2026-03-10,37.37,37.36,37.38,Attn-GRU-45
539159,2026-03-06,2026-03-11,37.36,37.35,37.37,Attn-GRU-45
539159,2026-03-06,2026-03-12,37.35,37.34,37.36,Attn-GRU-45
539159,2026-03-06,2026-03-13,37.33,37.31,37.35,Attn-GRU-45
539159,2026-03-06,2026-03-14,37.32,37.3,37.35,Attn-GRU-45
539159,2026-03-06,2026-03-15,37.29,37.26,37.33,Attn-GRU-45
539159,2026-03-06,2026-03-16,37.28,37.25,37.31,Attn-GRU-45
539159,2026-03-06,2026-03-17,37.25,37.22,37.29,Attn-GRU-45
539159,2026-03-06,2026-03-18,37.23,37.19,37.28,Attn-GRU-45
539159,2026-03-06,2026-03-19,37.2,37.17,37.26,Attn-GRU-45
539159,2026-03-06,2026-03-20,37.17,37.14,37.23,Attn-GRU-45
539159,2026-03-06,2026-03-21,37.17,37.15,37.21,Attn-GRU-45
539159,2026-03-06,2026-03-22,37.15,37.13,37.19,Attn-GRU-45
539159,2026-03-06,2026-03-23,37.15,37.13,37.18,Attn-GRU-45
539159,2026-03-06,2026-03-24,37.14,37.13,37.17,Attn-GRU-45
539159,2026-03-06,2026-03-25,37.14,37.12,37.17,Attn-GRU-45
539159,2026-03-06,2026-03-26,37.13,37.12,37.16,Attn-GRU-45
539159,2026-03-06,2026-03-27,37.13,37.12,37.16,Attn-GRU-45
539159,2026-03-06,2026-03-28,37.13,37.12,37.15,Attn-GRU-45
539159,2026-03-06,2026-03-29,37.13,37.12,37.14,Attn-GRU-45
539159,2026-03-06,2026-03-30,37.12,37.12,37.15,Attn-GRU-45
539159,2026-03-06,2026-03-31,37.13,37.12,37.14,Attn-GRU-45
539159,2026-03-06,2026-04-01,37.13,37.12,37.15,Attn-GRU-45
539159,2026-03-06,2026-04-02,37.12,37.12,37.14,Attn-GRU-45
539159,2026-03-06,2026-04-03,37.12,37.12,37.14,Attn-GRU-45
539159,2026-03-06,2026-04-04,37.12,37.12,37.14,Attn-GRU-45
539159,2026-03-06,2026-04-05,37.12,37.12,37.13,Attn-GRU-45
539162,2026-03-06,2026-03-07,32.09,32.09,32.1,Attn-GRU-45
539162,2026-03-06,2026-03-08,32.08,32.07,32.09,Attn-GRU-45
539162,2026-03-06,2026-03-09,32.07,32.06,32.08,Attn-GRU-45
539162,2026-03-06,2026-03-10,32.07,32.05,32.08,Attn-GRU-45
539162,2026-03-06,2026-03-11,32.06,32.04,32.06,Attn-GRU-45
539162,2026-03-06,2026-03-12,32.05,32.03,32.06,Attn-GRU-45
539162,2026-03-06,2026-03-13,32.03,32.01,32.04,Attn-GRU-45
539162,2026-03-06,2026-03-14,32.02,32.0,32.04,Attn-GRU-45
539162,2026-03-06,2026-03-15,31.98,31.95,32.01,Attn-GRU-45
539162,2026-03-06,2026-03-16,31.97,31.94,31.99,Attn-GRU-45
539162,2026-03-06,2026-03-17,31.93,31.89,31.97,Attn-GRU-45
539162,2026-03-06,2026-03-18,31.91,31.87,31.96,Attn-GRU-45
539162,2026-03-06,2026-03-19,31.88,31.84,31.93,Attn-GRU-45
539162,2026-03-06,2026-03-20,31.85,31.82,31.9,Attn-GRU-45
539162,2026-03-06,2026-03-21,31.84,31.82,31.9,Attn-GRU-45
539162,2026-03-06,2026-03-22,31.82,31.8,31.88,Attn-GRU-45
539162,2026-03-06,2026-03-23,31.82,31.8,31.86,Attn-GRU-45
539162,2026-03-06,2026-03-24,31.81,31.8,31.84,Attn-GRU-45
539162,2026-03-06,2026-03-25,31.81,31.8,31.84,Attn-GRU-45
539162,2026-03-06,2026-03-26,31.8,31.79,31.83,Attn-GRU-45
539162,2026-03-06,2026-03-27,31.8,31.79,31.83,Attn-GRU-45
539162,2026-03-06,2026-03-28,31.8,31.79,31.81,Attn-GRU-45
539162,2026-03-06,2026-03-29,31.8,31.79,31.82,Attn-GRU-45
539162,2026-03-06,2026-03-30,31.8,31.79,31.82,Attn-GRU-45
539162,2026-03-06,2026-03-31,31.8,31.79,31.82,Attn-GRU-45
539162,2026-03-06,2026-04-01,31.8,31.79,31.82,Attn-GRU-45
539162,2026-03-06,2026-04-02,31.79,31.79,31.8,Attn-GRU-45
539162,2026-03-06,2026-04-03,31.8,31.79,31.81,Attn-GRU-45
539162,2026-03-06,2026-04-04,31.79,31.79,31.81,Attn-GRU-45
539162,2026-03-06,2026-04-05,31.79,31.79,31.81,Attn-GRU-45
539163,2026-03-06,2026-03-07,64.79,64.77,64.8,Attn-GRU-45
539163,2026-03-06,2026-03-08,64.73,64.71,64.76,Attn-GRU-45
539163,2026-03-06,2026-03-09,64.69,64.67,64.72,Attn-GRU-45
539163,2026-03-06,2026-03-10,64.73,64.7,64.76,Attn-GRU-45
539163,2026-03-06,2026-03-11,64.64,64.6,64.69,Attn-GRU-45
539163,2026-03-06,2026-03-12,64.65,64.61,64.7,Attn-GRU-45
539163,2026-03-06,2026-03-13,64.61,64.56,64.69,Attn-GRU-45
539163,2026-03-06,2026-03-14,64.77,64.69,64.85,Attn-GRU-45
539163,2026-03-06,2026-03-15,64.7,64.62,64.77,Attn-GRU-45
539163,2026-03-06,2026-03-16,64.56,64.48,64.66,Attn-GRU-45
539163,2026-03-06,2026-03-17,64.64,64.54,64.77,Attn-GRU-45
539163,2026-03-06,2026-03-18,64.73,64.6,64.89,Attn-GRU-45
539163,2026-03-06,2026-03-19,64.74,64.57,64.92,Attn-GRU-45
539163,2026-03-06,2026-03-20,64.69,64.55,64.91,Attn-GRU-45
539163,2026-03-06,2026-03-21,64.65,64.5,64.8,Attn-GRU-45
539163,2026-03-06,2026-03-22,64.61,64.36,64.82,Attn-GRU-45
539163,2026-03-06,2026-03-23,64.65,64.43,64.93,Attn-GRU-45
539163,2026-03-06,2026-03-24,64.66,64.39,64.94,Attn-GRU-45
539163,2026-03-06,2026-03-25,64.6,64.36,64.86,Attn-GRU-45
539163,2026-03-06,2026-03-26,64.57,64.31,64.94,Attn-GRU-45
539163,2026-03-06,2026-03-27,64.59,64.28,64.96,Attn-GRU-45
539163,2026-03-06,2026-03-28,64.39,64.18,64.71,Attn-GRU-45
539163,2026-03-06,2026-03-29,64.48,64.17,64.9,Attn-GRU-45
539163,2026-03-06,2026-03-30,64.56,64.28,64.98,Attn-GRU-45
539163,2026-03-06,2026-03-31,64.7,64.38,65.05,Attn-GRU-45
539163,2026-03-06,2026-04-01,64.63,64.33,65.02,Attn-GRU-45
539163,2026-03-06,2026-04-02,64.33,64.03,64.79,Attn-GRU-45
539163,2026-03-06,2026-04-03,64.73,64.41,65.08,Attn-GRU-45
539163,2026-03-06,2026-04-04,64.59,64.24,65.04,Attn-GRU-45
539163,2026-03-06,2026-04-05,64.35,64.03,64.77,Attn-GRU-45
539164,2026-03-06,2026-03-07,64.1,64.04,64.16,Attn-GRU-45
539164,2026-03-06,2026-03-08,63.94,63.87,64.01,Attn-GRU-45
539164,2026-03-06,2026-03-09,63.84,63.76,63.94,Attn-GRU-45
539164,2026-03-06,2026-03-10,63.95,63.87,64.04,Attn-GRU-45
539164,2026-03-06,2026-03-11,63.7,63.53,63.92,Attn-GRU-45
539164,2026-03-06,2026-03-12,63.73,63.57,63.97,Attn-GRU-45
539164,2026-03-06,2026-03-13,63.69,63.49,63.98,Attn-GRU-45
539164,2026-03-06,2026-03-14,64.18,63.98,64.46,Attn-GRU-45
539164,2026-03-06,2026-03-15,63.88,63.59,64.25,Attn-GRU-45
539164,2026-03-06,2026-03-16,63.54,63.26,63.95,Attn-GRU-45
539164,2026-03-06,2026-03-17,63.76,63.42,64.22,Attn-GRU-45
539164,2026-03-06,2026-03-18,64.1,63.74,64.55,Attn-GRU-45
539164,2026-03-06,2026-03-19,64.16,63.76,64.71,Attn-GRU-45
539164,2026-03-06,2026-03-20,64.09,63.54,64.61,Attn-GRU-45
539164,2026-03-06,2026-03-21,63.92,63.45,64.47,Attn-GRU-45
539164,2026-03-06,2026-03-22,63.79,63.24,64.53,Attn-GRU-45
539164,2026-03-06,2026-03-23,64.18,63.59,65.02,Attn-GRU-45
539164,2026-03-06,2026-03-24,64.17,63.5,65.06,Attn-GRU-45
539164,2026-03-06,2026-03-25,63.89,63.18,64.67,Attn-GRU-45
539164,2026-03-06,2026-03-26,64.04,63.24,64.97,Attn-GRU-45
539164,2026-03-06,2026-03-27,64.04,63.3,65.06,Attn-GRU-45
539164,2026-03-06,2026-03-28,63.47,62.54,64.49,Attn-GRU-45
539164,2026-03-06,2026-03-29,63.72,62.91,64.98,Attn-GRU-45
539164,2026-03-06,2026-03-30,64.04,63.17,65.44,Attn-GRU-45
539164,2026-03-06,2026-03-31,64.19,63.57,65.53,Attn-GRU-45
539164,2026-03-06,2026-04-01,64.34,63.36,65.56,Attn-GRU-45
539164,2026-03-06,2026-04-02,63.42,62.41,64.85,Attn-GRU-45
539164,2026-03-06,2026-04-03,64.54,63.61,65.52,Attn-GRU-45
539164,2026-03-06,2026-04-04,64.26,62.98,65.56,Attn-GRU-45
539164,2026-03-06,2026-04-05,63.54,62.3,64.96,Attn-GRU-45
539165,2026-03-06,2026-03-07,15.24,15.2,15.28,Attn-GRU-45
539165,2026-03-06,2026-03-08,15.27,15.2,15.32,Attn-GRU-45
539165,2026-03-06,2026-03-09,15.29,15.21,15.38,Attn-GRU-45
539165,2026-03-06,2026-03-10,15.33,15.23,15.42,Attn-GRU-45
539165,2026-03-06,2026-03-11,15.33,15.2,15.51,Attn-GRU-45
539165,2026-03-06,2026-03-12,15.41,15.25,15.56,Attn-GRU-45
539165,2026-03-06,2026-03-13,15.49,15.3,15.64,Attn-GRU-45
539165,2026-03-06,2026-03-14,15.54,15.36,15.7,Attn-GRU-45
539165,2026-03-06,2026-03-15,15.57,15.39,15.75,Attn-GRU-45
539165,2026-03-06,2026-03-16,15.63,15.47,15.81,Attn-GRU-45
539165,2026-03-06,2026-03-17,15.73,15.45,15.9,Attn-GRU-45
539165,2026-03-06,2026-03-18,15.76,15.55,15.91,Attn-GRU-45
539165,2026-03-06,2026-03-19,15.79,15.57,15.94,Attn-GRU-45
539165,2026-03-06,2026-03-20,15.87,15.63,16.04,Attn-GRU-45
539165,2026-03-06,2026-03-21,15.9,15.62,16.0,Attn-GRU-45
539165,2026-03-06,2026-03-22,15.88,15.72,16.0,Attn-GRU-45
539165,2026-03-06,2026-03-23,15.95,15.76,16.06,Attn-GRU-45
539165,2026-03-06,2026-03-24,15.98,15.73,16.1,Attn-GRU-45
539165,2026-03-06,2026-03-25,16.0,15.82,16.1,Attn-GRU-45
539165,2026-03-06,2026-03-26,16.04,15.89,16.13,Attn-GRU-45
539165,2026-03-06,2026-03-27,16.05,15.84,16.12,Attn-GRU-45
539165,2026-03-06,2026-03-28,16.09,15.93,16.14,Attn-GRU-45
539165,2026-03-06,2026-03-29,16.09,15.87,16.14,Attn-GRU-45
539165,2026-03-06,2026-03-30,16.1,15.96,16.15,Attn-GRU-45
539165,2026-03-06,2026-03-31,16.11,15.95,16.16,Attn-GRU-45
539165,2026-03-06,2026-04-01,16.13,15.99,16.16,Attn-GRU-45
539165,2026-03-06,2026-04-02,16.13,16.03,16.16,Attn-GRU-45
539165,2026-03-06,2026-04-03,16.12,16.0,16.15,Attn-GRU-45
539165,2026-03-06,2026-04-04,16.13,16.03,16.16,Attn-GRU-45
539165,2026-03-06,2026-04-05,16.13,16.03,16.16,Attn-GRU-45
539166,2026-03-06,2026-03-07,25.17,25.15,25.18,Attn-GRU-45
539166,2026-03-06,2026-03-08,25.11,25.1,25.13,Attn-GRU-45
539166,2026-03-06,2026-03-09,25.09,25.07,25.12,Attn-GRU-45
539166,2026-03-06,2026-03-10,25.12,25.09,25.14,Attn-GRU-45
539166,2026-03-06,2026-03-11,25.07,25.04,25.1,Attn-GRU-45
539166,2026-03-06,2026-03-12,25.06,25.03,25.1,Attn-GRU-45
539166,2026-03-06,2026-03-13,25.03,24.99,25.07,Attn-GRU-45
539166,2026-03-06,2026-03-14,25.11,25.07,25.17,Attn-GRU-45
539166,2026-03-06,2026-03-15,25.02,24.94,25.11,Attn-GRU-45
539166,2026-03-06,2026-03-16,24.98,24.91,25.05,Attn-GRU-45
539166,2026-03-06,2026-03-17,24.97,24.86,25.08,Attn-GRU-45
539166,2026-03-06,2026-03-18,25.0,24.89,25.12,Attn-GRU-45
539166,2026-03-06,2026-03-19,25.0,24.84,25.16,Attn-GRU-45
539166,2026-03-06,2026-03-20,24.96,24.79,25.11,Attn-GRU-45
539166,2026-03-06,2026-03-21,24.96,24.83,25.1,Attn-GRU-45
539166,2026-03-06,2026-03-22,24.96,24.77,25.12,Attn-GRU-45
539166,2026-03-06,2026-03-23,24.9,24.72,25.11,Attn-GRU-45
539166,2026-03-06,2026-03-24,24.95,24.73,25.18,Attn-GRU-45
539166,2026-03-06,2026-03-25,24.9,24.69,25.12,Attn-GRU-45
539166,2026-03-06,2026-03-26,24.84,24.61,25.05,Attn-GRU-45
539166,2026-03-06,2026-03-27,24.83,24.56,25.12,Attn-GRU-45
539166,2026-03-06,2026-03-28,24.71,24.52,24.96,Attn-GRU-45
539166,2026-03-06,2026-03-29,24.78,24.53,25.01,Attn-GRU-45
539166,2026-03-06,2026-03-30,24.84,24.59,25.06,Attn-GRU-45
539166,2026-03-06,2026-03-31,24.91,24.71,25.17,Attn-GRU-45
539166,2026-03-06,2026-04-01,24.89,24.69,25.12,Attn-GRU-45
539166,2026-03-06,2026-04-02,24.65,24.45,24.89,Attn-GRU-45
539166,2026-03-06,2026-04-03,24.98,24.67,25.18,Attn-GRU-45
539166,2026-03-06,2026-04-04,24.82,24.56,25.05,Attn-GRU-45
539166,2026-03-06,2026-04-05,24.72,24.53,24.98,Attn-GRU-45
539167,2026-03-06,2026-03-07,17.14,17.05,17.24,Attn-GRU-45
539167,2026-03-06,2026-03-08,17.18,17.05,17.34,Attn-GRU-45
539167,2026-03-06,2026-03-09,17.23,17.07,17.39,Attn-GRU-45
539167,2026-03-06,2026-03-10,17.32,17.13,17.5,Attn-GRU-45
539167,2026-03-06,2026-03-11,17.42,17.19,17.67,Attn-GRU-45
539167,2026-03-06,2026-03-12,17.55,17.32,17.74,Attn-GRU-45
539167,2026-03-06,2026-03-13,17.62,17.38,17.8,Attn-GRU-45
539167,2026-03-06,2026-03-14,17.69,17.41,17.85,Attn-GRU-45
539167,2026-03-06,2026-03-15,17.76,17.43,17.93,Attn-GRU-45
539167,2026-03-06,2026-03-16,17.86,17.68,17.97,Attn-GRU-45
539167,2026-03-06,2026-03-17,17.92,17.7,18.0,Attn-GRU-45
539167,2026-03-06,2026-03-18,17.93,17.8,17.99,Attn-GRU-45
539167,2026-03-06,2026-03-19,17.95,17.77,18.0,Attn-GRU-45
539167,2026-03-06,2026-03-20,17.97,17.76,18.02,Attn-GRU-45
539167,2026-03-06,2026-03-21,17.99,17.9,18.03,Attn-GRU-45
539167,2026-03-06,2026-03-22,18.0,17.88,18.03,Attn-GRU-45
539167,2026-03-06,2026-03-23,18.01,17.91,18.03,Attn-GRU-45
539167,2026-03-06,2026-03-24,18.02,17.92,18.03,Attn-GRU-45
539167,2026-03-06,2026-03-25,18.03,17.94,18.04,Attn-GRU-45
539167,2026-03-06,2026-03-26,18.03,17.98,18.04,Attn-GRU-45
539167,2026-03-06,2026-03-27,18.03,17.99,18.04,Attn-GRU-45
539167,2026-03-06,2026-03-28,18.03,18.01,18.04,Attn-GRU-45
539167,2026-03-06,2026-03-29,18.04,17.99,18.04,Attn-GRU-45
539167,2026-03-06,2026-03-30,18.04,18.01,18.04,Attn-GRU-45
539167,2026-03-06,2026-03-31,18.04,18.03,18.04,Attn-GRU-45
539167,2026-03-06,2026-04-01,18.04,18.03,18.04,Attn-GRU-45
539167,2026-03-06,2026-04-02,18.04,18.03,18.04,Attn-GRU-45
539167,2026-03-06,2026-04-03,18.04,18.02,18.04,Attn-GRU-45
539167,2026-03-06,2026-04-04,18.04,18.03,18.04,Attn-GRU-45
539167,2026-03-06,2026-04-05,18.04,18.03,18.04,Attn-GRU-45
539168,2026-03-06,2026-03-07,45.62,45.61,45.63,Attn-GRU-45
539168,2026-03-06,2026-03-08,45.58,45.57,45.59,Attn-GRU-45
539168,2026-03-06,2026-03-09,45.56,45.55,45.57,Attn-GRU-45
539168,2026-03-06,2026-03-10,45.58,45.56,45.59,Attn-GRU-45
539168,2026-03-06,2026-03-11,45.52,45.51,45.54,Attn-GRU-45
539168,2026-03-06,2026-03-12,45.53,45.52,45.55,Attn-GRU-45
539168,2026-03-06,2026-03-13,45.5,45.48,45.52,Attn-GRU-45
539168,2026-03-06,2026-03-14,45.55,45.52,45.58,Attn-GRU-45
539168,2026-03-06,2026-03-15,45.48,45.43,45.54,Attn-GRU-45
539168,2026-03-06,2026-03-16,45.45,45.41,45.47,Attn-GRU-45
539168,2026-03-06,2026-03-17,45.43,45.37,45.5,Attn-GRU-45
539168,2026-03-06,2026-03-18,45.46,45.39,45.53,Attn-GRU-45
539168,2026-03-06,2026-03-19,45.43,45.34,45.52,Attn-GRU-45
539168,2026-03-06,2026-03-20,45.34,45.25,45.5,Attn-GRU-45
539168,2026-03-06,2026-03-21,45.4,45.31,45.48,Attn-GRU-45
539168,2026-03-06,2026-03-22,45.37,45.25,45.5,Attn-GRU-45
539168,2026-03-06,2026-03-23,45.31,45.18,45.44,Attn-GRU-45
539168,2026-03-06,2026-03-24,45.32,45.19,45.45,Attn-GRU-45
539168,2026-03-06,2026-03-25,45.31,45.16,45.43,Attn-GRU-45
539168,2026-03-06,2026-03-26,45.23,45.09,45.38,Attn-GRU-45
539168,2026-03-06,2026-03-27,45.2,45.06,45.42,Attn-GRU-45
539168,2026-03-06,2026-03-28,45.18,45.04,45.31,Attn-GRU-45
539168,2026-03-06,2026-03-29,45.17,45.03,45.33,Attn-GRU-45
539168,2026-03-06,2026-03-30,45.21,45.06,45.39,Attn-GRU-45
539168,2026-03-06,2026-03-31,45.27,45.14,45.45,Attn-GRU-45
539168,2026-03-06,2026-04-01,45.24,45.13,45.35,Attn-GRU-45
539168,2026-03-06,2026-04-02,45.12,44.99,45.27,Attn-GRU-45
539168,2026-03-06,2026-04-03,45.26,45.12,45.42,Attn-GRU-45
539168,2026-03-06,2026-04-04,45.2,45.02,45.37,Attn-GRU-45
539168,2026-03-06,2026-04-05,45.11,44.96,45.28,Attn-GRU-45
539169,2026-03-06,2026-03-07,14.39,14.31,14.47,Attn-GRU-45
539169,2026-03-06,2026-03-08,14.43,14.3,14.56,Attn-GRU-45
539169,2026-03-06,2026-03-09,14.5,14.35,14.63,Attn-GRU-45
539169,2026-03-06,2026-03-10,14.57,14.41,14.71,Attn-GRU-45
539169,2026-03-06,2026-03-11,14.66,14.39,14.87,Attn-GRU-45
539169,2026-03-06,2026-03-12,14.74,14.56,14.93,Attn-GRU-45
539169,2026-03-06,2026-03-13,14.85,14.59,15.01,Attn-GRU-45
539169,2026-03-06,2026-03-14,14.91,14.67,15.05,Attn-GRU-45
539169,2026-03-06,2026-03-15,14.89,14.56,15.09,Attn-GRU-45
539169,2026-03-06,2026-03-16,15.02,14.85,15.12,Attn-GRU-45
539169,2026-03-06,2026-03-17,15.07,14.87,15.14,Attn-GRU-45
539169,2026-03-06,2026-03-18,15.07,14.86,15.14,Attn-GRU-45
539169,2026-03-06,2026-03-19,15.09,14.96,15.15,Attn-GRU-45
539169,2026-03-06,2026-03-20,15.13,14.97,15.17,Attn-GRU-45
539169,2026-03-06,2026-03-21,15.14,15.03,15.17,Attn-GRU-45
539169,2026-03-06,2026-03-22,15.14,15.03,15.17,Attn-GRU-45
539169,2026-03-06,2026-03-23,15.15,15.06,15.17,Attn-GRU-45
539169,2026-03-06,2026-03-24,15.16,15.08,15.17,Attn-GRU-45
539169,2026-03-06,2026-03-25,15.17,15.11,15.18,Attn-GRU-45
539169,2026-03-06,2026-03-26,15.17,15.14,15.18,Attn-GRU-45
539169,2026-03-06,2026-03-27,15.17,15.14,15.18,Attn-GRU-45
539169,2026-03-06,2026-03-28,15.18,15.15,15.18,Attn-GRU-45
539169,2026-03-06,2026-03-29,15.18,15.16,15.18,Attn-GRU-45
539169,2026-03-06,2026-03-30,15.18,15.15,15.18,Attn-GRU-45
539169,2026-03-06,2026-03-31,15.18,15.16,15.18,Attn-GRU-45
539169,2026-03-06,2026-04-01,15.18,15.17,15.18,Attn-GRU-45
539169,2026-03-06,2026-04-02,15.18,15.17,15.18,Attn-GRU-45
539169,2026-03-06,2026-04-03,15.18,15.17,15.18,Attn-GRU-45
539169,2026-03-06,2026-04-04,15.18,15.17,15.18,Attn-GRU-45
539169,2026-03-06,2026-04-05,15.18,15.17,15.18,Attn-GRU-45
539171,2026-03-06,2026-03-07,62.8,62.71,62.86,Attn-GRU-45
539171,2026-03-06,2026-03-08,62.4,62.28,62.47,Attn-GRU-45
539171,2026-03-06,2026-03-09,62.16,62.04,62.25,Attn-GRU-45
539171,2026-03-06,2026-03-10,62.36,62.15,62.52,Attn-GRU-45
539171,2026-03-06,2026-03-11,61.86,61.74,62.01,Attn-GRU-45
539171,2026-03-06,2026-03-12,61.91,61.67,62.1,Attn-GRU-45
539171,2026-03-06,2026-03-13,61.5,61.21,61.76,Attn-GRU-45
539171,2026-03-06,2026-03-14,62.11,61.72,62.61,Attn-GRU-45
539171,2026-03-06,2026-03-15,61.39,60.77,61.92,Attn-GRU-45
539171,2026-03-06,2026-03-16,60.87,60.4,61.42,Attn-GRU-45
539171,2026-03-06,2026-03-17,60.83,59.99,61.58,Attn-GRU-45
539171,2026-03-06,2026-03-18,60.98,59.97,61.97,Attn-GRU-45
539171,2026-03-06,2026-03-19,60.75,59.63,61.74,Attn-GRU-45
539171,2026-03-06,2026-03-20,60.3,58.93,61.64,Attn-GRU-45
539171,2026-03-06,2026-03-21,60.34,59.36,61.41,Attn-GRU-45
539171,2026-03-06,2026-03-22,59.99,58.37,61.56,Attn-GRU-45
539171,2026-03-06,2026-03-23,59.41,57.83,61.19,Attn-GRU-45
539171,2026-03-06,2026-03-24,59.54,57.84,61.43,Attn-GRU-45
539171,2026-03-06,2026-03-25,59.25,57.85,61.12,Attn-GRU-45
539171,2026-03-06,2026-03-26,58.62,57.06,60.55,Attn-GRU-45
539171,2026-03-06,2026-03-27,58.51,56.85,61.19,Attn-GRU-45
539171,2026-03-06,2026-03-28,57.98,56.69,59.89,Attn-GRU-45
539171,2026-03-06,2026-03-29,58.11,56.32,60.42,Attn-GRU-45
539171,2026-03-06,2026-03-30,58.51,56.73,61.11,Attn-GRU-45
539171,2026-03-06,2026-03-31,59.12,57.7,61.53,Attn-GRU-45
539171,2026-03-06,2026-04-01,58.7,57.36,60.59,Attn-GRU-45
539171,2026-03-06,2026-04-02,57.3,55.69,59.16,Attn-GRU-45
539171,2026-03-06,2026-04-03,59.14,57.24,61.55,Attn-GRU-45
539171,2026-03-06,2026-04-04,58.25,56.35,60.84,Attn-GRU-45
539171,2026-03-06,2026-04-05,57.32,55.85,59.4,Attn-GRU-45
539173,2026-03-06,2026-03-07,56.65,56.24,57.02,Attn-GRU-45
539173,2026-03-06,2026-03-08,56.72,56.22,57.28,Attn-GRU-45
539173,2026-03-06,2026-03-09,56.96,56.15,57.73,Attn-GRU-45
539173,2026-03-06,2026-03-10,57.34,56.69,58.0,Attn-GRU-45
539173,2026-03-06,2026-03-11,57.33,56.39,58.5,Attn-GRU-45
539173,2026-03-06,2026-03-12,57.94,57.09,58.91,Attn-GRU-45
539173,2026-03-06,2026-03-13,58.33,57.1,59.41,Attn-GRU-45
539173,2026-03-06,2026-03-14,58.91,57.43,60.08,Attn-GRU-45
539173,2026-03-06,2026-03-15,59.27,57.26,60.37,Attn-GRU-45
539173,2026-03-06,2026-03-16,59.59,58.12,60.68,Attn-GRU-45
539173,2026-03-06,2026-03-17,60.09,58.24,61.31,Attn-GRU-45
539173,2026-03-06,2026-03-18,60.28,58.65,61.24,Attn-GRU-45
539173,2026-03-06,2026-03-19,60.81,59.58,61.49,Attn-GRU-45
539173,2026-03-06,2026-03-20,60.99,59.15,61.9,Attn-GRU-45
539173,2026-03-06,2026-03-21,60.99,59.72,61.72,Attn-GRU-45
539173,2026-03-06,2026-03-22,61.46,60.24,62.0,Attn-GRU-45
539173,2026-03-06,2026-03-23,61.41,60.24,62.05,Attn-GRU-45
539173,2026-03-06,2026-03-24,61.68,60.14,62.22,Attn-GRU-45
539173,2026-03-06,2026-03-25,61.83,60.74,62.3,Attn-GRU-45
539173,2026-03-06,2026-03-26,61.99,60.89,62.33,Attn-GRU-45
539173,2026-03-06,2026-03-27,62.03,61.07,62.34,Attn-GRU-45
539173,2026-03-06,2026-03-28,62.25,61.4,62.43,Attn-GRU-45
539173,2026-03-06,2026-03-29,62.27,61.58,62.42,Attn-GRU-45
539173,2026-03-06,2026-03-30,62.24,61.43,62.42,Attn-GRU-45
539173,2026-03-06,2026-03-31,62.3,61.61,62.44,Attn-GRU-45
539173,2026-03-06,2026-04-01,62.37,61.74,62.46,Attn-GRU-45
539173,2026-03-06,2026-04-02,62.39,62.0,62.46,Attn-GRU-45
539173,2026-03-06,2026-04-03,62.32,61.78,62.44,Attn-GRU-45
539173,2026-03-06,2026-04-04,62.38,61.94,62.47,Attn-GRU-45
539173,2026-03-06,2026-04-05,62.41,62.0,62.47,Attn-GRU-45
539273,2026-03-06,2026-03-07,32.34,32.11,32.58,Attn-GRU-45
539273,2026-03-06,2026-03-08,32.45,32.14,32.78,Attn-GRU-45
539273,2026-03-06,2026-03-09,32.59,32.2,32.99,Attn-GRU-45
539273,2026-03-06,2026-03-10,32.84,32.36,33.27,Attn-GRU-45
539273,2026-03-06,2026-03-11,33.05,32.35,33.71,Attn-GRU-45
539273,2026-03-06,2026-03-12,33.27,32.56,33.91,Attn-GRU-45
539273,2026-03-06,2026-03-13,33.66,32.82,34.29,Attn-GRU-45
539273,2026-03-06,2026-03-14,33.85,33.16,34.56,Attn-GRU-45
539273,2026-03-06,2026-03-15,34.08,32.76,34.81,Attn-GRU-45
539273,2026-03-06,2026-03-16,34.45,33.55,35.06,Attn-GRU-45
539273,2026-03-06,2026-03-17,34.82,33.4,35.38,Attn-GRU-45
539273,2026-03-06,2026-03-18,34.8,33.96,35.34,Attn-GRU-45
539273,2026-03-06,2026-03-19,35.01,34.39,35.43,Attn-GRU-45
539273,2026-03-06,2026-03-20,35.2,34.24,35.6,Attn-GRU-45
539273,2026-03-06,2026-03-21,35.18,34.62,35.54,Attn-GRU-45
539273,2026-03-06,2026-03-22,35.3,34.71,35.59,Attn-GRU-45
539273,2026-03-06,2026-03-23,35.38,34.79,35.66,Attn-GRU-45
539273,2026-03-06,2026-03-24,35.56,34.85,35.76,Attn-GRU-45
539273,2026-03-06,2026-03-25,35.6,35.04,35.77,Attn-GRU-45
539273,2026-03-06,2026-03-26,35.63,35.21,35.79,Attn-GRU-45
539273,2026-03-06,2026-03-27,35.65,35.31,35.79,Attn-GRU-45
539273,2026-03-06,2026-03-28,35.72,35.42,35.81,Attn-GRU-45
539273,2026-03-06,2026-03-29,35.76,35.47,35.81,Attn-GRU-45
539273,2026-03-06,2026-03-30,35.76,35.51,35.81,Attn-GRU-45
539273,2026-03-06,2026-03-31,35.78,35.58,35.82,Attn-GRU-45
539273,2026-03-06,2026-04-01,35.79,35.62,35.82,Attn-GRU-45
539273,2026-03-06,2026-04-02,35.79,35.68,35.82,Attn-GRU-45
539273,2026-03-06,2026-04-03,35.77,35.58,35.82,Attn-GRU-45
539273,2026-03-06,2026-04-04,35.79,35.69,35.82,Attn-GRU-45
539273,2026-03-06,2026-04-05,35.8,35.71,35.82,Attn-GRU-45
539274,2026-03-06,2026-03-07,31.64,31.58,31.7,Attn-GRU-45
539274,2026-03-06,2026-03-08,31.66,31.58,31.75,Attn-GRU-45
539274,2026-03-06,2026-03-09,31.71,31.57,31.81,Attn-GRU-45
539274,2026-03-06,2026-03-10,31.75,31.65,31.87,Attn-GRU-45
539274,2026-03-06,2026-03-11,31.81,31.64,32.01,Attn-GRU-45
539274,2026-03-06,2026-03-12,31.9,31.71,32.08,Attn-GRU-45
539274,2026-03-06,2026-03-13,31.99,31.75,32.13,Attn-GRU-45
539274,2026-03-06,2026-03-14,32.03,31.77,32.16,Attn-GRU-45
539274,2026-03-06,2026-03-15,32.06,31.8,32.29,Attn-GRU-45
539274,2026-03-06,2026-03-16,32.16,31.93,32.3,Attn-GRU-45
539274,2026-03-06,2026-03-17,32.23,32.0,32.35,Attn-GRU-45
539274,2026-03-06,2026-03-18,32.23,31.98,32.34,Attn-GRU-45
539274,2026-03-06,2026-03-19,32.26,32.06,32.36,Attn-GRU-45
539274,2026-03-06,2026-03-20,32.31,32.11,32.4,Attn-GRU-45
539274,2026-03-06,2026-03-21,32.33,32.14,32.4,Attn-GRU-45
539274,2026-03-06,2026-03-22,32.35,32.19,32.4,Attn-GRU-45
539274,2026-03-06,2026-03-23,32.36,32.19,32.4,Attn-GRU-45
539274,2026-03-06,2026-03-24,32.38,32.27,32.42,Attn-GRU-45
539274,2026-03-06,2026-03-25,32.4,32.32,32.42,Attn-GRU-45
539274,2026-03-06,2026-03-26,32.41,32.34,32.43,Attn-GRU-45
539274,2026-03-06,2026-03-27,32.4,32.35,32.43,Attn-GRU-45
539274,2026-03-06,2026-03-28,32.42,32.37,32.43,Attn-GRU-45
539274,2026-03-06,2026-03-29,32.42,32.36,32.43,Attn-GRU-45
539274,2026-03-06,2026-03-30,32.42,32.38,32.43,Attn-GRU-45
539274,2026-03-06,2026-03-31,32.43,32.4,32.43,Attn-GRU-45
539274,2026-03-06,2026-04-01,32.43,32.4,32.43,Attn-GRU-45
539274,2026-03-06,2026-04-02,32.43,32.4,32.43,Attn-GRU-45
539274,2026-03-06,2026-04-03,32.42,32.39,32.43,Attn-GRU-45
539274,2026-03-06,2026-04-04,32.43,32.39,32.43,Attn-GRU-45
539274,2026-03-06,2026-04-05,32.43,32.41,32.43,Attn-GRU-45
539275,2026-03-06,2026-03-07,21.0,20.98,21.03,Attn-GRU-45
539275,2026-03-06,2026-03-08,20.97,20.94,20.99,Attn-GRU-45
539275,2026-03-06,2026-03-09,20.99,20.95,21.04,Attn-GRU-45
539275,2026-03-06,2026-03-10,21.0,20.97,21.06,Attn-GRU-45
539275,2026-03-06,2026-03-11,20.99,20.91,21.06,Attn-GRU-45
539275,2026-03-06,2026-03-12,21.02,20.95,21.09,Attn-GRU-45
539275,2026-03-06,2026-03-13,21.04,20.95,21.13,Attn-GRU-45
539275,2026-03-06,2026-03-14,21.1,21.01,21.2,Attn-GRU-45
539275,2026-03-06,2026-03-15,21.12,20.99,21.23,Attn-GRU-45
539275,2026-03-06,2026-03-16,21.1,20.98,21.25,Attn-GRU-45
539275,2026-03-06,2026-03-17,21.14,20.98,21.32,Attn-GRU-45
539275,2026-03-06,2026-03-18,21.16,21.02,21.32,Attn-GRU-45
539275,2026-03-06,2026-03-19,21.26,21.13,21.4,Attn-GRU-45
539275,2026-03-06,2026-03-20,21.25,21.06,21.43,Attn-GRU-45
539275,2026-03-06,2026-03-21,21.25,21.11,21.38,Attn-GRU-45
539275,2026-03-06,2026-03-22,21.33,21.17,21.53,Attn-GRU-45
539275,2026-03-06,2026-03-23,21.34,21.17,21.52,Attn-GRU-45
539275,2026-03-06,2026-03-24,21.48,21.24,21.67,Attn-GRU-45
539275,2026-03-06,2026-03-25,21.48,21.25,21.64,Attn-GRU-45
539275,2026-03-06,2026-03-26,21.45,21.23,21.62,Attn-GRU-45
539275,2026-03-06,2026-03-27,21.51,21.23,21.7,Attn-GRU-45
539275,2026-03-06,2026-03-28,21.53,21.26,21.72,Attn-GRU-45
539275,2026-03-06,2026-03-29,21.48,21.23,21.72,Attn-GRU-45
539275,2026-03-06,2026-03-30,21.6,21.3,21.8,Attn-GRU-45
539275,2026-03-06,2026-03-31,21.67,21.39,21.84,Attn-GRU-45
539275,2026-03-06,2026-04-01,21.66,21.36,21.85,Attn-GRU-45
539275,2026-03-06,2026-04-02,21.63,21.39,21.82,Attn-GRU-45
539275,2026-03-06,2026-04-03,21.65,21.42,21.84,Attn-GRU-45
539275,2026-03-06,2026-04-04,21.68,21.42,21.86,Attn-GRU-45
539275,2026-03-06,2026-04-05,21.65,21.37,21.88,Attn-GRU-45
539276,2026-03-06,2026-03-07,53.09,53.07,53.11,Attn-GRU-45
539276,2026-03-06,2026-03-08,53.02,53.0,53.04,Attn-GRU-45
539276,2026-03-06,2026-03-09,52.98,52.96,53.01,Attn-GRU-45
539276,2026-03-06,2026-03-10,53.01,52.98,53.04,Attn-GRU-45
539276,2026-03-06,2026-03-11,52.93,52.9,52.96,Attn-GRU-45
539276,2026-03-06,2026-03-12,52.93,52.89,52.97,Attn-GRU-45
539276,2026-03-06,2026-03-13,52.86,52.81,52.9,Attn-GRU-45
539276,2026-03-06,2026-03-14,52.93,52.87,52.99,Attn-GRU-45
539276,2026-03-06,2026-03-15,52.83,52.72,52.92,Attn-GRU-45
539276,2026-03-06,2026-03-16,52.72,52.63,52.79,Attn-GRU-45
539276,2026-03-06,2026-03-17,52.67,52.55,52.79,Attn-GRU-45
539276,2026-03-06,2026-03-18,52.7,52.53,52.86,Attn-GRU-45
539276,2026-03-06,2026-03-19,52.6,52.42,52.81,Attn-GRU-45
539276,2026-03-06,2026-03-20,52.53,52.29,52.73,Attn-GRU-45
539276,2026-03-06,2026-03-21,52.5,52.3,52.68,Attn-GRU-45
539276,2026-03-06,2026-03-22,52.35,52.04,52.61,Attn-GRU-45
539276,2026-03-06,2026-03-23,52.3,52.05,52.57,Attn-GRU-45
539276,2026-03-06,2026-03-24,52.24,52.04,52.58,Attn-GRU-45
539276,2026-03-06,2026-03-25,52.21,51.97,52.48,Attn-GRU-45
539276,2026-03-06,2026-03-26,52.14,51.9,52.42,Attn-GRU-45
539276,2026-03-06,2026-03-27,52.13,51.85,52.4,Attn-GRU-45
539276,2026-03-06,2026-03-28,52.05,51.87,52.29,Attn-GRU-45
539276,2026-03-06,2026-03-29,52.02,51.83,52.29,Attn-GRU-45
539276,2026-03-06,2026-03-30,52.03,51.82,52.32,Attn-GRU-45
539276,2026-03-06,2026-03-31,52.11,51.89,52.49,Attn-GRU-45
539276,2026-03-06,2026-04-01,52.1,51.9,52.36,Attn-GRU-45
539276,2026-03-06,2026-04-02,51.93,51.75,52.17,Attn-GRU-45
539276,2026-03-06,2026-04-03,52.06,51.84,52.38,Attn-GRU-45
539276,2026-03-06,2026-04-04,52.01,51.8,52.32,Attn-GRU-45
539276,2026-03-06,2026-04-05,51.91,51.75,52.2,Attn-GRU-45
550535,2026-03-06,2026-03-07,58.56,58.55,58.57,Attn-GRU-45
550535,2026-03-06,2026-03-08,58.52,58.5,58.54,Attn-GRU-45
550535,2026-03-06,2026-03-09,58.48,58.46,58.51,Attn-GRU-45
550535,2026-03-06,2026-03-10,58.53,58.5,58.56,Attn-GRU-45
550535,2026-03-06,2026-03-11,58.44,58.4,58.5,Attn-GRU-45
550535,2026-03-06,2026-03-12,58.46,58.42,58.51,Attn-GRU-45
550535,2026-03-06,2026-03-13,58.44,58.4,58.51,Attn-GRU-45
550535,2026-03-06,2026-03-14,58.58,58.5,58.65,Attn-GRU-45
550535,2026-03-06,2026-03-15,58.56,58.48,58.65,Attn-GRU-45
550535,2026-03-06,2026-03-16,58.4,58.32,58.51,Attn-GRU-45
550535,2026-03-06,2026-03-17,58.49,58.41,58.64,Attn-GRU-45
550535,2026-03-06,2026-03-18,58.53,58.44,58.68,Attn-GRU-45
550535,2026-03-06,2026-03-19,58.61,58.5,58.71,Attn-GRU-45
550535,2026-03-06,2026-03-20,58.62,58.49,58.74,Attn-GRU-45
550535,2026-03-06,2026-03-21,58.54,58.41,58.68,Attn-GRU-45
550535,2026-03-06,2026-03-22,58.55,58.39,58.7,Attn-GRU-45
550535,2026-03-06,2026-03-23,58.68,58.52,58.86,Attn-GRU-45
550535,2026-03-06,2026-03-24,58.65,58.5,58.88,Attn-GRU-45
550535,2026-03-06,2026-03-25,58.6,58.46,58.83,Attn-GRU-45
550535,2026-03-06,2026-03-26,58.61,58.43,58.81,Attn-GRU-45
550535,2026-03-06,2026-03-27,58.66,58.49,58.92,Attn-GRU-45
550535,2026-03-06,2026-03-28,58.49,58.35,58.76,Attn-GRU-45
550535,2026-03-06,2026-03-29,58.59,58.36,58.83,Attn-GRU-45
550535,2026-03-06,2026-03-30,58.71,58.52,59.01,Attn-GRU-45
550535,2026-03-06,2026-03-31,58.67,58.43,59.01,Attn-GRU-45
550535,2026-03-06,2026-04-01,58.61,58.39,58.92,Attn-GRU-45
550535,2026-03-06,2026-04-02,58.52,58.34,58.84,Attn-GRU-45
550535,2026-03-06,2026-04-03,58.76,58.53,59.04,Attn-GRU-45
550535,2026-03-06,2026-04-04,58.71,58.45,59.05,Attn-GRU-45
550535,2026-03-06,2026-04-05,58.56,58.31,58.83,Attn-GRU-45
550536,2026-03-06,2026-03-07,12.37,12.37,12.38,Attn-GRU-45
550536,2026-03-06,2026-03-08,12.36,12.35,12.37,Attn-GRU-45
550536,2026-03-06,2026-03-09,12.35,12.34,12.36,Attn-GRU-45
550536,2026-03-06,2026-03-10,12.35,12.35,12.37,Attn-GRU-45
550536,2026-03-06,2026-03-11,12.34,12.33,12.35,Attn-GRU-45
550536,2026-03-06,2026-03-12,12.33,12.32,12.34,Attn-GRU-45
550536,2026-03-06,2026-03-13,12.34,12.32,12.35,Attn-GRU-45
550536,2026-03-06,2026-03-14,12.35,12.34,12.38,Attn-GRU-45
550536,2026-03-06,2026-03-15,12.34,12.31,12.37,Attn-GRU-45
550536,2026-03-06,2026-03-16,12.31,12.29,12.34,Attn-GRU-45
550536,2026-03-06,2026-03-17,12.3,12.27,12.33,Attn-GRU-45
550536,2026-03-06,2026-03-18,12.3,12.25,12.36,Attn-GRU-45
550536,2026-03-06,2026-03-19,12.33,12.29,12.37,Attn-GRU-45
550536,2026-03-06,2026-03-20,12.31,12.26,12.37,Attn-GRU-45
550536,2026-03-06,2026-03-21,12.3,12.25,12.36,Attn-GRU-45
550536,2026-03-06,2026-03-22,12.32,12.25,12.38,Attn-GRU-45
550536,2026-03-06,2026-03-23,12.33,12.26,12.39,Attn-GRU-45
550536,2026-03-06,2026-03-24,12.32,12.26,12.39,Attn-GRU-45
550536,2026-03-06,2026-03-25,12.3,12.23,12.38,Attn-GRU-45
550536,2026-03-06,2026-03-26,12.28,12.22,12.38,Attn-GRU-45
550536,2026-03-06,2026-03-27,12.31,12.26,12.41,Attn-GRU-45
550536,2026-03-06,2026-03-28,12.28,12.23,12.35,Attn-GRU-45
550536,2026-03-06,2026-03-29,12.27,12.21,12.37,Attn-GRU-45
550536,2026-03-06,2026-03-30,12.32,12.25,12.41,Attn-GRU-45
550536,2026-03-06,2026-03-31,12.3,12.22,12.42,Attn-GRU-45
550536,2026-03-06,2026-04-01,12.29,12.22,12.37,Attn-GRU-45
550536,2026-03-06,2026-04-02,12.29,12.22,12.38,Attn-GRU-45
550536,2026-03-06,2026-04-03,12.35,12.27,12.43,Attn-GRU-45
550536,2026-03-06,2026-04-04,12.31,12.22,12.43,Attn-GRU-45
550536,2026-03-06,2026-04-05,12.27,12.19,12.36,Attn-GRU-45
550537,2026-03-06,2026-03-07,32.99,32.97,33.01,Attn-GRU-45
550537,2026-03-06,2026-03-08,32.96,32.94,32.99,Attn-GRU-45
550537,2026-03-06,2026-03-09,32.94,32.92,32.97,Attn-GRU-45
550537,2026-03-06,2026-03-10,32.92,32.89,32.96,Attn-GRU-45
550537,2026-03-06,2026-03-11,32.89,32.85,32.93,Attn-GRU-45
550537,2026-03-06,2026-03-12,32.86,32.81,32.9,Attn-GRU-45
550537,2026-03-06,2026-03-13,32.81,32.75,32.87,Attn-GRU-45
550537,2026-03-06,2026-03-14,32.72,32.66,32.82,Attn-GRU-45
550537,2026-03-06,2026-03-15,32.66,32.6,32.79,Attn-GRU-45
550537,2026-03-06,2026-03-16,32.63,32.57,32.72,Attn-GRU-45
550537,2026-03-06,2026-03-17,32.56,32.5,32.66,Attn-GRU-45
550537,2026-03-06,2026-03-18,32.52,32.47,32.62,Attn-GRU-45
550537,2026-03-06,2026-03-19,32.47,32.45,32.53,Attn-GRU-45
550537,2026-03-06,2026-03-20,32.45,32.44,32.51,Attn-GRU-45
550537,2026-03-06,2026-03-21,32.45,32.44,32.49,Attn-GRU-45
550537,2026-03-06,2026-03-22,32.44,32.44,32.48,Attn-GRU-45
550537,2026-03-06,2026-03-23,32.44,32.44,32.47,Attn-GRU-45
550537,2026-03-06,2026-03-24,32.44,32.44,32.46,Attn-GRU-45
550537,2026-03-06,2026-03-25,32.44,32.44,32.45,Attn-GRU-45
550537,2026-03-06,2026-03-26,32.44,32.44,32.45,Attn-GRU-45
550537,2026-03-06,2026-03-27,32.44,32.44,32.45,Attn-GRU-45
550537,2026-03-06,2026-03-28,32.44,32.44,32.44,Attn-GRU-45
550537,2026-03-06,2026-03-29,32.44,32.44,32.45,Attn-GRU-45
550537,2026-03-06,2026-03-30,32.44,32.44,32.45,Attn-GRU-45
550537,2026-03-06,2026-03-31,32.44,32.44,32.44,Attn-GRU-45
550537,2026-03-06,2026-04-01,32.44,32.44,32.44,Attn-GRU-45
550537,2026-03-06,2026-04-02,32.44,32.44,32.44,Attn-GRU-45
550537,2026-03-06,2026-04-03,32.44,32.44,32.44,Attn-GRU-45
550537,2026-03-06,2026-04-04,32.44,32.44,32.44,Attn-GRU-45
550537,2026-03-06,2026-04-05,32.44,32.44,32.44,Attn-GRU-45
550538,2026-03-06,2026-03-07,25.98,25.88,26.08,Attn-GRU-45
550538,2026-03-06,2026-03-08,26.06,25.91,26.18,Attn-GRU-45
550538,2026-03-06,2026-03-09,26.1,25.86,26.24,Attn-GRU-45
550538,2026-03-06,2026-03-10,26.16,25.95,26.37,Attn-GRU-45
550538,2026-03-06,2026-03-11,26.25,25.91,26.52,Attn-GRU-45
550538,2026-03-06,2026-03-12,26.32,26.05,26.58,Attn-GRU-45
550538,2026-03-06,2026-03-13,26.49,26.15,26.89,Attn-GRU-45
550538,2026-03-06,2026-03-14,26.51,26.12,26.92,Attn-GRU-45
550538,2026-03-06,2026-03-15,26.72,26.21,27.14,Attn-GRU-45
550538,2026-03-06,2026-03-16,26.91,26.48,27.26,Attn-GRU-45
550538,2026-03-06,2026-03-17,26.97,26.32,27.37,Attn-GRU-45
550538,2026-03-06,2026-03-18,26.9,26.33,27.3,Attn-GRU-45
550538,2026-03-06,2026-03-19,27.14,26.62,27.43,Attn-GRU-45
550538,2026-03-06,2026-03-20,27.26,26.59,27.54,Attn-GRU-45
550538,2026-03-06,2026-03-21,27.29,26.77,27.62,Attn-GRU-45
550538,2026-03-06,2026-03-22,27.33,26.87,27.61,Attn-GRU-45
550538,2026-03-06,2026-03-23,27.45,26.87,27.71,Attn-GRU-45
550538,2026-03-06,2026-03-24,27.55,27.05,27.85,Attn-GRU-45
550538,2026-03-06,2026-03-25,27.63,27.1,27.86,Attn-GRU-45
550538,2026-03-06,2026-03-26,27.63,27.17,27.9,Attn-GRU-45
550538,2026-03-06,2026-03-27,27.71,27.26,27.89,Attn-GRU-45
550538,2026-03-06,2026-03-28,27.79,27.38,27.97,Attn-GRU-45
550538,2026-03-06,2026-03-29,27.78,27.34,27.95,Attn-GRU-45
550538,2026-03-06,2026-03-30,27.83,27.39,27.98,Attn-GRU-45
550538,2026-03-06,2026-03-31,27.89,27.56,28.0,Attn-GRU-45
550538,2026-03-06,2026-04-01,27.9,27.57,28.01,Attn-GRU-45
550538,2026-03-06,2026-04-02,27.94,27.6,28.01,Attn-GRU-45
550538,2026-03-06,2026-04-03,27.88,27.51,27.99,Attn-GRU-45
550538,2026-03-06,2026-04-04,27.91,27.55,28.01,Attn-GRU-45
550538,2026-03-06,2026-04-05,27.92,27.65,28.01,Attn-GRU-45
550540,2026-03-06,2026-03-07,24.04,24.03,24.05,Attn-GRU-45
550540,2026-03-06,2026-03-08,24.01,24.0,24.02,Attn-GRU-45
550540,2026-03-06,2026-03-09,24.0,23.99,24.01,Attn-GRU-45
550540,2026-03-06,2026-03-10,24.0,23.99,24.02,Attn-GRU-45
550540,2026-03-06,2026-03-11,23.98,23.96,23.99,Attn-GRU-45
550540,2026-03-06,2026-03-12,23.98,23.96,23.99,Attn-GRU-45
550540,2026-03-06,2026-03-13,23.98,23.96,23.99,Attn-GRU-45
550540,2026-03-06,2026-03-14,23.96,23.93,24.0,Attn-GRU-45
550540,2026-03-06,2026-03-15,23.95,23.91,23.98,Attn-GRU-45
550540,2026-03-06,2026-03-16,23.92,23.9,23.95,Attn-GRU-45
550540,2026-03-06,2026-03-17,23.93,23.89,23.96,Attn-GRU-45
550540,2026-03-06,2026-03-18,23.89,23.83,23.96,Attn-GRU-45
550540,2026-03-06,2026-03-19,23.92,23.85,23.98,Attn-GRU-45
550540,2026-03-06,2026-03-20,23.88,23.79,23.99,Attn-GRU-45
550540,2026-03-06,2026-03-21,23.84,23.77,23.93,Attn-GRU-45
550540,2026-03-06,2026-03-22,23.89,23.77,23.97,Attn-GRU-45
550540,2026-03-06,2026-03-23,23.87,23.78,23.98,Attn-GRU-45
550540,2026-03-06,2026-03-24,23.86,23.79,23.97,Attn-GRU-45
550540,2026-03-06,2026-03-25,23.85,23.76,23.95,Attn-GRU-45
550540,2026-03-06,2026-03-26,23.81,23.72,23.91,Attn-GRU-45
550540,2026-03-06,2026-03-27,23.82,23.72,23.91,Attn-GRU-45
550540,2026-03-06,2026-03-28,23.82,23.73,23.9,Attn-GRU-45
550540,2026-03-06,2026-03-29,23.81,23.73,23.89,Attn-GRU-45
550540,2026-03-06,2026-03-30,23.81,23.71,23.92,Attn-GRU-45
550540,2026-03-06,2026-03-31,23.82,23.7,23.92,Attn-GRU-45
550540,2026-03-06,2026-04-01,23.8,23.7,23.9,Attn-GRU-45
550540,2026-03-06,2026-04-02,23.81,23.7,23.92,Attn-GRU-45
550540,2026-03-06,2026-04-03,23.86,23.71,23.95,Attn-GRU-45
550540,2026-03-06,2026-04-04,23.82,23.68,23.92,Attn-GRU-45
550540,2026-03-06,2026-04-05,23.77,23.66,23.85,Attn-GRU-45
550541,2026-03-06,2026-03-07,28.01,27.88,28.11,Attn-GRU-45
550541,2026-03-06,2026-03-08,28.14,28.01,28.3,Attn-GRU-45
550541,2026-03-06,2026-03-09,28.11,27.94,28.33,Attn-GRU-45
550541,2026-03-06,2026-03-10,28.25,28.04,28.49,Attn-GRU-45
550541,2026-03-06,2026-03-11,28.31,28.05,28.67,Attn-GRU-45
550541,2026-03-06,2026-03-12,28.45,28.1,28.75,Attn-GRU-45
550541,2026-03-06,2026-03-13,28.66,28.32,28.94,Attn-GRU-45
550541,2026-03-06,2026-03-14,28.73,28.3,29.02,Attn-GRU-45
550541,2026-03-06,2026-03-15,28.79,28.21,29.17,Attn-GRU-45
550541,2026-03-06,2026-03-16,28.96,28.63,29.26,Attn-GRU-45
550541,2026-03-06,2026-03-17,29.06,28.63,29.39,Attn-GRU-45
550541,2026-03-06,2026-03-18,29.1,28.79,29.37,Attn-GRU-45
550541,2026-03-06,2026-03-19,29.18,28.8,29.41,Attn-GRU-45
550541,2026-03-06,2026-03-20,29.29,28.84,29.48,Attn-GRU-45
550541,2026-03-06,2026-03-21,29.31,28.93,29.5,Attn-GRU-45
550541,2026-03-06,2026-03-22,29.34,29.05,29.51,Attn-GRU-45
550541,2026-03-06,2026-03-23,29.41,29.13,29.54,Attn-GRU-45
550541,2026-03-06,2026-03-24,29.48,29.24,29.58,Attn-GRU-45
550541,2026-03-06,2026-03-25,29.51,29.24,29.58,Attn-GRU-45
550541,2026-03-06,2026-03-26,29.54,29.33,29.6,Attn-GRU-45
550541,2026-03-06,2026-03-27,29.53,29.36,29.6,Attn-GRU-45
550541,2026-03-06,2026-03-28,29.57,29.36,29.61,Attn-GRU-45
550541,2026-03-06,2026-03-29,29.57,29.46,29.62,Attn-GRU-45
550541,2026-03-06,2026-03-30,29.58,29.4,29.61,Attn-GRU-45
550541,2026-03-06,2026-03-31,29.59,29.47,29.62,Attn-GRU-45
550541,2026-03-06,2026-04-01,29.61,29.53,29.62,Attn-GRU-45
550541,2026-03-06,2026-04-02,29.6,29.51,29.62,Attn-GRU-45
550541,2026-03-06,2026-04-03,29.59,29.49,29.62,Attn-GRU-45
550541,2026-03-06,2026-04-04,29.61,29.52,29.62,Attn-GRU-45
550541,2026-03-06,2026-04-05,29.61,29.54,29.62,Attn-GRU-45
550542,2026-03-06,2026-03-07,37.83,37.8,37.85,Attn-GRU-45
550542,2026-03-06,2026-03-08,37.84,37.82,37.87,Attn-GRU-45
550542,2026-03-06,2026-03-09,37.84,37.81,37.86,Attn-GRU-45
550542,2026-03-06,2026-03-10,37.86,37.82,37.9,Attn-GRU-45
550542,2026-03-06,2026-03-11,37.85,37.79,37.89,Attn-GRU-45
550542,2026-03-06,2026-03-12,37.85,37.79,37.89,Attn-GRU-45
550542,2026-03-06,2026-03-13,37.89,37.83,37.95,Attn-GRU-45
550542,2026-03-06,2026-03-14,37.9,37.85,37.99,Attn-GRU-45
550542,2026-03-06,2026-03-15,37.91,37.81,38.0,Attn-GRU-45
550542,2026-03-06,2026-03-16,37.93,37.85,38.02,Attn-GRU-45
550542,2026-03-06,2026-03-17,37.94,37.83,38.04,Attn-GRU-45
550542,2026-03-06,2026-03-18,37.93,37.81,38.03,Attn-GRU-45
550542,2026-03-06,2026-03-19,37.99,37.91,38.07,Attn-GRU-45
550542,2026-03-06,2026-03-20,37.98,37.87,38.11,Attn-GRU-45
550542,2026-03-06,2026-03-21,38.0,37.88,38.11,Attn-GRU-45
550542,2026-03-06,2026-03-22,38.04,37.95,38.13,Attn-GRU-45
550542,2026-03-06,2026-03-23,38.07,37.94,38.16,Attn-GRU-45
550542,2026-03-06,2026-03-24,38.11,37.99,38.23,Attn-GRU-45
550542,2026-03-06,2026-03-25,38.13,37.98,38.22,Attn-GRU-45
550542,2026-03-06,2026-03-26,38.11,37.98,38.24,Attn-GRU-45
550542,2026-03-06,2026-03-27,38.15,38.02,38.25,Attn-GRU-45
550542,2026-03-06,2026-03-28,38.15,37.98,38.27,Attn-GRU-45
550542,2026-03-06,2026-03-29,38.15,38.0,38.28,Attn-GRU-45
550542,2026-03-06,2026-03-30,38.19,38.05,38.3,Attn-GRU-45
550542,2026-03-06,2026-03-31,38.21,38.08,38.33,Attn-GRU-45
550542,2026-03-06,2026-04-01,38.24,38.04,38.34,Attn-GRU-45
550542,2026-03-06,2026-04-02,38.25,38.13,38.36,Attn-GRU-45
550542,2026-03-06,2026-04-03,38.23,38.09,38.33,Attn-GRU-45
550542,2026-03-06,2026-04-04,38.26,38.11,38.35,Attn-GRU-45
550542,2026-03-06,2026-04-05,38.24,38.11,38.33,Attn-GRU-45
550544,2026-03-06,2026-03-07,36.54,36.52,36.55,Attn-GRU-45
550544,2026-03-06,2026-03-08,36.53,36.51,36.54,Attn-GRU-45
550544,2026-03-06,2026-03-09,36.51,36.5,36.54,Attn-GRU-45
550544,2026-03-06,2026-03-10,36.53,36.51,36.56,Attn-GRU-45
550544,2026-03-06,2026-03-11,36.5,36.47,36.53,Attn-GRU-45
550544,2026-03-06,2026-03-12,36.5,36.46,36.53,Attn-GRU-45
550544,2026-03-06,2026-03-13,36.52,36.48,36.55,Attn-GRU-45
550544,2026-03-06,2026-03-14,36.55,36.51,36.61,Attn-GRU-45
550544,2026-03-06,2026-03-15,36.53,36.46,36.6,Attn-GRU-45
550544,2026-03-06,2026-03-16,36.5,36.46,36.55,Attn-GRU-45
550544,2026-03-06,2026-03-17,36.49,36.42,36.56,Attn-GRU-45
550544,2026-03-06,2026-03-18,36.5,36.42,36.59,Attn-GRU-45
550544,2026-03-06,2026-03-19,36.56,36.48,36.64,Attn-GRU-45
550544,2026-03-06,2026-03-20,36.55,36.44,36.68,Attn-GRU-45
550544,2026-03-06,2026-03-21,36.55,36.44,36.64,Attn-GRU-45
550544,2026-03-06,2026-03-22,36.57,36.46,36.67,Attn-GRU-45
550544,2026-03-06,2026-03-23,36.62,36.5,36.7,Attn-GRU-45
550544,2026-03-06,2026-03-24,36.66,36.54,36.75,Attn-GRU-45
550544,2026-03-06,2026-03-25,36.63,36.52,36.75,Attn-GRU-45
550544,2026-03-06,2026-03-26,36.58,36.46,36.72,Attn-GRU-45
550544,2026-03-06,2026-03-27,36.65,36.51,36.78,Attn-GRU-45
550544,2026-03-06,2026-03-28,36.56,36.43,36.75,Attn-GRU-45
550544,2026-03-06,2026-03-29,36.61,36.42,36.73,Attn-GRU-45
550544,2026-03-06,2026-03-30,36.67,36.53,36.79,Attn-GRU-45
550544,2026-03-06,2026-03-31,36.66,36.49,36.85,Attn-GRU-45
550544,2026-03-06,2026-04-01,36.63,36.48,36.82,Attn-GRU-45
550544,2026-03-06,2026-04-02,36.65,36.54,36.79,Attn-GRU-45
550544,2026-03-06,2026-04-03,36.75,36.55,36.89,Attn-GRU-45
550544,2026-03-06,2026-04-04,36.73,36.55,36.87,Attn-GRU-45
550544,2026-03-06,2026-04-05,36.67,36.47,36.79,Attn-GRU-45
550549,2026-03-06,2026-03-07,81.5,80.91,82.01,Attn-GRU-45
550549,2026-03-06,2026-03-08,82.0,81.22,82.72,Attn-GRU-45
550549,2026-03-06,2026-03-09,81.96,81.11,82.86,Attn-GRU-45
550549,2026-03-06,2026-03-10,82.66,81.42,83.42,Attn-GRU-45
550549,2026-03-06,2026-03-11,82.94,81.69,84.55,Attn-GRU-45
550549,2026-03-06,2026-03-12,83.6,82.07,84.74,Attn-GRU-45
550549,2026-03-06,2026-03-13,84.39,82.71,85.41,Attn-GRU-45
550549,2026-03-06,2026-03-14,84.58,83.1,85.68,Attn-GRU-45
550549,2026-03-06,2026-03-15,84.98,82.59,86.04,Attn-GRU-45
550549,2026-03-06,2026-03-16,85.63,84.34,86.35,Attn-GRU-45
550549,2026-03-06,2026-03-17,86.02,84.38,86.66,Attn-GRU-45
550549,2026-03-06,2026-03-18,85.96,84.61,86.62,Attn-GRU-45
550549,2026-03-06,2026-03-19,86.2,85.39,86.62,Attn-GRU-45
550549,2026-03-06,2026-03-20,86.4,85.26,86.79,Attn-GRU-45
550549,2026-03-06,2026-03-21,86.48,85.6,86.83,Attn-GRU-45
550549,2026-03-06,2026-03-22,86.58,85.93,86.8,Attn-GRU-45
550549,2026-03-06,2026-03-23,86.63,86.12,86.83,Attn-GRU-45
550549,2026-03-06,2026-03-24,86.74,86.04,86.9,Attn-GRU-45
550549,2026-03-06,2026-03-25,86.81,86.11,86.9,Attn-GRU-45
550549,2026-03-06,2026-03-26,86.86,86.5,86.92,Attn-GRU-45
550549,2026-03-06,2026-03-27,86.85,86.5,86.92,Attn-GRU-45
550549,2026-03-06,2026-03-28,86.9,86.61,86.93,Attn-GRU-45
550549,2026-03-06,2026-03-29,86.91,86.71,86.93,Attn-GRU-45
550549,2026-03-06,2026-03-30,86.91,86.7,86.93,Attn-GRU-45
550549,2026-03-06,2026-03-31,86.92,86.76,86.93,Attn-GRU-45
550549,2026-03-06,2026-04-01,86.92,86.84,86.93,Attn-GRU-45
550549,2026-03-06,2026-04-02,86.93,86.85,86.93,Attn-GRU-45
550549,2026-03-06,2026-04-03,86.92,86.78,86.93,Attn-GRU-45
550549,2026-03-06,2026-04-04,86.92,86.87,86.93,Attn-GRU-45
550549,2026-03-06,2026-04-05,86.93,86.86,86.93,Attn-GRU-45
550674,2026-03-06,2026-03-07,32.13,32.04,32.22,Attn-GRU-45
550674,2026-03-06,2026-03-08,32.19,32.05,32.32,Attn-GRU-45
550674,2026-03-06,2026-03-09,32.24,31.98,32.43,Attn-GRU-45
550674,2026-03-06,2026-03-10,32.33,32.13,32.51,Attn-GRU-45
550674,2026-03-06,2026-03-11,32.4,32.05,32.74,Attn-GRU-45
550674,2026-03-06,2026-03-12,32.52,32.13,32.75,Attn-GRU-45
550674,2026-03-06,2026-03-13,32.66,32.35,32.91,Attn-GRU-45
550674,2026-03-06,2026-03-14,32.67,32.27,32.97,Attn-GRU-45
550674,2026-03-06,2026-03-15,32.82,32.3,33.19,Attn-GRU-45
550674,2026-03-06,2026-03-16,32.98,32.65,33.23,Attn-GRU-45
550674,2026-03-06,2026-03-17,33.03,32.63,33.31,Attn-GRU-45
550674,2026-03-06,2026-03-18,33.01,32.56,33.28,Attn-GRU-45
550674,2026-03-06,2026-03-19,33.16,32.71,33.37,Attn-GRU-45
550674,2026-03-06,2026-03-20,33.22,32.76,33.44,Attn-GRU-45
550674,2026-03-06,2026-03-21,33.31,32.88,33.49,Attn-GRU-45
550674,2026-03-06,2026-03-22,33.3,32.98,33.51,Attn-GRU-45
550674,2026-03-06,2026-03-23,33.36,33.03,33.51,Attn-GRU-45
550674,2026-03-06,2026-03-24,33.4,33.08,33.55,Attn-GRU-45
550674,2026-03-06,2026-03-25,33.46,33.17,33.58,Attn-GRU-45
550674,2026-03-06,2026-03-26,33.5,33.33,33.58,Attn-GRU-45
550674,2026-03-06,2026-03-27,33.49,33.19,33.58,Attn-GRU-45
550674,2026-03-06,2026-03-28,33.56,33.23,33.61,Attn-GRU-45
550674,2026-03-06,2026-03-29,33.55,33.3,33.61,Attn-GRU-45
550674,2026-03-06,2026-03-30,33.55,33.38,33.61,Attn-GRU-45
550674,2026-03-06,2026-03-31,33.58,33.42,33.61,Attn-GRU-45
550674,2026-03-06,2026-04-01,33.59,33.48,33.62,Attn-GRU-45
550674,2026-03-06,2026-04-02,33.6,33.51,33.62,Attn-GRU-45
550674,2026-03-06,2026-04-03,33.59,33.44,33.61,Attn-GRU-45
550674,2026-03-06,2026-04-04,33.6,33.45,33.62,Attn-GRU-45
550674,2026-03-06,2026-04-05,33.6,33.51,33.62,Attn-GRU-45
550718,2026-03-06,2026-03-07,27.88,27.81,27.98,Attn-GRU-45
550718,2026-03-06,2026-03-08,27.96,27.85,28.07,Attn-GRU-45
550718,2026-03-06,2026-03-09,28.02,27.88,28.14,Attn-GRU-45
550718,2026-03-06,2026-03-10,28.06,27.85,28.26,Attn-GRU-45
550718,2026-03-06,2026-03-11,28.12,27.88,28.39,Attn-GRU-45
550718,2026-03-06,2026-03-12,28.22,27.94,28.46,Attn-GRU-45
550718,2026-03-06,2026-03-13,28.39,28.14,28.62,Attn-GRU-45
550718,2026-03-06,2026-03-14,28.38,28.06,28.64,Attn-GRU-45
550718,2026-03-06,2026-03-15,28.54,28.1,28.82,Attn-GRU-45
550718,2026-03-06,2026-03-16,28.64,28.38,28.86,Attn-GRU-45
550718,2026-03-06,2026-03-17,28.68,28.32,28.93,Attn-GRU-45
550718,2026-03-06,2026-03-18,28.71,28.47,28.91,Attn-GRU-45
550718,2026-03-06,2026-03-19,28.81,28.49,28.95,Attn-GRU-45
550718,2026-03-06,2026-03-20,28.86,28.5,29.0,Attn-GRU-45
550718,2026-03-06,2026-03-21,28.89,28.59,29.02,Attn-GRU-45
550718,2026-03-06,2026-03-22,28.91,28.75,29.01,Attn-GRU-45
550718,2026-03-06,2026-03-23,28.94,28.81,29.04,Attn-GRU-45
550718,2026-03-06,2026-03-24,29.0,28.82,29.07,Attn-GRU-45
550718,2026-03-06,2026-03-25,29.0,28.85,29.07,Attn-GRU-45
550718,2026-03-06,2026-03-26,29.04,28.85,29.08,Attn-GRU-45
550718,2026-03-06,2026-03-27,29.03,28.87,29.08,Attn-GRU-45
550718,2026-03-06,2026-03-28,29.06,28.97,29.09,Attn-GRU-45
550718,2026-03-06,2026-03-29,29.06,28.96,29.09,Attn-GRU-45
550718,2026-03-06,2026-03-30,29.07,28.97,29.09,Attn-GRU-45
550718,2026-03-06,2026-03-31,29.08,29.01,29.09,Attn-GRU-45
550718,2026-03-06,2026-04-01,29.08,29.03,29.09,Attn-GRU-45
550718,2026-03-06,2026-04-02,29.08,29.04,29.09,Attn-GRU-45
550718,2026-03-06,2026-04-03,29.08,29.03,29.09,Attn-GRU-45
550718,2026-03-06,2026-04-04,29.09,29.06,29.09,Attn-GRU-45
550718,2026-03-06,2026-04-05,29.09,29.04,29.09,Attn-GRU-45
550719,2026-03-06,2026-03-07,13.36,13.35,13.36,Attn-GRU-45
550719,2026-03-06,2026-03-08,13.34,13.34,13.35,Attn-GRU-45
550719,2026-03-06,2026-03-09,13.34,13.34,13.35,Attn-GRU-45
550719,2026-03-06,2026-03-10,13.34,13.33,13.35,Attn-GRU-45
550719,2026-03-06,2026-03-11,13.33,13.32,13.33,Attn-GRU-45
550719,2026-03-06,2026-03-12,13.33,13.32,13.33,Attn-GRU-45
550719,2026-03-06,2026-03-13,13.33,13.32,13.33,Attn-GRU-45
550719,2026-03-06,2026-03-14,13.32,13.31,13.34,Attn-GRU-45
550719,2026-03-06,2026-03-15,13.31,13.29,13.33,Attn-GRU-45
550719,2026-03-06,2026-03-16,13.3,13.28,13.31,Attn-GRU-45
550719,2026-03-06,2026-03-17,13.3,13.28,13.32,Attn-GRU-45
550719,2026-03-06,2026-03-18,13.27,13.24,13.3,Attn-GRU-45
550719,2026-03-06,2026-03-19,13.28,13.25,13.32,Attn-GRU-45
550719,2026-03-06,2026-03-20,13.26,13.22,13.32,Attn-GRU-45
550719,2026-03-06,2026-03-21,13.24,13.21,13.28,Attn-GRU-45
550719,2026-03-06,2026-03-22,13.26,13.21,13.31,Attn-GRU-45
550719,2026-03-06,2026-03-23,13.25,13.21,13.3,Attn-GRU-45
550719,2026-03-06,2026-03-24,13.26,13.21,13.31,Attn-GRU-45
550719,2026-03-06,2026-03-25,13.24,13.2,13.29,Attn-GRU-45
550719,2026-03-06,2026-03-26,13.22,13.18,13.28,Attn-GRU-45
550719,2026-03-06,2026-03-27,13.23,13.19,13.28,Attn-GRU-45
550719,2026-03-06,2026-03-28,13.23,13.2,13.27,Attn-GRU-45
550719,2026-03-06,2026-03-29,13.21,13.18,13.27,Attn-GRU-45
550719,2026-03-06,2026-03-30,13.23,13.18,13.27,Attn-GRU-45
550719,2026-03-06,2026-03-31,13.23,13.18,13.29,Attn-GRU-45
550719,2026-03-06,2026-04-01,13.22,13.18,13.26,Attn-GRU-45
550719,2026-03-06,2026-04-02,13.23,13.18,13.28,Attn-GRU-45
550719,2026-03-06,2026-04-03,13.23,13.19,13.3,Attn-GRU-45
550719,2026-03-06,2026-04-04,13.22,13.17,13.27,Attn-GRU-45
550719,2026-03-06,2026-04-05,13.2,13.17,13.26,Attn-GRU-45
550721,2026-03-06,2026-03-07,27.37,27.3,27.45,Attn-GRU-45
550721,2026-03-06,2026-03-08,27.41,27.33,27.5,Attn-GRU-45
550721,2026-03-06,2026-03-09,27.42,27.34,27.52,Attn-GRU-45
550721,2026-03-06,2026-03-10,27.51,27.39,27.6,Attn-GRU-45
550721,2026-03-06,2026-03-11,27.47,27.29,27.63,Attn-GRU-45
550721,2026-03-06,2026-03-12,27.55,27.35,27.76,Attn-GRU-45
550721,2026-03-06,2026-03-13,27.68,27.44,27.83,Attn-GRU-45
550721,2026-03-06,2026-03-14,27.69,27.48,27.92,Attn-GRU-45
550721,2026-03-06,2026-03-15,27.75,27.49,28.03,Attn-GRU-45
550721,2026-03-06,2026-03-16,27.88,27.65,28.08,Attn-GRU-45
550721,2026-03-06,2026-03-17,27.93,27.59,28.16,Attn-GRU-45
550721,2026-03-06,2026-03-18,27.94,27.69,28.13,Attn-GRU-45
550721,2026-03-06,2026-03-19,28.01,27.74,28.2,Attn-GRU-45
550721,2026-03-06,2026-03-20,28.08,27.79,28.27,Attn-GRU-45
550721,2026-03-06,2026-03-21,28.1,27.86,28.31,Attn-GRU-45
550721,2026-03-06,2026-03-22,28.18,27.91,28.32,Attn-GRU-45
550721,2026-03-06,2026-03-23,28.19,27.97,28.36,Attn-GRU-45
550721,2026-03-06,2026-03-24,28.29,28.05,28.42,Attn-GRU-45
550721,2026-03-06,2026-03-25,28.31,28.02,28.45,Attn-GRU-45
550721,2026-03-06,2026-03-26,28.34,28.14,28.45,Attn-GRU-45
550721,2026-03-06,2026-03-27,28.33,28.08,28.46,Attn-GRU-45
550721,2026-03-06,2026-03-28,28.41,28.13,28.49,Attn-GRU-45
550721,2026-03-06,2026-03-29,28.4,28.09,28.48,Attn-GRU-45
550721,2026-03-06,2026-03-30,28.41,28.21,28.51,Attn-GRU-45
550721,2026-03-06,2026-03-31,28.45,28.26,28.52,Attn-GRU-45
550721,2026-03-06,2026-04-01,28.45,28.24,28.51,Attn-GRU-45
550721,2026-03-06,2026-04-02,28.46,28.32,28.52,Attn-GRU-45
550721,2026-03-06,2026-04-03,28.42,28.22,28.5,Attn-GRU-45
550721,2026-03-06,2026-04-04,28.47,28.36,28.52,Attn-GRU-45
550721,2026-03-06,2026-04-05,28.47,28.3,28.52,Attn-GRU-45
550838,2026-03-06,2026-03-07,13.37,13.36,13.38,Attn-GRU-45
550838,2026-03-06,2026-03-08,13.36,13.36,13.37,Attn-GRU-45
550838,2026-03-06,2026-03-09,13.35,13.35,13.36,Attn-GRU-45
550838,2026-03-06,2026-03-10,13.36,13.35,13.37,Attn-GRU-45
550838,2026-03-06,2026-03-11,13.34,13.33,13.36,Attn-GRU-45
550838,2026-03-06,2026-03-12,13.34,13.33,13.35,Attn-GRU-45
550838,2026-03-06,2026-03-13,13.34,13.33,13.36,Attn-GRU-45
550838,2026-03-06,2026-03-14,13.35,13.33,13.39,Attn-GRU-45
550838,2026-03-06,2026-03-15,13.35,13.32,13.38,Attn-GRU-45
550838,2026-03-06,2026-03-16,13.33,13.3,13.35,Attn-GRU-45
550838,2026-03-06,2026-03-17,13.31,13.28,13.36,Attn-GRU-45
550838,2026-03-06,2026-03-18,13.31,13.25,13.36,Attn-GRU-45
550838,2026-03-06,2026-03-19,13.34,13.29,13.39,Attn-GRU-45
550838,2026-03-06,2026-03-20,13.33,13.26,13.39,Attn-GRU-45
550838,2026-03-06,2026-03-21,13.32,13.26,13.37,Attn-GRU-45
550838,2026-03-06,2026-03-22,13.34,13.27,13.41,Attn-GRU-45
550838,2026-03-06,2026-03-23,13.35,13.27,13.4,Attn-GRU-45
550838,2026-03-06,2026-03-24,13.34,13.29,13.41,Attn-GRU-45
550838,2026-03-06,2026-03-25,13.32,13.26,13.41,Attn-GRU-45
550838,2026-03-06,2026-03-26,13.31,13.22,13.39,Attn-GRU-45
550838,2026-03-06,2026-03-27,13.35,13.26,13.41,Attn-GRU-45
550838,2026-03-06,2026-03-28,13.32,13.24,13.38,Attn-GRU-45
550838,2026-03-06,2026-03-29,13.31,13.23,13.38,Attn-GRU-45
550838,2026-03-06,2026-03-30,13.35,13.28,13.42,Attn-GRU-45
550838,2026-03-06,2026-03-31,13.35,13.24,13.43,Attn-GRU-45
550838,2026-03-06,2026-04-01,13.32,13.23,13.39,Attn-GRU-45
550838,2026-03-06,2026-04-02,13.33,13.27,13.4,Attn-GRU-45
550838,2026-03-06,2026-04-03,13.37,13.29,13.45,Attn-GRU-45
550838,2026-03-06,2026-04-04,13.36,13.25,13.45,Attn-GRU-45
550838,2026-03-06,2026-04-05,13.31,13.24,13.39,Attn-GRU-45
550839,2026-03-06,2026-03-07,48.97,48.93,49.0,Attn-GRU-45
550839,2026-03-06,2026-03-08,48.92,48.89,48.95,Attn-GRU-45
550839,2026-03-06,2026-03-09,48.89,48.85,48.93,Attn-GRU-45
550839,2026-03-06,2026-03-10,48.94,48.89,48.99,Attn-GRU-45
550839,2026-03-06,2026-03-11,48.82,48.78,48.87,Attn-GRU-45
550839,2026-03-06,2026-03-12,48.82,48.77,48.88,Attn-GRU-45
550839,2026-03-06,2026-03-13,48.87,48.77,48.94,Attn-GRU-45
550839,2026-03-06,2026-03-14,48.91,48.81,49.01,Attn-GRU-45
550839,2026-03-06,2026-03-15,48.87,48.72,49.03,Attn-GRU-45
550839,2026-03-06,2026-03-16,48.8,48.67,48.92,Attn-GRU-45
550839,2026-03-06,2026-03-17,48.78,48.63,48.97,Attn-GRU-45
550839,2026-03-06,2026-03-18,48.73,48.53,49.0,Attn-GRU-45
550839,2026-03-06,2026-03-19,48.84,48.65,49.06,Attn-GRU-45
550839,2026-03-06,2026-03-20,48.8,48.47,49.1,Attn-GRU-45
550839,2026-03-06,2026-03-21,48.72,48.48,48.98,Attn-GRU-45
550839,2026-03-06,2026-03-22,48.89,48.63,49.21,Attn-GRU-45
550839,2026-03-06,2026-03-23,48.84,48.57,49.07,Attn-GRU-45
550839,2026-03-06,2026-03-24,48.92,48.59,49.16,Attn-GRU-45
550839,2026-03-06,2026-03-25,48.81,48.49,49.16,Attn-GRU-45
550839,2026-03-06,2026-03-26,48.71,48.32,49.11,Attn-GRU-45
550839,2026-03-06,2026-03-27,48.83,48.5,49.13,Attn-GRU-45
550839,2026-03-06,2026-03-28,48.72,48.44,48.99,Attn-GRU-45
550839,2026-03-06,2026-03-29,48.75,48.45,49.08,Attn-GRU-45
550839,2026-03-06,2026-03-30,48.89,48.51,49.22,Attn-GRU-45
550839,2026-03-06,2026-03-31,48.87,48.48,49.3,Attn-GRU-45
550839,2026-03-06,2026-04-01,48.72,48.36,49.01,Attn-GRU-45
550839,2026-03-06,2026-04-02,48.82,48.51,49.13,Attn-GRU-45
550839,2026-03-06,2026-04-03,49.02,48.64,49.31,Attn-GRU-45
550839,2026-03-06,2026-04-04,48.93,48.55,49.34,Attn-GRU-45
550839,2026-03-06,2026-04-05,48.85,48.47,49.09,Attn-GRU-45
550844,2026-03-06,2026-03-07,24.35,24.32,24.39,Attn-GRU-45
550844,2026-03-06,2026-03-08,24.36,24.33,24.38,Attn-GRU-45
550844,2026-03-06,2026-03-09,24.35,24.32,24.39,Attn-GRU-45
550844,2026-03-06,2026-03-10,24.38,24.33,24.43,Attn-GRU-45
550844,2026-03-06,2026-03-11,24.35,24.29,24.41,Attn-GRU-45
550844,2026-03-06,2026-03-12,24.37,24.31,24.44,Attn-GRU-45
550844,2026-03-06,2026-03-13,24.41,24.34,24.5,Attn-GRU-45
550844,2026-03-06,2026-03-14,24.44,24.32,24.52,Attn-GRU-45
550844,2026-03-06,2026-03-15,24.43,24.32,24.52,Attn-GRU-45
550844,2026-03-06,2026-03-16,24.46,24.36,24.59,Attn-GRU-45
550844,2026-03-06,2026-03-17,24.44,24.33,24.57,Attn-GRU-45
550844,2026-03-06,2026-03-18,24.43,24.3,24.56,Attn-GRU-45
550844,2026-03-06,2026-03-19,24.53,24.39,24.64,Attn-GRU-45
550844,2026-03-06,2026-03-20,24.5,24.3,24.7,Attn-GRU-45
550844,2026-03-06,2026-03-21,24.55,24.37,24.68,Attn-GRU-45
550844,2026-03-06,2026-03-22,24.59,24.46,24.73,Attn-GRU-45
550844,2026-03-06,2026-03-23,24.62,24.47,24.75,Attn-GRU-45
550844,2026-03-06,2026-03-24,24.71,24.5,24.85,Attn-GRU-45
550844,2026-03-06,2026-03-25,24.7,24.49,24.89,Attn-GRU-45
550844,2026-03-06,2026-03-26,24.68,24.42,24.88,Attn-GRU-45
550844,2026-03-06,2026-03-27,24.74,24.53,24.88,Attn-GRU-45
550844,2026-03-06,2026-03-28,24.73,24.48,24.93,Attn-GRU-45
550844,2026-03-06,2026-03-29,24.72,24.52,24.93,Attn-GRU-45
550844,2026-03-06,2026-03-30,24.79,24.58,24.96,Attn-GRU-45
550844,2026-03-06,2026-03-31,24.84,24.54,25.01,Attn-GRU-45
550844,2026-03-06,2026-04-01,24.87,24.56,25.0,Attn-GRU-45
550844,2026-03-06,2026-04-02,24.86,24.67,25.04,Attn-GRU-45
550844,2026-03-06,2026-04-03,24.84,24.7,25.0,Attn-GRU-45
550844,2026-03-06,2026-04-04,24.9,24.67,25.03,Attn-GRU-45
550844,2026-03-06,2026-04-05,24.86,24.65,25.02,Attn-GRU-45
551943,2026-03-06,2026-03-07,40.45,40.37,40.51,Attn-GRU-45
551943,2026-03-06,2026-03-08,40.26,40.17,40.32,Attn-GRU-45
551943,2026-03-06,2026-03-09,40.16,40.08,40.24,Attn-GRU-45
551943,2026-03-06,2026-03-10,40.22,40.11,40.33,Attn-GRU-45
551943,2026-03-06,2026-03-11,40.0,39.92,40.09,Attn-GRU-45
551943,2026-03-06,2026-03-12,39.96,39.86,40.07,Attn-GRU-45
551943,2026-03-06,2026-03-13,39.92,39.77,40.03,Attn-GRU-45
551943,2026-03-06,2026-03-14,39.93,39.64,40.14,Attn-GRU-45
551943,2026-03-06,2026-03-15,39.71,39.41,40.06,Attn-GRU-45
551943,2026-03-06,2026-03-16,39.5,39.25,39.68,Attn-GRU-45
551943,2026-03-06,2026-03-17,39.57,39.21,39.92,Attn-GRU-45
551943,2026-03-06,2026-03-18,39.32,38.83,39.77,Attn-GRU-45
551943,2026-03-06,2026-03-19,39.38,38.89,39.88,Attn-GRU-45
551943,2026-03-06,2026-03-20,39.13,38.58,39.89,Attn-GRU-45
551943,2026-03-06,2026-03-21,38.86,38.32,39.41,Attn-GRU-45
551943,2026-03-06,2026-03-22,39.2,38.42,39.79,Attn-GRU-45
551943,2026-03-06,2026-03-23,39.02,38.42,39.86,Attn-GRU-45
551943,2026-03-06,2026-03-24,39.08,38.41,39.68,Attn-GRU-45
551943,2026-03-06,2026-03-25,38.82,38.29,39.59,Attn-GRU-45
551943,2026-03-06,2026-03-26,38.51,37.88,39.33,Attn-GRU-45
551943,2026-03-06,2026-03-27,38.51,37.8,39.29,Attn-GRU-45
551943,2026-03-06,2026-03-28,38.55,38.01,39.15,Attn-GRU-45
551943,2026-03-06,2026-03-29,38.68,37.86,39.36,Attn-GRU-45
551943,2026-03-06,2026-03-30,38.76,38.06,39.36,Attn-GRU-45
551943,2026-03-06,2026-03-31,38.47,37.82,39.4,Attn-GRU-45
551943,2026-03-06,2026-04-01,38.34,37.67,39.02,Attn-GRU-45
551943,2026-03-06,2026-04-02,38.49,37.9,39.4,Attn-GRU-45
551943,2026-03-06,2026-04-03,38.93,38.13,39.58,Attn-GRU-45
551943,2026-03-06,2026-04-04,38.62,37.94,39.47,Attn-GRU-45
551943,2026-03-06,2026-04-05,38.27,37.7,39.01,Attn-GRU-45
551944,2026-03-06,2026-03-07,45.13,45.11,45.15,Attn-GRU-45
551944,2026-03-06,2026-03-08,44.99,44.96,45.03,Attn-GRU-45
551944,2026-03-06,2026-03-09,44.93,44.9,44.96,Attn-GRU-45
551944,2026-03-06,2026-03-10,45.0,44.95,45.05,Attn-GRU-45
551944,2026-03-06,2026-03-11,44.83,44.77,44.87,Attn-GRU-45
551944,2026-03-06,2026-03-12,44.83,44.76,44.88,Attn-GRU-45
551944,2026-03-06,2026-03-13,44.7,44.61,44.77,Attn-GRU-45
551944,2026-03-06,2026-03-14,44.84,44.73,44.93,Attn-GRU-45
551944,2026-03-06,2026-03-15,44.76,44.62,44.9,Attn-GRU-45
551944,2026-03-06,2026-03-16,44.43,44.3,44.53,Attn-GRU-45
551944,2026-03-06,2026-03-17,44.44,44.25,44.64,Attn-GRU-45
551944,2026-03-06,2026-03-18,44.41,44.16,44.64,Attn-GRU-45
551944,2026-03-06,2026-03-19,44.36,43.94,44.59,Attn-GRU-45
551944,2026-03-06,2026-03-20,44.17,43.68,44.6,Attn-GRU-45
551944,2026-03-06,2026-03-21,43.74,43.37,44.15,Attn-GRU-45
551944,2026-03-06,2026-03-22,43.63,43.18,44.17,Attn-GRU-45
551944,2026-03-06,2026-03-23,43.71,43.33,44.24,Attn-GRU-45
551944,2026-03-06,2026-03-24,43.7,43.29,44.19,Attn-GRU-45
551944,2026-03-06,2026-03-25,43.45,43.06,43.95,Attn-GRU-45
551944,2026-03-06,2026-03-26,43.49,43.07,43.98,Attn-GRU-45
551944,2026-03-06,2026-03-27,43.42,43.06,43.93,Attn-GRU-45
551944,2026-03-06,2026-03-28,43.39,43.0,43.78,Attn-GRU-45
551944,2026-03-06,2026-03-29,43.36,42.94,43.81,Attn-GRU-45
551944,2026-03-06,2026-03-30,43.35,42.92,43.94,Attn-GRU-45
551944,2026-03-06,2026-03-31,43.16,42.75,43.65,Attn-GRU-45
551944,2026-03-06,2026-04-01,43.12,42.78,43.58,Attn-GRU-45
551944,2026-03-06,2026-04-02,43.09,42.76,43.64,Attn-GRU-45
551944,2026-03-06,2026-04-03,43.2,42.79,43.83,Attn-GRU-45
551944,2026-03-06,2026-04-04,43.22,42.8,43.71,Attn-GRU-45
551944,2026-03-06,2026-04-05,43.11,42.72,43.5,Attn-GRU-45
559716,2026-03-06,2026-03-07,36.32,36.3,36.36,Attn-GRU-45
559716,2026-03-06,2026-03-08,36.32,36.28,36.35,Attn-GRU-45
559716,2026-03-06,2026-03-09,36.33,36.28,36.4,Attn-GRU-45
559716,2026-03-06,2026-03-10,36.37,36.31,36.42,Attn-GRU-45
559716,2026-03-06,2026-03-11,36.33,36.24,36.43,Attn-GRU-45
559716,2026-03-06,2026-03-12,36.38,36.3,36.48,Attn-GRU-45
559716,2026-03-06,2026-03-13,36.4,36.31,36.52,Attn-GRU-45
559716,2026-03-06,2026-03-14,36.46,36.35,36.58,Attn-GRU-45
559716,2026-03-06,2026-03-15,36.48,36.34,36.63,Attn-GRU-45
559716,2026-03-06,2026-03-16,36.49,36.36,36.62,Attn-GRU-45
559716,2026-03-06,2026-03-17,36.55,36.35,36.7,Attn-GRU-45
559716,2026-03-06,2026-03-18,36.56,36.41,36.69,Attn-GRU-45
559716,2026-03-06,2026-03-19,36.63,36.45,36.77,Attn-GRU-45
559716,2026-03-06,2026-03-20,36.7,36.49,36.86,Attn-GRU-45
559716,2026-03-06,2026-03-21,36.63,36.49,36.82,Attn-GRU-45
559716,2026-03-06,2026-03-22,36.72,36.54,36.87,Attn-GRU-45
559716,2026-03-06,2026-03-23,36.74,36.59,36.89,Attn-GRU-45
559716,2026-03-06,2026-03-24,36.84,36.59,36.99,Attn-GRU-45
559716,2026-03-06,2026-03-25,36.89,36.66,37.02,Attn-GRU-45
559716,2026-03-06,2026-03-26,36.88,36.69,37.03,Attn-GRU-45
559716,2026-03-06,2026-03-27,36.87,36.63,37.03,Attn-GRU-45
559716,2026-03-06,2026-03-28,36.93,36.66,37.07,Attn-GRU-45
559716,2026-03-06,2026-03-29,36.91,36.64,37.07,Attn-GRU-45
559716,2026-03-06,2026-03-30,36.93,36.76,37.12,Attn-GRU-45
559716,2026-03-06,2026-03-31,36.99,36.79,37.12,Attn-GRU-45
559716,2026-03-06,2026-04-01,37.01,36.74,37.14,Attn-GRU-45
559716,2026-03-06,2026-04-02,37.04,36.85,37.13,Attn-GRU-45
559716,2026-03-06,2026-04-03,36.98,36.78,37.12,Attn-GRU-45
559716,2026-03-06,2026-04-04,37.03,36.83,37.13,Attn-GRU-45
559716,2026-03-06,2026-04-05,37.04,36.8,37.15,Attn-GRU-45
561976,2026-03-06,2026-03-07,30.12,30.05,30.17,Attn-GRU-45
561976,2026-03-06,2026-03-08,30.08,30.0,30.16,Attn-GRU-45
561976,2026-03-06,2026-03-09,30.14,30.03,30.25,Attn-GRU-45
561976,2026-03-06,2026-03-10,30.24,30.12,30.36,Attn-GRU-45
561976,2026-03-06,2026-03-11,30.15,29.98,30.36,Attn-GRU-45
561976,2026-03-06,2026-03-12,30.26,30.11,30.47,Attn-GRU-45
561976,2026-03-06,2026-03-13,30.29,30.06,30.46,Attn-GRU-45
561976,2026-03-06,2026-03-14,30.41,30.12,30.59,Attn-GRU-45
561976,2026-03-06,2026-03-15,30.56,30.27,30.86,Attn-GRU-45
561976,2026-03-06,2026-03-16,30.49,30.2,30.74,Attn-GRU-45
561976,2026-03-06,2026-03-17,30.63,30.37,31.01,Attn-GRU-45
561976,2026-03-06,2026-03-18,30.64,30.4,30.87,Attn-GRU-45
561976,2026-03-06,2026-03-19,30.82,30.53,31.09,Attn-GRU-45
561976,2026-03-06,2026-03-20,30.91,30.64,31.19,Attn-GRU-45
561976,2026-03-06,2026-03-21,30.86,30.59,31.09,Attn-GRU-45
561976,2026-03-06,2026-03-22,31.04,30.76,31.24,Attn-GRU-45
561976,2026-03-06,2026-03-23,31.06,30.75,31.29,Attn-GRU-45
561976,2026-03-06,2026-03-24,31.16,30.85,31.41,Attn-GRU-45
561976,2026-03-06,2026-03-25,31.25,30.97,31.49,Attn-GRU-45
561976,2026-03-06,2026-03-26,31.23,30.76,31.45,Attn-GRU-45
561976,2026-03-06,2026-03-27,31.26,30.87,31.46,Attn-GRU-45
561976,2026-03-06,2026-03-28,31.41,31.01,31.58,Attn-GRU-45
561976,2026-03-06,2026-03-29,31.34,31.02,31.55,Attn-GRU-45
561976,2026-03-06,2026-03-30,31.41,31.06,31.59,Attn-GRU-45
561976,2026-03-06,2026-03-31,31.46,31.17,31.64,Attn-GRU-45
561976,2026-03-06,2026-04-01,31.44,31.1,31.63,Attn-GRU-45
561976,2026-03-06,2026-04-02,31.52,31.23,31.65,Attn-GRU-45
561976,2026-03-06,2026-04-03,31.45,31.17,31.62,Attn-GRU-45
561976,2026-03-06,2026-04-04,31.51,31.16,31.65,Attn-GRU-45
561976,2026-03-06,2026-04-05,31.52,31.27,31.66,Attn-GRU-45
561977,2026-03-06,2026-03-07,25.42,25.4,25.45,Attn-GRU-45
561977,2026-03-06,2026-03-08,25.4,25.37,25.42,Attn-GRU-45
561977,2026-03-06,2026-03-09,25.42,25.36,25.46,Attn-GRU-45
561977,2026-03-06,2026-03-10,25.43,25.4,25.47,Attn-GRU-45
561977,2026-03-06,2026-03-11,25.41,25.35,25.46,Attn-GRU-45
561977,2026-03-06,2026-03-12,25.43,25.37,25.48,Attn-GRU-45
561977,2026-03-06,2026-03-13,25.42,25.37,25.48,Attn-GRU-45
561977,2026-03-06,2026-03-14,25.49,25.42,25.56,Attn-GRU-45
561977,2026-03-06,2026-03-15,25.52,25.42,25.62,Attn-GRU-45
561977,2026-03-06,2026-03-16,25.48,25.39,25.58,Attn-GRU-45
561977,2026-03-06,2026-03-17,25.53,25.4,25.65,Attn-GRU-45
561977,2026-03-06,2026-03-18,25.5,25.43,25.62,Attn-GRU-45
561977,2026-03-06,2026-03-19,25.59,25.5,25.7,Attn-GRU-45
561977,2026-03-06,2026-03-20,25.62,25.45,25.77,Attn-GRU-45
561977,2026-03-06,2026-03-21,25.6,25.47,25.71,Attn-GRU-45
561977,2026-03-06,2026-03-22,25.69,25.55,25.8,Attn-GRU-45
561977,2026-03-06,2026-03-23,25.69,25.56,25.81,Attn-GRU-45
561977,2026-03-06,2026-03-24,25.74,25.58,25.89,Attn-GRU-45
561977,2026-03-06,2026-03-25,25.79,25.63,25.92,Attn-GRU-45
561977,2026-03-06,2026-03-26,25.73,25.53,25.91,Attn-GRU-45
561977,2026-03-06,2026-03-27,25.76,25.58,25.92,Attn-GRU-45
561977,2026-03-06,2026-03-28,25.78,25.57,25.96,Attn-GRU-45
561977,2026-03-06,2026-03-29,25.8,25.56,25.95,Attn-GRU-45
561977,2026-03-06,2026-03-30,25.88,25.67,26.02,Attn-GRU-45
561977,2026-03-06,2026-03-31,25.9,25.68,26.04,Attn-GRU-45
561977,2026-03-06,2026-04-01,25.87,25.62,26.05,Attn-GRU-45
561977,2026-03-06,2026-04-02,25.89,25.69,26.07,Attn-GRU-45
561977,2026-03-06,2026-04-03,25.91,25.76,26.05,Attn-GRU-45
561977,2026-03-06,2026-04-04,25.9,25.73,26.06,Attn-GRU-45
561977,2026-03-06,2026-04-05,25.92,25.72,26.09,Attn-GRU-45
561978,2026-03-06,2026-03-07,17.84,17.83,17.85,Attn-GRU-45
561978,2026-03-06,2026-03-08,17.82,17.81,17.83,Attn-GRU-45
561978,2026-03-06,2026-03-09,17.81,17.81,17.82,Attn-GRU-45
561978,2026-03-06,2026-03-10,17.8,17.79,17.82,Attn-GRU-45
561978,2026-03-06,2026-03-11,17.79,17.78,17.81,Attn-GRU-45
561978,2026-03-06,2026-03-12,17.78,17.76,17.8,Attn-GRU-45
561978,2026-03-06,2026-03-13,17.76,17.73,17.78,Attn-GRU-45
561978,2026-03-06,2026-03-14,17.73,17.7,17.77,Attn-GRU-45
561978,2026-03-06,2026-03-15,17.7,17.67,17.75,Attn-GRU-45
561978,2026-03-06,2026-03-16,17.69,17.66,17.72,Attn-GRU-45
561978,2026-03-06,2026-03-17,17.66,17.62,17.7,Attn-GRU-45
561978,2026-03-06,2026-03-18,17.64,17.61,17.68,Attn-GRU-45
561978,2026-03-06,2026-03-19,17.61,17.59,17.66,Attn-GRU-45
561978,2026-03-06,2026-03-20,17.59,17.58,17.62,Attn-GRU-45
561978,2026-03-06,2026-03-21,17.59,17.58,17.61,Attn-GRU-45
561978,2026-03-06,2026-03-22,17.58,17.58,17.59,Attn-GRU-45
561978,2026-03-06,2026-03-23,17.58,17.58,17.59,Attn-GRU-45
561978,2026-03-06,2026-03-24,17.58,17.58,17.59,Attn-GRU-45
561978,2026-03-06,2026-03-25,17.58,17.58,17.59,Attn-GRU-45
561978,2026-03-06,2026-03-26,17.58,17.58,17.58,Attn-GRU-45
561978,2026-03-06,2026-03-27,17.58,17.58,17.58,Attn-GRU-45
561978,2026-03-06,2026-03-28,17.58,17.58,17.58,Attn-GRU-45
561978,2026-03-06,2026-03-29,17.58,17.58,17.58,Attn-GRU-45
561978,2026-03-06,2026-03-30,17.58,17.58,17.58,Attn-GRU-45
561978,2026-03-06,2026-03-31,17.58,17.58,17.58,Attn-GRU-45
561978,2026-03-06,2026-04-01,17.58,17.58,17.58,Attn-GRU-45
561978,2026-03-06,2026-04-02,17.58,17.58,17.58,Attn-GRU-45
561978,2026-03-06,2026-04-03,17.58,17.58,17.58,Attn-GRU-45
561978,2026-03-06,2026-04-04,17.58,17.58,17.58,Attn-GRU-45
561978,2026-03-06,2026-04-05,17.58,17.58,17.58,Attn-GRU-45
561979,2026-03-06,2026-03-07,20.15,20.14,20.17,Attn-GRU-45
561979,2026-03-06,2026-03-08,20.12,20.11,20.14,Attn-GRU-45
561979,2026-03-06,2026-03-09,20.13,20.1,20.16,Attn-GRU-45
561979,2026-03-06,2026-03-10,20.16,20.14,20.19,Attn-GRU-45
561979,2026-03-06,2026-03-11,20.12,20.08,20.17,Attn-GRU-45
561979,2026-03-06,2026-03-12,20.14,20.1,20.18,Attn-GRU-45
561979,2026-03-06,2026-03-13,20.12,20.07,20.18,Attn-GRU-45
561979,2026-03-06,2026-03-14,20.2,20.15,20.27,Attn-GRU-45
561979,2026-03-06,2026-03-15,20.26,20.19,20.35,Attn-GRU-45
561979,2026-03-06,2026-03-16,20.16,20.08,20.24,Attn-GRU-45
561979,2026-03-06,2026-03-17,20.25,20.15,20.34,Attn-GRU-45
561979,2026-03-06,2026-03-18,20.25,20.19,20.34,Attn-GRU-45
561979,2026-03-06,2026-03-19,20.33,20.24,20.41,Attn-GRU-45
561979,2026-03-06,2026-03-20,20.34,20.22,20.44,Attn-GRU-45
561979,2026-03-06,2026-03-21,20.31,20.25,20.4,Attn-GRU-45
561979,2026-03-06,2026-03-22,20.4,20.31,20.48,Attn-GRU-45
561979,2026-03-06,2026-03-23,20.4,20.3,20.52,Attn-GRU-45
561979,2026-03-06,2026-03-24,20.43,20.29,20.57,Attn-GRU-45
561979,2026-03-06,2026-03-25,20.45,20.31,20.56,Attn-GRU-45
561979,2026-03-06,2026-03-26,20.41,20.27,20.53,Attn-GRU-45
561979,2026-03-06,2026-03-27,20.45,20.32,20.59,Attn-GRU-45
561979,2026-03-06,2026-03-28,20.44,20.27,20.57,Attn-GRU-45
561979,2026-03-06,2026-03-29,20.47,20.28,20.58,Attn-GRU-45
561979,2026-03-06,2026-03-30,20.56,20.4,20.7,Attn-GRU-45
561979,2026-03-06,2026-03-31,20.57,20.4,20.72,Attn-GRU-45
561979,2026-03-06,2026-04-01,20.48,20.31,20.67,Attn-GRU-45
561979,2026-03-06,2026-04-02,20.52,20.31,20.64,Attn-GRU-45
561979,2026-03-06,2026-04-03,20.58,20.39,20.69,Attn-GRU-45
561979,2026-03-06,2026-04-04,20.6,20.44,20.72,Attn-GRU-45
561979,2026-03-06,2026-04-05,20.54,20.36,20.68,Attn-GRU-45
561980,2026-03-06,2026-03-07,50.63,50.62,50.64,Attn-GRU-45
561980,2026-03-06,2026-03-08,50.57,50.55,50.59,Attn-GRU-45
561980,2026-03-06,2026-03-09,50.53,50.51,50.55,Attn-GRU-45
561980,2026-03-06,2026-03-10,50.57,50.52,50.6,Attn-GRU-45
561980,2026-03-06,2026-03-11,50.46,50.41,50.5,Attn-GRU-45
561980,2026-03-06,2026-03-12,50.49,50.45,50.52,Attn-GRU-45
561980,2026-03-06,2026-03-13,50.42,50.37,50.47,Attn-GRU-45
561980,2026-03-06,2026-03-14,50.56,50.46,50.63,Attn-GRU-45
561980,2026-03-06,2026-03-15,50.5,50.39,50.6,Attn-GRU-45
561980,2026-03-06,2026-03-16,50.34,50.27,50.41,Attn-GRU-45
561980,2026-03-06,2026-03-17,50.42,50.3,50.54,Attn-GRU-45
561980,2026-03-06,2026-03-18,50.5,50.36,50.62,Attn-GRU-45
561980,2026-03-06,2026-03-19,50.48,50.29,50.65,Attn-GRU-45
561980,2026-03-06,2026-03-20,50.45,50.25,50.65,Attn-GRU-45
561980,2026-03-06,2026-03-21,50.39,50.2,50.54,Attn-GRU-45
561980,2026-03-06,2026-03-22,50.3,50.03,50.56,Attn-GRU-45
561980,2026-03-06,2026-03-23,50.39,50.07,50.61,Attn-GRU-45
561980,2026-03-06,2026-03-24,50.31,50.04,50.63,Attn-GRU-45
561980,2026-03-06,2026-03-25,50.31,50.08,50.62,Attn-GRU-45
561980,2026-03-06,2026-03-26,50.23,49.93,50.54,Attn-GRU-45
561980,2026-03-06,2026-03-27,50.27,49.93,50.56,Attn-GRU-45
561980,2026-03-06,2026-03-28,50.2,49.89,50.47,Attn-GRU-45
561980,2026-03-06,2026-03-29,50.17,49.91,50.54,Attn-GRU-45
561980,2026-03-06,2026-03-30,50.28,49.88,50.63,Attn-GRU-45
561980,2026-03-06,2026-03-31,50.26,49.99,50.63,Attn-GRU-45
561980,2026-03-06,2026-04-01,50.19,49.82,50.53,Attn-GRU-45
561980,2026-03-06,2026-04-02,49.96,49.68,50.38,Attn-GRU-45
561980,2026-03-06,2026-04-03,50.26,49.97,50.66,Attn-GRU-45
561980,2026-03-06,2026-04-04,50.21,49.88,50.65,Attn-GRU-45
561980,2026-03-06,2026-04-05,49.97,49.69,50.36,Attn-GRU-45
561981,2026-03-06,2026-03-07,39.94,39.92,39.96,Attn-GRU-45
561981,2026-03-06,2026-03-08,39.88,39.86,39.91,Attn-GRU-45
561981,2026-03-06,2026-03-09,39.86,39.83,39.88,Attn-GRU-45
561981,2026-03-06,2026-03-10,39.84,39.79,39.88,Attn-GRU-45
561981,2026-03-06,2026-03-11,39.78,39.74,39.83,Attn-GRU-45
561981,2026-03-06,2026-03-12,39.76,39.7,39.8,Attn-GRU-45
561981,2026-03-06,2026-03-13,39.67,39.62,39.75,Attn-GRU-45
561981,2026-03-06,2026-03-14,39.62,39.54,39.73,Attn-GRU-45
561981,2026-03-06,2026-03-15,39.54,39.43,39.65,Attn-GRU-45
561981,2026-03-06,2026-03-16,39.45,39.36,39.58,Attn-GRU-45
561981,2026-03-06,2026-03-17,39.37,39.23,39.5,Attn-GRU-45
561981,2026-03-06,2026-03-18,39.29,39.17,39.5,Attn-GRU-45
561981,2026-03-06,2026-03-19,39.16,39.09,39.33,Attn-GRU-45
561981,2026-03-06,2026-03-20,39.09,39.04,39.24,Attn-GRU-45
561981,2026-03-06,2026-03-21,39.09,39.04,39.21,Attn-GRU-45
561981,2026-03-06,2026-03-22,39.05,39.02,39.16,Attn-GRU-45
561981,2026-03-06,2026-03-23,39.06,39.02,39.12,Attn-GRU-45
561981,2026-03-06,2026-03-24,39.03,39.01,39.08,Attn-GRU-45
561981,2026-03-06,2026-03-25,39.02,39.01,39.1,Attn-GRU-45
561981,2026-03-06,2026-03-26,39.02,39.01,39.07,Attn-GRU-45
561981,2026-03-06,2026-03-27,39.02,39.01,39.06,Attn-GRU-45
561981,2026-03-06,2026-03-28,39.02,39.01,39.04,Attn-GRU-45
561981,2026-03-06,2026-03-29,39.01,39.01,39.05,Attn-GRU-45
561981,2026-03-06,2026-03-30,39.01,39.01,39.04,Attn-GRU-45
561981,2026-03-06,2026-03-31,39.01,39.01,39.04,Attn-GRU-45
561981,2026-03-06,2026-04-01,39.01,39.01,39.04,Attn-GRU-45
561981,2026-03-06,2026-04-02,39.01,39.01,39.03,Attn-GRU-45
561981,2026-03-06,2026-04-03,39.01,39.01,39.03,Attn-GRU-45
561981,2026-03-06,2026-04-04,39.01,39.01,39.04,Attn-GRU-45
561981,2026-03-06,2026-04-05,39.01,39.01,39.03,Attn-GRU-45
561982,2026-03-06,2026-03-07,56.08,55.93,56.27,Attn-GRU-45
561982,2026-03-06,2026-03-08,55.74,55.51,55.96,Attn-GRU-45
561982,2026-03-06,2026-03-09,55.61,55.37,55.88,Attn-GRU-45
561982,2026-03-06,2026-03-10,55.26,54.94,55.75,Attn-GRU-45
561982,2026-03-06,2026-03-11,55.06,54.68,55.52,Attn-GRU-45
561982,2026-03-06,2026-03-12,54.83,54.27,55.3,Attn-GRU-45
561982,2026-03-06,2026-03-13,54.31,53.76,54.97,Attn-GRU-45
561982,2026-03-06,2026-03-14,53.61,52.91,54.43,Attn-GRU-45
561982,2026-03-06,2026-03-15,52.99,52.33,54.03,Attn-GRU-45
561982,2026-03-06,2026-03-16,52.74,52.14,53.49,Attn-GRU-45
561982,2026-03-06,2026-03-17,52.04,51.38,53.06,Attn-GRU-45
561982,2026-03-06,2026-03-18,51.55,51.15,52.37,Attn-GRU-45
561982,2026-03-06,2026-03-19,51.16,50.86,51.89,Attn-GRU-45
561982,2026-03-06,2026-03-20,50.9,50.76,51.45,Attn-GRU-45
561982,2026-03-06,2026-03-21,50.83,50.75,51.1,Attn-GRU-45
561982,2026-03-06,2026-03-22,50.76,50.72,50.97,Attn-GRU-45
561982,2026-03-06,2026-03-23,50.75,50.72,50.9,Attn-GRU-45
561982,2026-03-06,2026-03-24,50.74,50.72,50.86,Attn-GRU-45
561982,2026-03-06,2026-03-25,50.73,50.72,50.82,Attn-GRU-45
561982,2026-03-06,2026-03-26,50.73,50.72,50.81,Attn-GRU-45
561982,2026-03-06,2026-03-27,50.72,50.72,50.78,Attn-GRU-45
561982,2026-03-06,2026-03-28,50.72,50.71,50.76,Attn-GRU-45
561982,2026-03-06,2026-03-29,50.72,50.71,50.76,Attn-GRU-45
561982,2026-03-06,2026-03-30,50.72,50.71,50.79,Attn-GRU-45
561982,2026-03-06,2026-03-31,50.72,50.71,50.78,Attn-GRU-45
561982,2026-03-06,2026-04-01,50.72,50.71,50.74,Attn-GRU-45
561982,2026-03-06,2026-04-02,50.72,50.71,50.74,Attn-GRU-45
561982,2026-03-06,2026-04-03,50.72,50.71,50.74,Attn-GRU-45
561982,2026-03-06,2026-04-04,50.72,50.71,50.73,Attn-GRU-45
561982,2026-03-06,2026-04-05,50.72,50.71,50.74,Attn-GRU-45
561983,2026-03-06,2026-03-07,89.07,88.99,89.16,Attn-GRU-45
561983,2026-03-06,2026-03-08,88.97,88.83,89.06,Attn-GRU-45
561983,2026-03-06,2026-03-09,88.89,88.77,89.01,Attn-GRU-45
561983,2026-03-06,2026-03-10,88.81,88.65,88.95,Attn-GRU-45
561983,2026-03-06,2026-03-11,88.68,88.47,88.83,Attn-GRU-45
561983,2026-03-06,2026-03-12,88.57,88.36,88.78,Attn-GRU-45
561983,2026-03-06,2026-03-13,88.33,88.08,88.59,Attn-GRU-45
561983,2026-03-06,2026-03-14,88.02,87.79,88.3,Attn-GRU-45
561983,2026-03-06,2026-03-15,87.84,87.57,88.17,Attn-GRU-45
561983,2026-03-06,2026-03-16,87.66,87.5,87.9,Attn-GRU-45
561983,2026-03-06,2026-03-17,87.49,87.34,87.83,Attn-GRU-45
561983,2026-03-06,2026-03-18,87.38,87.29,87.59,Attn-GRU-45
561983,2026-03-06,2026-03-19,87.28,87.25,87.41,Attn-GRU-45
561983,2026-03-06,2026-03-20,87.26,87.25,87.31,Attn-GRU-45
561983,2026-03-06,2026-03-21,87.25,87.25,87.28,Attn-GRU-45
561983,2026-03-06,2026-03-22,87.25,87.24,87.26,Attn-GRU-45
561983,2026-03-06,2026-03-23,87.25,87.24,87.26,Attn-GRU-45
561983,2026-03-06,2026-03-24,87.24,87.24,87.25,Attn-GRU-45
561983,2026-03-06,2026-03-25,87.24,87.24,87.25,Attn-GRU-45
561983,2026-03-06,2026-03-26,87.24,87.24,87.25,Attn-GRU-45
561983,2026-03-06,2026-03-27,87.24,87.24,87.25,Attn-GRU-45
561983,2026-03-06,2026-03-28,87.24,87.24,87.25,Attn-GRU-45
561983,2026-03-06,2026-03-29,87.24,87.24,87.25,Attn-GRU-45
561983,2026-03-06,2026-03-30,87.24,87.24,87.24,Attn-GRU-45
561983,2026-03-06,2026-03-31,87.24,87.24,87.25,Attn-GRU-45
561983,2026-03-06,2026-04-01,87.24,87.24,87.24,Attn-GRU-45
561983,2026-03-06,2026-04-02,87.24,87.24,87.24,Attn-GRU-45
561983,2026-03-06,2026-04-03,87.24,87.24,87.24,Attn-GRU-45
561983,2026-03-06,2026-04-04,87.24,87.24,87.24,Attn-GRU-45
561983,2026-03-06,2026-04-05,87.24,87.24,87.24,Attn-GRU-45
561984,2026-03-06,2026-03-07,65.41,65.32,65.49,Attn-GRU-45
561984,2026-03-06,2026-03-08,65.16,65.02,65.27,Attn-GRU-45
561984,2026-03-06,2026-03-09,65.06,64.93,65.18,Attn-GRU-45
561984,2026-03-06,2026-03-10,64.89,64.71,65.1,Attn-GRU-45
561984,2026-03-06,2026-03-11,64.72,64.46,64.95,Attn-GRU-45
561984,2026-03-06,2026-03-12,64.54,64.27,64.79,Attn-GRU-45
561984,2026-03-06,2026-03-13,64.22,63.96,64.57,Attn-GRU-45
561984,2026-03-06,2026-03-14,63.77,63.4,64.2,Attn-GRU-45
561984,2026-03-06,2026-03-15,63.39,62.97,63.9,Attn-GRU-45
561984,2026-03-06,2026-03-16,63.15,62.83,63.63,Attn-GRU-45
561984,2026-03-06,2026-03-17,62.71,62.3,63.33,Attn-GRU-45
561984,2026-03-06,2026-03-18,62.43,62.02,62.98,Attn-GRU-45
561984,2026-03-06,2026-03-19,62.02,61.77,62.6,Attn-GRU-45
561984,2026-03-06,2026-03-20,61.81,61.66,62.17,Attn-GRU-45
561984,2026-03-06,2026-03-21,61.76,61.67,62.07,Attn-GRU-45
561984,2026-03-06,2026-03-22,61.68,61.62,61.99,Attn-GRU-45
561984,2026-03-06,2026-03-23,61.67,61.63,61.9,Attn-GRU-45
561984,2026-03-06,2026-03-24,61.65,61.62,61.76,Attn-GRU-45
561984,2026-03-06,2026-03-25,61.63,61.62,61.78,Attn-GRU-45
561984,2026-03-06,2026-03-26,61.64,61.62,61.71,Attn-GRU-45
561984,2026-03-06,2026-03-27,61.63,61.61,61.7,Attn-GRU-45
561984,2026-03-06,2026-03-28,61.62,61.61,61.67,Attn-GRU-45
561984,2026-03-06,2026-03-29,61.62,61.61,61.7,Attn-GRU-45
561984,2026-03-06,2026-03-30,61.62,61.61,61.66,Attn-GRU-45
561984,2026-03-06,2026-03-31,61.62,61.61,61.68,Attn-GRU-45
561984,2026-03-06,2026-04-01,61.62,61.61,61.67,Attn-GRU-45
561984,2026-03-06,2026-04-02,61.62,61.61,61.64,Attn-GRU-45
561984,2026-03-06,2026-04-03,61.62,61.61,61.65,Attn-GRU-45
561984,2026-03-06,2026-04-04,61.62,61.61,61.64,Attn-GRU-45
561984,2026-03-06,2026-04-05,61.62,61.61,61.65,Attn-GRU-45
561991,2026-03-06,2026-03-07,107.76,107.69,107.81,Attn-GRU-45
561991,2026-03-06,2026-03-08,107.44,107.33,107.53,Attn-GRU-45
561991,2026-03-06,2026-03-09,107.29,107.18,107.42,Attn-GRU-45
561991,2026-03-06,2026-03-10,107.33,107.15,107.52,Attn-GRU-45
561991,2026-03-06,2026-03-11,106.97,106.8,107.14,Attn-GRU-45
561991,2026-03-06,2026-03-12,106.98,106.78,107.18,Attn-GRU-45
561991,2026-03-06,2026-03-13,106.54,106.21,106.79,Attn-GRU-45
561991,2026-03-06,2026-03-14,106.61,106.27,106.99,Attn-GRU-45
561991,2026-03-06,2026-03-15,106.3,105.68,106.72,Attn-GRU-45
561991,2026-03-06,2026-03-16,105.58,105.07,105.99,Attn-GRU-45
561991,2026-03-06,2026-03-17,105.33,104.61,106.13,Attn-GRU-45
561991,2026-03-06,2026-03-18,105.18,104.47,105.95,Attn-GRU-45
561991,2026-03-06,2026-03-19,104.41,103.41,105.61,Attn-GRU-45
561991,2026-03-06,2026-03-20,103.9,102.98,104.96,Attn-GRU-45
561991,2026-03-06,2026-03-21,103.51,102.62,104.26,Attn-GRU-45
561991,2026-03-06,2026-03-22,102.9,102.23,103.85,Attn-GRU-45
561991,2026-03-06,2026-03-23,103.0,102.32,103.72,Attn-GRU-45
561991,2026-03-06,2026-03-24,102.78,102.25,103.68,Attn-GRU-45
561991,2026-03-06,2026-03-25,102.6,102.1,103.32,Attn-GRU-45
561991,2026-03-06,2026-03-26,102.55,102.12,103.43,Attn-GRU-45
561991,2026-03-06,2026-03-27,102.46,102.09,103.23,Attn-GRU-45
561991,2026-03-06,2026-03-28,102.34,102.05,103.13,Attn-GRU-45
561991,2026-03-06,2026-03-29,102.3,102.05,102.96,Attn-GRU-45
561991,2026-03-06,2026-03-30,102.24,101.99,103.02,Attn-GRU-45
561991,2026-03-06,2026-03-31,102.2,102.0,103.01,Attn-GRU-45
561991,2026-03-06,2026-04-01,102.22,101.98,102.73,Attn-GRU-45
561991,2026-03-06,2026-04-02,102.13,101.96,102.62,Attn-GRU-45
561991,2026-03-06,2026-04-03,102.19,101.99,102.8,Attn-GRU-45
561991,2026-03-06,2026-04-04,102.16,101.96,102.73,Attn-GRU-45
561991,2026-03-06,2026-04-05,102.16,101.97,102.54,Attn-GRU-45
561992,2026-03-06,2026-03-07,38.77,38.74,38.8,Attn-GRU-45
561992,2026-03-06,2026-03-08,38.75,38.72,38.79,Attn-GRU-45
561992,2026-03-06,2026-03-09,38.78,38.71,38.86,Attn-GRU-45
561992,2026-03-06,2026-03-10,38.82,38.76,38.86,Attn-GRU-45
561992,2026-03-06,2026-03-11,38.79,38.69,38.88,Attn-GRU-45
561992,2026-03-06,2026-03-12,38.83,38.74,38.93,Attn-GRU-45
561992,2026-03-06,2026-03-13,38.84,38.75,38.97,Attn-GRU-45
561992,2026-03-06,2026-03-14,38.94,38.84,39.06,Attn-GRU-45
561992,2026-03-06,2026-03-15,38.98,38.8,39.16,Attn-GRU-45
561992,2026-03-06,2026-03-16,38.94,38.76,39.13,Attn-GRU-45
561992,2026-03-06,2026-03-17,39.03,38.83,39.23,Attn-GRU-45
561992,2026-03-06,2026-03-18,39.03,38.87,39.22,Attn-GRU-45
561992,2026-03-06,2026-03-19,39.15,39.0,39.32,Attn-GRU-45
561992,2026-03-06,2026-03-20,39.23,38.97,39.41,Attn-GRU-45
561992,2026-03-06,2026-03-21,39.19,38.99,39.37,Attn-GRU-45
561992,2026-03-06,2026-03-22,39.24,39.06,39.41,Attn-GRU-45
561992,2026-03-06,2026-03-23,39.32,39.12,39.49,Attn-GRU-45
561992,2026-03-06,2026-03-24,39.38,39.19,39.57,Attn-GRU-45
561992,2026-03-06,2026-03-25,39.39,39.18,39.61,Attn-GRU-45
561992,2026-03-06,2026-03-26,39.43,39.18,39.62,Attn-GRU-45
561992,2026-03-06,2026-03-27,39.44,39.21,39.65,Attn-GRU-45
561992,2026-03-06,2026-03-28,39.5,39.15,39.71,Attn-GRU-45
561992,2026-03-06,2026-03-29,39.48,39.22,39.67,Attn-GRU-45
561992,2026-03-06,2026-03-30,39.56,39.3,39.74,Attn-GRU-45
561992,2026-03-06,2026-03-31,39.59,39.33,39.77,Attn-GRU-45
561992,2026-03-06,2026-04-01,39.6,39.35,39.78,Attn-GRU-45
561992,2026-03-06,2026-04-02,39.63,39.31,39.77,Attn-GRU-45
561992,2026-03-06,2026-04-03,39.6,39.38,39.74,Attn-GRU-45
561992,2026-03-06,2026-04-04,39.64,39.45,39.78,Attn-GRU-45
561992,2026-03-06,2026-04-05,39.63,39.35,39.79,Attn-GRU-45
561993,2026-03-06,2026-03-07,39.8,39.75,39.86,Attn-GRU-45
561993,2026-03-06,2026-03-08,39.59,39.53,39.65,Attn-GRU-45
561993,2026-03-06,2026-03-09,39.48,39.42,39.58,Attn-GRU-45
561993,2026-03-06,2026-03-10,39.52,39.37,39.72,Attn-GRU-45
561993,2026-03-06,2026-03-11,39.23,39.06,39.39,Attn-GRU-45
561993,2026-03-06,2026-03-12,39.32,39.16,39.45,Attn-GRU-45
561993,2026-03-06,2026-03-13,39.07,38.89,39.26,Attn-GRU-45
561993,2026-03-06,2026-03-14,39.36,39.04,39.68,Attn-GRU-45
561993,2026-03-06,2026-03-15,39.15,38.77,39.52,Attn-GRU-45
561993,2026-03-06,2026-03-16,38.71,38.48,39.03,Attn-GRU-45
561993,2026-03-06,2026-03-17,38.85,38.48,39.32,Attn-GRU-45
561993,2026-03-06,2026-03-18,38.94,38.44,39.42,Attn-GRU-45
561993,2026-03-06,2026-03-19,38.73,38.24,39.53,Attn-GRU-45
561993,2026-03-06,2026-03-20,38.49,37.64,39.55,Attn-GRU-45
561993,2026-03-06,2026-03-21,38.44,37.83,39.22,Attn-GRU-45
561993,2026-03-06,2026-03-22,38.26,37.32,39.31,Attn-GRU-45
561993,2026-03-06,2026-03-23,38.27,37.46,39.24,Attn-GRU-45
561993,2026-03-06,2026-03-24,38.01,37.24,39.13,Attn-GRU-45
561993,2026-03-06,2026-03-25,38.03,37.18,39.29,Attn-GRU-45
561993,2026-03-06,2026-03-26,37.69,36.74,38.93,Attn-GRU-45
561993,2026-03-06,2026-03-27,37.6,36.77,39.16,Attn-GRU-45
561993,2026-03-06,2026-03-28,37.82,36.96,38.91,Attn-GRU-45
561993,2026-03-06,2026-03-29,37.6,36.62,38.8,Attn-GRU-45
561993,2026-03-06,2026-03-30,37.78,36.74,39.14,Attn-GRU-45
561993,2026-03-06,2026-03-31,37.84,36.61,39.16,Attn-GRU-45
561993,2026-03-06,2026-04-01,37.47,36.72,38.78,Attn-GRU-45
561993,2026-03-06,2026-04-02,37.25,36.37,38.45,Attn-GRU-45
561993,2026-03-06,2026-04-03,37.6,36.6,39.27,Attn-GRU-45
561993,2026-03-06,2026-04-04,37.58,36.64,39.0,Attn-GRU-45
561993,2026-03-06,2026-04-05,37.12,36.26,38.41,Attn-GRU-45
561994,2026-03-06,2026-03-07,37.97,37.96,37.98,Attn-GRU-45
561994,2026-03-06,2026-03-08,37.94,37.94,37.95,Attn-GRU-45
561994,2026-03-06,2026-03-09,37.94,37.93,37.96,Attn-GRU-45
561994,2026-03-06,2026-03-10,37.95,37.94,37.97,Attn-GRU-45
561994,2026-03-06,2026-03-11,37.92,37.9,37.94,Attn-GRU-45
561994,2026-03-06,2026-03-12,37.93,37.91,37.95,Attn-GRU-45
561994,2026-03-06,2026-03-13,37.91,37.88,37.93,Attn-GRU-45
561994,2026-03-06,2026-03-14,37.95,37.91,37.99,Attn-GRU-45
561994,2026-03-06,2026-03-15,37.95,37.91,38.02,Attn-GRU-45
561994,2026-03-06,2026-03-16,37.91,37.86,37.96,Attn-GRU-45
561994,2026-03-06,2026-03-17,37.94,37.89,38.0,Attn-GRU-45
561994,2026-03-06,2026-03-18,37.94,37.88,37.98,Attn-GRU-45
561994,2026-03-06,2026-03-19,37.95,37.89,38.01,Attn-GRU-45
561994,2026-03-06,2026-03-20,37.93,37.85,38.02,Attn-GRU-45
561994,2026-03-06,2026-03-21,37.95,37.88,38.01,Attn-GRU-45
561994,2026-03-06,2026-03-22,37.99,37.89,38.07,Attn-GRU-45
561994,2026-03-06,2026-03-23,37.97,37.88,38.04,Attn-GRU-45
561994,2026-03-06,2026-03-24,37.97,37.86,38.08,Attn-GRU-45
561994,2026-03-06,2026-03-25,37.98,37.88,38.08,Attn-GRU-45
561994,2026-03-06,2026-03-26,37.9,37.79,38.01,Attn-GRU-45
561994,2026-03-06,2026-03-27,37.92,37.81,38.06,Attn-GRU-45
561994,2026-03-06,2026-03-28,37.95,37.84,38.05,Attn-GRU-45
561994,2026-03-06,2026-03-29,37.92,37.83,38.04,Attn-GRU-45
561994,2026-03-06,2026-03-30,37.99,37.87,38.13,Attn-GRU-45
561994,2026-03-06,2026-03-31,38.02,37.87,38.13,Attn-GRU-45
561994,2026-03-06,2026-04-01,37.93,37.81,38.08,Attn-GRU-45
561994,2026-03-06,2026-04-02,37.92,37.77,38.06,Attn-GRU-45
561994,2026-03-06,2026-04-03,37.99,37.89,38.12,Attn-GRU-45
561994,2026-03-06,2026-04-04,38.0,37.87,38.12,Attn-GRU-45
561994,2026-03-06,2026-04-05,37.94,37.8,38.1,Attn-GRU-45
561995,2026-03-06,2026-03-07,25.38,25.36,25.4,Attn-GRU-45
561995,2026-03-06,2026-03-08,25.28,25.26,25.31,Attn-GRU-45
561995,2026-03-06,2026-03-09,25.25,25.21,25.3,Attn-GRU-45
561995,2026-03-06,2026-03-10,25.29,25.24,25.35,Attn-GRU-45
561995,2026-03-06,2026-03-11,25.15,25.1,25.22,Attn-GRU-45
561995,2026-03-06,2026-03-12,25.18,25.13,25.23,Attn-GRU-45
561995,2026-03-06,2026-03-13,25.07,25.02,25.16,Attn-GRU-45
561995,2026-03-06,2026-03-14,25.21,25.11,25.32,Attn-GRU-45
561995,2026-03-06,2026-03-15,25.17,25.04,25.31,Attn-GRU-45
561995,2026-03-06,2026-03-16,24.96,24.87,25.09,Attn-GRU-45
561995,2026-03-06,2026-03-17,25.08,24.95,25.24,Attn-GRU-45
561995,2026-03-06,2026-03-18,25.1,24.94,25.3,Attn-GRU-45
561995,2026-03-06,2026-03-19,25.08,24.84,25.3,Attn-GRU-45
561995,2026-03-06,2026-03-20,25.01,24.71,25.3,Attn-GRU-45
561995,2026-03-06,2026-03-21,25.01,24.75,25.21,Attn-GRU-45
561995,2026-03-06,2026-03-22,25.06,24.7,25.41,Attn-GRU-45
561995,2026-03-06,2026-03-23,24.96,24.65,25.31,Attn-GRU-45
561995,2026-03-06,2026-03-24,24.98,24.56,25.31,Attn-GRU-45
561995,2026-03-06,2026-03-25,24.96,24.6,25.32,Attn-GRU-45
561995,2026-03-06,2026-03-26,24.73,24.33,25.13,Attn-GRU-45
561995,2026-03-06,2026-03-27,24.73,24.28,25.17,Attn-GRU-45
561995,2026-03-06,2026-03-28,24.81,24.4,25.21,Attn-GRU-45
561995,2026-03-06,2026-03-29,24.75,24.37,25.16,Attn-GRU-45
561995,2026-03-06,2026-03-30,24.82,24.35,25.24,Attn-GRU-45
561995,2026-03-06,2026-03-31,24.95,24.49,25.29,Attn-GRU-45
561995,2026-03-06,2026-04-01,24.74,24.44,25.14,Attn-GRU-45
561995,2026-03-06,2026-04-02,24.71,24.25,25.1,Attn-GRU-45
561995,2026-03-06,2026-04-03,24.88,24.43,25.31,Attn-GRU-45
561995,2026-03-06,2026-04-04,24.77,24.37,25.22,Attn-GRU-45
561995,2026-03-06,2026-04-05,24.55,24.2,25.1,Attn-GRU-45
562000,2026-03-06,2026-03-07,15.13,15.12,15.13,Attn-GRU-45
562000,2026-03-06,2026-03-08,15.1,15.09,15.11,Attn-GRU-45
562000,2026-03-06,2026-03-09,15.09,15.08,15.1,Attn-GRU-45
562000,2026-03-06,2026-03-10,15.1,15.08,15.11,Attn-GRU-45
562000,2026-03-06,2026-03-11,15.06,15.05,15.08,Attn-GRU-45
562000,2026-03-06,2026-03-12,15.06,15.05,15.08,Attn-GRU-45
562000,2026-03-06,2026-03-13,15.04,15.02,15.06,Attn-GRU-45
562000,2026-03-06,2026-03-14,15.07,15.03,15.1,Attn-GRU-45
562000,2026-03-06,2026-03-15,15.04,15.0,15.08,Attn-GRU-45
562000,2026-03-06,2026-03-16,14.99,14.96,15.02,Attn-GRU-45
562000,2026-03-06,2026-03-17,14.99,14.95,15.05,Attn-GRU-45
562000,2026-03-06,2026-03-18,15.0,14.96,15.06,Attn-GRU-45
562000,2026-03-06,2026-03-19,14.98,14.92,15.04,Attn-GRU-45
562000,2026-03-06,2026-03-20,14.94,14.87,15.04,Attn-GRU-45
562000,2026-03-06,2026-03-21,14.96,14.9,15.03,Attn-GRU-45
562000,2026-03-06,2026-03-22,14.93,14.85,15.05,Attn-GRU-45
562000,2026-03-06,2026-03-23,14.92,14.84,15.01,Attn-GRU-45
562000,2026-03-06,2026-03-24,14.91,14.82,15.01,Attn-GRU-45
562000,2026-03-06,2026-03-25,14.92,14.83,15.02,Attn-GRU-45
562000,2026-03-06,2026-03-26,14.83,14.77,14.96,Attn-GRU-45
562000,2026-03-06,2026-03-27,14.84,14.76,14.99,Attn-GRU-45
562000,2026-03-06,2026-03-28,14.84,14.77,14.97,Attn-GRU-45
562000,2026-03-06,2026-03-29,14.84,14.76,14.95,Attn-GRU-45
562000,2026-03-06,2026-03-30,14.85,14.75,14.96,Attn-GRU-45
562000,2026-03-06,2026-03-31,14.88,14.8,15.0,Attn-GRU-45
562000,2026-03-06,2026-04-01,14.87,14.78,14.97,Attn-GRU-45
562000,2026-03-06,2026-04-02,14.8,14.72,14.92,Attn-GRU-45
562000,2026-03-06,2026-04-03,14.88,14.78,15.0,Attn-GRU-45
562000,2026-03-06,2026-04-04,14.84,14.76,14.97,Attn-GRU-45
562000,2026-03-06,2026-04-05,14.79,14.71,14.91,Attn-GRU-45
562007,2026-03-06,2026-03-07,64.21,64.18,64.23,Attn-GRU-45
562007,2026-03-06,2026-03-08,64.07,64.03,64.11,Attn-GRU-45
562007,2026-03-06,2026-03-09,64.0,63.96,64.03,Attn-GRU-45
562007,2026-03-06,2026-03-10,63.99,63.93,64.11,Attn-GRU-45
562007,2026-03-06,2026-03-11,63.83,63.76,63.92,Attn-GRU-45
562007,2026-03-06,2026-03-12,63.87,63.8,63.93,Attn-GRU-45
562007,2026-03-06,2026-03-13,63.68,63.59,63.8,Attn-GRU-45
562007,2026-03-06,2026-03-14,63.76,63.61,63.95,Attn-GRU-45
562007,2026-03-06,2026-03-15,63.56,63.37,63.84,Attn-GRU-45
562007,2026-03-06,2026-03-16,63.34,63.19,63.53,Attn-GRU-45
562007,2026-03-06,2026-03-17,63.29,63.03,63.59,Attn-GRU-45
562007,2026-03-06,2026-03-18,63.25,62.95,63.6,Attn-GRU-45
562007,2026-03-06,2026-03-19,62.95,62.53,63.43,Attn-GRU-45
562007,2026-03-06,2026-03-20,62.75,62.26,63.28,Attn-GRU-45
562007,2026-03-06,2026-03-21,62.67,62.27,63.07,Attn-GRU-45
562007,2026-03-06,2026-03-22,62.42,61.97,62.91,Attn-GRU-45
562007,2026-03-06,2026-03-23,62.35,61.98,62.98,Attn-GRU-45
562007,2026-03-06,2026-03-24,62.28,61.94,62.93,Attn-GRU-45
562007,2026-03-06,2026-03-25,62.17,61.82,62.86,Attn-GRU-45
562007,2026-03-06,2026-03-26,62.07,61.75,62.68,Attn-GRU-45
562007,2026-03-06,2026-03-27,62.04,61.7,62.6,Attn-GRU-45
562007,2026-03-06,2026-03-28,62.02,61.74,62.47,Attn-GRU-45
562007,2026-03-06,2026-03-29,62.0,61.66,62.52,Attn-GRU-45
562007,2026-03-06,2026-03-30,61.93,61.63,62.55,Attn-GRU-45
562007,2026-03-06,2026-03-31,62.0,61.68,62.54,Attn-GRU-45
562007,2026-03-06,2026-04-01,61.89,61.65,62.36,Attn-GRU-45
562007,2026-03-06,2026-04-02,61.77,61.58,62.26,Attn-GRU-45
562007,2026-03-06,2026-04-03,61.89,61.65,62.46,Attn-GRU-45
562007,2026-03-06,2026-04-04,61.84,61.62,62.37,Attn-GRU-45
562007,2026-03-06,2026-04-05,61.76,61.59,62.2,Attn-GRU-45
562021,2026-03-06,2026-03-07,134.41,134.31,134.5,Attn-GRU-45
562021,2026-03-06,2026-03-08,134.03,133.95,134.13,Attn-GRU-45
562021,2026-03-06,2026-03-09,133.9,133.77,134.1,Attn-GRU-45
562021,2026-03-06,2026-03-10,134.01,133.78,134.29,Attn-GRU-45
562021,2026-03-06,2026-03-11,133.49,133.31,133.75,Attn-GRU-45
562021,2026-03-06,2026-03-12,133.57,133.43,133.79,Attn-GRU-45
562021,2026-03-06,2026-03-13,133.23,133.03,133.5,Attn-GRU-45
562021,2026-03-06,2026-03-14,133.57,133.17,134.04,Attn-GRU-45
562021,2026-03-06,2026-03-15,133.33,132.8,133.94,Attn-GRU-45
562021,2026-03-06,2026-03-16,132.66,132.37,133.02,Attn-GRU-45
562021,2026-03-06,2026-03-17,132.99,132.53,133.63,Attn-GRU-45
562021,2026-03-06,2026-03-18,133.01,132.37,133.7,Attn-GRU-45
562021,2026-03-06,2026-03-19,132.84,132.16,133.77,Attn-GRU-45
562021,2026-03-06,2026-03-20,132.47,131.42,133.62,Attn-GRU-45
562021,2026-03-06,2026-03-21,132.52,131.68,133.37,Attn-GRU-45
562021,2026-03-06,2026-03-22,132.53,131.49,133.62,Attn-GRU-45
562021,2026-03-06,2026-03-23,132.2,131.4,133.58,Attn-GRU-45
562021,2026-03-06,2026-03-24,132.06,131.18,133.62,Attn-GRU-45
562021,2026-03-06,2026-03-25,132.23,131.22,133.63,Attn-GRU-45
562021,2026-03-06,2026-03-26,131.18,130.14,132.83,Attn-GRU-45
562021,2026-03-06,2026-03-27,131.08,129.57,132.54,Attn-GRU-45
562021,2026-03-06,2026-03-28,131.48,130.08,132.75,Attn-GRU-45
562021,2026-03-06,2026-03-29,131.25,129.95,132.65,Attn-GRU-45
562021,2026-03-06,2026-03-30,131.42,129.99,133.04,Attn-GRU-45
562021,2026-03-06,2026-03-31,131.79,130.57,133.38,Attn-GRU-45
562021,2026-03-06,2026-04-01,131.37,130.4,132.78,Attn-GRU-45
562021,2026-03-06,2026-04-02,130.96,129.69,132.43,Attn-GRU-45
562021,2026-03-06,2026-04-03,131.81,130.2,133.08,Attn-GRU-45
562021,2026-03-06,2026-04-04,131.46,130.07,132.7,Attn-GRU-45
562021,2026-03-06,2026-04-05,130.8,129.36,132.01,Attn-GRU-45
590822,2026-03-06,2026-03-07,23.91,23.87,23.93,Attn-GRU-45
590822,2026-03-06,2026-03-08,23.88,23.84,23.91,Attn-GRU-45
590822,2026-03-06,2026-03-09,23.91,23.86,23.95,Attn-GRU-45
590822,2026-03-06,2026-03-10,23.94,23.89,24.0,Attn-GRU-45
590822,2026-03-06,2026-03-11,23.92,23.86,24.0,Attn-GRU-45
590822,2026-03-06,2026-03-12,23.97,23.89,24.04,Attn-GRU-45
590822,2026-03-06,2026-03-13,23.99,23.89,24.08,Attn-GRU-45
590822,2026-03-06,2026-03-14,24.04,23.95,24.14,Attn-GRU-45
590822,2026-03-06,2026-03-15,24.06,23.93,24.17,Attn-GRU-45
590822,2026-03-06,2026-03-16,24.07,23.94,24.2,Attn-GRU-45
590822,2026-03-06,2026-03-17,24.09,23.96,24.22,Attn-GRU-45
590822,2026-03-06,2026-03-18,24.15,24.02,24.25,Attn-GRU-45
590822,2026-03-06,2026-03-19,24.18,24.03,24.31,Attn-GRU-45
590822,2026-03-06,2026-03-20,24.23,24.07,24.37,Attn-GRU-45
590822,2026-03-06,2026-03-21,24.23,24.09,24.36,Attn-GRU-45
590822,2026-03-06,2026-03-22,24.26,24.12,24.37,Attn-GRU-45
590822,2026-03-06,2026-03-23,24.31,24.19,24.44,Attn-GRU-45
590822,2026-03-06,2026-03-24,24.33,24.13,24.47,Attn-GRU-45
590822,2026-03-06,2026-03-25,24.36,24.14,24.49,Attn-GRU-45
590822,2026-03-06,2026-03-26,24.35,24.18,24.52,Attn-GRU-45
590822,2026-03-06,2026-03-27,24.4,24.24,24.52,Attn-GRU-45
590822,2026-03-06,2026-03-28,24.39,24.19,24.57,Attn-GRU-45
590822,2026-03-06,2026-03-29,24.47,24.22,24.55,Attn-GRU-45
590822,2026-03-06,2026-03-30,24.44,24.24,24.56,Attn-GRU-45
590822,2026-03-06,2026-03-31,24.47,24.26,24.57,Attn-GRU-45
590822,2026-03-06,2026-04-01,24.5,24.27,24.61,Attn-GRU-45
590822,2026-03-06,2026-04-02,24.49,24.33,24.61,Attn-GRU-45
590822,2026-03-06,2026-04-03,24.47,24.3,24.57,Attn-GRU-45
590822,2026-03-06,2026-04-04,24.54,24.37,24.62,Attn-GRU-45
590822,2026-03-06,2026-04-05,24.54,24.36,24.62,Attn-GRU-45
591994,2026-03-06,2026-03-07,53.91,53.87,53.95,Attn-GRU-45
591994,2026-03-06,2026-03-08,53.81,53.75,53.86,Attn-GRU-45
591994,2026-03-06,2026-03-09,53.77,53.71,53.82,Attn-GRU-45
591994,2026-03-06,2026-03-10,53.73,53.61,53.82,Attn-GRU-45
591994,2026-03-06,2026-03-11,53.63,53.55,53.75,Attn-GRU-45
591994,2026-03-06,2026-03-12,53.55,53.43,53.67,Attn-GRU-45
591994,2026-03-06,2026-03-13,53.42,53.29,53.56,Attn-GRU-45
591994,2026-03-06,2026-03-14,53.29,53.08,53.49,Attn-GRU-45
591994,2026-03-06,2026-03-15,53.18,52.97,53.45,Attn-GRU-45
591994,2026-03-06,2026-03-16,53.02,52.84,53.24,Attn-GRU-45
591994,2026-03-06,2026-03-17,52.85,52.63,53.13,Attn-GRU-45
591994,2026-03-06,2026-03-18,52.74,52.51,53.04,Attn-GRU-45
591994,2026-03-06,2026-03-19,52.54,52.37,52.79,Attn-GRU-45
591994,2026-03-06,2026-03-20,52.42,52.31,52.75,Attn-GRU-45
591994,2026-03-06,2026-03-21,52.38,52.3,52.55,Attn-GRU-45
591994,2026-03-06,2026-03-22,52.33,52.28,52.5,Attn-GRU-45
591994,2026-03-06,2026-03-23,52.33,52.28,52.47,Attn-GRU-45
591994,2026-03-06,2026-03-24,52.3,52.28,52.38,Attn-GRU-45
591994,2026-03-06,2026-03-25,52.29,52.27,52.4,Attn-GRU-45
591994,2026-03-06,2026-03-26,52.29,52.27,52.38,Attn-GRU-45
591994,2026-03-06,2026-03-27,52.28,52.27,52.33,Attn-GRU-45
591994,2026-03-06,2026-03-28,52.28,52.27,52.32,Attn-GRU-45
591994,2026-03-06,2026-03-29,52.28,52.27,52.32,Attn-GRU-45
591994,2026-03-06,2026-03-30,52.28,52.27,52.32,Attn-GRU-45
591994,2026-03-06,2026-03-31,52.27,52.27,52.31,Attn-GRU-45
591994,2026-03-06,2026-04-01,52.27,52.27,52.3,Attn-GRU-45
591994,2026-03-06,2026-04-02,52.27,52.27,52.29,Attn-GRU-45
591994,2026-03-06,2026-04-03,52.27,52.27,52.3,Attn-GRU-45
591994,2026-03-06,2026-04-04,52.27,52.27,52.29,Attn-GRU-45
591994,2026-03-06,2026-04-05,52.27,52.27,52.3,Attn-GRU-45
591998,2026-03-06,2026-03-07,61.2,61.11,61.27,Attn-GRU-45
591998,2026-03-06,2026-03-08,61.17,61.09,61.26,Attn-GRU-45
591998,2026-03-06,2026-03-09,61.23,61.08,61.38,Attn-GRU-45
591998,2026-03-06,2026-03-10,61.31,61.19,61.43,Attn-GRU-45
591998,2026-03-06,2026-03-11,61.34,60.97,61.58,Attn-GRU-45
591998,2026-03-06,2026-03-12,61.42,61.16,61.65,Attn-GRU-45
591998,2026-03-06,2026-03-13,61.53,61.21,61.76,Attn-GRU-45
591998,2026-03-06,2026-03-14,61.62,61.33,61.92,Attn-GRU-45
591998,2026-03-06,2026-03-15,61.64,61.25,62.02,Attn-GRU-45
591998,2026-03-06,2026-03-16,61.7,61.32,62.07,Attn-GRU-45
591998,2026-03-06,2026-03-17,61.86,61.34,62.2,Attn-GRU-45
591998,2026-03-06,2026-03-18,61.96,61.61,62.29,Attn-GRU-45
591998,2026-03-06,2026-03-19,62.02,61.71,62.34,Attn-GRU-45
591998,2026-03-06,2026-03-20,62.18,61.75,62.53,Attn-GRU-45
591998,2026-03-06,2026-03-21,62.19,61.78,62.52,Attn-GRU-45
591998,2026-03-06,2026-03-22,62.21,61.87,62.49,Attn-GRU-45
591998,2026-03-06,2026-03-23,62.39,61.99,62.65,Attn-GRU-45
591998,2026-03-06,2026-03-24,62.4,61.89,62.72,Attn-GRU-45
591998,2026-03-06,2026-03-25,62.45,61.91,62.74,Attn-GRU-45
591998,2026-03-06,2026-03-26,62.54,62.1,62.75,Attn-GRU-45
591998,2026-03-06,2026-03-27,62.57,62.18,62.78,Attn-GRU-45
591998,2026-03-06,2026-03-28,62.65,62.14,62.84,Attn-GRU-45
591998,2026-03-06,2026-03-29,62.66,62.16,62.86,Attn-GRU-45
591998,2026-03-06,2026-03-30,62.7,62.21,62.87,Attn-GRU-45
591998,2026-03-06,2026-03-31,62.71,62.24,62.9,Attn-GRU-45
591998,2026-03-06,2026-04-01,62.77,62.38,62.92,Attn-GRU-45
591998,2026-03-06,2026-04-02,62.79,62.4,62.91,Attn-GRU-45
591998,2026-03-06,2026-04-03,62.7,62.36,62.89,Attn-GRU-45
591998,2026-03-06,2026-04-04,62.81,62.48,62.93,Attn-GRU-45
591998,2026-03-06,2026-04-05,62.81,62.47,62.93,Attn-GRU-45
591999,2026-03-06,2026-03-07,54.68,54.64,54.72,Attn-GRU-45
591999,2026-03-06,2026-03-08,54.67,54.62,54.71,Attn-GRU-45
591999,2026-03-06,2026-03-09,54.7,54.63,54.76,Attn-GRU-45
591999,2026-03-06,2026-03-10,54.74,54.66,54.83,Attn-GRU-45
591999,2026-03-06,2026-03-11,54.73,54.63,54.85,Attn-GRU-45
591999,2026-03-06,2026-03-12,54.75,54.66,54.87,Attn-GRU-45
591999,2026-03-06,2026-03-13,54.82,54.7,54.93,Attn-GRU-45
591999,2026-03-06,2026-03-14,54.87,54.73,55.02,Attn-GRU-45
591999,2026-03-06,2026-03-15,54.87,54.7,55.09,Attn-GRU-45
591999,2026-03-06,2026-03-16,54.89,54.74,55.07,Attn-GRU-45
591999,2026-03-06,2026-03-17,54.92,54.68,55.13,Attn-GRU-45
591999,2026-03-06,2026-03-18,54.97,54.79,55.14,Attn-GRU-45
591999,2026-03-06,2026-03-19,55.05,54.83,55.23,Attn-GRU-45
591999,2026-03-06,2026-03-20,55.18,54.9,55.38,Attn-GRU-45
591999,2026-03-06,2026-03-21,55.14,54.9,55.33,Attn-GRU-45
591999,2026-03-06,2026-03-22,55.2,55.01,55.4,Attn-GRU-45
591999,2026-03-06,2026-03-23,55.28,55.04,55.44,Attn-GRU-45
591999,2026-03-06,2026-03-24,55.32,55.1,55.53,Attn-GRU-45
591999,2026-03-06,2026-03-25,55.38,55.11,55.56,Attn-GRU-45
591999,2026-03-06,2026-03-26,55.4,55.08,55.63,Attn-GRU-45
591999,2026-03-06,2026-03-27,55.43,55.18,55.6,Attn-GRU-45
591999,2026-03-06,2026-03-28,55.49,55.16,55.7,Attn-GRU-45
591999,2026-03-06,2026-03-29,55.51,55.22,55.7,Attn-GRU-45
591999,2026-03-06,2026-03-30,55.5,55.18,55.72,Attn-GRU-45
591999,2026-03-06,2026-03-31,55.55,55.24,55.75,Attn-GRU-45
591999,2026-03-06,2026-04-01,55.63,55.37,55.8,Attn-GRU-45
591999,2026-03-06,2026-04-02,55.67,55.33,55.83,Attn-GRU-45
591999,2026-03-06,2026-04-03,55.61,55.38,55.78,Attn-GRU-45
591999,2026-03-06,2026-04-04,55.66,55.34,55.79,Attn-GRU-45
591999,2026-03-06,2026-04-05,55.71,55.42,55.85,Attn-GRU-45
592000,2026-03-06,2026-03-07,24.87,24.84,24.9,Attn-GRU-45
592000,2026-03-06,2026-03-08,24.86,24.81,24.89,Attn-GRU-45
592000,2026-03-06,2026-03-09,24.88,24.84,24.94,Attn-GRU-45
592000,2026-03-06,2026-03-10,24.93,24.86,25.0,Attn-GRU-45
592000,2026-03-06,2026-03-11,24.93,24.82,25.0,Attn-GRU-45
592000,2026-03-06,2026-03-12,24.97,24.86,25.05,Attn-GRU-45
592000,2026-03-06,2026-03-13,25.01,24.89,25.09,Attn-GRU-45
592000,2026-03-06,2026-03-14,25.06,24.94,25.15,Attn-GRU-45
592000,2026-03-06,2026-03-15,25.1,24.94,25.21,Attn-GRU-45
592000,2026-03-06,2026-03-16,25.12,24.95,25.26,Attn-GRU-45
592000,2026-03-06,2026-03-17,25.18,24.98,25.3,Attn-GRU-45
592000,2026-03-06,2026-03-18,25.19,25.03,25.32,Attn-GRU-45
592000,2026-03-06,2026-03-19,25.25,25.07,25.35,Attn-GRU-45
592000,2026-03-06,2026-03-20,25.27,25.06,25.44,Attn-GRU-45
592000,2026-03-06,2026-03-21,25.3,25.14,25.44,Attn-GRU-45
592000,2026-03-06,2026-03-22,25.35,25.24,25.47,Attn-GRU-45
592000,2026-03-06,2026-03-23,25.37,25.22,25.5,Attn-GRU-45
592000,2026-03-06,2026-03-24,25.42,25.19,25.56,Attn-GRU-45
592000,2026-03-06,2026-03-25,25.47,25.26,25.57,Attn-GRU-45
592000,2026-03-06,2026-03-26,25.47,25.21,25.59,Attn-GRU-45
592000,2026-03-06,2026-03-27,25.5,25.3,25.59,Attn-GRU-45
592000,2026-03-06,2026-03-28,25.52,25.3,25.63,Attn-GRU-45
592000,2026-03-06,2026-03-29,25.56,25.34,25.63,Attn-GRU-45
592000,2026-03-06,2026-03-30,25.55,25.39,25.63,Attn-GRU-45
592000,2026-03-06,2026-03-31,25.58,25.35,25.65,Attn-GRU-45
592000,2026-03-06,2026-04-01,25.6,25.38,25.66,Attn-GRU-45
592000,2026-03-06,2026-04-02,25.61,25.46,25.68,Attn-GRU-45
592000,2026-03-06,2026-04-03,25.58,25.44,25.65,Attn-GRU-45
592000,2026-03-06,2026-04-04,25.61,25.44,25.68,Attn-GRU-45
592000,2026-03-06,2026-04-05,25.63,25.52,25.68,Attn-GRU-45
592001,2026-03-06,2026-03-07,26.45,26.37,26.53,Attn-GRU-45
592001,2026-03-06,2026-03-08,26.47,26.31,26.58,Attn-GRU-45
592001,2026-03-06,2026-03-09,26.53,26.41,26.69,Attn-GRU-45
592001,2026-03-06,2026-03-10,26.65,26.45,26.81,Attn-GRU-45
592001,2026-03-06,2026-03-11,26.68,26.46,26.95,Attn-GRU-45
592001,2026-03-06,2026-03-12,26.77,26.52,27.03,Attn-GRU-45
592001,2026-03-06,2026-03-13,26.87,26.65,27.11,Attn-GRU-45
592001,2026-03-06,2026-03-14,26.95,26.61,27.19,Attn-GRU-45
592001,2026-03-06,2026-03-15,27.05,26.67,27.31,Attn-GRU-45
592001,2026-03-06,2026-03-16,27.18,26.84,27.41,Attn-GRU-45
592001,2026-03-06,2026-03-17,27.23,26.89,27.49,Attn-GRU-45
592001,2026-03-06,2026-03-18,27.34,26.92,27.5,Attn-GRU-45
592001,2026-03-06,2026-03-19,27.38,27.04,27.57,Attn-GRU-45
592001,2026-03-06,2026-03-20,27.49,27.16,27.66,Attn-GRU-45
592001,2026-03-06,2026-03-21,27.48,27.2,27.65,Attn-GRU-45
592001,2026-03-06,2026-03-22,27.53,27.3,27.67,Attn-GRU-45
592001,2026-03-06,2026-03-23,27.58,27.33,27.72,Attn-GRU-45
592001,2026-03-06,2026-03-24,27.62,27.38,27.74,Attn-GRU-45
592001,2026-03-06,2026-03-25,27.67,27.46,27.76,Attn-GRU-45
592001,2026-03-06,2026-03-26,27.7,27.43,27.77,Attn-GRU-45
592001,2026-03-06,2026-03-27,27.68,27.48,27.77,Attn-GRU-45
592001,2026-03-06,2026-03-28,27.75,27.56,27.79,Attn-GRU-45
592001,2026-03-06,2026-03-29,27.73,27.58,27.79,Attn-GRU-45
592001,2026-03-06,2026-03-30,27.74,27.57,27.79,Attn-GRU-45
592001,2026-03-06,2026-03-31,27.75,27.61,27.8,Attn-GRU-45
592001,2026-03-06,2026-04-01,27.78,27.65,27.8,Attn-GRU-45
592001,2026-03-06,2026-04-02,27.78,27.65,27.8,Attn-GRU-45
592001,2026-03-06,2026-04-03,27.76,27.64,27.8,Attn-GRU-45
592001,2026-03-06,2026-04-04,27.78,27.7,27.8,Attn-GRU-45
592001,2026-03-06,2026-04-05,27.79,27.72,27.8,Attn-GRU-45
592012,2026-03-06,2026-03-07,32.83,32.81,32.85,Attn-GRU-45
592012,2026-03-06,2026-03-08,32.82,32.8,32.83,Attn-GRU-45
592012,2026-03-06,2026-03-09,32.82,32.8,32.86,Attn-GRU-45
592012,2026-03-06,2026-03-10,32.85,32.82,32.88,Attn-GRU-45
592012,2026-03-06,2026-03-11,32.83,32.8,32.88,Attn-GRU-45
592012,2026-03-06,2026-03-12,32.84,32.79,32.87,Attn-GRU-45
592012,2026-03-06,2026-03-13,32.86,32.8,32.91,Attn-GRU-45
592012,2026-03-06,2026-03-14,32.89,32.84,32.95,Attn-GRU-45
592012,2026-03-06,2026-03-15,32.88,32.81,32.96,Attn-GRU-45
592012,2026-03-06,2026-03-16,32.87,32.79,32.96,Attn-GRU-45
592012,2026-03-06,2026-03-17,32.88,32.81,32.98,Attn-GRU-45
592012,2026-03-06,2026-03-18,32.91,32.84,32.99,Attn-GRU-45
592012,2026-03-06,2026-03-19,32.95,32.87,33.03,Attn-GRU-45
592012,2026-03-06,2026-03-20,33.0,32.9,33.09,Attn-GRU-45
592012,2026-03-06,2026-03-21,32.97,32.88,33.06,Attn-GRU-45
592012,2026-03-06,2026-03-22,33.03,32.94,33.11,Attn-GRU-45
592012,2026-03-06,2026-03-23,33.05,32.96,33.13,Attn-GRU-45
592012,2026-03-06,2026-03-24,33.08,32.95,33.15,Attn-GRU-45
592012,2026-03-06,2026-03-25,33.08,32.97,33.19,Attn-GRU-45
592012,2026-03-06,2026-03-26,33.07,32.95,33.2,Attn-GRU-45
592012,2026-03-06,2026-03-27,33.1,32.97,33.22,Attn-GRU-45
592012,2026-03-06,2026-03-28,33.12,32.94,33.26,Attn-GRU-45
592012,2026-03-06,2026-03-29,33.14,33.01,33.26,Attn-GRU-45
592012,2026-03-06,2026-03-30,33.13,32.97,33.26,Attn-GRU-45
592012,2026-03-06,2026-03-31,33.14,32.97,33.28,Attn-GRU-45
592012,2026-03-06,2026-04-01,33.21,33.05,33.32,Attn-GRU-45
592012,2026-03-06,2026-04-02,33.22,33.11,33.34,Attn-GRU-45
592012,2026-03-06,2026-04-03,33.21,33.08,33.31,Attn-GRU-45
592012,2026-03-06,2026-04-04,33.22,33.08,33.33,Attn-GRU-45
592012,2026-03-06,2026-04-05,33.25,33.1,33.35,Attn-GRU-45
592013,2026-03-06,2026-03-07,45.97,45.84,46.08,Attn-GRU-45
592013,2026-03-06,2026-03-08,45.88,45.74,45.99,Attn-GRU-45
592013,2026-03-06,2026-03-09,45.96,45.76,46.17,Attn-GRU-45
592013,2026-03-06,2026-03-10,46.06,45.82,46.3,Attn-GRU-45
592013,2026-03-06,2026-03-11,45.96,45.63,46.28,Attn-GRU-45
592013,2026-03-06,2026-03-12,46.02,45.74,46.26,Attn-GRU-45
592013,2026-03-06,2026-03-13,46.2,45.93,46.55,Attn-GRU-45
592013,2026-03-06,2026-03-14,46.41,46.0,46.82,Attn-GRU-45
592013,2026-03-06,2026-03-15,46.34,45.81,46.89,Attn-GRU-45
592013,2026-03-06,2026-03-16,46.33,45.74,46.95,Attn-GRU-45
592013,2026-03-06,2026-03-17,46.3,45.67,46.94,Attn-GRU-45
592013,2026-03-06,2026-03-18,46.6,45.97,47.07,Attn-GRU-45
592013,2026-03-06,2026-03-19,46.79,46.22,47.42,Attn-GRU-45
592013,2026-03-06,2026-03-20,47.18,46.4,47.95,Attn-GRU-45
592013,2026-03-06,2026-03-21,46.93,46.11,47.6,Attn-GRU-45
592013,2026-03-06,2026-03-22,47.34,46.69,47.87,Attn-GRU-45
592013,2026-03-06,2026-03-23,47.48,46.83,48.15,Attn-GRU-45
592013,2026-03-06,2026-03-24,47.73,46.96,48.45,Attn-GRU-45
592013,2026-03-06,2026-03-25,47.94,46.93,48.67,Attn-GRU-45
592013,2026-03-06,2026-03-26,47.74,46.99,48.75,Attn-GRU-45
592013,2026-03-06,2026-03-27,47.96,47.13,48.67,Attn-GRU-45
592013,2026-03-06,2026-03-28,47.95,47.06,49.17,Attn-GRU-45
592013,2026-03-06,2026-03-29,48.31,47.19,48.94,Attn-GRU-45
592013,2026-03-06,2026-03-30,48.28,47.37,49.07,Attn-GRU-45
592013,2026-03-06,2026-03-31,48.33,47.3,49.15,Attn-GRU-45
592013,2026-03-06,2026-04-01,48.66,47.62,49.53,Attn-GRU-45
592013,2026-03-06,2026-04-02,48.72,47.87,49.65,Attn-GRU-45
592013,2026-03-06,2026-04-03,48.61,47.74,49.37,Attn-GRU-45
592013,2026-03-06,2026-04-04,48.88,47.82,49.56,Attn-GRU-45
592013,2026-03-06,2026-04-05,48.94,47.95,49.71,Attn-GRU-45
592014,2026-03-06,2026-03-07,28.19,28.18,28.21,Attn-GRU-45
592014,2026-03-06,2026-03-08,28.14,28.12,28.16,Attn-GRU-45
592014,2026-03-06,2026-03-09,28.13,28.12,28.15,Attn-GRU-45
592014,2026-03-06,2026-03-10,28.13,28.09,28.18,Attn-GRU-45
592014,2026-03-06,2026-03-11,28.09,28.05,28.14,Attn-GRU-45
592014,2026-03-06,2026-03-12,28.08,28.05,28.12,Attn-GRU-45
592014,2026-03-06,2026-03-13,28.07,28.03,28.11,Attn-GRU-45
592014,2026-03-06,2026-03-14,28.11,28.05,28.19,Attn-GRU-45
592014,2026-03-06,2026-03-15,28.06,27.99,28.15,Attn-GRU-45
592014,2026-03-06,2026-03-16,28.01,27.95,28.08,Attn-GRU-45
592014,2026-03-06,2026-03-17,28.02,27.94,28.08,Attn-GRU-45
592014,2026-03-06,2026-03-18,28.02,27.92,28.13,Attn-GRU-45
592014,2026-03-06,2026-03-19,28.07,27.98,28.17,Attn-GRU-45
592014,2026-03-06,2026-03-20,28.07,27.96,28.18,Attn-GRU-45
592014,2026-03-06,2026-03-21,27.99,27.9,28.09,Attn-GRU-45
592014,2026-03-06,2026-03-22,28.01,27.88,28.14,Attn-GRU-45
592014,2026-03-06,2026-03-23,28.07,27.93,28.17,Attn-GRU-45
592014,2026-03-06,2026-03-24,28.06,27.91,28.2,Attn-GRU-45
592014,2026-03-06,2026-03-25,28.02,27.89,28.2,Attn-GRU-45
592014,2026-03-06,2026-03-26,28.0,27.85,28.13,Attn-GRU-45
592014,2026-03-06,2026-03-27,28.04,27.86,28.15,Attn-GRU-45
592014,2026-03-06,2026-03-28,27.96,27.83,28.12,Attn-GRU-45
592014,2026-03-06,2026-03-29,27.99,27.87,28.1,Attn-GRU-45
592014,2026-03-06,2026-03-30,28.02,27.87,28.16,Attn-GRU-45
592014,2026-03-06,2026-03-31,27.95,27.8,28.11,Attn-GRU-45
592014,2026-03-06,2026-04-01,27.92,27.77,28.07,Attn-GRU-45
592014,2026-03-06,2026-04-02,27.96,27.81,28.12,Attn-GRU-45
592014,2026-03-06,2026-04-03,28.03,27.87,28.18,Attn-GRU-45
592014,2026-03-06,2026-04-04,28.03,27.84,28.15,Attn-GRU-45
592014,2026-03-06,2026-04-05,27.92,27.73,28.07,Attn-GRU-45
592030,2026-03-06,2026-03-07,37.99,37.96,38.01,Attn-GRU-45
592030,2026-03-06,2026-03-08,37.95,37.93,37.98,Attn-GRU-45
592030,2026-03-06,2026-03-09,37.97,37.95,37.99,Attn-GRU-45
592030,2026-03-06,2026-03-10,37.99,37.95,38.02,Attn-GRU-45
592030,2026-03-06,2026-03-11,37.97,37.93,38.02,Attn-GRU-45
592030,2026-03-06,2026-03-12,37.97,37.93,38.03,Attn-GRU-45
592030,2026-03-06,2026-03-13,38.0,37.94,38.04,Attn-GRU-45
592030,2026-03-06,2026-03-14,38.03,37.98,38.1,Attn-GRU-45
592030,2026-03-06,2026-03-15,38.03,37.96,38.1,Attn-GRU-45
592030,2026-03-06,2026-03-16,38.01,37.93,38.08,Attn-GRU-45
592030,2026-03-06,2026-03-17,38.03,37.92,38.11,Attn-GRU-45
592030,2026-03-06,2026-03-18,38.07,37.98,38.14,Attn-GRU-45
592030,2026-03-06,2026-03-19,38.11,38.02,38.19,Attn-GRU-45
592030,2026-03-06,2026-03-20,38.14,38.05,38.23,Attn-GRU-45
592030,2026-03-06,2026-03-21,38.13,38.05,38.22,Attn-GRU-45
592030,2026-03-06,2026-03-22,38.16,38.07,38.24,Attn-GRU-45
592030,2026-03-06,2026-03-23,38.2,38.12,38.3,Attn-GRU-45
592030,2026-03-06,2026-03-24,38.21,38.09,38.33,Attn-GRU-45
592030,2026-03-06,2026-03-25,38.23,38.08,38.35,Attn-GRU-45
592030,2026-03-06,2026-03-26,38.22,38.08,38.33,Attn-GRU-45
592030,2026-03-06,2026-03-27,38.27,38.12,38.38,Attn-GRU-45
592030,2026-03-06,2026-03-28,38.25,38.09,38.4,Attn-GRU-45
592030,2026-03-06,2026-03-29,38.29,38.13,38.42,Attn-GRU-45
592030,2026-03-06,2026-03-30,38.28,38.15,38.42,Attn-GRU-45
592030,2026-03-06,2026-03-31,38.29,38.12,38.42,Attn-GRU-45
592030,2026-03-06,2026-04-01,38.34,38.17,38.46,Attn-GRU-45
592030,2026-03-06,2026-04-02,38.34,38.19,38.46,Attn-GRU-45
592030,2026-03-06,2026-04-03,38.31,38.18,38.45,Attn-GRU-45
592030,2026-03-06,2026-04-04,38.38,38.23,38.52,Attn-GRU-45
592030,2026-03-06,2026-04-05,38.38,38.21,38.5,Attn-GRU-45
592031,2026-03-06,2026-03-07,63.46,63.31,63.65,Attn-GRU-45
592031,2026-03-06,2026-03-08,63.11,62.93,63.24,Attn-GRU-45
592031,2026-03-06,2026-03-09,63.12,62.97,63.28,Attn-GRU-45
592031,2026-03-06,2026-03-10,63.24,62.93,63.5,Attn-GRU-45
592031,2026-03-06,2026-03-11,63.03,62.71,63.35,Attn-GRU-45
592031,2026-03-06,2026-03-12,62.95,62.69,63.36,Attn-GRU-45
592031,2026-03-06,2026-03-13,62.99,62.64,63.34,Attn-GRU-45
592031,2026-03-06,2026-03-14,63.37,62.82,63.93,Attn-GRU-45
592031,2026-03-06,2026-03-15,63.31,62.77,63.87,Attn-GRU-45
592031,2026-03-06,2026-03-16,62.68,62.19,63.43,Attn-GRU-45
592031,2026-03-06,2026-03-17,63.0,62.44,63.73,Attn-GRU-45
592031,2026-03-06,2026-03-18,63.25,62.47,64.04,Attn-GRU-45
592031,2026-03-06,2026-03-19,63.75,62.99,64.61,Attn-GRU-45
592031,2026-03-06,2026-03-20,64.2,63.33,64.94,Attn-GRU-45
592031,2026-03-06,2026-03-21,63.46,62.7,64.36,Attn-GRU-45
592031,2026-03-06,2026-03-22,63.69,62.81,64.75,Attn-GRU-45
592031,2026-03-06,2026-03-23,64.11,63.2,65.19,Attn-GRU-45
592031,2026-03-06,2026-03-24,64.12,63.2,65.2,Attn-GRU-45
592031,2026-03-06,2026-03-25,64.04,62.99,65.31,Attn-GRU-45
592031,2026-03-06,2026-03-26,63.95,62.83,65.17,Attn-GRU-45
592031,2026-03-06,2026-03-27,64.26,63.1,65.64,Attn-GRU-45
592031,2026-03-06,2026-03-28,63.86,62.66,65.52,Attn-GRU-45
592031,2026-03-06,2026-03-29,64.33,63.17,65.66,Attn-GRU-45
592031,2026-03-06,2026-03-30,64.08,63.06,65.8,Attn-GRU-45
592031,2026-03-06,2026-03-31,64.21,63.03,65.6,Attn-GRU-45
592031,2026-03-06,2026-04-01,64.08,62.61,65.85,Attn-GRU-45
592031,2026-03-06,2026-04-02,64.22,62.97,65.4,Attn-GRU-45
592031,2026-03-06,2026-04-03,64.54,63.28,66.06,Attn-GRU-45
592031,2026-03-06,2026-04-04,64.84,63.28,66.37,Attn-GRU-45
592031,2026-03-06,2026-04-05,64.25,62.74,65.97,Attn-GRU-45
592032,2026-03-06,2026-03-07,27.27,27.24,27.3,Attn-GRU-45
592032,2026-03-06,2026-03-08,27.23,27.2,27.26,Attn-GRU-45
592032,2026-03-06,2026-03-09,27.26,27.22,27.29,Attn-GRU-45
592032,2026-03-06,2026-03-10,27.28,27.24,27.33,Attn-GRU-45
592032,2026-03-06,2026-03-11,27.25,27.19,27.31,Attn-GRU-45
592032,2026-03-06,2026-03-12,27.27,27.21,27.33,Attn-GRU-45
592032,2026-03-06,2026-03-13,27.3,27.23,27.37,Attn-GRU-45
592032,2026-03-06,2026-03-14,27.32,27.26,27.42,Attn-GRU-45
592032,2026-03-06,2026-03-15,27.34,27.24,27.46,Attn-GRU-45
592032,2026-03-06,2026-03-16,27.33,27.24,27.43,Attn-GRU-45
592032,2026-03-06,2026-03-17,27.35,27.24,27.5,Attn-GRU-45
592032,2026-03-06,2026-03-18,27.37,27.25,27.49,Attn-GRU-45
592032,2026-03-06,2026-03-19,27.42,27.29,27.54,Attn-GRU-45
592032,2026-03-06,2026-03-20,27.49,27.36,27.62,Attn-GRU-45
592032,2026-03-06,2026-03-21,27.46,27.32,27.58,Attn-GRU-45
592032,2026-03-06,2026-03-22,27.53,27.42,27.69,Attn-GRU-45
592032,2026-03-06,2026-03-23,27.55,27.41,27.66,Attn-GRU-45
592032,2026-03-06,2026-03-24,27.6,27.45,27.73,Attn-GRU-45
592032,2026-03-06,2026-03-25,27.62,27.48,27.77,Attn-GRU-45
592032,2026-03-06,2026-03-26,27.62,27.38,27.74,Attn-GRU-45
592032,2026-03-06,2026-03-27,27.63,27.46,27.76,Attn-GRU-45
592032,2026-03-06,2026-03-28,27.63,27.4,27.81,Attn-GRU-45
592032,2026-03-06,2026-03-29,27.69,27.5,27.84,Attn-GRU-45
592032,2026-03-06,2026-03-30,27.7,27.52,27.85,Attn-GRU-45
592032,2026-03-06,2026-03-31,27.72,27.53,27.89,Attn-GRU-45
592032,2026-03-06,2026-04-01,27.75,27.44,27.9,Attn-GRU-45
592032,2026-03-06,2026-04-02,27.81,27.66,27.92,Attn-GRU-45
592032,2026-03-06,2026-04-03,27.73,27.5,27.87,Attn-GRU-45
592032,2026-03-06,2026-04-04,27.81,27.57,27.92,Attn-GRU-45
592032,2026-03-06,2026-04-05,27.84,27.63,27.96,Attn-GRU-45
592034,2026-03-06,2026-03-07,28.55,28.53,28.57,Attn-GRU-45
592034,2026-03-06,2026-03-08,28.51,28.49,28.53,Attn-GRU-45
592034,2026-03-06,2026-03-09,28.49,28.47,28.51,Attn-GRU-45
592034,2026-03-06,2026-03-10,28.46,28.43,28.53,Attn-GRU-45
592034,2026-03-06,2026-03-11,28.44,28.4,28.48,Attn-GRU-45
592034,2026-03-06,2026-03-12,28.41,28.38,28.45,Attn-GRU-45
592034,2026-03-06,2026-03-13,28.38,28.35,28.43,Attn-GRU-45
592034,2026-03-06,2026-03-14,28.33,28.26,28.45,Attn-GRU-45
592034,2026-03-06,2026-03-15,28.29,28.19,28.4,Attn-GRU-45
592034,2026-03-06,2026-03-16,28.25,28.2,28.33,Attn-GRU-45
592034,2026-03-06,2026-03-17,28.23,28.15,28.33,Attn-GRU-45
592034,2026-03-06,2026-03-18,28.15,28.05,28.27,Attn-GRU-45
592034,2026-03-06,2026-03-19,28.1,28.02,28.24,Attn-GRU-45
592034,2026-03-06,2026-03-20,28.06,27.93,28.23,Attn-GRU-45
592034,2026-03-06,2026-03-21,27.99,27.91,28.13,Attn-GRU-45
592034,2026-03-06,2026-03-22,28.0,27.88,28.19,Attn-GRU-45
592034,2026-03-06,2026-03-23,27.95,27.88,28.09,Attn-GRU-45
592034,2026-03-06,2026-03-24,27.96,27.87,28.07,Attn-GRU-45
592034,2026-03-06,2026-03-25,27.96,27.86,28.1,Attn-GRU-45
592034,2026-03-06,2026-03-26,27.91,27.84,27.99,Attn-GRU-45
592034,2026-03-06,2026-03-27,27.89,27.83,28.01,Attn-GRU-45
592034,2026-03-06,2026-03-28,27.89,27.84,28.0,Attn-GRU-45
592034,2026-03-06,2026-03-29,27.9,27.83,28.02,Attn-GRU-45
592034,2026-03-06,2026-03-30,27.89,27.83,28.0,Attn-GRU-45
592034,2026-03-06,2026-03-31,27.88,27.82,28.0,Attn-GRU-45
592034,2026-03-06,2026-04-01,27.86,27.82,27.94,Attn-GRU-45
592034,2026-03-06,2026-04-02,27.86,27.81,27.95,Attn-GRU-45
592034,2026-03-06,2026-04-03,27.87,27.81,27.99,Attn-GRU-45
592034,2026-03-06,2026-04-04,27.87,27.81,27.98,Attn-GRU-45
592034,2026-03-06,2026-04-05,27.85,27.81,27.95,Attn-GRU-45
592036,2026-03-06,2026-03-07,40.27,40.2,40.34,Attn-GRU-45
592036,2026-03-06,2026-03-08,40.19,40.11,40.27,Attn-GRU-45
592036,2026-03-06,2026-03-09,40.15,40.07,40.24,Attn-GRU-45
592036,2026-03-06,2026-03-10,40.02,39.92,40.16,Attn-GRU-45
592036,2026-03-06,2026-03-11,39.97,39.85,40.11,Attn-GRU-45
592036,2026-03-06,2026-03-12,39.85,39.65,39.98,Attn-GRU-45
592036,2026-03-06,2026-03-13,39.71,39.53,39.9,Attn-GRU-45
592036,2026-03-06,2026-03-14,39.45,39.3,39.66,Attn-GRU-45
592036,2026-03-06,2026-03-15,39.34,39.16,39.51,Attn-GRU-45
592036,2026-03-06,2026-03-16,39.25,39.13,39.42,Attn-GRU-45
592036,2026-03-06,2026-03-17,39.09,39.01,39.3,Attn-GRU-45
592036,2026-03-06,2026-03-18,39.02,38.97,39.19,Attn-GRU-45
592036,2026-03-06,2026-03-19,38.96,38.95,39.04,Attn-GRU-45
592036,2026-03-06,2026-03-20,38.95,38.94,38.99,Attn-GRU-45
592036,2026-03-06,2026-03-21,38.95,38.94,38.97,Attn-GRU-45
592036,2026-03-06,2026-03-22,38.94,38.94,38.96,Attn-GRU-45
592036,2026-03-06,2026-03-23,38.94,38.94,38.96,Attn-GRU-45
592036,2026-03-06,2026-03-24,38.94,38.94,38.95,Attn-GRU-45
592036,2026-03-06,2026-03-25,38.94,38.94,38.95,Attn-GRU-45
592036,2026-03-06,2026-03-26,38.94,38.94,38.95,Attn-GRU-45
592036,2026-03-06,2026-03-27,38.94,38.94,38.95,Attn-GRU-45
592036,2026-03-06,2026-03-28,38.94,38.94,38.94,Attn-GRU-45
592036,2026-03-06,2026-03-29,38.94,38.94,38.95,Attn-GRU-45
592036,2026-03-06,2026-03-30,38.94,38.94,38.95,Attn-GRU-45
592036,2026-03-06,2026-03-31,38.94,38.94,38.95,Attn-GRU-45
592036,2026-03-06,2026-04-01,38.94,38.94,38.94,Attn-GRU-45
592036,2026-03-06,2026-04-02,38.94,38.94,38.94,Attn-GRU-45
592036,2026-03-06,2026-04-03,38.94,38.94,38.94,Attn-GRU-45
592036,2026-03-06,2026-04-04,38.94,38.94,38.94,Attn-GRU-45
592036,2026-03-06,2026-04-05,38.94,38.94,38.94,Attn-GRU-45
592037,2026-03-06,2026-03-07,56.13,56.08,56.19,Attn-GRU-45
592037,2026-03-06,2026-03-08,56.1,56.04,56.17,Attn-GRU-45
592037,2026-03-06,2026-03-09,56.13,56.05,56.23,Attn-GRU-45
592037,2026-03-06,2026-03-10,56.18,56.05,56.29,Attn-GRU-45
592037,2026-03-06,2026-03-11,56.18,56.02,56.32,Attn-GRU-45
592037,2026-03-06,2026-03-12,56.2,56.07,56.37,Attn-GRU-45
592037,2026-03-06,2026-03-13,56.26,56.12,56.46,Attn-GRU-45
592037,2026-03-06,2026-03-14,56.36,56.16,56.64,Attn-GRU-45
592037,2026-03-06,2026-03-15,56.36,56.08,56.64,Attn-GRU-45
592037,2026-03-06,2026-03-16,56.39,56.15,56.68,Attn-GRU-45
592037,2026-03-06,2026-03-17,56.4,56.12,56.77,Attn-GRU-45
592037,2026-03-06,2026-03-18,56.51,56.22,56.82,Attn-GRU-45
592037,2026-03-06,2026-03-19,56.63,56.34,56.87,Attn-GRU-45
592037,2026-03-06,2026-03-20,56.78,56.4,57.1,Attn-GRU-45
592037,2026-03-06,2026-03-21,56.76,56.43,57.06,Attn-GRU-45
592037,2026-03-06,2026-03-22,56.8,56.48,57.1,Attn-GRU-45
592037,2026-03-06,2026-03-23,56.91,56.64,57.2,Attn-GRU-45
592037,2026-03-06,2026-03-24,57.01,56.64,57.37,Attn-GRU-45
592037,2026-03-06,2026-03-25,57.12,56.74,57.46,Attn-GRU-45
592037,2026-03-06,2026-03-26,57.12,56.7,57.49,Attn-GRU-45
592037,2026-03-06,2026-03-27,57.18,56.77,57.48,Attn-GRU-45
592037,2026-03-06,2026-03-28,57.19,56.67,57.61,Attn-GRU-45
592037,2026-03-06,2026-03-29,57.3,56.75,57.63,Attn-GRU-45
592037,2026-03-06,2026-03-30,57.31,56.95,57.63,Attn-GRU-45
592037,2026-03-06,2026-03-31,57.34,56.95,57.65,Attn-GRU-45
592037,2026-03-06,2026-04-01,57.5,57.02,57.78,Attn-GRU-45
592037,2026-03-06,2026-04-02,57.54,57.06,57.79,Attn-GRU-45
592037,2026-03-06,2026-04-03,57.42,57.07,57.72,Attn-GRU-45
592037,2026-03-06,2026-04-04,57.51,57.12,57.77,Attn-GRU-45
592037,2026-03-06,2026-04-05,57.56,57.13,57.83,Attn-GRU-45
592038,2026-03-06,2026-03-07,26.38,26.37,26.39,Attn-GRU-45
592038,2026-03-06,2026-03-08,26.37,26.36,26.37,Attn-GRU-45
592038,2026-03-06,2026-03-09,26.37,26.36,26.38,Attn-GRU-45
592038,2026-03-06,2026-03-10,26.37,26.35,26.39,Attn-GRU-45
592038,2026-03-06,2026-03-11,26.36,26.34,26.39,Attn-GRU-45
592038,2026-03-06,2026-03-12,26.35,26.33,26.37,Attn-GRU-45
592038,2026-03-06,2026-03-13,26.36,26.33,26.38,Attn-GRU-45
592038,2026-03-06,2026-03-14,26.37,26.33,26.4,Attn-GRU-45
592038,2026-03-06,2026-03-15,26.36,26.32,26.39,Attn-GRU-45
592038,2026-03-06,2026-03-16,26.35,26.31,26.38,Attn-GRU-45
592038,2026-03-06,2026-03-17,26.35,26.32,26.39,Attn-GRU-45
592038,2026-03-06,2026-03-18,26.35,26.3,26.39,Attn-GRU-45
592038,2026-03-06,2026-03-19,26.38,26.33,26.43,Attn-GRU-45
592038,2026-03-06,2026-03-20,26.39,26.33,26.46,Attn-GRU-45
592038,2026-03-06,2026-03-21,26.36,26.31,26.41,Attn-GRU-45
592038,2026-03-06,2026-03-22,26.4,26.34,26.44,Attn-GRU-45
592038,2026-03-06,2026-03-23,26.4,26.35,26.45,Attn-GRU-45
592038,2026-03-06,2026-03-24,26.42,26.37,26.48,Attn-GRU-45
592038,2026-03-06,2026-03-25,26.42,26.36,26.49,Attn-GRU-45
592038,2026-03-06,2026-03-26,26.39,26.33,26.47,Attn-GRU-45
592038,2026-03-06,2026-03-27,26.41,26.34,26.49,Attn-GRU-45
592038,2026-03-06,2026-03-28,26.39,26.33,26.47,Attn-GRU-45
592038,2026-03-06,2026-03-29,26.42,26.34,26.48,Attn-GRU-45
592038,2026-03-06,2026-03-30,26.42,26.35,26.48,Attn-GRU-45
592038,2026-03-06,2026-03-31,26.41,26.33,26.5,Attn-GRU-45
592038,2026-03-06,2026-04-01,26.4,26.32,26.51,Attn-GRU-45
592038,2026-03-06,2026-04-02,26.46,26.38,26.53,Attn-GRU-45
592038,2026-03-06,2026-04-03,26.46,26.38,26.54,Attn-GRU-45
592038,2026-03-06,2026-04-04,26.42,26.35,26.53,Attn-GRU-45
592038,2026-03-06,2026-04-05,26.44,26.34,26.53,Attn-GRU-45
592040,2026-03-06,2026-03-07,32.15,32.09,32.21,Attn-GRU-45
592040,2026-03-06,2026-03-08,32.16,32.09,32.23,Attn-GRU-45
592040,2026-03-06,2026-03-09,32.19,32.1,32.29,Attn-GRU-45
592040,2026-03-06,2026-03-10,32.26,32.13,32.34,Attn-GRU-45
592040,2026-03-06,2026-03-11,32.29,32.13,32.45,Attn-GRU-45
592040,2026-03-06,2026-03-12,32.35,32.19,32.5,Attn-GRU-45
592040,2026-03-06,2026-03-13,32.43,32.28,32.62,Attn-GRU-45
592040,2026-03-06,2026-03-14,32.46,32.3,32.66,Attn-GRU-45
592040,2026-03-06,2026-03-15,32.49,32.29,32.72,Attn-GRU-45
592040,2026-03-06,2026-03-16,32.6,32.38,32.78,Attn-GRU-45
592040,2026-03-06,2026-03-17,32.64,32.38,32.82,Attn-GRU-45
592040,2026-03-06,2026-03-18,32.69,32.52,32.85,Attn-GRU-45
592040,2026-03-06,2026-03-19,32.72,32.51,32.87,Attn-GRU-45
592040,2026-03-06,2026-03-20,32.78,32.56,32.93,Attn-GRU-45
592040,2026-03-06,2026-03-21,32.84,32.59,32.96,Attn-GRU-45
592040,2026-03-06,2026-03-22,32.82,32.61,32.94,Attn-GRU-45
592040,2026-03-06,2026-03-23,32.9,32.72,33.0,Attn-GRU-45
592040,2026-03-06,2026-03-24,32.91,32.74,33.03,Attn-GRU-45
592040,2026-03-06,2026-03-25,32.95,32.78,33.03,Attn-GRU-45
592040,2026-03-06,2026-03-26,32.97,32.81,33.04,Attn-GRU-45
592040,2026-03-06,2026-03-27,32.98,32.82,33.04,Attn-GRU-45
592040,2026-03-06,2026-03-28,33.01,32.81,33.06,Attn-GRU-45
592040,2026-03-06,2026-03-29,33.02,32.86,33.06,Attn-GRU-45
592040,2026-03-06,2026-03-30,33.02,32.84,33.06,Attn-GRU-45
592040,2026-03-06,2026-03-31,33.04,32.88,33.06,Attn-GRU-45
592040,2026-03-06,2026-04-01,33.05,32.94,33.07,Attn-GRU-45
592040,2026-03-06,2026-04-02,33.05,32.9,33.07,Attn-GRU-45
592040,2026-03-06,2026-04-03,33.03,32.93,33.07,Attn-GRU-45
592040,2026-03-06,2026-04-04,33.05,32.96,33.07,Attn-GRU-45
592040,2026-03-06,2026-04-05,33.06,32.99,33.07,Attn-GRU-45
593162,2026-03-06,2026-03-07,15.98,15.94,16.05,Attn-GRU-45
593162,2026-03-06,2026-03-08,15.97,15.9,16.04,Attn-GRU-45
593162,2026-03-06,2026-03-09,16.01,15.93,16.09,Attn-GRU-45
593162,2026-03-06,2026-03-10,16.09,16.0,16.2,Attn-GRU-45
593162,2026-03-06,2026-03-11,16.06,15.89,16.23,Attn-GRU-45
593162,2026-03-06,2026-03-12,16.16,15.98,16.31,Attn-GRU-45
593162,2026-03-06,2026-03-13,16.2,16.05,16.4,Attn-GRU-45
593162,2026-03-06,2026-03-14,16.3,16.09,16.52,Attn-GRU-45
593162,2026-03-06,2026-03-15,16.33,16.06,16.55,Attn-GRU-45
593162,2026-03-06,2026-03-16,16.38,16.15,16.59,Attn-GRU-45
593162,2026-03-06,2026-03-17,16.46,16.17,16.7,Attn-GRU-45
593162,2026-03-06,2026-03-18,16.51,16.25,16.72,Attn-GRU-45
593162,2026-03-06,2026-03-19,16.53,16.33,16.77,Attn-GRU-45
593162,2026-03-06,2026-03-20,16.68,16.4,16.86,Attn-GRU-45
593162,2026-03-06,2026-03-21,16.7,16.37,16.88,Attn-GRU-45
593162,2026-03-06,2026-03-22,16.71,16.48,16.88,Attn-GRU-45
593162,2026-03-06,2026-03-23,16.79,16.59,16.91,Attn-GRU-45
593162,2026-03-06,2026-03-24,16.81,16.57,16.98,Attn-GRU-45
593162,2026-03-06,2026-03-25,16.86,16.63,17.02,Attn-GRU-45
593162,2026-03-06,2026-03-26,16.93,16.67,17.04,Attn-GRU-45
593162,2026-03-06,2026-03-27,16.89,16.64,17.05,Attn-GRU-45
593162,2026-03-06,2026-03-28,16.97,16.7,17.1,Attn-GRU-45
593162,2026-03-06,2026-03-29,16.96,16.75,17.1,Attn-GRU-45
593162,2026-03-06,2026-03-30,17.0,16.77,17.09,Attn-GRU-45
593162,2026-03-06,2026-03-31,17.03,16.75,17.11,Attn-GRU-45
593162,2026-03-06,2026-04-01,17.04,16.87,17.13,Attn-GRU-45
593162,2026-03-06,2026-04-02,17.07,16.88,17.13,Attn-GRU-45
593162,2026-03-06,2026-04-03,17.0,16.81,17.12,Attn-GRU-45
593162,2026-03-06,2026-04-04,17.07,16.9,17.13,Attn-GRU-45
593162,2026-03-06,2026-04-05,17.07,16.94,17.14,Attn-GRU-45
619733,2026-03-06,2026-03-07,110.15,110.09,110.2,Attn-GRU-45
619733,2026-03-06,2026-03-08,110.02,109.99,110.06,Attn-GRU-45
619733,2026-03-06,2026-03-09,109.97,109.94,110.03,Attn-GRU-45
619733,2026-03-06,2026-03-10,110.03,109.97,110.1,Attn-GRU-45
619733,2026-03-06,2026-03-11,109.92,109.83,110.02,Attn-GRU-45
619733,2026-03-06,2026-03-12,109.86,109.76,109.96,Attn-GRU-45
619733,2026-03-06,2026-03-13,109.89,109.8,110.0,Attn-GRU-45
619733,2026-03-06,2026-03-14,110.17,110.02,110.31,Attn-GRU-45
619733,2026-03-06,2026-03-15,109.95,109.78,110.16,Attn-GRU-45
619733,2026-03-06,2026-03-16,109.81,109.65,109.99,Attn-GRU-45
619733,2026-03-06,2026-03-17,109.79,109.55,110.01,Attn-GRU-45
619733,2026-03-06,2026-03-18,109.94,109.63,110.21,Attn-GRU-45
619733,2026-03-06,2026-03-19,110.11,109.88,110.41,Attn-GRU-45
619733,2026-03-06,2026-03-20,110.2,109.89,110.46,Attn-GRU-45
619733,2026-03-06,2026-03-21,110.04,109.77,110.37,Attn-GRU-45
619733,2026-03-06,2026-03-22,110.04,109.72,110.41,Attn-GRU-45
619733,2026-03-06,2026-03-23,110.29,110.0,110.65,Attn-GRU-45
619733,2026-03-06,2026-03-24,110.28,109.91,110.6,Attn-GRU-45
619733,2026-03-06,2026-03-25,110.29,109.96,110.57,Attn-GRU-45
619733,2026-03-06,2026-03-26,110.2,109.82,110.6,Attn-GRU-45
619733,2026-03-06,2026-03-27,110.3,109.87,110.73,Attn-GRU-45
619733,2026-03-06,2026-03-28,109.89,109.52,110.44,Attn-GRU-45
619733,2026-03-06,2026-03-29,110.06,109.54,110.45,Attn-GRU-45
619733,2026-03-06,2026-03-30,110.32,109.96,110.71,Attn-GRU-45
619733,2026-03-06,2026-03-31,110.12,109.52,110.67,Attn-GRU-45
619733,2026-03-06,2026-04-01,110.37,109.77,110.77,Attn-GRU-45
619733,2026-03-06,2026-04-02,110.09,109.59,110.42,Attn-GRU-45
619733,2026-03-06,2026-04-03,110.59,110.09,111.05,Attn-GRU-45
619733,2026-03-06,2026-04-04,110.52,109.87,110.98,Attn-GRU-45
619733,2026-03-06,2026-04-05,110.24,109.7,110.67,Attn-GRU-45
619734,2026-03-06,2026-03-07,50.52,50.44,50.61,Attn-GRU-45
619734,2026-03-06,2026-03-08,50.56,50.44,50.66,Attn-GRU-45
619734,2026-03-06,2026-03-09,50.57,50.38,50.74,Attn-GRU-45
619734,2026-03-06,2026-03-10,50.67,50.49,50.83,Attn-GRU-45
619734,2026-03-06,2026-03-11,50.63,50.32,50.9,Attn-GRU-45
619734,2026-03-06,2026-03-12,50.75,50.54,50.98,Attn-GRU-45
619734,2026-03-06,2026-03-13,50.95,50.66,51.26,Attn-GRU-45
619734,2026-03-06,2026-03-14,51.1,50.71,51.44,Attn-GRU-45
619734,2026-03-06,2026-03-15,51.01,50.58,51.33,Attn-GRU-45
619734,2026-03-06,2026-03-16,51.16,50.77,51.55,Attn-GRU-45
619734,2026-03-06,2026-03-17,51.21,50.71,51.69,Attn-GRU-45
619734,2026-03-06,2026-03-18,51.4,51.02,51.76,Attn-GRU-45
619734,2026-03-06,2026-03-19,51.54,51.12,51.93,Attn-GRU-45
619734,2026-03-06,2026-03-20,51.66,51.08,52.1,Attn-GRU-45
619734,2026-03-06,2026-03-21,51.75,51.23,52.16,Attn-GRU-45
619734,2026-03-06,2026-03-22,51.8,51.34,52.16,Attn-GRU-45
619734,2026-03-06,2026-03-23,51.96,51.56,52.33,Attn-GRU-45
619734,2026-03-06,2026-03-24,52.18,51.69,52.61,Attn-GRU-45
619734,2026-03-06,2026-03-25,52.23,51.67,52.64,Attn-GRU-45
619734,2026-03-06,2026-03-26,52.28,51.7,52.66,Attn-GRU-45
619734,2026-03-06,2026-03-27,52.31,51.88,52.71,Attn-GRU-45
619734,2026-03-06,2026-03-28,52.5,51.77,52.82,Attn-GRU-45
619734,2026-03-06,2026-03-29,52.52,51.77,52.87,Attn-GRU-45
619734,2026-03-06,2026-03-30,52.48,51.98,52.84,Attn-GRU-45
619734,2026-03-06,2026-03-31,52.57,52.06,52.85,Attn-GRU-45
619734,2026-03-06,2026-04-01,52.78,52.19,53.05,Attn-GRU-45
619734,2026-03-06,2026-04-02,52.71,52.16,52.98,Attn-GRU-45
619734,2026-03-06,2026-04-03,52.67,52.17,52.95,Attn-GRU-45
619734,2026-03-06,2026-04-04,52.84,52.36,53.05,Attn-GRU-45
619734,2026-03-06,2026-04-05,52.83,52.27,53.04,Attn-GRU-45
619735,2026-03-06,2026-03-07,64.86,64.77,64.95,Attn-GRU-45
619735,2026-03-06,2026-03-08,64.51,64.41,64.59,Attn-GRU-45
619735,2026-03-06,2026-03-09,64.38,64.27,64.45,Attn-GRU-45
619735,2026-03-06,2026-03-10,64.38,64.21,64.56,Attn-GRU-45
619735,2026-03-06,2026-03-11,64.12,63.93,64.28,Attn-GRU-45
619735,2026-03-06,2026-03-12,64.03,63.89,64.18,Attn-GRU-45
619735,2026-03-06,2026-03-13,63.8,63.57,63.96,Attn-GRU-45
619735,2026-03-06,2026-03-14,64.04,63.69,64.36,Attn-GRU-45
619735,2026-03-06,2026-03-15,63.79,63.25,64.3,Attn-GRU-45
619735,2026-03-06,2026-03-16,63.26,62.91,63.59,Attn-GRU-45
619735,2026-03-06,2026-03-17,63.18,62.74,63.62,Attn-GRU-45
619735,2026-03-06,2026-03-18,63.0,62.25,63.66,Attn-GRU-45
619735,2026-03-06,2026-03-19,63.08,62.35,63.86,Attn-GRU-45
619735,2026-03-06,2026-03-20,62.82,61.99,63.92,Attn-GRU-45
619735,2026-03-06,2026-03-21,62.32,61.34,63.31,Attn-GRU-45
619735,2026-03-06,2026-03-22,62.02,60.96,63.31,Attn-GRU-45
619735,2026-03-06,2026-03-23,62.22,60.92,63.46,Attn-GRU-45
619735,2026-03-06,2026-03-24,62.1,60.79,62.95,Attn-GRU-45
619735,2026-03-06,2026-03-25,62.17,60.86,63.4,Attn-GRU-45
619735,2026-03-06,2026-03-26,61.52,60.47,62.86,Attn-GRU-45
619735,2026-03-06,2026-03-27,61.4,60.14,62.76,Attn-GRU-45
619735,2026-03-06,2026-03-28,61.21,60.27,62.51,Attn-GRU-45
619735,2026-03-06,2026-03-29,61.03,59.83,62.58,Attn-GRU-45
619735,2026-03-06,2026-03-30,61.42,60.4,62.78,Attn-GRU-45
619735,2026-03-06,2026-03-31,60.97,59.97,62.51,Attn-GRU-45
619735,2026-03-06,2026-04-01,61.09,59.94,62.27,Attn-GRU-45
619735,2026-03-06,2026-04-02,60.52,59.61,62.07,Attn-GRU-45
619735,2026-03-06,2026-04-03,61.21,60.17,62.95,Attn-GRU-45
619735,2026-03-06,2026-04-04,60.73,59.79,62.57,Attn-GRU-45
619735,2026-03-06,2026-04-05,60.33,59.44,61.88,Attn-GRU-45
619736,2026-03-06,2026-03-07,35.73,35.72,35.74,Attn-GRU-45
619736,2026-03-06,2026-03-08,35.68,35.67,35.69,Attn-GRU-45
619736,2026-03-06,2026-03-09,35.66,35.65,35.67,Attn-GRU-45
619736,2026-03-06,2026-03-10,35.67,35.66,35.7,Attn-GRU-45
619736,2026-03-06,2026-03-11,35.63,35.61,35.65,Attn-GRU-45
619736,2026-03-06,2026-03-12,35.63,35.61,35.65,Attn-GRU-45
619736,2026-03-06,2026-03-13,35.6,35.58,35.62,Attn-GRU-45
619736,2026-03-06,2026-03-14,35.65,35.61,35.7,Attn-GRU-45
619736,2026-03-06,2026-03-15,35.63,35.58,35.68,Attn-GRU-45
619736,2026-03-06,2026-03-16,35.54,35.51,35.59,Attn-GRU-45
619736,2026-03-06,2026-03-17,35.58,35.52,35.62,Attn-GRU-45
619736,2026-03-06,2026-03-18,35.57,35.47,35.65,Attn-GRU-45
619736,2026-03-06,2026-03-19,35.63,35.54,35.7,Attn-GRU-45
619736,2026-03-06,2026-03-20,35.61,35.52,35.69,Attn-GRU-45
619736,2026-03-06,2026-03-21,35.54,35.46,35.65,Attn-GRU-45
619736,2026-03-06,2026-03-22,35.54,35.41,35.69,Attn-GRU-45
619736,2026-03-06,2026-03-23,35.58,35.48,35.7,Attn-GRU-45
619736,2026-03-06,2026-03-24,35.57,35.46,35.68,Attn-GRU-45
619736,2026-03-06,2026-03-25,35.56,35.47,35.68,Attn-GRU-45
619736,2026-03-06,2026-03-26,35.53,35.39,35.63,Attn-GRU-45
619736,2026-03-06,2026-03-27,35.52,35.38,35.67,Attn-GRU-45
619736,2026-03-06,2026-03-28,35.47,35.37,35.6,Attn-GRU-45
619736,2026-03-06,2026-03-29,35.49,35.33,35.59,Attn-GRU-45
619736,2026-03-06,2026-03-30,35.52,35.42,35.68,Attn-GRU-45
619736,2026-03-06,2026-03-31,35.48,35.28,35.62,Attn-GRU-45
619736,2026-03-06,2026-04-01,35.44,35.32,35.6,Attn-GRU-45
619736,2026-03-06,2026-04-02,35.41,35.29,35.55,Attn-GRU-45
619736,2026-03-06,2026-04-03,35.55,35.4,35.73,Attn-GRU-45
619736,2026-03-06,2026-04-04,35.48,35.29,35.67,Attn-GRU-45
619736,2026-03-06,2026-04-05,35.39,35.21,35.59,Attn-GRU-45
619737,2026-03-06,2026-03-07,84.79,84.77,84.8,Attn-GRU-45
619737,2026-03-06,2026-03-08,84.72,84.71,84.74,Attn-GRU-45
619737,2026-03-06,2026-03-09,84.7,84.68,84.72,Attn-GRU-45
619737,2026-03-06,2026-03-10,84.72,84.7,84.75,Attn-GRU-45
619737,2026-03-06,2026-03-11,84.65,84.63,84.67,Attn-GRU-45
619737,2026-03-06,2026-03-12,84.65,84.62,84.68,Attn-GRU-45
619737,2026-03-06,2026-03-13,84.64,84.6,84.67,Attn-GRU-45
619737,2026-03-06,2026-03-14,84.7,84.64,84.76,Attn-GRU-45
619737,2026-03-06,2026-03-15,84.63,84.56,84.7,Attn-GRU-45
619737,2026-03-06,2026-03-16,84.57,84.49,84.63,Attn-GRU-45
619737,2026-03-06,2026-03-17,84.59,84.51,84.66,Attn-GRU-45
619737,2026-03-06,2026-03-18,84.57,84.45,84.7,Attn-GRU-45
619737,2026-03-06,2026-03-19,84.63,84.49,84.75,Attn-GRU-45
619737,2026-03-06,2026-03-20,84.59,84.45,84.76,Attn-GRU-45
619737,2026-03-06,2026-03-21,84.53,84.43,84.66,Attn-GRU-45
619737,2026-03-06,2026-03-22,84.63,84.48,84.79,Attn-GRU-45
619737,2026-03-06,2026-03-23,84.57,84.46,84.75,Attn-GRU-45
619737,2026-03-06,2026-03-24,84.61,84.44,84.77,Attn-GRU-45
619737,2026-03-06,2026-03-25,84.57,84.45,84.76,Attn-GRU-45
619737,2026-03-06,2026-03-26,84.47,84.3,84.67,Attn-GRU-45
619737,2026-03-06,2026-03-27,84.49,84.31,84.69,Attn-GRU-45
619737,2026-03-06,2026-03-28,84.44,84.32,84.61,Attn-GRU-45
619737,2026-03-06,2026-03-29,84.46,84.28,84.63,Attn-GRU-45
619737,2026-03-06,2026-03-30,84.56,84.42,84.72,Attn-GRU-45
619737,2026-03-06,2026-03-31,84.47,84.22,84.68,Attn-GRU-45
619737,2026-03-06,2026-04-01,84.43,84.25,84.62,Attn-GRU-45
619737,2026-03-06,2026-04-02,84.38,84.25,84.59,Attn-GRU-45
619737,2026-03-06,2026-04-03,84.63,84.42,84.8,Attn-GRU-45
619737,2026-03-06,2026-04-04,84.54,84.3,84.74,Attn-GRU-45
619737,2026-03-06,2026-04-05,84.44,84.22,84.62,Attn-GRU-45
619738,2026-03-06,2026-03-07,52.03,51.96,52.12,Attn-GRU-45
619738,2026-03-06,2026-03-08,51.77,51.7,51.84,Attn-GRU-45
619738,2026-03-06,2026-03-09,51.66,51.61,51.73,Attn-GRU-45
619738,2026-03-06,2026-03-10,51.72,51.61,51.86,Attn-GRU-45
619738,2026-03-06,2026-03-11,51.47,51.33,51.63,Attn-GRU-45
619738,2026-03-06,2026-03-12,51.41,51.32,51.52,Attn-GRU-45
619738,2026-03-06,2026-03-13,51.32,51.17,51.45,Attn-GRU-45
619738,2026-03-06,2026-03-14,51.68,51.39,51.9,Attn-GRU-45
619738,2026-03-06,2026-03-15,51.49,51.2,51.78,Attn-GRU-45
619738,2026-03-06,2026-03-16,51.03,50.74,51.26,Attn-GRU-45
619738,2026-03-06,2026-03-17,51.08,50.78,51.44,Attn-GRU-45
619738,2026-03-06,2026-03-18,51.15,50.54,51.64,Attn-GRU-45
619738,2026-03-06,2026-03-19,51.35,50.85,51.79,Attn-GRU-45
619738,2026-03-06,2026-03-20,51.38,50.74,51.91,Attn-GRU-45
619738,2026-03-06,2026-03-21,50.96,50.29,51.45,Attn-GRU-45
619738,2026-03-06,2026-03-22,50.76,49.75,51.59,Attn-GRU-45
619738,2026-03-06,2026-03-23,51.08,50.29,51.93,Attn-GRU-45
619738,2026-03-06,2026-03-24,50.84,50.09,51.7,Attn-GRU-45
619738,2026-03-06,2026-03-25,51.01,50.24,51.63,Attn-GRU-45
619738,2026-03-06,2026-03-26,50.78,49.9,51.65,Attn-GRU-45
619738,2026-03-06,2026-03-27,50.73,49.82,51.69,Attn-GRU-45
619738,2026-03-06,2026-03-28,50.3,49.67,51.05,Attn-GRU-45
619738,2026-03-06,2026-03-29,50.27,49.51,51.37,Attn-GRU-45
619738,2026-03-06,2026-03-30,50.82,49.84,51.82,Attn-GRU-45
619738,2026-03-06,2026-03-31,50.29,49.24,51.42,Attn-GRU-45
619738,2026-03-06,2026-04-01,50.29,49.42,51.11,Attn-GRU-45
619738,2026-03-06,2026-04-02,49.93,48.84,51.06,Attn-GRU-45
619738,2026-03-06,2026-04-03,50.8,49.65,51.88,Attn-GRU-45
619738,2026-03-06,2026-04-04,50.37,49.42,51.53,Attn-GRU-45
619738,2026-03-06,2026-04-05,49.75,48.76,50.85,Attn-GRU-45
619739,2026-03-06,2026-03-07,52.25,52.23,52.28,Attn-GRU-45
619739,2026-03-06,2026-03-08,52.14,52.1,52.17,Attn-GRU-45
619739,2026-03-06,2026-03-09,52.09,52.06,52.11,Attn-GRU-45
619739,2026-03-06,2026-03-10,52.11,52.06,52.18,Attn-GRU-45
619739,2026-03-06,2026-03-11,52.01,51.96,52.05,Attn-GRU-45
619739,2026-03-06,2026-03-12,51.99,51.95,52.05,Attn-GRU-45
619739,2026-03-06,2026-03-13,51.96,51.91,52.01,Attn-GRU-45
619739,2026-03-06,2026-03-14,52.02,51.91,52.18,Attn-GRU-45
619739,2026-03-06,2026-03-15,51.92,51.79,52.09,Attn-GRU-45
619739,2026-03-06,2026-03-16,51.81,51.7,51.89,Attn-GRU-45
619739,2026-03-06,2026-03-17,51.85,51.72,52.0,Attn-GRU-45
619739,2026-03-06,2026-03-18,51.75,51.55,52.03,Attn-GRU-45
619739,2026-03-06,2026-03-19,51.86,51.65,52.08,Attn-GRU-45
619739,2026-03-06,2026-03-20,51.77,51.51,52.01,Attn-GRU-45
619739,2026-03-06,2026-03-21,51.66,51.45,51.87,Attn-GRU-45
619739,2026-03-06,2026-03-22,51.73,51.42,52.05,Attn-GRU-45
619739,2026-03-06,2026-03-23,51.71,51.52,51.99,Attn-GRU-45
619739,2026-03-06,2026-03-24,51.78,51.51,52.04,Attn-GRU-45
619739,2026-03-06,2026-03-25,51.68,51.44,51.89,Attn-GRU-45
619739,2026-03-06,2026-03-26,51.56,51.21,51.84,Attn-GRU-45
619739,2026-03-06,2026-03-27,51.54,51.19,51.87,Attn-GRU-45
619739,2026-03-06,2026-03-28,51.46,51.16,51.67,Attn-GRU-45
619739,2026-03-06,2026-03-29,51.45,51.15,51.73,Attn-GRU-45
619739,2026-03-06,2026-03-30,51.57,51.26,51.87,Attn-GRU-45
619739,2026-03-06,2026-03-31,51.46,51.09,51.84,Attn-GRU-45
619739,2026-03-06,2026-04-01,51.37,51.17,51.64,Attn-GRU-45
619739,2026-03-06,2026-04-02,51.4,51.07,51.66,Attn-GRU-45
619739,2026-03-06,2026-04-03,51.63,51.28,52.03,Attn-GRU-45
619739,2026-03-06,2026-04-04,51.42,51.09,51.83,Attn-GRU-45
619739,2026-03-06,2026-04-05,51.23,50.97,51.58,Attn-GRU-45
619740,2026-03-06,2026-03-07,93.2,93.1,93.31,Attn-GRU-45
619740,2026-03-06,2026-03-08,93.05,92.97,93.11,Attn-GRU-45
619740,2026-03-06,2026-03-09,92.94,92.87,93.01,Attn-GRU-45
619740,2026-03-06,2026-03-10,93.04,92.91,93.17,Attn-GRU-45
619740,2026-03-06,2026-03-11,92.87,92.69,93.12,Attn-GRU-45
619740,2026-03-06,2026-03-12,92.74,92.62,92.93,Attn-GRU-45
619740,2026-03-06,2026-03-13,92.79,92.65,92.98,Attn-GRU-45
619740,2026-03-06,2026-03-14,93.3,93.0,93.59,Attn-GRU-45
619740,2026-03-06,2026-03-15,93.02,92.77,93.26,Attn-GRU-45
619740,2026-03-06,2026-03-16,92.77,92.37,92.99,Attn-GRU-45
619740,2026-03-06,2026-03-17,92.87,92.49,93.23,Attn-GRU-45
619740,2026-03-06,2026-03-18,93.08,92.68,93.6,Attn-GRU-45
619740,2026-03-06,2026-03-19,93.41,93.11,93.85,Attn-GRU-45
619740,2026-03-06,2026-03-20,93.67,93.25,94.08,Attn-GRU-45
619740,2026-03-06,2026-03-21,93.26,92.92,93.67,Attn-GRU-45
619740,2026-03-06,2026-03-22,93.01,92.47,93.63,Attn-GRU-45
619740,2026-03-06,2026-03-23,93.76,93.35,94.32,Attn-GRU-45
619740,2026-03-06,2026-03-24,93.63,93.04,94.28,Attn-GRU-45
619740,2026-03-06,2026-03-25,93.61,93.16,94.02,Attn-GRU-45
619740,2026-03-06,2026-03-26,93.66,93.12,94.38,Attn-GRU-45
619740,2026-03-06,2026-03-27,93.89,93.23,94.4,Attn-GRU-45
619740,2026-03-06,2026-03-28,93.1,92.52,93.9,Attn-GRU-45
619740,2026-03-06,2026-03-29,93.24,92.5,94.16,Attn-GRU-45
619740,2026-03-06,2026-03-30,93.76,93.19,94.6,Attn-GRU-45
619740,2026-03-06,2026-03-31,93.42,92.71,94.47,Attn-GRU-45
619740,2026-03-06,2026-04-01,93.93,93.25,94.56,Attn-GRU-45
619740,2026-03-06,2026-04-02,93.26,92.6,94.17,Attn-GRU-45
619740,2026-03-06,2026-04-03,94.06,93.34,94.95,Attn-GRU-45
619740,2026-03-06,2026-04-04,93.99,93.15,95.02,Attn-GRU-45
619740,2026-03-06,2026-04-05,93.39,92.54,94.4,Attn-GRU-45
619741,2026-03-06,2026-03-07,41.8,41.76,41.84,Attn-GRU-45
619741,2026-03-06,2026-03-08,41.78,41.74,41.82,Attn-GRU-45
619741,2026-03-06,2026-03-09,41.79,41.73,41.83,Attn-GRU-45
619741,2026-03-06,2026-03-10,41.81,41.75,41.9,Attn-GRU-45
619741,2026-03-06,2026-03-11,41.8,41.7,41.94,Attn-GRU-45
619741,2026-03-06,2026-03-12,41.84,41.73,41.96,Attn-GRU-45
619741,2026-03-06,2026-03-13,41.88,41.78,42.03,Attn-GRU-45
619741,2026-03-06,2026-03-14,41.97,41.79,42.14,Attn-GRU-45
619741,2026-03-06,2026-03-15,41.93,41.79,42.1,Attn-GRU-45
619741,2026-03-06,2026-03-16,41.92,41.75,42.11,Attn-GRU-45
619741,2026-03-06,2026-03-17,41.94,41.73,42.13,Attn-GRU-45
619741,2026-03-06,2026-03-18,42.08,41.9,42.27,Attn-GRU-45
619741,2026-03-06,2026-03-19,42.18,41.97,42.39,Attn-GRU-45
619741,2026-03-06,2026-03-20,42.16,41.96,42.4,Attn-GRU-45
619741,2026-03-06,2026-03-21,42.23,41.97,42.47,Attn-GRU-45
619741,2026-03-06,2026-03-22,42.22,42.0,42.41,Attn-GRU-45
619741,2026-03-06,2026-03-23,42.36,42.15,42.62,Attn-GRU-45
619741,2026-03-06,2026-03-24,42.45,42.13,42.72,Attn-GRU-45
619741,2026-03-06,2026-03-25,42.46,42.19,42.74,Attn-GRU-45
619741,2026-03-06,2026-03-26,42.45,42.13,42.69,Attn-GRU-45
619741,2026-03-06,2026-03-27,42.54,42.21,42.83,Attn-GRU-45
619741,2026-03-06,2026-03-28,42.55,42.19,42.87,Attn-GRU-45
619741,2026-03-06,2026-03-29,42.58,42.16,42.88,Attn-GRU-45
619741,2026-03-06,2026-03-30,42.61,42.23,42.88,Attn-GRU-45
619741,2026-03-06,2026-03-31,42.59,42.19,42.89,Attn-GRU-45
619741,2026-03-06,2026-04-01,42.79,42.39,43.09,Attn-GRU-45
619741,2026-03-06,2026-04-02,42.68,42.33,42.98,Attn-GRU-45
619741,2026-03-06,2026-04-03,42.73,42.49,43.02,Attn-GRU-45
619741,2026-03-06,2026-04-04,42.82,42.39,43.1,Attn-GRU-45
619741,2026-03-06,2026-04-05,42.76,42.31,43.07,Attn-GRU-45
619742,2026-03-06,2026-03-07,31.99,31.95,32.03,Attn-GRU-45
619742,2026-03-06,2026-03-08,31.84,31.81,31.87,Attn-GRU-45
619742,2026-03-06,2026-03-09,31.78,31.75,31.81,Attn-GRU-45
619742,2026-03-06,2026-03-10,31.85,31.8,31.9,Attn-GRU-45
619742,2026-03-06,2026-03-11,31.73,31.66,31.8,Attn-GRU-45
619742,2026-03-06,2026-03-12,31.67,31.61,31.73,Attn-GRU-45
619742,2026-03-06,2026-03-13,31.64,31.59,31.7,Attn-GRU-45
619742,2026-03-06,2026-03-14,31.88,31.72,31.97,Attn-GRU-45
619742,2026-03-06,2026-03-15,31.69,31.56,31.84,Attn-GRU-45
619742,2026-03-06,2026-03-16,31.5,31.39,31.63,Attn-GRU-45
619742,2026-03-06,2026-03-17,31.5,31.38,31.66,Attn-GRU-45
619742,2026-03-06,2026-03-18,31.57,31.28,31.83,Attn-GRU-45
619742,2026-03-06,2026-03-19,31.76,31.52,31.98,Attn-GRU-45
619742,2026-03-06,2026-03-20,31.65,31.35,31.96,Attn-GRU-45
619742,2026-03-06,2026-03-21,31.61,31.33,31.8,Attn-GRU-45
619742,2026-03-06,2026-03-22,31.67,31.38,32.03,Attn-GRU-45
619742,2026-03-06,2026-03-23,31.76,31.49,32.01,Attn-GRU-45
619742,2026-03-06,2026-03-24,31.68,31.42,32.01,Attn-GRU-45
619742,2026-03-06,2026-03-25,31.73,31.55,32.02,Attn-GRU-45
619742,2026-03-06,2026-03-26,31.53,31.14,31.82,Attn-GRU-45
619742,2026-03-06,2026-03-27,31.65,31.28,32.03,Attn-GRU-45
619742,2026-03-06,2026-03-28,31.33,31.03,31.61,Attn-GRU-45
619742,2026-03-06,2026-03-29,31.45,31.03,31.83,Attn-GRU-45
619742,2026-03-06,2026-03-30,31.68,31.4,31.98,Attn-GRU-45
619742,2026-03-06,2026-03-31,31.37,30.9,31.82,Attn-GRU-45
619742,2026-03-06,2026-04-01,31.45,31.05,31.76,Attn-GRU-45
619742,2026-03-06,2026-04-02,31.29,31.0,31.6,Attn-GRU-45
619742,2026-03-06,2026-04-03,32.0,31.55,32.34,Attn-GRU-45
619742,2026-03-06,2026-04-04,31.64,31.08,32.0,Attn-GRU-45
619742,2026-03-06,2026-04-05,31.5,31.03,31.79,Attn-GRU-45
619743,2026-03-06,2026-03-07,52.76,52.72,52.79,Attn-GRU-45
619743,2026-03-06,2026-03-08,52.64,52.61,52.67,Attn-GRU-45
619743,2026-03-06,2026-03-09,52.59,52.57,52.61,Attn-GRU-45
619743,2026-03-06,2026-03-10,52.62,52.55,52.67,Attn-GRU-45
619743,2026-03-06,2026-03-11,52.5,52.44,52.56,Attn-GRU-45
619743,2026-03-06,2026-03-12,52.48,52.42,52.54,Attn-GRU-45
619743,2026-03-06,2026-03-13,52.42,52.35,52.48,Attn-GRU-45
619743,2026-03-06,2026-03-14,52.58,52.45,52.69,Attn-GRU-45
619743,2026-03-06,2026-03-15,52.5,52.34,52.61,Attn-GRU-45
619743,2026-03-06,2026-03-16,52.27,52.15,52.38,Attn-GRU-45
619743,2026-03-06,2026-03-17,52.3,52.15,52.47,Attn-GRU-45
619743,2026-03-06,2026-03-18,52.3,52.06,52.57,Attn-GRU-45
619743,2026-03-06,2026-03-19,52.39,52.18,52.6,Attn-GRU-45
619743,2026-03-06,2026-03-20,52.42,52.16,52.63,Attn-GRU-45
619743,2026-03-06,2026-03-21,52.17,51.88,52.43,Attn-GRU-45
619743,2026-03-06,2026-03-22,52.09,51.64,52.54,Attn-GRU-45
619743,2026-03-06,2026-03-23,52.22,51.88,52.61,Attn-GRU-45
619743,2026-03-06,2026-03-24,52.14,51.8,52.44,Attn-GRU-45
619743,2026-03-06,2026-03-25,52.22,51.85,52.51,Attn-GRU-45
619743,2026-03-06,2026-03-26,52.1,51.7,52.47,Attn-GRU-45
619743,2026-03-06,2026-03-27,52.08,51.68,52.46,Attn-GRU-45
619743,2026-03-06,2026-03-28,51.94,51.67,52.27,Attn-GRU-45
619743,2026-03-06,2026-03-29,51.92,51.5,52.38,Attn-GRU-45
619743,2026-03-06,2026-03-30,52.11,51.7,52.52,Attn-GRU-45
619743,2026-03-06,2026-03-31,51.86,51.43,52.4,Attn-GRU-45
619743,2026-03-06,2026-04-01,51.83,51.46,52.22,Attn-GRU-45
619743,2026-03-06,2026-04-02,51.72,51.23,52.13,Attn-GRU-45
619743,2026-03-06,2026-04-03,52.04,51.56,52.65,Attn-GRU-45
619743,2026-03-06,2026-04-04,51.88,51.34,52.46,Attn-GRU-45
619743,2026-03-06,2026-04-05,51.68,51.12,52.24,Attn-GRU-45
619744,2026-03-06,2026-03-07,26.24,26.23,26.25,Attn-GRU-45
619744,2026-03-06,2026-03-08,26.2,26.18,26.21,Attn-GRU-45
619744,2026-03-06,2026-03-09,26.18,26.17,26.21,Attn-GRU-45
619744,2026-03-06,2026-03-10,26.2,26.16,26.22,Attn-GRU-45
619744,2026-03-06,2026-03-11,26.17,26.14,26.19,Attn-GRU-45
619744,2026-03-06,2026-03-12,26.14,26.12,26.17,Attn-GRU-45
619744,2026-03-06,2026-03-13,26.15,26.11,26.18,Attn-GRU-45
619744,2026-03-06,2026-03-14,26.21,26.16,26.25,Attn-GRU-45
619744,2026-03-06,2026-03-15,26.14,26.06,26.22,Attn-GRU-45
619744,2026-03-06,2026-03-16,26.12,26.05,26.17,Attn-GRU-45
619744,2026-03-06,2026-03-17,26.09,26.0,26.16,Attn-GRU-45
619744,2026-03-06,2026-03-18,26.08,25.95,26.2,Attn-GRU-45
619744,2026-03-06,2026-03-19,26.13,26.02,26.24,Attn-GRU-45
619744,2026-03-06,2026-03-20,26.12,25.97,26.29,Attn-GRU-45
619744,2026-03-06,2026-03-21,26.1,25.95,26.22,Attn-GRU-45
619744,2026-03-06,2026-03-22,26.12,25.97,26.25,Attn-GRU-45
619744,2026-03-06,2026-03-23,26.13,26.01,26.26,Attn-GRU-45
619744,2026-03-06,2026-03-24,26.15,26.0,26.28,Attn-GRU-45
619744,2026-03-06,2026-03-25,26.13,25.98,26.25,Attn-GRU-45
619744,2026-03-06,2026-03-26,26.06,25.9,26.26,Attn-GRU-45
619744,2026-03-06,2026-03-27,26.12,25.91,26.28,Attn-GRU-45
619744,2026-03-06,2026-03-28,26.03,25.87,26.19,Attn-GRU-45
619744,2026-03-06,2026-03-29,26.05,25.88,26.21,Attn-GRU-45
619744,2026-03-06,2026-03-30,26.12,25.97,26.31,Attn-GRU-45
619744,2026-03-06,2026-03-31,26.06,25.89,26.25,Attn-GRU-45
619744,2026-03-06,2026-04-01,26.08,25.9,26.28,Attn-GRU-45
619744,2026-03-06,2026-04-02,26.03,25.83,26.2,Attn-GRU-45
619744,2026-03-06,2026-04-03,26.2,26.01,26.39,Attn-GRU-45
619744,2026-03-06,2026-04-04,26.12,25.91,26.32,Attn-GRU-45
619744,2026-03-06,2026-04-05,26.06,25.86,26.28,Attn-GRU-45
619745,2026-03-06,2026-03-07,85.19,85.17,85.22,Attn-GRU-45
619745,2026-03-06,2026-03-08,85.1,85.07,85.12,Attn-GRU-45
619745,2026-03-06,2026-03-09,85.04,85.03,85.06,Attn-GRU-45
619745,2026-03-06,2026-03-10,85.1,85.06,85.14,Attn-GRU-45
619745,2026-03-06,2026-03-11,84.99,84.94,85.04,Attn-GRU-45
619745,2026-03-06,2026-03-12,84.95,84.91,85.0,Attn-GRU-45
619745,2026-03-06,2026-03-13,84.91,84.88,84.95,Attn-GRU-45
619745,2026-03-06,2026-03-14,85.1,85.02,85.16,Attn-GRU-45
619745,2026-03-06,2026-03-15,85.02,84.94,85.08,Attn-GRU-45
619745,2026-03-06,2026-03-16,84.81,84.72,84.89,Attn-GRU-45
619745,2026-03-06,2026-03-17,84.88,84.78,84.98,Attn-GRU-45
619745,2026-03-06,2026-03-18,84.91,84.77,85.07,Attn-GRU-45
619745,2026-03-06,2026-03-19,85.04,84.92,85.18,Attn-GRU-45
619745,2026-03-06,2026-03-20,85.05,84.87,85.21,Attn-GRU-45
619745,2026-03-06,2026-03-21,84.91,84.76,85.07,Attn-GRU-45
619745,2026-03-06,2026-03-22,84.91,84.68,85.13,Attn-GRU-45
619745,2026-03-06,2026-03-23,85.02,84.83,85.22,Attn-GRU-45
619745,2026-03-06,2026-03-24,84.92,84.74,85.15,Attn-GRU-45
619745,2026-03-06,2026-03-25,84.97,84.76,85.19,Attn-GRU-45
619745,2026-03-06,2026-03-26,84.87,84.65,85.09,Attn-GRU-45
619745,2026-03-06,2026-03-27,84.92,84.67,85.13,Attn-GRU-45
619745,2026-03-06,2026-03-28,84.72,84.52,84.9,Attn-GRU-45
619745,2026-03-06,2026-03-29,84.74,84.48,84.95,Attn-GRU-45
619745,2026-03-06,2026-03-30,84.93,84.72,85.16,Attn-GRU-45
619745,2026-03-06,2026-03-31,84.72,84.39,84.96,Attn-GRU-45
619745,2026-03-06,2026-04-01,84.75,84.51,85.02,Attn-GRU-45
619745,2026-03-06,2026-04-02,84.58,84.33,84.93,Attn-GRU-45
619745,2026-03-06,2026-04-03,85.03,84.78,85.32,Attn-GRU-45
619745,2026-03-06,2026-04-04,84.83,84.48,85.1,Attn-GRU-45
619745,2026-03-06,2026-04-05,84.61,84.35,84.96,Attn-GRU-45
619746,2026-03-06,2026-03-07,21.12,21.08,21.16,Attn-GRU-45
619746,2026-03-06,2026-03-08,21.14,21.08,21.2,Attn-GRU-45
619746,2026-03-06,2026-03-09,21.15,21.06,21.21,Attn-GRU-45
619746,2026-03-06,2026-03-10,21.18,21.08,21.26,Attn-GRU-45
619746,2026-03-06,2026-03-11,21.19,21.05,21.31,Attn-GRU-45
619746,2026-03-06,2026-03-12,21.23,21.09,21.35,Attn-GRU-45
619746,2026-03-06,2026-03-13,21.32,21.14,21.45,Attn-GRU-45
619746,2026-03-06,2026-03-14,21.37,21.23,21.58,Attn-GRU-45
619746,2026-03-06,2026-03-15,21.36,21.1,21.53,Attn-GRU-45
619746,2026-03-06,2026-03-16,21.43,21.26,21.65,Attn-GRU-45
619746,2026-03-06,2026-03-17,21.49,21.2,21.71,Attn-GRU-45
619746,2026-03-06,2026-03-18,21.51,21.24,21.76,Attn-GRU-45
619746,2026-03-06,2026-03-19,21.58,21.33,21.81,Attn-GRU-45
619746,2026-03-06,2026-03-20,21.67,21.41,21.92,Attn-GRU-45
619746,2026-03-06,2026-03-21,21.71,21.43,21.97,Attn-GRU-45
619746,2026-03-06,2026-03-22,21.76,21.47,21.94,Attn-GRU-45
619746,2026-03-06,2026-03-23,21.82,21.55,22.06,Attn-GRU-45
619746,2026-03-06,2026-03-24,21.89,21.56,22.14,Attn-GRU-45
619746,2026-03-06,2026-03-25,21.96,21.67,22.18,Attn-GRU-45
619746,2026-03-06,2026-03-26,21.96,21.64,22.23,Attn-GRU-45
619746,2026-03-06,2026-03-27,22.03,21.66,22.21,Attn-GRU-45
619746,2026-03-06,2026-03-28,22.05,21.68,22.34,Attn-GRU-45
619746,2026-03-06,2026-03-29,22.06,21.64,22.33,Attn-GRU-45
619746,2026-03-06,2026-03-30,22.16,21.8,22.34,Attn-GRU-45
619746,2026-03-06,2026-03-31,22.13,21.77,22.36,Attn-GRU-45
619746,2026-03-06,2026-04-01,22.24,21.88,22.43,Attn-GRU-45
619746,2026-03-06,2026-04-02,22.25,21.86,22.43,Attn-GRU-45
619746,2026-03-06,2026-04-03,22.19,21.81,22.41,Attn-GRU-45
619746,2026-03-06,2026-04-04,22.29,21.95,22.46,Attn-GRU-45
619746,2026-03-06,2026-04-05,22.28,21.97,22.45,Attn-GRU-45
619747,2026-03-06,2026-03-07,168.33,168.02,168.59,Attn-GRU-45
619747,2026-03-06,2026-03-08,167.5,167.23,167.79,Attn-GRU-45
619747,2026-03-06,2026-03-09,167.2,166.96,167.51,Attn-GRU-45
619747,2026-03-06,2026-03-10,167.06,166.38,167.64,Attn-GRU-45
619747,2026-03-06,2026-03-11,166.58,165.98,167.17,Attn-GRU-45
619747,2026-03-06,2026-03-12,166.15,165.54,166.8,Attn-GRU-45
619747,2026-03-06,2026-03-13,165.63,164.95,166.39,Attn-GRU-45
619747,2026-03-06,2026-03-14,164.89,163.72,165.86,Attn-GRU-45
619747,2026-03-06,2026-03-15,163.77,162.36,165.66,Attn-GRU-45
619747,2026-03-06,2026-03-16,163.51,162.49,164.46,Attn-GRU-45
619747,2026-03-06,2026-03-17,162.4,160.88,164.13,Attn-GRU-45
619747,2026-03-06,2026-03-18,161.04,159.79,163.09,Attn-GRU-45
619747,2026-03-06,2026-03-19,160.49,158.79,162.67,Attn-GRU-45
619747,2026-03-06,2026-03-20,159.41,157.67,162.28,Attn-GRU-45
619747,2026-03-06,2026-03-21,158.62,157.42,160.24,Attn-GRU-45
619747,2026-03-06,2026-03-22,157.86,156.79,160.14,Attn-GRU-45
619747,2026-03-06,2026-03-23,157.91,156.86,159.58,Attn-GRU-45
619747,2026-03-06,2026-03-24,157.68,156.75,159.59,Attn-GRU-45
619747,2026-03-06,2026-03-25,157.26,156.55,158.79,Attn-GRU-45
619747,2026-03-06,2026-03-26,157.17,156.45,158.55,Attn-GRU-45
619747,2026-03-06,2026-03-27,156.84,156.33,157.99,Attn-GRU-45
619747,2026-03-06,2026-03-28,156.89,156.43,158.18,Attn-GRU-45
619747,2026-03-06,2026-03-29,156.78,156.3,157.78,Attn-GRU-45
619747,2026-03-06,2026-03-30,156.74,156.28,158.02,Attn-GRU-45
619747,2026-03-06,2026-03-31,156.8,156.28,157.98,Attn-GRU-45
619747,2026-03-06,2026-04-01,156.73,156.3,157.83,Attn-GRU-45
619747,2026-03-06,2026-04-02,156.58,156.2,157.64,Attn-GRU-45
619747,2026-03-06,2026-04-03,156.58,156.2,157.65,Attn-GRU-45
619747,2026-03-06,2026-04-04,156.52,156.17,157.73,Attn-GRU-45
619747,2026-03-06,2026-04-05,156.48,156.17,157.47,Attn-GRU-45
619748,2026-03-06,2026-03-07,108.15,108.12,108.18,Attn-GRU-45
619748,2026-03-06,2026-03-08,108.01,107.96,108.07,Attn-GRU-45
619748,2026-03-06,2026-03-09,107.97,107.92,108.02,Attn-GRU-45
619748,2026-03-06,2026-03-10,107.96,107.87,108.05,Attn-GRU-45
619748,2026-03-06,2026-03-11,107.87,107.8,107.94,Attn-GRU-45
619748,2026-03-06,2026-03-12,107.83,107.75,107.92,Attn-GRU-45
619748,2026-03-06,2026-03-13,107.79,107.69,107.89,Attn-GRU-45
619748,2026-03-06,2026-03-14,107.75,107.59,107.97,Attn-GRU-45
619748,2026-03-06,2026-03-15,107.63,107.45,107.91,Attn-GRU-45
619748,2026-03-06,2026-03-16,107.55,107.37,107.7,Attn-GRU-45
619748,2026-03-06,2026-03-17,107.49,107.29,107.75,Attn-GRU-45
619748,2026-03-06,2026-03-18,107.34,107.06,107.69,Attn-GRU-45
619748,2026-03-06,2026-03-19,107.36,107.0,107.66,Attn-GRU-45
619748,2026-03-06,2026-03-20,107.12,106.79,107.67,Attn-GRU-45
619748,2026-03-06,2026-03-21,107.05,106.71,107.39,Attn-GRU-45
619748,2026-03-06,2026-03-22,107.06,106.61,107.42,Attn-GRU-45
619748,2026-03-06,2026-03-23,107.06,106.65,107.49,Attn-GRU-45
619748,2026-03-06,2026-03-24,107.01,106.6,107.45,Attn-GRU-45
619748,2026-03-06,2026-03-25,107.02,106.61,107.48,Attn-GRU-45
619748,2026-03-06,2026-03-26,106.78,106.43,107.29,Attn-GRU-45
619748,2026-03-06,2026-03-27,106.71,106.36,107.19,Attn-GRU-45
619748,2026-03-06,2026-03-28,106.66,106.41,107.17,Attn-GRU-45
619748,2026-03-06,2026-03-29,106.65,106.39,107.11,Attn-GRU-45
619748,2026-03-06,2026-03-30,106.78,106.37,107.28,Attn-GRU-45
619748,2026-03-06,2026-03-31,106.65,106.36,107.22,Attn-GRU-45
619748,2026-03-06,2026-04-01,106.69,106.38,107.06,Attn-GRU-45
619748,2026-03-06,2026-04-02,106.58,106.31,107.18,Attn-GRU-45
619748,2026-03-06,2026-04-03,106.67,106.34,107.07,Attn-GRU-45
619748,2026-03-06,2026-04-04,106.54,106.31,107.13,Attn-GRU-45
619748,2026-03-06,2026-04-05,106.48,106.25,106.84,Attn-GRU-45
619749,2026-03-06,2026-03-07,67.29,67.26,67.33,Attn-GRU-45
619749,2026-03-06,2026-03-08,67.2,67.15,67.25,Attn-GRU-45
619749,2026-03-06,2026-03-09,67.16,67.12,67.21,Attn-GRU-45
619749,2026-03-06,2026-03-10,67.14,67.03,67.23,Attn-GRU-45
619749,2026-03-06,2026-03-11,67.06,66.97,67.14,Attn-GRU-45
619749,2026-03-06,2026-03-12,67.01,66.91,67.1,Attn-GRU-45
619749,2026-03-06,2026-03-13,66.92,66.81,67.02,Attn-GRU-45
619749,2026-03-06,2026-03-14,66.81,66.65,67.0,Attn-GRU-45
619749,2026-03-06,2026-03-15,66.7,66.5,66.88,Attn-GRU-45
619749,2026-03-06,2026-03-16,66.63,66.48,66.79,Attn-GRU-45
619749,2026-03-06,2026-03-17,66.54,66.32,66.72,Attn-GRU-45
619749,2026-03-06,2026-03-18,66.38,66.1,66.63,Attn-GRU-45
619749,2026-03-06,2026-03-19,66.23,66.0,66.6,Attn-GRU-45
619749,2026-03-06,2026-03-20,66.1,65.86,66.47,Attn-GRU-45
619749,2026-03-06,2026-03-21,66.0,65.84,66.36,Attn-GRU-45
619749,2026-03-06,2026-03-22,65.87,65.74,66.26,Attn-GRU-45
619749,2026-03-06,2026-03-23,65.88,65.77,66.21,Attn-GRU-45
619749,2026-03-06,2026-03-24,65.86,65.74,66.17,Attn-GRU-45
619749,2026-03-06,2026-03-25,65.81,65.72,66.19,Attn-GRU-45
619749,2026-03-06,2026-03-26,65.81,65.72,66.01,Attn-GRU-45
619749,2026-03-06,2026-03-27,65.78,65.71,66.02,Attn-GRU-45
619749,2026-03-06,2026-03-28,65.76,65.71,65.95,Attn-GRU-45
619749,2026-03-06,2026-03-29,65.76,65.7,65.94,Attn-GRU-45
619749,2026-03-06,2026-03-30,65.76,65.69,66.0,Attn-GRU-45
619749,2026-03-06,2026-03-31,65.74,65.69,65.92,Attn-GRU-45
619749,2026-03-06,2026-04-01,65.74,65.69,65.93,Attn-GRU-45
619749,2026-03-06,2026-04-02,65.72,65.69,65.85,Attn-GRU-45
619749,2026-03-06,2026-04-03,65.74,65.69,65.98,Attn-GRU-45
619749,2026-03-06,2026-04-04,65.73,65.69,65.91,Attn-GRU-45
619749,2026-03-06,2026-04-05,65.72,65.69,65.85,Attn-GRU-45
619750,2026-03-06,2026-03-07,35.6,35.59,35.62,Attn-GRU-45
619750,2026-03-06,2026-03-08,35.57,35.56,35.59,Attn-GRU-45
619750,2026-03-06,2026-03-09,35.56,35.55,35.58,Attn-GRU-45
619750,2026-03-06,2026-03-10,35.55,35.53,35.58,Attn-GRU-45
619750,2026-03-06,2026-03-11,35.53,35.5,35.55,Attn-GRU-45
619750,2026-03-06,2026-03-12,35.51,35.48,35.54,Attn-GRU-45
619750,2026-03-06,2026-03-13,35.48,35.43,35.51,Attn-GRU-45
619750,2026-03-06,2026-03-14,35.44,35.39,35.49,Attn-GRU-45
619750,2026-03-06,2026-03-15,35.4,35.33,35.46,Attn-GRU-45
619750,2026-03-06,2026-03-16,35.37,35.32,35.42,Attn-GRU-45
619750,2026-03-06,2026-03-17,35.31,35.25,35.39,Attn-GRU-45
619750,2026-03-06,2026-03-18,35.27,35.2,35.36,Attn-GRU-45
619750,2026-03-06,2026-03-19,35.22,35.18,35.31,Attn-GRU-45
619750,2026-03-06,2026-03-20,35.19,35.15,35.29,Attn-GRU-45
619750,2026-03-06,2026-03-21,35.17,35.14,35.24,Attn-GRU-45
619750,2026-03-06,2026-03-22,35.15,35.13,35.22,Attn-GRU-45
619750,2026-03-06,2026-03-23,35.14,35.13,35.2,Attn-GRU-45
619750,2026-03-06,2026-03-24,35.14,35.13,35.19,Attn-GRU-45
619750,2026-03-06,2026-03-25,35.14,35.13,35.16,Attn-GRU-45
619750,2026-03-06,2026-03-26,35.14,35.13,35.17,Attn-GRU-45
619750,2026-03-06,2026-03-27,35.13,35.13,35.16,Attn-GRU-45
619750,2026-03-06,2026-03-28,35.13,35.13,35.15,Attn-GRU-45
619750,2026-03-06,2026-03-29,35.13,35.13,35.15,Attn-GRU-45
619750,2026-03-06,2026-03-30,35.13,35.13,35.15,Attn-GRU-45
619750,2026-03-06,2026-03-31,35.13,35.13,35.15,Attn-GRU-45
619750,2026-03-06,2026-04-01,35.13,35.13,35.14,Attn-GRU-45
619750,2026-03-06,2026-04-02,35.13,35.13,35.15,Attn-GRU-45
619750,2026-03-06,2026-04-03,35.13,35.13,35.15,Attn-GRU-45
619750,2026-03-06,2026-04-04,35.13,35.13,35.14,Attn-GRU-45
619750,2026-03-06,2026-04-05,35.13,35.13,35.14,Attn-GRU-45
631975,2026-03-06,2026-03-07,33.6,33.55,33.63,Attn-GRU-45
631975,2026-03-06,2026-03-08,33.54,33.5,33.57,Attn-GRU-45
631975,2026-03-06,2026-03-09,33.52,33.47,33.56,Attn-GRU-45
631975,2026-03-06,2026-03-10,33.58,33.51,33.65,Attn-GRU-45
631975,2026-03-06,2026-03-11,33.46,33.39,33.55,Attn-GRU-45
631975,2026-03-06,2026-03-12,33.49,33.41,33.58,Attn-GRU-45
631975,2026-03-06,2026-03-13,33.52,33.43,33.63,Attn-GRU-45
631975,2026-03-06,2026-03-14,33.61,33.52,33.74,Attn-GRU-45
631975,2026-03-06,2026-03-15,33.53,33.39,33.67,Attn-GRU-45
631975,2026-03-06,2026-03-16,33.51,33.39,33.71,Attn-GRU-45
631975,2026-03-06,2026-03-17,33.56,33.4,33.74,Attn-GRU-45
631975,2026-03-06,2026-03-18,33.56,33.38,33.78,Attn-GRU-45
631975,2026-03-06,2026-03-19,33.67,33.48,33.85,Attn-GRU-45
631975,2026-03-06,2026-03-20,33.67,33.43,33.92,Attn-GRU-45
631975,2026-03-06,2026-03-21,33.6,33.41,33.82,Attn-GRU-45
631975,2026-03-06,2026-03-22,33.81,33.58,34.06,Attn-GRU-45
631975,2026-03-06,2026-03-23,33.75,33.48,34.0,Attn-GRU-45
631975,2026-03-06,2026-03-24,33.84,33.57,34.2,Attn-GRU-45
631975,2026-03-06,2026-03-25,33.86,33.58,34.14,Attn-GRU-45
631975,2026-03-06,2026-03-26,33.8,33.48,34.09,Attn-GRU-45
631975,2026-03-06,2026-03-27,33.81,33.55,34.19,Attn-GRU-45
631975,2026-03-06,2026-03-28,33.72,33.4,34.06,Attn-GRU-45
631975,2026-03-06,2026-03-29,33.8,33.5,34.16,Attn-GRU-45
631975,2026-03-06,2026-03-30,33.88,33.58,34.3,Attn-GRU-45
631975,2026-03-06,2026-03-31,33.85,33.54,34.27,Attn-GRU-45
631975,2026-03-06,2026-04-01,33.75,33.34,34.17,Attn-GRU-45
631975,2026-03-06,2026-04-02,33.92,33.6,34.33,Attn-GRU-45
631975,2026-03-06,2026-04-03,33.98,33.65,34.32,Attn-GRU-45
631975,2026-03-06,2026-04-04,34.02,33.71,34.41,Attn-GRU-45
631975,2026-03-06,2026-04-05,33.92,33.58,34.39,Attn-GRU-45
631988,2026-03-06,2026-03-07,51.42,51.35,51.59,Attn-GRU-45
631988,2026-03-06,2026-03-08,51.25,51.15,51.36,Attn-GRU-45
631988,2026-03-06,2026-03-09,51.1,51.03,51.19,Attn-GRU-45
631988,2026-03-06,2026-03-10,51.16,51.01,51.39,Attn-GRU-45
631988,2026-03-06,2026-03-11,50.83,50.66,51.1,Attn-GRU-45
631988,2026-03-06,2026-03-12,50.77,50.57,50.98,Attn-GRU-45
631988,2026-03-06,2026-03-13,50.69,50.48,50.92,Attn-GRU-45
631988,2026-03-06,2026-03-14,51.23,50.9,51.74,Attn-GRU-45
631988,2026-03-06,2026-03-15,50.99,50.64,51.44,Attn-GRU-45
631988,2026-03-06,2026-03-16,50.46,50.12,50.79,Attn-GRU-45
631988,2026-03-06,2026-03-17,50.78,50.39,51.18,Attn-GRU-45
631988,2026-03-06,2026-03-18,50.87,50.34,51.6,Attn-GRU-45
631988,2026-03-06,2026-03-19,51.22,50.63,51.73,Attn-GRU-45
631988,2026-03-06,2026-03-20,51.46,50.89,51.93,Attn-GRU-45
631988,2026-03-06,2026-03-21,50.72,50.14,51.41,Attn-GRU-45
631988,2026-03-06,2026-03-22,50.54,49.56,51.38,Attn-GRU-45
631988,2026-03-06,2026-03-23,51.17,50.27,52.11,Attn-GRU-45
631988,2026-03-06,2026-03-24,50.94,50.05,51.82,Attn-GRU-45
631988,2026-03-06,2026-03-25,51.01,50.18,51.85,Attn-GRU-45
631988,2026-03-06,2026-03-26,51.18,50.29,52.01,Attn-GRU-45
631988,2026-03-06,2026-03-27,51.09,50.26,52.28,Attn-GRU-45
631988,2026-03-06,2026-03-28,50.52,49.79,51.38,Attn-GRU-45
631988,2026-03-06,2026-03-29,50.61,49.61,51.82,Attn-GRU-45
631988,2026-03-06,2026-03-30,51.31,50.1,52.23,Attn-GRU-45
631988,2026-03-06,2026-03-31,50.8,49.58,51.96,Attn-GRU-45
631988,2026-03-06,2026-04-01,50.44,49.28,51.85,Attn-GRU-45
631988,2026-03-06,2026-04-02,50.4,48.78,51.41,Attn-GRU-45
631988,2026-03-06,2026-04-03,51.28,49.98,52.62,Attn-GRU-45
631988,2026-03-06,2026-04-04,50.84,49.28,52.18,Attn-GRU-45
631988,2026-03-06,2026-04-05,50.09,48.72,51.41,Attn-GRU-45
631989,2026-03-06,2026-03-07,22.78,22.74,22.81,Attn-GRU-45
631989,2026-03-06,2026-03-08,22.72,22.7,22.76,Attn-GRU-45
631989,2026-03-06,2026-03-09,22.7,22.66,22.74,Attn-GRU-45
631989,2026-03-06,2026-03-10,22.74,22.68,22.79,Attn-GRU-45
631989,2026-03-06,2026-03-11,22.67,22.59,22.75,Attn-GRU-45
631989,2026-03-06,2026-03-12,22.68,22.61,22.77,Attn-GRU-45
631989,2026-03-06,2026-03-13,22.7,22.61,22.81,Attn-GRU-45
631989,2026-03-06,2026-03-14,22.83,22.71,22.93,Attn-GRU-45
631989,2026-03-06,2026-03-15,22.73,22.61,22.85,Attn-GRU-45
631989,2026-03-06,2026-03-16,22.71,22.56,22.88,Attn-GRU-45
631989,2026-03-06,2026-03-17,22.68,22.55,22.82,Attn-GRU-45
631989,2026-03-06,2026-03-18,22.73,22.57,22.91,Attn-GRU-45
631989,2026-03-06,2026-03-19,22.81,22.65,23.05,Attn-GRU-45
631989,2026-03-06,2026-03-20,22.86,22.64,23.15,Attn-GRU-45
631989,2026-03-06,2026-03-21,22.76,22.6,23.03,Attn-GRU-45
631989,2026-03-06,2026-03-22,22.88,22.6,23.12,Attn-GRU-45
631989,2026-03-06,2026-03-23,22.91,22.73,23.18,Attn-GRU-45
631989,2026-03-06,2026-03-24,23.05,22.78,23.34,Attn-GRU-45
631989,2026-03-06,2026-03-25,23.03,22.72,23.38,Attn-GRU-45
631989,2026-03-06,2026-03-26,23.01,22.64,23.36,Attn-GRU-45
631989,2026-03-06,2026-03-27,23.1,22.77,23.4,Attn-GRU-45
631989,2026-03-06,2026-03-28,22.96,22.65,23.37,Attn-GRU-45
631989,2026-03-06,2026-03-29,22.99,22.71,23.36,Attn-GRU-45
631989,2026-03-06,2026-03-30,23.12,22.83,23.47,Attn-GRU-45
631989,2026-03-06,2026-03-31,23.12,22.78,23.45,Attn-GRU-45
631989,2026-03-06,2026-04-01,23.09,22.73,23.52,Attn-GRU-45
631989,2026-03-06,2026-04-02,23.08,22.75,23.49,Attn-GRU-45
631989,2026-03-06,2026-04-03,23.28,22.83,23.61,Attn-GRU-45
631989,2026-03-06,2026-04-04,23.22,22.84,23.67,Attn-GRU-45
631989,2026-03-06,2026-04-05,23.13,22.74,23.59,Attn-GRU-45
631990,2026-03-06,2026-03-07,38.9,38.84,38.94,Attn-GRU-45
631990,2026-03-06,2026-03-08,38.65,38.57,38.72,Attn-GRU-45
631990,2026-03-06,2026-03-09,38.54,38.48,38.59,Attn-GRU-45
631990,2026-03-06,2026-03-10,38.56,38.41,38.75,Attn-GRU-45
631990,2026-03-06,2026-03-11,38.31,38.16,38.48,Attn-GRU-45
631990,2026-03-06,2026-03-12,38.3,38.16,38.42,Attn-GRU-45
631990,2026-03-06,2026-03-13,38.14,37.97,38.31,Attn-GRU-45
631990,2026-03-06,2026-03-14,38.25,37.93,38.59,Attn-GRU-45
631990,2026-03-06,2026-03-15,38.09,37.69,38.44,Attn-GRU-45
631990,2026-03-06,2026-03-16,37.71,37.5,37.99,Attn-GRU-45
631990,2026-03-06,2026-03-17,37.81,37.49,38.25,Attn-GRU-45
631990,2026-03-06,2026-03-18,37.68,37.25,38.19,Attn-GRU-45
631990,2026-03-06,2026-03-19,37.68,37.12,38.34,Attn-GRU-45
631990,2026-03-06,2026-03-20,37.53,37.01,38.38,Attn-GRU-45
631990,2026-03-06,2026-03-21,37.28,36.71,37.8,Attn-GRU-45
631990,2026-03-06,2026-03-22,37.4,36.57,38.04,Attn-GRU-45
631990,2026-03-06,2026-03-23,37.31,36.56,37.85,Attn-GRU-45
631990,2026-03-06,2026-03-24,37.22,36.41,38.02,Attn-GRU-45
631990,2026-03-06,2026-03-25,37.25,36.46,37.92,Attn-GRU-45
631990,2026-03-06,2026-03-26,36.8,36.15,37.69,Attn-GRU-45
631990,2026-03-06,2026-03-27,36.63,35.96,37.69,Attn-GRU-45
631990,2026-03-06,2026-03-28,36.77,36.1,37.42,Attn-GRU-45
631990,2026-03-06,2026-03-29,36.68,36.03,37.51,Attn-GRU-45
631990,2026-03-06,2026-03-30,36.86,35.94,37.62,Attn-GRU-45
631990,2026-03-06,2026-03-31,36.73,36.0,37.74,Attn-GRU-45
631990,2026-03-06,2026-04-01,36.44,35.71,37.07,Attn-GRU-45
631990,2026-03-06,2026-04-02,36.41,35.66,37.44,Attn-GRU-45
631990,2026-03-06,2026-04-03,36.75,35.99,37.8,Attn-GRU-45
631990,2026-03-06,2026-04-04,36.7,35.9,37.63,Attn-GRU-45
631990,2026-03-06,2026-04-05,36.18,35.45,37.16,Attn-GRU-45
631992,2026-03-06,2026-03-07,96.6,96.43,96.77,Attn-GRU-45
631992,2026-03-06,2026-03-08,96.59,96.4,96.74,Attn-GRU-45
631992,2026-03-06,2026-03-09,96.63,96.4,96.83,Attn-GRU-45
631992,2026-03-06,2026-03-10,96.9,96.58,97.17,Attn-GRU-45
631992,2026-03-06,2026-03-11,96.69,96.28,97.11,Attn-GRU-45
631992,2026-03-06,2026-03-12,96.94,96.49,97.25,Attn-GRU-45
631992,2026-03-06,2026-03-13,97.18,96.68,97.68,Attn-GRU-45
631992,2026-03-06,2026-03-14,97.53,96.94,98.08,Attn-GRU-45
631992,2026-03-06,2026-03-15,97.41,96.57,97.93,Attn-GRU-45
631992,2026-03-06,2026-03-16,97.59,96.88,98.28,Attn-GRU-45
631992,2026-03-06,2026-03-17,97.77,97.05,98.5,Attn-GRU-45
631992,2026-03-06,2026-03-18,98.06,97.35,98.66,Attn-GRU-45
631992,2026-03-06,2026-03-19,98.27,97.54,98.93,Attn-GRU-45
631992,2026-03-06,2026-03-20,98.38,97.7,99.15,Attn-GRU-45
631992,2026-03-06,2026-03-21,98.44,97.6,99.19,Attn-GRU-45
631992,2026-03-06,2026-03-22,98.72,97.86,99.25,Attn-GRU-45
631992,2026-03-06,2026-03-23,98.87,98.08,99.51,Attn-GRU-45
631992,2026-03-06,2026-03-24,99.08,98.08,99.88,Attn-GRU-45
631992,2026-03-06,2026-03-25,99.24,98.17,99.97,Attn-GRU-45
631992,2026-03-06,2026-03-26,99.4,98.42,100.0,Attn-GRU-45
631992,2026-03-06,2026-03-27,99.46,98.57,100.09,Attn-GRU-45
631992,2026-03-06,2026-03-28,99.55,98.2,100.13,Attn-GRU-45
631992,2026-03-06,2026-03-29,99.59,98.69,100.31,Attn-GRU-45
631992,2026-03-06,2026-03-30,99.67,98.65,100.28,Attn-GRU-45
631992,2026-03-06,2026-03-31,99.8,98.68,100.31,Attn-GRU-45
631992,2026-03-06,2026-04-01,99.96,98.79,100.47,Attn-GRU-45
631992,2026-03-06,2026-04-02,100.0,99.08,100.49,Attn-GRU-45
631992,2026-03-06,2026-04-03,99.77,99.0,100.38,Attn-GRU-45
631992,2026-03-06,2026-04-04,100.15,99.1,100.51,Attn-GRU-45
631992,2026-03-06,2026-04-05,100.05,99.25,100.53,Attn-GRU-45
632208,2026-03-06,2026-03-07,37.77,37.74,37.81,Attn-GRU-45
632208,2026-03-06,2026-03-08,37.75,37.7,37.79,Attn-GRU-45
632208,2026-03-06,2026-03-09,37.75,37.67,37.8,Attn-GRU-45
632208,2026-03-06,2026-03-10,37.85,37.76,37.93,Attn-GRU-45
632208,2026-03-06,2026-03-11,37.76,37.63,37.91,Attn-GRU-45
632208,2026-03-06,2026-03-12,37.81,37.69,37.97,Attn-GRU-45
632208,2026-03-06,2026-03-13,37.85,37.72,38.03,Attn-GRU-45
632208,2026-03-06,2026-03-14,38.0,37.79,38.11,Attn-GRU-45
632208,2026-03-06,2026-03-15,38.0,37.8,38.16,Attn-GRU-45
632208,2026-03-06,2026-03-16,37.95,37.73,38.15,Attn-GRU-45
632208,2026-03-06,2026-03-17,38.05,37.87,38.27,Attn-GRU-45
632208,2026-03-06,2026-03-18,38.14,37.91,38.39,Attn-GRU-45
632208,2026-03-06,2026-03-19,38.24,37.98,38.45,Attn-GRU-45
632208,2026-03-06,2026-03-20,38.3,38.06,38.51,Attn-GRU-45
632208,2026-03-06,2026-03-21,38.31,38.02,38.53,Attn-GRU-45
632208,2026-03-06,2026-03-22,38.42,38.14,38.67,Attn-GRU-45
632208,2026-03-06,2026-03-23,38.46,38.21,38.68,Attn-GRU-45
632208,2026-03-06,2026-03-24,38.51,38.21,38.85,Attn-GRU-45
632208,2026-03-06,2026-03-25,38.65,38.28,38.89,Attn-GRU-45
632208,2026-03-06,2026-03-26,38.61,38.27,38.87,Attn-GRU-45
632208,2026-03-06,2026-03-27,38.7,38.31,38.93,Attn-GRU-45
632208,2026-03-06,2026-03-28,38.72,38.19,38.97,Attn-GRU-45
632208,2026-03-06,2026-03-29,38.7,38.18,39.06,Attn-GRU-45
632208,2026-03-06,2026-03-30,38.7,38.31,39.01,Attn-GRU-45
632208,2026-03-06,2026-03-31,38.78,38.35,39.04,Attn-GRU-45
632208,2026-03-06,2026-04-01,38.84,38.34,39.2,Attn-GRU-45
632208,2026-03-06,2026-04-02,38.9,38.45,39.14,Attn-GRU-45
632208,2026-03-06,2026-04-03,38.89,38.4,39.17,Attn-GRU-45
632208,2026-03-06,2026-04-04,38.92,38.56,39.18,Attn-GRU-45
632208,2026-03-06,2026-04-05,38.94,38.46,39.24,Attn-GRU-45
632228,2026-03-06,2026-03-07,70.68,70.55,70.82,Attn-GRU-45
632228,2026-03-06,2026-03-08,70.69,70.58,70.86,Attn-GRU-45
632228,2026-03-06,2026-03-09,70.7,70.55,70.94,Attn-GRU-45
632228,2026-03-06,2026-03-10,70.86,70.64,71.06,Attn-GRU-45
632228,2026-03-06,2026-03-11,70.76,70.44,71.12,Attn-GRU-45
632228,2026-03-06,2026-03-12,70.89,70.52,71.19,Attn-GRU-45
632228,2026-03-06,2026-03-13,71.13,70.82,71.47,Attn-GRU-45
632228,2026-03-06,2026-03-14,71.44,71.03,71.9,Attn-GRU-45
632228,2026-03-06,2026-03-15,71.3,70.65,71.81,Attn-GRU-45
632228,2026-03-06,2026-03-16,71.48,70.89,72.02,Attn-GRU-45
632228,2026-03-06,2026-03-17,71.66,70.92,72.29,Attn-GRU-45
632228,2026-03-06,2026-03-18,71.93,71.34,72.4,Attn-GRU-45
632228,2026-03-06,2026-03-19,72.1,71.57,72.53,Attn-GRU-45
632228,2026-03-06,2026-03-20,72.19,71.49,72.84,Attn-GRU-45
632228,2026-03-06,2026-03-21,72.21,71.56,72.8,Attn-GRU-45
632228,2026-03-06,2026-03-22,72.23,71.69,72.72,Attn-GRU-45
632228,2026-03-06,2026-03-23,72.7,72.01,73.15,Attn-GRU-45
632228,2026-03-06,2026-03-24,72.8,72.0,73.39,Attn-GRU-45
632228,2026-03-06,2026-03-25,72.87,72.1,73.45,Attn-GRU-45
632228,2026-03-06,2026-03-26,73.12,72.36,73.66,Attn-GRU-45
632228,2026-03-06,2026-03-27,73.19,72.53,73.72,Attn-GRU-45
632228,2026-03-06,2026-03-28,73.21,72.1,73.78,Attn-GRU-45
632228,2026-03-06,2026-03-29,73.33,72.43,73.86,Attn-GRU-45
632228,2026-03-06,2026-03-30,73.37,72.45,73.95,Attn-GRU-45
632228,2026-03-06,2026-03-31,73.46,72.52,74.01,Attn-GRU-45
632228,2026-03-06,2026-04-01,73.77,72.9,74.18,Attn-GRU-45
632228,2026-03-06,2026-04-02,73.59,72.74,74.14,Attn-GRU-45
632228,2026-03-06,2026-04-03,73.65,72.9,74.07,Attn-GRU-45
632228,2026-03-06,2026-04-04,73.84,73.09,74.19,Attn-GRU-45
632228,2026-03-06,2026-04-05,73.78,72.98,74.14,Attn-GRU-45
632245,2026-03-06,2026-03-07,75.74,75.68,75.8,Attn-GRU-45
632245,2026-03-06,2026-03-08,75.6,75.51,75.69,Attn-GRU-45
632245,2026-03-06,2026-03-09,75.53,75.44,75.6,Attn-GRU-45
632245,2026-03-06,2026-03-10,75.49,75.32,75.6,Attn-GRU-45
632245,2026-03-06,2026-03-11,75.32,75.16,75.44,Attn-GRU-45
632245,2026-03-06,2026-03-12,75.19,75.04,75.39,Attn-GRU-45
632245,2026-03-06,2026-03-13,75.0,74.83,75.18,Attn-GRU-45
632245,2026-03-06,2026-03-14,74.81,74.55,75.1,Attn-GRU-45
632245,2026-03-06,2026-03-15,74.6,74.3,74.94,Attn-GRU-45
632245,2026-03-06,2026-03-16,74.37,74.13,74.69,Attn-GRU-45
632245,2026-03-06,2026-03-17,74.15,73.82,74.53,Attn-GRU-45
632245,2026-03-06,2026-03-18,73.95,73.67,74.37,Attn-GRU-45
632245,2026-03-06,2026-03-19,73.66,73.43,74.04,Attn-GRU-45
632245,2026-03-06,2026-03-20,73.46,73.34,73.84,Attn-GRU-45
632245,2026-03-06,2026-03-21,73.41,73.31,73.64,Attn-GRU-45
632245,2026-03-06,2026-03-22,73.33,73.28,73.51,Attn-GRU-45
632245,2026-03-06,2026-03-23,73.34,73.28,73.52,Attn-GRU-45
632245,2026-03-06,2026-03-24,73.31,73.28,73.43,Attn-GRU-45
632245,2026-03-06,2026-03-25,73.29,73.27,73.35,Attn-GRU-45
632245,2026-03-06,2026-03-26,73.29,73.27,73.37,Attn-GRU-45
632245,2026-03-06,2026-03-27,73.28,73.27,73.36,Attn-GRU-45
632245,2026-03-06,2026-03-28,73.28,73.27,73.33,Attn-GRU-45
632245,2026-03-06,2026-03-29,73.28,73.27,73.31,Attn-GRU-45
632245,2026-03-06,2026-03-30,73.27,73.27,73.33,Attn-GRU-45
632245,2026-03-06,2026-03-31,73.27,73.27,73.31,Attn-GRU-45
632245,2026-03-06,2026-04-01,73.27,73.27,73.31,Attn-GRU-45
632245,2026-03-06,2026-04-02,73.27,73.27,73.29,Attn-GRU-45
632245,2026-03-06,2026-04-03,73.27,73.27,73.3,Attn-GRU-45
632245,2026-03-06,2026-04-04,73.27,73.27,73.3,Attn-GRU-45
632245,2026-03-06,2026-04-05,73.27,73.27,73.29,Attn-GRU-45
632251,2026-03-06,2026-03-07,38.61,38.54,38.67,Attn-GRU-45
632251,2026-03-06,2026-03-08,38.57,38.5,38.65,Attn-GRU-45
632251,2026-03-06,2026-03-09,38.56,38.47,38.65,Attn-GRU-45
632251,2026-03-06,2026-03-10,38.67,38.55,38.8,Attn-GRU-45
632251,2026-03-06,2026-03-11,38.58,38.39,38.8,Attn-GRU-45
632251,2026-03-06,2026-03-12,38.59,38.44,38.8,Attn-GRU-45
632251,2026-03-06,2026-03-13,38.75,38.48,38.94,Attn-GRU-45
632251,2026-03-06,2026-03-14,38.93,38.64,39.19,Attn-GRU-45
632251,2026-03-06,2026-03-15,38.8,38.49,39.08,Attn-GRU-45
632251,2026-03-06,2026-03-16,38.8,38.47,39.08,Attn-GRU-45
632251,2026-03-06,2026-03-17,38.83,38.47,39.13,Attn-GRU-45
632251,2026-03-06,2026-03-18,39.02,38.76,39.38,Attn-GRU-45
632251,2026-03-06,2026-03-19,39.21,38.88,39.55,Attn-GRU-45
632251,2026-03-06,2026-03-20,39.27,38.88,39.68,Attn-GRU-45
632251,2026-03-06,2026-03-21,39.22,38.85,39.58,Attn-GRU-45
632251,2026-03-06,2026-03-22,39.36,39.05,39.66,Attn-GRU-45
632251,2026-03-06,2026-03-23,39.55,39.23,39.89,Attn-GRU-45
632251,2026-03-06,2026-03-24,39.68,39.28,40.09,Attn-GRU-45
632251,2026-03-06,2026-03-25,39.75,39.28,40.23,Attn-GRU-45
632251,2026-03-06,2026-03-26,39.76,39.22,40.26,Attn-GRU-45
632251,2026-03-06,2026-03-27,39.96,39.37,40.33,Attn-GRU-45
632251,2026-03-06,2026-03-28,39.7,39.07,40.37,Attn-GRU-45
632251,2026-03-06,2026-03-29,39.91,39.25,40.38,Attn-GRU-45
632251,2026-03-06,2026-03-30,39.97,39.44,40.41,Attn-GRU-45
632251,2026-03-06,2026-03-31,40.05,39.4,40.49,Attn-GRU-45
632251,2026-03-06,2026-04-01,40.25,39.57,40.76,Attn-GRU-45
632251,2026-03-06,2026-04-02,40.13,39.57,40.75,Attn-GRU-45
632251,2026-03-06,2026-04-03,40.28,39.72,40.7,Attn-GRU-45
632251,2026-03-06,2026-04-04,40.31,39.75,40.74,Attn-GRU-45
632251,2026-03-06,2026-04-05,40.24,39.5,40.77,Attn-GRU-45
632252,2026-03-06,2026-03-07,37.3,37.27,37.32,Attn-GRU-45
632252,2026-03-06,2026-03-08,37.21,37.17,37.25,Attn-GRU-45
632252,2026-03-06,2026-03-09,37.17,37.14,37.19,Attn-GRU-45
632252,2026-03-06,2026-03-10,37.16,37.11,37.26,Attn-GRU-45
632252,2026-03-06,2026-03-11,37.06,37.01,37.13,Attn-GRU-45
632252,2026-03-06,2026-03-12,37.07,37.01,37.13,Attn-GRU-45
632252,2026-03-06,2026-03-13,37.0,36.93,37.08,Attn-GRU-45
632252,2026-03-06,2026-03-14,37.0,36.84,37.16,Attn-GRU-45
632252,2026-03-06,2026-03-15,36.94,36.78,37.1,Attn-GRU-45
632252,2026-03-06,2026-03-16,36.82,36.72,36.92,Attn-GRU-45
632252,2026-03-06,2026-03-17,36.86,36.68,37.0,Attn-GRU-45
632252,2026-03-06,2026-03-18,36.75,36.58,37.01,Attn-GRU-45
632252,2026-03-06,2026-03-19,36.77,36.46,36.97,Attn-GRU-45
632252,2026-03-06,2026-03-20,36.65,36.4,36.94,Attn-GRU-45
632252,2026-03-06,2026-03-21,36.51,36.25,36.77,Attn-GRU-45
632252,2026-03-06,2026-03-22,36.5,36.16,36.82,Attn-GRU-45
632252,2026-03-06,2026-03-23,36.44,36.18,36.8,Attn-GRU-45
632252,2026-03-06,2026-03-24,36.45,36.14,36.79,Attn-GRU-45
632252,2026-03-06,2026-03-25,36.42,36.11,36.81,Attn-GRU-45
632252,2026-03-06,2026-03-26,36.36,36.04,36.67,Attn-GRU-45
632252,2026-03-06,2026-03-27,36.21,35.9,36.59,Attn-GRU-45
632252,2026-03-06,2026-03-28,36.22,35.94,36.62,Attn-GRU-45
632252,2026-03-06,2026-03-29,36.25,35.92,36.61,Attn-GRU-45
632252,2026-03-06,2026-03-30,36.25,35.97,36.67,Attn-GRU-45
632252,2026-03-06,2026-03-31,36.23,35.87,36.58,Attn-GRU-45
632252,2026-03-06,2026-04-01,36.14,35.84,36.55,Attn-GRU-45
632252,2026-03-06,2026-04-02,36.08,35.84,36.57,Attn-GRU-45
632252,2026-03-06,2026-04-03,36.22,35.84,36.57,Attn-GRU-45
632252,2026-03-06,2026-04-04,36.16,35.84,36.6,Attn-GRU-45
632252,2026-03-06,2026-04-05,36.03,35.78,36.45,Attn-GRU-45
632684,2026-03-06,2026-03-07,80.14,80.05,80.25,Attn-GRU-45
632684,2026-03-06,2026-03-08,79.95,79.87,80.03,Attn-GRU-45
632684,2026-03-06,2026-03-09,79.85,79.74,79.93,Attn-GRU-45
632684,2026-03-06,2026-03-10,79.93,79.76,80.06,Attn-GRU-45
632684,2026-03-06,2026-03-11,79.69,79.56,79.82,Attn-GRU-45
632684,2026-03-06,2026-03-12,79.64,79.41,79.8,Attn-GRU-45
632684,2026-03-06,2026-03-13,79.65,79.41,79.84,Attn-GRU-45
632684,2026-03-06,2026-03-14,80.02,79.71,80.26,Attn-GRU-45
632684,2026-03-06,2026-03-15,79.63,79.23,79.95,Attn-GRU-45
632684,2026-03-06,2026-03-16,79.5,79.19,79.9,Attn-GRU-45
632684,2026-03-06,2026-03-17,79.43,78.98,79.82,Attn-GRU-45
632684,2026-03-06,2026-03-18,79.41,78.83,79.97,Attn-GRU-45
632684,2026-03-06,2026-03-19,79.74,79.12,80.31,Attn-GRU-45
632684,2026-03-06,2026-03-20,79.64,78.83,80.3,Attn-GRU-45
632684,2026-03-06,2026-03-21,79.41,78.84,79.98,Attn-GRU-45
632684,2026-03-06,2026-03-22,79.66,79.0,80.4,Attn-GRU-45
632684,2026-03-06,2026-03-23,79.71,79.1,80.45,Attn-GRU-45
632684,2026-03-06,2026-03-24,79.92,79.08,80.69,Attn-GRU-45
632684,2026-03-06,2026-03-25,79.67,79.0,80.72,Attn-GRU-45
632684,2026-03-06,2026-03-26,79.49,78.66,80.31,Attn-GRU-45
632684,2026-03-06,2026-03-27,79.94,78.95,80.87,Attn-GRU-45
632684,2026-03-06,2026-03-28,79.36,78.58,80.16,Attn-GRU-45
632684,2026-03-06,2026-03-29,79.54,78.85,80.33,Attn-GRU-45
632684,2026-03-06,2026-03-30,79.85,79.09,80.73,Attn-GRU-45
632684,2026-03-06,2026-03-31,79.69,78.66,80.41,Attn-GRU-45
632684,2026-03-06,2026-04-01,79.36,78.58,80.61,Attn-GRU-45
632684,2026-03-06,2026-04-02,79.39,78.57,80.33,Attn-GRU-45
632684,2026-03-06,2026-04-03,80.17,79.39,81.11,Attn-GRU-45
632684,2026-03-06,2026-04-04,80.0,79.02,80.9,Attn-GRU-45
632684,2026-03-06,2026-04-05,79.57,78.89,80.53,Attn-GRU-45
632686,2026-03-06,2026-03-07,55.55,55.48,55.6,Attn-GRU-45
632686,2026-03-06,2026-03-08,55.45,55.42,55.51,Attn-GRU-45
632686,2026-03-06,2026-03-09,55.39,55.34,55.43,Attn-GRU-45
632686,2026-03-06,2026-03-10,55.48,55.4,55.54,Attn-GRU-45
632686,2026-03-06,2026-03-11,55.35,55.21,55.46,Attn-GRU-45
632686,2026-03-06,2026-03-12,55.28,55.18,55.38,Attn-GRU-45
632686,2026-03-06,2026-03-13,55.3,55.19,55.42,Attn-GRU-45
632686,2026-03-06,2026-03-14,55.63,55.47,55.82,Attn-GRU-45
632686,2026-03-06,2026-03-15,55.43,55.26,55.6,Attn-GRU-45
632686,2026-03-06,2026-03-16,55.23,55.07,55.45,Attn-GRU-45
632686,2026-03-06,2026-03-17,55.35,55.18,55.52,Attn-GRU-45
632686,2026-03-06,2026-03-18,55.56,55.38,55.8,Attn-GRU-45
632686,2026-03-06,2026-03-19,55.76,55.58,55.95,Attn-GRU-45
632686,2026-03-06,2026-03-20,55.72,55.46,55.98,Attn-GRU-45
632686,2026-03-06,2026-03-21,55.61,55.41,55.83,Attn-GRU-45
632686,2026-03-06,2026-03-22,55.63,55.39,55.82,Attn-GRU-45
632686,2026-03-06,2026-03-23,55.96,55.7,56.21,Attn-GRU-45
632686,2026-03-06,2026-03-24,55.93,55.6,56.24,Attn-GRU-45
632686,2026-03-06,2026-03-25,55.85,55.53,56.21,Attn-GRU-45
632686,2026-03-06,2026-03-26,55.89,55.51,56.24,Attn-GRU-45
632686,2026-03-06,2026-03-27,56.11,55.76,56.51,Attn-GRU-45
632686,2026-03-06,2026-03-28,55.55,55.18,55.99,Attn-GRU-45
632686,2026-03-06,2026-03-29,55.87,55.36,56.27,Attn-GRU-45
632686,2026-03-06,2026-03-30,55.98,55.63,56.35,Attn-GRU-45
632686,2026-03-06,2026-03-31,55.86,55.43,56.28,Attn-GRU-45
632686,2026-03-06,2026-04-01,55.97,55.46,56.5,Attn-GRU-45
632686,2026-03-06,2026-04-02,55.73,55.24,56.25,Attn-GRU-45
632686,2026-03-06,2026-04-03,56.3,55.86,56.67,Attn-GRU-45
632686,2026-03-06,2026-04-04,56.19,55.66,56.65,Attn-GRU-45
632686,2026-03-06,2026-04-05,55.86,55.26,56.42,Attn-GRU-45
632720,2026-03-06,2026-03-07,223.19,222.91,223.37,Attn-GRU-45
632720,2026-03-06,2026-03-08,222.68,222.29,222.94,Attn-GRU-45
632720,2026-03-06,2026-03-09,222.46,222.09,222.72,Attn-GRU-45
632720,2026-03-06,2026-03-10,222.2,221.68,222.83,Attn-GRU-45
632720,2026-03-06,2026-03-11,221.69,221.2,222.29,Attn-GRU-45
632720,2026-03-06,2026-03-12,221.41,220.74,222.04,Attn-GRU-45
632720,2026-03-06,2026-03-13,220.82,220.02,221.67,Attn-GRU-45
632720,2026-03-06,2026-03-14,220.12,218.96,221.19,Attn-GRU-45
632720,2026-03-06,2026-03-15,219.36,218.27,220.72,Attn-GRU-45
632720,2026-03-06,2026-03-16,218.63,217.69,219.89,Attn-GRU-45
632720,2026-03-06,2026-03-17,217.82,216.64,220.03,Attn-GRU-45
632720,2026-03-06,2026-03-18,217.13,215.8,218.86,Attn-GRU-45
632720,2026-03-06,2026-03-19,215.97,215.12,217.9,Attn-GRU-45
632720,2026-03-06,2026-03-20,215.36,214.6,217.71,Attn-GRU-45
632720,2026-03-06,2026-03-21,214.87,214.39,216.47,Attn-GRU-45
632720,2026-03-06,2026-03-22,214.57,214.22,216.0,Attn-GRU-45
632720,2026-03-06,2026-03-23,214.58,214.22,215.98,Attn-GRU-45
632720,2026-03-06,2026-03-24,214.44,214.19,215.56,Attn-GRU-45
632720,2026-03-06,2026-03-25,214.29,214.14,215.29,Attn-GRU-45
632720,2026-03-06,2026-03-26,214.31,214.16,215.45,Attn-GRU-45
632720,2026-03-06,2026-03-27,214.27,214.14,215.11,Attn-GRU-45
632720,2026-03-06,2026-03-28,214.23,214.13,214.9,Attn-GRU-45
632720,2026-03-06,2026-03-29,214.22,214.12,214.78,Attn-GRU-45
632720,2026-03-06,2026-03-30,214.19,214.11,215.15,Attn-GRU-45
632720,2026-03-06,2026-03-31,214.17,214.11,214.79,Attn-GRU-45
632720,2026-03-06,2026-04-01,214.18,214.11,214.61,Attn-GRU-45
632720,2026-03-06,2026-04-02,214.15,214.11,214.73,Attn-GRU-45
632720,2026-03-06,2026-04-03,214.18,214.11,214.61,Attn-GRU-45
632720,2026-03-06,2026-04-04,214.16,214.11,214.7,Attn-GRU-45
632720,2026-03-06,2026-04-05,214.16,214.11,214.54,Attn-GRU-45
633053,2026-03-06,2026-03-07,110.28,110.21,110.34,Attn-GRU-45
633053,2026-03-06,2026-03-08,110.13,110.06,110.18,Attn-GRU-45
633053,2026-03-06,2026-03-09,110.05,109.99,110.09,Attn-GRU-45
633053,2026-03-06,2026-03-10,110.09,109.9,110.19,Attn-GRU-45
633053,2026-03-06,2026-03-11,109.85,109.74,109.97,Attn-GRU-45
633053,2026-03-06,2026-03-12,109.81,109.71,109.95,Attn-GRU-45
633053,2026-03-06,2026-03-13,109.67,109.52,109.83,Attn-GRU-45
633053,2026-03-06,2026-03-14,109.82,109.51,110.11,Attn-GRU-45
633053,2026-03-06,2026-03-15,109.65,109.31,109.96,Attn-GRU-45
633053,2026-03-06,2026-03-16,109.35,109.1,109.56,Attn-GRU-45
633053,2026-03-06,2026-03-17,109.35,109.02,109.72,Attn-GRU-45
633053,2026-03-06,2026-03-18,109.24,108.8,109.82,Attn-GRU-45
633053,2026-03-06,2026-03-19,109.12,108.54,109.68,Attn-GRU-45
633053,2026-03-06,2026-03-20,109.09,108.42,109.86,Attn-GRU-45
633053,2026-03-06,2026-03-21,108.68,108.04,109.43,Attn-GRU-45
633053,2026-03-06,2026-03-22,108.51,107.71,109.38,Attn-GRU-45
633053,2026-03-06,2026-03-23,108.61,107.77,109.5,Attn-GRU-45
633053,2026-03-06,2026-03-24,108.36,107.63,109.33,Attn-GRU-45
633053,2026-03-06,2026-03-25,108.41,107.54,109.37,Attn-GRU-45
633053,2026-03-06,2026-03-26,108.3,107.56,109.15,Attn-GRU-45
633053,2026-03-06,2026-03-27,108.24,107.5,109.18,Attn-GRU-45
633053,2026-03-06,2026-03-28,108.06,107.36,109.01,Attn-GRU-45
633053,2026-03-06,2026-03-29,107.97,107.33,108.91,Attn-GRU-45
633053,2026-03-06,2026-03-30,108.11,107.27,109.27,Attn-GRU-45
633053,2026-03-06,2026-03-31,108.0,107.2,109.18,Attn-GRU-45
633053,2026-03-06,2026-04-01,107.89,107.15,108.99,Attn-GRU-45
633053,2026-03-06,2026-04-02,107.69,107.08,108.76,Attn-GRU-45
633053,2026-03-06,2026-04-03,107.97,107.26,109.19,Attn-GRU-45
633053,2026-03-06,2026-04-04,107.86,107.18,109.11,Attn-GRU-45
633053,2026-03-06,2026-04-05,107.68,107.1,108.8,Attn-GRU-45
633098,2026-03-06,2026-03-07,122.28,122.17,122.38,Attn-GRU-45
633098,2026-03-06,2026-03-08,122.26,122.17,122.37,Attn-GRU-45
633098,2026-03-06,2026-03-09,122.26,122.14,122.42,Attn-GRU-45
633098,2026-03-06,2026-03-10,122.37,122.17,122.55,Attn-GRU-45
633098,2026-03-06,2026-03-11,122.29,122.06,122.57,Attn-GRU-45
633098,2026-03-06,2026-03-12,122.35,122.16,122.6,Attn-GRU-45
633098,2026-03-06,2026-03-13,122.52,122.22,122.85,Attn-GRU-45
633098,2026-03-06,2026-03-14,122.73,122.38,123.16,Attn-GRU-45
633098,2026-03-06,2026-03-15,122.68,122.35,123.11,Attn-GRU-45
633098,2026-03-06,2026-03-16,122.68,122.29,123.11,Attn-GRU-45
633098,2026-03-06,2026-03-17,122.79,122.25,123.36,Attn-GRU-45
633098,2026-03-06,2026-03-18,123.13,122.58,123.5,Attn-GRU-45
633098,2026-03-06,2026-03-19,123.27,122.79,123.75,Attn-GRU-45
633098,2026-03-06,2026-03-20,123.38,122.76,123.83,Attn-GRU-45
633098,2026-03-06,2026-03-21,123.3,122.78,123.86,Attn-GRU-45
633098,2026-03-06,2026-03-22,123.41,122.86,123.79,Attn-GRU-45
633098,2026-03-06,2026-03-23,123.79,123.11,124.23,Attn-GRU-45
633098,2026-03-06,2026-03-24,123.9,123.02,124.39,Attn-GRU-45
633098,2026-03-06,2026-03-25,123.97,123.28,124.5,Attn-GRU-45
633098,2026-03-06,2026-03-26,124.14,123.38,124.7,Attn-GRU-45
633098,2026-03-06,2026-03-27,124.25,123.37,124.72,Attn-GRU-45
633098,2026-03-06,2026-03-28,124.14,123.2,124.87,Attn-GRU-45
633098,2026-03-06,2026-03-29,124.32,123.2,124.85,Attn-GRU-45
633098,2026-03-06,2026-03-30,124.4,123.43,124.9,Attn-GRU-45
633098,2026-03-06,2026-03-31,124.41,123.6,125.04,Attn-GRU-45
633098,2026-03-06,2026-04-01,124.67,123.6,125.26,Attn-GRU-45
633098,2026-03-06,2026-04-02,124.52,123.69,125.17,Attn-GRU-45
633098,2026-03-06,2026-04-03,124.65,123.95,125.2,Attn-GRU-45
633098,2026-03-06,2026-04-04,124.79,123.76,125.26,Attn-GRU-45
633098,2026-03-06,2026-04-05,124.67,123.77,125.26,Attn-GRU-45
633099,2026-03-06,2026-03-07,67.19,67.14,67.24,Attn-GRU-45
633099,2026-03-06,2026-03-08,67.13,67.08,67.19,Attn-GRU-45
633099,2026-03-06,2026-03-09,67.12,67.06,67.2,Attn-GRU-45
633099,2026-03-06,2026-03-10,67.23,67.14,67.34,Attn-GRU-45
633099,2026-03-06,2026-03-11,67.09,66.99,67.21,Attn-GRU-45
633099,2026-03-06,2026-03-12,67.19,67.05,67.28,Attn-GRU-45
633099,2026-03-06,2026-03-13,67.27,67.08,67.41,Attn-GRU-45
633099,2026-03-06,2026-03-14,67.41,67.25,67.59,Attn-GRU-45
633099,2026-03-06,2026-03-15,67.33,67.04,67.56,Attn-GRU-45
633099,2026-03-06,2026-03-16,67.36,67.1,67.66,Attn-GRU-45
633099,2026-03-06,2026-03-17,67.4,67.06,67.69,Attn-GRU-45
633099,2026-03-06,2026-03-18,67.51,67.25,67.8,Attn-GRU-45
633099,2026-03-06,2026-03-19,67.61,67.32,67.86,Attn-GRU-45
633099,2026-03-06,2026-03-20,67.65,67.31,68.01,Attn-GRU-45
633099,2026-03-06,2026-03-21,67.62,67.24,67.96,Attn-GRU-45
633099,2026-03-06,2026-03-22,67.81,67.45,68.12,Attn-GRU-45
633099,2026-03-06,2026-03-23,67.84,67.48,68.13,Attn-GRU-45
633099,2026-03-06,2026-03-24,68.04,67.57,68.35,Attn-GRU-45
633099,2026-03-06,2026-03-25,68.05,67.62,68.36,Attn-GRU-45
633099,2026-03-06,2026-03-26,68.07,67.62,68.51,Attn-GRU-45
633099,2026-03-06,2026-03-27,68.12,67.68,68.52,Attn-GRU-45
633099,2026-03-06,2026-03-28,68.03,67.53,68.46,Attn-GRU-45
633099,2026-03-06,2026-03-29,68.2,67.65,68.53,Attn-GRU-45
633099,2026-03-06,2026-03-30,68.27,67.76,68.63,Attn-GRU-45
633099,2026-03-06,2026-03-31,68.3,67.72,68.7,Attn-GRU-45
633099,2026-03-06,2026-04-01,68.3,67.76,68.75,Attn-GRU-45
633099,2026-03-06,2026-04-02,68.4,67.84,68.78,Attn-GRU-45
633099,2026-03-06,2026-04-03,68.3,67.86,68.73,Attn-GRU-45
633099,2026-03-06,2026-04-04,68.5,67.99,68.95,Attn-GRU-45
633099,2026-03-06,2026-04-05,68.46,68.0,68.89,Attn-GRU-45
633103,2026-03-06,2026-03-07,130.06,130.0,130.14,Attn-GRU-45
633103,2026-03-06,2026-03-08,129.86,129.79,129.94,Attn-GRU-45
633103,2026-03-06,2026-03-09,129.77,129.72,129.84,Attn-GRU-45
633103,2026-03-06,2026-03-10,129.75,129.59,129.92,Attn-GRU-45
633103,2026-03-06,2026-03-11,129.54,129.4,129.71,Attn-GRU-45
633103,2026-03-06,2026-03-12,129.48,129.34,129.64,Attn-GRU-45
633103,2026-03-06,2026-03-13,129.25,129.09,129.46,Attn-GRU-45
633103,2026-03-06,2026-03-14,129.26,129.01,129.63,Attn-GRU-45
633103,2026-03-06,2026-03-15,129.1,128.77,129.43,Attn-GRU-45
633103,2026-03-06,2026-03-16,128.76,128.47,128.97,Attn-GRU-45
633103,2026-03-06,2026-03-17,128.58,128.22,128.99,Attn-GRU-45
633103,2026-03-06,2026-03-18,128.43,127.95,129.1,Attn-GRU-45
633103,2026-03-06,2026-03-19,128.21,127.6,128.65,Attn-GRU-45
633103,2026-03-06,2026-03-20,127.96,127.26,128.87,Attn-GRU-45
633103,2026-03-06,2026-03-21,127.62,127.15,128.24,Attn-GRU-45
633103,2026-03-06,2026-03-22,127.24,126.6,128.08,Attn-GRU-45
633103,2026-03-06,2026-03-23,127.32,126.76,128.03,Attn-GRU-45
633103,2026-03-06,2026-03-24,127.11,126.62,127.77,Attn-GRU-45
633103,2026-03-06,2026-03-25,127.02,126.48,127.63,Attn-GRU-45
633103,2026-03-06,2026-03-26,126.97,126.4,127.58,Attn-GRU-45
633103,2026-03-06,2026-03-27,126.85,126.34,127.57,Attn-GRU-45
633103,2026-03-06,2026-03-28,126.64,126.29,127.34,Attn-GRU-45
633103,2026-03-06,2026-03-29,126.58,126.16,127.29,Attn-GRU-45
633103,2026-03-06,2026-03-30,126.66,126.12,127.54,Attn-GRU-45
633103,2026-03-06,2026-03-31,126.52,126.1,127.4,Attn-GRU-45
633103,2026-03-06,2026-04-01,126.47,126.11,127.21,Attn-GRU-45
633103,2026-03-06,2026-04-02,126.4,126.0,127.05,Attn-GRU-45
633103,2026-03-06,2026-04-03,126.52,126.13,127.34,Attn-GRU-45
633103,2026-03-06,2026-04-04,126.48,126.04,127.27,Attn-GRU-45
633103,2026-03-06,2026-04-05,126.38,126.04,127.06,Attn-GRU-45
633104,2026-03-06,2026-03-07,123.31,123.2,123.44,Attn-GRU-45
633104,2026-03-06,2026-03-08,123.17,123.04,123.32,Attn-GRU-45
633104,2026-03-06,2026-03-09,123.17,122.97,123.33,Attn-GRU-45
633104,2026-03-06,2026-03-10,123.42,123.23,123.74,Attn-GRU-45
633104,2026-03-06,2026-03-11,123.15,122.8,123.47,Attn-GRU-45
633104,2026-03-06,2026-03-12,123.32,122.98,123.58,Attn-GRU-45
633104,2026-03-06,2026-03-13,123.4,123.04,123.8,Attn-GRU-45
633104,2026-03-06,2026-03-14,123.7,123.28,124.31,Attn-GRU-45
633104,2026-03-06,2026-03-15,123.75,123.25,124.39,Attn-GRU-45
633104,2026-03-06,2026-03-16,123.62,123.01,124.07,Attn-GRU-45
633104,2026-03-06,2026-03-17,123.82,123.2,124.52,Attn-GRU-45
633104,2026-03-06,2026-03-18,124.11,123.44,124.62,Attn-GRU-45
633104,2026-03-06,2026-03-19,124.42,123.57,125.0,Attn-GRU-45
633104,2026-03-06,2026-03-20,124.56,123.75,125.14,Attn-GRU-45
633104,2026-03-06,2026-03-21,124.39,123.64,125.02,Attn-GRU-45
633104,2026-03-06,2026-03-22,124.99,124.2,125.76,Attn-GRU-45
633104,2026-03-06,2026-03-23,125.0,124.2,125.58,Attn-GRU-45
633104,2026-03-06,2026-03-24,125.45,124.38,126.1,Attn-GRU-45
633104,2026-03-06,2026-03-25,125.56,124.49,126.37,Attn-GRU-45
633104,2026-03-06,2026-03-26,125.29,124.28,126.26,Attn-GRU-45
633104,2026-03-06,2026-03-27,125.68,124.59,126.33,Attn-GRU-45
633104,2026-03-06,2026-03-28,125.46,123.83,126.52,Attn-GRU-45
633104,2026-03-06,2026-03-29,125.84,124.72,126.76,Attn-GRU-45
633104,2026-03-06,2026-03-30,125.77,124.75,126.83,Attn-GRU-45
633104,2026-03-06,2026-03-31,125.88,124.79,126.93,Attn-GRU-45
633104,2026-03-06,2026-04-01,126.07,124.63,127.12,Attn-GRU-45
633104,2026-03-06,2026-04-02,126.26,125.06,127.08,Attn-GRU-45
633104,2026-03-06,2026-04-03,126.29,125.21,127.24,Attn-GRU-45
633104,2026-03-06,2026-04-04,126.44,125.02,127.31,Attn-GRU-45
633104,2026-03-06,2026-04-05,126.54,125.1,127.43,Attn-GRU-45
647656,2026-03-06,2026-03-07,4.54,4.53,4.55,Attn-GRU-45
647656,2026-03-06,2026-03-08,4.53,4.53,4.54,Attn-GRU-45
647656,2026-03-06,2026-03-09,4.53,4.52,4.54,Attn-GRU-45
647656,2026-03-06,2026-03-10,4.53,4.51,4.54,Attn-GRU-45
647656,2026-03-06,2026-03-11,4.52,4.51,4.53,Attn-GRU-45
647656,2026-03-06,2026-03-12,4.52,4.5,4.53,Attn-GRU-45
647656,2026-03-06,2026-03-13,4.52,4.51,4.53,Attn-GRU-45
647656,2026-03-06,2026-03-14,4.52,4.5,4.54,Attn-GRU-45
647656,2026-03-06,2026-03-15,4.51,4.49,4.53,Attn-GRU-45
647656,2026-03-06,2026-03-16,4.51,4.49,4.53,Attn-GRU-45
647656,2026-03-06,2026-03-17,4.5,4.48,4.52,Attn-GRU-45
647656,2026-03-06,2026-03-18,4.51,4.48,4.54,Attn-GRU-45
647656,2026-03-06,2026-03-19,4.52,4.5,4.55,Attn-GRU-45
647656,2026-03-06,2026-03-20,4.51,4.47,4.55,Attn-GRU-45
647656,2026-03-06,2026-03-21,4.51,4.48,4.54,Attn-GRU-45
647656,2026-03-06,2026-03-22,4.52,4.49,4.56,Attn-GRU-45
647656,2026-03-06,2026-03-23,4.52,4.48,4.55,Attn-GRU-45
647656,2026-03-06,2026-03-24,4.52,4.48,4.56,Attn-GRU-45
647656,2026-03-06,2026-03-25,4.53,4.48,4.56,Attn-GRU-45
647656,2026-03-06,2026-03-26,4.53,4.48,4.56,Attn-GRU-45
647656,2026-03-06,2026-03-27,4.53,4.49,4.58,Attn-GRU-45
647656,2026-03-06,2026-03-28,4.52,4.47,4.56,Attn-GRU-45
647656,2026-03-06,2026-03-29,4.53,4.48,4.58,Attn-GRU-45
647656,2026-03-06,2026-03-30,4.53,4.48,4.58,Attn-GRU-45
647656,2026-03-06,2026-03-31,4.55,4.51,4.59,Attn-GRU-45
647656,2026-03-06,2026-04-01,4.56,4.5,4.61,Attn-GRU-45
647656,2026-03-06,2026-04-02,4.56,4.51,4.61,Attn-GRU-45
647656,2026-03-06,2026-04-03,4.56,4.5,4.61,Attn-GRU-45
647656,2026-03-06,2026-04-04,4.56,4.51,4.6,Attn-GRU-45
647656,2026-03-06,2026-04-05,4.53,4.48,4.59,Attn-GRU-45
647657,2026-03-06,2026-03-07,4.36,4.34,4.39,Attn-GRU-45
647657,2026-03-06,2026-03-08,4.35,4.34,4.38,Attn-GRU-45
647657,2026-03-06,2026-03-09,4.35,4.31,4.39,Attn-GRU-45
647657,2026-03-06,2026-03-10,4.36,4.31,4.41,Attn-GRU-45
647657,2026-03-06,2026-03-11,4.36,4.3,4.41,Attn-GRU-45
647657,2026-03-06,2026-03-12,4.36,4.31,4.41,Attn-GRU-45
647657,2026-03-06,2026-03-13,4.38,4.33,4.45,Attn-GRU-45
647657,2026-03-06,2026-03-14,4.39,4.33,4.48,Attn-GRU-45
647657,2026-03-06,2026-03-15,4.41,4.31,4.5,Attn-GRU-45
647657,2026-03-06,2026-03-16,4.41,4.31,4.49,Attn-GRU-45
647657,2026-03-06,2026-03-17,4.4,4.26,4.52,Attn-GRU-45
647657,2026-03-06,2026-03-18,4.42,4.31,4.51,Attn-GRU-45
647657,2026-03-06,2026-03-19,4.48,4.4,4.58,Attn-GRU-45
647657,2026-03-06,2026-03-20,4.52,4.41,4.66,Attn-GRU-45
647657,2026-03-06,2026-03-21,4.52,4.42,4.63,Attn-GRU-45
647657,2026-03-06,2026-03-22,4.57,4.44,4.68,Attn-GRU-45
647657,2026-03-06,2026-03-23,4.58,4.48,4.67,Attn-GRU-45
647657,2026-03-06,2026-03-24,4.62,4.53,4.73,Attn-GRU-45
647657,2026-03-06,2026-03-25,4.65,4.48,4.77,Attn-GRU-45
647657,2026-03-06,2026-03-26,4.64,4.47,4.81,Attn-GRU-45
647657,2026-03-06,2026-03-27,4.67,4.55,4.78,Attn-GRU-45
647657,2026-03-06,2026-03-28,4.71,4.53,4.87,Attn-GRU-45
647657,2026-03-06,2026-03-29,4.7,4.49,4.89,Attn-GRU-45
647657,2026-03-06,2026-03-30,4.7,4.58,4.85,Attn-GRU-45
647657,2026-03-06,2026-03-31,4.77,4.67,4.88,Attn-GRU-45
647657,2026-03-06,2026-04-01,4.82,4.63,4.94,Attn-GRU-45
647657,2026-03-06,2026-04-02,4.82,4.67,4.95,Attn-GRU-45
647657,2026-03-06,2026-04-03,4.79,4.65,4.92,Attn-GRU-45
647657,2026-03-06,2026-04-04,4.8,4.64,4.9,Attn-GRU-45
647657,2026-03-06,2026-04-05,4.8,4.6,4.97,Attn-GRU-45
647659,2026-03-06,2026-03-07,3.48,3.46,3.5,Attn-GRU-45
647659,2026-03-06,2026-03-08,3.49,3.47,3.52,Attn-GRU-45
647659,2026-03-06,2026-03-09,3.51,3.46,3.54,Attn-GRU-45
647659,2026-03-06,2026-03-10,3.52,3.48,3.57,Attn-GRU-45
647659,2026-03-06,2026-03-11,3.54,3.48,3.62,Attn-GRU-45
647659,2026-03-06,2026-03-12,3.55,3.49,3.63,Attn-GRU-45
647659,2026-03-06,2026-03-13,3.6,3.54,3.65,Attn-GRU-45
647659,2026-03-06,2026-03-14,3.62,3.55,3.69,Attn-GRU-45
647659,2026-03-06,2026-03-15,3.63,3.5,3.71,Attn-GRU-45
647659,2026-03-06,2026-03-16,3.66,3.57,3.73,Attn-GRU-45
647659,2026-03-06,2026-03-17,3.67,3.57,3.75,Attn-GRU-45
647659,2026-03-06,2026-03-18,3.7,3.62,3.76,Attn-GRU-45
647659,2026-03-06,2026-03-19,3.71,3.61,3.78,Attn-GRU-45
647659,2026-03-06,2026-03-20,3.76,3.65,3.81,Attn-GRU-45
647659,2026-03-06,2026-03-21,3.76,3.68,3.82,Attn-GRU-45
647659,2026-03-06,2026-03-22,3.77,3.69,3.81,Attn-GRU-45
647659,2026-03-06,2026-03-23,3.79,3.73,3.84,Attn-GRU-45
647659,2026-03-06,2026-03-24,3.81,3.73,3.85,Attn-GRU-45
647659,2026-03-06,2026-03-25,3.82,3.74,3.85,Attn-GRU-45
647659,2026-03-06,2026-03-26,3.83,3.77,3.86,Attn-GRU-45
647659,2026-03-06,2026-03-27,3.83,3.78,3.86,Attn-GRU-45
647659,2026-03-06,2026-03-28,3.85,3.78,3.87,Attn-GRU-45
647659,2026-03-06,2026-03-29,3.85,3.8,3.87,Attn-GRU-45
647659,2026-03-06,2026-03-30,3.85,3.79,3.87,Attn-GRU-45
647659,2026-03-06,2026-03-31,3.86,3.81,3.88,Attn-GRU-45
647659,2026-03-06,2026-04-01,3.87,3.83,3.88,Attn-GRU-45
647659,2026-03-06,2026-04-02,3.87,3.84,3.88,Attn-GRU-45
647659,2026-03-06,2026-04-03,3.86,3.81,3.88,Attn-GRU-45
647659,2026-03-06,2026-04-04,3.87,3.84,3.88,Attn-GRU-45
647659,2026-03-06,2026-04-05,3.87,3.85,3.88,Attn-GRU-45
647660,2026-03-06,2026-03-07,8.45,8.43,8.46,Attn-GRU-45
647660,2026-03-06,2026-03-08,8.45,8.43,8.46,Attn-GRU-45
647660,2026-03-06,2026-03-09,8.45,8.42,8.48,Attn-GRU-45
647660,2026-03-06,2026-03-10,8.45,8.43,8.48,Attn-GRU-45
647660,2026-03-06,2026-03-11,8.46,8.43,8.5,Attn-GRU-45
647660,2026-03-06,2026-03-12,8.47,8.43,8.49,Attn-GRU-45
647660,2026-03-06,2026-03-13,8.48,8.44,8.52,Attn-GRU-45
647660,2026-03-06,2026-03-14,8.48,8.44,8.53,Attn-GRU-45
647660,2026-03-06,2026-03-15,8.5,8.44,8.55,Attn-GRU-45
647660,2026-03-06,2026-03-16,8.52,8.45,8.57,Attn-GRU-45
647660,2026-03-06,2026-03-17,8.52,8.44,8.57,Attn-GRU-45
647660,2026-03-06,2026-03-18,8.52,8.46,8.57,Attn-GRU-45
647660,2026-03-06,2026-03-19,8.55,8.49,8.61,Attn-GRU-45
647660,2026-03-06,2026-03-20,8.58,8.5,8.64,Attn-GRU-45
647660,2026-03-06,2026-03-21,8.58,8.51,8.64,Attn-GRU-45
647660,2026-03-06,2026-03-22,8.6,8.52,8.66,Attn-GRU-45
647660,2026-03-06,2026-03-23,8.61,8.54,8.66,Attn-GRU-45
647660,2026-03-06,2026-03-24,8.65,8.57,8.69,Attn-GRU-45
647660,2026-03-06,2026-03-25,8.65,8.56,8.71,Attn-GRU-45
647660,2026-03-06,2026-03-26,8.66,8.56,8.72,Attn-GRU-45
647660,2026-03-06,2026-03-27,8.66,8.58,8.72,Attn-GRU-45
647660,2026-03-06,2026-03-28,8.69,8.58,8.75,Attn-GRU-45
647660,2026-03-06,2026-03-29,8.68,8.6,8.74,Attn-GRU-45
647660,2026-03-06,2026-03-30,8.69,8.59,8.74,Attn-GRU-45
647660,2026-03-06,2026-03-31,8.71,8.63,8.76,Attn-GRU-45
647660,2026-03-06,2026-04-01,8.72,8.61,8.78,Attn-GRU-45
647660,2026-03-06,2026-04-02,8.73,8.66,8.77,Attn-GRU-45
647660,2026-03-06,2026-04-03,8.71,8.62,8.76,Attn-GRU-45
647660,2026-03-06,2026-04-04,8.72,8.63,8.76,Attn-GRU-45
647660,2026-03-06,2026-04-05,8.73,8.64,8.78,Attn-GRU-45
647663,2026-03-06,2026-03-07,1524.63,1523.13,1526.05,Attn-GRU-45
647663,2026-03-06,2026-03-08,1521.72,1520.07,1523.21,Attn-GRU-45
647663,2026-03-06,2026-03-09,1520.21,1518.12,1521.8,Attn-GRU-45
647663,2026-03-06,2026-03-10,1519.74,1517.09,1522.23,Attn-GRU-45
647663,2026-03-06,2026-03-11,1515.62,1512.55,1518.38,Attn-GRU-45
647663,2026-03-06,2026-03-12,1515.19,1511.56,1518.3,Attn-GRU-45
647663,2026-03-06,2026-03-13,1509.39,1505.48,1513.85,Attn-GRU-45
647663,2026-03-06,2026-03-14,1508.0,1502.76,1513.13,Attn-GRU-45
647663,2026-03-06,2026-03-15,1503.14,1496.43,1510.37,Attn-GRU-45
647663,2026-03-06,2026-03-16,1497.13,1491.96,1504.44,Attn-GRU-45
647663,2026-03-06,2026-03-17,1490.65,1482.93,1501.53,Attn-GRU-45
647663,2026-03-06,2026-03-18,1488.85,1481.55,1499.84,Attn-GRU-45
647663,2026-03-06,2026-03-19,1479.89,1472.93,1494.31,Attn-GRU-45
647663,2026-03-06,2026-03-20,1473.39,1468.59,1487.81,Attn-GRU-45
647663,2026-03-06,2026-03-21,1472.81,1468.53,1483.31,Attn-GRU-45
647663,2026-03-06,2026-03-22,1468.03,1465.87,1477.27,Attn-GRU-45
647663,2026-03-06,2026-03-23,1468.33,1466.52,1475.57,Attn-GRU-45
647663,2026-03-06,2026-03-24,1467.57,1465.8,1475.14,Attn-GRU-45
647663,2026-03-06,2026-03-25,1466.06,1465.12,1471.6,Attn-GRU-45
647663,2026-03-06,2026-03-26,1466.6,1465.39,1471.44,Attn-GRU-45
647663,2026-03-06,2026-03-27,1466.65,1465.17,1471.61,Attn-GRU-45
647663,2026-03-06,2026-03-28,1465.84,1465.07,1468.19,Attn-GRU-45
647663,2026-03-06,2026-03-29,1465.41,1464.97,1468.54,Attn-GRU-45
647663,2026-03-06,2026-03-30,1465.32,1464.88,1468.54,Attn-GRU-45
647663,2026-03-06,2026-03-31,1465.31,1464.88,1468.56,Attn-GRU-45
647663,2026-03-06,2026-04-01,1465.47,1464.95,1468.91,Attn-GRU-45
647663,2026-03-06,2026-04-02,1465.13,1464.86,1466.52,Attn-GRU-45
647663,2026-03-06,2026-04-03,1465.38,1464.93,1467.95,Attn-GRU-45
647663,2026-03-06,2026-04-04,1465.41,1464.87,1467.28,Attn-GRU-45
647663,2026-03-06,2026-04-05,1465.36,1464.88,1467.07,Attn-GRU-45
649230,2026-03-06,2026-03-07,125.88,125.77,126.01,Attn-GRU-45
649230,2026-03-06,2026-03-08,125.81,125.71,125.94,Attn-GRU-45
649230,2026-03-06,2026-03-09,125.79,125.67,125.93,Attn-GRU-45
649230,2026-03-06,2026-03-10,125.93,125.75,126.12,Attn-GRU-45
649230,2026-03-06,2026-03-11,125.85,125.57,126.15,Attn-GRU-45
649230,2026-03-06,2026-03-12,125.92,125.63,126.24,Attn-GRU-45
649230,2026-03-06,2026-03-13,126.07,125.7,126.37,Attn-GRU-45
649230,2026-03-06,2026-03-14,126.52,126.08,126.84,Attn-GRU-45
649230,2026-03-06,2026-03-15,126.26,125.72,126.73,Attn-GRU-45
649230,2026-03-06,2026-03-16,126.41,125.86,126.82,Attn-GRU-45
649230,2026-03-06,2026-03-17,126.48,126.01,127.1,Attn-GRU-45
649230,2026-03-06,2026-03-18,126.74,126.22,127.3,Attn-GRU-45
649230,2026-03-06,2026-03-19,126.97,126.5,127.59,Attn-GRU-45
649230,2026-03-06,2026-03-20,126.99,126.49,127.61,Attn-GRU-45
649230,2026-03-06,2026-03-21,126.95,126.44,127.54,Attn-GRU-45
649230,2026-03-06,2026-03-22,127.05,126.52,127.7,Attn-GRU-45
649230,2026-03-06,2026-03-23,127.44,126.95,128.1,Attn-GRU-45
649230,2026-03-06,2026-03-24,127.72,126.96,128.52,Attn-GRU-45
649230,2026-03-06,2026-03-25,127.69,126.91,128.49,Attn-GRU-45
649230,2026-03-06,2026-03-26,128.04,126.9,128.69,Attn-GRU-45
649230,2026-03-06,2026-03-27,128.17,127.4,128.87,Attn-GRU-45
649230,2026-03-06,2026-03-28,127.86,126.9,128.73,Attn-GRU-45
649230,2026-03-06,2026-03-29,128.12,126.92,129.08,Attn-GRU-45
649230,2026-03-06,2026-03-30,128.32,127.49,129.07,Attn-GRU-45
649230,2026-03-06,2026-03-31,128.31,127.43,129.26,Attn-GRU-45
649230,2026-03-06,2026-04-01,128.56,127.31,129.34,Attn-GRU-45
649230,2026-03-06,2026-04-02,128.45,127.16,129.22,Attn-GRU-45
649230,2026-03-06,2026-04-03,128.58,127.61,129.28,Attn-GRU-45
649230,2026-03-06,2026-04-04,128.73,127.7,129.47,Attn-GRU-45
649230,2026-03-06,2026-04-05,128.74,127.52,129.42,Attn-GRU-45
649231,2026-03-06,2026-03-07,90.52,90.45,90.61,Attn-GRU-45
649231,2026-03-06,2026-03-08,90.35,90.31,90.41,Attn-GRU-45
649231,2026-03-06,2026-03-09,90.24,90.15,90.33,Attn-GRU-45
649231,2026-03-06,2026-03-10,90.33,90.24,90.46,Attn-GRU-45
649231,2026-03-06,2026-03-11,90.07,89.94,90.18,Attn-GRU-45
649231,2026-03-06,2026-03-12,90.08,89.92,90.23,Attn-GRU-45
649231,2026-03-06,2026-03-13,90.1,89.94,90.29,Attn-GRU-45
649231,2026-03-06,2026-03-14,90.49,90.27,90.71,Attn-GRU-45
649231,2026-03-06,2026-03-15,90.08,89.73,90.49,Attn-GRU-45
649231,2026-03-06,2026-03-16,90.01,89.69,90.31,Attn-GRU-45
649231,2026-03-06,2026-03-17,89.95,89.57,90.34,Attn-GRU-45
649231,2026-03-06,2026-03-18,90.17,89.65,90.67,Attn-GRU-45
649231,2026-03-06,2026-03-19,90.25,89.78,90.76,Attn-GRU-45
649231,2026-03-06,2026-03-20,89.9,89.28,90.64,Attn-GRU-45
649231,2026-03-06,2026-03-21,90.0,89.46,90.45,Attn-GRU-45
649231,2026-03-06,2026-03-22,90.34,89.79,90.88,Attn-GRU-45
649231,2026-03-06,2026-03-23,90.33,89.79,90.93,Attn-GRU-45
649231,2026-03-06,2026-03-24,90.41,89.72,91.08,Attn-GRU-45
649231,2026-03-06,2026-03-25,90.26,89.66,90.69,Attn-GRU-45
649231,2026-03-06,2026-03-26,90.15,89.29,91.01,Attn-GRU-45
649231,2026-03-06,2026-03-27,90.54,89.74,91.23,Attn-GRU-45
649231,2026-03-06,2026-03-28,89.86,89.11,90.63,Attn-GRU-45
649231,2026-03-06,2026-03-29,90.18,89.4,90.8,Attn-GRU-45
649231,2026-03-06,2026-03-30,90.56,89.78,91.2,Attn-GRU-45
649231,2026-03-06,2026-03-31,90.53,89.7,91.22,Attn-GRU-45
649231,2026-03-06,2026-04-01,90.33,89.68,91.08,Attn-GRU-45
649231,2026-03-06,2026-04-02,90.0,89.2,90.85,Attn-GRU-45
649231,2026-03-06,2026-04-03,90.95,90.17,91.49,Attn-GRU-45
649231,2026-03-06,2026-04-04,90.72,89.9,91.3,Attn-GRU-45
649231,2026-03-06,2026-04-05,90.27,89.51,90.86,Attn-GRU-45
649236,2026-03-06,2026-03-07,80.84,80.42,81.44,Attn-GRU-45
649236,2026-03-06,2026-03-08,80.84,80.38,81.48,Attn-GRU-45
649236,2026-03-06,2026-03-09,80.89,80.36,81.55,Attn-GRU-45
649236,2026-03-06,2026-03-10,81.52,80.72,82.58,Attn-GRU-45
649236,2026-03-06,2026-03-11,81.32,79.59,82.43,Attn-GRU-45
649236,2026-03-06,2026-03-12,82.0,80.5,83.25,Attn-GRU-45
649236,2026-03-06,2026-03-13,82.46,81.13,84.1,Attn-GRU-45
649236,2026-03-06,2026-03-14,83.64,81.64,85.29,Attn-GRU-45
649236,2026-03-06,2026-03-15,83.36,81.15,85.72,Attn-GRU-45
649236,2026-03-06,2026-03-16,84.24,82.23,85.98,Attn-GRU-45
649236,2026-03-06,2026-03-17,84.56,82.13,86.99,Attn-GRU-45
649236,2026-03-06,2026-03-18,85.11,82.56,87.3,Attn-GRU-45
649236,2026-03-06,2026-03-19,86.15,83.77,88.18,Attn-GRU-45
649236,2026-03-06,2026-03-20,86.84,83.87,89.69,Attn-GRU-45
649236,2026-03-06,2026-03-21,86.98,83.96,88.86,Attn-GRU-45
649236,2026-03-06,2026-03-22,87.21,84.35,89.01,Attn-GRU-45
649236,2026-03-06,2026-03-23,88.0,85.76,90.05,Attn-GRU-45
649236,2026-03-06,2026-03-24,89.3,85.69,91.19,Attn-GRU-45
649236,2026-03-06,2026-03-25,89.96,86.31,92.24,Attn-GRU-45
649236,2026-03-06,2026-03-26,90.42,87.38,93.02,Attn-GRU-45
649236,2026-03-06,2026-03-27,90.56,88.28,92.85,Attn-GRU-45
649236,2026-03-06,2026-03-28,90.92,87.39,93.04,Attn-GRU-45
649236,2026-03-06,2026-03-29,91.07,86.7,93.36,Attn-GRU-45
649236,2026-03-06,2026-03-30,91.62,88.94,93.35,Attn-GRU-45
649236,2026-03-06,2026-03-31,92.13,89.08,94.07,Attn-GRU-45
649236,2026-03-06,2026-04-01,92.22,88.41,94.55,Attn-GRU-45
649236,2026-03-06,2026-04-02,92.69,88.94,94.33,Attn-GRU-45
649236,2026-03-06,2026-04-03,91.99,88.73,94.21,Attn-GRU-45
649236,2026-03-06,2026-04-04,92.77,89.95,94.23,Attn-GRU-45
649236,2026-03-06,2026-04-05,92.56,90.19,94.51,Attn-GRU-45
650141,2026-03-06,2026-03-07,2.44,2.43,2.45,Attn-GRU-45
650141,2026-03-06,2026-03-08,2.43,2.43,2.44,Attn-GRU-45
650141,2026-03-06,2026-03-09,2.42,2.41,2.44,Attn-GRU-45
650141,2026-03-06,2026-03-10,2.43,2.41,2.44,Attn-GRU-45
650141,2026-03-06,2026-03-11,2.42,2.4,2.45,Attn-GRU-45
650141,2026-03-06,2026-03-12,2.42,2.41,2.45,Attn-GRU-45
650141,2026-03-06,2026-03-13,2.43,2.41,2.45,Attn-GRU-45
650141,2026-03-06,2026-03-14,2.44,2.41,2.47,Attn-GRU-45
650141,2026-03-06,2026-03-15,2.42,2.39,2.48,Attn-GRU-45
650141,2026-03-06,2026-03-16,2.43,2.39,2.47,Attn-GRU-45
650141,2026-03-06,2026-03-17,2.43,2.39,2.48,Attn-GRU-45
650141,2026-03-06,2026-03-18,2.45,2.41,2.49,Attn-GRU-45
650141,2026-03-06,2026-03-19,2.47,2.43,2.51,Attn-GRU-45
650141,2026-03-06,2026-03-20,2.47,2.43,2.52,Attn-GRU-45
650141,2026-03-06,2026-03-21,2.48,2.44,2.53,Attn-GRU-45
650141,2026-03-06,2026-03-22,2.48,2.44,2.53,Attn-GRU-45
650141,2026-03-06,2026-03-23,2.49,2.45,2.55,Attn-GRU-45
650141,2026-03-06,2026-03-24,2.5,2.46,2.57,Attn-GRU-45
650141,2026-03-06,2026-03-25,2.52,2.47,2.58,Attn-GRU-45
650141,2026-03-06,2026-03-26,2.52,2.46,2.6,Attn-GRU-45
650141,2026-03-06,2026-03-27,2.54,2.48,2.6,Attn-GRU-45
650141,2026-03-06,2026-03-28,2.53,2.46,2.62,Attn-GRU-45
650141,2026-03-06,2026-03-29,2.55,2.48,2.62,Attn-GRU-45
650141,2026-03-06,2026-03-30,2.56,2.5,2.62,Attn-GRU-45
650141,2026-03-06,2026-03-31,2.56,2.5,2.62,Attn-GRU-45
650141,2026-03-06,2026-04-01,2.59,2.52,2.66,Attn-GRU-45
650141,2026-03-06,2026-04-02,2.57,2.51,2.65,Attn-GRU-45
650141,2026-03-06,2026-04-03,2.59,2.52,2.66,Attn-GRU-45
650141,2026-03-06,2026-04-04,2.58,2.53,2.64,Attn-GRU-45
650141,2026-03-06,2026-04-05,2.58,2.5,2.66,Attn-GRU-45
650142,2026-03-06,2026-03-07,15.66,15.59,15.74,Attn-GRU-45
650142,2026-03-06,2026-03-08,15.68,15.6,15.78,Attn-GRU-45
650142,2026-03-06,2026-03-09,15.71,15.58,15.86,Attn-GRU-45
650142,2026-03-06,2026-03-10,15.77,15.63,15.91,Attn-GRU-45
650142,2026-03-06,2026-03-11,15.88,15.63,16.12,Attn-GRU-45
650142,2026-03-06,2026-03-12,15.89,15.67,16.14,Attn-GRU-45
650142,2026-03-06,2026-03-13,16.03,15.78,16.25,Attn-GRU-45
650142,2026-03-06,2026-03-14,16.06,15.78,16.28,Attn-GRU-45
650142,2026-03-06,2026-03-15,16.19,15.81,16.44,Attn-GRU-45
650142,2026-03-06,2026-03-16,16.29,15.87,16.57,Attn-GRU-45
650142,2026-03-06,2026-03-17,16.31,15.86,16.63,Attn-GRU-45
650142,2026-03-06,2026-03-18,16.38,16.0,16.61,Attn-GRU-45
650142,2026-03-06,2026-03-19,16.43,16.11,16.74,Attn-GRU-45
650142,2026-03-06,2026-03-20,16.58,16.24,16.85,Attn-GRU-45
650142,2026-03-06,2026-03-21,16.65,16.3,16.88,Attn-GRU-45
650142,2026-03-06,2026-03-22,16.68,16.29,16.92,Attn-GRU-45
650142,2026-03-06,2026-03-23,16.73,16.41,16.95,Attn-GRU-45
650142,2026-03-06,2026-03-24,16.82,16.43,17.05,Attn-GRU-45
650142,2026-03-06,2026-03-25,16.83,16.5,17.09,Attn-GRU-45
650142,2026-03-06,2026-03-26,16.95,16.58,17.16,Attn-GRU-45
650142,2026-03-06,2026-03-27,16.92,16.56,17.15,Attn-GRU-45
650142,2026-03-06,2026-03-28,17.05,16.64,17.2,Attn-GRU-45
650142,2026-03-06,2026-03-29,17.02,16.69,17.2,Attn-GRU-45
650142,2026-03-06,2026-03-30,17.07,16.71,17.21,Attn-GRU-45
650142,2026-03-06,2026-03-31,17.1,16.77,17.21,Attn-GRU-45
650142,2026-03-06,2026-04-01,17.14,16.88,17.24,Attn-GRU-45
650142,2026-03-06,2026-04-02,17.16,16.99,17.24,Attn-GRU-45
650142,2026-03-06,2026-04-03,17.12,16.92,17.23,Attn-GRU-45
650142,2026-03-06,2026-04-04,17.14,16.85,17.23,Attn-GRU-45
650142,2026-03-06,2026-04-05,17.17,16.92,17.24,Attn-GRU-45
650143,2026-03-06,2026-03-07,5.04,5.02,5.06,Attn-GRU-45
650143,2026-03-06,2026-03-08,5.04,5.02,5.05,Attn-GRU-45
650143,2026-03-06,2026-03-09,5.02,5.0,5.05,Attn-GRU-45
650143,2026-03-06,2026-03-10,5.03,5.0,5.06,Attn-GRU-45
650143,2026-03-06,2026-03-11,5.02,4.98,5.08,Attn-GRU-45
650143,2026-03-06,2026-03-12,5.02,4.98,5.06,Attn-GRU-45
650143,2026-03-06,2026-03-13,5.04,4.99,5.09,Attn-GRU-45
650143,2026-03-06,2026-03-14,5.05,4.99,5.11,Attn-GRU-45
650143,2026-03-06,2026-03-15,5.03,4.96,5.12,Attn-GRU-45
650143,2026-03-06,2026-03-16,5.04,4.96,5.09,Attn-GRU-45
650143,2026-03-06,2026-03-17,5.03,4.96,5.11,Attn-GRU-45
650143,2026-03-06,2026-03-18,5.07,4.99,5.17,Attn-GRU-45
650143,2026-03-06,2026-03-19,5.1,5.05,5.19,Attn-GRU-45
650143,2026-03-06,2026-03-20,5.12,5.02,5.24,Attn-GRU-45
650143,2026-03-06,2026-03-21,5.14,5.04,5.23,Attn-GRU-45
650143,2026-03-06,2026-03-22,5.16,5.06,5.26,Attn-GRU-45
650143,2026-03-06,2026-03-23,5.17,5.08,5.27,Attn-GRU-45
650143,2026-03-06,2026-03-24,5.19,5.08,5.31,Attn-GRU-45
650143,2026-03-06,2026-03-25,5.24,5.08,5.35,Attn-GRU-45
650143,2026-03-06,2026-03-26,5.24,5.08,5.37,Attn-GRU-45
650143,2026-03-06,2026-03-27,5.26,5.11,5.38,Attn-GRU-45
650143,2026-03-06,2026-03-28,5.27,5.08,5.42,Attn-GRU-45
650143,2026-03-06,2026-03-29,5.29,5.09,5.44,Attn-GRU-45
650143,2026-03-06,2026-03-30,5.29,5.17,5.42,Attn-GRU-45
650143,2026-03-06,2026-03-31,5.31,5.16,5.44,Attn-GRU-45
650143,2026-03-06,2026-04-01,5.37,5.17,5.52,Attn-GRU-45
650143,2026-03-06,2026-04-02,5.36,5.17,5.49,Attn-GRU-45
650143,2026-03-06,2026-04-03,5.37,5.2,5.49,Attn-GRU-45
650143,2026-03-06,2026-04-04,5.36,5.21,5.46,Attn-GRU-45
650143,2026-03-06,2026-04-05,5.35,5.15,5.53,Attn-GRU-45
650145,2026-03-06,2026-03-07,2.81,2.81,2.81,Attn-GRU-45
650145,2026-03-06,2026-03-08,2.81,2.81,2.81,Attn-GRU-45
650145,2026-03-06,2026-03-09,2.8,2.8,2.81,Attn-GRU-45
650145,2026-03-06,2026-03-10,2.8,2.8,2.81,Attn-GRU-45
650145,2026-03-06,2026-03-11,2.8,2.79,2.8,Attn-GRU-45
650145,2026-03-06,2026-03-12,2.8,2.79,2.8,Attn-GRU-45
650145,2026-03-06,2026-03-13,2.8,2.79,2.8,Attn-GRU-45
650145,2026-03-06,2026-03-14,2.79,2.79,2.8,Attn-GRU-45
650145,2026-03-06,2026-03-15,2.79,2.78,2.8,Attn-GRU-45
650145,2026-03-06,2026-03-16,2.79,2.78,2.8,Attn-GRU-45
650145,2026-03-06,2026-03-17,2.79,2.77,2.8,Attn-GRU-45
650145,2026-03-06,2026-03-18,2.79,2.77,2.8,Attn-GRU-45
650145,2026-03-06,2026-03-19,2.78,2.77,2.8,Attn-GRU-45
650145,2026-03-06,2026-03-20,2.78,2.76,2.79,Attn-GRU-45
650145,2026-03-06,2026-03-21,2.78,2.77,2.79,Attn-GRU-45
650145,2026-03-06,2026-03-22,2.78,2.76,2.79,Attn-GRU-45
650145,2026-03-06,2026-03-23,2.78,2.76,2.79,Attn-GRU-45
650145,2026-03-06,2026-03-24,2.77,2.75,2.79,Attn-GRU-45
650145,2026-03-06,2026-03-25,2.77,2.75,2.79,Attn-GRU-45
650145,2026-03-06,2026-03-26,2.77,2.75,2.79,Attn-GRU-45
650145,2026-03-06,2026-03-27,2.77,2.76,2.8,Attn-GRU-45
650145,2026-03-06,2026-03-28,2.76,2.75,2.78,Attn-GRU-45
650145,2026-03-06,2026-03-29,2.77,2.75,2.79,Attn-GRU-45
650145,2026-03-06,2026-03-30,2.78,2.75,2.8,Attn-GRU-45
650145,2026-03-06,2026-03-31,2.78,2.76,2.8,Attn-GRU-45
650145,2026-03-06,2026-04-01,2.77,2.75,2.79,Attn-GRU-45
650145,2026-03-06,2026-04-02,2.77,2.75,2.8,Attn-GRU-45
650145,2026-03-06,2026-04-03,2.77,2.75,2.8,Attn-GRU-45
650145,2026-03-06,2026-04-04,2.78,2.75,2.8,Attn-GRU-45
650145,2026-03-06,2026-04-05,2.77,2.75,2.79,Attn-GRU-45
650147,2026-03-06,2026-03-07,4.2,4.2,4.21,Attn-GRU-45
650147,2026-03-06,2026-03-08,4.21,4.2,4.21,Attn-GRU-45
650147,2026-03-06,2026-03-09,4.21,4.19,4.21,Attn-GRU-45
650147,2026-03-06,2026-03-10,4.21,4.2,4.22,Attn-GRU-45
650147,2026-03-06,2026-03-11,4.21,4.19,4.24,Attn-GRU-45
650147,2026-03-06,2026-03-12,4.21,4.2,4.23,Attn-GRU-45
650147,2026-03-06,2026-03-13,4.22,4.2,4.25,Attn-GRU-45
650147,2026-03-06,2026-03-14,4.23,4.21,4.26,Attn-GRU-45
650147,2026-03-06,2026-03-15,4.23,4.2,4.26,Attn-GRU-45
650147,2026-03-06,2026-03-16,4.24,4.21,4.26,Attn-GRU-45
650147,2026-03-06,2026-03-17,4.24,4.21,4.27,Attn-GRU-45
650147,2026-03-06,2026-03-18,4.25,4.22,4.28,Attn-GRU-45
650147,2026-03-06,2026-03-19,4.26,4.23,4.29,Attn-GRU-45
650147,2026-03-06,2026-03-20,4.28,4.24,4.3,Attn-GRU-45
650147,2026-03-06,2026-03-21,4.28,4.25,4.31,Attn-GRU-45
650147,2026-03-06,2026-03-22,4.28,4.25,4.3,Attn-GRU-45
650147,2026-03-06,2026-03-23,4.29,4.27,4.32,Attn-GRU-45
650147,2026-03-06,2026-03-24,4.3,4.26,4.33,Attn-GRU-45
650147,2026-03-06,2026-03-25,4.3,4.27,4.33,Attn-GRU-45
650147,2026-03-06,2026-03-26,4.31,4.27,4.34,Attn-GRU-45
650147,2026-03-06,2026-03-27,4.31,4.28,4.34,Attn-GRU-45
650147,2026-03-06,2026-03-28,4.33,4.28,4.35,Attn-GRU-45
650147,2026-03-06,2026-03-29,4.32,4.28,4.35,Attn-GRU-45
650147,2026-03-06,2026-03-30,4.33,4.3,4.36,Attn-GRU-45
650147,2026-03-06,2026-03-31,4.33,4.3,4.35,Attn-GRU-45
650147,2026-03-06,2026-04-01,4.34,4.31,4.37,Attn-GRU-45
650147,2026-03-06,2026-04-02,4.34,4.3,4.37,Attn-GRU-45
650147,2026-03-06,2026-04-03,4.34,4.3,4.36,Attn-GRU-45
650147,2026-03-06,2026-04-04,4.34,4.3,4.36,Attn-GRU-45
650147,2026-03-06,2026-04-05,4.34,4.31,4.37,Attn-GRU-45
650149,2026-03-06,2026-03-07,4.57,4.56,4.58,Attn-GRU-45
650149,2026-03-06,2026-03-08,4.56,4.55,4.57,Attn-GRU-45
650149,2026-03-06,2026-03-09,4.54,4.54,4.55,Attn-GRU-45
650149,2026-03-06,2026-03-10,4.55,4.53,4.57,Attn-GRU-45
650149,2026-03-06,2026-03-11,4.51,4.49,4.52,Attn-GRU-45
650149,2026-03-06,2026-03-12,4.51,4.49,4.54,Attn-GRU-45
650149,2026-03-06,2026-03-13,4.48,4.46,4.51,Attn-GRU-45
650149,2026-03-06,2026-03-14,4.47,4.44,4.51,Attn-GRU-45
650149,2026-03-06,2026-03-15,4.45,4.42,4.49,Attn-GRU-45
650149,2026-03-06,2026-03-16,4.41,4.39,4.45,Attn-GRU-45
650149,2026-03-06,2026-03-17,4.39,4.35,4.46,Attn-GRU-45
650149,2026-03-06,2026-03-18,4.38,4.33,4.43,Attn-GRU-45
650149,2026-03-06,2026-03-19,4.34,4.29,4.4,Attn-GRU-45
650149,2026-03-06,2026-03-20,4.3,4.27,4.36,Attn-GRU-45
650149,2026-03-06,2026-03-21,4.3,4.27,4.36,Attn-GRU-45
650149,2026-03-06,2026-03-22,4.28,4.25,4.33,Attn-GRU-45
650149,2026-03-06,2026-03-23,4.27,4.25,4.33,Attn-GRU-45
650149,2026-03-06,2026-03-24,4.26,4.24,4.31,Attn-GRU-45
650149,2026-03-06,2026-03-25,4.26,4.24,4.3,Attn-GRU-45
650149,2026-03-06,2026-03-26,4.26,4.24,4.3,Attn-GRU-45
650149,2026-03-06,2026-03-27,4.26,4.24,4.29,Attn-GRU-45
650149,2026-03-06,2026-03-28,4.25,4.24,4.27,Attn-GRU-45
650149,2026-03-06,2026-03-29,4.25,4.24,4.27,Attn-GRU-45
650149,2026-03-06,2026-03-30,4.25,4.23,4.28,Attn-GRU-45
650149,2026-03-06,2026-03-31,4.24,4.23,4.28,Attn-GRU-45
650149,2026-03-06,2026-04-01,4.24,4.23,4.28,Attn-GRU-45
650149,2026-03-06,2026-04-02,4.24,4.23,4.27,Attn-GRU-45
650149,2026-03-06,2026-04-03,4.24,4.23,4.27,Attn-GRU-45
650149,2026-03-06,2026-04-04,4.24,4.23,4.29,Attn-GRU-45
650149,2026-03-06,2026-04-05,4.24,4.23,4.27,Attn-GRU-45
650150,2026-03-06,2026-03-07,5.15,5.14,5.17,Attn-GRU-45
650150,2026-03-06,2026-03-08,5.14,5.13,5.16,Attn-GRU-45
650150,2026-03-06,2026-03-09,5.14,5.12,5.17,Attn-GRU-45
650150,2026-03-06,2026-03-10,5.14,5.12,5.17,Attn-GRU-45
650150,2026-03-06,2026-03-11,5.15,5.11,5.18,Attn-GRU-45
650150,2026-03-06,2026-03-12,5.15,5.12,5.18,Attn-GRU-45
650150,2026-03-06,2026-03-13,5.16,5.13,5.2,Attn-GRU-45
650150,2026-03-06,2026-03-14,5.18,5.13,5.22,Attn-GRU-45
650150,2026-03-06,2026-03-15,5.16,5.1,5.22,Attn-GRU-45
650150,2026-03-06,2026-03-16,5.17,5.13,5.23,Attn-GRU-45
650150,2026-03-06,2026-03-17,5.16,5.1,5.23,Attn-GRU-45
650150,2026-03-06,2026-03-18,5.19,5.12,5.23,Attn-GRU-45
650150,2026-03-06,2026-03-19,5.22,5.17,5.27,Attn-GRU-45
650150,2026-03-06,2026-03-20,5.24,5.15,5.31,Attn-GRU-45
650150,2026-03-06,2026-03-21,5.24,5.17,5.3,Attn-GRU-45
650150,2026-03-06,2026-03-22,5.26,5.18,5.33,Attn-GRU-45
650150,2026-03-06,2026-03-23,5.28,5.21,5.33,Attn-GRU-45
650150,2026-03-06,2026-03-24,5.31,5.23,5.37,Attn-GRU-45
650150,2026-03-06,2026-03-25,5.32,5.23,5.4,Attn-GRU-45
650150,2026-03-06,2026-03-26,5.34,5.26,5.42,Attn-GRU-45
650150,2026-03-06,2026-03-27,5.33,5.26,5.42,Attn-GRU-45
650150,2026-03-06,2026-03-28,5.36,5.24,5.45,Attn-GRU-45
650150,2026-03-06,2026-03-29,5.34,5.25,5.44,Attn-GRU-45
650150,2026-03-06,2026-03-30,5.37,5.27,5.44,Attn-GRU-45
650150,2026-03-06,2026-03-31,5.39,5.31,5.46,Attn-GRU-45
650150,2026-03-06,2026-04-01,5.42,5.32,5.53,Attn-GRU-45
650150,2026-03-06,2026-04-02,5.41,5.31,5.5,Attn-GRU-45
650150,2026-03-06,2026-04-03,5.4,5.32,5.5,Attn-GRU-45
650150,2026-03-06,2026-04-04,5.41,5.33,5.47,Attn-GRU-45
650150,2026-03-06,2026-04-05,5.41,5.31,5.51,Attn-GRU-45
650151,2026-03-06,2026-03-07,5.37,5.36,5.39,Attn-GRU-45
650151,2026-03-06,2026-03-08,5.37,5.35,5.38,Attn-GRU-45
650151,2026-03-06,2026-03-09,5.36,5.34,5.39,Attn-GRU-45
650151,2026-03-06,2026-03-10,5.37,5.34,5.4,Attn-GRU-45
650151,2026-03-06,2026-03-11,5.38,5.34,5.42,Attn-GRU-45
650151,2026-03-06,2026-03-12,5.38,5.34,5.42,Attn-GRU-45
650151,2026-03-06,2026-03-13,5.4,5.36,5.45,Attn-GRU-45
650151,2026-03-06,2026-03-14,5.42,5.37,5.47,Attn-GRU-45
650151,2026-03-06,2026-03-15,5.41,5.34,5.47,Attn-GRU-45
650151,2026-03-06,2026-03-16,5.44,5.37,5.48,Attn-GRU-45
650151,2026-03-06,2026-03-17,5.42,5.36,5.5,Attn-GRU-45
650151,2026-03-06,2026-03-18,5.44,5.37,5.51,Attn-GRU-45
650151,2026-03-06,2026-03-19,5.48,5.42,5.54,Attn-GRU-45
650151,2026-03-06,2026-03-20,5.51,5.41,5.58,Attn-GRU-45
650151,2026-03-06,2026-03-21,5.51,5.44,5.57,Attn-GRU-45
650151,2026-03-06,2026-03-22,5.52,5.45,5.61,Attn-GRU-45
650151,2026-03-06,2026-03-23,5.54,5.46,5.59,Attn-GRU-45
650151,2026-03-06,2026-03-24,5.58,5.47,5.65,Attn-GRU-45
650151,2026-03-06,2026-03-25,5.58,5.48,5.66,Attn-GRU-45
650151,2026-03-06,2026-03-26,5.6,5.49,5.68,Attn-GRU-45
650151,2026-03-06,2026-03-27,5.61,5.5,5.67,Attn-GRU-45
650151,2026-03-06,2026-03-28,5.63,5.5,5.71,Attn-GRU-45
650151,2026-03-06,2026-03-29,5.62,5.5,5.7,Attn-GRU-45
650151,2026-03-06,2026-03-30,5.63,5.54,5.7,Attn-GRU-45
650151,2026-03-06,2026-03-31,5.66,5.56,5.73,Attn-GRU-45
650151,2026-03-06,2026-04-01,5.68,5.56,5.74,Attn-GRU-45
650151,2026-03-06,2026-04-02,5.69,5.58,5.74,Attn-GRU-45
650151,2026-03-06,2026-04-03,5.66,5.56,5.72,Attn-GRU-45
650151,2026-03-06,2026-04-04,5.67,5.55,5.73,Attn-GRU-45
650151,2026-03-06,2026-04-05,5.69,5.56,5.74,Attn-GRU-45
650152,2026-03-06,2026-03-07,7.63,7.61,7.65,Attn-GRU-45
650152,2026-03-06,2026-03-08,7.62,7.6,7.64,Attn-GRU-45
650152,2026-03-06,2026-03-09,7.62,7.59,7.66,Attn-GRU-45
650152,2026-03-06,2026-03-10,7.62,7.57,7.66,Attn-GRU-45
650152,2026-03-06,2026-03-11,7.61,7.56,7.66,Attn-GRU-45
650152,2026-03-06,2026-03-12,7.62,7.59,7.68,Attn-GRU-45
650152,2026-03-06,2026-03-13,7.65,7.58,7.69,Attn-GRU-45
650152,2026-03-06,2026-03-14,7.64,7.57,7.71,Attn-GRU-45
650152,2026-03-06,2026-03-15,7.65,7.56,7.77,Attn-GRU-45
650152,2026-03-06,2026-03-16,7.68,7.6,7.76,Attn-GRU-45
650152,2026-03-06,2026-03-17,7.67,7.58,7.79,Attn-GRU-45
650152,2026-03-06,2026-03-18,7.69,7.59,7.79,Attn-GRU-45
650152,2026-03-06,2026-03-19,7.73,7.65,7.81,Attn-GRU-45
650152,2026-03-06,2026-03-20,7.77,7.66,7.88,Attn-GRU-45
650152,2026-03-06,2026-03-21,7.77,7.68,7.87,Attn-GRU-45
650152,2026-03-06,2026-03-22,7.82,7.7,7.92,Attn-GRU-45
650152,2026-03-06,2026-03-23,7.81,7.69,7.9,Attn-GRU-45
650152,2026-03-06,2026-03-24,7.85,7.72,7.97,Attn-GRU-45
650152,2026-03-06,2026-03-25,7.9,7.78,7.99,Attn-GRU-45
650152,2026-03-06,2026-03-26,7.88,7.76,8.02,Attn-GRU-45
650152,2026-03-06,2026-03-27,7.91,7.77,7.99,Attn-GRU-45
650152,2026-03-06,2026-03-28,7.96,7.79,8.06,Attn-GRU-45
650152,2026-03-06,2026-03-29,7.92,7.8,8.05,Attn-GRU-45
650152,2026-03-06,2026-03-30,7.96,7.85,8.07,Attn-GRU-45
650152,2026-03-06,2026-03-31,7.99,7.87,8.09,Attn-GRU-45
650152,2026-03-06,2026-04-01,8.01,7.82,8.11,Attn-GRU-45
650152,2026-03-06,2026-04-02,8.03,7.92,8.13,Attn-GRU-45
650152,2026-03-06,2026-04-03,7.98,7.82,8.09,Attn-GRU-45
650152,2026-03-06,2026-04-04,8.01,7.89,8.12,Attn-GRU-45
650152,2026-03-06,2026-04-05,8.01,7.87,8.13,Attn-GRU-45
650153,2026-03-06,2026-03-07,9.92,9.9,9.95,Attn-GRU-45
650153,2026-03-06,2026-03-08,9.9,9.89,9.92,Attn-GRU-45
650153,2026-03-06,2026-03-09,9.89,9.84,9.93,Attn-GRU-45
650153,2026-03-06,2026-03-10,9.88,9.84,9.93,Attn-GRU-45
650153,2026-03-06,2026-03-11,9.9,9.83,9.95,Attn-GRU-45
650153,2026-03-06,2026-03-12,9.87,9.83,9.91,Attn-GRU-45
650153,2026-03-06,2026-03-13,9.9,9.85,9.95,Attn-GRU-45
650153,2026-03-06,2026-03-14,9.91,9.84,9.97,Attn-GRU-45
650153,2026-03-06,2026-03-15,9.88,9.79,9.98,Attn-GRU-45
650153,2026-03-06,2026-03-16,9.89,9.81,9.96,Attn-GRU-45
650153,2026-03-06,2026-03-17,9.87,9.79,9.96,Attn-GRU-45
650153,2026-03-06,2026-03-18,9.91,9.81,9.99,Attn-GRU-45
650153,2026-03-06,2026-03-19,9.97,9.88,10.05,Attn-GRU-45
650153,2026-03-06,2026-03-20,9.98,9.87,10.11,Attn-GRU-45
650153,2026-03-06,2026-03-21,9.96,9.86,10.07,Attn-GRU-45
650153,2026-03-06,2026-03-22,10.0,9.9,10.13,Attn-GRU-45
650153,2026-03-06,2026-03-23,10.01,9.89,10.13,Attn-GRU-45
650153,2026-03-06,2026-03-24,10.02,9.91,10.15,Attn-GRU-45
650153,2026-03-06,2026-03-25,10.05,9.92,10.21,Attn-GRU-45
650153,2026-03-06,2026-03-26,10.11,9.91,10.24,Attn-GRU-45
650153,2026-03-06,2026-03-27,10.09,9.95,10.22,Attn-GRU-45
650153,2026-03-06,2026-03-28,10.1,9.9,10.28,Attn-GRU-45
650153,2026-03-06,2026-03-29,10.13,9.95,10.29,Attn-GRU-45
650153,2026-03-06,2026-03-30,10.12,9.98,10.26,Attn-GRU-45
650153,2026-03-06,2026-03-31,10.16,10.02,10.31,Attn-GRU-45
650153,2026-03-06,2026-04-01,10.23,10.05,10.42,Attn-GRU-45
650153,2026-03-06,2026-04-02,10.24,10.06,10.4,Attn-GRU-45
650153,2026-03-06,2026-04-03,10.24,10.05,10.39,Attn-GRU-45
650153,2026-03-06,2026-04-04,10.17,10.02,10.31,Attn-GRU-45
650153,2026-03-06,2026-04-05,10.19,10.01,10.39,Attn-GRU-45
650154,2026-03-06,2026-03-07,2.1,2.09,2.11,Attn-GRU-45
650154,2026-03-06,2026-03-08,2.09,2.08,2.1,Attn-GRU-45
650154,2026-03-06,2026-03-09,2.09,2.08,2.11,Attn-GRU-45
650154,2026-03-06,2026-03-10,2.1,2.08,2.12,Attn-GRU-45
650154,2026-03-06,2026-03-11,2.11,2.08,2.14,Attn-GRU-45
650154,2026-03-06,2026-03-12,2.11,2.09,2.13,Attn-GRU-45
650154,2026-03-06,2026-03-13,2.12,2.09,2.15,Attn-GRU-45
650154,2026-03-06,2026-03-14,2.13,2.1,2.15,Attn-GRU-45
650154,2026-03-06,2026-03-15,2.13,2.09,2.17,Attn-GRU-45
650154,2026-03-06,2026-03-16,2.14,2.11,2.17,Attn-GRU-45
650154,2026-03-06,2026-03-17,2.13,2.09,2.17,Attn-GRU-45
650154,2026-03-06,2026-03-18,2.15,2.11,2.18,Attn-GRU-45
650154,2026-03-06,2026-03-19,2.17,2.14,2.2,Attn-GRU-45
650154,2026-03-06,2026-03-20,2.2,2.12,2.23,Attn-GRU-45
650154,2026-03-06,2026-03-21,2.19,2.14,2.23,Attn-GRU-45
650154,2026-03-06,2026-03-22,2.2,2.15,2.24,Attn-GRU-45
650154,2026-03-06,2026-03-23,2.21,2.17,2.24,Attn-GRU-45
650154,2026-03-06,2026-03-24,2.23,2.19,2.26,Attn-GRU-45
650154,2026-03-06,2026-03-25,2.23,2.19,2.27,Attn-GRU-45
650154,2026-03-06,2026-03-26,2.24,2.19,2.28,Attn-GRU-45
650154,2026-03-06,2026-03-27,2.24,2.2,2.27,Attn-GRU-45
650154,2026-03-06,2026-03-28,2.26,2.2,2.3,Attn-GRU-45
650154,2026-03-06,2026-03-29,2.26,2.2,2.29,Attn-GRU-45
650154,2026-03-06,2026-03-30,2.26,2.21,2.29,Attn-GRU-45
650154,2026-03-06,2026-03-31,2.27,2.22,2.3,Attn-GRU-45
650154,2026-03-06,2026-04-01,2.29,2.25,2.32,Attn-GRU-45
650154,2026-03-06,2026-04-02,2.29,2.24,2.32,Attn-GRU-45
650154,2026-03-06,2026-04-03,2.28,2.24,2.31,Attn-GRU-45
650154,2026-03-06,2026-04-04,2.28,2.24,2.31,Attn-GRU-45
650154,2026-03-06,2026-04-05,2.29,2.24,2.32,Attn-GRU-45
650155,2026-03-06,2026-03-07,3.37,3.36,3.39,Attn-GRU-45
650155,2026-03-06,2026-03-08,3.37,3.36,3.38,Attn-GRU-45
650155,2026-03-06,2026-03-09,3.38,3.35,3.4,Attn-GRU-45
650155,2026-03-06,2026-03-10,3.38,3.36,3.41,Attn-GRU-45
650155,2026-03-06,2026-03-11,3.39,3.35,3.43,Attn-GRU-45
650155,2026-03-06,2026-03-12,3.4,3.38,3.44,Attn-GRU-45
650155,2026-03-06,2026-03-13,3.42,3.37,3.45,Attn-GRU-45
650155,2026-03-06,2026-03-14,3.42,3.38,3.46,Attn-GRU-45
650155,2026-03-06,2026-03-15,3.44,3.38,3.49,Attn-GRU-45
650155,2026-03-06,2026-03-16,3.45,3.41,3.49,Attn-GRU-45
650155,2026-03-06,2026-03-17,3.45,3.4,3.51,Attn-GRU-45
650155,2026-03-06,2026-03-18,3.48,3.42,3.53,Attn-GRU-45
650155,2026-03-06,2026-03-19,3.49,3.46,3.55,Attn-GRU-45
650155,2026-03-06,2026-03-20,3.53,3.46,3.59,Attn-GRU-45
650155,2026-03-06,2026-03-21,3.54,3.48,3.58,Attn-GRU-45
650155,2026-03-06,2026-03-22,3.55,3.49,3.6,Attn-GRU-45
650155,2026-03-06,2026-03-23,3.55,3.51,3.59,Attn-GRU-45
650155,2026-03-06,2026-03-24,3.58,3.52,3.62,Attn-GRU-45
650155,2026-03-06,2026-03-25,3.59,3.54,3.63,Attn-GRU-45
650155,2026-03-06,2026-03-26,3.6,3.54,3.65,Attn-GRU-45
650155,2026-03-06,2026-03-27,3.59,3.54,3.64,Attn-GRU-45
650155,2026-03-06,2026-03-28,3.63,3.58,3.67,Attn-GRU-45
650155,2026-03-06,2026-03-29,3.62,3.55,3.67,Attn-GRU-45
650155,2026-03-06,2026-03-30,3.63,3.58,3.67,Attn-GRU-45
650155,2026-03-06,2026-03-31,3.64,3.59,3.67,Attn-GRU-45
650155,2026-03-06,2026-04-01,3.66,3.58,3.69,Attn-GRU-45
650155,2026-03-06,2026-04-02,3.66,3.61,3.69,Attn-GRU-45
650155,2026-03-06,2026-04-03,3.64,3.58,3.67,Attn-GRU-45
650155,2026-03-06,2026-04-04,3.66,3.62,3.69,Attn-GRU-45
650155,2026-03-06,2026-04-05,3.66,3.62,3.69,Attn-GRU-45
650156,2026-03-06,2026-03-07,3.8,3.79,3.8,Attn-GRU-45
650156,2026-03-06,2026-03-08,3.8,3.79,3.8,Attn-GRU-45
650156,2026-03-06,2026-03-09,3.8,3.78,3.81,Attn-GRU-45
650156,2026-03-06,2026-03-10,3.8,3.79,3.82,Attn-GRU-45
650156,2026-03-06,2026-03-11,3.81,3.79,3.83,Attn-GRU-45
650156,2026-03-06,2026-03-12,3.8,3.78,3.83,Attn-GRU-45
650156,2026-03-06,2026-03-13,3.82,3.79,3.85,Attn-GRU-45
650156,2026-03-06,2026-03-14,3.82,3.79,3.85,Attn-GRU-45
650156,2026-03-06,2026-03-15,3.83,3.79,3.86,Attn-GRU-45
650156,2026-03-06,2026-03-16,3.84,3.8,3.87,Attn-GRU-45
650156,2026-03-06,2026-03-17,3.83,3.79,3.87,Attn-GRU-45
650156,2026-03-06,2026-03-18,3.84,3.81,3.88,Attn-GRU-45
650156,2026-03-06,2026-03-19,3.86,3.83,3.9,Attn-GRU-45
650156,2026-03-06,2026-03-20,3.88,3.84,3.93,Attn-GRU-45
650156,2026-03-06,2026-03-21,3.88,3.84,3.92,Attn-GRU-45
650156,2026-03-06,2026-03-22,3.89,3.86,3.93,Attn-GRU-45
650156,2026-03-06,2026-03-23,3.9,3.86,3.94,Attn-GRU-45
650156,2026-03-06,2026-03-24,3.92,3.87,3.96,Attn-GRU-45
650156,2026-03-06,2026-03-25,3.93,3.87,3.96,Attn-GRU-45
650156,2026-03-06,2026-03-26,3.94,3.88,3.98,Attn-GRU-45
650156,2026-03-06,2026-03-27,3.94,3.88,3.97,Attn-GRU-45
650156,2026-03-06,2026-03-28,3.95,3.89,3.99,Attn-GRU-45
650156,2026-03-06,2026-03-29,3.94,3.89,3.99,Attn-GRU-45
650156,2026-03-06,2026-03-30,3.96,3.9,3.99,Attn-GRU-45
650156,2026-03-06,2026-03-31,3.97,3.91,4.0,Attn-GRU-45
650156,2026-03-06,2026-04-01,3.98,3.92,4.01,Attn-GRU-45
650156,2026-03-06,2026-04-02,3.98,3.92,4.01,Attn-GRU-45
650156,2026-03-06,2026-04-03,3.97,3.92,4.0,Attn-GRU-45
650156,2026-03-06,2026-04-04,3.97,3.93,4.01,Attn-GRU-45
650156,2026-03-06,2026-04-05,3.98,3.92,4.01,Attn-GRU-45
650157,2026-03-06,2026-03-07,3.36,3.35,3.37,Attn-GRU-45
650157,2026-03-06,2026-03-08,3.36,3.35,3.37,Attn-GRU-45
650157,2026-03-06,2026-03-09,3.36,3.34,3.37,Attn-GRU-45
650157,2026-03-06,2026-03-10,3.37,3.35,3.39,Attn-GRU-45
650157,2026-03-06,2026-03-11,3.37,3.35,3.39,Attn-GRU-45
650157,2026-03-06,2026-03-12,3.38,3.36,3.4,Attn-GRU-45
650157,2026-03-06,2026-03-13,3.39,3.36,3.41,Attn-GRU-45
650157,2026-03-06,2026-03-14,3.39,3.36,3.41,Attn-GRU-45
650157,2026-03-06,2026-03-15,3.4,3.36,3.43,Attn-GRU-45
650157,2026-03-06,2026-03-16,3.41,3.36,3.43,Attn-GRU-45
650157,2026-03-06,2026-03-17,3.41,3.36,3.44,Attn-GRU-45
650157,2026-03-06,2026-03-18,3.42,3.39,3.46,Attn-GRU-45
650157,2026-03-06,2026-03-19,3.44,3.4,3.47,Attn-GRU-45
650157,2026-03-06,2026-03-20,3.45,3.41,3.49,Attn-GRU-45
650157,2026-03-06,2026-03-21,3.46,3.41,3.49,Attn-GRU-45
650157,2026-03-06,2026-03-22,3.47,3.43,3.5,Attn-GRU-45
650157,2026-03-06,2026-03-23,3.48,3.43,3.51,Attn-GRU-45
650157,2026-03-06,2026-03-24,3.49,3.44,3.53,Attn-GRU-45
650157,2026-03-06,2026-03-25,3.5,3.46,3.54,Attn-GRU-45
650157,2026-03-06,2026-03-26,3.51,3.45,3.54,Attn-GRU-45
650157,2026-03-06,2026-03-27,3.51,3.45,3.54,Attn-GRU-45
650157,2026-03-06,2026-03-28,3.53,3.47,3.56,Attn-GRU-45
650157,2026-03-06,2026-03-29,3.53,3.47,3.56,Attn-GRU-45
650157,2026-03-06,2026-03-30,3.53,3.48,3.55,Attn-GRU-45
650157,2026-03-06,2026-03-31,3.54,3.48,3.56,Attn-GRU-45
650157,2026-03-06,2026-04-01,3.55,3.5,3.57,Attn-GRU-45
650157,2026-03-06,2026-04-02,3.55,3.5,3.57,Attn-GRU-45
650157,2026-03-06,2026-04-03,3.54,3.49,3.56,Attn-GRU-45
650157,2026-03-06,2026-04-04,3.55,3.5,3.57,Attn-GRU-45
650157,2026-03-06,2026-04-05,3.55,3.51,3.57,Attn-GRU-45
651106,2026-03-06,2026-03-07,815.27,814.56,815.91,Attn-GRU-45
651106,2026-03-06,2026-03-08,815.61,815.04,816.35,Attn-GRU-45
651106,2026-03-06,2026-03-09,815.37,814.57,816.46,Attn-GRU-45
651106,2026-03-06,2026-03-10,815.89,814.83,816.74,Attn-GRU-45
651106,2026-03-06,2026-03-11,816.28,814.82,817.97,Attn-GRU-45
651106,2026-03-06,2026-03-12,816.33,814.75,817.7,Attn-GRU-45
651106,2026-03-06,2026-03-13,816.57,814.92,817.92,Attn-GRU-45
651106,2026-03-06,2026-03-14,818.07,816.14,819.68,Attn-GRU-45
651106,2026-03-06,2026-03-15,818.43,816.54,820.7,Attn-GRU-45
651106,2026-03-06,2026-03-16,818.73,816.21,820.72,Attn-GRU-45
651106,2026-03-06,2026-03-17,819.6,817.11,821.63,Attn-GRU-45
651106,2026-03-06,2026-03-18,819.87,817.96,821.66,Attn-GRU-45
651106,2026-03-06,2026-03-19,820.03,818.17,821.63,Attn-GRU-45
651106,2026-03-06,2026-03-20,821.62,817.83,824.49,Attn-GRU-45
651106,2026-03-06,2026-03-21,822.32,819.57,824.96,Attn-GRU-45
651106,2026-03-06,2026-03-22,822.62,820.21,824.95,Attn-GRU-45
651106,2026-03-06,2026-03-23,822.51,819.97,823.97,Attn-GRU-45
651106,2026-03-06,2026-03-24,823.75,820.06,825.85,Attn-GRU-45
651106,2026-03-06,2026-03-25,824.44,819.92,826.8,Attn-GRU-45
651106,2026-03-06,2026-03-26,825.45,820.15,827.93,Attn-GRU-45
651106,2026-03-06,2026-03-27,825.31,821.0,827.9,Attn-GRU-45
651106,2026-03-06,2026-03-28,825.33,820.58,828.21,Attn-GRU-45
651106,2026-03-06,2026-03-29,824.92,820.67,828.04,Attn-GRU-45
651106,2026-03-06,2026-03-30,826.33,822.63,828.56,Attn-GRU-45
651106,2026-03-06,2026-03-31,826.83,822.68,828.69,Attn-GRU-45
651106,2026-03-06,2026-04-01,827.33,822.21,829.41,Attn-GRU-45
651106,2026-03-06,2026-04-02,827.33,823.38,829.54,Attn-GRU-45
651106,2026-03-06,2026-04-03,827.51,824.73,829.47,Attn-GRU-45
651106,2026-03-06,2026-04-04,827.25,823.83,829.12,Attn-GRU-45
651106,2026-03-06,2026-04-05,827.8,823.2,829.89,Attn-GRU-45
651107,2026-03-06,2026-03-07,309.37,309.12,309.66,Attn-GRU-45
651107,2026-03-06,2026-03-08,308.66,308.41,308.85,Attn-GRU-45
651107,2026-03-06,2026-03-09,308.18,307.91,308.39,Attn-GRU-45
651107,2026-03-06,2026-03-10,308.43,307.84,308.91,Attn-GRU-45
651107,2026-03-06,2026-03-11,307.42,306.93,307.8,Attn-GRU-45
651107,2026-03-06,2026-03-12,307.26,306.88,307.71,Attn-GRU-45
651107,2026-03-06,2026-03-13,307.01,306.58,307.52,Attn-GRU-45
651107,2026-03-06,2026-03-14,307.77,307.02,308.71,Attn-GRU-45
651107,2026-03-06,2026-03-15,306.62,305.23,307.87,Attn-GRU-45
651107,2026-03-06,2026-03-16,305.82,305.03,306.8,Attn-GRU-45
651107,2026-03-06,2026-03-17,305.51,304.16,306.85,Attn-GRU-45
651107,2026-03-06,2026-03-18,305.4,303.94,307.75,Attn-GRU-45
651107,2026-03-06,2026-03-19,305.77,304.19,307.62,Attn-GRU-45
651107,2026-03-06,2026-03-20,304.29,301.72,307.07,Attn-GRU-45
651107,2026-03-06,2026-03-21,304.71,302.94,306.63,Attn-GRU-45
651107,2026-03-06,2026-03-22,304.9,302.33,307.59,Attn-GRU-45
651107,2026-03-06,2026-03-23,304.64,302.19,307.1,Attn-GRU-45
651107,2026-03-06,2026-03-24,304.68,302.57,306.94,Attn-GRU-45
651107,2026-03-06,2026-03-25,304.08,302.06,306.09,Attn-GRU-45
651107,2026-03-06,2026-03-26,302.56,299.89,306.07,Attn-GRU-45
651107,2026-03-06,2026-03-27,303.4,300.35,306.57,Attn-GRU-45
651107,2026-03-06,2026-03-28,301.6,299.7,303.8,Attn-GRU-45
651107,2026-03-06,2026-03-29,301.75,298.8,305.0,Attn-GRU-45
651107,2026-03-06,2026-03-30,303.35,300.3,305.2,Attn-GRU-45
651107,2026-03-06,2026-03-31,302.99,300.16,306.43,Attn-GRU-45
651107,2026-03-06,2026-04-01,302.59,299.99,305.12,Attn-GRU-45
651107,2026-03-06,2026-04-02,301.17,298.16,303.91,Attn-GRU-45
651107,2026-03-06,2026-04-03,303.72,300.53,307.61,Attn-GRU-45
651107,2026-03-06,2026-04-04,302.56,299.58,305.52,Attn-GRU-45
651107,2026-03-06,2026-04-05,300.47,297.89,303.4,Attn-GRU-45
651108,2026-03-06,2026-03-07,122.1,121.93,122.31,Attn-GRU-45
651108,2026-03-06,2026-03-08,122.0,121.81,122.3,Attn-GRU-45
651108,2026-03-06,2026-03-09,121.94,121.64,122.29,Attn-GRU-45
651108,2026-03-06,2026-03-10,122.38,121.99,122.78,Attn-GRU-45
651108,2026-03-06,2026-03-11,121.92,121.43,122.53,Attn-GRU-45
651108,2026-03-06,2026-03-12,122.32,121.66,122.86,Attn-GRU-45
651108,2026-03-06,2026-03-13,122.58,122.0,123.27,Attn-GRU-45
651108,2026-03-06,2026-03-14,123.25,122.5,124.03,Attn-GRU-45
651108,2026-03-06,2026-03-15,123.27,122.12,123.95,Attn-GRU-45
651108,2026-03-06,2026-03-16,123.26,122.05,124.31,Attn-GRU-45
651108,2026-03-06,2026-03-17,123.69,122.33,124.78,Attn-GRU-45
651108,2026-03-06,2026-03-18,123.98,122.96,125.13,Attn-GRU-45
651108,2026-03-06,2026-03-19,124.51,123.29,125.43,Attn-GRU-45
651108,2026-03-06,2026-03-20,124.66,122.95,125.93,Attn-GRU-45
651108,2026-03-06,2026-03-21,124.39,123.21,125.7,Attn-GRU-45
651108,2026-03-06,2026-03-22,125.05,123.83,125.91,Attn-GRU-45
651108,2026-03-06,2026-03-23,125.43,124.06,126.45,Attn-GRU-45
651108,2026-03-06,2026-03-24,126.04,124.38,127.08,Attn-GRU-45
651108,2026-03-06,2026-03-25,126.04,124.54,127.15,Attn-GRU-45
651108,2026-03-06,2026-03-26,126.34,124.32,127.46,Attn-GRU-45
651108,2026-03-06,2026-03-27,126.59,124.57,127.58,Attn-GRU-45
651108,2026-03-06,2026-03-28,126.39,124.35,127.81,Attn-GRU-45
651108,2026-03-06,2026-03-29,126.76,124.83,127.91,Attn-GRU-45
651108,2026-03-06,2026-03-30,127.05,125.16,128.08,Attn-GRU-45
651108,2026-03-06,2026-03-31,127.21,125.17,128.44,Attn-GRU-45
651108,2026-03-06,2026-04-01,127.25,125.24,128.54,Attn-GRU-45
651108,2026-03-06,2026-04-02,127.38,125.25,128.55,Attn-GRU-45
651108,2026-03-06,2026-04-03,127.19,125.41,128.24,Attn-GRU-45
651108,2026-03-06,2026-04-04,127.81,126.21,128.85,Attn-GRU-45
651108,2026-03-06,2026-04-05,127.72,125.42,128.65,Attn-GRU-45
651110,2026-03-06,2026-03-07,72.61,72.57,72.64,Attn-GRU-45
651110,2026-03-06,2026-03-08,72.6,72.57,72.62,Attn-GRU-45
651110,2026-03-06,2026-03-09,72.59,72.56,72.63,Attn-GRU-45
651110,2026-03-06,2026-03-10,72.64,72.58,72.7,Attn-GRU-45
651110,2026-03-06,2026-03-11,72.61,72.52,72.69,Attn-GRU-45
651110,2026-03-06,2026-03-12,72.63,72.56,72.76,Attn-GRU-45
651110,2026-03-06,2026-03-13,72.68,72.59,72.8,Attn-GRU-45
651110,2026-03-06,2026-03-14,72.81,72.66,72.92,Attn-GRU-45
651110,2026-03-06,2026-03-15,72.76,72.6,72.92,Attn-GRU-45
651110,2026-03-06,2026-03-16,72.79,72.62,72.92,Attn-GRU-45
651110,2026-03-06,2026-03-17,72.8,72.63,73.0,Attn-GRU-45
651110,2026-03-06,2026-03-18,72.91,72.74,73.07,Attn-GRU-45
651110,2026-03-06,2026-03-19,72.98,72.8,73.12,Attn-GRU-45
651110,2026-03-06,2026-03-20,73.0,72.82,73.17,Attn-GRU-45
651110,2026-03-06,2026-03-21,72.98,72.77,73.16,Attn-GRU-45
651110,2026-03-06,2026-03-22,73.02,72.84,73.19,Attn-GRU-45
651110,2026-03-06,2026-03-23,73.14,72.92,73.3,Attn-GRU-45
651110,2026-03-06,2026-03-24,73.18,72.95,73.39,Attn-GRU-45
651110,2026-03-06,2026-03-25,73.22,72.96,73.42,Attn-GRU-45
651110,2026-03-06,2026-03-26,73.29,73.02,73.45,Attn-GRU-45
651110,2026-03-06,2026-03-27,73.3,73.1,73.53,Attn-GRU-45
651110,2026-03-06,2026-03-28,73.27,72.98,73.53,Attn-GRU-45
651110,2026-03-06,2026-03-29,73.33,73.01,73.55,Attn-GRU-45
651110,2026-03-06,2026-03-30,73.37,73.11,73.58,Attn-GRU-45
651110,2026-03-06,2026-03-31,73.41,73.13,73.62,Attn-GRU-45
651110,2026-03-06,2026-04-01,73.46,73.08,73.67,Attn-GRU-45
651110,2026-03-06,2026-04-02,73.44,73.13,73.65,Attn-GRU-45
651110,2026-03-06,2026-04-03,73.45,73.15,73.65,Attn-GRU-45
651110,2026-03-06,2026-04-04,73.47,73.25,73.67,Attn-GRU-45
651110,2026-03-06,2026-04-05,73.47,73.14,73.68,Attn-GRU-45
651111,2026-03-06,2026-03-07,57.17,57.08,57.3,Attn-GRU-45
651111,2026-03-06,2026-03-08,57.1,57.01,57.23,Attn-GRU-45
651111,2026-03-06,2026-03-09,57.14,56.97,57.28,Attn-GRU-45
651111,2026-03-06,2026-03-10,57.25,57.09,57.44,Attn-GRU-45
651111,2026-03-06,2026-03-11,57.13,56.86,57.36,Attn-GRU-45
651111,2026-03-06,2026-03-12,57.2,56.97,57.46,Attn-GRU-45
651111,2026-03-06,2026-03-13,57.34,57.01,57.62,Attn-GRU-45
651111,2026-03-06,2026-03-14,57.51,57.23,57.88,Attn-GRU-45
651111,2026-03-06,2026-03-15,57.51,57.1,57.82,Attn-GRU-45
651111,2026-03-06,2026-03-16,57.5,57.04,57.88,Attn-GRU-45
651111,2026-03-06,2026-03-17,57.52,57.02,57.98,Attn-GRU-45
651111,2026-03-06,2026-03-18,57.76,57.36,58.13,Attn-GRU-45
651111,2026-03-06,2026-03-19,58.01,57.58,58.52,Attn-GRU-45
651111,2026-03-06,2026-03-20,57.94,57.29,58.55,Attn-GRU-45
651111,2026-03-06,2026-03-21,57.93,57.44,58.4,Attn-GRU-45
651111,2026-03-06,2026-03-22,58.12,57.74,58.6,Attn-GRU-45
651111,2026-03-06,2026-03-23,58.36,57.87,58.86,Attn-GRU-45
651111,2026-03-06,2026-03-24,58.7,57.99,59.23,Attn-GRU-45
651111,2026-03-06,2026-03-25,58.7,57.95,59.38,Attn-GRU-45
651111,2026-03-06,2026-03-26,58.78,57.94,59.43,Attn-GRU-45
651111,2026-03-06,2026-03-27,58.94,58.35,59.59,Attn-GRU-45
651111,2026-03-06,2026-03-28,58.81,57.82,59.62,Attn-GRU-45
651111,2026-03-06,2026-03-29,58.98,58.06,59.68,Attn-GRU-45
651111,2026-03-06,2026-03-30,59.17,58.53,59.7,Attn-GRU-45
651111,2026-03-06,2026-03-31,59.32,58.48,59.88,Attn-GRU-45
651111,2026-03-06,2026-04-01,59.42,58.46,60.0,Attn-GRU-45
651111,2026-03-06,2026-04-02,59.45,58.47,60.06,Attn-GRU-45
651111,2026-03-06,2026-04-03,59.43,58.77,60.07,Attn-GRU-45
651111,2026-03-06,2026-04-04,59.59,58.73,60.1,Attn-GRU-45
651111,2026-03-06,2026-04-05,59.55,58.64,60.05,Attn-GRU-45
651112,2026-03-06,2026-03-07,131.92,131.76,132.08,Attn-GRU-45
651112,2026-03-06,2026-03-08,131.75,131.62,131.89,Attn-GRU-45
651112,2026-03-06,2026-03-09,131.55,131.42,131.71,Attn-GRU-45
651112,2026-03-06,2026-03-10,131.75,131.64,131.94,Attn-GRU-45
651112,2026-03-06,2026-03-11,131.33,131.03,131.74,Attn-GRU-45
651112,2026-03-06,2026-03-12,131.28,131.01,131.58,Attn-GRU-45
651112,2026-03-06,2026-03-13,131.39,131.08,131.65,Attn-GRU-45
651112,2026-03-06,2026-03-14,132.21,131.76,132.66,Attn-GRU-45
651112,2026-03-06,2026-03-15,131.88,131.36,132.47,Attn-GRU-45
651112,2026-03-06,2026-03-16,131.36,130.82,131.86,Attn-GRU-45
651112,2026-03-06,2026-03-17,131.75,131.19,132.41,Attn-GRU-45
651112,2026-03-06,2026-03-18,132.22,131.69,132.96,Attn-GRU-45
651112,2026-03-06,2026-03-19,132.58,131.98,133.32,Attn-GRU-45
651112,2026-03-06,2026-03-20,132.6,131.75,133.28,Attn-GRU-45
651112,2026-03-06,2026-03-21,132.16,131.54,132.79,Attn-GRU-45
651112,2026-03-06,2026-03-22,132.05,131.53,132.77,Attn-GRU-45
651112,2026-03-06,2026-03-23,133.11,132.27,133.95,Attn-GRU-45
651112,2026-03-06,2026-03-24,132.97,132.0,134.08,Attn-GRU-45
651112,2026-03-06,2026-03-25,132.71,131.76,133.71,Attn-GRU-45
651112,2026-03-06,2026-03-26,133.22,131.84,134.32,Attn-GRU-45
651112,2026-03-06,2026-03-27,133.48,132.38,134.59,Attn-GRU-45
651112,2026-03-06,2026-03-28,131.96,130.83,133.21,Attn-GRU-45
651112,2026-03-06,2026-03-29,132.59,131.28,134.49,Attn-GRU-45
651112,2026-03-06,2026-03-30,133.5,132.09,134.81,Attn-GRU-45
651112,2026-03-06,2026-03-31,133.07,131.85,134.43,Attn-GRU-45
651112,2026-03-06,2026-04-01,133.23,131.56,134.74,Attn-GRU-45
651112,2026-03-06,2026-04-02,132.6,130.81,134.13,Attn-GRU-45
651112,2026-03-06,2026-04-03,133.86,132.47,135.13,Attn-GRU-45
651112,2026-03-06,2026-04-04,133.57,132.11,135.35,Attn-GRU-45
651112,2026-03-06,2026-04-05,132.58,131.04,134.01,Attn-GRU-45
651113,2026-03-06,2026-03-07,85.16,85.02,85.3,Attn-GRU-45
651113,2026-03-06,2026-03-08,85.06,84.94,85.2,Attn-GRU-45
651113,2026-03-06,2026-03-09,84.95,84.8,85.09,Attn-GRU-45
651113,2026-03-06,2026-03-10,85.1,84.95,85.27,Attn-GRU-45
651113,2026-03-06,2026-03-11,84.9,84.64,85.16,Attn-GRU-45
651113,2026-03-06,2026-03-12,84.86,84.63,85.23,Attn-GRU-45
651113,2026-03-06,2026-03-13,85.03,84.76,85.37,Attn-GRU-45
651113,2026-03-06,2026-03-14,85.61,85.11,86.13,Attn-GRU-45
651113,2026-03-06,2026-03-15,85.36,84.92,85.78,Attn-GRU-45
651113,2026-03-06,2026-03-16,85.06,84.62,85.57,Attn-GRU-45
651113,2026-03-06,2026-03-17,85.29,84.82,85.94,Attn-GRU-45
651113,2026-03-06,2026-03-18,85.74,85.25,86.4,Attn-GRU-45
651113,2026-03-06,2026-03-19,86.05,85.45,86.57,Attn-GRU-45
651113,2026-03-06,2026-03-20,86.01,85.34,86.69,Attn-GRU-45
651113,2026-03-06,2026-03-21,85.83,85.27,86.45,Attn-GRU-45
651113,2026-03-06,2026-03-22,85.8,85.37,86.28,Attn-GRU-45
651113,2026-03-06,2026-03-23,86.57,85.88,87.3,Attn-GRU-45
651113,2026-03-06,2026-03-24,86.54,85.84,87.43,Attn-GRU-45
651113,2026-03-06,2026-03-25,86.39,85.68,87.2,Attn-GRU-45
651113,2026-03-06,2026-03-26,86.67,85.72,87.86,Attn-GRU-45
651113,2026-03-06,2026-03-27,87.01,86.14,87.92,Attn-GRU-45
651113,2026-03-06,2026-03-28,86.2,85.14,87.25,Attn-GRU-45
651113,2026-03-06,2026-03-29,86.59,85.51,87.84,Attn-GRU-45
651113,2026-03-06,2026-03-30,87.03,86.01,88.28,Attn-GRU-45
651113,2026-03-06,2026-03-31,86.98,85.89,88.21,Attn-GRU-45
651113,2026-03-06,2026-04-01,87.03,85.87,88.45,Attn-GRU-45
651113,2026-03-06,2026-04-02,86.5,85.34,87.98,Attn-GRU-45
651113,2026-03-06,2026-04-03,87.59,86.59,88.56,Attn-GRU-45
651113,2026-03-06,2026-04-04,87.5,86.37,88.72,Attn-GRU-45
651113,2026-03-06,2026-04-05,86.8,85.67,88.08,Attn-GRU-45
651114,2026-03-06,2026-03-07,87.42,87.27,87.51,Attn-GRU-45
651114,2026-03-06,2026-03-08,87.38,87.23,87.46,Attn-GRU-45
651114,2026-03-06,2026-03-09,87.35,87.18,87.51,Attn-GRU-45
651114,2026-03-06,2026-03-10,87.5,87.29,87.72,Attn-GRU-45
651114,2026-03-06,2026-03-11,87.32,86.95,87.67,Attn-GRU-45
651114,2026-03-06,2026-03-12,87.43,87.2,87.73,Attn-GRU-45
651114,2026-03-06,2026-03-13,87.68,87.3,87.99,Attn-GRU-45
651114,2026-03-06,2026-03-14,88.01,87.64,88.4,Attn-GRU-45
651114,2026-03-06,2026-03-15,87.82,87.19,88.37,Attn-GRU-45
651114,2026-03-06,2026-03-16,87.99,87.51,88.46,Attn-GRU-45
651114,2026-03-06,2026-03-17,88.03,87.33,88.66,Attn-GRU-45
651114,2026-03-06,2026-03-18,88.36,87.69,88.66,Attn-GRU-45
651114,2026-03-06,2026-03-19,88.55,88.02,89.08,Attn-GRU-45
651114,2026-03-06,2026-03-20,88.63,87.9,89.42,Attn-GRU-45
651114,2026-03-06,2026-03-21,88.49,87.96,89.15,Attn-GRU-45
651114,2026-03-06,2026-03-22,88.7,88.1,89.27,Attn-GRU-45
651114,2026-03-06,2026-03-23,89.16,88.42,89.7,Attn-GRU-45
651114,2026-03-06,2026-03-24,89.36,88.42,90.06,Attn-GRU-45
651114,2026-03-06,2026-03-25,89.34,88.58,90.24,Attn-GRU-45
651114,2026-03-06,2026-03-26,89.7,88.76,90.39,Attn-GRU-45
651114,2026-03-06,2026-03-27,89.81,88.93,90.48,Attn-GRU-45
651114,2026-03-06,2026-03-28,89.44,88.61,90.47,Attn-GRU-45
651114,2026-03-06,2026-03-29,89.7,88.83,90.64,Attn-GRU-45
651114,2026-03-06,2026-03-30,90.0,88.93,90.8,Attn-GRU-45
651114,2026-03-06,2026-03-31,90.19,89.03,90.96,Attn-GRU-45
651114,2026-03-06,2026-04-01,90.27,89.29,91.06,Attn-GRU-45
651114,2026-03-06,2026-04-02,90.25,89.13,91.06,Attn-GRU-45
651114,2026-03-06,2026-04-03,90.23,89.31,90.95,Attn-GRU-45
651114,2026-03-06,2026-04-04,90.44,89.52,91.24,Attn-GRU-45
651114,2026-03-06,2026-04-05,90.3,89.41,91.18,Attn-GRU-45
651116,2026-03-06,2026-03-07,162.16,162.03,162.24,Attn-GRU-45
651116,2026-03-06,2026-03-08,161.88,161.73,162.02,Attn-GRU-45
651116,2026-03-06,2026-03-09,161.75,161.6,161.88,Attn-GRU-45
651116,2026-03-06,2026-03-10,161.65,161.44,161.97,Attn-GRU-45
651116,2026-03-06,2026-03-11,161.42,161.21,161.64,Attn-GRU-45
651116,2026-03-06,2026-03-12,161.32,161.1,161.59,Attn-GRU-45
651116,2026-03-06,2026-03-13,161.08,160.84,161.41,Attn-GRU-45
651116,2026-03-06,2026-03-14,160.84,160.32,161.39,Attn-GRU-45
651116,2026-03-06,2026-03-15,160.38,159.87,161.04,Attn-GRU-45
651116,2026-03-06,2026-03-16,160.23,159.79,160.6,Attn-GRU-45
651116,2026-03-06,2026-03-17,159.9,159.28,160.42,Attn-GRU-45
651116,2026-03-06,2026-03-18,159.51,158.73,160.36,Attn-GRU-45
651116,2026-03-06,2026-03-19,159.0,158.29,159.91,Attn-GRU-45
651116,2026-03-06,2026-03-20,158.51,157.96,159.51,Attn-GRU-45
651116,2026-03-06,2026-03-21,158.52,157.8,159.2,Attn-GRU-45
651116,2026-03-06,2026-03-22,158.01,157.48,158.79,Attn-GRU-45
651116,2026-03-06,2026-03-23,158.04,157.47,159.1,Attn-GRU-45
651116,2026-03-06,2026-03-24,157.88,157.49,158.53,Attn-GRU-45
651116,2026-03-06,2026-03-25,157.7,157.32,158.59,Attn-GRU-45
651116,2026-03-06,2026-03-26,157.61,157.33,158.22,Attn-GRU-45
651116,2026-03-06,2026-03-27,157.55,157.28,158.25,Attn-GRU-45
651116,2026-03-06,2026-03-28,157.46,157.21,158.01,Attn-GRU-45
651116,2026-03-06,2026-03-29,157.45,157.21,158.1,Attn-GRU-45
651116,2026-03-06,2026-03-30,157.44,157.16,158.19,Attn-GRU-45
651116,2026-03-06,2026-03-31,157.4,157.17,157.92,Attn-GRU-45
651116,2026-03-06,2026-04-01,157.4,157.18,157.95,Attn-GRU-45
651116,2026-03-06,2026-04-02,157.31,157.13,157.75,Attn-GRU-45
651116,2026-03-06,2026-04-03,157.32,157.15,157.89,Attn-GRU-45
651116,2026-03-06,2026-04-04,157.33,157.12,157.72,Attn-GRU-45
651116,2026-03-06,2026-04-05,157.28,157.12,157.63,Attn-GRU-45
651117,2026-03-06,2026-03-07,195.81,195.61,195.97,Attn-GRU-45
651117,2026-03-06,2026-03-08,195.49,195.29,195.72,Attn-GRU-45
651117,2026-03-06,2026-03-09,195.36,195.11,195.62,Attn-GRU-45
651117,2026-03-06,2026-03-10,195.89,195.63,196.3,Attn-GRU-45
651117,2026-03-06,2026-03-11,195.23,194.91,195.66,Attn-GRU-45
651117,2026-03-06,2026-03-12,195.48,195.02,195.89,Attn-GRU-45
651117,2026-03-06,2026-03-13,195.52,194.9,196.07,Attn-GRU-45
651117,2026-03-06,2026-03-14,196.27,195.65,196.83,Attn-GRU-45
651117,2026-03-06,2026-03-15,196.11,195.47,196.98,Attn-GRU-45
651117,2026-03-06,2026-03-16,195.76,194.98,196.52,Attn-GRU-45
651117,2026-03-06,2026-03-17,196.3,195.33,197.2,Attn-GRU-45
651117,2026-03-06,2026-03-18,196.52,195.51,197.5,Attn-GRU-45
651117,2026-03-06,2026-03-19,197.08,195.91,197.99,Attn-GRU-45
651117,2026-03-06,2026-03-20,196.53,195.23,198.1,Attn-GRU-45
651117,2026-03-06,2026-03-21,196.61,195.59,197.67,Attn-GRU-45
651117,2026-03-06,2026-03-22,198.0,196.77,198.91,Attn-GRU-45
651117,2026-03-06,2026-03-23,197.67,196.37,198.53,Attn-GRU-45
651117,2026-03-06,2026-03-24,198.36,196.63,199.48,Attn-GRU-45
651117,2026-03-06,2026-03-25,198.39,196.68,199.51,Attn-GRU-45
651117,2026-03-06,2026-03-26,197.74,196.01,199.29,Attn-GRU-45
651117,2026-03-06,2026-03-27,198.54,196.48,199.97,Attn-GRU-45
651117,2026-03-06,2026-03-28,197.79,195.69,199.51,Attn-GRU-45
651117,2026-03-06,2026-03-29,198.66,196.49,200.23,Attn-GRU-45
651117,2026-03-06,2026-03-30,198.88,197.1,200.19,Attn-GRU-45
651117,2026-03-06,2026-03-31,198.98,197.04,200.74,Attn-GRU-45
651117,2026-03-06,2026-04-01,198.51,195.95,200.48,Attn-GRU-45
651117,2026-03-06,2026-04-02,198.91,196.84,200.66,Attn-GRU-45
651117,2026-03-06,2026-04-03,199.43,197.84,201.19,Attn-GRU-45
651117,2026-03-06,2026-04-04,199.58,197.51,201.33,Attn-GRU-45
651117,2026-03-06,2026-04-05,199.45,197.1,201.12,Attn-GRU-45
651118,2026-03-06,2026-03-07,55.79,55.64,55.97,Attn-GRU-45
651118,2026-03-06,2026-03-08,55.77,55.61,55.93,Attn-GRU-45
651118,2026-03-06,2026-03-09,55.76,55.54,55.92,Attn-GRU-45
651118,2026-03-06,2026-03-10,55.97,55.74,56.19,Attn-GRU-45
651118,2026-03-06,2026-03-11,55.85,55.39,56.25,Attn-GRU-45
651118,2026-03-06,2026-03-12,55.99,55.6,56.35,Attn-GRU-45
651118,2026-03-06,2026-03-13,56.25,55.85,56.69,Attn-GRU-45
651118,2026-03-06,2026-03-14,56.66,56.06,57.19,Attn-GRU-45
651118,2026-03-06,2026-03-15,56.44,55.85,57.0,Attn-GRU-45
651118,2026-03-06,2026-03-16,56.56,55.89,57.24,Attn-GRU-45
651118,2026-03-06,2026-03-17,56.75,56.11,57.49,Attn-GRU-45
651118,2026-03-06,2026-03-18,57.21,56.53,57.73,Attn-GRU-45
651118,2026-03-06,2026-03-19,57.51,56.78,58.02,Attn-GRU-45
651118,2026-03-06,2026-03-20,57.52,56.55,58.25,Attn-GRU-45
651118,2026-03-06,2026-03-21,57.54,56.68,58.25,Attn-GRU-45
651118,2026-03-06,2026-03-22,57.52,56.93,58.09,Attn-GRU-45
651118,2026-03-06,2026-03-23,58.17,57.44,58.8,Attn-GRU-45
651118,2026-03-06,2026-03-24,58.2,57.45,59.01,Attn-GRU-45
651118,2026-03-06,2026-03-25,58.42,57.37,59.27,Attn-GRU-45
651118,2026-03-06,2026-03-26,58.63,57.59,59.49,Attn-GRU-45
651118,2026-03-06,2026-03-27,58.83,57.93,59.53,Attn-GRU-45
651118,2026-03-06,2026-03-28,58.73,57.22,59.52,Attn-GRU-45
651118,2026-03-06,2026-03-29,58.89,57.85,59.68,Attn-GRU-45
651118,2026-03-06,2026-03-30,59.02,57.92,59.81,Attn-GRU-45
651118,2026-03-06,2026-03-31,59.17,57.91,59.9,Attn-GRU-45
651118,2026-03-06,2026-04-01,59.5,58.3,60.21,Attn-GRU-45
651118,2026-03-06,2026-04-02,59.19,58.03,60.09,Attn-GRU-45
651118,2026-03-06,2026-04-03,59.4,58.52,59.97,Attn-GRU-45
651118,2026-03-06,2026-04-04,59.64,58.54,60.2,Attn-GRU-45
651118,2026-03-06,2026-04-05,59.47,58.32,60.09,Attn-GRU-45
651119,2026-03-06,2026-03-07,233.71,233.48,233.98,Attn-GRU-45
651119,2026-03-06,2026-03-08,233.39,233.19,233.59,Attn-GRU-45
651119,2026-03-06,2026-03-09,233.24,232.84,233.61,Attn-GRU-45
651119,2026-03-06,2026-03-10,233.56,233.27,234.0,Attn-GRU-45
651119,2026-03-06,2026-03-11,232.96,232.49,233.65,Attn-GRU-45
651119,2026-03-06,2026-03-12,233.18,232.63,233.92,Attn-GRU-45
651119,2026-03-06,2026-03-13,233.41,232.9,234.23,Attn-GRU-45
651119,2026-03-06,2026-03-14,234.43,233.61,235.08,Attn-GRU-45
651119,2026-03-06,2026-03-15,233.53,232.36,234.9,Attn-GRU-45
651119,2026-03-06,2026-03-16,233.69,232.69,234.7,Attn-GRU-45
651119,2026-03-06,2026-03-17,233.42,232.58,234.86,Attn-GRU-45
651119,2026-03-06,2026-03-18,234.07,232.91,235.22,Attn-GRU-45
651119,2026-03-06,2026-03-19,234.67,233.28,236.18,Attn-GRU-45
651119,2026-03-06,2026-03-20,234.26,232.33,236.57,Attn-GRU-45
651119,2026-03-06,2026-03-21,234.02,232.84,235.89,Attn-GRU-45
651119,2026-03-06,2026-03-22,235.08,233.81,237.01,Attn-GRU-45
651119,2026-03-06,2026-03-23,235.31,233.76,237.36,Attn-GRU-45
651119,2026-03-06,2026-03-24,236.09,234.0,238.07,Attn-GRU-45
651119,2026-03-06,2026-03-25,235.92,234.14,238.32,Attn-GRU-45
651119,2026-03-06,2026-03-26,236.22,234.01,238.2,Attn-GRU-45
651119,2026-03-06,2026-03-27,236.81,234.74,238.81,Attn-GRU-45
651119,2026-03-06,2026-03-28,235.51,232.96,238.74,Attn-GRU-45
651119,2026-03-06,2026-03-29,236.24,233.95,238.66,Attn-GRU-45
651119,2026-03-06,2026-03-30,236.97,234.95,239.23,Attn-GRU-45
651119,2026-03-06,2026-03-31,237.19,235.02,239.32,Attn-GRU-45
651119,2026-03-06,2026-04-01,237.2,234.81,240.54,Attn-GRU-45
651119,2026-03-06,2026-04-02,237.02,234.5,239.2,Attn-GRU-45
651119,2026-03-06,2026-04-03,238.24,236.12,240.3,Attn-GRU-45
651119,2026-03-06,2026-04-04,238.05,235.97,240.49,Attn-GRU-45
651119,2026-03-06,2026-04-05,237.42,235.47,240.23,Attn-GRU-45
651120,2026-03-06,2026-03-07,56.67,56.64,56.69,Attn-GRU-45
651120,2026-03-06,2026-03-08,56.56,56.54,56.59,Attn-GRU-45
651120,2026-03-06,2026-03-09,56.51,56.48,56.52,Attn-GRU-45
651120,2026-03-06,2026-03-10,56.55,56.5,56.61,Attn-GRU-45
651120,2026-03-06,2026-03-11,56.4,56.34,56.45,Attn-GRU-45
651120,2026-03-06,2026-03-12,56.41,56.35,56.47,Attn-GRU-45
651120,2026-03-06,2026-03-13,56.38,56.32,56.44,Attn-GRU-45
651120,2026-03-06,2026-03-14,56.47,56.36,56.58,Attn-GRU-45
651120,2026-03-06,2026-03-15,56.37,56.23,56.49,Attn-GRU-45
651120,2026-03-06,2026-03-16,56.22,56.13,56.31,Attn-GRU-45
651120,2026-03-06,2026-03-17,56.32,56.19,56.42,Attn-GRU-45
651120,2026-03-06,2026-03-18,56.34,56.16,56.48,Attn-GRU-45
651120,2026-03-06,2026-03-19,56.33,56.11,56.51,Attn-GRU-45
651120,2026-03-06,2026-03-20,56.18,55.97,56.42,Attn-GRU-45
651120,2026-03-06,2026-03-21,56.17,56.01,56.37,Attn-GRU-45
651120,2026-03-06,2026-03-22,56.32,56.08,56.58,Attn-GRU-45
651120,2026-03-06,2026-03-23,56.23,55.95,56.41,Attn-GRU-45
651120,2026-03-06,2026-03-24,56.23,55.96,56.45,Attn-GRU-45
651120,2026-03-06,2026-03-25,56.16,55.89,56.39,Attn-GRU-45
651120,2026-03-06,2026-03-26,56.03,55.71,56.3,Attn-GRU-45
651120,2026-03-06,2026-03-27,56.02,55.66,56.35,Attn-GRU-45
651120,2026-03-06,2026-03-28,55.88,55.66,56.19,Attn-GRU-45
651120,2026-03-06,2026-03-29,55.96,55.68,56.24,Attn-GRU-45
651120,2026-03-06,2026-03-30,55.99,55.68,56.33,Attn-GRU-45
651120,2026-03-06,2026-03-31,56.07,55.73,56.33,Attn-GRU-45
651120,2026-03-06,2026-04-01,55.91,55.67,56.18,Attn-GRU-45
651120,2026-03-06,2026-04-02,55.86,55.54,56.15,Attn-GRU-45
651120,2026-03-06,2026-04-03,56.1,55.7,56.41,Attn-GRU-45
651120,2026-03-06,2026-04-04,56.01,55.67,56.31,Attn-GRU-45
651120,2026-03-06,2026-04-05,55.78,55.45,56.12,Attn-GRU-45
651121,2026-03-06,2026-03-07,141.38,140.97,141.85,Attn-GRU-45
651121,2026-03-06,2026-03-08,141.38,140.9,141.77,Attn-GRU-45
651121,2026-03-06,2026-03-09,141.51,140.82,142.14,Attn-GRU-45
651121,2026-03-06,2026-03-10,141.91,141.1,142.57,Attn-GRU-45
651121,2026-03-06,2026-03-11,141.7,140.34,142.54,Attn-GRU-45
651121,2026-03-06,2026-03-12,142.07,140.92,143.1,Attn-GRU-45
651121,2026-03-06,2026-03-13,142.7,141.39,144.04,Attn-GRU-45
651121,2026-03-06,2026-03-14,143.34,141.97,144.68,Attn-GRU-45
651121,2026-03-06,2026-03-15,143.59,141.3,144.75,Attn-GRU-45
651121,2026-03-06,2026-03-16,143.93,142.22,146.02,Attn-GRU-45
651121,2026-03-06,2026-03-17,144.19,142.28,146.02,Attn-GRU-45
651121,2026-03-06,2026-03-18,144.58,142.67,146.4,Attn-GRU-45
651121,2026-03-06,2026-03-19,145.59,143.58,147.13,Attn-GRU-45
651121,2026-03-06,2026-03-20,145.75,143.57,147.91,Attn-GRU-45
651121,2026-03-06,2026-03-21,145.66,143.08,147.5,Attn-GRU-45
651121,2026-03-06,2026-03-22,146.25,144.36,148.05,Attn-GRU-45
651121,2026-03-06,2026-03-23,147.12,144.95,149.23,Attn-GRU-45
651121,2026-03-06,2026-03-24,148.26,145.24,150.14,Attn-GRU-45
651121,2026-03-06,2026-03-25,148.27,145.72,150.34,Attn-GRU-45
651121,2026-03-06,2026-03-26,148.33,145.98,150.89,Attn-GRU-45
651121,2026-03-06,2026-03-27,148.94,146.62,150.83,Attn-GRU-45
651121,2026-03-06,2026-03-28,149.14,146.0,151.36,Attn-GRU-45
651121,2026-03-06,2026-03-29,149.42,146.47,151.46,Attn-GRU-45
651121,2026-03-06,2026-03-30,149.81,147.48,151.85,Attn-GRU-45
651121,2026-03-06,2026-03-31,150.39,148.07,152.16,Attn-GRU-45
651121,2026-03-06,2026-04-01,150.51,147.77,152.39,Attn-GRU-45
651121,2026-03-06,2026-04-02,150.72,147.57,152.43,Attn-GRU-45
651121,2026-03-06,2026-04-03,150.23,147.77,152.12,Attn-GRU-45
651121,2026-03-06,2026-04-04,150.85,148.72,152.72,Attn-GRU-45
651121,2026-03-06,2026-04-05,150.99,148.36,152.65,Attn-GRU-45
651122,2026-03-06,2026-03-07,68.61,68.45,68.77,Attn-GRU-45
651122,2026-03-06,2026-03-08,68.58,68.4,68.75,Attn-GRU-45
651122,2026-03-06,2026-03-09,68.57,68.36,68.79,Attn-GRU-45
651122,2026-03-06,2026-03-10,68.78,68.55,69.09,Attn-GRU-45
651122,2026-03-06,2026-03-11,68.57,68.13,69.02,Attn-GRU-45
651122,2026-03-06,2026-03-12,68.75,68.36,69.25,Attn-GRU-45
651122,2026-03-06,2026-03-13,69.0,68.58,69.5,Attn-GRU-45
651122,2026-03-06,2026-03-14,69.56,68.93,70.05,Attn-GRU-45
651122,2026-03-06,2026-03-15,69.24,68.6,70.06,Attn-GRU-45
651122,2026-03-06,2026-03-16,69.49,68.82,70.11,Attn-GRU-45
651122,2026-03-06,2026-03-17,69.62,68.74,70.61,Attn-GRU-45
651122,2026-03-06,2026-03-18,69.99,69.27,70.96,Attn-GRU-45
651122,2026-03-06,2026-03-19,70.32,69.68,71.14,Attn-GRU-45
651122,2026-03-06,2026-03-20,70.49,69.62,71.4,Attn-GRU-45
651122,2026-03-06,2026-03-21,70.35,69.57,71.18,Attn-GRU-45
651122,2026-03-06,2026-03-22,70.58,69.85,71.46,Attn-GRU-45
651122,2026-03-06,2026-03-23,71.08,70.1,71.97,Attn-GRU-45
651122,2026-03-06,2026-03-24,71.3,70.19,72.5,Attn-GRU-45
651122,2026-03-06,2026-03-25,71.45,70.46,72.5,Attn-GRU-45
651122,2026-03-06,2026-03-26,71.8,70.82,72.54,Attn-GRU-45
651122,2026-03-06,2026-03-27,71.85,70.84,72.97,Attn-GRU-45
651122,2026-03-06,2026-03-28,71.71,70.5,72.94,Attn-GRU-45
651122,2026-03-06,2026-03-29,71.76,70.47,73.2,Attn-GRU-45
651122,2026-03-06,2026-03-30,72.21,71.06,73.32,Attn-GRU-45
651122,2026-03-06,2026-03-31,72.3,71.1,73.55,Attn-GRU-45
651122,2026-03-06,2026-04-01,72.54,71.14,73.64,Attn-GRU-45
651122,2026-03-06,2026-04-02,72.62,70.93,73.57,Attn-GRU-45
651122,2026-03-06,2026-04-03,72.53,71.35,73.47,Attn-GRU-45
651122,2026-03-06,2026-04-04,72.87,71.63,73.8,Attn-GRU-45
651122,2026-03-06,2026-04-05,72.68,71.64,73.65,Attn-GRU-45
651123,2026-03-06,2026-03-07,194.22,194.1,194.32,Attn-GRU-45
651123,2026-03-06,2026-03-08,193.81,193.66,193.95,Attn-GRU-45
651123,2026-03-06,2026-03-09,193.59,193.43,193.76,Attn-GRU-45
651123,2026-03-06,2026-03-10,193.58,193.28,193.89,Attn-GRU-45
651123,2026-03-06,2026-03-11,193.16,192.91,193.42,Attn-GRU-45
651123,2026-03-06,2026-03-12,193.01,192.76,193.31,Attn-GRU-45
651123,2026-03-06,2026-03-13,192.69,192.35,193.01,Attn-GRU-45
651123,2026-03-06,2026-03-14,192.59,192.03,193.2,Attn-GRU-45
651123,2026-03-06,2026-03-15,191.79,191.13,192.69,Attn-GRU-45
651123,2026-03-06,2026-03-16,191.48,190.85,192.05,Attn-GRU-45
651123,2026-03-06,2026-03-17,191.1,190.35,192.19,Attn-GRU-45
651123,2026-03-06,2026-03-18,190.51,189.77,191.74,Attn-GRU-45
651123,2026-03-06,2026-03-19,189.96,188.85,191.25,Attn-GRU-45
651123,2026-03-06,2026-03-20,189.11,187.82,190.68,Attn-GRU-45
651123,2026-03-06,2026-03-21,188.92,187.89,190.07,Attn-GRU-45
651123,2026-03-06,2026-03-22,188.52,187.41,190.09,Attn-GRU-45
651123,2026-03-06,2026-03-23,188.25,187.24,189.5,Attn-GRU-45
651123,2026-03-06,2026-03-24,188.13,187.12,189.6,Attn-GRU-45
651123,2026-03-06,2026-03-25,187.82,186.87,188.93,Attn-GRU-45
651123,2026-03-06,2026-03-26,187.5,186.75,188.73,Attn-GRU-45
651123,2026-03-06,2026-03-27,187.26,186.56,188.87,Attn-GRU-45
651123,2026-03-06,2026-03-28,187.18,186.51,188.29,Attn-GRU-45
651123,2026-03-06,2026-03-29,187.24,186.53,188.59,Attn-GRU-45
651123,2026-03-06,2026-03-30,187.06,186.42,188.29,Attn-GRU-45
651123,2026-03-06,2026-03-31,187.17,186.52,188.89,Attn-GRU-45
651123,2026-03-06,2026-04-01,187.22,186.51,188.01,Attn-GRU-45
651123,2026-03-06,2026-04-02,186.86,186.36,187.88,Attn-GRU-45
651123,2026-03-06,2026-04-03,187.11,186.43,188.26,Attn-GRU-45
651123,2026-03-06,2026-04-04,187.06,186.38,188.18,Attn-GRU-45
651123,2026-03-06,2026-04-05,186.83,186.31,187.84,Attn-GRU-45
