card_id,run_date,target_date,pred_price,conf_low,conf_high,model
510148,2026-03-06,2026-03-07,62.81,62.77,62.85,Attn-GRU-15
510148,2026-03-06,2026-03-08,62.83,62.76,62.91,Attn-GRU-15
510148,2026-03-06,2026-03-09,62.85,62.74,62.97,Attn-GRU-15
510148,2026-03-06,2026-03-10,62.87,62.72,63.04,Attn-GRU-15
510148,2026-03-06,2026-03-11,62.9,62.7,63.1,Attn-GRU-15
510148,2026-03-06,2026-03-12,62.93,62.69,63.18,Attn-GRU-15
510148,2026-03-06,2026-03-13,62.96,62.68,63.25,Attn-GRU-15
510148,2026-03-06,2026-03-14,62.98,62.67,63.31,Attn-GRU-15
510148,2026-03-06,2026-03-15,63.02,62.7,63.36,Attn-GRU-15
510148,2026-03-06,2026-03-16,63.06,62.71,63.45,Attn-GRU-15
510148,2026-03-06,2026-03-17,63.08,62.72,63.48,Attn-GRU-15
510148,2026-03-06,2026-03-18,63.14,62.74,63.52,Attn-GRU-15
510148,2026-03-06,2026-03-19,63.17,62.74,63.59,Attn-GRU-15
510148,2026-03-06,2026-03-20,63.17,62.74,63.64,Attn-GRU-15
510148,2026-03-06,2026-03-21,63.27,62.78,63.69,Attn-GRU-15
510148,2026-03-06,2026-03-22,63.33,62.79,63.73,Attn-GRU-15
510148,2026-03-06,2026-03-23,63.36,62.77,63.75,Attn-GRU-15
510148,2026-03-06,2026-03-24,63.4,62.71,63.79,Attn-GRU-15
510148,2026-03-06,2026-03-25,63.47,62.72,63.8,Attn-GRU-15
510148,2026-03-06,2026-03-26,63.48,62.72,63.82,Attn-GRU-15
510148,2026-03-06,2026-03-27,63.52,62.76,63.84,Attn-GRU-15
510148,2026-03-06,2026-03-28,63.55,62.75,63.86,Attn-GRU-15
510148,2026-03-06,2026-03-29,63.6,62.81,63.86,Attn-GRU-15
510148,2026-03-06,2026-03-30,63.67,62.83,63.89,Attn-GRU-15
510148,2026-03-06,2026-03-31,63.69,62.91,63.89,Attn-GRU-15
510148,2026-03-06,2026-04-01,63.68,62.95,63.9,Attn-GRU-15
510148,2026-03-06,2026-04-02,63.76,62.97,63.91,Attn-GRU-15
510148,2026-03-06,2026-04-03,63.74,63.0,63.9,Attn-GRU-15
510148,2026-03-06,2026-04-04,63.75,63.0,63.91,Attn-GRU-15
510148,2026-03-06,2026-04-05,63.77,63.14,63.91,Attn-GRU-15
510152,2026-03-06,2026-03-07,172.16,172.03,172.27,Attn-GRU-15
510152,2026-03-06,2026-03-08,172.23,171.95,172.46,Attn-GRU-15
510152,2026-03-06,2026-03-09,172.31,171.86,172.66,Attn-GRU-15
510152,2026-03-06,2026-03-10,172.39,171.8,172.85,Attn-GRU-15
510152,2026-03-06,2026-03-11,172.46,171.74,173.06,Attn-GRU-15
510152,2026-03-06,2026-03-12,172.52,171.7,173.26,Attn-GRU-15
510152,2026-03-06,2026-03-13,172.63,171.68,173.48,Attn-GRU-15
510152,2026-03-06,2026-03-14,172.74,171.66,173.69,Attn-GRU-15
510152,2026-03-06,2026-03-15,172.88,171.72,173.89,Attn-GRU-15
510152,2026-03-06,2026-03-16,173.09,171.82,174.19,Attn-GRU-15
510152,2026-03-06,2026-03-17,173.27,171.93,174.43,Attn-GRU-15
510152,2026-03-06,2026-03-18,173.51,172.13,174.68,Attn-GRU-15
510152,2026-03-06,2026-03-19,173.77,172.35,174.97,Attn-GRU-15
510152,2026-03-06,2026-03-20,174.02,172.61,175.18,Attn-GRU-15
510152,2026-03-06,2026-03-21,174.29,172.75,175.51,Attn-GRU-15
510152,2026-03-06,2026-03-22,174.55,172.9,175.85,Attn-GRU-15
510152,2026-03-06,2026-03-23,174.79,173.13,176.09,Attn-GRU-15
510152,2026-03-06,2026-03-24,174.96,173.19,176.32,Attn-GRU-15
510152,2026-03-06,2026-03-25,175.07,173.26,176.45,Attn-GRU-15
510152,2026-03-06,2026-03-26,175.29,173.34,176.74,Attn-GRU-15
510152,2026-03-06,2026-03-27,175.59,173.39,177.07,Attn-GRU-15
510152,2026-03-06,2026-03-28,175.64,173.49,177.13,Attn-GRU-15
510152,2026-03-06,2026-03-29,175.9,173.59,177.4,Attn-GRU-15
510152,2026-03-06,2026-03-30,175.85,173.41,177.48,Attn-GRU-15
510152,2026-03-06,2026-03-31,176.14,173.55,177.7,Attn-GRU-15
510152,2026-03-06,2026-04-01,176.29,173.9,177.76,Attn-GRU-15
510152,2026-03-06,2026-04-02,176.31,173.31,177.89,Attn-GRU-15
510152,2026-03-06,2026-04-03,176.38,173.79,177.82,Attn-GRU-15
510152,2026-03-06,2026-04-04,176.53,173.73,178.02,Attn-GRU-15
510152,2026-03-06,2026-04-05,176.65,173.86,178.1,Attn-GRU-15
510153,2026-03-06,2026-03-07,649.82,649.54,650.16,Attn-GRU-15
510153,2026-03-06,2026-03-08,649.89,649.3,650.52,Attn-GRU-15
510153,2026-03-06,2026-03-09,650.04,649.1,651.03,Attn-GRU-15
510153,2026-03-06,2026-03-10,650.26,648.87,651.6,Attn-GRU-15
510153,2026-03-06,2026-03-11,650.4,648.67,652.02,Attn-GRU-15
510153,2026-03-06,2026-03-12,650.64,648.54,652.67,Attn-GRU-15
510153,2026-03-06,2026-03-13,650.84,648.44,653.26,Attn-GRU-15
510153,2026-03-06,2026-03-14,651.16,648.38,653.95,Attn-GRU-15
510153,2026-03-06,2026-03-15,651.38,648.31,654.42,Attn-GRU-15
510153,2026-03-06,2026-03-16,651.73,648.22,655.13,Attn-GRU-15
510153,2026-03-06,2026-03-17,651.78,648.1,655.56,Attn-GRU-15
510153,2026-03-06,2026-03-18,651.95,648.39,655.86,Attn-GRU-15
510153,2026-03-06,2026-03-19,652.17,648.43,656.34,Attn-GRU-15
510153,2026-03-06,2026-03-20,652.27,648.46,656.54,Attn-GRU-15
510153,2026-03-06,2026-03-21,652.91,648.8,657.08,Attn-GRU-15
510153,2026-03-06,2026-03-22,653.31,648.98,657.86,Attn-GRU-15
510153,2026-03-06,2026-03-23,653.39,648.91,657.71,Attn-GRU-15
510153,2026-03-06,2026-03-24,654.02,648.93,658.32,Attn-GRU-15
510153,2026-03-06,2026-03-25,654.89,649.18,658.94,Attn-GRU-15
510153,2026-03-06,2026-03-26,654.81,649.35,659.51,Attn-GRU-15
510153,2026-03-06,2026-03-27,654.92,649.31,659.92,Attn-GRU-15
510153,2026-03-06,2026-03-28,655.56,649.37,660.25,Attn-GRU-15
510153,2026-03-06,2026-03-29,656.11,649.8,661.04,Attn-GRU-15
510153,2026-03-06,2026-03-30,656.6,649.7,661.41,Attn-GRU-15
510153,2026-03-06,2026-03-31,657.15,649.89,662.36,Attn-GRU-15
510153,2026-03-06,2026-04-01,657.4,649.91,662.3,Attn-GRU-15
510153,2026-03-06,2026-04-02,658.32,649.8,663.39,Attn-GRU-15
510153,2026-03-06,2026-04-03,658.39,650.33,662.95,Attn-GRU-15
510153,2026-03-06,2026-04-04,658.56,649.62,663.68,Attn-GRU-15
510153,2026-03-06,2026-04-05,659.33,650.88,663.93,Attn-GRU-15
510154,2026-03-06,2026-03-07,140.8,140.76,140.85,Attn-GRU-15
510154,2026-03-06,2026-03-08,140.8,140.71,140.89,Attn-GRU-15
510154,2026-03-06,2026-03-09,140.8,140.67,140.94,Attn-GRU-15
510154,2026-03-06,2026-03-10,140.8,140.62,140.98,Attn-GRU-15
510154,2026-03-06,2026-03-11,140.79,140.58,141.02,Attn-GRU-15
510154,2026-03-06,2026-03-12,140.79,140.55,141.06,Attn-GRU-15
510154,2026-03-06,2026-03-13,140.8,140.51,141.09,Attn-GRU-15
510154,2026-03-06,2026-03-14,140.8,140.47,141.13,Attn-GRU-15
510154,2026-03-06,2026-03-15,140.83,140.46,141.2,Attn-GRU-15
510154,2026-03-06,2026-03-16,140.87,140.48,141.28,Attn-GRU-15
510154,2026-03-06,2026-03-17,140.91,140.49,141.35,Attn-GRU-15
510154,2026-03-06,2026-03-18,140.96,140.53,141.45,Attn-GRU-15
510154,2026-03-06,2026-03-19,141.04,140.55,141.57,Attn-GRU-15
510154,2026-03-06,2026-03-20,141.14,140.64,141.67,Attn-GRU-15
510154,2026-03-06,2026-03-21,141.21,140.68,141.8,Attn-GRU-15
510154,2026-03-06,2026-03-22,141.29,140.72,141.89,Attn-GRU-15
510154,2026-03-06,2026-03-23,141.39,140.79,142.0,Attn-GRU-15
510154,2026-03-06,2026-03-24,141.41,140.75,142.03,Attn-GRU-15
510154,2026-03-06,2026-03-25,141.47,140.79,142.08,Attn-GRU-15
510154,2026-03-06,2026-03-26,141.57,140.87,142.19,Attn-GRU-15
510154,2026-03-06,2026-03-27,141.62,140.84,142.3,Attn-GRU-15
510154,2026-03-06,2026-03-28,141.6,140.79,142.32,Attn-GRU-15
510154,2026-03-06,2026-03-29,141.72,140.93,142.4,Attn-GRU-15
510154,2026-03-06,2026-03-30,141.69,140.86,142.47,Attn-GRU-15
510154,2026-03-06,2026-03-31,141.83,140.96,142.57,Attn-GRU-15
510154,2026-03-06,2026-04-01,141.9,140.99,142.57,Attn-GRU-15
510154,2026-03-06,2026-04-02,141.83,140.86,142.62,Attn-GRU-15
510154,2026-03-06,2026-04-03,141.9,141.01,142.61,Attn-GRU-15
510154,2026-03-06,2026-04-04,141.88,140.91,142.58,Attn-GRU-15
510154,2026-03-06,2026-04-05,141.98,141.03,142.67,Attn-GRU-15
510155,2026-03-06,2026-03-07,67.79,67.71,67.87,Attn-GRU-15
510155,2026-03-06,2026-03-08,67.9,67.76,68.06,Attn-GRU-15
510155,2026-03-06,2026-03-09,68.0,67.78,68.26,Attn-GRU-15
510155,2026-03-06,2026-03-10,68.13,67.82,68.46,Attn-GRU-15
510155,2026-03-06,2026-03-11,68.25,67.85,68.61,Attn-GRU-15
510155,2026-03-06,2026-03-12,68.37,67.89,68.79,Attn-GRU-15
510155,2026-03-06,2026-03-13,68.5,67.93,68.96,Attn-GRU-15
510155,2026-03-06,2026-03-14,68.58,67.97,69.13,Attn-GRU-15
510155,2026-03-06,2026-03-15,68.74,68.11,69.29,Attn-GRU-15
510155,2026-03-06,2026-03-16,68.89,68.17,69.42,Attn-GRU-15
510155,2026-03-06,2026-03-17,68.96,68.25,69.53,Attn-GRU-15
510155,2026-03-06,2026-03-18,69.1,68.4,69.62,Attn-GRU-15
510155,2026-03-06,2026-03-19,69.18,68.49,69.7,Attn-GRU-15
510155,2026-03-06,2026-03-20,69.27,68.66,69.78,Attn-GRU-15
510155,2026-03-06,2026-03-21,69.46,68.82,69.87,Attn-GRU-15
510155,2026-03-06,2026-03-22,69.54,68.93,69.94,Attn-GRU-15
510155,2026-03-06,2026-03-23,69.62,69.05,69.98,Attn-GRU-15
510155,2026-03-06,2026-03-24,69.68,69.08,70.02,Attn-GRU-15
510155,2026-03-06,2026-03-25,69.77,69.22,70.04,Attn-GRU-15
510155,2026-03-06,2026-03-26,69.8,69.26,70.06,Attn-GRU-15
510155,2026-03-06,2026-03-27,69.87,69.42,70.08,Attn-GRU-15
510155,2026-03-06,2026-03-28,69.89,69.42,70.09,Attn-GRU-15
510155,2026-03-06,2026-03-29,69.95,69.52,70.11,Attn-GRU-15
510155,2026-03-06,2026-03-30,70.01,69.62,70.12,Attn-GRU-15
510155,2026-03-06,2026-03-31,70.03,69.71,70.12,Attn-GRU-15
510155,2026-03-06,2026-04-01,70.03,69.68,70.12,Attn-GRU-15
510155,2026-03-06,2026-04-02,70.07,69.8,70.13,Attn-GRU-15
510155,2026-03-06,2026-04-03,70.06,69.82,70.13,Attn-GRU-15
510155,2026-03-06,2026-04-04,70.08,69.8,70.13,Attn-GRU-15
510155,2026-03-06,2026-04-05,70.09,69.87,70.13,Attn-GRU-15
510156,2026-03-06,2026-03-07,93.45,93.34,93.52,Attn-GRU-15
510156,2026-03-06,2026-03-08,93.5,93.27,93.65,Attn-GRU-15
510156,2026-03-06,2026-03-09,93.58,93.21,93.79,Attn-GRU-15
510156,2026-03-06,2026-03-10,93.63,93.16,93.92,Attn-GRU-15
510156,2026-03-06,2026-03-11,93.66,93.1,94.02,Attn-GRU-15
510156,2026-03-06,2026-03-12,93.7,93.04,94.11,Attn-GRU-15
510156,2026-03-06,2026-03-13,93.7,92.98,94.19,Attn-GRU-15
510156,2026-03-06,2026-03-14,93.71,92.9,94.27,Attn-GRU-15
510156,2026-03-06,2026-03-15,93.69,92.83,94.33,Attn-GRU-15
510156,2026-03-06,2026-03-16,93.7,92.75,94.4,Attn-GRU-15
510156,2026-03-06,2026-03-17,93.65,92.65,94.45,Attn-GRU-15
510156,2026-03-06,2026-03-18,93.58,92.51,94.48,Attn-GRU-15
510156,2026-03-06,2026-03-19,93.47,92.39,94.53,Attn-GRU-15
510156,2026-03-06,2026-03-20,93.3,92.21,94.52,Attn-GRU-15
510156,2026-03-06,2026-03-21,93.15,92.0,94.57,Attn-GRU-15
510156,2026-03-06,2026-03-22,93.08,91.81,94.58,Attn-GRU-15
510156,2026-03-06,2026-03-23,92.93,91.58,94.6,Attn-GRU-15
510156,2026-03-06,2026-03-24,92.79,91.42,94.63,Attn-GRU-15
510156,2026-03-06,2026-03-25,92.7,91.31,94.62,Attn-GRU-15
510156,2026-03-06,2026-03-26,92.66,91.22,94.63,Attn-GRU-15
510156,2026-03-06,2026-03-27,92.42,91.09,94.61,Attn-GRU-15
510156,2026-03-06,2026-03-28,92.28,91.05,94.61,Attn-GRU-15
510156,2026-03-06,2026-03-29,92.28,90.99,94.62,Attn-GRU-15
510156,2026-03-06,2026-03-30,92.08,90.93,94.69,Attn-GRU-15
510156,2026-03-06,2026-03-31,91.97,90.91,94.66,Attn-GRU-15
510156,2026-03-06,2026-04-01,91.83,90.89,94.37,Attn-GRU-15
510156,2026-03-06,2026-04-02,91.98,90.91,94.8,Attn-GRU-15
510156,2026-03-06,2026-04-03,91.79,90.88,94.37,Attn-GRU-15
510156,2026-03-06,2026-04-04,91.68,90.87,94.41,Attn-GRU-15
510156,2026-03-06,2026-04-05,91.46,90.85,94.03,Attn-GRU-15
510157,2026-03-06,2026-03-07,64.69,64.65,64.73,Attn-GRU-15
510157,2026-03-06,2026-03-08,64.67,64.59,64.73,Attn-GRU-15
510157,2026-03-06,2026-03-09,64.63,64.52,64.71,Attn-GRU-15
510157,2026-03-06,2026-03-10,64.61,64.46,64.72,Attn-GRU-15
510157,2026-03-06,2026-03-11,64.56,64.39,64.7,Attn-GRU-15
510157,2026-03-06,2026-03-12,64.54,64.32,64.71,Attn-GRU-15
510157,2026-03-06,2026-03-13,64.5,64.25,64.7,Attn-GRU-15
510157,2026-03-06,2026-03-14,64.45,64.14,64.7,Attn-GRU-15
510157,2026-03-06,2026-03-15,64.48,64.15,64.75,Attn-GRU-15
510157,2026-03-06,2026-03-16,64.46,64.08,64.76,Attn-GRU-15
510157,2026-03-06,2026-03-17,64.46,64.0,64.79,Attn-GRU-15
510157,2026-03-06,2026-03-18,64.48,63.99,64.85,Attn-GRU-15
510157,2026-03-06,2026-03-19,64.5,63.96,64.91,Attn-GRU-15
510157,2026-03-06,2026-03-20,64.51,63.91,64.99,Attn-GRU-15
510157,2026-03-06,2026-03-21,64.55,63.94,65.06,Attn-GRU-15
510157,2026-03-06,2026-03-22,64.55,63.88,65.1,Attn-GRU-15
510157,2026-03-06,2026-03-23,64.62,63.84,65.21,Attn-GRU-15
510157,2026-03-06,2026-03-24,64.56,63.72,65.21,Attn-GRU-15
510157,2026-03-06,2026-03-25,64.68,63.72,65.32,Attn-GRU-15
510157,2026-03-06,2026-03-26,64.6,63.66,65.3,Attn-GRU-15
510157,2026-03-06,2026-03-27,64.61,63.69,65.37,Attn-GRU-15
510157,2026-03-06,2026-03-28,64.65,63.63,65.44,Attn-GRU-15
510157,2026-03-06,2026-03-29,64.67,63.67,65.47,Attn-GRU-15
510157,2026-03-06,2026-03-30,64.8,63.65,65.55,Attn-GRU-15
510157,2026-03-06,2026-03-31,64.82,63.68,65.54,Attn-GRU-15
510157,2026-03-06,2026-04-01,64.87,63.73,65.63,Attn-GRU-15
510157,2026-03-06,2026-04-02,64.79,63.6,65.54,Attn-GRU-15
510157,2026-03-06,2026-04-03,64.91,63.73,65.69,Attn-GRU-15
510157,2026-03-06,2026-04-04,64.8,63.61,65.64,Attn-GRU-15
510157,2026-03-06,2026-04-05,64.94,63.73,65.7,Attn-GRU-15
510158,2026-03-06,2026-03-07,94.39,94.3,94.49,Attn-GRU-15
510158,2026-03-06,2026-03-08,94.4,94.23,94.6,Attn-GRU-15
510158,2026-03-06,2026-03-09,94.43,94.18,94.67,Attn-GRU-15
510158,2026-03-06,2026-03-10,94.44,94.14,94.84,Attn-GRU-15
510158,2026-03-06,2026-03-11,94.45,94.04,94.89,Attn-GRU-15
510158,2026-03-06,2026-03-12,94.47,93.99,95.04,Attn-GRU-15
510158,2026-03-06,2026-03-13,94.54,93.93,95.22,Attn-GRU-15
510158,2026-03-06,2026-03-14,94.59,93.81,95.42,Attn-GRU-15
510158,2026-03-06,2026-03-15,94.77,93.97,95.69,Attn-GRU-15
510158,2026-03-06,2026-03-16,94.87,93.92,95.98,Attn-GRU-15
510158,2026-03-06,2026-03-17,94.99,93.89,96.26,Attn-GRU-15
510158,2026-03-06,2026-03-18,95.21,94.0,96.53,Attn-GRU-15
510158,2026-03-06,2026-03-19,95.38,94.02,96.89,Attn-GRU-15
510158,2026-03-06,2026-03-20,95.61,94.18,97.18,Attn-GRU-15
510158,2026-03-06,2026-03-21,96.0,94.48,97.46,Attn-GRU-15
510158,2026-03-06,2026-03-22,96.12,94.5,97.69,Attn-GRU-15
510158,2026-03-06,2026-03-23,96.41,94.57,97.93,Attn-GRU-15
510158,2026-03-06,2026-03-24,96.37,94.34,98.07,Attn-GRU-15
510158,2026-03-06,2026-03-25,96.7,94.43,98.24,Attn-GRU-15
510158,2026-03-06,2026-03-26,96.58,94.25,98.26,Attn-GRU-15
510158,2026-03-06,2026-03-27,96.98,94.83,98.36,Attn-GRU-15
510158,2026-03-06,2026-03-28,97.05,94.54,98.46,Attn-GRU-15
510158,2026-03-06,2026-03-29,97.18,94.71,98.5,Attn-GRU-15
510158,2026-03-06,2026-03-30,97.5,94.93,98.63,Attn-GRU-15
510158,2026-03-06,2026-03-31,97.56,95.13,98.64,Attn-GRU-15
510158,2026-03-06,2026-04-01,97.71,95.28,98.72,Attn-GRU-15
510158,2026-03-06,2026-04-02,97.72,95.17,98.74,Attn-GRU-15
510158,2026-03-06,2026-04-03,97.89,95.63,98.77,Attn-GRU-15
510158,2026-03-06,2026-04-04,97.87,95.25,98.8,Attn-GRU-15
510158,2026-03-06,2026-04-05,97.99,95.37,98.83,Attn-GRU-15
510159,2026-03-06,2026-03-07,135.72,135.65,135.81,Attn-GRU-15
510159,2026-03-06,2026-03-08,135.69,135.55,135.83,Attn-GRU-15
510159,2026-03-06,2026-03-09,135.66,135.43,135.88,Attn-GRU-15
510159,2026-03-06,2026-03-10,135.66,135.34,135.95,Attn-GRU-15
510159,2026-03-06,2026-03-11,135.63,135.2,136.0,Attn-GRU-15
510159,2026-03-06,2026-03-12,135.61,135.09,136.1,Attn-GRU-15
510159,2026-03-06,2026-03-13,135.6,134.99,136.19,Attn-GRU-15
510159,2026-03-06,2026-03-14,135.61,134.86,136.26,Attn-GRU-15
510159,2026-03-06,2026-03-15,135.67,134.84,136.45,Attn-GRU-15
510159,2026-03-06,2026-03-16,135.68,134.77,136.55,Attn-GRU-15
510159,2026-03-06,2026-03-17,135.74,134.67,136.66,Attn-GRU-15
510159,2026-03-06,2026-03-18,135.78,134.61,136.83,Attn-GRU-15
510159,2026-03-06,2026-03-19,135.82,134.59,136.99,Attn-GRU-15
510159,2026-03-06,2026-03-20,135.94,134.5,137.16,Attn-GRU-15
510159,2026-03-06,2026-03-21,135.96,134.5,137.38,Attn-GRU-15
510159,2026-03-06,2026-03-22,136.07,134.43,137.53,Attn-GRU-15
510159,2026-03-06,2026-03-23,136.14,134.32,137.69,Attn-GRU-15
510159,2026-03-06,2026-03-24,136.18,134.16,137.77,Attn-GRU-15
510159,2026-03-06,2026-03-25,136.32,134.14,137.93,Attn-GRU-15
510159,2026-03-06,2026-03-26,136.31,134.01,138.0,Attn-GRU-15
510159,2026-03-06,2026-03-27,136.4,134.07,138.13,Attn-GRU-15
510159,2026-03-06,2026-03-28,136.46,134.05,138.26,Attn-GRU-15
510159,2026-03-06,2026-03-29,136.56,134.01,138.33,Attn-GRU-15
510159,2026-03-06,2026-03-30,136.6,133.95,138.45,Attn-GRU-15
510159,2026-03-06,2026-03-31,136.79,134.04,138.5,Attn-GRU-15
510159,2026-03-06,2026-04-01,136.79,134.38,138.7,Attn-GRU-15
510159,2026-03-06,2026-04-02,136.86,133.95,138.66,Attn-GRU-15
510159,2026-03-06,2026-04-03,137.09,134.12,138.8,Attn-GRU-15
510159,2026-03-06,2026-04-04,137.0,134.05,138.87,Attn-GRU-15
510159,2026-03-06,2026-04-05,137.14,134.2,138.85,Attn-GRU-15
510161,2026-03-06,2026-03-07,177.83,177.75,177.93,Attn-GRU-15
510161,2026-03-06,2026-03-08,177.57,177.41,177.74,Attn-GRU-15
510161,2026-03-06,2026-03-09,177.35,177.14,177.59,Attn-GRU-15
510161,2026-03-06,2026-03-10,177.12,176.88,177.43,Attn-GRU-15
510161,2026-03-06,2026-03-11,176.86,176.6,177.24,Attn-GRU-15
510161,2026-03-06,2026-03-12,176.61,176.32,177.06,Attn-GRU-15
510161,2026-03-06,2026-03-13,176.34,176.05,176.85,Attn-GRU-15
510161,2026-03-06,2026-03-14,176.11,175.83,176.63,Attn-GRU-15
510161,2026-03-06,2026-03-15,175.9,175.63,176.43,Attn-GRU-15
510161,2026-03-06,2026-03-16,175.69,175.47,176.2,Attn-GRU-15
510161,2026-03-06,2026-03-17,175.52,175.35,175.95,Attn-GRU-15
510161,2026-03-06,2026-03-18,175.38,175.28,175.71,Attn-GRU-15
510161,2026-03-06,2026-03-19,175.29,175.23,175.5,Attn-GRU-15
510161,2026-03-06,2026-03-20,175.24,175.21,175.37,Attn-GRU-15
510161,2026-03-06,2026-03-21,175.22,175.21,175.3,Attn-GRU-15
510161,2026-03-06,2026-03-22,175.21,175.21,175.26,Attn-GRU-15
510161,2026-03-06,2026-03-23,175.21,175.21,175.23,Attn-GRU-15
510161,2026-03-06,2026-03-24,175.21,175.21,175.22,Attn-GRU-15
510161,2026-03-06,2026-03-25,175.21,175.21,175.22,Attn-GRU-15
510161,2026-03-06,2026-03-26,175.21,175.21,175.21,Attn-GRU-15
510161,2026-03-06,2026-03-27,175.21,175.21,175.21,Attn-GRU-15
510161,2026-03-06,2026-03-28,175.21,175.21,175.21,Attn-GRU-15
510161,2026-03-06,2026-03-29,175.21,175.21,175.21,Attn-GRU-15
510161,2026-03-06,2026-03-30,175.21,175.21,175.21,Attn-GRU-15
510161,2026-03-06,2026-03-31,175.21,175.21,175.21,Attn-GRU-15
510161,2026-03-06,2026-04-01,175.21,175.21,175.21,Attn-GRU-15
510161,2026-03-06,2026-04-02,175.21,175.21,175.21,Attn-GRU-15
510161,2026-03-06,2026-04-03,175.21,175.21,175.21,Attn-GRU-15
510161,2026-03-06,2026-04-04,175.21,175.21,175.21,Attn-GRU-15
510161,2026-03-06,2026-04-05,175.21,175.21,175.21,Attn-GRU-15
510162,2026-03-06,2026-03-07,100.89,100.86,100.93,Attn-GRU-15
510162,2026-03-06,2026-03-08,100.88,100.8,100.96,Attn-GRU-15
510162,2026-03-06,2026-03-09,100.86,100.75,100.99,Attn-GRU-15
510162,2026-03-06,2026-03-10,100.85,100.69,101.02,Attn-GRU-15
510162,2026-03-06,2026-03-11,100.83,100.65,101.04,Attn-GRU-15
510162,2026-03-06,2026-03-12,100.81,100.61,101.06,Attn-GRU-15
510162,2026-03-06,2026-03-13,100.8,100.58,101.09,Attn-GRU-15
510162,2026-03-06,2026-03-14,100.8,100.54,101.11,Attn-GRU-15
510162,2026-03-06,2026-03-15,100.82,100.54,101.18,Attn-GRU-15
510162,2026-03-06,2026-03-16,100.86,100.57,101.26,Attn-GRU-15
510162,2026-03-06,2026-03-17,100.89,100.6,101.35,Attn-GRU-15
510162,2026-03-06,2026-03-18,100.98,100.68,101.47,Attn-GRU-15
510162,2026-03-06,2026-03-19,101.09,100.78,101.61,Attn-GRU-15
510162,2026-03-06,2026-03-20,101.21,100.9,101.74,Attn-GRU-15
510162,2026-03-06,2026-03-21,101.3,100.96,101.88,Attn-GRU-15
510162,2026-03-06,2026-03-22,101.38,101.03,102.0,Attn-GRU-15
510162,2026-03-06,2026-03-23,101.52,101.15,102.15,Attn-GRU-15
510162,2026-03-06,2026-03-24,101.55,101.11,102.19,Attn-GRU-15
510162,2026-03-06,2026-03-25,101.59,101.1,102.23,Attn-GRU-15
510162,2026-03-06,2026-03-26,101.75,101.29,102.42,Attn-GRU-15
510162,2026-03-06,2026-03-27,101.79,101.25,102.49,Attn-GRU-15
510162,2026-03-06,2026-03-28,101.76,101.17,102.52,Attn-GRU-15
510162,2026-03-06,2026-03-29,101.9,101.29,102.57,Attn-GRU-15
510162,2026-03-06,2026-03-30,101.92,101.24,102.67,Attn-GRU-15
510162,2026-03-06,2026-03-31,102.08,101.39,102.77,Attn-GRU-15
510162,2026-03-06,2026-04-01,102.12,101.49,102.84,Attn-GRU-15
510162,2026-03-06,2026-04-02,102.05,101.26,102.72,Attn-GRU-15
510162,2026-03-06,2026-04-03,102.09,101.49,102.82,Attn-GRU-15
510162,2026-03-06,2026-04-04,101.99,101.31,102.73,Attn-GRU-15
510162,2026-03-06,2026-04-05,102.18,101.5,102.87,Attn-GRU-15
510163,2026-03-06,2026-03-07,150.09,149.91,150.25,Attn-GRU-15
510163,2026-03-06,2026-03-08,149.97,149.65,150.24,Attn-GRU-15
510163,2026-03-06,2026-03-09,149.77,149.34,150.14,Attn-GRU-15
510163,2026-03-06,2026-03-10,149.67,149.07,150.2,Attn-GRU-15
510163,2026-03-06,2026-03-11,149.44,148.81,150.09,Attn-GRU-15
510163,2026-03-06,2026-03-12,149.29,148.53,150.14,Attn-GRU-15
510163,2026-03-06,2026-03-13,149.18,148.27,150.07,Attn-GRU-15
510163,2026-03-06,2026-03-14,149.02,147.98,149.86,Attn-GRU-15
510163,2026-03-06,2026-03-15,149.09,147.94,150.29,Attn-GRU-15
510163,2026-03-06,2026-03-16,149.1,147.83,150.26,Attn-GRU-15
510163,2026-03-06,2026-03-17,149.04,147.62,150.29,Attn-GRU-15
510163,2026-03-06,2026-03-18,149.17,147.65,150.45,Attn-GRU-15
510163,2026-03-06,2026-03-19,149.47,147.84,150.46,Attn-GRU-15
510163,2026-03-06,2026-03-20,149.48,147.91,150.92,Attn-GRU-15
510163,2026-03-06,2026-03-21,149.59,147.81,151.53,Attn-GRU-15
510163,2026-03-06,2026-03-22,149.55,147.6,151.61,Attn-GRU-15
510163,2026-03-06,2026-03-23,149.92,147.43,152.49,Attn-GRU-15
510163,2026-03-06,2026-03-24,149.49,147.07,152.15,Attn-GRU-15
510163,2026-03-06,2026-03-25,150.13,146.73,153.05,Attn-GRU-15
510163,2026-03-06,2026-03-26,149.75,146.83,152.91,Attn-GRU-15
510163,2026-03-06,2026-03-27,150.06,147.1,153.29,Attn-GRU-15
510163,2026-03-06,2026-03-28,150.14,147.11,153.64,Attn-GRU-15
510163,2026-03-06,2026-03-29,150.2,147.33,153.89,Attn-GRU-15
510163,2026-03-06,2026-03-30,150.79,146.87,154.83,Attn-GRU-15
510163,2026-03-06,2026-03-31,150.71,147.07,154.42,Attn-GRU-15
510163,2026-03-06,2026-04-01,151.26,147.75,154.92,Attn-GRU-15
510163,2026-03-06,2026-04-02,150.66,147.05,154.75,Attn-GRU-15
510163,2026-03-06,2026-04-03,151.34,147.6,155.39,Attn-GRU-15
510163,2026-03-06,2026-04-04,150.91,147.46,155.29,Attn-GRU-15
510163,2026-03-06,2026-04-05,151.35,147.71,155.54,Attn-GRU-15
527797,2026-03-06,2026-03-07,32.46,32.45,32.47,Attn-GRU-15
527797,2026-03-06,2026-03-08,32.44,32.42,32.47,Attn-GRU-15
527797,2026-03-06,2026-03-09,32.42,32.4,32.47,Attn-GRU-15
527797,2026-03-06,2026-03-10,32.41,32.38,32.47,Attn-GRU-15
527797,2026-03-06,2026-03-11,32.4,32.35,32.47,Attn-GRU-15
527797,2026-03-06,2026-03-12,32.38,32.33,32.47,Attn-GRU-15
527797,2026-03-06,2026-03-13,32.37,32.3,32.46,Attn-GRU-15
527797,2026-03-06,2026-03-14,32.35,32.27,32.46,Attn-GRU-15
527797,2026-03-06,2026-03-15,32.33,32.25,32.46,Attn-GRU-15
527797,2026-03-06,2026-03-16,32.31,32.22,32.46,Attn-GRU-15
527797,2026-03-06,2026-03-17,32.3,32.2,32.46,Attn-GRU-15
527797,2026-03-06,2026-03-18,32.29,32.17,32.47,Attn-GRU-15
527797,2026-03-06,2026-03-19,32.28,32.14,32.47,Attn-GRU-15
527797,2026-03-06,2026-03-20,32.27,32.12,32.48,Attn-GRU-15
527797,2026-03-06,2026-03-21,32.26,32.1,32.49,Attn-GRU-15
527797,2026-03-06,2026-03-22,32.25,32.08,32.5,Attn-GRU-15
527797,2026-03-06,2026-03-23,32.24,32.07,32.5,Attn-GRU-15
527797,2026-03-06,2026-03-24,32.24,32.05,32.5,Attn-GRU-15
527797,2026-03-06,2026-03-25,32.25,32.06,32.51,Attn-GRU-15
527797,2026-03-06,2026-03-26,32.23,32.03,32.53,Attn-GRU-15
527797,2026-03-06,2026-03-27,32.23,32.01,32.55,Attn-GRU-15
527797,2026-03-06,2026-03-28,32.21,32.0,32.52,Attn-GRU-15
527797,2026-03-06,2026-03-29,32.2,31.98,32.56,Attn-GRU-15
527797,2026-03-06,2026-03-30,32.2,31.98,32.56,Attn-GRU-15
527797,2026-03-06,2026-03-31,32.2,31.97,32.57,Attn-GRU-15
527797,2026-03-06,2026-04-01,32.21,31.94,32.56,Attn-GRU-15
527797,2026-03-06,2026-04-02,32.18,31.93,32.59,Attn-GRU-15
527797,2026-03-06,2026-04-03,32.19,31.94,32.54,Attn-GRU-15
527797,2026-03-06,2026-04-04,32.15,31.92,32.56,Attn-GRU-15
527797,2026-03-06,2026-04-05,32.18,31.92,32.57,Attn-GRU-15
527798,2026-03-06,2026-03-07,24.56,24.52,24.6,Attn-GRU-15
527798,2026-03-06,2026-03-08,24.61,24.53,24.68,Attn-GRU-15
527798,2026-03-06,2026-03-09,24.66,24.55,24.77,Attn-GRU-15
527798,2026-03-06,2026-03-10,24.71,24.58,24.86,Attn-GRU-15
527798,2026-03-06,2026-03-11,24.77,24.61,24.95,Attn-GRU-15
527798,2026-03-06,2026-03-12,24.86,24.65,25.07,Attn-GRU-15
527798,2026-03-06,2026-03-13,24.97,24.74,25.19,Attn-GRU-15
527798,2026-03-06,2026-03-14,25.08,24.79,25.33,Attn-GRU-15
527798,2026-03-06,2026-03-15,25.2,24.87,25.44,Attn-GRU-15
527798,2026-03-06,2026-03-16,25.35,25.0,25.58,Attn-GRU-15
527798,2026-03-06,2026-03-17,25.51,25.14,25.69,Attn-GRU-15
527798,2026-03-06,2026-03-18,25.65,25.31,25.79,Attn-GRU-15
527798,2026-03-06,2026-03-19,25.75,25.39,25.86,Attn-GRU-15
527798,2026-03-06,2026-03-20,25.83,25.53,25.92,Attn-GRU-15
527798,2026-03-06,2026-03-21,25.88,25.66,25.95,Attn-GRU-15
527798,2026-03-06,2026-03-22,25.92,25.74,25.97,Attn-GRU-15
527798,2026-03-06,2026-03-23,25.94,25.81,25.99,Attn-GRU-15
527798,2026-03-06,2026-03-24,25.96,25.83,25.99,Attn-GRU-15
527798,2026-03-06,2026-03-25,25.97,25.88,26.0,Attn-GRU-15
527798,2026-03-06,2026-03-26,25.97,25.89,26.0,Attn-GRU-15
527798,2026-03-06,2026-03-27,25.98,25.91,26.0,Attn-GRU-15
527798,2026-03-06,2026-03-28,25.99,25.92,26.0,Attn-GRU-15
527798,2026-03-06,2026-03-29,25.99,25.94,26.0,Attn-GRU-15
527798,2026-03-06,2026-03-30,26.0,25.96,26.0,Attn-GRU-15
527798,2026-03-06,2026-03-31,26.0,25.97,26.0,Attn-GRU-15
527798,2026-03-06,2026-04-01,26.0,25.96,26.0,Attn-GRU-15
527798,2026-03-06,2026-04-02,26.0,25.97,26.0,Attn-GRU-15
527798,2026-03-06,2026-04-03,26.0,25.97,26.0,Attn-GRU-15
527798,2026-03-06,2026-04-04,26.0,25.98,26.0,Attn-GRU-15
527798,2026-03-06,2026-04-05,26.0,25.98,26.0,Attn-GRU-15
527799,2026-03-06,2026-03-07,68.65,68.62,68.68,Attn-GRU-15
527799,2026-03-06,2026-03-08,68.62,68.56,68.67,Attn-GRU-15
527799,2026-03-06,2026-03-09,68.58,68.51,68.66,Attn-GRU-15
527799,2026-03-06,2026-03-10,68.55,68.45,68.66,Attn-GRU-15
527799,2026-03-06,2026-03-11,68.51,68.38,68.65,Attn-GRU-15
527799,2026-03-06,2026-03-12,68.47,68.31,68.64,Attn-GRU-15
527799,2026-03-06,2026-03-13,68.42,68.23,68.63,Attn-GRU-15
527799,2026-03-06,2026-03-14,68.36,68.15,68.62,Attn-GRU-15
527799,2026-03-06,2026-03-15,68.31,68.06,68.61,Attn-GRU-15
527799,2026-03-06,2026-03-16,68.25,67.96,68.61,Attn-GRU-15
527799,2026-03-06,2026-03-17,68.18,67.86,68.59,Attn-GRU-15
527799,2026-03-06,2026-03-18,68.09,67.74,68.56,Attn-GRU-15
527799,2026-03-06,2026-03-19,67.99,67.64,68.53,Attn-GRU-15
527799,2026-03-06,2026-03-20,67.88,67.55,68.52,Attn-GRU-15
527799,2026-03-06,2026-03-21,67.77,67.49,68.48,Attn-GRU-15
527799,2026-03-06,2026-03-22,67.69,67.45,68.45,Attn-GRU-15
527799,2026-03-06,2026-03-23,67.61,67.43,68.39,Attn-GRU-15
527799,2026-03-06,2026-03-24,67.54,67.41,68.27,Attn-GRU-15
527799,2026-03-06,2026-03-25,67.49,67.41,68.08,Attn-GRU-15
527799,2026-03-06,2026-03-26,67.47,67.41,68.04,Attn-GRU-15
527799,2026-03-06,2026-03-27,67.44,67.4,67.98,Attn-GRU-15
527799,2026-03-06,2026-03-28,67.43,67.4,67.9,Attn-GRU-15
527799,2026-03-06,2026-03-29,67.42,67.4,67.79,Attn-GRU-15
527799,2026-03-06,2026-03-30,67.42,67.4,67.71,Attn-GRU-15
527799,2026-03-06,2026-03-31,67.41,67.4,67.67,Attn-GRU-15
527799,2026-03-06,2026-04-01,67.41,67.4,67.61,Attn-GRU-15
527799,2026-03-06,2026-04-02,67.41,67.4,67.65,Attn-GRU-15
527799,2026-03-06,2026-04-03,67.41,67.4,67.57,Attn-GRU-15
527799,2026-03-06,2026-04-04,67.41,67.4,67.56,Attn-GRU-15
527799,2026-03-06,2026-04-05,67.4,67.4,67.5,Attn-GRU-15
527800,2026-03-06,2026-03-07,34.47,34.44,34.49,Attn-GRU-15
527800,2026-03-06,2026-03-08,34.52,34.47,34.57,Attn-GRU-15
527800,2026-03-06,2026-03-09,34.58,34.5,34.65,Attn-GRU-15
527800,2026-03-06,2026-03-10,34.63,34.53,34.73,Attn-GRU-15
527800,2026-03-06,2026-03-11,34.69,34.57,34.82,Attn-GRU-15
527800,2026-03-06,2026-03-12,34.75,34.62,34.92,Attn-GRU-15
527800,2026-03-06,2026-03-13,34.85,34.67,35.02,Attn-GRU-15
527800,2026-03-06,2026-03-14,34.93,34.73,35.13,Attn-GRU-15
527800,2026-03-06,2026-03-15,35.02,34.81,35.24,Attn-GRU-15
527800,2026-03-06,2026-03-16,35.14,34.9,35.36,Attn-GRU-15
527800,2026-03-06,2026-03-17,35.24,34.97,35.47,Attn-GRU-15
527800,2026-03-06,2026-03-18,35.36,35.07,35.57,Attn-GRU-15
527800,2026-03-06,2026-03-19,35.46,35.21,35.66,Attn-GRU-15
527800,2026-03-06,2026-03-20,35.53,35.28,35.72,Attn-GRU-15
527800,2026-03-06,2026-03-21,35.6,35.36,35.76,Attn-GRU-15
527800,2026-03-06,2026-03-22,35.66,35.41,35.8,Attn-GRU-15
527800,2026-03-06,2026-03-23,35.71,35.47,35.83,Attn-GRU-15
527800,2026-03-06,2026-03-24,35.74,35.53,35.84,Attn-GRU-15
527800,2026-03-06,2026-03-25,35.77,35.58,35.86,Attn-GRU-15
527800,2026-03-06,2026-03-26,35.79,35.62,35.87,Attn-GRU-15
527800,2026-03-06,2026-03-27,35.81,35.66,35.87,Attn-GRU-15
527800,2026-03-06,2026-03-28,35.82,35.68,35.88,Attn-GRU-15
527800,2026-03-06,2026-03-29,35.84,35.71,35.88,Attn-GRU-15
527800,2026-03-06,2026-03-30,35.85,35.73,35.89,Attn-GRU-15
527800,2026-03-06,2026-03-31,35.86,35.76,35.89,Attn-GRU-15
527800,2026-03-06,2026-04-01,35.86,35.77,35.89,Attn-GRU-15
527800,2026-03-06,2026-04-02,35.87,35.78,35.89,Attn-GRU-15
527800,2026-03-06,2026-04-03,35.87,35.77,35.89,Attn-GRU-15
527800,2026-03-06,2026-04-04,35.88,35.79,35.89,Attn-GRU-15
527800,2026-03-06,2026-04-05,35.88,35.8,35.89,Attn-GRU-15
527802,2026-03-06,2026-03-07,148.26,147.97,148.53,Attn-GRU-15
527802,2026-03-06,2026-03-08,148.83,148.31,149.28,Attn-GRU-15
527802,2026-03-06,2026-03-09,149.47,148.78,150.18,Attn-GRU-15
527802,2026-03-06,2026-03-10,150.15,149.06,151.11,Attn-GRU-15
527802,2026-03-06,2026-03-11,150.87,149.59,152.01,Attn-GRU-15
527802,2026-03-06,2026-03-12,151.65,150.14,153.11,Attn-GRU-15
527802,2026-03-06,2026-03-13,152.49,150.77,154.24,Attn-GRU-15
527802,2026-03-06,2026-03-14,153.47,151.51,155.14,Attn-GRU-15
527802,2026-03-06,2026-03-15,154.33,152.31,155.99,Attn-GRU-15
527802,2026-03-06,2026-03-16,155.44,153.23,156.94,Attn-GRU-15
527802,2026-03-06,2026-03-17,156.24,154.1,157.54,Attn-GRU-15
527802,2026-03-06,2026-03-18,157.06,154.99,158.11,Attn-GRU-15
527802,2026-03-06,2026-03-19,157.58,155.75,158.42,Attn-GRU-15
527802,2026-03-06,2026-03-20,157.98,156.45,158.66,Attn-GRU-15
527802,2026-03-06,2026-03-21,158.26,156.9,158.79,Attn-GRU-15
527802,2026-03-06,2026-03-22,158.52,157.34,158.87,Attn-GRU-15
527802,2026-03-06,2026-03-23,158.64,157.68,158.91,Attn-GRU-15
527802,2026-03-06,2026-03-24,158.72,157.88,158.94,Attn-GRU-15
527802,2026-03-06,2026-03-25,158.81,158.16,158.95,Attn-GRU-15
527802,2026-03-06,2026-03-26,158.85,158.3,158.96,Attn-GRU-15
527802,2026-03-06,2026-03-27,158.88,158.45,158.96,Attn-GRU-15
527802,2026-03-06,2026-03-28,158.91,158.51,158.97,Attn-GRU-15
527802,2026-03-06,2026-03-29,158.93,158.53,158.97,Attn-GRU-15
527802,2026-03-06,2026-03-30,158.94,158.64,158.98,Attn-GRU-15
527802,2026-03-06,2026-03-31,158.96,158.78,158.98,Attn-GRU-15
527802,2026-03-06,2026-04-01,158.96,158.77,158.98,Attn-GRU-15
527802,2026-03-06,2026-04-02,158.97,158.81,158.98,Attn-GRU-15
527802,2026-03-06,2026-04-03,158.96,158.82,158.98,Attn-GRU-15
527802,2026-03-06,2026-04-04,158.97,158.87,158.98,Attn-GRU-15
527802,2026-03-06,2026-04-05,158.97,158.84,158.98,Attn-GRU-15
528107,2026-03-06,2026-03-07,26.5,26.47,26.53,Attn-GRU-15
528107,2026-03-06,2026-03-08,26.55,26.49,26.6,Attn-GRU-15
528107,2026-03-06,2026-03-09,26.61,26.53,26.69,Attn-GRU-15
528107,2026-03-06,2026-03-10,26.67,26.56,26.77,Attn-GRU-15
528107,2026-03-06,2026-03-11,26.74,26.62,26.87,Attn-GRU-15
528107,2026-03-06,2026-03-12,26.83,26.67,26.99,Attn-GRU-15
528107,2026-03-06,2026-03-13,26.92,26.75,27.12,Attn-GRU-15
528107,2026-03-06,2026-03-14,27.04,26.82,27.26,Attn-GRU-15
528107,2026-03-06,2026-03-15,27.16,26.91,27.4,Attn-GRU-15
528107,2026-03-06,2026-03-16,27.3,27.03,27.54,Attn-GRU-15
528107,2026-03-06,2026-03-17,27.43,27.16,27.67,Attn-GRU-15
528107,2026-03-06,2026-03-18,27.57,27.26,27.78,Attn-GRU-15
528107,2026-03-06,2026-03-19,27.69,27.42,27.86,Attn-GRU-15
528107,2026-03-06,2026-03-20,27.78,27.54,27.92,Attn-GRU-15
528107,2026-03-06,2026-03-21,27.83,27.63,27.95,Attn-GRU-15
528107,2026-03-06,2026-03-22,27.88,27.66,27.97,Attn-GRU-15
528107,2026-03-06,2026-03-23,27.91,27.75,27.98,Attn-GRU-15
528107,2026-03-06,2026-03-24,27.93,27.79,27.99,Attn-GRU-15
528107,2026-03-06,2026-03-25,27.95,27.82,28.0,Attn-GRU-15
528107,2026-03-06,2026-03-26,27.96,27.86,28.0,Attn-GRU-15
528107,2026-03-06,2026-03-27,27.98,27.9,28.0,Attn-GRU-15
528107,2026-03-06,2026-03-28,27.98,27.91,28.0,Attn-GRU-15
528107,2026-03-06,2026-03-29,27.99,27.93,28.01,Attn-GRU-15
528107,2026-03-06,2026-03-30,27.99,27.93,28.01,Attn-GRU-15
528107,2026-03-06,2026-03-31,28.0,27.95,28.01,Attn-GRU-15
528107,2026-03-06,2026-04-01,28.0,27.95,28.01,Attn-GRU-15
528107,2026-03-06,2026-04-02,28.0,27.96,28.01,Attn-GRU-15
528107,2026-03-06,2026-04-03,28.0,27.96,28.01,Attn-GRU-15
528107,2026-03-06,2026-04-04,28.0,27.97,28.01,Attn-GRU-15
528107,2026-03-06,2026-04-05,28.01,27.97,28.01,Attn-GRU-15
528108,2026-03-06,2026-03-07,24.92,24.9,24.94,Attn-GRU-15
528108,2026-03-06,2026-03-08,24.86,24.82,24.9,Attn-GRU-15
528108,2026-03-06,2026-03-09,24.8,24.76,24.87,Attn-GRU-15
528108,2026-03-06,2026-03-10,24.76,24.7,24.84,Attn-GRU-15
528108,2026-03-06,2026-03-11,24.7,24.63,24.8,Attn-GRU-15
528108,2026-03-06,2026-03-12,24.65,24.56,24.76,Attn-GRU-15
528108,2026-03-06,2026-03-13,24.59,24.49,24.73,Attn-GRU-15
528108,2026-03-06,2026-03-14,24.53,24.42,24.69,Attn-GRU-15
528108,2026-03-06,2026-03-15,24.47,24.35,24.66,Attn-GRU-15
528108,2026-03-06,2026-03-16,24.42,24.29,24.63,Attn-GRU-15
528108,2026-03-06,2026-03-17,24.36,24.22,24.59,Attn-GRU-15
528108,2026-03-06,2026-03-18,24.31,24.17,24.55,Attn-GRU-15
528108,2026-03-06,2026-03-19,24.25,24.12,24.53,Attn-GRU-15
528108,2026-03-06,2026-03-20,24.21,24.07,24.51,Attn-GRU-15
528108,2026-03-06,2026-03-21,24.16,24.04,24.47,Attn-GRU-15
528108,2026-03-06,2026-03-22,24.12,24.0,24.44,Attn-GRU-15
528108,2026-03-06,2026-03-23,24.08,23.96,24.42,Attn-GRU-15
528108,2026-03-06,2026-03-24,24.05,23.94,24.38,Attn-GRU-15
528108,2026-03-06,2026-03-25,24.04,23.92,24.34,Attn-GRU-15
528108,2026-03-06,2026-03-26,24.01,23.9,24.35,Attn-GRU-15
528108,2026-03-06,2026-03-27,23.98,23.89,24.33,Attn-GRU-15
528108,2026-03-06,2026-03-28,23.96,23.87,24.28,Attn-GRU-15
528108,2026-03-06,2026-03-29,23.95,23.86,24.23,Attn-GRU-15
528108,2026-03-06,2026-03-30,23.95,23.86,24.32,Attn-GRU-15
528108,2026-03-06,2026-03-31,23.94,23.87,24.29,Attn-GRU-15
528108,2026-03-06,2026-04-01,23.91,23.85,24.24,Attn-GRU-15
528108,2026-03-06,2026-04-02,23.92,23.85,24.26,Attn-GRU-15
528108,2026-03-06,2026-04-03,23.91,23.84,24.28,Attn-GRU-15
528108,2026-03-06,2026-04-04,23.91,23.84,24.2,Attn-GRU-15
528108,2026-03-06,2026-04-05,23.9,23.84,24.25,Attn-GRU-15
528109,2026-03-06,2026-03-07,26.05,25.95,26.14,Attn-GRU-15
528109,2026-03-06,2026-03-08,26.19,26.0,26.38,Attn-GRU-15
528109,2026-03-06,2026-03-09,26.34,26.07,26.57,Attn-GRU-15
528109,2026-03-06,2026-03-10,26.48,26.14,26.8,Attn-GRU-15
528109,2026-03-06,2026-03-11,26.67,26.22,27.06,Attn-GRU-15
528109,2026-03-06,2026-03-12,26.87,26.32,27.36,Attn-GRU-15
528109,2026-03-06,2026-03-13,27.21,26.53,27.7,Attn-GRU-15
528109,2026-03-06,2026-03-14,27.47,26.65,28.07,Attn-GRU-15
528109,2026-03-06,2026-03-15,27.77,26.85,28.34,Attn-GRU-15
528109,2026-03-06,2026-03-16,28.09,27.12,28.59,Attn-GRU-15
528109,2026-03-06,2026-03-17,28.45,27.5,28.81,Attn-GRU-15
528109,2026-03-06,2026-03-18,28.72,27.9,28.96,Attn-GRU-15
528109,2026-03-06,2026-03-19,28.86,28.16,29.05,Attn-GRU-15
528109,2026-03-06,2026-03-20,28.99,28.4,29.11,Attn-GRU-15
528109,2026-03-06,2026-03-21,29.05,28.61,29.13,Attn-GRU-15
528109,2026-03-06,2026-03-22,29.09,28.68,29.15,Attn-GRU-15
528109,2026-03-06,2026-03-23,29.11,28.84,29.15,Attn-GRU-15
528109,2026-03-06,2026-03-24,29.13,28.88,29.16,Attn-GRU-15
528109,2026-03-06,2026-03-25,29.14,28.93,29.16,Attn-GRU-15
528109,2026-03-06,2026-03-26,29.14,28.98,29.16,Attn-GRU-15
528109,2026-03-06,2026-03-27,29.15,29.04,29.16,Attn-GRU-15
528109,2026-03-06,2026-03-28,29.15,29.06,29.16,Attn-GRU-15
528109,2026-03-06,2026-03-29,29.15,29.09,29.16,Attn-GRU-15
528109,2026-03-06,2026-03-30,29.16,29.09,29.16,Attn-GRU-15
528109,2026-03-06,2026-03-31,29.16,29.1,29.16,Attn-GRU-15
528109,2026-03-06,2026-04-01,29.16,29.12,29.16,Attn-GRU-15
528109,2026-03-06,2026-04-02,29.16,29.13,29.16,Attn-GRU-15
528109,2026-03-06,2026-04-03,29.16,29.13,29.16,Attn-GRU-15
528109,2026-03-06,2026-04-04,29.16,29.13,29.16,Attn-GRU-15
528109,2026-03-06,2026-04-05,29.16,29.14,29.16,Attn-GRU-15
528110,2026-03-06,2026-03-07,45.2,45.2,45.21,Attn-GRU-15
528110,2026-03-06,2026-03-08,45.21,45.19,45.23,Attn-GRU-15
528110,2026-03-06,2026-03-09,45.22,45.19,45.25,Attn-GRU-15
528110,2026-03-06,2026-03-10,45.23,45.19,45.27,Attn-GRU-15
528110,2026-03-06,2026-03-11,45.24,45.18,45.29,Attn-GRU-15
528110,2026-03-06,2026-03-12,45.25,45.18,45.32,Attn-GRU-15
528110,2026-03-06,2026-03-13,45.26,45.18,45.35,Attn-GRU-15
528110,2026-03-06,2026-03-14,45.27,45.17,45.37,Attn-GRU-15
528110,2026-03-06,2026-03-15,45.28,45.17,45.39,Attn-GRU-15
528110,2026-03-06,2026-03-16,45.29,45.18,45.41,Attn-GRU-15
528110,2026-03-06,2026-03-17,45.29,45.16,45.41,Attn-GRU-15
528110,2026-03-06,2026-03-18,45.3,45.17,45.43,Attn-GRU-15
528110,2026-03-06,2026-03-19,45.33,45.17,45.45,Attn-GRU-15
528110,2026-03-06,2026-03-20,45.33,45.16,45.46,Attn-GRU-15
528110,2026-03-06,2026-03-21,45.35,45.16,45.48,Attn-GRU-15
528110,2026-03-06,2026-03-22,45.35,45.16,45.49,Attn-GRU-15
528110,2026-03-06,2026-03-23,45.37,45.15,45.5,Attn-GRU-15
528110,2026-03-06,2026-03-24,45.38,45.16,45.5,Attn-GRU-15
528110,2026-03-06,2026-03-25,45.4,45.18,45.52,Attn-GRU-15
528110,2026-03-06,2026-03-26,45.42,45.21,45.53,Attn-GRU-15
528110,2026-03-06,2026-03-27,45.42,45.19,45.53,Attn-GRU-15
528110,2026-03-06,2026-03-28,45.46,45.19,45.54,Attn-GRU-15
528110,2026-03-06,2026-03-29,45.46,45.22,45.55,Attn-GRU-15
528110,2026-03-06,2026-03-30,45.48,45.23,45.55,Attn-GRU-15
528110,2026-03-06,2026-03-31,45.48,45.24,45.55,Attn-GRU-15
528110,2026-03-06,2026-04-01,45.5,45.24,45.55,Attn-GRU-15
528110,2026-03-06,2026-04-02,45.51,45.27,45.56,Attn-GRU-15
528110,2026-03-06,2026-04-03,45.51,45.26,45.56,Attn-GRU-15
528110,2026-03-06,2026-04-04,45.52,45.27,45.56,Attn-GRU-15
528110,2026-03-06,2026-04-05,45.52,45.29,45.56,Attn-GRU-15
528111,2026-03-06,2026-03-07,92.34,92.22,92.46,Attn-GRU-15
528111,2026-03-06,2026-03-08,92.07,91.8,92.32,Attn-GRU-15
528111,2026-03-06,2026-03-09,91.86,91.48,92.19,Attn-GRU-15
528111,2026-03-06,2026-03-10,91.64,91.13,92.09,Attn-GRU-15
528111,2026-03-06,2026-03-11,91.41,90.77,91.98,Attn-GRU-15
528111,2026-03-06,2026-03-12,91.15,90.35,91.86,Attn-GRU-15
528111,2026-03-06,2026-03-13,90.88,89.98,91.72,Attn-GRU-15
528111,2026-03-06,2026-03-14,90.63,89.63,91.59,Attn-GRU-15
528111,2026-03-06,2026-03-15,90.36,89.26,91.46,Attn-GRU-15
528111,2026-03-06,2026-03-16,90.1,88.94,91.37,Attn-GRU-15
528111,2026-03-06,2026-03-17,89.78,88.63,91.21,Attn-GRU-15
528111,2026-03-06,2026-03-18,89.49,88.29,91.15,Attn-GRU-15
528111,2026-03-06,2026-03-19,89.23,88.0,91.08,Attn-GRU-15
528111,2026-03-06,2026-03-20,89.0,87.74,91.0,Attn-GRU-15
528111,2026-03-06,2026-03-21,88.85,87.54,90.87,Attn-GRU-15
528111,2026-03-06,2026-03-22,88.59,87.32,90.69,Attn-GRU-15
528111,2026-03-06,2026-03-23,88.36,87.09,90.64,Attn-GRU-15
528111,2026-03-06,2026-03-24,88.17,86.95,90.44,Attn-GRU-15
528111,2026-03-06,2026-03-25,88.13,87.04,90.5,Attn-GRU-15
528111,2026-03-06,2026-03-26,87.94,86.82,90.38,Attn-GRU-15
528111,2026-03-06,2026-03-27,87.82,86.71,89.98,Attn-GRU-15
528111,2026-03-06,2026-03-28,87.57,86.6,90.11,Attn-GRU-15
528111,2026-03-06,2026-03-29,87.56,86.62,89.81,Attn-GRU-15
528111,2026-03-06,2026-03-30,87.52,86.52,89.87,Attn-GRU-15
528111,2026-03-06,2026-03-31,87.55,86.53,89.84,Attn-GRU-15
528111,2026-03-06,2026-04-01,87.23,86.45,89.57,Attn-GRU-15
528111,2026-03-06,2026-04-02,87.29,86.48,89.96,Attn-GRU-15
528111,2026-03-06,2026-04-03,87.31,86.44,89.83,Attn-GRU-15
528111,2026-03-06,2026-04-04,87.14,86.38,89.53,Attn-GRU-15
528111,2026-03-06,2026-04-05,87.18,86.41,89.68,Attn-GRU-15
528112,2026-03-06,2026-03-07,34.63,34.6,34.67,Attn-GRU-15
528112,2026-03-06,2026-03-08,34.71,34.65,34.78,Attn-GRU-15
528112,2026-03-06,2026-03-09,34.81,34.7,34.91,Attn-GRU-15
528112,2026-03-06,2026-03-10,34.88,34.75,35.01,Attn-GRU-15
528112,2026-03-06,2026-03-11,34.98,34.83,35.14,Attn-GRU-15
528112,2026-03-06,2026-03-12,35.08,34.91,35.27,Attn-GRU-15
528112,2026-03-06,2026-03-13,35.2,35.0,35.39,Attn-GRU-15
528112,2026-03-06,2026-03-14,35.31,35.08,35.49,Attn-GRU-15
528112,2026-03-06,2026-03-15,35.41,35.17,35.56,Attn-GRU-15
528112,2026-03-06,2026-03-16,35.5,35.29,35.62,Attn-GRU-15
528112,2026-03-06,2026-03-17,35.57,35.36,35.66,Attn-GRU-15
528112,2026-03-06,2026-03-18,35.63,35.45,35.68,Attn-GRU-15
528112,2026-03-06,2026-03-19,35.66,35.51,35.69,Attn-GRU-15
528112,2026-03-06,2026-03-20,35.68,35.57,35.7,Attn-GRU-15
528112,2026-03-06,2026-03-21,35.69,35.6,35.7,Attn-GRU-15
528112,2026-03-06,2026-03-22,35.7,35.64,35.7,Attn-GRU-15
528112,2026-03-06,2026-03-23,35.7,35.65,35.7,Attn-GRU-15
528112,2026-03-06,2026-03-24,35.7,35.66,35.7,Attn-GRU-15
528112,2026-03-06,2026-03-25,35.7,35.68,35.7,Attn-GRU-15
528112,2026-03-06,2026-03-26,35.7,35.68,35.7,Attn-GRU-15
528112,2026-03-06,2026-03-27,35.7,35.68,35.7,Attn-GRU-15
528112,2026-03-06,2026-03-28,35.7,35.69,35.7,Attn-GRU-15
528112,2026-03-06,2026-03-29,35.7,35.69,35.7,Attn-GRU-15
528112,2026-03-06,2026-03-30,35.7,35.69,35.7,Attn-GRU-15
528112,2026-03-06,2026-03-31,35.7,35.7,35.7,Attn-GRU-15
528112,2026-03-06,2026-04-01,35.7,35.7,35.7,Attn-GRU-15
528112,2026-03-06,2026-04-02,35.7,35.7,35.7,Attn-GRU-15
528112,2026-03-06,2026-04-03,35.7,35.7,35.7,Attn-GRU-15
528112,2026-03-06,2026-04-04,35.7,35.7,35.7,Attn-GRU-15
528112,2026-03-06,2026-04-05,35.7,35.7,35.7,Attn-GRU-15
528113,2026-03-06,2026-03-07,32.44,32.41,32.47,Attn-GRU-15
528113,2026-03-06,2026-03-08,32.38,32.34,32.45,Attn-GRU-15
528113,2026-03-06,2026-03-09,32.33,32.27,32.43,Attn-GRU-15
528113,2026-03-06,2026-03-10,32.29,32.2,32.41,Attn-GRU-15
528113,2026-03-06,2026-03-11,32.24,32.14,32.39,Attn-GRU-15
528113,2026-03-06,2026-03-12,32.19,32.07,32.38,Attn-GRU-15
528113,2026-03-06,2026-03-13,32.15,31.99,32.37,Attn-GRU-15
528113,2026-03-06,2026-03-14,32.09,31.91,32.36,Attn-GRU-15
528113,2026-03-06,2026-03-15,32.04,31.84,32.36,Attn-GRU-15
528113,2026-03-06,2026-03-16,32.01,31.77,32.38,Attn-GRU-15
528113,2026-03-06,2026-03-17,31.96,31.69,32.39,Attn-GRU-15
528113,2026-03-06,2026-03-18,31.91,31.62,32.42,Attn-GRU-15
528113,2026-03-06,2026-03-19,31.87,31.56,32.47,Attn-GRU-15
528113,2026-03-06,2026-03-20,31.83,31.5,32.51,Attn-GRU-15
528113,2026-03-06,2026-03-21,31.8,31.45,32.54,Attn-GRU-15
528113,2026-03-06,2026-03-22,31.75,31.4,32.56,Attn-GRU-15
528113,2026-03-06,2026-03-23,31.71,31.35,32.62,Attn-GRU-15
528113,2026-03-06,2026-03-24,31.68,31.29,32.62,Attn-GRU-15
528113,2026-03-06,2026-03-25,31.66,31.28,32.65,Attn-GRU-15
528113,2026-03-06,2026-03-26,31.64,31.25,32.7,Attn-GRU-15
528113,2026-03-06,2026-03-27,31.6,31.22,32.69,Attn-GRU-15
528113,2026-03-06,2026-03-28,31.51,31.19,32.72,Attn-GRU-15
528113,2026-03-06,2026-03-29,31.54,31.16,32.76,Attn-GRU-15
528113,2026-03-06,2026-03-30,31.53,31.14,32.67,Attn-GRU-15
528113,2026-03-06,2026-03-31,31.52,31.14,32.73,Attn-GRU-15
528113,2026-03-06,2026-04-01,31.48,31.1,32.81,Attn-GRU-15
528113,2026-03-06,2026-04-02,31.48,31.13,32.72,Attn-GRU-15
528113,2026-03-06,2026-04-03,31.48,31.09,32.79,Attn-GRU-15
528113,2026-03-06,2026-04-04,31.48,31.08,32.81,Attn-GRU-15
528113,2026-03-06,2026-04-05,31.47,31.08,32.81,Attn-GRU-15
539156,2026-03-06,2026-03-07,50.55,50.51,50.59,Attn-GRU-15
539156,2026-03-06,2026-03-08,50.45,50.37,50.53,Attn-GRU-15
539156,2026-03-06,2026-03-09,50.38,50.27,50.49,Attn-GRU-15
539156,2026-03-06,2026-03-10,50.32,50.17,50.45,Attn-GRU-15
539156,2026-03-06,2026-03-11,50.22,50.05,50.4,Attn-GRU-15
539156,2026-03-06,2026-03-12,50.12,49.91,50.35,Attn-GRU-15
539156,2026-03-06,2026-03-13,50.02,49.76,50.29,Attn-GRU-15
539156,2026-03-06,2026-03-14,49.91,49.63,50.24,Attn-GRU-15
539156,2026-03-06,2026-03-15,49.79,49.5,50.17,Attn-GRU-15
539156,2026-03-06,2026-03-16,49.67,49.37,50.09,Attn-GRU-15
539156,2026-03-06,2026-03-17,49.54,49.23,50.0,Attn-GRU-15
539156,2026-03-06,2026-03-18,49.38,49.07,49.86,Attn-GRU-15
539156,2026-03-06,2026-03-19,49.21,48.9,49.71,Attn-GRU-15
539156,2026-03-06,2026-03-20,49.06,48.78,49.56,Attn-GRU-15
539156,2026-03-06,2026-03-21,48.94,48.69,49.42,Attn-GRU-15
539156,2026-03-06,2026-03-22,48.84,48.62,49.28,Attn-GRU-15
539156,2026-03-06,2026-03-23,48.73,48.57,49.15,Attn-GRU-15
539156,2026-03-06,2026-03-24,48.67,48.54,49.08,Attn-GRU-15
539156,2026-03-06,2026-03-25,48.64,48.52,49.08,Attn-GRU-15
539156,2026-03-06,2026-03-26,48.58,48.5,48.93,Attn-GRU-15
539156,2026-03-06,2026-03-27,48.55,48.49,48.89,Attn-GRU-15
539156,2026-03-06,2026-03-28,48.52,48.49,48.73,Attn-GRU-15
539156,2026-03-06,2026-03-29,48.52,48.48,48.85,Attn-GRU-15
539156,2026-03-06,2026-03-30,48.51,48.48,48.79,Attn-GRU-15
539156,2026-03-06,2026-03-31,48.5,48.48,48.72,Attn-GRU-15
539156,2026-03-06,2026-04-01,48.49,48.48,48.65,Attn-GRU-15
539156,2026-03-06,2026-04-02,48.5,48.48,48.67,Attn-GRU-15
539156,2026-03-06,2026-04-03,48.49,48.48,48.61,Attn-GRU-15
539156,2026-03-06,2026-04-04,48.49,48.48,48.65,Attn-GRU-15
539156,2026-03-06,2026-04-05,48.48,48.48,48.59,Attn-GRU-15
539157,2026-03-06,2026-03-07,20.37,20.35,20.38,Attn-GRU-15
539157,2026-03-06,2026-03-08,20.39,20.36,20.42,Attn-GRU-15
539157,2026-03-06,2026-03-09,20.42,20.38,20.47,Attn-GRU-15
539157,2026-03-06,2026-03-10,20.45,20.4,20.52,Attn-GRU-15
539157,2026-03-06,2026-03-11,20.49,20.42,20.57,Attn-GRU-15
539157,2026-03-06,2026-03-12,20.52,20.43,20.62,Attn-GRU-15
539157,2026-03-06,2026-03-13,20.56,20.45,20.67,Attn-GRU-15
539157,2026-03-06,2026-03-14,20.6,20.48,20.71,Attn-GRU-15
539157,2026-03-06,2026-03-15,20.62,20.49,20.74,Attn-GRU-15
539157,2026-03-06,2026-03-16,20.66,20.51,20.77,Attn-GRU-15
539157,2026-03-06,2026-03-17,20.68,20.54,20.78,Attn-GRU-15
539157,2026-03-06,2026-03-18,20.69,20.55,20.8,Attn-GRU-15
539157,2026-03-06,2026-03-19,20.71,20.57,20.81,Attn-GRU-15
539157,2026-03-06,2026-03-20,20.72,20.58,20.81,Attn-GRU-15
539157,2026-03-06,2026-03-21,20.75,20.6,20.83,Attn-GRU-15
539157,2026-03-06,2026-03-22,20.77,20.63,20.85,Attn-GRU-15
539157,2026-03-06,2026-03-23,20.78,20.65,20.85,Attn-GRU-15
539157,2026-03-06,2026-03-24,20.79,20.66,20.87,Attn-GRU-15
539157,2026-03-06,2026-03-25,20.81,20.69,20.87,Attn-GRU-15
539157,2026-03-06,2026-03-26,20.82,20.7,20.88,Attn-GRU-15
539157,2026-03-06,2026-03-27,20.84,20.71,20.89,Attn-GRU-15
539157,2026-03-06,2026-03-28,20.84,20.72,20.89,Attn-GRU-15
539157,2026-03-06,2026-03-29,20.86,20.74,20.9,Attn-GRU-15
539157,2026-03-06,2026-03-30,20.87,20.75,20.9,Attn-GRU-15
539157,2026-03-06,2026-03-31,20.87,20.76,20.9,Attn-GRU-15
539157,2026-03-06,2026-04-01,20.88,20.77,20.9,Attn-GRU-15
539157,2026-03-06,2026-04-02,20.89,20.79,20.91,Attn-GRU-15
539157,2026-03-06,2026-04-03,20.88,20.78,20.91,Attn-GRU-15
539157,2026-03-06,2026-04-04,20.89,20.81,20.91,Attn-GRU-15
539157,2026-03-06,2026-04-05,20.89,20.8,20.91,Attn-GRU-15
539158,2026-03-06,2026-03-07,46.01,45.96,46.08,Attn-GRU-15
539158,2026-03-06,2026-03-08,46.0,45.89,46.14,Attn-GRU-15
539158,2026-03-06,2026-03-09,45.98,45.82,46.2,Attn-GRU-15
539158,2026-03-06,2026-03-10,46.0,45.77,46.29,Attn-GRU-15
539158,2026-03-06,2026-03-11,46.0,45.7,46.37,Attn-GRU-15
539158,2026-03-06,2026-03-12,46.02,45.67,46.48,Attn-GRU-15
539158,2026-03-06,2026-03-13,46.04,45.62,46.61,Attn-GRU-15
539158,2026-03-06,2026-03-14,46.1,45.52,46.75,Attn-GRU-15
539158,2026-03-06,2026-03-15,46.21,45.61,46.9,Attn-GRU-15
539158,2026-03-06,2026-03-16,46.29,45.6,47.06,Attn-GRU-15
539158,2026-03-06,2026-03-17,46.33,45.54,47.18,Attn-GRU-15
539158,2026-03-06,2026-03-18,46.43,45.68,47.34,Attn-GRU-15
539158,2026-03-06,2026-03-19,46.59,45.76,47.56,Attn-GRU-15
539158,2026-03-06,2026-03-20,46.72,45.82,47.69,Attn-GRU-15
539158,2026-03-06,2026-03-21,46.88,45.97,47.94,Attn-GRU-15
539158,2026-03-06,2026-03-22,47.01,45.98,48.06,Attn-GRU-15
539158,2026-03-06,2026-03-23,47.17,46.12,48.26,Attn-GRU-15
539158,2026-03-06,2026-03-24,47.18,45.92,48.34,Attn-GRU-15
539158,2026-03-06,2026-03-25,47.41,45.85,48.58,Attn-GRU-15
539158,2026-03-06,2026-03-26,47.43,45.97,48.66,Attn-GRU-15
539158,2026-03-06,2026-03-27,47.57,46.11,48.89,Attn-GRU-15
539158,2026-03-06,2026-03-28,47.76,46.03,49.0,Attn-GRU-15
539158,2026-03-06,2026-03-29,47.88,46.15,49.1,Attn-GRU-15
539158,2026-03-06,2026-03-30,48.03,46.21,49.27,Attn-GRU-15
539158,2026-03-06,2026-03-31,48.11,46.2,49.34,Attn-GRU-15
539158,2026-03-06,2026-04-01,48.26,46.4,49.53,Attn-GRU-15
539158,2026-03-06,2026-04-02,48.33,46.23,49.57,Attn-GRU-15
539158,2026-03-06,2026-04-03,48.47,46.58,49.66,Attn-GRU-15
539158,2026-03-06,2026-04-04,48.56,46.41,49.77,Attn-GRU-15
539158,2026-03-06,2026-04-05,48.66,46.77,49.8,Attn-GRU-15
539159,2026-03-06,2026-03-07,37.38,37.37,37.38,Attn-GRU-15
539159,2026-03-06,2026-03-08,37.36,37.35,37.37,Attn-GRU-15
539159,2026-03-06,2026-03-09,37.34,37.32,37.35,Attn-GRU-15
539159,2026-03-06,2026-03-10,37.32,37.3,37.34,Attn-GRU-15
539159,2026-03-06,2026-03-11,37.3,37.28,37.32,Attn-GRU-15
539159,2026-03-06,2026-03-12,37.28,37.25,37.3,Attn-GRU-15
539159,2026-03-06,2026-03-13,37.26,37.23,37.28,Attn-GRU-15
539159,2026-03-06,2026-03-14,37.23,37.21,37.26,Attn-GRU-15
539159,2026-03-06,2026-03-15,37.21,37.19,37.24,Attn-GRU-15
539159,2026-03-06,2026-03-16,37.19,37.17,37.22,Attn-GRU-15
539159,2026-03-06,2026-03-17,37.17,37.15,37.2,Attn-GRU-15
539159,2026-03-06,2026-03-18,37.15,37.14,37.18,Attn-GRU-15
539159,2026-03-06,2026-03-19,37.14,37.13,37.16,Attn-GRU-15
539159,2026-03-06,2026-03-20,37.13,37.12,37.15,Attn-GRU-15
539159,2026-03-06,2026-03-21,37.12,37.12,37.14,Attn-GRU-15
539159,2026-03-06,2026-03-22,37.12,37.12,37.13,Attn-GRU-15
539159,2026-03-06,2026-03-23,37.12,37.12,37.12,Attn-GRU-15
539159,2026-03-06,2026-03-24,37.12,37.12,37.12,Attn-GRU-15
539159,2026-03-06,2026-03-25,37.12,37.12,37.12,Attn-GRU-15
539159,2026-03-06,2026-03-26,37.12,37.12,37.12,Attn-GRU-15
539159,2026-03-06,2026-03-27,37.12,37.12,37.12,Attn-GRU-15
539159,2026-03-06,2026-03-28,37.12,37.12,37.12,Attn-GRU-15
539159,2026-03-06,2026-03-29,37.12,37.12,37.12,Attn-GRU-15
539159,2026-03-06,2026-03-30,37.12,37.12,37.12,Attn-GRU-15
539159,2026-03-06,2026-03-31,37.12,37.12,37.12,Attn-GRU-15
539159,2026-03-06,2026-04-01,37.12,37.12,37.12,Attn-GRU-15
539159,2026-03-06,2026-04-02,37.12,37.12,37.12,Attn-GRU-15
539159,2026-03-06,2026-04-03,37.12,37.12,37.12,Attn-GRU-15
539159,2026-03-06,2026-04-04,37.12,37.12,37.12,Attn-GRU-15
539159,2026-03-06,2026-04-05,37.12,37.12,37.12,Attn-GRU-15
539162,2026-03-06,2026-03-07,32.11,32.1,32.12,Attn-GRU-15
539162,2026-03-06,2026-03-08,32.12,32.1,32.13,Attn-GRU-15
539162,2026-03-06,2026-03-09,32.13,32.09,32.15,Attn-GRU-15
539162,2026-03-06,2026-03-10,32.14,32.09,32.16,Attn-GRU-15
539162,2026-03-06,2026-03-11,32.14,32.09,32.18,Attn-GRU-15
539162,2026-03-06,2026-03-12,32.15,32.09,32.19,Attn-GRU-15
539162,2026-03-06,2026-03-13,32.16,32.09,32.2,Attn-GRU-15
539162,2026-03-06,2026-03-14,32.17,32.09,32.21,Attn-GRU-15
539162,2026-03-06,2026-03-15,32.18,32.09,32.23,Attn-GRU-15
539162,2026-03-06,2026-03-16,32.19,32.09,32.24,Attn-GRU-15
539162,2026-03-06,2026-03-17,32.2,32.1,32.25,Attn-GRU-15
539162,2026-03-06,2026-03-18,32.21,32.1,32.26,Attn-GRU-15
539162,2026-03-06,2026-03-19,32.22,32.11,32.27,Attn-GRU-15
539162,2026-03-06,2026-03-20,32.24,32.12,32.28,Attn-GRU-15
539162,2026-03-06,2026-03-21,32.25,32.13,32.3,Attn-GRU-15
539162,2026-03-06,2026-03-22,32.26,32.13,32.31,Attn-GRU-15
539162,2026-03-06,2026-03-23,32.27,32.14,32.32,Attn-GRU-15
539162,2026-03-06,2026-03-24,32.27,32.14,32.32,Attn-GRU-15
539162,2026-03-06,2026-03-25,32.27,32.15,32.32,Attn-GRU-15
539162,2026-03-06,2026-03-26,32.28,32.15,32.33,Attn-GRU-15
539162,2026-03-06,2026-03-27,32.28,32.15,32.34,Attn-GRU-15
539162,2026-03-06,2026-03-28,32.28,32.15,32.34,Attn-GRU-15
539162,2026-03-06,2026-03-29,32.28,32.16,32.34,Attn-GRU-15
539162,2026-03-06,2026-03-30,32.28,32.14,32.35,Attn-GRU-15
539162,2026-03-06,2026-03-31,32.29,32.15,32.36,Attn-GRU-15
539162,2026-03-06,2026-04-01,32.29,32.16,32.35,Attn-GRU-15
539162,2026-03-06,2026-04-02,32.28,32.14,32.35,Attn-GRU-15
539162,2026-03-06,2026-04-03,32.29,32.16,32.35,Attn-GRU-15
539162,2026-03-06,2026-04-04,32.29,32.15,32.35,Attn-GRU-15
539162,2026-03-06,2026-04-05,32.29,32.15,32.36,Attn-GRU-15
539163,2026-03-06,2026-03-07,64.76,64.73,64.78,Attn-GRU-15
539163,2026-03-06,2026-03-08,64.76,64.71,64.81,Attn-GRU-15
539163,2026-03-06,2026-03-09,64.77,64.69,64.84,Attn-GRU-15
539163,2026-03-06,2026-03-10,64.78,64.68,64.88,Attn-GRU-15
539163,2026-03-06,2026-03-11,64.79,64.67,64.91,Attn-GRU-15
539163,2026-03-06,2026-03-12,64.8,64.66,64.95,Attn-GRU-15
539163,2026-03-06,2026-03-13,64.81,64.65,65.0,Attn-GRU-15
539163,2026-03-06,2026-03-14,64.81,64.63,65.03,Attn-GRU-15
539163,2026-03-06,2026-03-15,64.82,64.62,65.06,Attn-GRU-15
539163,2026-03-06,2026-03-16,64.84,64.62,65.11,Attn-GRU-15
539163,2026-03-06,2026-03-17,64.84,64.6,65.13,Attn-GRU-15
539163,2026-03-06,2026-03-18,64.84,64.6,65.14,Attn-GRU-15
539163,2026-03-06,2026-03-19,64.84,64.58,65.17,Attn-GRU-15
539163,2026-03-06,2026-03-20,64.83,64.53,65.18,Attn-GRU-15
539163,2026-03-06,2026-03-21,64.86,64.54,65.21,Attn-GRU-15
539163,2026-03-06,2026-03-22,64.88,64.52,65.24,Attn-GRU-15
539163,2026-03-06,2026-03-23,64.85,64.47,65.22,Attn-GRU-15
539163,2026-03-06,2026-03-24,64.86,64.48,65.23,Attn-GRU-15
539163,2026-03-06,2026-03-25,64.86,64.48,65.29,Attn-GRU-15
539163,2026-03-06,2026-03-26,64.9,64.44,65.34,Attn-GRU-15
539163,2026-03-06,2026-03-27,64.94,64.47,65.38,Attn-GRU-15
539163,2026-03-06,2026-03-28,64.86,64.37,65.34,Attn-GRU-15
539163,2026-03-06,2026-03-29,64.91,64.36,65.46,Attn-GRU-15
539163,2026-03-06,2026-03-30,64.98,64.48,65.51,Attn-GRU-15
539163,2026-03-06,2026-03-31,65.01,64.47,65.61,Attn-GRU-15
539163,2026-03-06,2026-04-01,64.94,64.36,65.53,Attn-GRU-15
539163,2026-03-06,2026-04-02,65.05,64.34,65.6,Attn-GRU-15
539163,2026-03-06,2026-04-03,65.04,64.4,65.64,Attn-GRU-15
539163,2026-03-06,2026-04-04,65.1,64.45,65.75,Attn-GRU-15
539163,2026-03-06,2026-04-05,65.12,64.43,65.75,Attn-GRU-15
539164,2026-03-06,2026-03-07,64.02,63.95,64.1,Attn-GRU-15
539164,2026-03-06,2026-03-08,64.07,63.91,64.21,Attn-GRU-15
539164,2026-03-06,2026-03-09,64.13,63.89,64.36,Attn-GRU-15
539164,2026-03-06,2026-03-10,64.19,63.86,64.51,Attn-GRU-15
539164,2026-03-06,2026-03-11,64.26,63.84,64.65,Attn-GRU-15
539164,2026-03-06,2026-03-12,64.32,63.81,64.8,Attn-GRU-15
539164,2026-03-06,2026-03-13,64.41,63.8,64.97,Attn-GRU-15
539164,2026-03-06,2026-03-14,64.49,63.79,65.12,Attn-GRU-15
539164,2026-03-06,2026-03-15,64.56,63.77,65.23,Attn-GRU-15
539164,2026-03-06,2026-03-16,64.68,63.79,65.43,Attn-GRU-15
539164,2026-03-06,2026-03-17,64.72,63.8,65.53,Attn-GRU-15
539164,2026-03-06,2026-03-18,64.77,63.81,65.6,Attn-GRU-15
539164,2026-03-06,2026-03-19,64.79,63.83,65.71,Attn-GRU-15
539164,2026-03-06,2026-03-20,64.79,63.89,65.71,Attn-GRU-15
539164,2026-03-06,2026-03-21,64.92,63.97,65.89,Attn-GRU-15
539164,2026-03-06,2026-03-22,65.02,63.97,66.08,Attn-GRU-15
539164,2026-03-06,2026-03-23,65.04,63.92,66.17,Attn-GRU-15
539164,2026-03-06,2026-03-24,65.08,63.97,66.39,Attn-GRU-15
539164,2026-03-06,2026-03-25,65.2,64.0,66.4,Attn-GRU-15
539164,2026-03-06,2026-03-26,65.28,63.98,66.59,Attn-GRU-15
539164,2026-03-06,2026-03-27,65.52,63.98,66.9,Attn-GRU-15
539164,2026-03-06,2026-03-28,65.31,63.88,66.84,Attn-GRU-15
539164,2026-03-06,2026-03-29,65.62,63.99,67.12,Attn-GRU-15
539164,2026-03-06,2026-03-30,65.7,63.98,67.15,Attn-GRU-15
539164,2026-03-06,2026-03-31,65.93,64.15,67.5,Attn-GRU-15
539164,2026-03-06,2026-04-01,65.77,63.9,67.32,Attn-GRU-15
539164,2026-03-06,2026-04-02,65.98,63.83,67.7,Attn-GRU-15
539164,2026-03-06,2026-04-03,66.08,64.11,67.57,Attn-GRU-15
539164,2026-03-06,2026-04-04,66.3,64.07,67.82,Attn-GRU-15
539164,2026-03-06,2026-04-05,66.28,64.19,67.84,Attn-GRU-15
539165,2026-03-06,2026-03-07,15.23,15.2,15.25,Attn-GRU-15
539165,2026-03-06,2026-03-08,15.27,15.22,15.31,Attn-GRU-15
539165,2026-03-06,2026-03-09,15.31,15.23,15.38,Attn-GRU-15
539165,2026-03-06,2026-03-10,15.35,15.25,15.45,Attn-GRU-15
539165,2026-03-06,2026-03-11,15.4,15.26,15.51,Attn-GRU-15
539165,2026-03-06,2026-03-12,15.45,15.29,15.57,Attn-GRU-15
539165,2026-03-06,2026-03-13,15.49,15.31,15.64,Attn-GRU-15
539165,2026-03-06,2026-03-14,15.54,15.33,15.7,Attn-GRU-15
539165,2026-03-06,2026-03-15,15.58,15.38,15.76,Attn-GRU-15
539165,2026-03-06,2026-03-16,15.64,15.42,15.82,Attn-GRU-15
539165,2026-03-06,2026-03-17,15.68,15.43,15.86,Attn-GRU-15
539165,2026-03-06,2026-03-18,15.72,15.49,15.9,Attn-GRU-15
539165,2026-03-06,2026-03-19,15.78,15.56,15.94,Attn-GRU-15
539165,2026-03-06,2026-03-20,15.8,15.6,15.97,Attn-GRU-15
539165,2026-03-06,2026-03-21,15.86,15.65,16.01,Attn-GRU-15
539165,2026-03-06,2026-03-22,15.9,15.69,16.05,Attn-GRU-15
539165,2026-03-06,2026-03-23,15.93,15.76,16.07,Attn-GRU-15
539165,2026-03-06,2026-03-24,15.96,15.76,16.09,Attn-GRU-15
539165,2026-03-06,2026-03-25,15.99,15.8,16.1,Attn-GRU-15
539165,2026-03-06,2026-03-26,16.01,15.84,16.12,Attn-GRU-15
539165,2026-03-06,2026-03-27,16.05,15.89,16.13,Attn-GRU-15
539165,2026-03-06,2026-03-28,16.05,15.91,16.13,Attn-GRU-15
539165,2026-03-06,2026-03-29,16.08,15.94,16.14,Attn-GRU-15
539165,2026-03-06,2026-03-30,16.09,15.98,16.15,Attn-GRU-15
539165,2026-03-06,2026-03-31,16.1,15.98,16.15,Attn-GRU-15
539165,2026-03-06,2026-04-01,16.11,16.01,16.15,Attn-GRU-15
539165,2026-03-06,2026-04-02,16.12,16.03,16.16,Attn-GRU-15
539165,2026-03-06,2026-04-03,16.12,16.03,16.16,Attn-GRU-15
539165,2026-03-06,2026-04-04,16.13,16.04,16.16,Attn-GRU-15
539165,2026-03-06,2026-04-05,16.13,16.03,16.16,Attn-GRU-15
539166,2026-03-06,2026-03-07,25.14,25.12,25.15,Attn-GRU-15
539166,2026-03-06,2026-03-08,25.12,25.08,25.15,Attn-GRU-15
539166,2026-03-06,2026-03-09,25.1,25.06,25.15,Attn-GRU-15
539166,2026-03-06,2026-03-10,25.09,25.03,25.16,Attn-GRU-15
539166,2026-03-06,2026-03-11,25.07,24.99,25.16,Attn-GRU-15
539166,2026-03-06,2026-03-12,25.06,24.96,25.16,Attn-GRU-15
539166,2026-03-06,2026-03-13,25.05,24.93,25.17,Attn-GRU-15
539166,2026-03-06,2026-03-14,25.04,24.9,25.19,Attn-GRU-15
539166,2026-03-06,2026-03-15,25.03,24.87,25.21,Attn-GRU-15
539166,2026-03-06,2026-03-16,25.02,24.84,25.23,Attn-GRU-15
539166,2026-03-06,2026-03-17,25.01,24.8,25.24,Attn-GRU-15
539166,2026-03-06,2026-03-18,25.0,24.77,25.25,Attn-GRU-15
539166,2026-03-06,2026-03-19,24.99,24.75,25.28,Attn-GRU-15
539166,2026-03-06,2026-03-20,24.98,24.72,25.29,Attn-GRU-15
539166,2026-03-06,2026-03-21,24.99,24.69,25.3,Attn-GRU-15
539166,2026-03-06,2026-03-22,24.98,24.68,25.32,Attn-GRU-15
539166,2026-03-06,2026-03-23,24.95,24.64,25.33,Attn-GRU-15
539166,2026-03-06,2026-03-24,24.96,24.63,25.32,Attn-GRU-15
539166,2026-03-06,2026-03-25,24.98,24.64,25.38,Attn-GRU-15
539166,2026-03-06,2026-03-26,24.99,24.64,25.38,Attn-GRU-15
539166,2026-03-06,2026-03-27,24.94,24.59,25.37,Attn-GRU-15
539166,2026-03-06,2026-03-28,24.97,24.61,25.41,Attn-GRU-15
539166,2026-03-06,2026-03-29,24.97,24.57,25.41,Attn-GRU-15
539166,2026-03-06,2026-03-30,24.96,24.57,25.47,Attn-GRU-15
539166,2026-03-06,2026-03-31,25.02,24.56,25.49,Attn-GRU-15
539166,2026-03-06,2026-04-01,25.01,24.54,25.51,Attn-GRU-15
539166,2026-03-06,2026-04-02,25.06,24.6,25.51,Attn-GRU-15
539166,2026-03-06,2026-04-03,25.06,24.57,25.56,Attn-GRU-15
539166,2026-03-06,2026-04-04,25.07,24.56,25.58,Attn-GRU-15
539166,2026-03-06,2026-04-05,25.13,24.62,25.6,Attn-GRU-15
539167,2026-03-06,2026-03-07,17.06,17.04,17.08,Attn-GRU-15
539167,2026-03-06,2026-03-08,17.09,17.05,17.13,Attn-GRU-15
539167,2026-03-06,2026-03-09,17.11,17.05,17.17,Attn-GRU-15
539167,2026-03-06,2026-03-10,17.13,17.06,17.23,Attn-GRU-15
539167,2026-03-06,2026-03-11,17.16,17.07,17.28,Attn-GRU-15
539167,2026-03-06,2026-03-12,17.2,17.09,17.34,Attn-GRU-15
539167,2026-03-06,2026-03-13,17.24,17.11,17.41,Attn-GRU-15
539167,2026-03-06,2026-03-14,17.28,17.11,17.45,Attn-GRU-15
539167,2026-03-06,2026-03-15,17.34,17.17,17.54,Attn-GRU-15
539167,2026-03-06,2026-03-16,17.4,17.22,17.6,Attn-GRU-15
539167,2026-03-06,2026-03-17,17.45,17.24,17.64,Attn-GRU-15
539167,2026-03-06,2026-03-18,17.52,17.31,17.7,Attn-GRU-15
539167,2026-03-06,2026-03-19,17.58,17.34,17.75,Attn-GRU-15
539167,2026-03-06,2026-03-20,17.65,17.39,17.81,Attn-GRU-15
539167,2026-03-06,2026-03-21,17.74,17.48,17.88,Attn-GRU-15
539167,2026-03-06,2026-03-22,17.78,17.53,17.91,Attn-GRU-15
539167,2026-03-06,2026-03-23,17.8,17.54,17.93,Attn-GRU-15
539167,2026-03-06,2026-03-24,17.83,17.56,17.96,Attn-GRU-15
539167,2026-03-06,2026-03-25,17.86,17.65,17.98,Attn-GRU-15
539167,2026-03-06,2026-03-26,17.88,17.63,17.98,Attn-GRU-15
539167,2026-03-06,2026-03-27,17.91,17.66,17.99,Attn-GRU-15
539167,2026-03-06,2026-03-28,17.92,17.69,18.0,Attn-GRU-15
539167,2026-03-06,2026-03-29,17.94,17.74,18.01,Attn-GRU-15
539167,2026-03-06,2026-03-30,17.95,17.8,18.02,Attn-GRU-15
539167,2026-03-06,2026-03-31,17.97,17.8,18.02,Attn-GRU-15
539167,2026-03-06,2026-04-01,17.98,17.83,18.02,Attn-GRU-15
539167,2026-03-06,2026-04-02,17.99,17.84,18.03,Attn-GRU-15
539167,2026-03-06,2026-04-03,17.99,17.86,18.03,Attn-GRU-15
539167,2026-03-06,2026-04-04,18.0,17.85,18.03,Attn-GRU-15
539167,2026-03-06,2026-04-05,18.0,17.88,18.03,Attn-GRU-15
539168,2026-03-06,2026-03-07,45.59,45.58,45.6,Attn-GRU-15
539168,2026-03-06,2026-03-08,45.57,45.55,45.59,Attn-GRU-15
539168,2026-03-06,2026-03-09,45.56,45.52,45.59,Attn-GRU-15
539168,2026-03-06,2026-03-10,45.54,45.49,45.58,Attn-GRU-15
539168,2026-03-06,2026-03-11,45.52,45.47,45.58,Attn-GRU-15
539168,2026-03-06,2026-03-12,45.5,45.43,45.57,Attn-GRU-15
539168,2026-03-06,2026-03-13,45.48,45.4,45.57,Attn-GRU-15
539168,2026-03-06,2026-03-14,45.46,45.37,45.56,Attn-GRU-15
539168,2026-03-06,2026-03-15,45.44,45.34,45.56,Attn-GRU-15
539168,2026-03-06,2026-03-16,45.43,45.3,45.56,Attn-GRU-15
539168,2026-03-06,2026-03-17,45.41,45.27,45.56,Attn-GRU-15
539168,2026-03-06,2026-03-18,45.39,45.24,45.55,Attn-GRU-15
539168,2026-03-06,2026-03-19,45.37,45.21,45.55,Attn-GRU-15
539168,2026-03-06,2026-03-20,45.36,45.18,45.53,Attn-GRU-15
539168,2026-03-06,2026-03-21,45.34,45.16,45.54,Attn-GRU-15
539168,2026-03-06,2026-03-22,45.32,45.13,45.53,Attn-GRU-15
539168,2026-03-06,2026-03-23,45.29,45.1,45.52,Attn-GRU-15
539168,2026-03-06,2026-03-24,45.27,45.07,45.5,Attn-GRU-15
539168,2026-03-06,2026-03-25,45.27,45.05,45.52,Attn-GRU-15
539168,2026-03-06,2026-03-26,45.23,45.02,45.52,Attn-GRU-15
539168,2026-03-06,2026-03-27,45.22,45.0,45.48,Attn-GRU-15
539168,2026-03-06,2026-03-28,45.19,44.96,45.48,Attn-GRU-15
539168,2026-03-06,2026-03-29,45.15,44.96,45.47,Attn-GRU-15
539168,2026-03-06,2026-03-30,45.18,44.96,45.47,Attn-GRU-15
539168,2026-03-06,2026-03-31,45.16,44.96,45.5,Attn-GRU-15
539168,2026-03-06,2026-04-01,45.13,44.92,45.43,Attn-GRU-15
539168,2026-03-06,2026-04-02,45.15,44.94,45.47,Attn-GRU-15
539168,2026-03-06,2026-04-03,45.14,44.93,45.44,Attn-GRU-15
539168,2026-03-06,2026-04-04,45.09,44.9,45.44,Attn-GRU-15
539168,2026-03-06,2026-04-05,45.11,44.92,45.5,Attn-GRU-15
539169,2026-03-06,2026-03-07,14.32,14.3,14.34,Attn-GRU-15
539169,2026-03-06,2026-03-08,14.35,14.32,14.39,Attn-GRU-15
539169,2026-03-06,2026-03-09,14.39,14.33,14.45,Attn-GRU-15
539169,2026-03-06,2026-03-10,14.44,14.35,14.52,Attn-GRU-15
539169,2026-03-06,2026-03-11,14.47,14.38,14.58,Attn-GRU-15
539169,2026-03-06,2026-03-12,14.52,14.41,14.65,Attn-GRU-15
539169,2026-03-06,2026-03-13,14.58,14.44,14.72,Attn-GRU-15
539169,2026-03-06,2026-03-14,14.64,14.49,14.8,Attn-GRU-15
539169,2026-03-06,2026-03-15,14.71,14.54,14.87,Attn-GRU-15
539169,2026-03-06,2026-03-16,14.79,14.6,14.95,Attn-GRU-15
539169,2026-03-06,2026-03-17,14.84,14.65,15.01,Attn-GRU-15
539169,2026-03-06,2026-03-18,14.91,14.73,15.06,Attn-GRU-15
539169,2026-03-06,2026-03-19,14.96,14.78,15.08,Attn-GRU-15
539169,2026-03-06,2026-03-20,15.01,14.84,15.12,Attn-GRU-15
539169,2026-03-06,2026-03-21,15.05,14.88,15.13,Attn-GRU-15
539169,2026-03-06,2026-03-22,15.08,14.93,15.15,Attn-GRU-15
539169,2026-03-06,2026-03-23,15.09,14.95,15.16,Attn-GRU-15
539169,2026-03-06,2026-03-24,15.11,14.99,15.16,Attn-GRU-15
539169,2026-03-06,2026-03-25,15.13,15.02,15.17,Attn-GRU-15
539169,2026-03-06,2026-03-26,15.13,15.01,15.17,Attn-GRU-15
539169,2026-03-06,2026-03-27,15.14,15.04,15.17,Attn-GRU-15
539169,2026-03-06,2026-03-28,15.15,15.06,15.17,Attn-GRU-15
539169,2026-03-06,2026-03-29,15.15,15.08,15.17,Attn-GRU-15
539169,2026-03-06,2026-03-30,15.16,15.09,15.17,Attn-GRU-15
539169,2026-03-06,2026-03-31,15.16,15.11,15.18,Attn-GRU-15
539169,2026-03-06,2026-04-01,15.17,15.11,15.18,Attn-GRU-15
539169,2026-03-06,2026-04-02,15.17,15.13,15.18,Attn-GRU-15
539169,2026-03-06,2026-04-03,15.17,15.13,15.18,Attn-GRU-15
539169,2026-03-06,2026-04-04,15.17,15.13,15.18,Attn-GRU-15
539169,2026-03-06,2026-04-05,15.17,15.14,15.18,Attn-GRU-15
539171,2026-03-06,2026-03-07,62.43,62.3,62.53,Attn-GRU-15
539171,2026-03-06,2026-03-08,62.13,61.9,62.33,Attn-GRU-15
539171,2026-03-06,2026-03-09,61.87,61.53,62.17,Attn-GRU-15
539171,2026-03-06,2026-03-10,61.61,61.18,62.01,Attn-GRU-15
539171,2026-03-06,2026-03-11,61.34,60.81,61.81,Attn-GRU-15
539171,2026-03-06,2026-03-12,61.05,60.4,61.6,Attn-GRU-15
539171,2026-03-06,2026-03-13,60.75,60.0,61.36,Attn-GRU-15
539171,2026-03-06,2026-03-14,60.48,59.57,61.19,Attn-GRU-15
539171,2026-03-06,2026-03-15,60.21,59.16,61.06,Attn-GRU-15
539171,2026-03-06,2026-03-16,59.97,58.8,60.95,Attn-GRU-15
539171,2026-03-06,2026-03-17,59.63,58.4,60.81,Attn-GRU-15
539171,2026-03-06,2026-03-18,59.4,58.04,60.73,Attn-GRU-15
539171,2026-03-06,2026-03-19,59.07,57.66,60.59,Attn-GRU-15
539171,2026-03-06,2026-03-20,58.81,57.32,60.53,Attn-GRU-15
539171,2026-03-06,2026-03-21,58.53,57.08,60.47,Attn-GRU-15
539171,2026-03-06,2026-03-22,58.21,56.85,60.35,Attn-GRU-15
539171,2026-03-06,2026-03-23,57.93,56.41,59.97,Attn-GRU-15
539171,2026-03-06,2026-03-24,57.65,56.33,59.74,Attn-GRU-15
539171,2026-03-06,2026-03-25,57.57,56.24,59.64,Attn-GRU-15
539171,2026-03-06,2026-03-26,57.13,56.09,59.73,Attn-GRU-15
539171,2026-03-06,2026-03-27,57.07,55.8,59.4,Attn-GRU-15
539171,2026-03-06,2026-03-28,56.61,55.47,59.01,Attn-GRU-15
539171,2026-03-06,2026-03-29,56.57,55.51,59.13,Attn-GRU-15
539171,2026-03-06,2026-03-30,56.57,55.55,59.47,Attn-GRU-15
539171,2026-03-06,2026-03-31,56.56,55.54,59.11,Attn-GRU-15
539171,2026-03-06,2026-04-01,56.22,55.1,58.72,Attn-GRU-15
539171,2026-03-06,2026-04-02,56.29,55.22,58.91,Attn-GRU-15
539171,2026-03-06,2026-04-03,56.45,55.19,58.89,Attn-GRU-15
539171,2026-03-06,2026-04-04,56.04,54.91,58.48,Attn-GRU-15
539171,2026-03-06,2026-04-05,56.08,55.11,59.07,Attn-GRU-15
539173,2026-03-06,2026-03-07,56.33,56.23,56.45,Attn-GRU-15
539173,2026-03-06,2026-03-08,56.53,56.29,56.74,Attn-GRU-15
539173,2026-03-06,2026-03-09,56.71,56.32,57.06,Attn-GRU-15
539173,2026-03-06,2026-03-10,56.95,56.47,57.42,Attn-GRU-15
539173,2026-03-06,2026-03-11,57.09,56.5,57.74,Attn-GRU-15
539173,2026-03-06,2026-03-12,57.37,56.61,58.17,Attn-GRU-15
539173,2026-03-06,2026-03-13,57.63,56.73,58.6,Attn-GRU-15
539173,2026-03-06,2026-03-14,57.79,56.73,58.89,Attn-GRU-15
539173,2026-03-06,2026-03-15,58.24,57.15,59.44,Attn-GRU-15
539173,2026-03-06,2026-03-16,58.58,57.31,59.82,Attn-GRU-15
539173,2026-03-06,2026-03-17,58.87,57.42,60.16,Attn-GRU-15
539173,2026-03-06,2026-03-18,59.24,57.82,60.57,Attn-GRU-15
539173,2026-03-06,2026-03-19,59.61,58.03,60.86,Attn-GRU-15
539173,2026-03-06,2026-03-20,59.84,58.35,61.09,Attn-GRU-15
539173,2026-03-06,2026-03-21,60.42,58.87,61.47,Attn-GRU-15
539173,2026-03-06,2026-03-22,60.67,59.24,61.66,Attn-GRU-15
539173,2026-03-06,2026-03-23,60.93,59.59,61.8,Attn-GRU-15
539173,2026-03-06,2026-03-24,61.1,59.66,61.98,Attn-GRU-15
539173,2026-03-06,2026-03-25,61.24,60.07,62.06,Attn-GRU-15
539173,2026-03-06,2026-03-26,61.36,59.95,62.15,Attn-GRU-15
539173,2026-03-06,2026-03-27,61.59,60.31,62.26,Attn-GRU-15
539173,2026-03-06,2026-03-28,61.7,60.54,62.29,Attn-GRU-15
539173,2026-03-06,2026-03-29,61.83,60.74,62.32,Attn-GRU-15
539173,2026-03-06,2026-03-30,61.98,61.21,62.38,Attn-GRU-15
539173,2026-03-06,2026-03-31,62.03,61.14,62.41,Attn-GRU-15
539173,2026-03-06,2026-04-01,62.09,61.32,62.4,Attn-GRU-15
539173,2026-03-06,2026-04-02,62.18,61.42,62.43,Attn-GRU-15
539173,2026-03-06,2026-04-03,62.19,61.43,62.43,Attn-GRU-15
539173,2026-03-06,2026-04-04,62.22,61.43,62.43,Attn-GRU-15
539173,2026-03-06,2026-04-05,62.25,61.68,62.45,Attn-GRU-15
539273,2026-03-06,2026-03-07,32.11,32.06,32.18,Attn-GRU-15
539273,2026-03-06,2026-03-08,32.2,32.1,32.33,Attn-GRU-15
539273,2026-03-06,2026-03-09,32.3,32.15,32.48,Attn-GRU-15
539273,2026-03-06,2026-03-10,32.42,32.2,32.67,Attn-GRU-15
539273,2026-03-06,2026-03-11,32.52,32.25,32.86,Attn-GRU-15
539273,2026-03-06,2026-03-12,32.68,32.29,33.07,Attn-GRU-15
539273,2026-03-06,2026-03-13,32.86,32.44,33.31,Attn-GRU-15
539273,2026-03-06,2026-03-14,33.03,32.52,33.54,Attn-GRU-15
539273,2026-03-06,2026-03-15,33.24,32.65,33.76,Attn-GRU-15
539273,2026-03-06,2026-03-16,33.45,32.81,34.04,Attn-GRU-15
539273,2026-03-06,2026-03-17,33.58,32.95,34.26,Attn-GRU-15
539273,2026-03-06,2026-03-18,33.78,33.11,34.41,Attn-GRU-15
539273,2026-03-06,2026-03-19,34.04,33.39,34.64,Attn-GRU-15
539273,2026-03-06,2026-03-20,34.25,33.52,34.8,Attn-GRU-15
539273,2026-03-06,2026-03-21,34.56,33.78,35.05,Attn-GRU-15
539273,2026-03-06,2026-03-22,34.71,33.84,35.17,Attn-GRU-15
539273,2026-03-06,2026-03-23,34.86,34.03,35.29,Attn-GRU-15
539273,2026-03-06,2026-03-24,34.98,34.17,35.38,Attn-GRU-15
539273,2026-03-06,2026-03-25,35.09,34.23,35.46,Attn-GRU-15
539273,2026-03-06,2026-03-26,35.19,34.33,35.51,Attn-GRU-15
539273,2026-03-06,2026-03-27,35.28,34.6,35.59,Attn-GRU-15
539273,2026-03-06,2026-03-28,35.36,34.6,35.63,Attn-GRU-15
539273,2026-03-06,2026-03-29,35.4,34.82,35.65,Attn-GRU-15
539273,2026-03-06,2026-03-30,35.48,34.89,35.72,Attn-GRU-15
539273,2026-03-06,2026-03-31,35.53,34.98,35.74,Attn-GRU-15
539273,2026-03-06,2026-04-01,35.55,35.05,35.74,Attn-GRU-15
539273,2026-03-06,2026-04-02,35.61,35.2,35.77,Attn-GRU-15
539273,2026-03-06,2026-04-03,35.62,35.15,35.77,Attn-GRU-15
539273,2026-03-06,2026-04-04,35.66,35.25,35.78,Attn-GRU-15
539273,2026-03-06,2026-04-05,35.67,35.25,35.79,Attn-GRU-15
539274,2026-03-06,2026-03-07,31.57,31.56,31.58,Attn-GRU-15
539274,2026-03-06,2026-03-08,31.57,31.55,31.6,Attn-GRU-15
539274,2026-03-06,2026-03-09,31.57,31.54,31.6,Attn-GRU-15
539274,2026-03-06,2026-03-10,31.58,31.53,31.62,Attn-GRU-15
539274,2026-03-06,2026-03-11,31.58,31.53,31.63,Attn-GRU-15
539274,2026-03-06,2026-03-12,31.58,31.53,31.66,Attn-GRU-15
539274,2026-03-06,2026-03-13,31.59,31.52,31.67,Attn-GRU-15
539274,2026-03-06,2026-03-14,31.59,31.51,31.71,Attn-GRU-15
539274,2026-03-06,2026-03-15,31.62,31.52,31.74,Attn-GRU-15
539274,2026-03-06,2026-03-16,31.63,31.53,31.77,Attn-GRU-15
539274,2026-03-06,2026-03-17,31.65,31.53,31.83,Attn-GRU-15
539274,2026-03-06,2026-03-18,31.68,31.55,31.87,Attn-GRU-15
539274,2026-03-06,2026-03-19,31.71,31.57,31.91,Attn-GRU-15
539274,2026-03-06,2026-03-20,31.75,31.58,31.96,Attn-GRU-15
539274,2026-03-06,2026-03-21,31.81,31.63,32.02,Attn-GRU-15
539274,2026-03-06,2026-03-22,31.83,31.64,32.07,Attn-GRU-15
539274,2026-03-06,2026-03-23,31.88,31.68,32.1,Attn-GRU-15
539274,2026-03-06,2026-03-24,31.86,31.62,32.14,Attn-GRU-15
539274,2026-03-06,2026-03-25,31.91,31.68,32.17,Attn-GRU-15
539274,2026-03-06,2026-03-26,31.9,31.68,32.18,Attn-GRU-15
539274,2026-03-06,2026-03-27,31.96,31.73,32.22,Attn-GRU-15
539274,2026-03-06,2026-03-28,31.98,31.73,32.23,Attn-GRU-15
539274,2026-03-06,2026-03-29,31.99,31.74,32.24,Attn-GRU-15
539274,2026-03-06,2026-03-30,32.04,31.79,32.26,Attn-GRU-15
539274,2026-03-06,2026-03-31,32.06,31.79,32.29,Attn-GRU-15
539274,2026-03-06,2026-04-01,32.1,31.86,32.3,Attn-GRU-15
539274,2026-03-06,2026-04-02,32.09,31.8,32.32,Attn-GRU-15
539274,2026-03-06,2026-04-03,32.12,31.88,32.33,Attn-GRU-15
539274,2026-03-06,2026-04-04,32.12,31.83,32.33,Attn-GRU-15
539274,2026-03-06,2026-04-05,32.14,31.88,32.34,Attn-GRU-15
539275,2026-03-06,2026-03-07,20.95,20.94,20.96,Attn-GRU-15
539275,2026-03-06,2026-03-08,20.95,20.92,20.97,Attn-GRU-15
539275,2026-03-06,2026-03-09,20.94,20.9,20.97,Attn-GRU-15
539275,2026-03-06,2026-03-10,20.94,20.88,20.97,Attn-GRU-15
539275,2026-03-06,2026-03-11,20.93,20.87,20.97,Attn-GRU-15
539275,2026-03-06,2026-03-12,20.93,20.85,20.99,Attn-GRU-15
539275,2026-03-06,2026-03-13,20.93,20.84,21.0,Attn-GRU-15
539275,2026-03-06,2026-03-14,20.94,20.83,21.01,Attn-GRU-15
539275,2026-03-06,2026-03-15,20.95,20.83,21.03,Attn-GRU-15
539275,2026-03-06,2026-03-16,20.96,20.84,21.06,Attn-GRU-15
539275,2026-03-06,2026-03-17,20.98,20.84,21.07,Attn-GRU-15
539275,2026-03-06,2026-03-18,21.0,20.86,21.1,Attn-GRU-15
539275,2026-03-06,2026-03-19,21.04,20.87,21.13,Attn-GRU-15
539275,2026-03-06,2026-03-20,21.07,20.88,21.17,Attn-GRU-15
539275,2026-03-06,2026-03-21,21.09,20.91,21.21,Attn-GRU-15
539275,2026-03-06,2026-03-22,21.12,20.91,21.24,Attn-GRU-15
539275,2026-03-06,2026-03-23,21.15,20.91,21.29,Attn-GRU-15
539275,2026-03-06,2026-03-24,21.17,20.9,21.3,Attn-GRU-15
539275,2026-03-06,2026-03-25,21.19,20.89,21.34,Attn-GRU-15
539275,2026-03-06,2026-03-26,21.2,20.89,21.36,Attn-GRU-15
539275,2026-03-06,2026-03-27,21.21,20.91,21.37,Attn-GRU-15
539275,2026-03-06,2026-03-28,21.24,20.91,21.4,Attn-GRU-15
539275,2026-03-06,2026-03-29,21.26,20.93,21.41,Attn-GRU-15
539275,2026-03-06,2026-03-30,21.26,20.9,21.44,Attn-GRU-15
539275,2026-03-06,2026-03-31,21.29,20.94,21.47,Attn-GRU-15
539275,2026-03-06,2026-04-01,21.34,20.99,21.52,Attn-GRU-15
539275,2026-03-06,2026-04-02,21.28,20.91,21.48,Attn-GRU-15
539275,2026-03-06,2026-04-03,21.34,20.98,21.54,Attn-GRU-15
539275,2026-03-06,2026-04-04,21.34,20.95,21.54,Attn-GRU-15
539275,2026-03-06,2026-04-05,21.37,21.0,21.56,Attn-GRU-15
539276,2026-03-06,2026-03-07,53.12,53.07,53.13,Attn-GRU-15
539276,2026-03-06,2026-03-08,53.15,53.06,53.18,Attn-GRU-15
539276,2026-03-06,2026-03-09,53.19,53.04,53.23,Attn-GRU-15
539276,2026-03-06,2026-03-10,53.22,53.02,53.28,Attn-GRU-15
539276,2026-03-06,2026-03-11,53.25,53.01,53.31,Attn-GRU-15
539276,2026-03-06,2026-03-12,53.27,53.0,53.35,Attn-GRU-15
539276,2026-03-06,2026-03-13,53.29,52.99,53.39,Attn-GRU-15
539276,2026-03-06,2026-03-14,53.31,52.97,53.42,Attn-GRU-15
539276,2026-03-06,2026-03-15,53.35,52.98,53.46,Attn-GRU-15
539276,2026-03-06,2026-03-16,53.38,53.0,53.51,Attn-GRU-15
539276,2026-03-06,2026-03-17,53.4,53.0,53.55,Attn-GRU-15
539276,2026-03-06,2026-03-18,53.44,53.02,53.58,Attn-GRU-15
539276,2026-03-06,2026-03-19,53.47,53.04,53.63,Attn-GRU-15
539276,2026-03-06,2026-03-20,53.49,53.04,53.66,Attn-GRU-15
539276,2026-03-06,2026-03-21,53.51,53.04,53.73,Attn-GRU-15
539276,2026-03-06,2026-03-22,53.52,53.03,53.77,Attn-GRU-15
539276,2026-03-06,2026-03-23,53.54,53.02,53.81,Attn-GRU-15
539276,2026-03-06,2026-03-24,53.53,52.97,53.84,Attn-GRU-15
539276,2026-03-06,2026-03-25,53.61,53.0,53.88,Attn-GRU-15
539276,2026-03-06,2026-03-26,53.62,52.97,53.9,Attn-GRU-15
539276,2026-03-06,2026-03-27,53.59,52.9,53.94,Attn-GRU-15
539276,2026-03-06,2026-03-28,53.61,52.85,53.96,Attn-GRU-15
539276,2026-03-06,2026-03-29,53.62,52.9,53.98,Attn-GRU-15
539276,2026-03-06,2026-03-30,53.66,52.77,54.03,Attn-GRU-15
539276,2026-03-06,2026-03-31,53.59,52.71,54.04,Attn-GRU-15
539276,2026-03-06,2026-04-01,53.53,52.73,54.01,Attn-GRU-15
539276,2026-03-06,2026-04-02,53.61,52.74,54.08,Attn-GRU-15
539276,2026-03-06,2026-04-03,53.55,52.7,54.03,Attn-GRU-15
539276,2026-03-06,2026-04-04,53.52,52.72,54.04,Attn-GRU-15
539276,2026-03-06,2026-04-05,53.46,52.57,54.02,Attn-GRU-15
550535,2026-03-06,2026-03-07,58.53,58.5,58.56,Attn-GRU-15
550535,2026-03-06,2026-03-08,58.52,58.47,58.58,Attn-GRU-15
550535,2026-03-06,2026-03-09,58.53,58.45,58.61,Attn-GRU-15
550535,2026-03-06,2026-03-10,58.55,58.44,58.65,Attn-GRU-15
550535,2026-03-06,2026-03-11,58.56,58.42,58.7,Attn-GRU-15
550535,2026-03-06,2026-03-12,58.57,58.41,58.75,Attn-GRU-15
550535,2026-03-06,2026-03-13,58.59,58.39,58.78,Attn-GRU-15
550535,2026-03-06,2026-03-14,58.61,58.37,58.82,Attn-GRU-15
550535,2026-03-06,2026-03-15,58.61,58.35,58.85,Attn-GRU-15
550535,2026-03-06,2026-03-16,58.64,58.35,58.9,Attn-GRU-15
550535,2026-03-06,2026-03-17,58.64,58.32,58.92,Attn-GRU-15
550535,2026-03-06,2026-03-18,58.64,58.28,58.94,Attn-GRU-15
550535,2026-03-06,2026-03-19,58.62,58.24,58.97,Attn-GRU-15
550535,2026-03-06,2026-03-20,58.58,58.19,58.96,Attn-GRU-15
550535,2026-03-06,2026-03-21,58.61,58.17,59.02,Attn-GRU-15
550535,2026-03-06,2026-03-22,58.61,58.14,59.06,Attn-GRU-15
550535,2026-03-06,2026-03-23,58.59,58.08,59.09,Attn-GRU-15
550535,2026-03-06,2026-03-24,58.61,58.1,59.15,Attn-GRU-15
550535,2026-03-06,2026-03-25,58.65,58.11,59.19,Attn-GRU-15
550535,2026-03-06,2026-03-26,58.63,58.05,59.28,Attn-GRU-15
550535,2026-03-06,2026-03-27,58.7,58.08,59.31,Attn-GRU-15
550535,2026-03-06,2026-03-28,58.66,57.9,59.36,Attn-GRU-15
550535,2026-03-06,2026-03-29,58.75,58.03,59.42,Attn-GRU-15
550535,2026-03-06,2026-03-30,58.73,58.0,59.44,Attn-GRU-15
550535,2026-03-06,2026-03-31,58.8,58.04,59.52,Attn-GRU-15
550535,2026-03-06,2026-04-01,58.77,57.95,59.49,Attn-GRU-15
550535,2026-03-06,2026-04-02,58.96,58.13,59.63,Attn-GRU-15
550535,2026-03-06,2026-04-03,58.88,58.07,59.6,Attn-GRU-15
550535,2026-03-06,2026-04-04,59.0,58.09,59.7,Attn-GRU-15
550535,2026-03-06,2026-04-05,58.95,58.07,59.71,Attn-GRU-15
550536,2026-03-06,2026-03-07,12.36,12.35,12.37,Attn-GRU-15
550536,2026-03-06,2026-03-08,12.34,12.33,12.36,Attn-GRU-15
550536,2026-03-06,2026-03-09,12.33,12.31,12.36,Attn-GRU-15
550536,2026-03-06,2026-03-10,12.33,12.3,12.35,Attn-GRU-15
550536,2026-03-06,2026-03-11,12.31,12.28,12.35,Attn-GRU-15
550536,2026-03-06,2026-03-12,12.3,12.26,12.35,Attn-GRU-15
550536,2026-03-06,2026-03-13,12.29,12.24,12.34,Attn-GRU-15
550536,2026-03-06,2026-03-14,12.28,12.22,12.34,Attn-GRU-15
550536,2026-03-06,2026-03-15,12.27,12.19,12.34,Attn-GRU-15
550536,2026-03-06,2026-03-16,12.26,12.18,12.34,Attn-GRU-15
550536,2026-03-06,2026-03-17,12.25,12.16,12.34,Attn-GRU-15
550536,2026-03-06,2026-03-18,12.24,12.14,12.34,Attn-GRU-15
550536,2026-03-06,2026-03-19,12.23,12.12,12.33,Attn-GRU-15
550536,2026-03-06,2026-03-20,12.21,12.1,12.34,Attn-GRU-15
550536,2026-03-06,2026-03-21,12.2,12.09,12.34,Attn-GRU-15
550536,2026-03-06,2026-03-22,12.19,12.07,12.34,Attn-GRU-15
550536,2026-03-06,2026-03-23,12.17,12.06,12.33,Attn-GRU-15
550536,2026-03-06,2026-03-24,12.18,12.04,12.33,Attn-GRU-15
550536,2026-03-06,2026-03-25,12.17,12.05,12.35,Attn-GRU-15
550536,2026-03-06,2026-03-26,12.15,12.04,12.36,Attn-GRU-15
550536,2026-03-06,2026-03-27,12.14,12.02,12.34,Attn-GRU-15
550536,2026-03-06,2026-03-28,12.14,12.01,12.33,Attn-GRU-15
550536,2026-03-06,2026-03-29,12.14,12.01,12.35,Attn-GRU-15
550536,2026-03-06,2026-03-30,12.13,12.0,12.36,Attn-GRU-15
550536,2026-03-06,2026-03-31,12.12,12.01,12.36,Attn-GRU-15
550536,2026-03-06,2026-04-01,12.11,11.99,12.35,Attn-GRU-15
550536,2026-03-06,2026-04-02,12.13,12.01,12.38,Attn-GRU-15
550536,2026-03-06,2026-04-03,12.13,11.99,12.4,Attn-GRU-15
550536,2026-03-06,2026-04-04,12.12,11.98,12.4,Attn-GRU-15
550536,2026-03-06,2026-04-05,12.12,11.99,12.36,Attn-GRU-15
550537,2026-03-06,2026-03-07,32.99,32.98,33.0,Attn-GRU-15
550537,2026-03-06,2026-03-08,32.95,32.94,32.97,Attn-GRU-15
550537,2026-03-06,2026-03-09,32.92,32.9,32.94,Attn-GRU-15
550537,2026-03-06,2026-03-10,32.89,32.86,32.91,Attn-GRU-15
550537,2026-03-06,2026-03-11,32.85,32.81,32.88,Attn-GRU-15
550537,2026-03-06,2026-03-12,32.81,32.76,32.85,Attn-GRU-15
550537,2026-03-06,2026-03-13,32.76,32.71,32.81,Attn-GRU-15
550537,2026-03-06,2026-03-14,32.72,32.67,32.77,Attn-GRU-15
550537,2026-03-06,2026-03-15,32.68,32.62,32.74,Attn-GRU-15
550537,2026-03-06,2026-03-16,32.63,32.58,32.69,Attn-GRU-15
550537,2026-03-06,2026-03-17,32.58,32.53,32.64,Attn-GRU-15
550537,2026-03-06,2026-03-18,32.53,32.49,32.58,Attn-GRU-15
550537,2026-03-06,2026-03-19,32.49,32.47,32.54,Attn-GRU-15
550537,2026-03-06,2026-03-20,32.47,32.45,32.5,Attn-GRU-15
550537,2026-03-06,2026-03-21,32.45,32.44,32.47,Attn-GRU-15
550537,2026-03-06,2026-03-22,32.45,32.44,32.46,Attn-GRU-15
550537,2026-03-06,2026-03-23,32.44,32.44,32.45,Attn-GRU-15
550537,2026-03-06,2026-03-24,32.44,32.44,32.44,Attn-GRU-15
550537,2026-03-06,2026-03-25,32.44,32.44,32.44,Attn-GRU-15
550537,2026-03-06,2026-03-26,32.44,32.44,32.44,Attn-GRU-15
550537,2026-03-06,2026-03-27,32.44,32.44,32.44,Attn-GRU-15
550537,2026-03-06,2026-03-28,32.44,32.44,32.44,Attn-GRU-15
550537,2026-03-06,2026-03-29,32.44,32.44,32.44,Attn-GRU-15
550537,2026-03-06,2026-03-30,32.44,32.44,32.44,Attn-GRU-15
550537,2026-03-06,2026-03-31,32.44,32.44,32.44,Attn-GRU-15
550537,2026-03-06,2026-04-01,32.44,32.44,32.44,Attn-GRU-15
550537,2026-03-06,2026-04-02,32.44,32.44,32.44,Attn-GRU-15
550537,2026-03-06,2026-04-03,32.44,32.44,32.44,Attn-GRU-15
550537,2026-03-06,2026-04-04,32.44,32.44,32.44,Attn-GRU-15
550537,2026-03-06,2026-04-05,32.44,32.44,32.44,Attn-GRU-15
550538,2026-03-06,2026-03-07,26.02,25.96,26.09,Attn-GRU-15
550538,2026-03-06,2026-03-08,26.16,26.05,26.3,Attn-GRU-15
550538,2026-03-06,2026-03-09,26.35,26.18,26.52,Attn-GRU-15
550538,2026-03-06,2026-03-10,26.49,26.27,26.72,Attn-GRU-15
550538,2026-03-06,2026-03-11,26.66,26.43,26.93,Attn-GRU-15
550538,2026-03-06,2026-03-12,26.84,26.52,27.16,Attn-GRU-15
550538,2026-03-06,2026-03-13,27.04,26.74,27.38,Attn-GRU-15
550538,2026-03-06,2026-03-14,27.24,26.88,27.57,Attn-GRU-15
550538,2026-03-06,2026-03-15,27.43,27.05,27.72,Attn-GRU-15
550538,2026-03-06,2026-03-16,27.62,27.26,27.86,Attn-GRU-15
550538,2026-03-06,2026-03-17,27.74,27.38,27.94,Attn-GRU-15
550538,2026-03-06,2026-03-18,27.86,27.59,27.99,Attn-GRU-15
550538,2026-03-06,2026-03-19,27.92,27.71,28.01,Attn-GRU-15
550538,2026-03-06,2026-03-20,27.97,27.81,28.03,Attn-GRU-15
550538,2026-03-06,2026-03-21,28.0,27.89,28.03,Attn-GRU-15
550538,2026-03-06,2026-03-22,28.02,27.93,28.04,Attn-GRU-15
550538,2026-03-06,2026-03-23,28.03,27.96,28.04,Attn-GRU-15
550538,2026-03-06,2026-03-24,28.03,27.97,28.04,Attn-GRU-15
550538,2026-03-06,2026-03-25,28.03,28.0,28.04,Attn-GRU-15
550538,2026-03-06,2026-03-26,28.03,28.01,28.04,Attn-GRU-15
550538,2026-03-06,2026-03-27,28.04,28.01,28.04,Attn-GRU-15
550538,2026-03-06,2026-03-28,28.04,28.02,28.04,Attn-GRU-15
550538,2026-03-06,2026-03-29,28.04,28.02,28.04,Attn-GRU-15
550538,2026-03-06,2026-03-30,28.04,28.03,28.04,Attn-GRU-15
550538,2026-03-06,2026-03-31,28.04,28.03,28.04,Attn-GRU-15
550538,2026-03-06,2026-04-01,28.04,28.03,28.04,Attn-GRU-15
550538,2026-03-06,2026-04-02,28.04,28.03,28.04,Attn-GRU-15
550538,2026-03-06,2026-04-03,28.04,28.03,28.04,Attn-GRU-15
550538,2026-03-06,2026-04-04,28.04,28.03,28.04,Attn-GRU-15
550538,2026-03-06,2026-04-05,28.04,28.03,28.04,Attn-GRU-15
550540,2026-03-06,2026-03-07,24.03,24.02,24.04,Attn-GRU-15
550540,2026-03-06,2026-03-08,24.01,23.99,24.04,Attn-GRU-15
550540,2026-03-06,2026-03-09,24.01,23.97,24.04,Attn-GRU-15
550540,2026-03-06,2026-03-10,24.0,23.95,24.04,Attn-GRU-15
550540,2026-03-06,2026-03-11,23.99,23.93,24.04,Attn-GRU-15
550540,2026-03-06,2026-03-12,23.98,23.9,24.05,Attn-GRU-15
550540,2026-03-06,2026-03-13,23.97,23.88,24.05,Attn-GRU-15
550540,2026-03-06,2026-03-14,23.96,23.86,24.05,Attn-GRU-15
550540,2026-03-06,2026-03-15,23.95,23.83,24.05,Attn-GRU-15
550540,2026-03-06,2026-03-16,23.94,23.81,24.05,Attn-GRU-15
550540,2026-03-06,2026-03-17,23.92,23.78,24.06,Attn-GRU-15
550540,2026-03-06,2026-03-18,23.92,23.76,24.06,Attn-GRU-15
550540,2026-03-06,2026-03-19,23.91,23.73,24.07,Attn-GRU-15
550540,2026-03-06,2026-03-20,23.89,23.72,24.07,Attn-GRU-15
550540,2026-03-06,2026-03-21,23.89,23.71,24.06,Attn-GRU-15
550540,2026-03-06,2026-03-22,23.88,23.69,24.07,Attn-GRU-15
550540,2026-03-06,2026-03-23,23.87,23.68,24.07,Attn-GRU-15
550540,2026-03-06,2026-03-24,23.86,23.66,24.09,Attn-GRU-15
550540,2026-03-06,2026-03-25,23.88,23.67,24.12,Attn-GRU-15
550540,2026-03-06,2026-03-26,23.86,23.67,24.12,Attn-GRU-15
550540,2026-03-06,2026-03-27,23.85,23.65,24.09,Attn-GRU-15
550540,2026-03-06,2026-03-28,23.87,23.64,24.15,Attn-GRU-15
550540,2026-03-06,2026-03-29,23.85,23.65,24.1,Attn-GRU-15
550540,2026-03-06,2026-03-30,23.85,23.63,24.14,Attn-GRU-15
550540,2026-03-06,2026-03-31,23.87,23.64,24.12,Attn-GRU-15
550540,2026-03-06,2026-04-01,23.84,23.62,24.16,Attn-GRU-15
550540,2026-03-06,2026-04-02,23.88,23.65,24.19,Attn-GRU-15
550540,2026-03-06,2026-04-03,23.87,23.63,24.18,Attn-GRU-15
550540,2026-03-06,2026-04-04,23.85,23.63,24.23,Attn-GRU-15
550540,2026-03-06,2026-04-05,23.88,23.63,24.18,Attn-GRU-15
550541,2026-03-06,2026-03-07,28.05,27.99,28.12,Attn-GRU-15
550541,2026-03-06,2026-03-08,28.19,28.07,28.31,Attn-GRU-15
550541,2026-03-06,2026-03-09,28.33,28.18,28.49,Attn-GRU-15
550541,2026-03-06,2026-03-10,28.46,28.25,28.66,Attn-GRU-15
550541,2026-03-06,2026-03-11,28.61,28.38,28.82,Attn-GRU-15
550541,2026-03-06,2026-03-12,28.76,28.48,28.99,Attn-GRU-15
550541,2026-03-06,2026-03-13,28.93,28.6,29.16,Attn-GRU-15
550541,2026-03-06,2026-03-14,29.08,28.74,29.29,Attn-GRU-15
550541,2026-03-06,2026-03-15,29.2,28.87,29.39,Attn-GRU-15
550541,2026-03-06,2026-03-16,29.32,29.0,29.48,Attn-GRU-15
550541,2026-03-06,2026-03-17,29.42,29.13,29.55,Attn-GRU-15
550541,2026-03-06,2026-03-18,29.5,29.28,29.59,Attn-GRU-15
550541,2026-03-06,2026-03-19,29.54,29.36,29.6,Attn-GRU-15
550541,2026-03-06,2026-03-20,29.57,29.44,29.61,Attn-GRU-15
550541,2026-03-06,2026-03-21,29.59,29.47,29.62,Attn-GRU-15
550541,2026-03-06,2026-03-22,29.61,29.53,29.62,Attn-GRU-15
550541,2026-03-06,2026-03-23,29.61,29.56,29.62,Attn-GRU-15
550541,2026-03-06,2026-03-24,29.62,29.57,29.62,Attn-GRU-15
550541,2026-03-06,2026-03-25,29.62,29.59,29.62,Attn-GRU-15
550541,2026-03-06,2026-03-26,29.62,29.58,29.62,Attn-GRU-15
550541,2026-03-06,2026-03-27,29.62,29.59,29.62,Attn-GRU-15
550541,2026-03-06,2026-03-28,29.62,29.6,29.62,Attn-GRU-15
550541,2026-03-06,2026-03-29,29.62,29.6,29.62,Attn-GRU-15
550541,2026-03-06,2026-03-30,29.62,29.61,29.62,Attn-GRU-15
550541,2026-03-06,2026-03-31,29.62,29.61,29.62,Attn-GRU-15
550541,2026-03-06,2026-04-01,29.62,29.61,29.62,Attn-GRU-15
550541,2026-03-06,2026-04-02,29.62,29.62,29.62,Attn-GRU-15
550541,2026-03-06,2026-04-03,29.62,29.62,29.62,Attn-GRU-15
550541,2026-03-06,2026-04-04,29.62,29.62,29.62,Attn-GRU-15
550541,2026-03-06,2026-04-05,29.62,29.62,29.62,Attn-GRU-15
550542,2026-03-06,2026-03-07,37.81,37.79,37.82,Attn-GRU-15
550542,2026-03-06,2026-03-08,37.79,37.76,37.81,Attn-GRU-15
550542,2026-03-06,2026-03-09,37.78,37.74,37.81,Attn-GRU-15
550542,2026-03-06,2026-03-10,37.76,37.71,37.81,Attn-GRU-15
550542,2026-03-06,2026-03-11,37.75,37.68,37.81,Attn-GRU-15
550542,2026-03-06,2026-03-12,37.73,37.65,37.81,Attn-GRU-15
550542,2026-03-06,2026-03-13,37.72,37.62,37.81,Attn-GRU-15
550542,2026-03-06,2026-03-14,37.71,37.59,37.81,Attn-GRU-15
550542,2026-03-06,2026-03-15,37.7,37.56,37.82,Attn-GRU-15
550542,2026-03-06,2026-03-16,37.69,37.54,37.84,Attn-GRU-15
550542,2026-03-06,2026-03-17,37.68,37.51,37.85,Attn-GRU-15
550542,2026-03-06,2026-03-18,37.68,37.49,37.88,Attn-GRU-15
550542,2026-03-06,2026-03-19,37.67,37.47,37.9,Attn-GRU-15
550542,2026-03-06,2026-03-20,37.67,37.45,37.93,Attn-GRU-15
550542,2026-03-06,2026-03-21,37.66,37.43,37.94,Attn-GRU-15
550542,2026-03-06,2026-03-22,37.66,37.4,37.96,Attn-GRU-15
550542,2026-03-06,2026-03-23,37.66,37.38,38.0,Attn-GRU-15
550542,2026-03-06,2026-03-24,37.66,37.36,37.98,Attn-GRU-15
550542,2026-03-06,2026-03-25,37.62,37.37,38.02,Attn-GRU-15
550542,2026-03-06,2026-03-26,37.63,37.33,38.04,Attn-GRU-15
550542,2026-03-06,2026-03-27,37.6,37.32,38.03,Attn-GRU-15
550542,2026-03-06,2026-03-28,37.6,37.33,38.07,Attn-GRU-15
550542,2026-03-06,2026-03-29,37.58,37.3,38.06,Attn-GRU-15
550542,2026-03-06,2026-03-30,37.58,37.29,38.05,Attn-GRU-15
550542,2026-03-06,2026-03-31,37.56,37.29,38.08,Attn-GRU-15
550542,2026-03-06,2026-04-01,37.55,37.28,38.08,Attn-GRU-15
550542,2026-03-06,2026-04-02,37.58,37.29,38.11,Attn-GRU-15
550542,2026-03-06,2026-04-03,37.55,37.26,38.11,Attn-GRU-15
550542,2026-03-06,2026-04-04,37.56,37.26,38.15,Attn-GRU-15
550542,2026-03-06,2026-04-05,37.52,37.26,38.11,Attn-GRU-15
550544,2026-03-06,2026-03-07,36.53,36.52,36.54,Attn-GRU-15
550544,2026-03-06,2026-03-08,36.53,36.51,36.54,Attn-GRU-15
550544,2026-03-06,2026-03-09,36.52,36.49,36.55,Attn-GRU-15
550544,2026-03-06,2026-03-10,36.52,36.48,36.56,Attn-GRU-15
550544,2026-03-06,2026-03-11,36.52,36.47,36.57,Attn-GRU-15
550544,2026-03-06,2026-03-12,36.52,36.46,36.58,Attn-GRU-15
550544,2026-03-06,2026-03-13,36.52,36.45,36.6,Attn-GRU-15
550544,2026-03-06,2026-03-14,36.53,36.45,36.62,Attn-GRU-15
550544,2026-03-06,2026-03-15,36.54,36.44,36.65,Attn-GRU-15
550544,2026-03-06,2026-03-16,36.56,36.45,36.69,Attn-GRU-15
550544,2026-03-06,2026-03-17,36.57,36.45,36.73,Attn-GRU-15
550544,2026-03-06,2026-03-18,36.61,36.46,36.77,Attn-GRU-15
550544,2026-03-06,2026-03-19,36.65,36.48,36.8,Attn-GRU-15
550544,2026-03-06,2026-03-20,36.68,36.49,36.86,Attn-GRU-15
550544,2026-03-06,2026-03-21,36.7,36.5,36.87,Attn-GRU-15
550544,2026-03-06,2026-03-22,36.72,36.5,36.92,Attn-GRU-15
550544,2026-03-06,2026-03-23,36.76,36.51,36.97,Attn-GRU-15
550544,2026-03-06,2026-03-24,36.77,36.5,36.94,Attn-GRU-15
550544,2026-03-06,2026-03-25,36.78,36.51,37.02,Attn-GRU-15
550544,2026-03-06,2026-03-26,36.81,36.51,37.04,Attn-GRU-15
550544,2026-03-06,2026-03-27,36.83,36.51,37.02,Attn-GRU-15
550544,2026-03-06,2026-03-28,36.84,36.48,37.09,Attn-GRU-15
550544,2026-03-06,2026-03-29,36.87,36.52,37.06,Attn-GRU-15
550544,2026-03-06,2026-03-30,36.86,36.47,37.07,Attn-GRU-15
550544,2026-03-06,2026-03-31,36.87,36.48,37.13,Attn-GRU-15
550544,2026-03-06,2026-04-01,36.91,36.52,37.1,Attn-GRU-15
550544,2026-03-06,2026-04-02,36.88,36.47,37.16,Attn-GRU-15
550544,2026-03-06,2026-04-03,36.93,36.5,37.16,Attn-GRU-15
550544,2026-03-06,2026-04-04,36.93,36.5,37.2,Attn-GRU-15
550544,2026-03-06,2026-04-05,36.93,36.51,37.17,Attn-GRU-15
550549,2026-03-06,2026-03-07,81.26,81.12,81.4,Attn-GRU-15
550549,2026-03-06,2026-03-08,81.6,81.34,81.89,Attn-GRU-15
550549,2026-03-06,2026-03-09,81.94,81.57,82.38,Attn-GRU-15
550549,2026-03-06,2026-03-10,82.25,81.75,82.85,Attn-GRU-15
550549,2026-03-06,2026-03-11,82.58,82.01,83.32,Attn-GRU-15
550549,2026-03-06,2026-03-12,83.01,82.26,83.77,Attn-GRU-15
550549,2026-03-06,2026-03-13,83.55,82.64,84.42,Attn-GRU-15
550549,2026-03-06,2026-03-14,84.06,83.05,85.03,Attn-GRU-15
550549,2026-03-06,2026-03-15,84.56,83.48,85.41,Attn-GRU-15
550549,2026-03-06,2026-03-16,85.11,84.0,85.88,Attn-GRU-15
550549,2026-03-06,2026-03-17,85.68,84.44,86.34,Attn-GRU-15
550549,2026-03-06,2026-03-18,86.13,85.07,86.59,Attn-GRU-15
550549,2026-03-06,2026-03-19,86.39,85.57,86.72,Attn-GRU-15
550549,2026-03-06,2026-03-20,86.61,86.0,86.83,Attn-GRU-15
550549,2026-03-06,2026-03-21,86.69,86.17,86.87,Attn-GRU-15
550549,2026-03-06,2026-03-22,86.77,86.38,86.9,Attn-GRU-15
550549,2026-03-06,2026-03-23,86.81,86.58,86.91,Attn-GRU-15
550549,2026-03-06,2026-03-24,86.85,86.62,86.92,Attn-GRU-15
550549,2026-03-06,2026-03-25,86.87,86.72,86.92,Attn-GRU-15
550549,2026-03-06,2026-03-26,86.88,86.73,86.92,Attn-GRU-15
550549,2026-03-06,2026-03-27,86.9,86.78,86.93,Attn-GRU-15
550549,2026-03-06,2026-03-28,86.91,86.81,86.93,Attn-GRU-15
550549,2026-03-06,2026-03-29,86.91,86.83,86.93,Attn-GRU-15
550549,2026-03-06,2026-03-30,86.92,86.84,86.93,Attn-GRU-15
550549,2026-03-06,2026-03-31,86.92,86.88,86.93,Attn-GRU-15
550549,2026-03-06,2026-04-01,86.92,86.88,86.93,Attn-GRU-15
550549,2026-03-06,2026-04-02,86.93,86.89,86.93,Attn-GRU-15
550549,2026-03-06,2026-04-03,86.92,86.88,86.93,Attn-GRU-15
550549,2026-03-06,2026-04-04,86.93,86.89,86.93,Attn-GRU-15
550549,2026-03-06,2026-04-05,86.93,86.89,86.93,Attn-GRU-15
550674,2026-03-06,2026-03-07,32.12,32.07,32.17,Attn-GRU-15
550674,2026-03-06,2026-03-08,32.2,32.12,32.31,Attn-GRU-15
550674,2026-03-06,2026-03-09,32.3,32.21,32.45,Attn-GRU-15
550674,2026-03-06,2026-03-10,32.4,32.27,32.6,Attn-GRU-15
550674,2026-03-06,2026-03-11,32.51,32.35,32.73,Attn-GRU-15
550674,2026-03-06,2026-03-12,32.64,32.44,32.91,Attn-GRU-15
550674,2026-03-06,2026-03-13,32.79,32.56,33.06,Attn-GRU-15
550674,2026-03-06,2026-03-14,32.95,32.67,33.22,Attn-GRU-15
550674,2026-03-06,2026-03-15,33.09,32.78,33.34,Attn-GRU-15
550674,2026-03-06,2026-03-16,33.24,32.92,33.44,Attn-GRU-15
550674,2026-03-06,2026-03-17,33.35,33.08,33.52,Attn-GRU-15
550674,2026-03-06,2026-03-18,33.45,33.21,33.57,Attn-GRU-15
550674,2026-03-06,2026-03-19,33.51,33.33,33.59,Attn-GRU-15
550674,2026-03-06,2026-03-20,33.56,33.43,33.61,Attn-GRU-15
550674,2026-03-06,2026-03-21,33.58,33.47,33.61,Attn-GRU-15
550674,2026-03-06,2026-03-22,33.6,33.53,33.62,Attn-GRU-15
550674,2026-03-06,2026-03-23,33.61,33.54,33.62,Attn-GRU-15
550674,2026-03-06,2026-03-24,33.61,33.56,33.62,Attn-GRU-15
550674,2026-03-06,2026-03-25,33.61,33.59,33.62,Attn-GRU-15
550674,2026-03-06,2026-03-26,33.62,33.59,33.62,Attn-GRU-15
550674,2026-03-06,2026-03-27,33.62,33.59,33.62,Attn-GRU-15
550674,2026-03-06,2026-03-28,33.62,33.6,33.62,Attn-GRU-15
550674,2026-03-06,2026-03-29,33.62,33.6,33.62,Attn-GRU-15
550674,2026-03-06,2026-03-30,33.62,33.61,33.62,Attn-GRU-15
550674,2026-03-06,2026-03-31,33.62,33.61,33.62,Attn-GRU-15
550674,2026-03-06,2026-04-01,33.62,33.61,33.62,Attn-GRU-15
550674,2026-03-06,2026-04-02,33.62,33.61,33.62,Attn-GRU-15
550674,2026-03-06,2026-04-03,33.62,33.61,33.62,Attn-GRU-15
550674,2026-03-06,2026-04-04,33.62,33.62,33.62,Attn-GRU-15
550674,2026-03-06,2026-04-05,33.62,33.61,33.62,Attn-GRU-15
550718,2026-03-06,2026-03-07,27.88,27.85,27.92,Attn-GRU-15
550718,2026-03-06,2026-03-08,27.96,27.89,28.01,Attn-GRU-15
550718,2026-03-06,2026-03-09,28.05,27.94,28.13,Attn-GRU-15
550718,2026-03-06,2026-03-10,28.14,27.98,28.23,Attn-GRU-15
550718,2026-03-06,2026-03-11,28.22,28.04,28.33,Attn-GRU-15
550718,2026-03-06,2026-03-12,28.32,28.12,28.44,Attn-GRU-15
550718,2026-03-06,2026-03-13,28.45,28.18,28.57,Attn-GRU-15
550718,2026-03-06,2026-03-14,28.57,28.26,28.71,Attn-GRU-15
550718,2026-03-06,2026-03-15,28.68,28.37,28.81,Attn-GRU-15
550718,2026-03-06,2026-03-16,28.78,28.49,28.91,Attn-GRU-15
550718,2026-03-06,2026-03-17,28.88,28.6,28.98,Attn-GRU-15
550718,2026-03-06,2026-03-18,28.96,28.73,29.03,Attn-GRU-15
550718,2026-03-06,2026-03-19,29.01,28.82,29.06,Attn-GRU-15
550718,2026-03-06,2026-03-20,29.05,28.89,29.08,Attn-GRU-15
550718,2026-03-06,2026-03-21,29.06,28.95,29.09,Attn-GRU-15
550718,2026-03-06,2026-03-22,29.08,28.99,29.09,Attn-GRU-15
550718,2026-03-06,2026-03-23,29.08,29.01,29.09,Attn-GRU-15
550718,2026-03-06,2026-03-24,29.09,29.03,29.09,Attn-GRU-15
550718,2026-03-06,2026-03-25,29.09,29.04,29.09,Attn-GRU-15
550718,2026-03-06,2026-03-26,29.09,29.05,29.1,Attn-GRU-15
550718,2026-03-06,2026-03-27,29.09,29.06,29.1,Attn-GRU-15
550718,2026-03-06,2026-03-28,29.09,29.07,29.1,Attn-GRU-15
550718,2026-03-06,2026-03-29,29.09,29.07,29.1,Attn-GRU-15
550718,2026-03-06,2026-03-30,29.09,29.08,29.1,Attn-GRU-15
550718,2026-03-06,2026-03-31,29.1,29.08,29.1,Attn-GRU-15
550718,2026-03-06,2026-04-01,29.09,29.08,29.1,Attn-GRU-15
550718,2026-03-06,2026-04-02,29.1,29.08,29.1,Attn-GRU-15
550718,2026-03-06,2026-04-03,29.1,29.09,29.1,Attn-GRU-15
550718,2026-03-06,2026-04-04,29.1,29.09,29.1,Attn-GRU-15
550718,2026-03-06,2026-04-05,29.1,29.09,29.1,Attn-GRU-15
550719,2026-03-06,2026-03-07,13.35,13.35,13.35,Attn-GRU-15
550719,2026-03-06,2026-03-08,13.34,13.33,13.35,Attn-GRU-15
550719,2026-03-06,2026-03-09,13.33,13.32,13.35,Attn-GRU-15
550719,2026-03-06,2026-03-10,13.32,13.3,13.34,Attn-GRU-15
550719,2026-03-06,2026-03-11,13.31,13.29,13.34,Attn-GRU-15
550719,2026-03-06,2026-03-12,13.3,13.28,13.34,Attn-GRU-15
550719,2026-03-06,2026-03-13,13.3,13.26,13.33,Attn-GRU-15
550719,2026-03-06,2026-03-14,13.29,13.25,13.33,Attn-GRU-15
550719,2026-03-06,2026-03-15,13.28,13.23,13.32,Attn-GRU-15
550719,2026-03-06,2026-03-16,13.27,13.22,13.32,Attn-GRU-15
550719,2026-03-06,2026-03-17,13.26,13.21,13.31,Attn-GRU-15
550719,2026-03-06,2026-03-18,13.25,13.2,13.31,Attn-GRU-15
550719,2026-03-06,2026-03-19,13.24,13.18,13.3,Attn-GRU-15
550719,2026-03-06,2026-03-20,13.23,13.17,13.3,Attn-GRU-15
550719,2026-03-06,2026-03-21,13.22,13.17,13.3,Attn-GRU-15
550719,2026-03-06,2026-03-22,13.21,13.16,13.3,Attn-GRU-15
550719,2026-03-06,2026-03-23,13.2,13.15,13.29,Attn-GRU-15
550719,2026-03-06,2026-03-24,13.19,13.14,13.29,Attn-GRU-15
550719,2026-03-06,2026-03-25,13.19,13.15,13.29,Attn-GRU-15
550719,2026-03-06,2026-03-26,13.19,13.14,13.28,Attn-GRU-15
550719,2026-03-06,2026-03-27,13.17,13.13,13.28,Attn-GRU-15
550719,2026-03-06,2026-03-28,13.17,13.13,13.29,Attn-GRU-15
550719,2026-03-06,2026-03-29,13.17,13.13,13.27,Attn-GRU-15
550719,2026-03-06,2026-03-30,13.17,13.13,13.27,Attn-GRU-15
550719,2026-03-06,2026-03-31,13.16,13.12,13.27,Attn-GRU-15
550719,2026-03-06,2026-04-01,13.15,13.12,13.27,Attn-GRU-15
550719,2026-03-06,2026-04-02,13.16,13.13,13.29,Attn-GRU-15
550719,2026-03-06,2026-04-03,13.16,13.12,13.28,Attn-GRU-15
550719,2026-03-06,2026-04-04,13.16,13.12,13.27,Attn-GRU-15
550719,2026-03-06,2026-04-05,13.16,13.12,13.27,Attn-GRU-15
550721,2026-03-06,2026-03-07,27.38,27.35,27.41,Attn-GRU-15
550721,2026-03-06,2026-03-08,27.45,27.39,27.51,Attn-GRU-15
550721,2026-03-06,2026-03-09,27.52,27.45,27.6,Attn-GRU-15
550721,2026-03-06,2026-03-10,27.59,27.5,27.69,Attn-GRU-15
550721,2026-03-06,2026-03-11,27.67,27.56,27.79,Attn-GRU-15
550721,2026-03-06,2026-03-12,27.76,27.64,27.91,Attn-GRU-15
550721,2026-03-06,2026-03-13,27.88,27.71,28.05,Attn-GRU-15
550721,2026-03-06,2026-03-14,27.98,27.79,28.18,Attn-GRU-15
550721,2026-03-06,2026-03-15,28.11,27.89,28.29,Attn-GRU-15
550721,2026-03-06,2026-03-16,28.21,28.0,28.37,Attn-GRU-15
550721,2026-03-06,2026-03-17,28.31,28.11,28.44,Attn-GRU-15
550721,2026-03-06,2026-03-18,28.4,28.23,28.48,Attn-GRU-15
550721,2026-03-06,2026-03-19,28.45,28.32,28.51,Attn-GRU-15
550721,2026-03-06,2026-03-20,28.49,28.38,28.52,Attn-GRU-15
550721,2026-03-06,2026-03-21,28.51,28.42,28.53,Attn-GRU-15
550721,2026-03-06,2026-03-22,28.52,28.46,28.53,Attn-GRU-15
550721,2026-03-06,2026-03-23,28.52,28.48,28.53,Attn-GRU-15
550721,2026-03-06,2026-03-24,28.53,28.5,28.53,Attn-GRU-15
550721,2026-03-06,2026-03-25,28.53,28.5,28.54,Attn-GRU-15
550721,2026-03-06,2026-03-26,28.53,28.51,28.54,Attn-GRU-15
550721,2026-03-06,2026-03-27,28.53,28.52,28.54,Attn-GRU-15
550721,2026-03-06,2026-03-28,28.53,28.52,28.54,Attn-GRU-15
550721,2026-03-06,2026-03-29,28.53,28.52,28.54,Attn-GRU-15
550721,2026-03-06,2026-03-30,28.53,28.53,28.54,Attn-GRU-15
550721,2026-03-06,2026-03-31,28.54,28.53,28.54,Attn-GRU-15
550721,2026-03-06,2026-04-01,28.54,28.53,28.54,Attn-GRU-15
550721,2026-03-06,2026-04-02,28.54,28.53,28.54,Attn-GRU-15
550721,2026-03-06,2026-04-03,28.54,28.53,28.54,Attn-GRU-15
550721,2026-03-06,2026-04-04,28.54,28.53,28.54,Attn-GRU-15
550721,2026-03-06,2026-04-05,28.54,28.53,28.54,Attn-GRU-15
550838,2026-03-06,2026-03-07,13.36,13.36,13.37,Attn-GRU-15
550838,2026-03-06,2026-03-08,13.36,13.35,13.37,Attn-GRU-15
550838,2026-03-06,2026-03-09,13.36,13.34,13.37,Attn-GRU-15
550838,2026-03-06,2026-03-10,13.35,13.33,13.37,Attn-GRU-15
550838,2026-03-06,2026-03-11,13.35,13.32,13.37,Attn-GRU-15
550838,2026-03-06,2026-03-12,13.35,13.31,13.38,Attn-GRU-15
550838,2026-03-06,2026-03-13,13.34,13.3,13.38,Attn-GRU-15
550838,2026-03-06,2026-03-14,13.34,13.28,13.38,Attn-GRU-15
550838,2026-03-06,2026-03-15,13.34,13.27,13.39,Attn-GRU-15
550838,2026-03-06,2026-03-16,13.34,13.27,13.4,Attn-GRU-15
550838,2026-03-06,2026-03-17,13.34,13.26,13.39,Attn-GRU-15
550838,2026-03-06,2026-03-18,13.34,13.25,13.4,Attn-GRU-15
550838,2026-03-06,2026-03-19,13.34,13.24,13.41,Attn-GRU-15
550838,2026-03-06,2026-03-20,13.34,13.23,13.42,Attn-GRU-15
550838,2026-03-06,2026-03-21,13.34,13.22,13.43,Attn-GRU-15
550838,2026-03-06,2026-03-22,13.33,13.21,13.44,Attn-GRU-15
550838,2026-03-06,2026-03-23,13.34,13.2,13.46,Attn-GRU-15
550838,2026-03-06,2026-03-24,13.33,13.19,13.46,Attn-GRU-15
550838,2026-03-06,2026-03-25,13.34,13.2,13.47,Attn-GRU-15
550838,2026-03-06,2026-03-26,13.34,13.2,13.48,Attn-GRU-15
550838,2026-03-06,2026-03-27,13.34,13.17,13.48,Attn-GRU-15
550838,2026-03-06,2026-03-28,13.35,13.16,13.5,Attn-GRU-15
550838,2026-03-06,2026-03-29,13.36,13.17,13.49,Attn-GRU-15
550838,2026-03-06,2026-03-30,13.35,13.16,13.48,Attn-GRU-15
550838,2026-03-06,2026-03-31,13.36,13.16,13.51,Attn-GRU-15
550838,2026-03-06,2026-04-01,13.37,13.16,13.51,Attn-GRU-15
550838,2026-03-06,2026-04-02,13.4,13.17,13.53,Attn-GRU-15
550838,2026-03-06,2026-04-03,13.4,13.18,13.53,Attn-GRU-15
550838,2026-03-06,2026-04-04,13.39,13.16,13.54,Attn-GRU-15
550838,2026-03-06,2026-04-05,13.39,13.16,13.54,Attn-GRU-15
550839,2026-03-06,2026-03-07,48.93,48.91,48.95,Attn-GRU-15
550839,2026-03-06,2026-03-08,48.9,48.86,48.93,Attn-GRU-15
550839,2026-03-06,2026-03-09,48.87,48.81,48.91,Attn-GRU-15
550839,2026-03-06,2026-03-10,48.84,48.76,48.9,Attn-GRU-15
550839,2026-03-06,2026-03-11,48.82,48.72,48.89,Attn-GRU-15
550839,2026-03-06,2026-03-12,48.79,48.68,48.88,Attn-GRU-15
550839,2026-03-06,2026-03-13,48.77,48.63,48.88,Attn-GRU-15
550839,2026-03-06,2026-03-14,48.76,48.59,48.89,Attn-GRU-15
550839,2026-03-06,2026-03-15,48.74,48.56,48.9,Attn-GRU-15
550839,2026-03-06,2026-03-16,48.74,48.54,48.91,Attn-GRU-15
550839,2026-03-06,2026-03-17,48.74,48.5,48.94,Attn-GRU-15
550839,2026-03-06,2026-03-18,48.74,48.48,48.99,Attn-GRU-15
550839,2026-03-06,2026-03-19,48.77,48.47,49.05,Attn-GRU-15
550839,2026-03-06,2026-03-20,48.77,48.43,49.11,Attn-GRU-15
550839,2026-03-06,2026-03-21,48.74,48.39,49.13,Attn-GRU-15
550839,2026-03-06,2026-03-22,48.74,48.34,49.18,Attn-GRU-15
550839,2026-03-06,2026-03-23,48.72,48.3,49.23,Attn-GRU-15
550839,2026-03-06,2026-03-24,48.76,48.3,49.22,Attn-GRU-15
550839,2026-03-06,2026-03-25,48.75,48.23,49.29,Attn-GRU-15
550839,2026-03-06,2026-03-26,48.7,48.16,49.27,Attn-GRU-15
550839,2026-03-06,2026-03-27,48.67,48.12,49.28,Attn-GRU-15
550839,2026-03-06,2026-03-28,48.69,48.11,49.36,Attn-GRU-15
550839,2026-03-06,2026-03-29,48.68,48.09,49.33,Attn-GRU-15
550839,2026-03-06,2026-03-30,48.67,48.0,49.28,Attn-GRU-15
550839,2026-03-06,2026-03-31,48.65,48.03,49.36,Attn-GRU-15
550839,2026-03-06,2026-04-01,48.76,48.05,49.42,Attn-GRU-15
550839,2026-03-06,2026-04-02,48.71,48.1,49.3,Attn-GRU-15
550839,2026-03-06,2026-04-03,48.7,47.96,49.43,Attn-GRU-15
550839,2026-03-06,2026-04-04,48.7,47.93,49.41,Attn-GRU-15
550839,2026-03-06,2026-04-05,48.69,47.94,49.39,Attn-GRU-15
550844,2026-03-06,2026-03-07,24.37,24.35,24.38,Attn-GRU-15
550844,2026-03-06,2026-03-08,24.4,24.37,24.44,Attn-GRU-15
550844,2026-03-06,2026-03-09,24.44,24.39,24.49,Attn-GRU-15
550844,2026-03-06,2026-03-10,24.47,24.42,24.55,Attn-GRU-15
550844,2026-03-06,2026-03-11,24.52,24.45,24.61,Attn-GRU-15
550844,2026-03-06,2026-03-12,24.57,24.46,24.68,Attn-GRU-15
550844,2026-03-06,2026-03-13,24.64,24.51,24.76,Attn-GRU-15
550844,2026-03-06,2026-03-14,24.71,24.57,24.86,Attn-GRU-15
550844,2026-03-06,2026-03-15,24.77,24.63,24.93,Attn-GRU-15
550844,2026-03-06,2026-03-16,24.85,24.7,25.01,Attn-GRU-15
550844,2026-03-06,2026-03-17,24.94,24.8,25.07,Attn-GRU-15
550844,2026-03-06,2026-03-18,25.03,24.87,25.13,Attn-GRU-15
550844,2026-03-06,2026-03-19,25.08,24.94,25.16,Attn-GRU-15
550844,2026-03-06,2026-03-20,25.12,25.01,25.19,Attn-GRU-15
550844,2026-03-06,2026-03-21,25.15,25.06,25.2,Attn-GRU-15
550844,2026-03-06,2026-03-22,25.17,25.09,25.21,Attn-GRU-15
550844,2026-03-06,2026-03-23,25.19,25.11,25.22,Attn-GRU-15
550844,2026-03-06,2026-03-24,25.2,25.13,25.22,Attn-GRU-15
550844,2026-03-06,2026-03-25,25.2,25.15,25.22,Attn-GRU-15
550844,2026-03-06,2026-03-26,25.21,25.16,25.22,Attn-GRU-15
550844,2026-03-06,2026-03-27,25.21,25.17,25.22,Attn-GRU-15
550844,2026-03-06,2026-03-28,25.22,25.18,25.22,Attn-GRU-15
550844,2026-03-06,2026-03-29,25.22,25.18,25.22,Attn-GRU-15
550844,2026-03-06,2026-03-30,25.22,25.19,25.23,Attn-GRU-15
550844,2026-03-06,2026-03-31,25.22,25.2,25.23,Attn-GRU-15
550844,2026-03-06,2026-04-01,25.22,25.19,25.23,Attn-GRU-15
550844,2026-03-06,2026-04-02,25.22,25.2,25.23,Attn-GRU-15
550844,2026-03-06,2026-04-03,25.22,25.2,25.23,Attn-GRU-15
550844,2026-03-06,2026-04-04,25.22,25.21,25.23,Attn-GRU-15
550844,2026-03-06,2026-04-05,25.22,25.21,25.23,Attn-GRU-15
551943,2026-03-06,2026-03-07,40.31,40.27,40.36,Attn-GRU-15
551943,2026-03-06,2026-03-08,40.14,40.05,40.24,Attn-GRU-15
551943,2026-03-06,2026-03-09,39.99,39.86,40.15,Attn-GRU-15
551943,2026-03-06,2026-03-10,39.83,39.65,40.05,Attn-GRU-15
551943,2026-03-06,2026-03-11,39.68,39.45,39.94,Attn-GRU-15
551943,2026-03-06,2026-03-12,39.53,39.24,39.84,Attn-GRU-15
551943,2026-03-06,2026-03-13,39.38,39.03,39.76,Attn-GRU-15
551943,2026-03-06,2026-03-14,39.21,38.83,39.67,Attn-GRU-15
551943,2026-03-06,2026-03-15,39.06,38.63,39.57,Attn-GRU-15
551943,2026-03-06,2026-03-16,38.92,38.43,39.5,Attn-GRU-15
551943,2026-03-06,2026-03-17,38.76,38.23,39.41,Attn-GRU-15
551943,2026-03-06,2026-03-18,38.64,38.09,39.38,Attn-GRU-15
551943,2026-03-06,2026-03-19,38.48,37.89,39.33,Attn-GRU-15
551943,2026-03-06,2026-03-20,38.32,37.74,39.26,Attn-GRU-15
551943,2026-03-06,2026-03-21,38.19,37.63,39.17,Attn-GRU-15
551943,2026-03-06,2026-03-22,38.07,37.45,39.12,Attn-GRU-15
551943,2026-03-06,2026-03-23,37.92,37.27,39.01,Attn-GRU-15
551943,2026-03-06,2026-03-24,37.86,37.19,38.98,Attn-GRU-15
551943,2026-03-06,2026-03-25,37.78,37.13,38.94,Attn-GRU-15
551943,2026-03-06,2026-03-26,37.64,37.01,38.84,Attn-GRU-15
551943,2026-03-06,2026-03-27,37.45,36.88,38.68,Attn-GRU-15
551943,2026-03-06,2026-03-28,37.33,36.77,38.69,Attn-GRU-15
551943,2026-03-06,2026-03-29,37.34,36.75,38.61,Attn-GRU-15
551943,2026-03-06,2026-03-30,37.29,36.65,38.55,Attn-GRU-15
551943,2026-03-06,2026-03-31,37.18,36.66,38.52,Attn-GRU-15
551943,2026-03-06,2026-04-01,37.09,36.55,38.49,Attn-GRU-15
551943,2026-03-06,2026-04-02,37.13,36.58,38.46,Attn-GRU-15
551943,2026-03-06,2026-04-03,37.13,36.51,38.5,Attn-GRU-15
551943,2026-03-06,2026-04-04,36.98,36.48,38.33,Attn-GRU-15
551943,2026-03-06,2026-04-05,37.04,36.52,38.47,Attn-GRU-15
551944,2026-03-06,2026-03-07,45.09,45.07,45.18,Attn-GRU-15
551944,2026-03-06,2026-03-08,45.09,45.03,45.25,Attn-GRU-15
551944,2026-03-06,2026-03-09,45.08,44.99,45.34,Attn-GRU-15
551944,2026-03-06,2026-03-10,45.07,44.96,45.41,Attn-GRU-15
551944,2026-03-06,2026-03-11,45.07,44.92,45.48,Attn-GRU-15
551944,2026-03-06,2026-03-12,45.09,44.89,45.56,Attn-GRU-15
551944,2026-03-06,2026-03-13,45.09,44.86,45.62,Attn-GRU-15
551944,2026-03-06,2026-03-14,45.12,44.82,45.71,Attn-GRU-15
551944,2026-03-06,2026-03-15,45.16,44.8,45.81,Attn-GRU-15
551944,2026-03-06,2026-03-16,45.22,44.79,45.93,Attn-GRU-15
551944,2026-03-06,2026-03-17,45.25,44.75,46.03,Attn-GRU-15
551944,2026-03-06,2026-03-18,45.29,44.68,46.13,Attn-GRU-15
551944,2026-03-06,2026-03-19,45.31,44.58,46.25,Attn-GRU-15
551944,2026-03-06,2026-03-20,45.33,44.47,46.38,Attn-GRU-15
551944,2026-03-06,2026-03-21,45.34,44.32,46.45,Attn-GRU-15
551944,2026-03-06,2026-03-22,45.37,44.19,46.59,Attn-GRU-15
551944,2026-03-06,2026-03-23,45.41,44.07,46.69,Attn-GRU-15
551944,2026-03-06,2026-03-24,45.32,43.82,46.64,Attn-GRU-15
551944,2026-03-06,2026-03-25,45.31,43.59,46.78,Attn-GRU-15
551944,2026-03-06,2026-03-26,45.31,43.65,46.88,Attn-GRU-15
551944,2026-03-06,2026-03-27,45.22,43.33,46.84,Attn-GRU-15
551944,2026-03-06,2026-03-28,45.33,43.27,47.01,Attn-GRU-15
551944,2026-03-06,2026-03-29,45.03,42.99,46.87,Attn-GRU-15
551944,2026-03-06,2026-03-30,45.03,43.02,46.95,Attn-GRU-15
551944,2026-03-06,2026-03-31,45.03,42.88,47.07,Attn-GRU-15
551944,2026-03-06,2026-04-01,44.92,42.8,46.91,Attn-GRU-15
551944,2026-03-06,2026-04-02,44.84,42.73,47.04,Attn-GRU-15
551944,2026-03-06,2026-04-03,44.8,42.62,46.97,Attn-GRU-15
551944,2026-03-06,2026-04-04,44.81,42.55,47.01,Attn-GRU-15
551944,2026-03-06,2026-04-05,44.67,42.56,47.02,Attn-GRU-15
559716,2026-03-06,2026-03-07,36.29,36.28,36.29,Attn-GRU-15
559716,2026-03-06,2026-03-08,36.28,36.28,36.29,Attn-GRU-15
559716,2026-03-06,2026-03-09,36.27,36.27,36.28,Attn-GRU-15
559716,2026-03-06,2026-03-10,36.27,36.26,36.28,Attn-GRU-15
559716,2026-03-06,2026-03-11,36.27,36.25,36.28,Attn-GRU-15
559716,2026-03-06,2026-03-12,36.26,36.25,36.28,Attn-GRU-15
559716,2026-03-06,2026-03-13,36.26,36.24,36.29,Attn-GRU-15
559716,2026-03-06,2026-03-14,36.26,36.24,36.3,Attn-GRU-15
559716,2026-03-06,2026-03-15,36.27,36.25,36.31,Attn-GRU-15
559716,2026-03-06,2026-03-16,36.29,36.26,36.33,Attn-GRU-15
559716,2026-03-06,2026-03-17,36.3,36.28,36.34,Attn-GRU-15
559716,2026-03-06,2026-03-18,36.33,36.3,36.37,Attn-GRU-15
559716,2026-03-06,2026-03-19,36.36,36.33,36.4,Attn-GRU-15
559716,2026-03-06,2026-03-20,36.39,36.36,36.43,Attn-GRU-15
559716,2026-03-06,2026-03-21,36.4,36.38,36.46,Attn-GRU-15
559716,2026-03-06,2026-03-22,36.43,36.4,36.48,Attn-GRU-15
559716,2026-03-06,2026-03-23,36.46,36.43,36.51,Attn-GRU-15
559716,2026-03-06,2026-03-24,36.47,36.44,36.53,Attn-GRU-15
559716,2026-03-06,2026-03-25,36.48,36.45,36.54,Attn-GRU-15
559716,2026-03-06,2026-03-26,36.49,36.46,36.56,Attn-GRU-15
559716,2026-03-06,2026-03-27,36.5,36.47,36.58,Attn-GRU-15
559716,2026-03-06,2026-03-28,36.52,36.48,36.59,Attn-GRU-15
559716,2026-03-06,2026-03-29,36.53,36.49,36.61,Attn-GRU-15
559716,2026-03-06,2026-03-30,36.51,36.46,36.6,Attn-GRU-15
559716,2026-03-06,2026-03-31,36.53,36.48,36.63,Attn-GRU-15
559716,2026-03-06,2026-04-01,36.58,36.53,36.67,Attn-GRU-15
559716,2026-03-06,2026-04-02,36.51,36.44,36.61,Attn-GRU-15
559716,2026-03-06,2026-04-03,36.57,36.51,36.67,Attn-GRU-15
559716,2026-03-06,2026-04-04,36.56,36.5,36.66,Attn-GRU-15
559716,2026-03-06,2026-04-05,36.58,36.51,36.68,Attn-GRU-15
561976,2026-03-06,2026-03-07,30.09,30.06,30.12,Attn-GRU-15
561976,2026-03-06,2026-03-08,30.16,30.09,30.22,Attn-GRU-15
561976,2026-03-06,2026-03-09,30.24,30.15,30.32,Attn-GRU-15
561976,2026-03-06,2026-03-10,30.32,30.2,30.43,Attn-GRU-15
561976,2026-03-06,2026-03-11,30.42,30.25,30.53,Attn-GRU-15
561976,2026-03-06,2026-03-12,30.52,30.3,30.68,Attn-GRU-15
561976,2026-03-06,2026-03-13,30.66,30.4,30.82,Attn-GRU-15
561976,2026-03-06,2026-03-14,30.78,30.49,30.98,Attn-GRU-15
561976,2026-03-06,2026-03-15,30.91,30.59,31.13,Attn-GRU-15
561976,2026-03-06,2026-03-16,31.07,30.73,31.28,Attn-GRU-15
561976,2026-03-06,2026-03-17,31.2,30.84,31.4,Attn-GRU-15
561976,2026-03-06,2026-03-18,31.32,30.92,31.52,Attn-GRU-15
561976,2026-03-06,2026-03-19,31.41,31.1,31.59,Attn-GRU-15
561976,2026-03-06,2026-03-20,31.5,31.2,31.65,Attn-GRU-15
561976,2026-03-06,2026-03-21,31.56,31.3,31.68,Attn-GRU-15
561976,2026-03-06,2026-03-22,31.62,31.4,31.71,Attn-GRU-15
561976,2026-03-06,2026-03-23,31.64,31.43,31.72,Attn-GRU-15
561976,2026-03-06,2026-03-24,31.67,31.47,31.73,Attn-GRU-15
561976,2026-03-06,2026-03-25,31.68,31.49,31.74,Attn-GRU-15
561976,2026-03-06,2026-03-26,31.7,31.53,31.74,Attn-GRU-15
561976,2026-03-06,2026-03-27,31.7,31.57,31.74,Attn-GRU-15
561976,2026-03-06,2026-03-28,31.72,31.61,31.75,Attn-GRU-15
561976,2026-03-06,2026-03-29,31.72,31.61,31.75,Attn-GRU-15
561976,2026-03-06,2026-03-30,31.73,31.64,31.75,Attn-GRU-15
561976,2026-03-06,2026-03-31,31.74,31.65,31.75,Attn-GRU-15
561976,2026-03-06,2026-04-01,31.74,31.68,31.75,Attn-GRU-15
561976,2026-03-06,2026-04-02,31.74,31.68,31.75,Attn-GRU-15
561976,2026-03-06,2026-04-03,31.74,31.69,31.75,Attn-GRU-15
561976,2026-03-06,2026-04-04,31.74,31.69,31.75,Attn-GRU-15
561976,2026-03-06,2026-04-05,31.74,31.71,31.75,Attn-GRU-15
561977,2026-03-06,2026-03-07,25.4,25.39,25.41,Attn-GRU-15
561977,2026-03-06,2026-03-08,25.41,25.39,25.43,Attn-GRU-15
561977,2026-03-06,2026-03-09,25.42,25.39,25.45,Attn-GRU-15
561977,2026-03-06,2026-03-10,25.43,25.4,25.47,Attn-GRU-15
561977,2026-03-06,2026-03-11,25.44,25.4,25.5,Attn-GRU-15
561977,2026-03-06,2026-03-12,25.46,25.41,25.52,Attn-GRU-15
561977,2026-03-06,2026-03-13,25.48,25.42,25.57,Attn-GRU-15
561977,2026-03-06,2026-03-14,25.51,25.44,25.61,Attn-GRU-15
561977,2026-03-06,2026-03-15,25.54,25.46,25.65,Attn-GRU-15
561977,2026-03-06,2026-03-16,25.57,25.49,25.71,Attn-GRU-15
561977,2026-03-06,2026-03-17,25.61,25.51,25.76,Attn-GRU-15
561977,2026-03-06,2026-03-18,25.67,25.55,25.82,Attn-GRU-15
561977,2026-03-06,2026-03-19,25.72,25.59,25.88,Attn-GRU-15
561977,2026-03-06,2026-03-20,25.78,25.63,25.94,Attn-GRU-15
561977,2026-03-06,2026-03-21,25.82,25.64,25.98,Attn-GRU-15
561977,2026-03-06,2026-03-22,25.85,25.68,26.03,Attn-GRU-15
561977,2026-03-06,2026-03-23,25.89,25.71,26.05,Attn-GRU-15
561977,2026-03-06,2026-03-24,25.9,25.72,26.08,Attn-GRU-15
561977,2026-03-06,2026-03-25,25.94,25.75,26.11,Attn-GRU-15
561977,2026-03-06,2026-03-26,25.96,25.77,26.11,Attn-GRU-15
561977,2026-03-06,2026-03-27,25.98,25.78,26.13,Attn-GRU-15
561977,2026-03-06,2026-03-28,26.02,25.82,26.16,Attn-GRU-15
561977,2026-03-06,2026-03-29,26.02,25.83,26.17,Attn-GRU-15
561977,2026-03-06,2026-03-30,26.03,25.84,26.18,Attn-GRU-15
561977,2026-03-06,2026-03-31,26.05,25.85,26.19,Attn-GRU-15
561977,2026-03-06,2026-04-01,26.07,25.89,26.2,Attn-GRU-15
561977,2026-03-06,2026-04-02,26.08,25.88,26.21,Attn-GRU-15
561977,2026-03-06,2026-04-03,26.09,25.9,26.2,Attn-GRU-15
561977,2026-03-06,2026-04-04,26.11,25.91,26.22,Attn-GRU-15
561977,2026-03-06,2026-04-05,26.11,25.94,26.22,Attn-GRU-15
561978,2026-03-06,2026-03-07,17.83,17.83,17.84,Attn-GRU-15
561978,2026-03-06,2026-03-08,17.81,17.8,17.82,Attn-GRU-15
561978,2026-03-06,2026-03-09,17.8,17.78,17.81,Attn-GRU-15
561978,2026-03-06,2026-03-10,17.78,17.76,17.8,Attn-GRU-15
561978,2026-03-06,2026-03-11,17.76,17.74,17.78,Attn-GRU-15
561978,2026-03-06,2026-03-12,17.74,17.72,17.77,Attn-GRU-15
561978,2026-03-06,2026-03-13,17.72,17.69,17.75,Attn-GRU-15
561978,2026-03-06,2026-03-14,17.7,17.67,17.74,Attn-GRU-15
561978,2026-03-06,2026-03-15,17.68,17.65,17.72,Attn-GRU-15
561978,2026-03-06,2026-03-16,17.66,17.63,17.7,Attn-GRU-15
561978,2026-03-06,2026-03-17,17.64,17.61,17.68,Attn-GRU-15
561978,2026-03-06,2026-03-18,17.62,17.6,17.66,Attn-GRU-15
561978,2026-03-06,2026-03-19,17.61,17.59,17.64,Attn-GRU-15
561978,2026-03-06,2026-03-20,17.59,17.58,17.62,Attn-GRU-15
561978,2026-03-06,2026-03-21,17.59,17.58,17.61,Attn-GRU-15
561978,2026-03-06,2026-03-22,17.58,17.58,17.6,Attn-GRU-15
561978,2026-03-06,2026-03-23,17.58,17.58,17.59,Attn-GRU-15
561978,2026-03-06,2026-03-24,17.58,17.58,17.58,Attn-GRU-15
561978,2026-03-06,2026-03-25,17.58,17.58,17.58,Attn-GRU-15
561978,2026-03-06,2026-03-26,17.58,17.58,17.58,Attn-GRU-15
561978,2026-03-06,2026-03-27,17.58,17.58,17.58,Attn-GRU-15
561978,2026-03-06,2026-03-28,17.58,17.58,17.58,Attn-GRU-15
561978,2026-03-06,2026-03-29,17.58,17.58,17.58,Attn-GRU-15
561978,2026-03-06,2026-03-30,17.58,17.58,17.58,Attn-GRU-15
561978,2026-03-06,2026-03-31,17.58,17.58,17.58,Attn-GRU-15
561978,2026-03-06,2026-04-01,17.58,17.58,17.58,Attn-GRU-15
561978,2026-03-06,2026-04-02,17.58,17.58,17.58,Attn-GRU-15
561978,2026-03-06,2026-04-03,17.58,17.57,17.58,Attn-GRU-15
561978,2026-03-06,2026-04-04,17.58,17.57,17.58,Attn-GRU-15
561978,2026-03-06,2026-04-05,17.58,17.57,17.58,Attn-GRU-15
561979,2026-03-06,2026-03-07,20.14,20.13,20.16,Attn-GRU-15
561979,2026-03-06,2026-03-08,20.17,20.13,20.2,Attn-GRU-15
561979,2026-03-06,2026-03-09,20.19,20.14,20.25,Attn-GRU-15
561979,2026-03-06,2026-03-10,20.22,20.14,20.29,Attn-GRU-15
561979,2026-03-06,2026-03-11,20.24,20.15,20.34,Attn-GRU-15
561979,2026-03-06,2026-03-12,20.27,20.16,20.38,Attn-GRU-15
561979,2026-03-06,2026-03-13,20.3,20.18,20.43,Attn-GRU-15
561979,2026-03-06,2026-03-14,20.33,20.19,20.47,Attn-GRU-15
561979,2026-03-06,2026-03-15,20.37,20.22,20.52,Attn-GRU-15
561979,2026-03-06,2026-03-16,20.42,20.25,20.58,Attn-GRU-15
561979,2026-03-06,2026-03-17,20.46,20.26,20.62,Attn-GRU-15
561979,2026-03-06,2026-03-18,20.5,20.3,20.67,Attn-GRU-15
561979,2026-03-06,2026-03-19,20.53,20.33,20.71,Attn-GRU-15
561979,2026-03-06,2026-03-20,20.58,20.36,20.74,Attn-GRU-15
561979,2026-03-06,2026-03-21,20.6,20.39,20.77,Attn-GRU-15
561979,2026-03-06,2026-03-22,20.65,20.43,20.82,Attn-GRU-15
561979,2026-03-06,2026-03-23,20.68,20.45,20.84,Attn-GRU-15
561979,2026-03-06,2026-03-24,20.7,20.47,20.85,Attn-GRU-15
561979,2026-03-06,2026-03-25,20.74,20.49,20.88,Attn-GRU-15
561979,2026-03-06,2026-03-26,20.77,20.52,20.91,Attn-GRU-15
561979,2026-03-06,2026-03-27,20.79,20.53,20.92,Attn-GRU-15
561979,2026-03-06,2026-03-28,20.82,20.56,20.94,Attn-GRU-15
561979,2026-03-06,2026-03-29,20.83,20.56,20.95,Attn-GRU-15
561979,2026-03-06,2026-03-30,20.84,20.57,20.96,Attn-GRU-15
561979,2026-03-06,2026-03-31,20.87,20.61,20.98,Attn-GRU-15
561979,2026-03-06,2026-04-01,20.88,20.63,20.97,Attn-GRU-15
561979,2026-03-06,2026-04-02,20.9,20.62,21.0,Attn-GRU-15
561979,2026-03-06,2026-04-03,20.9,20.65,20.99,Attn-GRU-15
561979,2026-03-06,2026-04-04,20.92,20.65,21.0,Attn-GRU-15
561979,2026-03-06,2026-04-05,20.93,20.68,21.0,Attn-GRU-15
561980,2026-03-06,2026-03-07,50.57,50.56,50.59,Attn-GRU-15
561980,2026-03-06,2026-03-08,50.54,50.51,50.56,Attn-GRU-15
561980,2026-03-06,2026-03-09,50.51,50.47,50.55,Attn-GRU-15
561980,2026-03-06,2026-03-10,50.48,50.43,50.53,Attn-GRU-15
561980,2026-03-06,2026-03-11,50.45,50.39,50.51,Attn-GRU-15
561980,2026-03-06,2026-03-12,50.43,50.35,50.5,Attn-GRU-15
561980,2026-03-06,2026-03-13,50.4,50.32,50.49,Attn-GRU-15
561980,2026-03-06,2026-03-14,50.37,50.28,50.48,Attn-GRU-15
561980,2026-03-06,2026-03-15,50.35,50.25,50.47,Attn-GRU-15
561980,2026-03-06,2026-03-16,50.34,50.22,50.48,Attn-GRU-15
561980,2026-03-06,2026-03-17,50.32,50.19,50.47,Attn-GRU-15
561980,2026-03-06,2026-03-18,50.32,50.18,50.49,Attn-GRU-15
561980,2026-03-06,2026-03-19,50.31,50.16,50.5,Attn-GRU-15
561980,2026-03-06,2026-03-20,50.31,50.14,50.52,Attn-GRU-15
561980,2026-03-06,2026-03-21,50.3,50.12,50.53,Attn-GRU-15
561980,2026-03-06,2026-03-22,50.28,50.07,50.54,Attn-GRU-15
561980,2026-03-06,2026-03-23,50.26,50.03,50.54,Attn-GRU-15
561980,2026-03-06,2026-03-24,50.23,49.98,50.54,Attn-GRU-15
561980,2026-03-06,2026-03-25,50.2,49.94,50.54,Attn-GRU-15
561980,2026-03-06,2026-03-26,50.24,49.95,50.6,Attn-GRU-15
561980,2026-03-06,2026-03-27,50.2,49.9,50.55,Attn-GRU-15
561980,2026-03-06,2026-03-28,50.1,49.75,50.54,Attn-GRU-15
561980,2026-03-06,2026-03-29,50.14,49.84,50.57,Attn-GRU-15
561980,2026-03-06,2026-03-30,50.14,49.83,50.56,Attn-GRU-15
561980,2026-03-06,2026-03-31,50.13,49.8,50.59,Attn-GRU-15
561980,2026-03-06,2026-04-01,50.08,49.73,50.57,Attn-GRU-15
561980,2026-03-06,2026-04-02,50.02,49.7,50.53,Attn-GRU-15
561980,2026-03-06,2026-04-03,50.12,49.73,50.58,Attn-GRU-15
561980,2026-03-06,2026-04-04,50.1,49.74,50.51,Attn-GRU-15
561980,2026-03-06,2026-04-05,50.07,49.71,50.62,Attn-GRU-15
561981,2026-03-06,2026-03-07,39.9,39.89,39.92,Attn-GRU-15
561981,2026-03-06,2026-03-08,39.84,39.81,39.87,Attn-GRU-15
561981,2026-03-06,2026-03-09,39.79,39.74,39.83,Attn-GRU-15
561981,2026-03-06,2026-03-10,39.74,39.68,39.78,Attn-GRU-15
561981,2026-03-06,2026-03-11,39.67,39.6,39.74,Attn-GRU-15
561981,2026-03-06,2026-03-12,39.6,39.53,39.68,Attn-GRU-15
561981,2026-03-06,2026-03-13,39.53,39.44,39.62,Attn-GRU-15
561981,2026-03-06,2026-03-14,39.45,39.36,39.56,Attn-GRU-15
561981,2026-03-06,2026-03-15,39.38,39.28,39.5,Attn-GRU-15
561981,2026-03-06,2026-03-16,39.3,39.2,39.43,Attn-GRU-15
561981,2026-03-06,2026-03-17,39.23,39.13,39.35,Attn-GRU-15
561981,2026-03-06,2026-03-18,39.15,39.07,39.27,Attn-GRU-15
561981,2026-03-06,2026-03-19,39.09,39.04,39.19,Attn-GRU-15
561981,2026-03-06,2026-03-20,39.05,39.02,39.12,Attn-GRU-15
561981,2026-03-06,2026-03-21,39.03,39.01,39.07,Attn-GRU-15
561981,2026-03-06,2026-03-22,39.02,39.01,39.05,Attn-GRU-15
561981,2026-03-06,2026-03-23,39.01,39.01,39.03,Attn-GRU-15
561981,2026-03-06,2026-03-24,39.01,39.01,39.02,Attn-GRU-15
561981,2026-03-06,2026-03-25,39.01,39.01,39.02,Attn-GRU-15
561981,2026-03-06,2026-03-26,39.01,39.01,39.01,Attn-GRU-15
561981,2026-03-06,2026-03-27,39.01,39.01,39.01,Attn-GRU-15
561981,2026-03-06,2026-03-28,39.01,39.01,39.01,Attn-GRU-15
561981,2026-03-06,2026-03-29,39.01,39.01,39.01,Attn-GRU-15
561981,2026-03-06,2026-03-30,39.01,39.01,39.01,Attn-GRU-15
561981,2026-03-06,2026-03-31,39.01,39.01,39.01,Attn-GRU-15
561981,2026-03-06,2026-04-01,39.01,39.01,39.01,Attn-GRU-15
561981,2026-03-06,2026-04-02,39.01,39.01,39.01,Attn-GRU-15
561981,2026-03-06,2026-04-03,39.01,39.01,39.01,Attn-GRU-15
561981,2026-03-06,2026-04-04,39.01,39.01,39.01,Attn-GRU-15
561981,2026-03-06,2026-04-05,39.01,39.01,39.01,Attn-GRU-15
561982,2026-03-06,2026-03-07,56.09,56.0,56.2,Attn-GRU-15
561982,2026-03-06,2026-03-08,55.77,55.56,55.95,Attn-GRU-15
561982,2026-03-06,2026-03-09,55.47,55.2,55.72,Attn-GRU-15
561982,2026-03-06,2026-03-10,55.2,54.84,55.52,Attn-GRU-15
561982,2026-03-06,2026-03-11,54.88,54.43,55.25,Attn-GRU-15
561982,2026-03-06,2026-03-12,54.53,54.01,54.98,Attn-GRU-15
561982,2026-03-06,2026-03-13,54.15,53.57,54.68,Attn-GRU-15
561982,2026-03-06,2026-03-14,53.77,53.16,54.38,Attn-GRU-15
561982,2026-03-06,2026-03-15,53.4,52.72,54.08,Attn-GRU-15
561982,2026-03-06,2026-03-16,53.0,52.31,53.72,Attn-GRU-15
561982,2026-03-06,2026-03-17,52.58,51.93,53.38,Attn-GRU-15
561982,2026-03-06,2026-03-18,52.15,51.55,52.97,Attn-GRU-15
561982,2026-03-06,2026-03-19,51.78,51.25,52.53,Attn-GRU-15
561982,2026-03-06,2026-03-20,51.42,51.01,52.12,Attn-GRU-15
561982,2026-03-06,2026-03-21,51.18,50.89,51.81,Attn-GRU-15
561982,2026-03-06,2026-03-22,51.01,50.81,51.51,Attn-GRU-15
561982,2026-03-06,2026-03-23,50.92,50.77,51.31,Attn-GRU-15
561982,2026-03-06,2026-03-24,50.84,50.74,51.18,Attn-GRU-15
561982,2026-03-06,2026-03-25,50.78,50.73,51.05,Attn-GRU-15
561982,2026-03-06,2026-03-26,50.76,50.72,50.95,Attn-GRU-15
561982,2026-03-06,2026-03-27,50.74,50.72,50.88,Attn-GRU-15
561982,2026-03-06,2026-03-28,50.72,50.72,50.81,Attn-GRU-15
561982,2026-03-06,2026-03-29,50.72,50.72,50.81,Attn-GRU-15
561982,2026-03-06,2026-03-30,50.72,50.71,50.8,Attn-GRU-15
561982,2026-03-06,2026-03-31,50.72,50.71,50.75,Attn-GRU-15
561982,2026-03-06,2026-04-01,50.72,50.71,50.74,Attn-GRU-15
561982,2026-03-06,2026-04-02,50.72,50.71,50.75,Attn-GRU-15
561982,2026-03-06,2026-04-03,50.71,50.71,50.73,Attn-GRU-15
561982,2026-03-06,2026-04-04,50.71,50.71,50.73,Attn-GRU-15
561982,2026-03-06,2026-04-05,50.71,50.71,50.72,Attn-GRU-15
561983,2026-03-06,2026-03-07,89.17,89.14,89.2,Attn-GRU-15
561983,2026-03-06,2026-03-08,89.11,89.06,89.16,Attn-GRU-15
561983,2026-03-06,2026-03-09,89.07,88.99,89.14,Attn-GRU-15
561983,2026-03-06,2026-03-10,89.02,88.92,89.11,Attn-GRU-15
561983,2026-03-06,2026-03-11,88.97,88.84,89.08,Attn-GRU-15
561983,2026-03-06,2026-03-12,88.92,88.76,89.06,Attn-GRU-15
561983,2026-03-06,2026-03-13,88.84,88.64,89.02,Attn-GRU-15
561983,2026-03-06,2026-03-14,88.8,88.57,88.99,Attn-GRU-15
561983,2026-03-06,2026-03-15,88.74,88.46,88.97,Attn-GRU-15
561983,2026-03-06,2026-03-16,88.66,88.36,88.96,Attn-GRU-15
561983,2026-03-06,2026-03-17,88.59,88.23,88.96,Attn-GRU-15
561983,2026-03-06,2026-03-18,88.52,88.11,88.94,Attn-GRU-15
561983,2026-03-06,2026-03-19,88.42,87.98,88.89,Attn-GRU-15
561983,2026-03-06,2026-03-20,88.32,87.81,88.87,Attn-GRU-15
561983,2026-03-06,2026-03-21,88.17,87.67,88.79,Attn-GRU-15
561983,2026-03-06,2026-03-22,88.02,87.54,88.7,Attn-GRU-15
561983,2026-03-06,2026-03-23,87.83,87.43,88.58,Attn-GRU-15
561983,2026-03-06,2026-03-24,87.69,87.35,88.38,Attn-GRU-15
561983,2026-03-06,2026-03-25,87.46,87.28,88.16,Attn-GRU-15
561983,2026-03-06,2026-03-26,87.41,87.26,88.01,Attn-GRU-15
561983,2026-03-06,2026-03-27,87.37,87.26,87.9,Attn-GRU-15
561983,2026-03-06,2026-03-28,87.32,87.25,87.81,Attn-GRU-15
561983,2026-03-06,2026-03-29,87.29,87.25,87.63,Attn-GRU-15
561983,2026-03-06,2026-03-30,87.27,87.25,87.53,Attn-GRU-15
561983,2026-03-06,2026-03-31,87.26,87.24,87.49,Attn-GRU-15
561983,2026-03-06,2026-04-01,87.25,87.24,87.42,Attn-GRU-15
561983,2026-03-06,2026-04-02,87.26,87.24,87.44,Attn-GRU-15
561983,2026-03-06,2026-04-03,87.25,87.24,87.38,Attn-GRU-15
561983,2026-03-06,2026-04-04,87.25,87.24,87.35,Attn-GRU-15
561983,2026-03-06,2026-04-05,87.25,87.24,87.31,Attn-GRU-15
561984,2026-03-06,2026-03-07,65.29,65.2,65.37,Attn-GRU-15
561984,2026-03-06,2026-03-08,65.0,64.86,65.12,Attn-GRU-15
561984,2026-03-06,2026-03-09,64.75,64.55,64.93,Attn-GRU-15
561984,2026-03-06,2026-03-10,64.5,64.26,64.72,Attn-GRU-15
561984,2026-03-06,2026-03-11,64.2,63.92,64.47,Attn-GRU-15
561984,2026-03-06,2026-03-12,63.91,63.57,64.25,Attn-GRU-15
561984,2026-03-06,2026-03-13,63.58,63.21,63.95,Attn-GRU-15
561984,2026-03-06,2026-03-14,63.26,62.89,63.65,Attn-GRU-15
561984,2026-03-06,2026-03-15,62.93,62.58,63.37,Attn-GRU-15
561984,2026-03-06,2026-03-16,62.61,62.29,63.06,Attn-GRU-15
561984,2026-03-06,2026-03-17,62.31,62.04,62.73,Attn-GRU-15
561984,2026-03-06,2026-03-18,62.05,61.84,62.4,Attn-GRU-15
561984,2026-03-06,2026-03-19,61.85,61.72,62.13,Attn-GRU-15
561984,2026-03-06,2026-03-20,61.73,61.66,61.9,Attn-GRU-15
561984,2026-03-06,2026-03-21,61.67,61.63,61.78,Attn-GRU-15
561984,2026-03-06,2026-03-22,61.64,61.62,61.71,Attn-GRU-15
561984,2026-03-06,2026-03-23,61.62,61.62,61.67,Attn-GRU-15
561984,2026-03-06,2026-03-24,61.62,61.61,61.64,Attn-GRU-15
561984,2026-03-06,2026-03-25,61.62,61.61,61.63,Attn-GRU-15
561984,2026-03-06,2026-03-26,61.61,61.61,61.62,Attn-GRU-15
561984,2026-03-06,2026-03-27,61.61,61.61,61.62,Attn-GRU-15
561984,2026-03-06,2026-03-28,61.61,61.61,61.62,Attn-GRU-15
561984,2026-03-06,2026-03-29,61.61,61.61,61.62,Attn-GRU-15
561984,2026-03-06,2026-03-30,61.61,61.61,61.61,Attn-GRU-15
561984,2026-03-06,2026-03-31,61.61,61.61,61.61,Attn-GRU-15
561984,2026-03-06,2026-04-01,61.61,61.61,61.61,Attn-GRU-15
561984,2026-03-06,2026-04-02,61.61,61.61,61.61,Attn-GRU-15
561984,2026-03-06,2026-04-03,61.61,61.61,61.61,Attn-GRU-15
561984,2026-03-06,2026-04-04,61.61,61.61,61.61,Attn-GRU-15
561984,2026-03-06,2026-04-05,61.61,61.61,61.61,Attn-GRU-15
561991,2026-03-06,2026-03-07,107.49,107.41,107.58,Attn-GRU-15
561991,2026-03-06,2026-03-08,107.25,107.09,107.38,Attn-GRU-15
561991,2026-03-06,2026-03-09,107.0,106.82,107.19,Attn-GRU-15
561991,2026-03-06,2026-03-10,106.78,106.55,107.03,Attn-GRU-15
561991,2026-03-06,2026-03-11,106.52,106.21,106.79,Attn-GRU-15
561991,2026-03-06,2026-03-12,106.25,105.85,106.59,Attn-GRU-15
561991,2026-03-06,2026-03-13,105.92,105.42,106.35,Attn-GRU-15
561991,2026-03-06,2026-03-14,105.54,105.03,106.09,Attn-GRU-15
561991,2026-03-06,2026-03-15,105.17,104.63,105.83,Attn-GRU-15
561991,2026-03-06,2026-03-16,104.77,104.19,105.49,Attn-GRU-15
561991,2026-03-06,2026-03-17,104.3,103.71,105.1,Attn-GRU-15
561991,2026-03-06,2026-03-18,103.82,103.2,104.64,Attn-GRU-15
561991,2026-03-06,2026-03-19,103.28,102.76,104.14,Attn-GRU-15
561991,2026-03-06,2026-03-20,102.78,102.38,103.71,Attn-GRU-15
561991,2026-03-06,2026-03-21,102.48,102.19,103.31,Attn-GRU-15
561991,2026-03-06,2026-03-22,102.26,102.05,102.95,Attn-GRU-15
561991,2026-03-06,2026-03-23,102.15,101.99,102.62,Attn-GRU-15
561991,2026-03-06,2026-03-24,102.06,101.95,102.45,Attn-GRU-15
561991,2026-03-06,2026-03-25,102.01,101.94,102.25,Attn-GRU-15
561991,2026-03-06,2026-03-26,101.96,101.93,102.14,Attn-GRU-15
561991,2026-03-06,2026-03-27,101.94,101.92,102.02,Attn-GRU-15
561991,2026-03-06,2026-03-28,101.93,101.92,102.02,Attn-GRU-15
561991,2026-03-06,2026-03-29,101.93,101.92,101.97,Attn-GRU-15
561991,2026-03-06,2026-03-30,101.93,101.92,101.97,Attn-GRU-15
561991,2026-03-06,2026-03-31,101.92,101.92,101.95,Attn-GRU-15
561991,2026-03-06,2026-04-01,101.92,101.92,101.94,Attn-GRU-15
561991,2026-03-06,2026-04-02,101.92,101.92,101.95,Attn-GRU-15
561991,2026-03-06,2026-04-03,101.92,101.92,101.93,Attn-GRU-15
561991,2026-03-06,2026-04-04,101.92,101.92,101.93,Attn-GRU-15
561991,2026-03-06,2026-04-05,101.92,101.92,101.93,Attn-GRU-15
561992,2026-03-06,2026-03-07,38.76,38.74,38.79,Attn-GRU-15
561992,2026-03-06,2026-03-08,38.81,38.76,38.85,Attn-GRU-15
561992,2026-03-06,2026-03-09,38.87,38.79,38.92,Attn-GRU-15
561992,2026-03-06,2026-03-10,38.92,38.82,39.0,Attn-GRU-15
561992,2026-03-06,2026-03-11,38.97,38.85,39.07,Attn-GRU-15
561992,2026-03-06,2026-03-12,39.04,38.89,39.16,Attn-GRU-15
561992,2026-03-06,2026-03-13,39.11,38.95,39.25,Attn-GRU-15
561992,2026-03-06,2026-03-14,39.18,39.0,39.35,Attn-GRU-15
561992,2026-03-06,2026-03-15,39.26,39.06,39.42,Attn-GRU-15
561992,2026-03-06,2026-03-16,39.35,39.13,39.52,Attn-GRU-15
561992,2026-03-06,2026-03-17,39.43,39.2,39.6,Attn-GRU-15
561992,2026-03-06,2026-03-18,39.5,39.28,39.68,Attn-GRU-15
561992,2026-03-06,2026-03-19,39.57,39.37,39.74,Attn-GRU-15
561992,2026-03-06,2026-03-20,39.63,39.42,39.78,Attn-GRU-15
561992,2026-03-06,2026-03-21,39.69,39.48,39.82,Attn-GRU-15
561992,2026-03-06,2026-03-22,39.73,39.54,39.85,Attn-GRU-15
561992,2026-03-06,2026-03-23,39.77,39.56,39.87,Attn-GRU-15
561992,2026-03-06,2026-03-24,39.79,39.62,39.88,Attn-GRU-15
561992,2026-03-06,2026-03-25,39.81,39.64,39.89,Attn-GRU-15
561992,2026-03-06,2026-03-26,39.83,39.68,39.89,Attn-GRU-15
561992,2026-03-06,2026-03-27,39.85,39.71,39.9,Attn-GRU-15
561992,2026-03-06,2026-03-28,39.86,39.73,39.91,Attn-GRU-15
561992,2026-03-06,2026-03-29,39.87,39.75,39.91,Attn-GRU-15
561992,2026-03-06,2026-03-30,39.88,39.76,39.91,Attn-GRU-15
561992,2026-03-06,2026-03-31,39.89,39.79,39.91,Attn-GRU-15
561992,2026-03-06,2026-04-01,39.89,39.8,39.92,Attn-GRU-15
561992,2026-03-06,2026-04-02,39.9,39.8,39.92,Attn-GRU-15
561992,2026-03-06,2026-04-03,39.9,39.81,39.92,Attn-GRU-15
561992,2026-03-06,2026-04-04,39.9,39.82,39.92,Attn-GRU-15
561992,2026-03-06,2026-04-05,39.9,39.82,39.92,Attn-GRU-15
561993,2026-03-06,2026-03-07,39.68,39.62,39.74,Attn-GRU-15
561993,2026-03-06,2026-03-08,39.61,39.49,39.72,Attn-GRU-15
561993,2026-03-06,2026-03-09,39.55,39.38,39.73,Attn-GRU-15
561993,2026-03-06,2026-03-10,39.5,39.28,39.74,Attn-GRU-15
561993,2026-03-06,2026-03-11,39.45,39.17,39.75,Attn-GRU-15
561993,2026-03-06,2026-03-12,39.39,39.06,39.77,Attn-GRU-15
561993,2026-03-06,2026-03-13,39.35,38.96,39.8,Attn-GRU-15
561993,2026-03-06,2026-03-14,39.32,38.86,39.83,Attn-GRU-15
561993,2026-03-06,2026-03-15,39.26,38.73,39.86,Attn-GRU-15
561993,2026-03-06,2026-03-16,39.23,38.63,39.93,Attn-GRU-15
561993,2026-03-06,2026-03-17,39.14,38.5,39.91,Attn-GRU-15
561993,2026-03-06,2026-03-18,39.08,38.4,39.94,Attn-GRU-15
561993,2026-03-06,2026-03-19,38.98,38.24,39.93,Attn-GRU-15
561993,2026-03-06,2026-03-20,38.88,38.13,39.95,Attn-GRU-15
561993,2026-03-06,2026-03-21,38.86,38.04,40.03,Attn-GRU-15
561993,2026-03-06,2026-03-22,38.84,37.98,40.09,Attn-GRU-15
561993,2026-03-06,2026-03-23,38.68,37.78,40.05,Attn-GRU-15
561993,2026-03-06,2026-03-24,38.62,37.61,40.11,Attn-GRU-15
561993,2026-03-06,2026-03-25,38.73,37.6,40.11,Attn-GRU-15
561993,2026-03-06,2026-03-26,38.55,37.51,40.21,Attn-GRU-15
561993,2026-03-06,2026-03-27,38.46,37.3,40.23,Attn-GRU-15
561993,2026-03-06,2026-03-28,38.35,36.97,40.22,Attn-GRU-15
561993,2026-03-06,2026-03-29,38.49,37.13,40.26,Attn-GRU-15
561993,2026-03-06,2026-03-30,38.35,37.11,40.26,Attn-GRU-15
561993,2026-03-06,2026-03-31,38.53,37.14,40.58,Attn-GRU-15
561993,2026-03-06,2026-04-01,38.36,36.82,40.36,Attn-GRU-15
561993,2026-03-06,2026-04-02,38.51,36.84,40.82,Attn-GRU-15
561993,2026-03-06,2026-04-03,38.39,36.96,40.7,Attn-GRU-15
561993,2026-03-06,2026-04-04,38.25,36.84,40.61,Attn-GRU-15
561993,2026-03-06,2026-04-05,38.52,36.91,40.85,Attn-GRU-15
561994,2026-03-06,2026-03-07,37.98,37.96,37.98,Attn-GRU-15
561994,2026-03-06,2026-03-08,37.99,37.95,38.01,Attn-GRU-15
561994,2026-03-06,2026-03-09,38.01,37.94,38.04,Attn-GRU-15
561994,2026-03-06,2026-03-10,38.02,37.94,38.06,Attn-GRU-15
561994,2026-03-06,2026-03-11,38.04,37.93,38.09,Attn-GRU-15
561994,2026-03-06,2026-03-12,38.05,37.93,38.11,Attn-GRU-15
561994,2026-03-06,2026-03-13,38.06,37.93,38.13,Attn-GRU-15
561994,2026-03-06,2026-03-14,38.08,37.93,38.16,Attn-GRU-15
561994,2026-03-06,2026-03-15,38.09,37.93,38.18,Attn-GRU-15
561994,2026-03-06,2026-03-16,38.11,37.94,38.2,Attn-GRU-15
561994,2026-03-06,2026-03-17,38.13,37.95,38.23,Attn-GRU-15
561994,2026-03-06,2026-03-18,38.16,37.97,38.25,Attn-GRU-15
561994,2026-03-06,2026-03-19,38.19,37.99,38.28,Attn-GRU-15
561994,2026-03-06,2026-03-20,38.21,38.01,38.3,Attn-GRU-15
561994,2026-03-06,2026-03-21,38.24,38.02,38.33,Attn-GRU-15
561994,2026-03-06,2026-03-22,38.26,38.04,38.35,Attn-GRU-15
561994,2026-03-06,2026-03-23,38.29,38.06,38.37,Attn-GRU-15
561994,2026-03-06,2026-03-24,38.31,38.06,38.39,Attn-GRU-15
561994,2026-03-06,2026-03-25,38.32,38.07,38.41,Attn-GRU-15
561994,2026-03-06,2026-03-26,38.33,38.08,38.43,Attn-GRU-15
561994,2026-03-06,2026-03-27,38.36,38.08,38.46,Attn-GRU-15
561994,2026-03-06,2026-03-28,38.37,38.09,38.46,Attn-GRU-15
561994,2026-03-06,2026-03-29,38.38,38.1,38.48,Attn-GRU-15
561994,2026-03-06,2026-03-30,38.4,38.08,38.49,Attn-GRU-15
561994,2026-03-06,2026-03-31,38.41,38.09,38.5,Attn-GRU-15
561994,2026-03-06,2026-04-01,38.41,38.12,38.5,Attn-GRU-15
561994,2026-03-06,2026-04-02,38.41,38.07,38.52,Attn-GRU-15
561994,2026-03-06,2026-04-03,38.41,38.11,38.51,Attn-GRU-15
561994,2026-03-06,2026-04-04,38.41,38.1,38.52,Attn-GRU-15
561994,2026-03-06,2026-04-05,38.42,38.11,38.52,Attn-GRU-15
561995,2026-03-06,2026-03-07,25.31,25.29,25.34,Attn-GRU-15
561995,2026-03-06,2026-03-08,25.29,25.23,25.34,Attn-GRU-15
561995,2026-03-06,2026-03-09,25.27,25.19,25.36,Attn-GRU-15
561995,2026-03-06,2026-03-10,25.26,25.15,25.38,Attn-GRU-15
561995,2026-03-06,2026-03-11,25.24,25.11,25.4,Attn-GRU-15
561995,2026-03-06,2026-03-12,25.22,25.07,25.42,Attn-GRU-15
561995,2026-03-06,2026-03-13,25.21,25.02,25.44,Attn-GRU-15
561995,2026-03-06,2026-03-14,25.2,24.98,25.48,Attn-GRU-15
561995,2026-03-06,2026-03-15,25.2,24.93,25.5,Attn-GRU-15
561995,2026-03-06,2026-03-16,25.2,24.89,25.52,Attn-GRU-15
561995,2026-03-06,2026-03-17,25.19,24.87,25.54,Attn-GRU-15
561995,2026-03-06,2026-03-18,25.19,24.85,25.54,Attn-GRU-15
561995,2026-03-06,2026-03-19,25.19,24.81,25.6,Attn-GRU-15
561995,2026-03-06,2026-03-20,25.2,24.77,25.63,Attn-GRU-15
561995,2026-03-06,2026-03-21,25.21,24.75,25.67,Attn-GRU-15
561995,2026-03-06,2026-03-22,25.21,24.71,25.73,Attn-GRU-15
561995,2026-03-06,2026-03-23,25.15,24.66,25.77,Attn-GRU-15
561995,2026-03-06,2026-03-24,25.15,24.59,25.8,Attn-GRU-15
561995,2026-03-06,2026-03-25,25.2,24.6,25.8,Attn-GRU-15
561995,2026-03-06,2026-03-26,25.14,24.54,25.92,Attn-GRU-15
561995,2026-03-06,2026-03-27,25.1,24.48,25.92,Attn-GRU-15
561995,2026-03-06,2026-03-28,25.13,24.41,25.92,Attn-GRU-15
561995,2026-03-06,2026-03-29,25.1,24.45,25.94,Attn-GRU-15
561995,2026-03-06,2026-03-30,25.1,24.39,26.12,Attn-GRU-15
561995,2026-03-06,2026-03-31,25.11,24.44,26.13,Attn-GRU-15
561995,2026-03-06,2026-04-01,25.15,24.34,26.22,Attn-GRU-15
561995,2026-03-06,2026-04-02,25.14,24.32,26.18,Attn-GRU-15
561995,2026-03-06,2026-04-03,25.15,24.36,26.28,Attn-GRU-15
561995,2026-03-06,2026-04-04,25.08,24.32,26.24,Attn-GRU-15
561995,2026-03-06,2026-04-05,25.11,24.34,26.26,Attn-GRU-15
562000,2026-03-06,2026-03-07,15.1,15.1,15.11,Attn-GRU-15
562000,2026-03-06,2026-03-08,15.09,15.07,15.1,Attn-GRU-15
562000,2026-03-06,2026-03-09,15.07,15.05,15.09,Attn-GRU-15
562000,2026-03-06,2026-03-10,15.06,15.03,15.08,Attn-GRU-15
562000,2026-03-06,2026-03-11,15.04,15.01,15.07,Attn-GRU-15
562000,2026-03-06,2026-03-12,15.02,14.98,15.06,Attn-GRU-15
562000,2026-03-06,2026-03-13,15.01,14.96,15.05,Attn-GRU-15
562000,2026-03-06,2026-03-14,14.99,14.93,15.05,Attn-GRU-15
562000,2026-03-06,2026-03-15,14.98,14.91,15.04,Attn-GRU-15
562000,2026-03-06,2026-03-16,14.96,14.89,15.03,Attn-GRU-15
562000,2026-03-06,2026-03-17,14.95,14.87,15.03,Attn-GRU-15
562000,2026-03-06,2026-03-18,14.94,14.85,15.03,Attn-GRU-15
562000,2026-03-06,2026-03-19,14.93,14.83,15.03,Attn-GRU-15
562000,2026-03-06,2026-03-20,14.92,14.81,15.03,Attn-GRU-15
562000,2026-03-06,2026-03-21,14.91,14.8,15.02,Attn-GRU-15
562000,2026-03-06,2026-03-22,14.89,14.78,15.02,Attn-GRU-15
562000,2026-03-06,2026-03-23,14.88,14.76,15.01,Attn-GRU-15
562000,2026-03-06,2026-03-24,14.88,14.75,15.02,Attn-GRU-15
562000,2026-03-06,2026-03-25,14.86,14.74,15.0,Attn-GRU-15
562000,2026-03-06,2026-03-26,14.87,14.74,15.02,Attn-GRU-15
562000,2026-03-06,2026-03-27,14.84,14.71,14.99,Attn-GRU-15
562000,2026-03-06,2026-03-28,14.81,14.7,14.99,Attn-GRU-15
562000,2026-03-06,2026-03-29,14.82,14.7,14.99,Attn-GRU-15
562000,2026-03-06,2026-03-30,14.82,14.69,14.99,Attn-GRU-15
562000,2026-03-06,2026-03-31,14.81,14.69,14.97,Attn-GRU-15
562000,2026-03-06,2026-04-01,14.8,14.67,14.98,Attn-GRU-15
562000,2026-03-06,2026-04-02,14.8,14.69,14.99,Attn-GRU-15
562000,2026-03-06,2026-04-03,14.79,14.67,14.98,Attn-GRU-15
562000,2026-03-06,2026-04-04,14.79,14.67,14.99,Attn-GRU-15
562000,2026-03-06,2026-04-05,14.79,14.67,14.99,Attn-GRU-15
562007,2026-03-06,2026-03-07,64.24,64.18,64.32,Attn-GRU-15
562007,2026-03-06,2026-03-08,64.28,64.15,64.43,Attn-GRU-15
562007,2026-03-06,2026-03-09,64.3,64.12,64.54,Attn-GRU-15
562007,2026-03-06,2026-03-10,64.34,64.09,64.64,Attn-GRU-15
562007,2026-03-06,2026-03-11,64.37,64.07,64.74,Attn-GRU-15
562007,2026-03-06,2026-03-12,64.41,64.05,64.83,Attn-GRU-15
562007,2026-03-06,2026-03-13,64.46,64.04,64.92,Attn-GRU-15
562007,2026-03-06,2026-03-14,64.5,64.03,65.0,Attn-GRU-15
562007,2026-03-06,2026-03-15,64.56,64.05,65.09,Attn-GRU-15
562007,2026-03-06,2026-03-16,64.64,64.08,65.2,Attn-GRU-15
562007,2026-03-06,2026-03-17,64.7,64.11,65.29,Attn-GRU-15
562007,2026-03-06,2026-03-18,64.79,64.18,65.39,Attn-GRU-15
562007,2026-03-06,2026-03-19,64.9,64.25,65.52,Attn-GRU-15
562007,2026-03-06,2026-03-20,65.0,64.34,65.6,Attn-GRU-15
562007,2026-03-06,2026-03-21,65.1,64.38,65.73,Attn-GRU-15
562007,2026-03-06,2026-03-22,65.18,64.42,65.83,Attn-GRU-15
562007,2026-03-06,2026-03-23,65.27,64.5,65.9,Attn-GRU-15
562007,2026-03-06,2026-03-24,65.31,64.5,65.97,Attn-GRU-15
562007,2026-03-06,2026-03-25,65.32,64.51,66.0,Attn-GRU-15
562007,2026-03-06,2026-03-26,65.39,64.54,66.08,Attn-GRU-15
562007,2026-03-06,2026-03-27,65.46,64.57,66.19,Attn-GRU-15
562007,2026-03-06,2026-03-28,65.48,64.59,66.22,Attn-GRU-15
562007,2026-03-06,2026-03-29,65.49,64.62,66.24,Attn-GRU-15
562007,2026-03-06,2026-03-30,65.47,64.53,66.3,Attn-GRU-15
562007,2026-03-06,2026-03-31,65.54,64.59,66.35,Attn-GRU-15
562007,2026-03-06,2026-04-01,65.6,64.74,66.34,Attn-GRU-15
562007,2026-03-06,2026-04-02,65.45,64.46,66.35,Attn-GRU-15
562007,2026-03-06,2026-04-03,65.6,64.67,66.34,Attn-GRU-15
562007,2026-03-06,2026-04-04,65.56,64.61,66.34,Attn-GRU-15
562007,2026-03-06,2026-04-05,65.62,64.67,66.39,Attn-GRU-15
562021,2026-03-06,2026-03-07,134.13,134.07,134.18,Attn-GRU-15
562021,2026-03-06,2026-03-08,133.94,133.83,134.07,Attn-GRU-15
562021,2026-03-06,2026-03-09,133.82,133.62,134.0,Attn-GRU-15
562021,2026-03-06,2026-03-10,133.68,133.4,133.95,Attn-GRU-15
562021,2026-03-06,2026-03-11,133.54,133.19,133.87,Attn-GRU-15
562021,2026-03-06,2026-03-12,133.4,132.96,133.82,Attn-GRU-15
562021,2026-03-06,2026-03-13,133.28,132.75,133.74,Attn-GRU-15
562021,2026-03-06,2026-03-14,133.15,132.56,133.71,Attn-GRU-15
562021,2026-03-06,2026-03-15,133.04,132.37,133.69,Attn-GRU-15
562021,2026-03-06,2026-03-16,132.94,132.2,133.67,Attn-GRU-15
562021,2026-03-06,2026-03-17,132.84,132.08,133.66,Attn-GRU-15
562021,2026-03-06,2026-03-18,132.8,131.93,133.75,Attn-GRU-15
562021,2026-03-06,2026-03-19,132.75,131.84,133.81,Attn-GRU-15
562021,2026-03-06,2026-03-20,132.72,131.63,133.94,Attn-GRU-15
562021,2026-03-06,2026-03-21,132.64,131.47,133.97,Attn-GRU-15
562021,2026-03-06,2026-03-22,132.53,131.23,134.1,Attn-GRU-15
562021,2026-03-06,2026-03-23,132.46,130.98,134.15,Attn-GRU-15
562021,2026-03-06,2026-03-24,132.34,130.9,134.14,Attn-GRU-15
562021,2026-03-06,2026-03-25,132.34,130.85,134.21,Attn-GRU-15
562021,2026-03-06,2026-03-26,132.17,130.38,134.35,Attn-GRU-15
562021,2026-03-06,2026-03-27,131.89,129.92,134.19,Attn-GRU-15
562021,2026-03-06,2026-03-28,131.88,129.93,133.99,Attn-GRU-15
562021,2026-03-06,2026-03-29,131.82,129.89,134.06,Attn-GRU-15
562021,2026-03-06,2026-03-30,131.51,129.64,134.31,Attn-GRU-15
562021,2026-03-06,2026-03-31,131.3,129.55,134.2,Attn-GRU-15
562021,2026-03-06,2026-04-01,131.58,129.46,134.21,Attn-GRU-15
562021,2026-03-06,2026-04-02,131.42,129.59,134.01,Attn-GRU-15
562021,2026-03-06,2026-04-03,131.21,129.25,134.58,Attn-GRU-15
562021,2026-03-06,2026-04-04,131.2,129.08,134.13,Attn-GRU-15
562021,2026-03-06,2026-04-05,131.25,129.31,134.7,Attn-GRU-15
590822,2026-03-06,2026-03-07,23.88,23.87,23.89,Attn-GRU-15
590822,2026-03-06,2026-03-08,23.89,23.88,23.91,Attn-GRU-15
590822,2026-03-06,2026-03-09,23.9,23.89,23.93,Attn-GRU-15
590822,2026-03-06,2026-03-10,23.91,23.89,23.95,Attn-GRU-15
590822,2026-03-06,2026-03-11,23.93,23.9,23.98,Attn-GRU-15
590822,2026-03-06,2026-03-12,23.95,23.91,24.01,Attn-GRU-15
590822,2026-03-06,2026-03-13,23.98,23.93,24.05,Attn-GRU-15
590822,2026-03-06,2026-03-14,24.02,23.95,24.11,Attn-GRU-15
590822,2026-03-06,2026-03-15,24.05,23.97,24.16,Attn-GRU-15
590822,2026-03-06,2026-03-16,24.11,24.0,24.22,Attn-GRU-15
590822,2026-03-06,2026-03-17,24.17,24.05,24.29,Attn-GRU-15
590822,2026-03-06,2026-03-18,24.23,24.11,24.36,Attn-GRU-15
590822,2026-03-06,2026-03-19,24.3,24.18,24.42,Attn-GRU-15
590822,2026-03-06,2026-03-20,24.36,24.23,24.49,Attn-GRU-15
590822,2026-03-06,2026-03-21,24.4,24.26,24.52,Attn-GRU-15
590822,2026-03-06,2026-03-22,24.44,24.29,24.55,Attn-GRU-15
590822,2026-03-06,2026-03-23,24.47,24.34,24.57,Attn-GRU-15
590822,2026-03-06,2026-03-24,24.5,24.35,24.59,Attn-GRU-15
590822,2026-03-06,2026-03-25,24.52,24.38,24.61,Attn-GRU-15
590822,2026-03-06,2026-03-26,24.54,24.41,24.62,Attn-GRU-15
590822,2026-03-06,2026-03-27,24.55,24.44,24.62,Attn-GRU-15
590822,2026-03-06,2026-03-28,24.58,24.46,24.63,Attn-GRU-15
590822,2026-03-06,2026-03-29,24.58,24.47,24.64,Attn-GRU-15
590822,2026-03-06,2026-03-30,24.59,24.49,24.65,Attn-GRU-15
590822,2026-03-06,2026-03-31,24.61,24.5,24.65,Attn-GRU-15
590822,2026-03-06,2026-04-01,24.61,24.51,24.65,Attn-GRU-15
590822,2026-03-06,2026-04-02,24.62,24.52,24.66,Attn-GRU-15
590822,2026-03-06,2026-04-03,24.62,24.54,24.66,Attn-GRU-15
590822,2026-03-06,2026-04-04,24.63,24.55,24.66,Attn-GRU-15
590822,2026-03-06,2026-04-05,24.63,24.54,24.66,Attn-GRU-15
591994,2026-03-06,2026-03-07,53.89,53.87,53.91,Attn-GRU-15
591994,2026-03-06,2026-03-08,53.8,53.77,53.85,Attn-GRU-15
591994,2026-03-06,2026-03-09,53.73,53.68,53.79,Attn-GRU-15
591994,2026-03-06,2026-03-10,53.66,53.6,53.73,Attn-GRU-15
591994,2026-03-06,2026-03-11,53.58,53.49,53.67,Attn-GRU-15
591994,2026-03-06,2026-03-12,53.49,53.39,53.61,Attn-GRU-15
591994,2026-03-06,2026-03-13,53.39,53.26,53.54,Attn-GRU-15
591994,2026-03-06,2026-03-14,53.28,53.13,53.45,Attn-GRU-15
591994,2026-03-06,2026-03-15,53.17,53.01,53.37,Attn-GRU-15
591994,2026-03-06,2026-03-16,53.04,52.87,53.28,Attn-GRU-15
591994,2026-03-06,2026-03-17,52.91,52.72,53.17,Attn-GRU-15
591994,2026-03-06,2026-03-18,52.76,52.57,53.06,Attn-GRU-15
591994,2026-03-06,2026-03-19,52.62,52.45,52.92,Attn-GRU-15
591994,2026-03-06,2026-03-20,52.49,52.36,52.77,Attn-GRU-15
591994,2026-03-06,2026-03-21,52.42,52.31,52.63,Attn-GRU-15
591994,2026-03-06,2026-03-22,52.36,52.29,52.53,Attn-GRU-15
591994,2026-03-06,2026-03-23,52.32,52.28,52.45,Attn-GRU-15
591994,2026-03-06,2026-03-24,52.3,52.27,52.4,Attn-GRU-15
591994,2026-03-06,2026-03-25,52.29,52.27,52.37,Attn-GRU-15
591994,2026-03-06,2026-03-26,52.28,52.27,52.33,Attn-GRU-15
591994,2026-03-06,2026-03-27,52.27,52.27,52.3,Attn-GRU-15
591994,2026-03-06,2026-03-28,52.27,52.27,52.29,Attn-GRU-15
591994,2026-03-06,2026-03-29,52.27,52.27,52.28,Attn-GRU-15
591994,2026-03-06,2026-03-30,52.27,52.27,52.28,Attn-GRU-15
591994,2026-03-06,2026-03-31,52.27,52.27,52.27,Attn-GRU-15
591994,2026-03-06,2026-04-01,52.27,52.27,52.27,Attn-GRU-15
591994,2026-03-06,2026-04-02,52.27,52.27,52.27,Attn-GRU-15
591994,2026-03-06,2026-04-03,52.27,52.27,52.27,Attn-GRU-15
591994,2026-03-06,2026-04-04,52.27,52.27,52.27,Attn-GRU-15
591994,2026-03-06,2026-04-05,52.27,52.27,52.27,Attn-GRU-15
591998,2026-03-06,2026-03-07,61.18,61.09,61.27,Attn-GRU-15
591998,2026-03-06,2026-03-08,61.26,61.07,61.45,Attn-GRU-15
591998,2026-03-06,2026-03-09,61.34,61.05,61.62,Attn-GRU-15
591998,2026-03-06,2026-03-10,61.42,61.03,61.77,Attn-GRU-15
591998,2026-03-06,2026-03-11,61.49,61.02,61.91,Attn-GRU-15
591998,2026-03-06,2026-03-12,61.57,61.01,62.03,Attn-GRU-15
591998,2026-03-06,2026-03-13,61.64,61.01,62.14,Attn-GRU-15
591998,2026-03-06,2026-03-14,61.7,61.0,62.24,Attn-GRU-15
591998,2026-03-06,2026-03-15,61.77,61.02,62.32,Attn-GRU-15
591998,2026-03-06,2026-03-16,61.85,61.04,62.41,Attn-GRU-15
591998,2026-03-06,2026-03-17,61.91,61.07,62.47,Attn-GRU-15
591998,2026-03-06,2026-03-18,61.98,61.12,62.52,Attn-GRU-15
591998,2026-03-06,2026-03-19,62.06,61.18,62.59,Attn-GRU-15
591998,2026-03-06,2026-03-20,62.12,61.25,62.62,Attn-GRU-15
591998,2026-03-06,2026-03-21,62.21,61.28,62.69,Attn-GRU-15
591998,2026-03-06,2026-03-22,62.28,61.32,62.74,Attn-GRU-15
591998,2026-03-06,2026-03-23,62.34,61.39,62.77,Attn-GRU-15
591998,2026-03-06,2026-03-24,62.39,61.4,62.8,Attn-GRU-15
591998,2026-03-06,2026-03-25,62.41,61.41,62.81,Attn-GRU-15
591998,2026-03-06,2026-03-26,62.47,61.44,62.84,Attn-GRU-15
591998,2026-03-06,2026-03-27,62.54,61.45,62.88,Attn-GRU-15
591998,2026-03-06,2026-03-28,62.55,61.48,62.88,Attn-GRU-15
591998,2026-03-06,2026-03-29,62.58,61.5,62.89,Attn-GRU-15
591998,2026-03-06,2026-03-30,62.61,61.45,62.91,Attn-GRU-15
591998,2026-03-06,2026-03-31,62.65,61.48,62.92,Attn-GRU-15
591998,2026-03-06,2026-04-01,62.64,61.58,62.91,Attn-GRU-15
591998,2026-03-06,2026-04-02,62.66,61.41,62.93,Attn-GRU-15
591998,2026-03-06,2026-04-03,62.65,61.54,62.92,Attn-GRU-15
591998,2026-03-06,2026-04-04,62.67,61.51,62.93,Attn-GRU-15
591998,2026-03-06,2026-04-05,62.69,61.54,62.93,Attn-GRU-15
591999,2026-03-06,2026-03-07,54.66,54.65,54.68,Attn-GRU-15
591999,2026-03-06,2026-03-08,54.7,54.66,54.74,Attn-GRU-15
591999,2026-03-06,2026-03-09,54.75,54.68,54.8,Attn-GRU-15
591999,2026-03-06,2026-03-10,54.79,54.7,54.86,Attn-GRU-15
591999,2026-03-06,2026-03-11,54.85,54.72,54.94,Attn-GRU-15
591999,2026-03-06,2026-03-12,54.92,54.75,55.02,Attn-GRU-15
591999,2026-03-06,2026-03-13,55.0,54.8,55.13,Attn-GRU-15
591999,2026-03-06,2026-03-14,55.09,54.86,55.24,Attn-GRU-15
591999,2026-03-06,2026-03-15,55.18,54.91,55.36,Attn-GRU-15
591999,2026-03-06,2026-03-16,55.29,54.99,55.48,Attn-GRU-15
591999,2026-03-06,2026-03-17,55.39,55.09,55.6,Attn-GRU-15
591999,2026-03-06,2026-03-18,55.5,55.21,55.7,Attn-GRU-15
591999,2026-03-06,2026-03-19,55.61,55.29,55.78,Attn-GRU-15
591999,2026-03-06,2026-03-20,55.7,55.37,55.84,Attn-GRU-15
591999,2026-03-06,2026-03-21,55.77,55.48,55.88,Attn-GRU-15
591999,2026-03-06,2026-03-22,55.82,55.57,55.91,Attn-GRU-15
591999,2026-03-06,2026-03-23,55.85,55.6,55.92,Attn-GRU-15
591999,2026-03-06,2026-03-24,55.87,55.66,55.94,Attn-GRU-15
591999,2026-03-06,2026-03-25,55.89,55.68,55.96,Attn-GRU-15
591999,2026-03-06,2026-03-26,55.9,55.69,55.96,Attn-GRU-15
591999,2026-03-06,2026-03-27,55.92,55.74,55.96,Attn-GRU-15
591999,2026-03-06,2026-03-28,55.93,55.78,55.96,Attn-GRU-15
591999,2026-03-06,2026-03-29,55.94,55.77,55.97,Attn-GRU-15
591999,2026-03-06,2026-03-30,55.94,55.8,55.97,Attn-GRU-15
591999,2026-03-06,2026-03-31,55.95,55.82,55.97,Attn-GRU-15
591999,2026-03-06,2026-04-01,55.95,55.84,55.97,Attn-GRU-15
591999,2026-03-06,2026-04-02,55.96,55.83,55.97,Attn-GRU-15
591999,2026-03-06,2026-04-03,55.96,55.85,55.97,Attn-GRU-15
591999,2026-03-06,2026-04-04,55.96,55.85,55.97,Attn-GRU-15
591999,2026-03-06,2026-04-05,55.96,55.87,55.98,Attn-GRU-15
592000,2026-03-06,2026-03-07,24.83,24.83,24.84,Attn-GRU-15
592000,2026-03-06,2026-03-08,24.84,24.83,24.86,Attn-GRU-15
592000,2026-03-06,2026-03-09,24.84,24.82,24.88,Attn-GRU-15
592000,2026-03-06,2026-03-10,24.85,24.82,24.9,Attn-GRU-15
592000,2026-03-06,2026-03-11,24.86,24.82,24.92,Attn-GRU-15
592000,2026-03-06,2026-03-12,24.87,24.82,24.96,Attn-GRU-15
592000,2026-03-06,2026-03-13,24.89,24.83,24.99,Attn-GRU-15
592000,2026-03-06,2026-03-14,24.91,24.84,25.04,Attn-GRU-15
592000,2026-03-06,2026-03-15,24.93,24.85,25.09,Attn-GRU-15
592000,2026-03-06,2026-03-16,24.97,24.87,25.15,Attn-GRU-15
592000,2026-03-06,2026-03-17,25.01,24.88,25.2,Attn-GRU-15
592000,2026-03-06,2026-03-18,25.05,24.91,25.28,Attn-GRU-15
592000,2026-03-06,2026-03-19,25.11,24.95,25.34,Attn-GRU-15
592000,2026-03-06,2026-03-20,25.16,24.99,25.42,Attn-GRU-15
592000,2026-03-06,2026-03-21,25.2,25.01,25.44,Attn-GRU-15
592000,2026-03-06,2026-03-22,25.24,25.04,25.49,Attn-GRU-15
592000,2026-03-06,2026-03-23,25.28,25.08,25.52,Attn-GRU-15
592000,2026-03-06,2026-03-24,25.3,25.08,25.54,Attn-GRU-15
592000,2026-03-06,2026-03-25,25.34,25.11,25.58,Attn-GRU-15
592000,2026-03-06,2026-03-26,25.37,25.14,25.59,Attn-GRU-15
592000,2026-03-06,2026-03-27,25.38,25.15,25.6,Attn-GRU-15
592000,2026-03-06,2026-03-28,25.42,25.2,25.62,Attn-GRU-15
592000,2026-03-06,2026-03-29,25.43,25.21,25.63,Attn-GRU-15
592000,2026-03-06,2026-03-30,25.44,25.21,25.64,Attn-GRU-15
592000,2026-03-06,2026-03-31,25.47,25.24,25.65,Attn-GRU-15
592000,2026-03-06,2026-04-01,25.48,25.24,25.66,Attn-GRU-15
592000,2026-03-06,2026-04-02,25.5,25.26,25.67,Attn-GRU-15
592000,2026-03-06,2026-04-03,25.51,25.29,25.67,Attn-GRU-15
592000,2026-03-06,2026-04-04,25.53,25.31,25.68,Attn-GRU-15
592000,2026-03-06,2026-04-05,25.52,25.3,25.68,Attn-GRU-15
592001,2026-03-06,2026-03-07,26.43,26.4,26.48,Attn-GRU-15
592001,2026-03-06,2026-03-08,26.53,26.46,26.59,Attn-GRU-15
592001,2026-03-06,2026-03-09,26.63,26.53,26.73,Attn-GRU-15
592001,2026-03-06,2026-03-10,26.73,26.6,26.88,Attn-GRU-15
592001,2026-03-06,2026-03-11,26.83,26.67,27.0,Attn-GRU-15
592001,2026-03-06,2026-03-12,26.96,26.78,27.14,Attn-GRU-15
592001,2026-03-06,2026-03-13,27.09,26.89,27.29,Attn-GRU-15
592001,2026-03-06,2026-03-14,27.23,27.0,27.43,Attn-GRU-15
592001,2026-03-06,2026-03-15,27.34,27.09,27.53,Attn-GRU-15
592001,2026-03-06,2026-03-16,27.46,27.23,27.63,Attn-GRU-15
592001,2026-03-06,2026-03-17,27.56,27.33,27.7,Attn-GRU-15
592001,2026-03-06,2026-03-18,27.64,27.44,27.75,Attn-GRU-15
592001,2026-03-06,2026-03-19,27.69,27.52,27.77,Attn-GRU-15
592001,2026-03-06,2026-03-20,27.73,27.57,27.79,Attn-GRU-15
592001,2026-03-06,2026-03-21,27.76,27.65,27.8,Attn-GRU-15
592001,2026-03-06,2026-03-22,27.78,27.68,27.8,Attn-GRU-15
592001,2026-03-06,2026-03-23,27.79,27.71,27.8,Attn-GRU-15
592001,2026-03-06,2026-03-24,27.79,27.74,27.81,Attn-GRU-15
592001,2026-03-06,2026-03-25,27.8,27.74,27.81,Attn-GRU-15
592001,2026-03-06,2026-03-26,27.8,27.76,27.81,Attn-GRU-15
592001,2026-03-06,2026-03-27,27.8,27.78,27.81,Attn-GRU-15
592001,2026-03-06,2026-03-28,27.8,27.78,27.81,Attn-GRU-15
592001,2026-03-06,2026-03-29,27.8,27.78,27.81,Attn-GRU-15
592001,2026-03-06,2026-03-30,27.81,27.79,27.81,Attn-GRU-15
592001,2026-03-06,2026-03-31,27.81,27.8,27.81,Attn-GRU-15
592001,2026-03-06,2026-04-01,27.81,27.8,27.81,Attn-GRU-15
592001,2026-03-06,2026-04-02,27.81,27.8,27.81,Attn-GRU-15
592001,2026-03-06,2026-04-03,27.81,27.8,27.81,Attn-GRU-15
592001,2026-03-06,2026-04-04,27.81,27.8,27.81,Attn-GRU-15
592001,2026-03-06,2026-04-05,27.81,27.8,27.81,Attn-GRU-15
592012,2026-03-06,2026-03-07,32.82,32.81,32.83,Attn-GRU-15
592012,2026-03-06,2026-03-08,32.83,32.82,32.85,Attn-GRU-15
592012,2026-03-06,2026-03-09,32.85,32.82,32.88,Attn-GRU-15
592012,2026-03-06,2026-03-10,32.86,32.83,32.9,Attn-GRU-15
592012,2026-03-06,2026-03-11,32.88,32.84,32.93,Attn-GRU-15
592012,2026-03-06,2026-03-12,32.91,32.85,32.97,Attn-GRU-15
592012,2026-03-06,2026-03-13,32.94,32.87,33.01,Attn-GRU-15
592012,2026-03-06,2026-03-14,32.97,32.9,33.07,Attn-GRU-15
592012,2026-03-06,2026-03-15,33.0,32.91,33.12,Attn-GRU-15
592012,2026-03-06,2026-03-16,33.05,32.95,33.17,Attn-GRU-15
592012,2026-03-06,2026-03-17,33.1,32.99,33.23,Attn-GRU-15
592012,2026-03-06,2026-03-18,33.15,33.03,33.29,Attn-GRU-15
592012,2026-03-06,2026-03-19,33.21,33.07,33.33,Attn-GRU-15
592012,2026-03-06,2026-03-20,33.25,33.11,33.38,Attn-GRU-15
592012,2026-03-06,2026-03-21,33.29,33.14,33.4,Attn-GRU-15
592012,2026-03-06,2026-03-22,33.32,33.17,33.43,Attn-GRU-15
592012,2026-03-06,2026-03-23,33.35,33.2,33.43,Attn-GRU-15
592012,2026-03-06,2026-03-24,33.37,33.22,33.45,Attn-GRU-15
592012,2026-03-06,2026-03-25,33.39,33.25,33.46,Attn-GRU-15
592012,2026-03-06,2026-03-26,33.4,33.26,33.47,Attn-GRU-15
592012,2026-03-06,2026-03-27,33.41,33.28,33.47,Attn-GRU-15
592012,2026-03-06,2026-03-28,33.42,33.3,33.47,Attn-GRU-15
592012,2026-03-06,2026-03-29,33.42,33.31,33.47,Attn-GRU-15
592012,2026-03-06,2026-03-30,33.43,33.31,33.48,Attn-GRU-15
592012,2026-03-06,2026-03-31,33.45,33.33,33.48,Attn-GRU-15
592012,2026-03-06,2026-04-01,33.44,33.36,33.48,Attn-GRU-15
592012,2026-03-06,2026-04-02,33.45,33.34,33.48,Attn-GRU-15
592012,2026-03-06,2026-04-03,33.45,33.36,33.48,Attn-GRU-15
592012,2026-03-06,2026-04-04,33.46,33.38,33.49,Attn-GRU-15
592012,2026-03-06,2026-04-05,33.46,33.37,33.49,Attn-GRU-15
592013,2026-03-06,2026-03-07,45.86,45.83,45.93,Attn-GRU-15
592013,2026-03-06,2026-03-08,45.88,45.81,46.03,Attn-GRU-15
592013,2026-03-06,2026-03-09,45.91,45.78,46.13,Attn-GRU-15
592013,2026-03-06,2026-03-10,45.95,45.77,46.24,Attn-GRU-15
592013,2026-03-06,2026-03-11,45.99,45.78,46.37,Attn-GRU-15
592013,2026-03-06,2026-03-12,46.08,45.79,46.53,Attn-GRU-15
592013,2026-03-06,2026-03-13,46.18,45.8,46.73,Attn-GRU-15
592013,2026-03-06,2026-03-14,46.3,45.81,46.97,Attn-GRU-15
592013,2026-03-06,2026-03-15,46.47,45.88,47.22,Attn-GRU-15
592013,2026-03-06,2026-03-16,46.67,45.98,47.56,Attn-GRU-15
592013,2026-03-06,2026-03-17,46.87,46.04,47.94,Attn-GRU-15
592013,2026-03-06,2026-03-18,47.15,46.21,48.4,Attn-GRU-15
592013,2026-03-06,2026-03-19,47.44,46.41,48.71,Attn-GRU-15
592013,2026-03-06,2026-03-20,47.75,46.63,49.04,Attn-GRU-15
592013,2026-03-06,2026-03-21,47.96,46.7,49.27,Attn-GRU-15
592013,2026-03-06,2026-03-22,48.25,46.78,49.54,Attn-GRU-15
592013,2026-03-06,2026-03-23,48.4,47.07,49.66,Attn-GRU-15
592013,2026-03-06,2026-03-24,48.59,47.03,49.79,Attn-GRU-15
592013,2026-03-06,2026-03-25,48.77,47.2,49.93,Attn-GRU-15
592013,2026-03-06,2026-03-26,48.85,47.31,50.04,Attn-GRU-15
592013,2026-03-06,2026-03-27,48.96,47.35,50.06,Attn-GRU-15
592013,2026-03-06,2026-03-28,49.02,47.52,50.16,Attn-GRU-15
592013,2026-03-06,2026-03-29,49.18,47.59,50.19,Attn-GRU-15
592013,2026-03-06,2026-03-30,49.23,47.56,50.25,Attn-GRU-15
592013,2026-03-06,2026-03-31,49.35,47.62,50.37,Attn-GRU-15
592013,2026-03-06,2026-04-01,49.45,47.81,50.37,Attn-GRU-15
592013,2026-03-06,2026-04-02,49.52,47.61,50.41,Attn-GRU-15
592013,2026-03-06,2026-04-03,49.54,47.92,50.45,Attn-GRU-15
592013,2026-03-06,2026-04-04,49.65,47.92,50.48,Attn-GRU-15
592013,2026-03-06,2026-04-05,49.57,47.91,50.48,Attn-GRU-15
592014,2026-03-06,2026-03-07,28.16,28.14,28.17,Attn-GRU-15
592014,2026-03-06,2026-03-08,28.12,28.09,28.15,Attn-GRU-15
592014,2026-03-06,2026-03-09,28.09,28.05,28.12,Attn-GRU-15
592014,2026-03-06,2026-03-10,28.06,28.0,28.1,Attn-GRU-15
592014,2026-03-06,2026-03-11,28.03,27.95,28.08,Attn-GRU-15
592014,2026-03-06,2026-03-12,28.0,27.9,28.06,Attn-GRU-15
592014,2026-03-06,2026-03-13,27.97,27.85,28.04,Attn-GRU-15
592014,2026-03-06,2026-03-14,27.94,27.8,28.02,Attn-GRU-15
592014,2026-03-06,2026-03-15,27.91,27.75,28.0,Attn-GRU-15
592014,2026-03-06,2026-03-16,27.88,27.71,27.99,Attn-GRU-15
592014,2026-03-06,2026-03-17,27.84,27.66,27.97,Attn-GRU-15
592014,2026-03-06,2026-03-18,27.81,27.62,27.95,Attn-GRU-15
592014,2026-03-06,2026-03-19,27.77,27.58,27.94,Attn-GRU-15
592014,2026-03-06,2026-03-20,27.74,27.55,27.93,Attn-GRU-15
592014,2026-03-06,2026-03-21,27.7,27.52,27.92,Attn-GRU-15
592014,2026-03-06,2026-03-22,27.67,27.47,27.9,Attn-GRU-15
592014,2026-03-06,2026-03-23,27.62,27.43,27.89,Attn-GRU-15
592014,2026-03-06,2026-03-24,27.6,27.39,27.88,Attn-GRU-15
592014,2026-03-06,2026-03-25,27.62,27.39,27.85,Attn-GRU-15
592014,2026-03-06,2026-03-26,27.54,27.34,27.91,Attn-GRU-15
592014,2026-03-06,2026-03-27,27.51,27.32,27.86,Attn-GRU-15
592014,2026-03-06,2026-03-28,27.51,27.28,27.87,Attn-GRU-15
592014,2026-03-06,2026-03-29,27.47,27.29,27.84,Attn-GRU-15
592014,2026-03-06,2026-03-30,27.49,27.27,27.86,Attn-GRU-15
592014,2026-03-06,2026-03-31,27.45,27.25,27.86,Attn-GRU-15
592014,2026-03-06,2026-04-01,27.4,27.23,27.81,Attn-GRU-15
592014,2026-03-06,2026-04-02,27.47,27.24,27.84,Attn-GRU-15
592014,2026-03-06,2026-04-03,27.43,27.23,27.92,Attn-GRU-15
592014,2026-03-06,2026-04-04,27.41,27.22,27.88,Attn-GRU-15
592014,2026-03-06,2026-04-05,27.39,27.22,27.84,Attn-GRU-15
592030,2026-03-06,2026-03-07,37.97,37.96,37.97,Attn-GRU-15
592030,2026-03-06,2026-03-08,37.97,37.95,37.98,Attn-GRU-15
592030,2026-03-06,2026-03-09,37.97,37.95,37.99,Attn-GRU-15
592030,2026-03-06,2026-03-10,37.98,37.95,38.01,Attn-GRU-15
592030,2026-03-06,2026-03-11,37.98,37.95,38.02,Attn-GRU-15
592030,2026-03-06,2026-03-12,37.99,37.95,38.04,Attn-GRU-15
592030,2026-03-06,2026-03-13,38.0,37.95,38.05,Attn-GRU-15
592030,2026-03-06,2026-03-14,38.02,37.95,38.07,Attn-GRU-15
592030,2026-03-06,2026-03-15,38.03,37.96,38.09,Attn-GRU-15
592030,2026-03-06,2026-03-16,38.06,37.97,38.12,Attn-GRU-15
592030,2026-03-06,2026-03-17,38.08,37.98,38.15,Attn-GRU-15
592030,2026-03-06,2026-03-18,38.1,38.0,38.18,Attn-GRU-15
592030,2026-03-06,2026-03-19,38.13,38.02,38.22,Attn-GRU-15
592030,2026-03-06,2026-03-20,38.15,38.04,38.26,Attn-GRU-15
592030,2026-03-06,2026-03-21,38.17,38.06,38.28,Attn-GRU-15
592030,2026-03-06,2026-03-22,38.2,38.07,38.32,Attn-GRU-15
592030,2026-03-06,2026-03-23,38.23,38.1,38.35,Attn-GRU-15
592030,2026-03-06,2026-03-24,38.23,38.11,38.34,Attn-GRU-15
592030,2026-03-06,2026-03-25,38.26,38.12,38.39,Attn-GRU-15
592030,2026-03-06,2026-03-26,38.28,38.13,38.41,Attn-GRU-15
592030,2026-03-06,2026-03-27,38.3,38.14,38.42,Attn-GRU-15
592030,2026-03-06,2026-03-28,38.31,38.15,38.45,Attn-GRU-15
592030,2026-03-06,2026-03-29,38.33,38.16,38.45,Attn-GRU-15
592030,2026-03-06,2026-03-30,38.33,38.14,38.46,Attn-GRU-15
592030,2026-03-06,2026-03-31,38.36,38.17,38.5,Attn-GRU-15
592030,2026-03-06,2026-04-01,38.37,38.19,38.5,Attn-GRU-15
592030,2026-03-06,2026-04-02,38.37,38.15,38.53,Attn-GRU-15
592030,2026-03-06,2026-04-03,38.39,38.2,38.52,Attn-GRU-15
592030,2026-03-06,2026-04-04,38.41,38.19,38.56,Attn-GRU-15
592030,2026-03-06,2026-04-05,38.41,38.2,38.55,Attn-GRU-15
592031,2026-03-06,2026-03-07,63.32,63.24,63.39,Attn-GRU-15
592031,2026-03-06,2026-03-08,63.27,63.14,63.43,Attn-GRU-15
592031,2026-03-06,2026-03-09,63.28,63.12,63.53,Attn-GRU-15
592031,2026-03-06,2026-03-10,63.32,63.07,63.68,Attn-GRU-15
592031,2026-03-06,2026-03-11,63.35,63.01,63.81,Attn-GRU-15
592031,2026-03-06,2026-03-12,63.4,63.01,63.97,Attn-GRU-15
592031,2026-03-06,2026-03-13,63.45,62.97,64.12,Attn-GRU-15
592031,2026-03-06,2026-03-14,63.51,62.93,64.28,Attn-GRU-15
592031,2026-03-06,2026-03-15,63.54,62.91,64.41,Attn-GRU-15
592031,2026-03-06,2026-03-16,63.69,62.98,64.69,Attn-GRU-15
592031,2026-03-06,2026-03-17,63.66,62.81,64.76,Attn-GRU-15
592031,2026-03-06,2026-03-18,63.71,62.7,64.86,Attn-GRU-15
592031,2026-03-06,2026-03-19,63.72,62.55,64.99,Attn-GRU-15
592031,2026-03-06,2026-03-20,63.69,62.48,64.96,Attn-GRU-15
592031,2026-03-06,2026-03-21,63.83,62.4,65.24,Attn-GRU-15
592031,2026-03-06,2026-03-22,63.83,62.4,65.34,Attn-GRU-15
592031,2026-03-06,2026-03-23,63.81,62.23,65.37,Attn-GRU-15
592031,2026-03-06,2026-03-24,63.9,62.2,65.72,Attn-GRU-15
592031,2026-03-06,2026-03-25,64.11,62.49,65.98,Attn-GRU-15
592031,2026-03-06,2026-03-26,63.91,61.89,66.25,Attn-GRU-15
592031,2026-03-06,2026-03-27,64.2,62.04,66.31,Attn-GRU-15
592031,2026-03-06,2026-03-28,64.08,62.17,66.63,Attn-GRU-15
592031,2026-03-06,2026-03-29,64.39,62.02,66.86,Attn-GRU-15
592031,2026-03-06,2026-03-30,64.23,61.9,67.09,Attn-GRU-15
592031,2026-03-06,2026-03-31,64.34,62.03,67.2,Attn-GRU-15
592031,2026-03-06,2026-04-01,64.63,62.01,67.44,Attn-GRU-15
592031,2026-03-06,2026-04-02,65.14,62.6,67.88,Attn-GRU-15
592031,2026-03-06,2026-04-03,65.12,62.23,67.9,Attn-GRU-15
592031,2026-03-06,2026-04-04,65.24,62.32,68.26,Attn-GRU-15
592031,2026-03-06,2026-04-05,65.13,62.59,68.22,Attn-GRU-15
592032,2026-03-06,2026-03-07,27.25,27.24,27.26,Attn-GRU-15
592032,2026-03-06,2026-03-08,27.27,27.25,27.29,Attn-GRU-15
592032,2026-03-06,2026-03-09,27.28,27.25,27.32,Attn-GRU-15
592032,2026-03-06,2026-03-10,27.3,27.25,27.34,Attn-GRU-15
592032,2026-03-06,2026-03-11,27.32,27.27,27.37,Attn-GRU-15
592032,2026-03-06,2026-03-12,27.34,27.28,27.41,Attn-GRU-15
592032,2026-03-06,2026-03-13,27.39,27.3,27.47,Attn-GRU-15
592032,2026-03-06,2026-03-14,27.43,27.32,27.53,Attn-GRU-15
592032,2026-03-06,2026-03-15,27.48,27.34,27.6,Attn-GRU-15
592032,2026-03-06,2026-03-16,27.54,27.38,27.68,Attn-GRU-15
592032,2026-03-06,2026-03-17,27.62,27.42,27.77,Attn-GRU-15
592032,2026-03-06,2026-03-18,27.71,27.47,27.85,Attn-GRU-15
592032,2026-03-06,2026-03-19,27.77,27.54,27.92,Attn-GRU-15
592032,2026-03-06,2026-03-20,27.83,27.6,28.0,Attn-GRU-15
592032,2026-03-06,2026-03-21,27.88,27.66,28.02,Attn-GRU-15
592032,2026-03-06,2026-03-22,27.94,27.7,28.07,Attn-GRU-15
592032,2026-03-06,2026-03-23,27.96,27.76,28.08,Attn-GRU-15
592032,2026-03-06,2026-03-24,27.99,27.77,28.11,Attn-GRU-15
592032,2026-03-06,2026-03-25,28.03,27.8,28.13,Attn-GRU-15
592032,2026-03-06,2026-03-26,28.03,27.82,28.14,Attn-GRU-15
592032,2026-03-06,2026-03-27,28.05,27.86,28.14,Attn-GRU-15
592032,2026-03-06,2026-03-28,28.06,27.9,28.15,Attn-GRU-15
592032,2026-03-06,2026-03-29,28.07,27.9,28.15,Attn-GRU-15
592032,2026-03-06,2026-03-30,28.08,27.91,28.16,Attn-GRU-15
592032,2026-03-06,2026-03-31,28.1,27.94,28.17,Attn-GRU-15
592032,2026-03-06,2026-04-01,28.1,27.96,28.17,Attn-GRU-15
592032,2026-03-06,2026-04-02,28.12,27.96,28.17,Attn-GRU-15
592032,2026-03-06,2026-04-03,28.11,27.97,28.17,Attn-GRU-15
592032,2026-03-06,2026-04-04,28.13,27.99,28.17,Attn-GRU-15
592032,2026-03-06,2026-04-05,28.13,27.98,28.17,Attn-GRU-15
592034,2026-03-06,2026-03-07,28.53,28.52,28.55,Attn-GRU-15
592034,2026-03-06,2026-03-08,28.49,28.47,28.52,Attn-GRU-15
592034,2026-03-06,2026-03-09,28.45,28.43,28.5,Attn-GRU-15
592034,2026-03-06,2026-03-10,28.42,28.38,28.47,Attn-GRU-15
592034,2026-03-06,2026-03-11,28.37,28.33,28.45,Attn-GRU-15
592034,2026-03-06,2026-03-12,28.33,28.27,28.42,Attn-GRU-15
592034,2026-03-06,2026-03-13,28.29,28.22,28.39,Attn-GRU-15
592034,2026-03-06,2026-03-14,28.25,28.17,28.36,Attn-GRU-15
592034,2026-03-06,2026-03-15,28.21,28.12,28.34,Attn-GRU-15
592034,2026-03-06,2026-03-16,28.16,28.07,28.31,Attn-GRU-15
592034,2026-03-06,2026-03-17,28.13,28.03,28.29,Attn-GRU-15
592034,2026-03-06,2026-03-18,28.09,27.99,28.27,Attn-GRU-15
592034,2026-03-06,2026-03-19,28.06,27.96,28.24,Attn-GRU-15
592034,2026-03-06,2026-03-20,28.03,27.93,28.21,Attn-GRU-15
592034,2026-03-06,2026-03-21,28.0,27.9,28.19,Attn-GRU-15
592034,2026-03-06,2026-03-22,27.97,27.88,28.16,Attn-GRU-15
592034,2026-03-06,2026-03-23,27.94,27.86,28.16,Attn-GRU-15
592034,2026-03-06,2026-03-24,27.93,27.86,28.14,Attn-GRU-15
592034,2026-03-06,2026-03-25,27.93,27.84,28.13,Attn-GRU-15
592034,2026-03-06,2026-03-26,27.9,27.83,28.12,Attn-GRU-15
592034,2026-03-06,2026-03-27,27.89,27.83,28.06,Attn-GRU-15
592034,2026-03-06,2026-03-28,27.88,27.82,28.09,Attn-GRU-15
592034,2026-03-06,2026-03-29,27.87,27.81,28.06,Attn-GRU-15
592034,2026-03-06,2026-03-30,27.86,27.81,28.05,Attn-GRU-15
592034,2026-03-06,2026-03-31,27.86,27.81,28.02,Attn-GRU-15
592034,2026-03-06,2026-04-01,27.84,27.8,28.01,Attn-GRU-15
592034,2026-03-06,2026-04-02,27.84,27.8,27.98,Attn-GRU-15
592034,2026-03-06,2026-04-03,27.84,27.8,27.98,Attn-GRU-15
592034,2026-03-06,2026-04-04,27.83,27.8,28.01,Attn-GRU-15
592034,2026-03-06,2026-04-05,27.83,27.8,28.01,Attn-GRU-15
592036,2026-03-06,2026-03-07,40.26,40.22,40.29,Attn-GRU-15
592036,2026-03-06,2026-03-08,40.12,40.05,40.18,Attn-GRU-15
592036,2026-03-06,2026-03-09,39.99,39.9,40.09,Attn-GRU-15
592036,2026-03-06,2026-03-10,39.88,39.78,39.98,Attn-GRU-15
592036,2026-03-06,2026-03-11,39.74,39.62,39.89,Attn-GRU-15
592036,2026-03-06,2026-03-12,39.61,39.48,39.78,Attn-GRU-15
592036,2026-03-06,2026-03-13,39.47,39.34,39.66,Attn-GRU-15
592036,2026-03-06,2026-03-14,39.36,39.24,39.54,Attn-GRU-15
592036,2026-03-06,2026-03-15,39.24,39.14,39.43,Attn-GRU-15
592036,2026-03-06,2026-03-16,39.15,39.06,39.32,Attn-GRU-15
592036,2026-03-06,2026-03-17,39.07,39.01,39.22,Attn-GRU-15
592036,2026-03-06,2026-03-18,39.01,38.97,39.12,Attn-GRU-15
592036,2026-03-06,2026-03-19,38.98,38.95,39.05,Attn-GRU-15
592036,2026-03-06,2026-03-20,38.96,38.95,38.99,Attn-GRU-15
592036,2026-03-06,2026-03-21,38.95,38.94,38.97,Attn-GRU-15
592036,2026-03-06,2026-03-22,38.95,38.94,38.96,Attn-GRU-15
592036,2026-03-06,2026-03-23,38.94,38.94,38.95,Attn-GRU-15
592036,2026-03-06,2026-03-24,38.94,38.94,38.95,Attn-GRU-15
592036,2026-03-06,2026-03-25,38.94,38.94,38.95,Attn-GRU-15
592036,2026-03-06,2026-03-26,38.94,38.94,38.94,Attn-GRU-15
592036,2026-03-06,2026-03-27,38.94,38.94,38.94,Attn-GRU-15
592036,2026-03-06,2026-03-28,38.94,38.94,38.94,Attn-GRU-15
592036,2026-03-06,2026-03-29,38.94,38.94,38.94,Attn-GRU-15
592036,2026-03-06,2026-03-30,38.94,38.94,38.94,Attn-GRU-15
592036,2026-03-06,2026-03-31,38.94,38.94,38.94,Attn-GRU-15
592036,2026-03-06,2026-04-01,38.94,38.94,38.94,Attn-GRU-15
592036,2026-03-06,2026-04-02,38.94,38.94,38.94,Attn-GRU-15
592036,2026-03-06,2026-04-03,38.94,38.94,38.94,Attn-GRU-15
592036,2026-03-06,2026-04-04,38.94,38.94,38.94,Attn-GRU-15
592036,2026-03-06,2026-04-05,38.94,38.94,38.94,Attn-GRU-15
592037,2026-03-06,2026-03-07,56.07,56.06,56.17,Attn-GRU-15
592037,2026-03-06,2026-03-08,56.04,56.03,56.24,Attn-GRU-15
592037,2026-03-06,2026-03-09,56.02,56.0,56.31,Attn-GRU-15
592037,2026-03-06,2026-03-10,56.0,55.98,56.38,Attn-GRU-15
592037,2026-03-06,2026-03-11,55.98,55.95,56.45,Attn-GRU-15
592037,2026-03-06,2026-03-12,55.97,55.93,56.52,Attn-GRU-15
592037,2026-03-06,2026-03-13,55.96,55.91,56.59,Attn-GRU-15
592037,2026-03-06,2026-03-14,55.95,55.9,56.66,Attn-GRU-15
592037,2026-03-06,2026-03-15,55.96,55.9,56.72,Attn-GRU-15
592037,2026-03-06,2026-03-16,55.98,55.91,56.81,Attn-GRU-15
592037,2026-03-06,2026-03-17,56.0,55.91,56.86,Attn-GRU-15
592037,2026-03-06,2026-03-18,56.05,55.95,56.93,Attn-GRU-15
592037,2026-03-06,2026-03-19,56.11,55.99,57.02,Attn-GRU-15
592037,2026-03-06,2026-03-20,56.17,56.04,57.08,Attn-GRU-15
592037,2026-03-06,2026-03-21,56.2,56.07,57.17,Attn-GRU-15
592037,2026-03-06,2026-03-22,56.24,56.1,57.24,Attn-GRU-15
592037,2026-03-06,2026-03-23,56.3,56.16,57.29,Attn-GRU-15
592037,2026-03-06,2026-03-24,56.31,56.17,57.32,Attn-GRU-15
592037,2026-03-06,2026-03-25,56.33,56.2,57.33,Attn-GRU-15
592037,2026-03-06,2026-03-26,56.36,56.19,57.38,Attn-GRU-15
592037,2026-03-06,2026-03-27,56.36,56.23,57.45,Attn-GRU-15
592037,2026-03-06,2026-03-28,56.38,56.27,57.44,Attn-GRU-15
592037,2026-03-06,2026-03-29,56.4,56.27,57.44,Attn-GRU-15
592037,2026-03-06,2026-03-30,56.36,56.22,57.45,Attn-GRU-15
592037,2026-03-06,2026-03-31,56.41,56.24,57.51,Attn-GRU-15
592037,2026-03-06,2026-04-01,56.5,56.36,57.51,Attn-GRU-15
592037,2026-03-06,2026-04-02,56.32,56.2,57.47,Attn-GRU-15
592037,2026-03-06,2026-04-03,56.46,56.33,57.52,Attn-GRU-15
592037,2026-03-06,2026-04-04,56.42,56.28,57.5,Attn-GRU-15
592037,2026-03-06,2026-04-05,56.46,56.32,57.54,Attn-GRU-15
592038,2026-03-06,2026-03-07,26.36,26.35,26.37,Attn-GRU-15
592038,2026-03-06,2026-03-08,26.34,26.32,26.35,Attn-GRU-15
592038,2026-03-06,2026-03-09,26.32,26.3,26.33,Attn-GRU-15
592038,2026-03-06,2026-03-10,26.3,26.27,26.32,Attn-GRU-15
592038,2026-03-06,2026-03-11,26.28,26.24,26.3,Attn-GRU-15
592038,2026-03-06,2026-03-12,26.26,26.21,26.29,Attn-GRU-15
592038,2026-03-06,2026-03-13,26.23,26.18,26.27,Attn-GRU-15
592038,2026-03-06,2026-03-14,26.21,26.15,26.26,Attn-GRU-15
592038,2026-03-06,2026-03-15,26.19,26.12,26.24,Attn-GRU-15
592038,2026-03-06,2026-03-16,26.17,26.1,26.23,Attn-GRU-15
592038,2026-03-06,2026-03-17,26.15,26.07,26.21,Attn-GRU-15
592038,2026-03-06,2026-03-18,26.13,26.05,26.2,Attn-GRU-15
592038,2026-03-06,2026-03-19,26.1,26.02,26.18,Attn-GRU-15
592038,2026-03-06,2026-03-20,26.08,26.0,26.17,Attn-GRU-15
592038,2026-03-06,2026-03-21,26.06,25.99,26.16,Attn-GRU-15
592038,2026-03-06,2026-03-22,26.04,25.97,26.14,Attn-GRU-15
592038,2026-03-06,2026-03-23,26.03,25.96,26.12,Attn-GRU-15
592038,2026-03-06,2026-03-24,26.02,25.95,26.12,Attn-GRU-15
592038,2026-03-06,2026-03-25,26.01,25.94,26.12,Attn-GRU-15
592038,2026-03-06,2026-03-26,26.0,25.93,26.09,Attn-GRU-15
592038,2026-03-06,2026-03-27,25.98,25.92,26.08,Attn-GRU-15
592038,2026-03-06,2026-03-28,25.97,25.91,26.06,Attn-GRU-15
592038,2026-03-06,2026-03-29,25.96,25.91,26.06,Attn-GRU-15
592038,2026-03-06,2026-03-30,25.96,25.91,26.06,Attn-GRU-15
592038,2026-03-06,2026-03-31,25.96,25.91,26.05,Attn-GRU-15
592038,2026-03-06,2026-04-01,25.94,25.9,26.03,Attn-GRU-15
592038,2026-03-06,2026-04-02,25.94,25.9,26.05,Attn-GRU-15
592038,2026-03-06,2026-04-03,25.94,25.9,26.02,Attn-GRU-15
592038,2026-03-06,2026-04-04,25.93,25.9,26.01,Attn-GRU-15
592038,2026-03-06,2026-04-05,25.93,25.9,26.02,Attn-GRU-15
592040,2026-03-06,2026-03-07,32.15,32.11,32.17,Attn-GRU-15
592040,2026-03-06,2026-03-08,32.2,32.14,32.24,Attn-GRU-15
592040,2026-03-06,2026-03-09,32.26,32.17,32.31,Attn-GRU-15
592040,2026-03-06,2026-03-10,32.31,32.19,32.39,Attn-GRU-15
592040,2026-03-06,2026-03-11,32.36,32.23,32.47,Attn-GRU-15
592040,2026-03-06,2026-03-12,32.42,32.25,32.53,Attn-GRU-15
592040,2026-03-06,2026-03-13,32.49,32.31,32.62,Attn-GRU-15
592040,2026-03-06,2026-03-14,32.56,32.36,32.7,Attn-GRU-15
592040,2026-03-06,2026-03-15,32.62,32.41,32.76,Attn-GRU-15
592040,2026-03-06,2026-03-16,32.69,32.48,32.84,Attn-GRU-15
592040,2026-03-06,2026-03-17,32.76,32.57,32.89,Attn-GRU-15
592040,2026-03-06,2026-03-18,32.83,32.64,32.95,Attn-GRU-15
592040,2026-03-06,2026-03-19,32.89,32.72,32.98,Attn-GRU-15
592040,2026-03-06,2026-03-20,32.94,32.78,33.02,Attn-GRU-15
592040,2026-03-06,2026-03-21,32.97,32.83,33.04,Attn-GRU-15
592040,2026-03-06,2026-03-22,33.0,32.87,33.05,Attn-GRU-15
592040,2026-03-06,2026-03-23,33.01,32.91,33.06,Attn-GRU-15
592040,2026-03-06,2026-03-24,33.03,32.94,33.06,Attn-GRU-15
592040,2026-03-06,2026-03-25,33.04,32.95,33.07,Attn-GRU-15
592040,2026-03-06,2026-03-26,33.05,32.98,33.07,Attn-GRU-15
592040,2026-03-06,2026-03-27,33.05,33.0,33.07,Attn-GRU-15
592040,2026-03-06,2026-03-28,33.06,33.0,33.07,Attn-GRU-15
592040,2026-03-06,2026-03-29,33.06,33.01,33.07,Attn-GRU-15
592040,2026-03-06,2026-03-30,33.06,33.02,33.07,Attn-GRU-15
592040,2026-03-06,2026-03-31,33.07,33.04,33.08,Attn-GRU-15
592040,2026-03-06,2026-04-01,33.07,33.04,33.08,Attn-GRU-15
592040,2026-03-06,2026-04-02,33.07,33.04,33.08,Attn-GRU-15
592040,2026-03-06,2026-04-03,33.07,33.04,33.08,Attn-GRU-15
592040,2026-03-06,2026-04-04,33.07,33.05,33.08,Attn-GRU-15
592040,2026-03-06,2026-04-05,33.07,33.05,33.08,Attn-GRU-15
593162,2026-03-06,2026-03-07,15.94,15.92,15.97,Attn-GRU-15
593162,2026-03-06,2026-03-08,15.97,15.95,16.02,Attn-GRU-15
593162,2026-03-06,2026-03-09,16.01,15.96,16.07,Attn-GRU-15
593162,2026-03-06,2026-03-10,16.04,15.97,16.13,Attn-GRU-15
593162,2026-03-06,2026-03-11,16.08,16.0,16.18,Attn-GRU-15
593162,2026-03-06,2026-03-12,16.13,16.03,16.25,Attn-GRU-15
593162,2026-03-06,2026-03-13,16.19,16.07,16.35,Attn-GRU-15
593162,2026-03-06,2026-03-14,16.27,16.11,16.44,Attn-GRU-15
593162,2026-03-06,2026-03-15,16.34,16.18,16.55,Attn-GRU-15
593162,2026-03-06,2026-03-16,16.42,16.23,16.65,Attn-GRU-15
593162,2026-03-06,2026-03-17,16.54,16.32,16.76,Attn-GRU-15
593162,2026-03-06,2026-03-18,16.65,16.41,16.87,Attn-GRU-15
593162,2026-03-06,2026-03-19,16.75,16.51,16.95,Attn-GRU-15
593162,2026-03-06,2026-03-20,16.84,16.58,17.01,Attn-GRU-15
593162,2026-03-06,2026-03-21,16.9,16.64,17.05,Attn-GRU-15
593162,2026-03-06,2026-03-22,16.95,16.69,17.08,Attn-GRU-15
593162,2026-03-06,2026-03-23,17.0,16.74,17.09,Attn-GRU-15
593162,2026-03-06,2026-03-24,17.02,16.77,17.11,Attn-GRU-15
593162,2026-03-06,2026-03-25,17.05,16.85,17.13,Attn-GRU-15
593162,2026-03-06,2026-03-26,17.06,16.87,17.13,Attn-GRU-15
593162,2026-03-06,2026-03-27,17.08,16.89,17.13,Attn-GRU-15
593162,2026-03-06,2026-03-28,17.1,16.94,17.14,Attn-GRU-15
593162,2026-03-06,2026-03-29,17.1,16.94,17.15,Attn-GRU-15
593162,2026-03-06,2026-03-30,17.11,16.96,17.15,Attn-GRU-15
593162,2026-03-06,2026-03-31,17.12,16.99,17.15,Attn-GRU-15
593162,2026-03-06,2026-04-01,17.12,17.0,17.15,Attn-GRU-15
593162,2026-03-06,2026-04-02,17.13,17.03,17.16,Attn-GRU-15
593162,2026-03-06,2026-04-03,17.13,17.02,17.16,Attn-GRU-15
593162,2026-03-06,2026-04-04,17.14,17.05,17.16,Attn-GRU-15
593162,2026-03-06,2026-04-05,17.14,17.03,17.16,Attn-GRU-15
619733,2026-03-06,2026-03-07,110.08,110.05,110.11,Attn-GRU-15
619733,2026-03-06,2026-03-08,110.06,110.01,110.11,Attn-GRU-15
619733,2026-03-06,2026-03-09,110.04,109.97,110.13,Attn-GRU-15
619733,2026-03-06,2026-03-10,110.04,109.93,110.17,Attn-GRU-15
619733,2026-03-06,2026-03-11,110.04,109.91,110.22,Attn-GRU-15
619733,2026-03-06,2026-03-12,110.05,109.89,110.26,Attn-GRU-15
619733,2026-03-06,2026-03-13,110.07,109.87,110.32,Attn-GRU-15
619733,2026-03-06,2026-03-14,110.09,109.86,110.37,Attn-GRU-15
619733,2026-03-06,2026-03-15,110.13,109.88,110.43,Attn-GRU-15
619733,2026-03-06,2026-03-16,110.2,109.92,110.54,Attn-GRU-15
619733,2026-03-06,2026-03-17,110.25,109.96,110.58,Attn-GRU-15
619733,2026-03-06,2026-03-18,110.33,110.04,110.66,Attn-GRU-15
619733,2026-03-06,2026-03-19,110.41,110.11,110.74,Attn-GRU-15
619733,2026-03-06,2026-03-20,110.5,110.18,110.82,Attn-GRU-15
619733,2026-03-06,2026-03-21,110.57,110.2,110.91,Attn-GRU-15
619733,2026-03-06,2026-03-22,110.63,110.23,111.01,Attn-GRU-15
619733,2026-03-06,2026-03-23,110.73,110.27,111.1,Attn-GRU-15
619733,2026-03-06,2026-03-24,110.75,110.25,111.2,Attn-GRU-15
619733,2026-03-06,2026-03-25,110.84,110.32,111.26,Attn-GRU-15
619733,2026-03-06,2026-03-26,110.8,110.17,111.33,Attn-GRU-15
619733,2026-03-06,2026-03-27,110.9,110.24,111.41,Attn-GRU-15
619733,2026-03-06,2026-03-28,110.89,110.17,111.53,Attn-GRU-15
619733,2026-03-06,2026-03-29,110.99,110.27,111.59,Attn-GRU-15
619733,2026-03-06,2026-03-30,110.9,110.14,111.6,Attn-GRU-15
619733,2026-03-06,2026-03-31,111.02,110.28,111.73,Attn-GRU-15
619733,2026-03-06,2026-04-01,111.17,110.45,111.85,Attn-GRU-15
619733,2026-03-06,2026-04-02,111.05,110.33,111.85,Attn-GRU-15
619733,2026-03-06,2026-04-03,111.22,110.36,111.99,Attn-GRU-15
619733,2026-03-06,2026-04-04,111.24,110.42,112.04,Attn-GRU-15
619733,2026-03-06,2026-04-05,111.32,110.43,112.13,Attn-GRU-15
619734,2026-03-06,2026-03-07,50.38,50.34,50.42,Attn-GRU-15
619734,2026-03-06,2026-03-08,50.36,50.27,50.42,Attn-GRU-15
619734,2026-03-06,2026-03-09,50.33,50.19,50.42,Attn-GRU-15
619734,2026-03-06,2026-03-10,50.29,50.11,50.42,Attn-GRU-15
619734,2026-03-06,2026-03-11,50.25,50.03,50.42,Attn-GRU-15
619734,2026-03-06,2026-03-12,50.19,49.95,50.41,Attn-GRU-15
619734,2026-03-06,2026-03-13,50.16,49.88,50.42,Attn-GRU-15
619734,2026-03-06,2026-03-14,50.15,49.84,50.46,Attn-GRU-15
619734,2026-03-06,2026-03-15,50.11,49.79,50.48,Attn-GRU-15
619734,2026-03-06,2026-03-16,50.1,49.73,50.5,Attn-GRU-15
619734,2026-03-06,2026-03-17,50.11,49.73,50.52,Attn-GRU-15
619734,2026-03-06,2026-03-18,50.11,49.7,50.58,Attn-GRU-15
619734,2026-03-06,2026-03-19,50.14,49.71,50.66,Attn-GRU-15
619734,2026-03-06,2026-03-20,50.21,49.75,50.77,Attn-GRU-15
619734,2026-03-06,2026-03-21,50.24,49.71,50.8,Attn-GRU-15
619734,2026-03-06,2026-03-22,50.29,49.71,50.93,Attn-GRU-15
619734,2026-03-06,2026-03-23,50.35,49.66,51.03,Attn-GRU-15
619734,2026-03-06,2026-03-24,50.35,49.65,51.09,Attn-GRU-15
619734,2026-03-06,2026-03-25,50.36,49.63,51.18,Attn-GRU-15
619734,2026-03-06,2026-03-26,50.3,49.57,51.1,Attn-GRU-15
619734,2026-03-06,2026-03-27,50.33,49.55,51.15,Attn-GRU-15
619734,2026-03-06,2026-03-28,50.38,49.57,51.32,Attn-GRU-15
619734,2026-03-06,2026-03-29,50.28,49.42,51.18,Attn-GRU-15
619734,2026-03-06,2026-03-30,50.35,49.53,51.33,Attn-GRU-15
619734,2026-03-06,2026-03-31,50.3,49.45,51.28,Attn-GRU-15
619734,2026-03-06,2026-04-01,50.4,49.56,51.45,Attn-GRU-15
619734,2026-03-06,2026-04-02,50.29,49.44,51.44,Attn-GRU-15
619734,2026-03-06,2026-04-03,50.3,49.31,51.37,Attn-GRU-15
619734,2026-03-06,2026-04-04,50.39,49.48,51.58,Attn-GRU-15
619734,2026-03-06,2026-04-05,50.4,49.48,51.54,Attn-GRU-15
619735,2026-03-06,2026-03-07,64.63,64.58,64.69,Attn-GRU-15
619735,2026-03-06,2026-03-08,64.42,64.32,64.54,Attn-GRU-15
619735,2026-03-06,2026-03-09,64.21,64.08,64.39,Attn-GRU-15
619735,2026-03-06,2026-03-10,64.01,63.83,64.24,Attn-GRU-15
619735,2026-03-06,2026-03-11,63.81,63.58,64.12,Attn-GRU-15
619735,2026-03-06,2026-03-12,63.59,63.3,63.98,Attn-GRU-15
619735,2026-03-06,2026-03-13,63.39,63.04,63.86,Attn-GRU-15
619735,2026-03-06,2026-03-14,63.19,62.76,63.71,Attn-GRU-15
619735,2026-03-06,2026-03-15,62.98,62.48,63.6,Attn-GRU-15
619735,2026-03-06,2026-03-16,62.82,62.23,63.52,Attn-GRU-15
619735,2026-03-06,2026-03-17,62.62,61.95,63.41,Attn-GRU-15
619735,2026-03-06,2026-03-18,62.48,61.72,63.35,Attn-GRU-15
619735,2026-03-06,2026-03-19,62.3,61.46,63.31,Attn-GRU-15
619735,2026-03-06,2026-03-20,62.19,61.2,63.34,Attn-GRU-15
619735,2026-03-06,2026-03-21,62.01,60.98,63.26,Attn-GRU-15
619735,2026-03-06,2026-03-22,61.8,60.77,63.22,Attn-GRU-15
619735,2026-03-06,2026-03-23,61.65,60.52,63.13,Attn-GRU-15
619735,2026-03-06,2026-03-24,61.53,60.39,63.0,Attn-GRU-15
619735,2026-03-06,2026-03-25,61.41,60.37,62.84,Attn-GRU-15
619735,2026-03-06,2026-03-26,61.24,59.93,62.91,Attn-GRU-15
619735,2026-03-06,2026-03-27,61.01,59.87,62.64,Attn-GRU-15
619735,2026-03-06,2026-03-28,60.95,59.67,62.54,Attn-GRU-15
619735,2026-03-06,2026-03-29,60.57,59.49,62.21,Attn-GRU-15
619735,2026-03-06,2026-03-30,60.63,59.48,62.35,Attn-GRU-15
619735,2026-03-06,2026-03-31,60.66,59.34,62.27,Attn-GRU-15
619735,2026-03-06,2026-04-01,60.3,59.16,62.2,Attn-GRU-15
619735,2026-03-06,2026-04-02,60.01,59.11,61.62,Attn-GRU-15
619735,2026-03-06,2026-04-03,60.2,59.11,61.87,Attn-GRU-15
619735,2026-03-06,2026-04-04,59.86,58.97,61.57,Attn-GRU-15
619735,2026-03-06,2026-04-05,60.17,59.09,61.8,Attn-GRU-15
619736,2026-03-06,2026-03-07,35.73,35.71,35.74,Attn-GRU-15
619736,2026-03-06,2026-03-08,35.73,35.7,35.75,Attn-GRU-15
619736,2026-03-06,2026-03-09,35.73,35.7,35.77,Attn-GRU-15
619736,2026-03-06,2026-03-10,35.75,35.69,35.81,Attn-GRU-15
619736,2026-03-06,2026-03-11,35.75,35.69,35.83,Attn-GRU-15
619736,2026-03-06,2026-03-12,35.77,35.68,35.86,Attn-GRU-15
619736,2026-03-06,2026-03-13,35.78,35.68,35.89,Attn-GRU-15
619736,2026-03-06,2026-03-14,35.8,35.68,35.93,Attn-GRU-15
619736,2026-03-06,2026-03-15,35.81,35.67,35.95,Attn-GRU-15
619736,2026-03-06,2026-03-16,35.84,35.67,35.99,Attn-GRU-15
619736,2026-03-06,2026-03-17,35.83,35.65,36.0,Attn-GRU-15
619736,2026-03-06,2026-03-18,35.83,35.64,36.01,Attn-GRU-15
619736,2026-03-06,2026-03-19,35.82,35.62,36.02,Attn-GRU-15
619736,2026-03-06,2026-03-20,35.82,35.6,36.02,Attn-GRU-15
619736,2026-03-06,2026-03-21,35.85,35.59,36.06,Attn-GRU-15
619736,2026-03-06,2026-03-22,35.86,35.59,36.09,Attn-GRU-15
619736,2026-03-06,2026-03-23,35.85,35.55,36.09,Attn-GRU-15
619736,2026-03-06,2026-03-24,35.87,35.54,36.12,Attn-GRU-15
619736,2026-03-06,2026-03-25,35.9,35.56,36.13,Attn-GRU-15
619736,2026-03-06,2026-03-26,35.84,35.48,36.14,Attn-GRU-15
619736,2026-03-06,2026-03-27,35.88,35.5,36.18,Attn-GRU-15
619736,2026-03-06,2026-03-28,35.92,35.52,36.21,Attn-GRU-15
619736,2026-03-06,2026-03-29,35.93,35.49,36.2,Attn-GRU-15
619736,2026-03-06,2026-03-30,35.94,35.49,36.26,Attn-GRU-15
619736,2026-03-06,2026-03-31,35.98,35.51,36.31,Attn-GRU-15
619736,2026-03-06,2026-04-01,35.96,35.48,36.29,Attn-GRU-15
619736,2026-03-06,2026-04-02,36.06,35.57,36.39,Attn-GRU-15
619736,2026-03-06,2026-04-03,36.06,35.45,36.36,Attn-GRU-15
619736,2026-03-06,2026-04-04,36.06,35.5,36.4,Attn-GRU-15
619736,2026-03-06,2026-04-05,36.08,35.54,36.44,Attn-GRU-15
619737,2026-03-06,2026-03-07,84.76,84.74,84.77,Attn-GRU-15
619737,2026-03-06,2026-03-08,84.74,84.71,84.76,Attn-GRU-15
619737,2026-03-06,2026-03-09,84.72,84.68,84.76,Attn-GRU-15
619737,2026-03-06,2026-03-10,84.71,84.65,84.76,Attn-GRU-15
619737,2026-03-06,2026-03-11,84.69,84.62,84.76,Attn-GRU-15
619737,2026-03-06,2026-03-12,84.68,84.6,84.76,Attn-GRU-15
619737,2026-03-06,2026-03-13,84.67,84.58,84.76,Attn-GRU-15
619737,2026-03-06,2026-03-14,84.66,84.55,84.77,Attn-GRU-15
619737,2026-03-06,2026-03-15,84.65,84.53,84.78,Attn-GRU-15
619737,2026-03-06,2026-03-16,84.65,84.52,84.81,Attn-GRU-15
619737,2026-03-06,2026-03-17,84.65,84.51,84.82,Attn-GRU-15
619737,2026-03-06,2026-03-18,84.65,84.5,84.83,Attn-GRU-15
619737,2026-03-06,2026-03-19,84.65,84.48,84.85,Attn-GRU-15
619737,2026-03-06,2026-03-20,84.65,84.46,84.88,Attn-GRU-15
619737,2026-03-06,2026-03-21,84.65,84.44,84.89,Attn-GRU-15
619737,2026-03-06,2026-03-22,84.64,84.42,84.9,Attn-GRU-15
619737,2026-03-06,2026-03-23,84.63,84.39,84.9,Attn-GRU-15
619737,2026-03-06,2026-03-24,84.62,84.36,84.93,Attn-GRU-15
619737,2026-03-06,2026-03-25,84.64,84.38,84.94,Attn-GRU-15
619737,2026-03-06,2026-03-26,84.6,84.27,84.91,Attn-GRU-15
619737,2026-03-06,2026-03-27,84.59,84.27,84.91,Attn-GRU-15
619737,2026-03-06,2026-03-28,84.62,84.23,84.99,Attn-GRU-15
619737,2026-03-06,2026-03-29,84.6,84.25,84.94,Attn-GRU-15
619737,2026-03-06,2026-03-30,84.6,84.19,84.94,Attn-GRU-15
619737,2026-03-06,2026-03-31,84.63,84.18,84.99,Attn-GRU-15
619737,2026-03-06,2026-04-01,84.63,84.19,85.01,Attn-GRU-15
619737,2026-03-06,2026-04-02,84.61,84.22,85.04,Attn-GRU-15
619737,2026-03-06,2026-04-03,84.63,84.18,85.01,Attn-GRU-15
619737,2026-03-06,2026-04-04,84.6,84.13,85.02,Attn-GRU-15
619737,2026-03-06,2026-04-05,84.63,84.19,85.09,Attn-GRU-15
619738,2026-03-06,2026-03-07,51.85,51.79,51.9,Attn-GRU-15
619738,2026-03-06,2026-03-08,51.71,51.57,51.8,Attn-GRU-15
619738,2026-03-06,2026-03-09,51.57,51.38,51.71,Attn-GRU-15
619738,2026-03-06,2026-03-10,51.45,51.21,51.64,Attn-GRU-15
619738,2026-03-06,2026-03-11,51.31,51.02,51.58,Attn-GRU-15
619738,2026-03-06,2026-03-12,51.16,50.81,51.5,Attn-GRU-15
619738,2026-03-06,2026-03-13,51.03,50.64,51.43,Attn-GRU-15
619738,2026-03-06,2026-03-14,50.9,50.45,51.37,Attn-GRU-15
619738,2026-03-06,2026-03-15,50.79,50.26,51.33,Attn-GRU-15
619738,2026-03-06,2026-03-16,50.71,50.06,51.31,Attn-GRU-15
619738,2026-03-06,2026-03-17,50.63,49.88,51.24,Attn-GRU-15
619738,2026-03-06,2026-03-18,50.58,49.74,51.2,Attn-GRU-15
619738,2026-03-06,2026-03-19,50.46,49.56,51.16,Attn-GRU-15
619738,2026-03-06,2026-03-20,50.37,49.38,51.13,Attn-GRU-15
619738,2026-03-06,2026-03-21,50.23,49.2,51.11,Attn-GRU-15
619738,2026-03-06,2026-03-22,50.16,49.07,51.06,Attn-GRU-15
619738,2026-03-06,2026-03-23,50.02,48.86,51.04,Attn-GRU-15
619738,2026-03-06,2026-03-24,49.91,48.73,50.87,Attn-GRU-15
619738,2026-03-06,2026-03-25,49.88,48.72,51.12,Attn-GRU-15
619738,2026-03-06,2026-03-26,49.63,48.35,50.94,Attn-GRU-15
619738,2026-03-06,2026-03-27,49.54,48.27,50.83,Attn-GRU-15
619738,2026-03-06,2026-03-28,49.54,48.06,50.89,Attn-GRU-15
619738,2026-03-06,2026-03-29,49.37,48.09,50.71,Attn-GRU-15
619738,2026-03-06,2026-03-30,49.33,47.88,50.69,Attn-GRU-15
619738,2026-03-06,2026-03-31,49.36,47.89,50.79,Attn-GRU-15
619738,2026-03-06,2026-04-01,49.22,47.73,50.69,Attn-GRU-15
619738,2026-03-06,2026-04-02,49.1,47.76,50.45,Attn-GRU-15
619738,2026-03-06,2026-04-03,49.24,47.71,50.86,Attn-GRU-15
619738,2026-03-06,2026-04-04,49.0,47.57,50.7,Attn-GRU-15
619738,2026-03-06,2026-04-05,49.13,47.64,50.88,Attn-GRU-15
619739,2026-03-06,2026-03-07,52.19,52.16,52.22,Attn-GRU-15
619739,2026-03-06,2026-03-08,52.13,52.08,52.18,Attn-GRU-15
619739,2026-03-06,2026-03-09,52.08,52.01,52.15,Attn-GRU-15
619739,2026-03-06,2026-03-10,52.04,51.93,52.14,Attn-GRU-15
619739,2026-03-06,2026-03-11,52.0,51.85,52.12,Attn-GRU-15
619739,2026-03-06,2026-03-12,51.95,51.76,52.1,Attn-GRU-15
619739,2026-03-06,2026-03-13,51.9,51.68,52.07,Attn-GRU-15
619739,2026-03-06,2026-03-14,51.84,51.61,52.05,Attn-GRU-15
619739,2026-03-06,2026-03-15,51.8,51.53,52.04,Attn-GRU-15
619739,2026-03-06,2026-03-16,51.75,51.45,52.04,Attn-GRU-15
619739,2026-03-06,2026-03-17,51.68,51.36,52.03,Attn-GRU-15
619739,2026-03-06,2026-03-18,51.63,51.28,52.03,Attn-GRU-15
619739,2026-03-06,2026-03-19,51.58,51.19,52.02,Attn-GRU-15
619739,2026-03-06,2026-03-20,51.51,51.11,52.01,Attn-GRU-15
619739,2026-03-06,2026-03-21,51.46,51.04,52.0,Attn-GRU-15
619739,2026-03-06,2026-03-22,51.42,50.95,51.94,Attn-GRU-15
619739,2026-03-06,2026-03-23,51.35,50.85,51.93,Attn-GRU-15
619739,2026-03-06,2026-03-24,51.33,50.78,51.93,Attn-GRU-15
619739,2026-03-06,2026-03-25,51.29,50.77,51.87,Attn-GRU-15
619739,2026-03-06,2026-03-26,51.2,50.6,51.89,Attn-GRU-15
619739,2026-03-06,2026-03-27,51.14,50.58,51.85,Attn-GRU-15
619739,2026-03-06,2026-03-28,51.13,50.54,51.96,Attn-GRU-15
619739,2026-03-06,2026-03-29,51.02,50.48,51.73,Attn-GRU-15
619739,2026-03-06,2026-03-30,51.07,50.46,51.88,Attn-GRU-15
619739,2026-03-06,2026-03-31,51.01,50.47,51.89,Attn-GRU-15
619739,2026-03-06,2026-04-01,50.93,50.38,51.73,Attn-GRU-15
619739,2026-03-06,2026-04-02,50.95,50.42,51.88,Attn-GRU-15
619739,2026-03-06,2026-04-03,51.0,50.38,51.81,Attn-GRU-15
619739,2026-03-06,2026-04-04,50.92,50.31,51.7,Attn-GRU-15
619739,2026-03-06,2026-04-05,50.94,50.37,51.83,Attn-GRU-15
619740,2026-03-06,2026-03-07,93.08,93.04,93.13,Attn-GRU-15
619740,2026-03-06,2026-03-08,93.06,92.97,93.13,Attn-GRU-15
619740,2026-03-06,2026-03-09,93.02,92.9,93.14,Attn-GRU-15
619740,2026-03-06,2026-03-10,93.0,92.84,93.19,Attn-GRU-15
619740,2026-03-06,2026-03-11,92.98,92.8,93.24,Attn-GRU-15
619740,2026-03-06,2026-03-12,93.0,92.76,93.29,Attn-GRU-15
619740,2026-03-06,2026-03-13,93.02,92.75,93.36,Attn-GRU-15
619740,2026-03-06,2026-03-14,93.05,92.73,93.43,Attn-GRU-15
619740,2026-03-06,2026-03-15,93.13,92.76,93.52,Attn-GRU-15
619740,2026-03-06,2026-03-16,93.26,92.83,93.7,Attn-GRU-15
619740,2026-03-06,2026-03-17,93.34,92.88,93.75,Attn-GRU-15
619740,2026-03-06,2026-03-18,93.47,92.97,93.9,Attn-GRU-15
619740,2026-03-06,2026-03-19,93.6,93.05,94.04,Attn-GRU-15
619740,2026-03-06,2026-03-20,93.72,93.17,94.15,Attn-GRU-15
619740,2026-03-06,2026-03-21,93.79,93.25,94.28,Attn-GRU-15
619740,2026-03-06,2026-03-22,93.89,93.28,94.41,Attn-GRU-15
619740,2026-03-06,2026-03-23,94.01,93.38,94.59,Attn-GRU-15
619740,2026-03-06,2026-03-24,94.12,93.3,94.75,Attn-GRU-15
619740,2026-03-06,2026-03-25,94.17,93.31,94.84,Attn-GRU-15
619740,2026-03-06,2026-03-26,94.2,93.26,94.96,Attn-GRU-15
619740,2026-03-06,2026-03-27,94.28,93.33,95.12,Attn-GRU-15
619740,2026-03-06,2026-03-28,94.28,93.22,95.19,Attn-GRU-15
619740,2026-03-06,2026-03-29,94.45,93.32,95.39,Attn-GRU-15
619740,2026-03-06,2026-03-30,94.32,93.12,95.36,Attn-GRU-15
619740,2026-03-06,2026-03-31,94.52,93.29,95.62,Attn-GRU-15
619740,2026-03-06,2026-04-01,94.71,93.37,95.75,Attn-GRU-15
619740,2026-03-06,2026-04-02,94.44,93.03,95.66,Attn-GRU-15
619740,2026-03-06,2026-04-03,94.72,93.22,95.99,Attn-GRU-15
619740,2026-03-06,2026-04-04,94.74,93.27,95.95,Attn-GRU-15
619740,2026-03-06,2026-04-05,94.9,93.41,96.2,Attn-GRU-15
619741,2026-03-06,2026-03-07,41.75,41.73,41.78,Attn-GRU-15
619741,2026-03-06,2026-03-08,41.75,41.72,41.81,Attn-GRU-15
619741,2026-03-06,2026-03-09,41.74,41.69,41.82,Attn-GRU-15
619741,2026-03-06,2026-03-10,41.74,41.67,41.84,Attn-GRU-15
619741,2026-03-06,2026-03-11,41.74,41.65,41.85,Attn-GRU-15
619741,2026-03-06,2026-03-12,41.74,41.63,41.87,Attn-GRU-15
619741,2026-03-06,2026-03-13,41.74,41.62,41.9,Attn-GRU-15
619741,2026-03-06,2026-03-14,41.75,41.6,41.93,Attn-GRU-15
619741,2026-03-06,2026-03-15,41.78,41.62,41.98,Attn-GRU-15
619741,2026-03-06,2026-03-16,41.77,41.57,41.96,Attn-GRU-15
619741,2026-03-06,2026-03-17,41.82,41.62,42.03,Attn-GRU-15
619741,2026-03-06,2026-03-18,41.86,41.67,42.09,Attn-GRU-15
619741,2026-03-06,2026-03-19,41.93,41.72,42.14,Attn-GRU-15
619741,2026-03-06,2026-03-20,41.99,41.77,42.2,Attn-GRU-15
619741,2026-03-06,2026-03-21,42.01,41.78,42.24,Attn-GRU-15
619741,2026-03-06,2026-03-22,42.03,41.78,42.28,Attn-GRU-15
619741,2026-03-06,2026-03-23,42.13,41.89,42.37,Attn-GRU-15
619741,2026-03-06,2026-03-24,42.1,41.84,42.34,Attn-GRU-15
619741,2026-03-06,2026-03-25,42.18,41.92,42.44,Attn-GRU-15
619741,2026-03-06,2026-03-26,42.23,41.95,42.49,Attn-GRU-15
619741,2026-03-06,2026-03-27,42.28,41.97,42.53,Attn-GRU-15
619741,2026-03-06,2026-03-28,42.32,42.04,42.58,Attn-GRU-15
619741,2026-03-06,2026-03-29,42.4,42.08,42.66,Attn-GRU-15
619741,2026-03-06,2026-03-30,42.46,42.1,42.71,Attn-GRU-15
619741,2026-03-06,2026-03-31,42.42,42.1,42.7,Attn-GRU-15
619741,2026-03-06,2026-04-01,42.47,42.16,42.77,Attn-GRU-15
619741,2026-03-06,2026-04-02,42.51,42.05,42.78,Attn-GRU-15
619741,2026-03-06,2026-04-03,42.57,42.12,42.85,Attn-GRU-15
619741,2026-03-06,2026-04-04,42.57,42.12,42.86,Attn-GRU-15
619741,2026-03-06,2026-04-05,42.53,42.12,42.82,Attn-GRU-15
619742,2026-03-06,2026-03-07,31.91,31.89,31.94,Attn-GRU-15
619742,2026-03-06,2026-03-08,31.87,31.82,31.93,Attn-GRU-15
619742,2026-03-06,2026-03-09,31.83,31.76,31.92,Attn-GRU-15
619742,2026-03-06,2026-03-10,31.81,31.7,31.93,Attn-GRU-15
619742,2026-03-06,2026-03-11,31.78,31.65,31.94,Attn-GRU-15
619742,2026-03-06,2026-03-12,31.75,31.6,31.94,Attn-GRU-15
619742,2026-03-06,2026-03-13,31.74,31.56,31.96,Attn-GRU-15
619742,2026-03-06,2026-03-14,31.73,31.53,31.99,Attn-GRU-15
619742,2026-03-06,2026-03-15,31.74,31.49,32.02,Attn-GRU-15
619742,2026-03-06,2026-03-16,31.77,31.48,32.09,Attn-GRU-15
619742,2026-03-06,2026-03-17,31.78,31.47,32.13,Attn-GRU-15
619742,2026-03-06,2026-03-18,31.82,31.48,32.17,Attn-GRU-15
619742,2026-03-06,2026-03-19,31.84,31.48,32.24,Attn-GRU-15
619742,2026-03-06,2026-03-20,31.88,31.49,32.28,Attn-GRU-15
619742,2026-03-06,2026-03-21,31.89,31.47,32.32,Attn-GRU-15
619742,2026-03-06,2026-03-22,31.9,31.44,32.39,Attn-GRU-15
619742,2026-03-06,2026-03-23,31.92,31.43,32.43,Attn-GRU-15
619742,2026-03-06,2026-03-24,31.9,31.34,32.52,Attn-GRU-15
619742,2026-03-06,2026-03-25,31.97,31.36,32.54,Attn-GRU-15
619742,2026-03-06,2026-03-26,31.86,31.22,32.48,Attn-GRU-15
619742,2026-03-06,2026-03-27,31.86,31.21,32.63,Attn-GRU-15
619742,2026-03-06,2026-03-28,31.85,31.14,32.72,Attn-GRU-15
619742,2026-03-06,2026-03-29,31.91,31.11,32.7,Attn-GRU-15
619742,2026-03-06,2026-03-30,31.84,31.02,32.66,Attn-GRU-15
619742,2026-03-06,2026-03-31,31.89,31.06,32.82,Attn-GRU-15
619742,2026-03-06,2026-04-01,31.96,31.1,32.9,Attn-GRU-15
619742,2026-03-06,2026-04-02,31.81,31.03,32.9,Attn-GRU-15
619742,2026-03-06,2026-04-03,31.91,30.97,33.0,Attn-GRU-15
619742,2026-03-06,2026-04-04,31.94,30.9,32.97,Attn-GRU-15
619742,2026-03-06,2026-04-05,32.0,31.05,33.16,Attn-GRU-15
619743,2026-03-06,2026-03-07,52.68,52.66,52.69,Attn-GRU-15
619743,2026-03-06,2026-03-08,52.62,52.58,52.65,Attn-GRU-15
619743,2026-03-06,2026-03-09,52.56,52.5,52.61,Attn-GRU-15
619743,2026-03-06,2026-03-10,52.5,52.43,52.57,Attn-GRU-15
619743,2026-03-06,2026-03-11,52.45,52.36,52.53,Attn-GRU-15
619743,2026-03-06,2026-03-12,52.39,52.28,52.5,Attn-GRU-15
619743,2026-03-06,2026-03-13,52.35,52.22,52.47,Attn-GRU-15
619743,2026-03-06,2026-03-14,52.3,52.14,52.44,Attn-GRU-15
619743,2026-03-06,2026-03-15,52.25,52.07,52.42,Attn-GRU-15
619743,2026-03-06,2026-03-16,52.22,52.01,52.41,Attn-GRU-15
619743,2026-03-06,2026-03-17,52.17,51.93,52.41,Attn-GRU-15
619743,2026-03-06,2026-03-18,52.15,51.87,52.43,Attn-GRU-15
619743,2026-03-06,2026-03-19,52.12,51.8,52.44,Attn-GRU-15
619743,2026-03-06,2026-03-20,52.1,51.71,52.45,Attn-GRU-15
619743,2026-03-06,2026-03-21,52.06,51.63,52.44,Attn-GRU-15
619743,2026-03-06,2026-03-22,52.02,51.55,52.42,Attn-GRU-15
619743,2026-03-06,2026-03-23,51.99,51.48,52.44,Attn-GRU-15
619743,2026-03-06,2026-03-24,51.97,51.4,52.41,Attn-GRU-15
619743,2026-03-06,2026-03-25,51.91,51.42,52.36,Attn-GRU-15
619743,2026-03-06,2026-03-26,51.85,51.21,52.4,Attn-GRU-15
619743,2026-03-06,2026-03-27,51.79,51.2,52.34,Attn-GRU-15
619743,2026-03-06,2026-03-28,51.76,51.13,52.36,Attn-GRU-15
619743,2026-03-06,2026-03-29,51.66,51.04,52.29,Attn-GRU-15
619743,2026-03-06,2026-03-30,51.69,51.04,52.38,Attn-GRU-15
619743,2026-03-06,2026-03-31,51.68,50.98,52.3,Attn-GRU-15
619743,2026-03-06,2026-04-01,51.56,50.91,52.32,Attn-GRU-15
619743,2026-03-06,2026-04-02,51.43,50.89,52.24,Attn-GRU-15
619743,2026-03-06,2026-04-03,51.54,50.9,52.45,Attn-GRU-15
619743,2026-03-06,2026-04-04,51.48,50.86,52.33,Attn-GRU-15
619743,2026-03-06,2026-04-05,51.54,50.83,52.27,Attn-GRU-15
619744,2026-03-06,2026-03-07,26.22,26.21,26.23,Attn-GRU-15
619744,2026-03-06,2026-03-08,26.2,26.18,26.23,Attn-GRU-15
619744,2026-03-06,2026-03-09,26.19,26.16,26.23,Attn-GRU-15
619744,2026-03-06,2026-03-10,26.18,26.14,26.25,Attn-GRU-15
619744,2026-03-06,2026-03-11,26.18,26.12,26.26,Attn-GRU-15
619744,2026-03-06,2026-03-12,26.17,26.1,26.27,Attn-GRU-15
619744,2026-03-06,2026-03-13,26.16,26.08,26.29,Attn-GRU-15
619744,2026-03-06,2026-03-14,26.16,26.06,26.3,Attn-GRU-15
619744,2026-03-06,2026-03-15,26.15,26.04,26.32,Attn-GRU-15
619744,2026-03-06,2026-03-16,26.15,26.02,26.33,Attn-GRU-15
619744,2026-03-06,2026-03-17,26.15,26.01,26.35,Attn-GRU-15
619744,2026-03-06,2026-03-18,26.14,25.98,26.37,Attn-GRU-15
619744,2026-03-06,2026-03-19,26.13,25.96,26.39,Attn-GRU-15
619744,2026-03-06,2026-03-20,26.12,25.94,26.39,Attn-GRU-15
619744,2026-03-06,2026-03-21,26.12,25.91,26.42,Attn-GRU-15
619744,2026-03-06,2026-03-22,26.13,25.89,26.43,Attn-GRU-15
619744,2026-03-06,2026-03-23,26.13,25.86,26.45,Attn-GRU-15
619744,2026-03-06,2026-03-24,26.13,25.85,26.47,Attn-GRU-15
619744,2026-03-06,2026-03-25,26.16,25.89,26.56,Attn-GRU-15
619744,2026-03-06,2026-03-26,26.15,25.81,26.45,Attn-GRU-15
619744,2026-03-06,2026-03-27,26.13,25.82,26.52,Attn-GRU-15
619744,2026-03-06,2026-03-28,26.17,25.74,26.53,Attn-GRU-15
619744,2026-03-06,2026-03-29,26.16,25.78,26.57,Attn-GRU-15
619744,2026-03-06,2026-03-30,26.17,25.76,26.56,Attn-GRU-15
619744,2026-03-06,2026-03-31,26.2,25.73,26.57,Attn-GRU-15
619744,2026-03-06,2026-04-01,26.23,25.75,26.63,Attn-GRU-15
619744,2026-03-06,2026-04-02,26.26,25.81,26.66,Attn-GRU-15
619744,2026-03-06,2026-04-03,26.27,25.76,26.67,Attn-GRU-15
619744,2026-03-06,2026-04-04,26.26,25.76,26.75,Attn-GRU-15
619744,2026-03-06,2026-04-05,26.29,25.75,26.73,Attn-GRU-15
619745,2026-03-06,2026-03-07,85.11,85.08,85.12,Attn-GRU-15
619745,2026-03-06,2026-03-08,85.04,84.99,85.07,Attn-GRU-15
619745,2026-03-06,2026-03-09,84.98,84.92,85.03,Attn-GRU-15
619745,2026-03-06,2026-03-10,84.92,84.83,84.98,Attn-GRU-15
619745,2026-03-06,2026-03-11,84.86,84.75,84.94,Attn-GRU-15
619745,2026-03-06,2026-03-12,84.79,84.66,84.9,Attn-GRU-15
619745,2026-03-06,2026-03-13,84.74,84.58,84.87,Attn-GRU-15
619745,2026-03-06,2026-03-14,84.67,84.49,84.83,Attn-GRU-15
619745,2026-03-06,2026-03-15,84.62,84.4,84.8,Attn-GRU-15
619745,2026-03-06,2026-03-16,84.58,84.32,84.79,Attn-GRU-15
619745,2026-03-06,2026-03-17,84.53,84.24,84.77,Attn-GRU-15
619745,2026-03-06,2026-03-18,84.5,84.18,84.77,Attn-GRU-15
619745,2026-03-06,2026-03-19,84.46,84.1,84.78,Attn-GRU-15
619745,2026-03-06,2026-03-20,84.43,84.05,84.8,Attn-GRU-15
619745,2026-03-06,2026-03-21,84.39,84.0,84.77,Attn-GRU-15
619745,2026-03-06,2026-03-22,84.32,83.95,84.78,Attn-GRU-15
619745,2026-03-06,2026-03-23,84.26,83.87,84.78,Attn-GRU-15
619745,2026-03-06,2026-03-24,84.22,83.82,84.71,Attn-GRU-15
619745,2026-03-06,2026-03-25,84.21,83.84,84.73,Attn-GRU-15
619745,2026-03-06,2026-03-26,84.09,83.68,84.65,Attn-GRU-15
619745,2026-03-06,2026-03-27,84.04,83.64,84.67,Attn-GRU-15
619745,2026-03-06,2026-03-28,83.98,83.59,84.64,Attn-GRU-15
619745,2026-03-06,2026-03-29,83.91,83.57,84.58,Attn-GRU-15
619745,2026-03-06,2026-03-30,83.81,83.5,84.58,Attn-GRU-15
619745,2026-03-06,2026-03-31,83.87,83.47,84.63,Attn-GRU-15
619745,2026-03-06,2026-04-01,83.78,83.43,84.63,Attn-GRU-15
619745,2026-03-06,2026-04-02,83.72,83.39,84.5,Attn-GRU-15
619745,2026-03-06,2026-04-03,83.75,83.33,84.59,Attn-GRU-15
619745,2026-03-06,2026-04-04,83.65,83.3,84.45,Attn-GRU-15
619745,2026-03-06,2026-04-05,83.69,83.33,84.56,Attn-GRU-15
619746,2026-03-06,2026-03-07,21.09,21.08,21.09,Attn-GRU-15
619746,2026-03-06,2026-03-08,21.08,21.06,21.09,Attn-GRU-15
619746,2026-03-06,2026-03-09,21.07,21.05,21.09,Attn-GRU-15
619746,2026-03-06,2026-03-10,21.06,21.03,21.09,Attn-GRU-15
619746,2026-03-06,2026-03-11,21.05,21.02,21.09,Attn-GRU-15
619746,2026-03-06,2026-03-12,21.05,21.01,21.1,Attn-GRU-15
619746,2026-03-06,2026-03-13,21.05,21.01,21.11,Attn-GRU-15
619746,2026-03-06,2026-03-14,21.05,21.0,21.12,Attn-GRU-15
619746,2026-03-06,2026-03-15,21.07,21.01,21.14,Attn-GRU-15
619746,2026-03-06,2026-03-16,21.08,21.02,21.15,Attn-GRU-15
619746,2026-03-06,2026-03-17,21.11,21.05,21.19,Attn-GRU-15
619746,2026-03-06,2026-03-18,21.15,21.09,21.23,Attn-GRU-15
619746,2026-03-06,2026-03-19,21.2,21.14,21.27,Attn-GRU-15
619746,2026-03-06,2026-03-20,21.25,21.19,21.32,Attn-GRU-15
619746,2026-03-06,2026-03-21,21.28,21.22,21.34,Attn-GRU-15
619746,2026-03-06,2026-03-22,21.31,21.24,21.37,Attn-GRU-15
619746,2026-03-06,2026-03-23,21.37,21.3,21.43,Attn-GRU-15
619746,2026-03-06,2026-03-24,21.38,21.3,21.45,Attn-GRU-15
619746,2026-03-06,2026-03-25,21.41,21.32,21.49,Attn-GRU-15
619746,2026-03-06,2026-03-26,21.43,21.35,21.52,Attn-GRU-15
619746,2026-03-06,2026-03-27,21.46,21.36,21.56,Attn-GRU-15
619746,2026-03-06,2026-03-28,21.49,21.39,21.6,Attn-GRU-15
619746,2026-03-06,2026-03-29,21.52,21.4,21.64,Attn-GRU-15
619746,2026-03-06,2026-03-30,21.5,21.37,21.64,Attn-GRU-15
619746,2026-03-06,2026-03-31,21.52,21.39,21.68,Attn-GRU-15
619746,2026-03-06,2026-04-01,21.59,21.47,21.73,Attn-GRU-15
619746,2026-03-06,2026-04-02,21.52,21.34,21.7,Attn-GRU-15
619746,2026-03-06,2026-04-03,21.61,21.43,21.79,Attn-GRU-15
619746,2026-03-06,2026-04-04,21.6,21.42,21.78,Attn-GRU-15
619746,2026-03-06,2026-04-05,21.61,21.44,21.82,Attn-GRU-15
619747,2026-03-06,2026-03-07,167.84,167.52,168.02,Attn-GRU-15
619747,2026-03-06,2026-03-08,167.05,166.48,167.45,Attn-GRU-15
619747,2026-03-06,2026-03-09,166.36,165.56,166.95,Attn-GRU-15
619747,2026-03-06,2026-03-10,165.65,164.58,166.4,Attn-GRU-15
619747,2026-03-06,2026-03-11,164.94,163.64,165.84,Attn-GRU-15
619747,2026-03-06,2026-03-12,164.11,162.68,165.22,Attn-GRU-15
619747,2026-03-06,2026-03-13,163.29,161.7,164.54,Attn-GRU-15
619747,2026-03-06,2026-03-14,162.47,160.78,163.98,Attn-GRU-15
619747,2026-03-06,2026-03-15,161.66,159.9,163.25,Attn-GRU-15
619747,2026-03-06,2026-03-16,160.78,159.09,162.62,Attn-GRU-15
619747,2026-03-06,2026-03-17,159.99,158.36,161.96,Attn-GRU-15
619747,2026-03-06,2026-03-18,159.22,157.75,161.24,Attn-GRU-15
619747,2026-03-06,2026-03-19,158.57,157.24,160.42,Attn-GRU-15
619747,2026-03-06,2026-03-20,158.03,156.91,159.72,Attn-GRU-15
619747,2026-03-06,2026-03-21,157.59,156.66,159.27,Attn-GRU-15
619747,2026-03-06,2026-03-22,157.19,156.48,158.75,Attn-GRU-15
619747,2026-03-06,2026-03-23,156.89,156.33,158.09,Attn-GRU-15
619747,2026-03-06,2026-03-24,156.77,156.25,157.83,Attn-GRU-15
619747,2026-03-06,2026-03-25,156.58,156.18,157.5,Attn-GRU-15
619747,2026-03-06,2026-03-26,156.32,156.11,157.26,Attn-GRU-15
619747,2026-03-06,2026-03-27,156.32,156.1,157.0,Attn-GRU-15
619747,2026-03-06,2026-03-28,156.2,156.07,156.61,Attn-GRU-15
619747,2026-03-06,2026-03-29,156.18,156.07,156.77,Attn-GRU-15
619747,2026-03-06,2026-03-30,156.15,156.06,156.59,Attn-GRU-15
619747,2026-03-06,2026-03-31,156.11,156.06,156.38,Attn-GRU-15
619747,2026-03-06,2026-04-01,156.08,156.05,156.29,Attn-GRU-15
619747,2026-03-06,2026-04-02,156.1,156.05,156.35,Attn-GRU-15
619747,2026-03-06,2026-04-03,156.08,156.05,156.28,Attn-GRU-15
619747,2026-03-06,2026-04-04,156.07,156.05,156.27,Attn-GRU-15
619747,2026-03-06,2026-04-05,156.07,156.05,156.19,Attn-GRU-15
619748,2026-03-06,2026-03-07,108.08,108.05,108.1,Attn-GRU-15
619748,2026-03-06,2026-03-08,107.99,107.94,108.04,Attn-GRU-15
619748,2026-03-06,2026-03-09,107.92,107.84,107.98,Attn-GRU-15
619748,2026-03-06,2026-03-10,107.84,107.73,107.92,Attn-GRU-15
619748,2026-03-06,2026-03-11,107.76,107.62,107.87,Attn-GRU-15
619748,2026-03-06,2026-03-12,107.68,107.51,107.81,Attn-GRU-15
619748,2026-03-06,2026-03-13,107.59,107.39,107.75,Attn-GRU-15
619748,2026-03-06,2026-03-14,107.51,107.27,107.69,Attn-GRU-15
619748,2026-03-06,2026-03-15,107.42,107.15,107.63,Attn-GRU-15
619748,2026-03-06,2026-03-16,107.34,107.04,107.57,Attn-GRU-15
619748,2026-03-06,2026-03-17,107.26,106.93,107.53,Attn-GRU-15
619748,2026-03-06,2026-03-18,107.19,106.85,107.49,Attn-GRU-15
619748,2026-03-06,2026-03-19,107.11,106.74,107.45,Attn-GRU-15
619748,2026-03-06,2026-03-20,107.04,106.66,107.41,Attn-GRU-15
619748,2026-03-06,2026-03-21,106.96,106.58,107.37,Attn-GRU-15
619748,2026-03-06,2026-03-22,106.88,106.51,107.33,Attn-GRU-15
619748,2026-03-06,2026-03-23,106.81,106.44,107.29,Attn-GRU-15
619748,2026-03-06,2026-03-24,106.75,106.39,107.26,Attn-GRU-15
619748,2026-03-06,2026-03-25,106.72,106.39,107.2,Attn-GRU-15
619748,2026-03-06,2026-03-26,106.62,106.3,107.13,Attn-GRU-15
619748,2026-03-06,2026-03-27,106.57,106.25,107.15,Attn-GRU-15
619748,2026-03-06,2026-03-28,106.52,106.24,107.11,Attn-GRU-15
619748,2026-03-06,2026-03-29,106.45,106.19,107.04,Attn-GRU-15
619748,2026-03-06,2026-03-30,106.47,106.2,107.02,Attn-GRU-15
619748,2026-03-06,2026-03-31,106.4,106.17,106.99,Attn-GRU-15
619748,2026-03-06,2026-04-01,106.35,106.14,106.95,Attn-GRU-15
619748,2026-03-06,2026-04-02,106.36,106.15,106.85,Attn-GRU-15
619748,2026-03-06,2026-04-03,106.31,106.13,106.88,Attn-GRU-15
619748,2026-03-06,2026-04-04,106.28,106.11,106.83,Attn-GRU-15
619748,2026-03-06,2026-04-05,106.3,106.12,106.88,Attn-GRU-15
619749,2026-03-06,2026-03-07,67.25,67.22,67.28,Attn-GRU-15
619749,2026-03-06,2026-03-08,67.16,67.1,67.22,Attn-GRU-15
619749,2026-03-06,2026-03-09,67.08,67.0,67.16,Attn-GRU-15
619749,2026-03-06,2026-03-10,66.99,66.89,67.1,Attn-GRU-15
619749,2026-03-06,2026-03-11,66.9,66.77,67.04,Attn-GRU-15
619749,2026-03-06,2026-03-12,66.81,66.65,66.97,Attn-GRU-15
619749,2026-03-06,2026-03-13,66.72,66.53,66.88,Attn-GRU-15
619749,2026-03-06,2026-03-14,66.62,66.42,66.81,Attn-GRU-15
619749,2026-03-06,2026-03-15,66.51,66.31,66.73,Attn-GRU-15
619749,2026-03-06,2026-03-16,66.41,66.18,66.64,Attn-GRU-15
619749,2026-03-06,2026-03-17,66.29,66.06,66.55,Attn-GRU-15
619749,2026-03-06,2026-03-18,66.19,65.95,66.45,Attn-GRU-15
619749,2026-03-06,2026-03-19,66.07,65.86,66.35,Attn-GRU-15
619749,2026-03-06,2026-03-20,65.97,65.8,66.26,Attn-GRU-15
619749,2026-03-06,2026-03-21,65.9,65.76,66.21,Attn-GRU-15
619749,2026-03-06,2026-03-22,65.85,65.74,66.14,Attn-GRU-15
619749,2026-03-06,2026-03-23,65.81,65.71,66.06,Attn-GRU-15
619749,2026-03-06,2026-03-24,65.79,65.71,66.03,Attn-GRU-15
619749,2026-03-06,2026-03-25,65.77,65.7,65.98,Attn-GRU-15
619749,2026-03-06,2026-03-26,65.74,65.69,65.94,Attn-GRU-15
619749,2026-03-06,2026-03-27,65.72,65.69,65.89,Attn-GRU-15
619749,2026-03-06,2026-03-28,65.71,65.69,65.86,Attn-GRU-15
619749,2026-03-06,2026-03-29,65.7,65.68,65.81,Attn-GRU-15
619749,2026-03-06,2026-03-30,65.7,65.68,65.83,Attn-GRU-15
619749,2026-03-06,2026-03-31,65.7,65.68,65.78,Attn-GRU-15
619749,2026-03-06,2026-04-01,65.69,65.68,65.77,Attn-GRU-15
619749,2026-03-06,2026-04-02,65.69,65.68,65.78,Attn-GRU-15
619749,2026-03-06,2026-04-03,65.69,65.68,65.78,Attn-GRU-15
619749,2026-03-06,2026-04-04,65.69,65.68,65.75,Attn-GRU-15
619749,2026-03-06,2026-04-05,65.68,65.68,65.74,Attn-GRU-15
619750,2026-03-06,2026-03-07,35.57,35.56,35.58,Attn-GRU-15
619750,2026-03-06,2026-03-08,35.53,35.5,35.55,Attn-GRU-15
619750,2026-03-06,2026-03-09,35.49,35.45,35.51,Attn-GRU-15
619750,2026-03-06,2026-03-10,35.45,35.41,35.48,Attn-GRU-15
619750,2026-03-06,2026-03-11,35.41,35.36,35.45,Attn-GRU-15
619750,2026-03-06,2026-03-12,35.36,35.32,35.41,Attn-GRU-15
619750,2026-03-06,2026-03-13,35.32,35.26,35.37,Attn-GRU-15
619750,2026-03-06,2026-03-14,35.28,35.23,35.33,Attn-GRU-15
619750,2026-03-06,2026-03-15,35.24,35.19,35.3,Attn-GRU-15
619750,2026-03-06,2026-03-16,35.2,35.16,35.26,Attn-GRU-15
619750,2026-03-06,2026-03-17,35.17,35.14,35.22,Attn-GRU-15
619750,2026-03-06,2026-03-18,35.15,35.13,35.18,Attn-GRU-15
619750,2026-03-06,2026-03-19,35.13,35.13,35.16,Attn-GRU-15
619750,2026-03-06,2026-03-20,35.13,35.13,35.14,Attn-GRU-15
619750,2026-03-06,2026-03-21,35.13,35.13,35.13,Attn-GRU-15
619750,2026-03-06,2026-03-22,35.13,35.13,35.13,Attn-GRU-15
619750,2026-03-06,2026-03-23,35.13,35.13,35.13,Attn-GRU-15
619750,2026-03-06,2026-03-24,35.13,35.13,35.13,Attn-GRU-15
619750,2026-03-06,2026-03-25,35.13,35.12,35.13,Attn-GRU-15
619750,2026-03-06,2026-03-26,35.13,35.12,35.13,Attn-GRU-15
619750,2026-03-06,2026-03-27,35.13,35.12,35.13,Attn-GRU-15
619750,2026-03-06,2026-03-28,35.12,35.12,35.13,Attn-GRU-15
619750,2026-03-06,2026-03-29,35.12,35.12,35.13,Attn-GRU-15
619750,2026-03-06,2026-03-30,35.12,35.12,35.13,Attn-GRU-15
619750,2026-03-06,2026-03-31,35.12,35.12,35.13,Attn-GRU-15
619750,2026-03-06,2026-04-01,35.12,35.12,35.12,Attn-GRU-15
619750,2026-03-06,2026-04-02,35.12,35.12,35.13,Attn-GRU-15
619750,2026-03-06,2026-04-03,35.12,35.12,35.12,Attn-GRU-15
619750,2026-03-06,2026-04-04,35.12,35.12,35.12,Attn-GRU-15
619750,2026-03-06,2026-04-05,35.12,35.12,35.12,Attn-GRU-15
631975,2026-03-06,2026-03-07,33.58,33.53,33.64,Attn-GRU-15
631975,2026-03-06,2026-03-08,33.59,33.49,33.7,Attn-GRU-15
631975,2026-03-06,2026-03-09,33.59,33.46,33.76,Attn-GRU-15
631975,2026-03-06,2026-03-10,33.59,33.42,33.8,Attn-GRU-15
631975,2026-03-06,2026-03-11,33.59,33.4,33.82,Attn-GRU-15
631975,2026-03-06,2026-03-12,33.6,33.37,33.83,Attn-GRU-15
631975,2026-03-06,2026-03-13,33.59,33.32,33.88,Attn-GRU-15
631975,2026-03-06,2026-03-14,33.62,33.3,33.98,Attn-GRU-15
631975,2026-03-06,2026-03-15,33.61,33.26,33.97,Attn-GRU-15
631975,2026-03-06,2026-03-16,33.59,33.26,33.85,Attn-GRU-15
631975,2026-03-06,2026-03-17,33.61,33.22,34.01,Attn-GRU-15
631975,2026-03-06,2026-03-18,33.61,33.23,34.02,Attn-GRU-15
631975,2026-03-06,2026-03-19,33.63,33.26,34.05,Attn-GRU-15
631975,2026-03-06,2026-03-20,33.62,33.29,34.07,Attn-GRU-15
631975,2026-03-06,2026-03-21,33.54,33.22,33.91,Attn-GRU-15
631975,2026-03-06,2026-03-22,33.51,33.17,33.97,Attn-GRU-15
631975,2026-03-06,2026-03-23,33.49,33.08,33.97,Attn-GRU-15
631975,2026-03-06,2026-03-24,33.46,33.07,33.95,Attn-GRU-15
631975,2026-03-06,2026-03-25,33.52,33.1,34.08,Attn-GRU-15
631975,2026-03-06,2026-03-26,33.51,33.08,34.13,Attn-GRU-15
631975,2026-03-06,2026-03-27,33.48,33.0,34.05,Attn-GRU-15
631975,2026-03-06,2026-03-28,33.49,32.96,34.19,Attn-GRU-15
631975,2026-03-06,2026-03-29,33.46,32.98,34.13,Attn-GRU-15
631975,2026-03-06,2026-03-30,33.49,33.04,34.2,Attn-GRU-15
631975,2026-03-06,2026-03-31,33.41,32.91,34.11,Attn-GRU-15
631975,2026-03-06,2026-04-01,33.5,32.91,34.32,Attn-GRU-15
631975,2026-03-06,2026-04-02,33.53,33.08,34.19,Attn-GRU-15
631975,2026-03-06,2026-04-03,33.37,32.87,34.05,Attn-GRU-15
631975,2026-03-06,2026-04-04,33.45,32.95,34.23,Attn-GRU-15
631975,2026-03-06,2026-04-05,33.37,32.85,34.09,Attn-GRU-15
631988,2026-03-06,2026-03-07,51.36,51.3,51.53,Attn-GRU-15
631988,2026-03-06,2026-03-08,51.29,51.19,51.69,Attn-GRU-15
631988,2026-03-06,2026-03-09,51.23,51.08,51.84,Attn-GRU-15
631988,2026-03-06,2026-03-10,51.19,50.98,51.87,Attn-GRU-15
631988,2026-03-06,2026-03-11,51.16,50.89,51.89,Attn-GRU-15
631988,2026-03-06,2026-03-12,51.14,50.8,51.84,Attn-GRU-15
631988,2026-03-06,2026-03-13,51.1,50.75,52.05,Attn-GRU-15
631988,2026-03-06,2026-03-14,51.07,50.66,52.35,Attn-GRU-15
631988,2026-03-06,2026-03-15,51.09,50.62,52.4,Attn-GRU-15
631988,2026-03-06,2026-03-16,51.19,50.65,51.84,Attn-GRU-15
631988,2026-03-06,2026-03-17,51.22,50.64,52.42,Attn-GRU-15
631988,2026-03-06,2026-03-18,51.38,50.66,52.39,Attn-GRU-15
631988,2026-03-06,2026-03-19,51.51,50.7,52.4,Attn-GRU-15
631988,2026-03-06,2026-03-20,51.58,50.74,52.39,Attn-GRU-15
631988,2026-03-06,2026-03-21,51.28,50.69,51.85,Attn-GRU-15
631988,2026-03-06,2026-03-22,51.32,50.64,51.94,Attn-GRU-15
631988,2026-03-06,2026-03-23,51.26,50.49,52.01,Attn-GRU-15
631988,2026-03-06,2026-03-24,51.11,50.35,51.98,Attn-GRU-15
631988,2026-03-06,2026-03-25,51.41,50.55,52.25,Attn-GRU-15
631988,2026-03-06,2026-03-26,51.32,50.33,52.31,Attn-GRU-15
631988,2026-03-06,2026-03-27,51.12,50.03,52.2,Attn-GRU-15
631988,2026-03-06,2026-03-28,51.3,50.13,52.38,Attn-GRU-15
631988,2026-03-06,2026-03-29,51.2,50.07,52.39,Attn-GRU-15
631988,2026-03-06,2026-03-30,51.19,49.97,52.43,Attn-GRU-15
631988,2026-03-06,2026-03-31,51.04,49.73,52.35,Attn-GRU-15
631988,2026-03-06,2026-04-01,51.48,50.08,52.73,Attn-GRU-15
631988,2026-03-06,2026-04-02,51.24,50.11,52.66,Attn-GRU-15
631988,2026-03-06,2026-04-03,50.89,49.4,52.38,Attn-GRU-15
631988,2026-03-06,2026-04-04,51.23,49.75,52.58,Attn-GRU-15
631988,2026-03-06,2026-04-05,50.84,49.48,52.4,Attn-GRU-15
631989,2026-03-06,2026-03-07,22.78,22.73,22.82,Attn-GRU-15
631989,2026-03-06,2026-03-08,22.82,22.71,22.89,Attn-GRU-15
631989,2026-03-06,2026-03-09,22.87,22.68,22.96,Attn-GRU-15
631989,2026-03-06,2026-03-10,22.88,22.66,23.0,Attn-GRU-15
631989,2026-03-06,2026-03-11,22.87,22.64,23.04,Attn-GRU-15
631989,2026-03-06,2026-03-12,22.85,22.62,23.05,Attn-GRU-15
631989,2026-03-06,2026-03-13,22.9,22.6,23.14,Attn-GRU-15
631989,2026-03-06,2026-03-14,22.98,22.58,23.26,Attn-GRU-15
631989,2026-03-06,2026-03-15,22.98,22.57,23.29,Attn-GRU-15
631989,2026-03-06,2026-03-16,22.84,22.59,23.21,Attn-GRU-15
631989,2026-03-06,2026-03-17,22.99,22.58,23.34,Attn-GRU-15
631989,2026-03-06,2026-03-18,22.99,22.61,23.38,Attn-GRU-15
631989,2026-03-06,2026-03-19,22.99,22.63,23.43,Attn-GRU-15
631989,2026-03-06,2026-03-20,22.99,22.65,23.5,Attn-GRU-15
631989,2026-03-06,2026-03-21,22.9,22.66,23.53,Attn-GRU-15
631989,2026-03-06,2026-03-22,22.93,22.64,23.61,Attn-GRU-15
631989,2026-03-06,2026-03-23,22.92,22.63,23.61,Attn-GRU-15
631989,2026-03-06,2026-03-24,22.92,22.64,23.59,Attn-GRU-15
631989,2026-03-06,2026-03-25,23.01,22.66,23.73,Attn-GRU-15
631989,2026-03-06,2026-03-26,23.01,22.62,23.81,Attn-GRU-15
631989,2026-03-06,2026-03-27,22.96,22.58,23.76,Attn-GRU-15
631989,2026-03-06,2026-03-28,23.05,22.62,23.88,Attn-GRU-15
631989,2026-03-06,2026-03-29,23.03,22.57,23.83,Attn-GRU-15
631989,2026-03-06,2026-03-30,23.03,22.56,23.89,Attn-GRU-15
631989,2026-03-06,2026-03-31,23.0,22.49,23.88,Attn-GRU-15
631989,2026-03-06,2026-04-01,23.15,22.64,24.0,Attn-GRU-15
631989,2026-03-06,2026-04-02,23.1,22.63,23.96,Attn-GRU-15
631989,2026-03-06,2026-04-03,23.03,22.47,23.89,Attn-GRU-15
631989,2026-03-06,2026-04-04,23.11,22.52,23.98,Attn-GRU-15
631989,2026-03-06,2026-04-05,23.08,22.51,23.95,Attn-GRU-15
631990,2026-03-06,2026-03-07,38.82,38.76,38.9,Attn-GRU-15
631990,2026-03-06,2026-03-08,38.73,38.6,38.9,Attn-GRU-15
631990,2026-03-06,2026-03-09,38.67,38.46,38.92,Attn-GRU-15
631990,2026-03-06,2026-03-10,38.56,38.31,38.87,Attn-GRU-15
631990,2026-03-06,2026-03-11,38.45,38.17,38.8,Attn-GRU-15
631990,2026-03-06,2026-03-12,38.31,38.04,38.7,Attn-GRU-15
631990,2026-03-06,2026-03-13,38.22,37.87,38.71,Attn-GRU-15
631990,2026-03-06,2026-03-14,38.17,37.71,38.76,Attn-GRU-15
631990,2026-03-06,2026-03-15,38.05,37.58,38.69,Attn-GRU-15
631990,2026-03-06,2026-03-16,37.85,37.47,38.31,Attn-GRU-15
631990,2026-03-06,2026-03-17,37.78,37.31,38.51,Attn-GRU-15
631990,2026-03-06,2026-03-18,37.66,37.17,38.34,Attn-GRU-15
631990,2026-03-06,2026-03-19,37.52,37.01,38.21,Attn-GRU-15
631990,2026-03-06,2026-03-20,37.37,36.8,38.11,Attn-GRU-15
631990,2026-03-06,2026-03-21,37.15,36.57,37.78,Attn-GRU-15
631990,2026-03-06,2026-03-22,37.05,36.35,37.75,Attn-GRU-15
631990,2026-03-06,2026-03-23,36.87,36.06,37.61,Attn-GRU-15
631990,2026-03-06,2026-03-24,36.72,35.95,37.64,Attn-GRU-15
631990,2026-03-06,2026-03-25,36.86,36.01,37.75,Attn-GRU-15
631990,2026-03-06,2026-03-26,36.6,35.73,37.44,Attn-GRU-15
631990,2026-03-06,2026-03-27,36.48,35.51,37.36,Attn-GRU-15
631990,2026-03-06,2026-03-28,36.49,35.41,37.33,Attn-GRU-15
631990,2026-03-06,2026-03-29,36.39,35.4,37.39,Attn-GRU-15
631990,2026-03-06,2026-03-30,36.23,35.31,37.32,Attn-GRU-15
631990,2026-03-06,2026-03-31,36.16,35.18,37.23,Attn-GRU-15
631990,2026-03-06,2026-04-01,36.22,35.14,37.23,Attn-GRU-15
631990,2026-03-06,2026-04-02,36.32,35.36,37.24,Attn-GRU-15
631990,2026-03-06,2026-04-03,35.99,34.94,37.2,Attn-GRU-15
631990,2026-03-06,2026-04-04,35.95,34.96,37.17,Attn-GRU-15
631990,2026-03-06,2026-04-05,35.93,34.95,37.08,Attn-GRU-15
631992,2026-03-06,2026-03-07,96.5,96.35,96.64,Attn-GRU-15
631992,2026-03-06,2026-03-08,96.6,96.3,96.86,Attn-GRU-15
631992,2026-03-06,2026-03-09,96.71,96.28,97.12,Attn-GRU-15
631992,2026-03-06,2026-03-10,96.75,96.24,97.26,Attn-GRU-15
631992,2026-03-06,2026-03-11,96.81,96.25,97.38,Attn-GRU-15
631992,2026-03-06,2026-03-12,96.91,96.24,97.51,Attn-GRU-15
631992,2026-03-06,2026-03-13,97.1,96.38,97.81,Attn-GRU-15
631992,2026-03-06,2026-03-14,97.37,96.41,98.2,Attn-GRU-15
631992,2026-03-06,2026-03-15,97.55,96.53,98.36,Attn-GRU-15
631992,2026-03-06,2026-03-16,97.59,96.36,98.35,Attn-GRU-15
631992,2026-03-06,2026-03-17,98.06,96.71,99.02,Attn-GRU-15
631992,2026-03-06,2026-03-18,98.27,96.85,99.29,Attn-GRU-15
631992,2026-03-06,2026-03-19,98.52,96.97,99.51,Attn-GRU-15
631992,2026-03-06,2026-03-20,98.86,97.01,99.85,Attn-GRU-15
631992,2026-03-06,2026-03-21,98.82,97.06,99.78,Attn-GRU-15
631992,2026-03-06,2026-03-22,99.06,96.98,100.02,Attn-GRU-15
631992,2026-03-06,2026-03-23,98.96,97.09,99.99,Attn-GRU-15
631992,2026-03-06,2026-03-24,99.16,97.13,100.18,Attn-GRU-15
631992,2026-03-06,2026-03-25,99.39,97.13,100.29,Attn-GRU-15
631992,2026-03-06,2026-03-26,99.37,97.19,100.32,Attn-GRU-15
631992,2026-03-06,2026-03-27,99.3,97.12,100.37,Attn-GRU-15
631992,2026-03-06,2026-03-28,99.44,97.07,100.42,Attn-GRU-15
631992,2026-03-06,2026-03-29,99.59,97.31,100.43,Attn-GRU-15
631992,2026-03-06,2026-03-30,99.7,97.43,100.53,Attn-GRU-15
631992,2026-03-06,2026-03-31,99.77,97.25,100.56,Attn-GRU-15
631992,2026-03-06,2026-04-01,99.72,97.17,100.6,Attn-GRU-15
631992,2026-03-06,2026-04-02,99.96,97.68,100.61,Attn-GRU-15
631992,2026-03-06,2026-04-03,99.59,97.16,100.51,Attn-GRU-15
631992,2026-03-06,2026-04-04,99.93,97.51,100.63,Attn-GRU-15
631992,2026-03-06,2026-04-05,99.89,97.33,100.61,Attn-GRU-15
632208,2026-03-06,2026-03-07,37.75,37.7,37.8,Attn-GRU-15
632208,2026-03-06,2026-03-08,37.79,37.68,37.89,Attn-GRU-15
632208,2026-03-06,2026-03-09,37.84,37.67,37.99,Attn-GRU-15
632208,2026-03-06,2026-03-10,37.85,37.66,38.06,Attn-GRU-15
632208,2026-03-06,2026-03-11,37.88,37.65,38.11,Attn-GRU-15
632208,2026-03-06,2026-03-12,37.9,37.65,38.16,Attn-GRU-15
632208,2026-03-06,2026-03-13,37.97,37.65,38.3,Attn-GRU-15
632208,2026-03-06,2026-03-14,38.06,37.66,38.44,Attn-GRU-15
632208,2026-03-06,2026-03-15,38.11,37.68,38.51,Attn-GRU-15
632208,2026-03-06,2026-03-16,38.09,37.71,38.51,Attn-GRU-15
632208,2026-03-06,2026-03-17,38.24,37.75,38.73,Attn-GRU-15
632208,2026-03-06,2026-03-18,38.29,37.83,38.79,Attn-GRU-15
632208,2026-03-06,2026-03-19,38.35,37.87,38.87,Attn-GRU-15
632208,2026-03-06,2026-03-20,38.41,37.93,38.92,Attn-GRU-15
632208,2026-03-06,2026-03-21,38.39,37.91,38.92,Attn-GRU-15
632208,2026-03-06,2026-03-22,38.47,37.94,39.02,Attn-GRU-15
632208,2026-03-06,2026-03-23,38.48,37.95,39.05,Attn-GRU-15
632208,2026-03-06,2026-03-24,38.51,38.0,39.06,Attn-GRU-15
632208,2026-03-06,2026-03-25,38.61,38.01,39.16,Attn-GRU-15
632208,2026-03-06,2026-03-26,38.63,38.04,39.17,Attn-GRU-15
632208,2026-03-06,2026-03-27,38.65,38.03,39.17,Attn-GRU-15
632208,2026-03-06,2026-03-28,38.77,38.06,39.23,Attn-GRU-15
632208,2026-03-06,2026-03-29,38.78,38.07,39.23,Attn-GRU-15
632208,2026-03-06,2026-03-30,38.8,38.11,39.27,Attn-GRU-15
632208,2026-03-06,2026-03-31,38.81,38.1,39.29,Attn-GRU-15
632208,2026-03-06,2026-04-01,38.85,38.18,39.31,Attn-GRU-15
632208,2026-03-06,2026-04-02,38.92,38.17,39.37,Attn-GRU-15
632208,2026-03-06,2026-04-03,38.78,38.11,39.3,Attn-GRU-15
632208,2026-03-06,2026-04-04,38.93,38.16,39.38,Attn-GRU-15
632208,2026-03-06,2026-04-05,38.87,38.16,39.37,Attn-GRU-15
632228,2026-03-06,2026-03-07,70.55,70.46,70.63,Attn-GRU-15
632228,2026-03-06,2026-03-08,70.55,70.35,70.71,Attn-GRU-15
632228,2026-03-06,2026-03-09,70.56,70.24,70.79,Attn-GRU-15
632228,2026-03-06,2026-03-10,70.5,70.14,70.81,Attn-GRU-15
632228,2026-03-06,2026-03-11,70.44,70.05,70.8,Attn-GRU-15
632228,2026-03-06,2026-03-12,70.39,69.94,70.78,Attn-GRU-15
632228,2026-03-06,2026-03-13,70.41,69.86,70.88,Attn-GRU-15
632228,2026-03-06,2026-03-14,70.46,69.77,71.02,Attn-GRU-15
632228,2026-03-06,2026-03-15,70.45,69.72,71.08,Attn-GRU-15
632228,2026-03-06,2026-03-16,70.2,69.66,70.83,Attn-GRU-15
632228,2026-03-06,2026-03-17,70.43,69.64,71.13,Attn-GRU-15
632228,2026-03-06,2026-03-18,70.39,69.67,71.16,Attn-GRU-15
632228,2026-03-06,2026-03-19,70.38,69.67,71.23,Attn-GRU-15
632228,2026-03-06,2026-03-20,70.4,69.67,71.36,Attn-GRU-15
632228,2026-03-06,2026-03-21,70.27,69.53,71.04,Attn-GRU-15
632228,2026-03-06,2026-03-22,70.32,69.52,71.15,Attn-GRU-15
632228,2026-03-06,2026-03-23,70.27,69.41,71.21,Attn-GRU-15
632228,2026-03-06,2026-03-24,70.17,69.34,71.21,Attn-GRU-15
632228,2026-03-06,2026-03-25,70.33,69.33,71.38,Attn-GRU-15
632228,2026-03-06,2026-03-26,70.35,69.28,71.44,Attn-GRU-15
632228,2026-03-06,2026-03-27,70.21,69.16,71.42,Attn-GRU-15
632228,2026-03-06,2026-03-28,70.38,69.25,71.54,Attn-GRU-15
632228,2026-03-06,2026-03-29,70.3,69.15,71.44,Attn-GRU-15
632228,2026-03-06,2026-03-30,70.39,69.13,71.55,Attn-GRU-15
632228,2026-03-06,2026-03-31,70.21,69.06,71.5,Attn-GRU-15
632228,2026-03-06,2026-04-01,70.54,69.36,71.87,Attn-GRU-15
632228,2026-03-06,2026-04-02,70.48,69.18,71.6,Attn-GRU-15
632228,2026-03-06,2026-04-03,70.08,68.86,71.7,Attn-GRU-15
632228,2026-03-06,2026-04-04,70.46,69.14,71.66,Attn-GRU-15
632228,2026-03-06,2026-04-05,70.32,69.01,71.8,Attn-GRU-15
632245,2026-03-06,2026-03-07,75.7,75.64,75.75,Attn-GRU-15
632245,2026-03-06,2026-03-08,75.57,75.47,75.65,Attn-GRU-15
632245,2026-03-06,2026-03-09,75.45,75.3,75.56,Attn-GRU-15
632245,2026-03-06,2026-03-10,75.33,75.15,75.48,Attn-GRU-15
632245,2026-03-06,2026-03-11,75.2,74.97,75.38,Attn-GRU-15
632245,2026-03-06,2026-03-12,75.07,74.79,75.27,Attn-GRU-15
632245,2026-03-06,2026-03-13,74.93,74.61,75.17,Attn-GRU-15
632245,2026-03-06,2026-03-14,74.8,74.45,75.07,Attn-GRU-15
632245,2026-03-06,2026-03-15,74.66,74.28,74.97,Attn-GRU-15
632245,2026-03-06,2026-03-16,74.48,74.1,74.86,Attn-GRU-15
632245,2026-03-06,2026-03-17,74.3,73.93,74.72,Attn-GRU-15
632245,2026-03-06,2026-03-18,74.12,73.75,74.53,Attn-GRU-15
632245,2026-03-06,2026-03-19,73.94,73.62,74.35,Attn-GRU-15
632245,2026-03-06,2026-03-20,73.77,73.52,74.18,Attn-GRU-15
632245,2026-03-06,2026-03-21,73.63,73.42,73.97,Attn-GRU-15
632245,2026-03-06,2026-03-22,73.53,73.37,73.83,Attn-GRU-15
632245,2026-03-06,2026-03-23,73.46,73.32,73.71,Attn-GRU-15
632245,2026-03-06,2026-03-24,73.43,73.3,73.66,Attn-GRU-15
632245,2026-03-06,2026-03-25,73.4,73.31,73.61,Attn-GRU-15
632245,2026-03-06,2026-03-26,73.36,73.29,73.59,Attn-GRU-15
632245,2026-03-06,2026-03-27,73.33,73.28,73.48,Attn-GRU-15
632245,2026-03-06,2026-03-28,73.31,73.27,73.43,Attn-GRU-15
632245,2026-03-06,2026-03-29,73.3,73.27,73.41,Attn-GRU-15
632245,2026-03-06,2026-03-30,73.3,73.27,73.41,Attn-GRU-15
632245,2026-03-06,2026-03-31,73.28,73.27,73.36,Attn-GRU-15
632245,2026-03-06,2026-04-01,73.28,73.27,73.34,Attn-GRU-15
632245,2026-03-06,2026-04-02,73.28,73.27,73.35,Attn-GRU-15
632245,2026-03-06,2026-04-03,73.27,73.27,73.32,Attn-GRU-15
632245,2026-03-06,2026-04-04,73.27,73.27,73.31,Attn-GRU-15
632245,2026-03-06,2026-04-05,73.27,73.27,73.31,Attn-GRU-15
632251,2026-03-06,2026-03-07,38.61,38.5,38.68,Attn-GRU-15
632251,2026-03-06,2026-03-08,38.68,38.49,38.85,Attn-GRU-15
632251,2026-03-06,2026-03-09,38.76,38.46,39.03,Attn-GRU-15
632251,2026-03-06,2026-03-10,38.81,38.44,39.14,Attn-GRU-15
632251,2026-03-06,2026-03-11,38.86,38.43,39.23,Attn-GRU-15
632251,2026-03-06,2026-03-12,38.92,38.41,39.29,Attn-GRU-15
632251,2026-03-06,2026-03-13,39.07,38.42,39.49,Attn-GRU-15
632251,2026-03-06,2026-03-14,39.22,38.43,39.76,Attn-GRU-15
632251,2026-03-06,2026-03-15,39.33,38.5,39.89,Attn-GRU-15
632251,2026-03-06,2026-03-16,39.25,38.55,39.84,Attn-GRU-15
632251,2026-03-06,2026-03-17,39.64,38.69,40.21,Attn-GRU-15
632251,2026-03-06,2026-03-18,39.75,38.86,40.38,Attn-GRU-15
632251,2026-03-06,2026-03-19,39.89,38.96,40.53,Attn-GRU-15
632251,2026-03-06,2026-03-20,40.01,39.06,40.61,Attn-GRU-15
632251,2026-03-06,2026-03-21,39.96,38.97,40.65,Attn-GRU-15
632251,2026-03-06,2026-03-22,40.11,39.02,40.82,Attn-GRU-15
632251,2026-03-06,2026-03-23,40.07,39.01,40.82,Attn-GRU-15
632251,2026-03-06,2026-03-24,40.21,39.07,40.97,Attn-GRU-15
632251,2026-03-06,2026-03-25,40.33,39.11,41.07,Attn-GRU-15
632251,2026-03-06,2026-03-26,40.34,39.15,41.08,Attn-GRU-15
632251,2026-03-06,2026-03-27,40.39,39.15,41.09,Attn-GRU-15
632251,2026-03-06,2026-03-28,40.53,39.31,41.16,Attn-GRU-15
632251,2026-03-06,2026-03-29,40.49,39.19,41.2,Attn-GRU-15
632251,2026-03-06,2026-03-30,40.6,39.24,41.23,Attn-GRU-15
632251,2026-03-06,2026-03-31,40.58,39.24,41.27,Attn-GRU-15
632251,2026-03-06,2026-04-01,40.68,39.35,41.3,Attn-GRU-15
632251,2026-03-06,2026-04-02,40.7,39.41,41.31,Attn-GRU-15
632251,2026-03-06,2026-04-03,40.48,39.2,41.19,Attn-GRU-15
632251,2026-03-06,2026-04-04,40.73,39.39,41.33,Attn-GRU-15
632251,2026-03-06,2026-04-05,40.63,39.32,41.33,Attn-GRU-15
632252,2026-03-06,2026-03-07,37.28,37.26,37.31,Attn-GRU-15
632252,2026-03-06,2026-03-08,37.26,37.21,37.32,Attn-GRU-15
632252,2026-03-06,2026-03-09,37.24,37.17,37.34,Attn-GRU-15
632252,2026-03-06,2026-03-10,37.22,37.12,37.33,Attn-GRU-15
632252,2026-03-06,2026-03-11,37.2,37.08,37.32,Attn-GRU-15
632252,2026-03-06,2026-03-12,37.16,37.04,37.3,Attn-GRU-15
632252,2026-03-06,2026-03-13,37.15,37.0,37.32,Attn-GRU-15
632252,2026-03-06,2026-03-14,37.15,36.97,37.36,Attn-GRU-15
632252,2026-03-06,2026-03-15,37.13,36.94,37.36,Attn-GRU-15
632252,2026-03-06,2026-03-16,37.09,36.92,37.25,Attn-GRU-15
632252,2026-03-06,2026-03-17,37.11,36.88,37.36,Attn-GRU-15
632252,2026-03-06,2026-03-18,37.11,36.88,37.35,Attn-GRU-15
632252,2026-03-06,2026-03-19,37.12,36.88,37.34,Attn-GRU-15
632252,2026-03-06,2026-03-20,37.09,36.86,37.34,Attn-GRU-15
632252,2026-03-06,2026-03-21,37.02,36.82,37.26,Attn-GRU-15
632252,2026-03-06,2026-03-22,37.02,36.79,37.27,Attn-GRU-15
632252,2026-03-06,2026-03-23,36.98,36.77,37.29,Attn-GRU-15
632252,2026-03-06,2026-03-24,36.97,36.75,37.28,Attn-GRU-15
632252,2026-03-06,2026-03-25,37.01,36.74,37.35,Attn-GRU-15
632252,2026-03-06,2026-03-26,36.97,36.7,37.33,Attn-GRU-15
632252,2026-03-06,2026-03-27,36.9,36.63,37.31,Attn-GRU-15
632252,2026-03-06,2026-03-28,36.96,36.64,37.39,Attn-GRU-15
632252,2026-03-06,2026-03-29,36.89,36.61,37.32,Attn-GRU-15
632252,2026-03-06,2026-03-30,36.89,36.57,37.3,Attn-GRU-15
632252,2026-03-06,2026-03-31,36.86,36.55,37.32,Attn-GRU-15
632252,2026-03-06,2026-04-01,36.88,36.54,37.39,Attn-GRU-15
632252,2026-03-06,2026-04-02,36.88,36.56,37.28,Attn-GRU-15
632252,2026-03-06,2026-04-03,36.82,36.51,37.32,Attn-GRU-15
632252,2026-03-06,2026-04-04,36.83,36.48,37.29,Attn-GRU-15
632252,2026-03-06,2026-04-05,36.84,36.53,37.31,Attn-GRU-15
632684,2026-03-06,2026-03-07,80.14,80.05,80.35,Attn-GRU-15
632684,2026-03-06,2026-03-08,80.15,79.95,80.61,Attn-GRU-15
632684,2026-03-06,2026-03-09,80.14,79.85,80.85,Attn-GRU-15
632684,2026-03-06,2026-03-10,80.15,79.76,80.97,Attn-GRU-15
632684,2026-03-06,2026-03-11,80.17,79.68,81.06,Attn-GRU-15
632684,2026-03-06,2026-03-12,80.2,79.6,81.09,Attn-GRU-15
632684,2026-03-06,2026-03-13,80.24,79.51,81.39,Attn-GRU-15
632684,2026-03-06,2026-03-14,80.28,79.45,81.78,Attn-GRU-15
632684,2026-03-06,2026-03-15,80.36,79.42,81.92,Attn-GRU-15
632684,2026-03-06,2026-03-16,80.1,79.43,81.45,Attn-GRU-15
632684,2026-03-06,2026-03-17,80.59,79.39,82.14,Attn-GRU-15
632684,2026-03-06,2026-03-18,80.59,79.45,82.22,Attn-GRU-15
632684,2026-03-06,2026-03-19,80.6,79.51,82.33,Attn-GRU-15
632684,2026-03-06,2026-03-20,80.63,79.52,82.41,Attn-GRU-15
632684,2026-03-06,2026-03-21,80.47,79.53,81.96,Attn-GRU-15
632684,2026-03-06,2026-03-22,80.59,79.49,82.2,Attn-GRU-15
632684,2026-03-06,2026-03-23,80.54,79.57,82.16,Attn-GRU-15
632684,2026-03-06,2026-03-24,80.49,79.53,82.19,Attn-GRU-15
632684,2026-03-06,2026-03-25,80.79,79.59,82.53,Attn-GRU-15
632684,2026-03-06,2026-03-26,80.91,79.58,82.77,Attn-GRU-15
632684,2026-03-06,2026-03-27,80.66,79.42,82.54,Attn-GRU-15
632684,2026-03-06,2026-03-28,80.98,79.36,82.93,Attn-GRU-15
632684,2026-03-06,2026-03-29,80.86,79.54,82.74,Attn-GRU-15
632684,2026-03-06,2026-03-30,80.94,79.26,83.04,Attn-GRU-15
632684,2026-03-06,2026-03-31,80.73,79.22,82.8,Attn-GRU-15
632684,2026-03-06,2026-04-01,81.27,79.59,83.3,Attn-GRU-15
632684,2026-03-06,2026-04-02,80.94,79.24,83.05,Attn-GRU-15
632684,2026-03-06,2026-04-03,80.69,78.98,82.61,Attn-GRU-15
632684,2026-03-06,2026-04-04,80.99,79.36,83.12,Attn-GRU-15
632684,2026-03-06,2026-04-05,80.73,79.02,82.78,Attn-GRU-15
632686,2026-03-06,2026-03-07,55.44,55.4,55.52,Attn-GRU-15
632686,2026-03-06,2026-03-08,55.37,55.3,55.54,Attn-GRU-15
632686,2026-03-06,2026-03-09,55.31,55.2,55.58,Attn-GRU-15
632686,2026-03-06,2026-03-10,55.25,55.1,55.56,Attn-GRU-15
632686,2026-03-06,2026-03-11,55.19,55.01,55.53,Attn-GRU-15
632686,2026-03-06,2026-03-12,55.13,54.91,55.48,Attn-GRU-15
632686,2026-03-06,2026-03-13,55.07,54.82,55.52,Attn-GRU-15
632686,2026-03-06,2026-03-14,55.04,54.73,55.6,Attn-GRU-15
632686,2026-03-06,2026-03-15,54.97,54.65,55.58,Attn-GRU-15
632686,2026-03-06,2026-03-16,54.88,54.57,55.32,Attn-GRU-15
632686,2026-03-06,2026-03-17,54.92,54.5,55.54,Attn-GRU-15
632686,2026-03-06,2026-03-18,54.89,54.45,55.49,Attn-GRU-15
632686,2026-03-06,2026-03-19,54.9,54.4,55.44,Attn-GRU-15
632686,2026-03-06,2026-03-20,54.86,54.35,55.44,Attn-GRU-15
632686,2026-03-06,2026-03-21,54.64,54.19,55.21,Attn-GRU-15
632686,2026-03-06,2026-03-22,54.59,54.11,55.2,Attn-GRU-15
632686,2026-03-06,2026-03-23,54.51,54.0,55.14,Attn-GRU-15
632686,2026-03-06,2026-03-24,54.4,53.86,55.05,Attn-GRU-15
632686,2026-03-06,2026-03-25,54.49,53.98,55.22,Attn-GRU-15
632686,2026-03-06,2026-03-26,54.39,53.78,55.22,Attn-GRU-15
632686,2026-03-06,2026-03-27,54.24,53.58,55.14,Attn-GRU-15
632686,2026-03-06,2026-03-28,54.28,53.58,55.2,Attn-GRU-15
632686,2026-03-06,2026-03-29,54.28,53.55,55.17,Attn-GRU-15
632686,2026-03-06,2026-03-30,54.09,53.39,55.09,Attn-GRU-15
632686,2026-03-06,2026-03-31,54.18,53.35,55.17,Attn-GRU-15
632686,2026-03-06,2026-04-01,54.2,53.38,55.32,Attn-GRU-15
632686,2026-03-06,2026-04-02,54.28,53.54,55.19,Attn-GRU-15
632686,2026-03-06,2026-04-03,54.0,53.08,55.15,Attn-GRU-15
632686,2026-03-06,2026-04-04,53.98,53.18,55.15,Attn-GRU-15
632686,2026-03-06,2026-04-05,53.96,53.14,55.11,Attn-GRU-15
632720,2026-03-06,2026-03-07,223.14,222.96,223.24,Attn-GRU-15
632720,2026-03-06,2026-03-08,222.77,222.47,223.01,Attn-GRU-15
632720,2026-03-06,2026-03-09,222.44,222.03,222.79,Attn-GRU-15
632720,2026-03-06,2026-03-10,222.09,221.57,222.55,Attn-GRU-15
632720,2026-03-06,2026-03-11,221.7,221.08,222.3,Attn-GRU-15
632720,2026-03-06,2026-03-12,221.24,220.53,222.02,Attn-GRU-15
632720,2026-03-06,2026-03-13,220.84,220.06,221.75,Attn-GRU-15
632720,2026-03-06,2026-03-14,220.49,219.58,221.51,Attn-GRU-15
632720,2026-03-06,2026-03-15,220.08,219.05,221.25,Attn-GRU-15
632720,2026-03-06,2026-03-16,219.6,218.39,220.82,Attn-GRU-15
632720,2026-03-06,2026-03-17,219.25,217.92,220.65,Attn-GRU-15
632720,2026-03-06,2026-03-18,218.76,217.37,220.3,Attn-GRU-15
632720,2026-03-06,2026-03-19,218.22,216.8,219.9,Attn-GRU-15
632720,2026-03-06,2026-03-20,217.71,216.32,219.62,Attn-GRU-15
632720,2026-03-06,2026-03-21,217.27,215.91,219.18,Attn-GRU-15
632720,2026-03-06,2026-03-22,216.93,215.58,218.9,Attn-GRU-15
632720,2026-03-06,2026-03-23,216.59,215.26,218.53,Attn-GRU-15
632720,2026-03-06,2026-03-24,216.32,215.08,218.32,Attn-GRU-15
632720,2026-03-06,2026-03-25,216.28,215.07,218.13,Attn-GRU-15
632720,2026-03-06,2026-03-26,216.03,214.86,218.18,Attn-GRU-15
632720,2026-03-06,2026-03-27,215.68,214.69,217.42,Attn-GRU-15
632720,2026-03-06,2026-03-28,215.35,214.52,217.46,Attn-GRU-15
632720,2026-03-06,2026-03-29,215.46,214.56,217.53,Attn-GRU-15
632720,2026-03-06,2026-03-30,215.42,214.56,217.43,Attn-GRU-15
632720,2026-03-06,2026-03-31,215.09,214.42,216.78,Attn-GRU-15
632720,2026-03-06,2026-04-01,214.93,214.33,216.69,Attn-GRU-15
632720,2026-03-06,2026-04-02,214.97,214.35,216.69,Attn-GRU-15
632720,2026-03-06,2026-04-03,214.73,214.29,216.54,Attn-GRU-15
632720,2026-03-06,2026-04-04,214.7,214.26,216.15,Attn-GRU-15
632720,2026-03-06,2026-04-05,214.71,214.24,216.04,Attn-GRU-15
633053,2026-03-06,2026-03-07,110.29,110.24,110.35,Attn-GRU-15
633053,2026-03-06,2026-03-08,110.3,110.19,110.42,Attn-GRU-15
633053,2026-03-06,2026-03-09,110.3,110.14,110.48,Attn-GRU-15
633053,2026-03-06,2026-03-10,110.3,110.09,110.52,Attn-GRU-15
633053,2026-03-06,2026-03-11,110.3,110.05,110.55,Attn-GRU-15
633053,2026-03-06,2026-03-12,110.29,110.01,110.59,Attn-GRU-15
633053,2026-03-06,2026-03-13,110.32,109.98,110.67,Attn-GRU-15
633053,2026-03-06,2026-03-14,110.36,109.96,110.76,Attn-GRU-15
633053,2026-03-06,2026-03-15,110.39,109.95,110.82,Attn-GRU-15
633053,2026-03-06,2026-03-16,110.33,109.94,110.78,Attn-GRU-15
633053,2026-03-06,2026-03-17,110.48,110.0,110.96,Attn-GRU-15
633053,2026-03-06,2026-03-18,110.55,110.05,111.04,Attn-GRU-15
633053,2026-03-06,2026-03-19,110.62,110.13,111.13,Attn-GRU-15
633053,2026-03-06,2026-03-20,110.7,110.2,111.23,Attn-GRU-15
633053,2026-03-06,2026-03-21,110.64,110.14,111.27,Attn-GRU-15
633053,2026-03-06,2026-03-22,110.74,110.18,111.39,Attn-GRU-15
633053,2026-03-06,2026-03-23,110.82,110.24,111.45,Attn-GRU-15
633053,2026-03-06,2026-03-24,110.8,110.22,111.47,Attn-GRU-15
633053,2026-03-06,2026-03-25,110.89,110.25,111.57,Attn-GRU-15
633053,2026-03-06,2026-03-26,110.97,110.36,111.65,Attn-GRU-15
633053,2026-03-06,2026-03-27,110.94,110.25,111.64,Attn-GRU-15
633053,2026-03-06,2026-03-28,111.02,110.36,111.69,Attn-GRU-15
633053,2026-03-06,2026-03-29,111.03,110.34,111.71,Attn-GRU-15
633053,2026-03-06,2026-03-30,111.01,110.31,111.74,Attn-GRU-15
633053,2026-03-06,2026-03-31,111.01,110.29,111.76,Attn-GRU-15
633053,2026-03-06,2026-04-01,111.16,110.49,111.85,Attn-GRU-15
633053,2026-03-06,2026-04-02,110.95,110.29,111.72,Attn-GRU-15
633053,2026-03-06,2026-04-03,111.01,110.3,111.81,Attn-GRU-15
633053,2026-03-06,2026-04-04,111.09,110.38,111.81,Attn-GRU-15
633053,2026-03-06,2026-04-05,111.08,110.37,111.81,Attn-GRU-15
633098,2026-03-06,2026-03-07,122.29,122.14,122.4,Attn-GRU-15
633098,2026-03-06,2026-03-08,122.44,122.11,122.69,Attn-GRU-15
633098,2026-03-06,2026-03-09,122.6,122.12,122.97,Attn-GRU-15
633098,2026-03-06,2026-03-10,122.69,122.1,123.16,Attn-GRU-15
633098,2026-03-06,2026-03-11,122.78,122.09,123.32,Attn-GRU-15
633098,2026-03-06,2026-03-12,122.84,122.13,123.52,Attn-GRU-15
633098,2026-03-06,2026-03-13,123.04,122.15,123.81,Attn-GRU-15
633098,2026-03-06,2026-03-14,123.32,122.22,124.14,Attn-GRU-15
633098,2026-03-06,2026-03-15,123.47,122.36,124.33,Attn-GRU-15
633098,2026-03-06,2026-03-16,123.51,122.5,124.46,Attn-GRU-15
633098,2026-03-06,2026-03-17,123.85,122.75,124.78,Attn-GRU-15
633098,2026-03-06,2026-03-18,124.08,122.99,124.99,Attn-GRU-15
633098,2026-03-06,2026-03-19,124.31,123.16,125.15,Attn-GRU-15
633098,2026-03-06,2026-03-20,124.48,123.34,125.32,Attn-GRU-15
633098,2026-03-06,2026-03-21,124.56,123.32,125.37,Attn-GRU-15
633098,2026-03-06,2026-03-22,124.79,123.48,125.49,Attn-GRU-15
633098,2026-03-06,2026-03-23,124.77,123.51,125.51,Attn-GRU-15
633098,2026-03-06,2026-03-24,124.88,123.61,125.65,Attn-GRU-15
633098,2026-03-06,2026-03-25,125.03,123.81,125.71,Attn-GRU-15
633098,2026-03-06,2026-03-26,125.07,123.87,125.73,Attn-GRU-15
633098,2026-03-06,2026-03-27,125.1,123.81,125.73,Attn-GRU-15
633098,2026-03-06,2026-03-28,125.2,123.93,125.78,Attn-GRU-15
633098,2026-03-06,2026-03-29,125.17,124.01,125.81,Attn-GRU-15
633098,2026-03-06,2026-03-30,125.28,124.08,125.84,Attn-GRU-15
633098,2026-03-06,2026-03-31,125.33,124.2,125.85,Attn-GRU-15
633098,2026-03-06,2026-04-01,125.34,124.23,125.86,Attn-GRU-15
633098,2026-03-06,2026-04-02,125.46,124.18,125.89,Attn-GRU-15
633098,2026-03-06,2026-04-03,125.27,124.13,125.84,Attn-GRU-15
633098,2026-03-06,2026-04-04,125.48,124.37,125.91,Attn-GRU-15
633098,2026-03-06,2026-04-05,125.44,124.27,125.89,Attn-GRU-15
633099,2026-03-06,2026-03-07,67.17,67.11,67.24,Attn-GRU-15
633099,2026-03-06,2026-03-08,67.22,67.09,67.37,Attn-GRU-15
633099,2026-03-06,2026-03-09,67.27,67.06,67.48,Attn-GRU-15
633099,2026-03-06,2026-03-10,67.3,67.05,67.55,Attn-GRU-15
633099,2026-03-06,2026-03-11,67.34,67.04,67.6,Attn-GRU-15
633099,2026-03-06,2026-03-12,67.36,67.03,67.66,Attn-GRU-15
633099,2026-03-06,2026-03-13,67.45,67.0,67.84,Attn-GRU-15
633099,2026-03-06,2026-03-14,67.55,67.02,68.03,Attn-GRU-15
633099,2026-03-06,2026-03-15,67.63,67.06,68.12,Attn-GRU-15
633099,2026-03-06,2026-03-16,67.56,67.12,68.08,Attn-GRU-15
633099,2026-03-06,2026-03-17,67.77,67.17,68.36,Attn-GRU-15
633099,2026-03-06,2026-03-18,67.84,67.25,68.55,Attn-GRU-15
633099,2026-03-06,2026-03-19,67.94,67.25,68.69,Attn-GRU-15
633099,2026-03-06,2026-03-20,68.02,67.22,68.84,Attn-GRU-15
633099,2026-03-06,2026-03-21,68.0,67.21,68.85,Attn-GRU-15
633099,2026-03-06,2026-03-22,68.15,67.22,69.01,Attn-GRU-15
633099,2026-03-06,2026-03-23,68.19,67.22,68.98,Attn-GRU-15
633099,2026-03-06,2026-03-24,68.25,67.26,69.14,Attn-GRU-15
633099,2026-03-06,2026-03-25,68.4,67.3,69.29,Attn-GRU-15
633099,2026-03-06,2026-03-26,68.4,67.31,69.3,Attn-GRU-15
633099,2026-03-06,2026-03-27,68.41,67.3,69.25,Attn-GRU-15
633099,2026-03-06,2026-03-28,68.55,67.34,69.33,Attn-GRU-15
633099,2026-03-06,2026-03-29,68.52,67.31,69.39,Attn-GRU-15
633099,2026-03-06,2026-03-30,68.59,67.33,69.4,Attn-GRU-15
633099,2026-03-06,2026-03-31,68.62,67.37,69.47,Attn-GRU-15
633099,2026-03-06,2026-04-01,68.67,67.34,69.44,Attn-GRU-15
633099,2026-03-06,2026-04-02,68.78,67.42,69.57,Attn-GRU-15
633099,2026-03-06,2026-04-03,68.58,67.36,69.41,Attn-GRU-15
633099,2026-03-06,2026-04-04,68.8,67.38,69.56,Attn-GRU-15
633099,2026-03-06,2026-04-05,68.72,67.34,69.53,Attn-GRU-15
633103,2026-03-06,2026-03-07,130.07,130.0,130.14,Attn-GRU-15
633103,2026-03-06,2026-03-08,130.04,129.9,130.18,Attn-GRU-15
633103,2026-03-06,2026-03-09,130.01,129.79,130.22,Attn-GRU-15
633103,2026-03-06,2026-03-10,129.95,129.7,130.22,Attn-GRU-15
633103,2026-03-06,2026-03-11,129.88,129.61,130.21,Attn-GRU-15
633103,2026-03-06,2026-03-12,129.79,129.49,130.19,Attn-GRU-15
633103,2026-03-06,2026-03-13,129.78,129.4,130.2,Attn-GRU-15
633103,2026-03-06,2026-03-14,129.77,129.33,130.27,Attn-GRU-15
633103,2026-03-06,2026-03-15,129.71,129.21,130.29,Attn-GRU-15
633103,2026-03-06,2026-03-16,129.52,129.0,130.17,Attn-GRU-15
633103,2026-03-06,2026-03-17,129.6,129.0,130.3,Attn-GRU-15
633103,2026-03-06,2026-03-18,129.52,128.9,130.32,Attn-GRU-15
633103,2026-03-06,2026-03-19,129.44,128.76,130.32,Attn-GRU-15
633103,2026-03-06,2026-03-20,129.39,128.66,130.33,Attn-GRU-15
633103,2026-03-06,2026-03-21,129.23,128.43,130.2,Attn-GRU-15
633103,2026-03-06,2026-03-22,129.2,128.3,130.22,Attn-GRU-15
633103,2026-03-06,2026-03-23,129.12,128.15,130.15,Attn-GRU-15
633103,2026-03-06,2026-03-24,128.95,128.02,130.17,Attn-GRU-15
633103,2026-03-06,2026-03-25,128.92,128.08,130.11,Attn-GRU-15
633103,2026-03-06,2026-03-26,128.94,127.89,130.18,Attn-GRU-15
633103,2026-03-06,2026-03-27,128.78,127.72,130.01,Attn-GRU-15
633103,2026-03-06,2026-03-28,128.67,127.63,130.18,Attn-GRU-15
633103,2026-03-06,2026-03-29,128.61,127.53,129.87,Attn-GRU-15
633103,2026-03-06,2026-03-30,128.69,127.59,129.99,Attn-GRU-15
633103,2026-03-06,2026-03-31,128.63,127.49,130.05,Attn-GRU-15
633103,2026-03-06,2026-04-01,128.5,127.36,129.86,Attn-GRU-15
633103,2026-03-06,2026-04-02,128.27,127.33,129.77,Attn-GRU-15
633103,2026-03-06,2026-04-03,128.27,127.17,129.96,Attn-GRU-15
633103,2026-03-06,2026-04-04,128.35,127.17,129.73,Attn-GRU-15
633103,2026-03-06,2026-04-05,128.29,127.18,129.81,Attn-GRU-15
633104,2026-03-06,2026-03-07,123.35,123.13,123.52,Attn-GRU-15
633104,2026-03-06,2026-03-08,123.56,123.16,123.93,Attn-GRU-15
633104,2026-03-06,2026-03-09,123.82,123.27,124.34,Attn-GRU-15
633104,2026-03-06,2026-03-10,124.01,123.27,124.66,Attn-GRU-15
633104,2026-03-06,2026-03-11,124.22,123.32,124.99,Attn-GRU-15
633104,2026-03-06,2026-03-12,124.49,123.34,125.35,Attn-GRU-15
633104,2026-03-06,2026-03-13,124.91,123.52,125.92,Attn-GRU-15
633104,2026-03-06,2026-03-14,125.37,123.73,126.61,Attn-GRU-15
633104,2026-03-06,2026-03-15,125.73,123.99,127.16,Attn-GRU-15
633104,2026-03-06,2026-03-16,126.05,124.15,127.37,Attn-GRU-15
633104,2026-03-06,2026-03-17,126.79,124.78,128.07,Attn-GRU-15
633104,2026-03-06,2026-03-18,127.14,125.15,128.57,Attn-GRU-15
633104,2026-03-06,2026-03-19,127.52,125.57,128.82,Attn-GRU-15
633104,2026-03-06,2026-03-20,127.82,125.76,129.05,Attn-GRU-15
633104,2026-03-06,2026-03-21,127.92,126.06,129.07,Attn-GRU-15
633104,2026-03-06,2026-03-22,128.31,126.29,129.28,Attn-GRU-15
633104,2026-03-06,2026-03-23,128.41,126.61,129.32,Attn-GRU-15
633104,2026-03-06,2026-03-24,128.72,126.88,129.43,Attn-GRU-15
633104,2026-03-06,2026-03-25,128.89,127.02,129.51,Attn-GRU-15
633104,2026-03-06,2026-03-26,128.94,126.98,129.52,Attn-GRU-15
633104,2026-03-06,2026-03-27,128.95,127.19,129.52,Attn-GRU-15
633104,2026-03-06,2026-03-28,129.08,127.57,129.55,Attn-GRU-15
633104,2026-03-06,2026-03-29,129.12,127.58,129.58,Attn-GRU-15
633104,2026-03-06,2026-03-30,129.25,127.85,129.61,Attn-GRU-15
633104,2026-03-06,2026-03-31,129.31,127.86,129.62,Attn-GRU-15
633104,2026-03-06,2026-04-01,129.36,128.16,129.62,Attn-GRU-15
633104,2026-03-06,2026-04-02,129.39,128.24,129.64,Attn-GRU-15
633104,2026-03-06,2026-04-03,129.33,127.95,129.61,Attn-GRU-15
633104,2026-03-06,2026-04-04,129.41,128.13,129.64,Attn-GRU-15
633104,2026-03-06,2026-04-05,129.42,128.43,129.64,Attn-GRU-15
647656,2026-03-06,2026-03-07,4.52,4.51,4.53,Attn-GRU-15
647656,2026-03-06,2026-03-08,4.5,4.47,4.53,Attn-GRU-15
647656,2026-03-06,2026-03-09,4.48,4.44,4.52,Attn-GRU-15
647656,2026-03-06,2026-03-10,4.45,4.4,4.52,Attn-GRU-15
647656,2026-03-06,2026-03-11,4.43,4.37,4.51,Attn-GRU-15
647656,2026-03-06,2026-03-12,4.41,4.35,4.51,Attn-GRU-15
647656,2026-03-06,2026-03-13,4.38,4.33,4.5,Attn-GRU-15
647656,2026-03-06,2026-03-14,4.38,4.32,4.49,Attn-GRU-15
647656,2026-03-06,2026-03-15,4.37,4.32,4.49,Attn-GRU-15
647656,2026-03-06,2026-03-16,4.34,4.3,4.48,Attn-GRU-15
647656,2026-03-06,2026-03-17,4.34,4.3,4.47,Attn-GRU-15
647656,2026-03-06,2026-03-18,4.34,4.3,4.46,Attn-GRU-15
647656,2026-03-06,2026-03-19,4.32,4.3,4.44,Attn-GRU-15
647656,2026-03-06,2026-03-20,4.33,4.3,4.42,Attn-GRU-15
647656,2026-03-06,2026-03-21,4.32,4.29,4.41,Attn-GRU-15
647656,2026-03-06,2026-03-22,4.31,4.29,4.39,Attn-GRU-15
647656,2026-03-06,2026-03-23,4.3,4.29,4.38,Attn-GRU-15
647656,2026-03-06,2026-03-24,4.3,4.29,4.37,Attn-GRU-15
647656,2026-03-06,2026-03-25,4.3,4.29,4.37,Attn-GRU-15
647656,2026-03-06,2026-03-26,4.29,4.28,4.35,Attn-GRU-15
647656,2026-03-06,2026-03-27,4.3,4.28,4.34,Attn-GRU-15
647656,2026-03-06,2026-03-28,4.29,4.28,4.33,Attn-GRU-15
647656,2026-03-06,2026-03-29,4.29,4.28,4.33,Attn-GRU-15
647656,2026-03-06,2026-03-30,4.29,4.28,4.32,Attn-GRU-15
647656,2026-03-06,2026-03-31,4.29,4.28,4.31,Attn-GRU-15
647656,2026-03-06,2026-04-01,4.29,4.28,4.31,Attn-GRU-15
647656,2026-03-06,2026-04-02,4.29,4.28,4.32,Attn-GRU-15
647656,2026-03-06,2026-04-03,4.29,4.28,4.31,Attn-GRU-15
647656,2026-03-06,2026-04-04,4.29,4.28,4.31,Attn-GRU-15
647656,2026-03-06,2026-04-05,4.28,4.28,4.29,Attn-GRU-15
647657,2026-03-06,2026-03-07,4.36,4.35,4.37,Attn-GRU-15
647657,2026-03-06,2026-03-08,4.38,4.34,4.4,Attn-GRU-15
647657,2026-03-06,2026-03-09,4.39,4.34,4.44,Attn-GRU-15
647657,2026-03-06,2026-03-10,4.41,4.34,4.47,Attn-GRU-15
647657,2026-03-06,2026-03-11,4.43,4.34,4.5,Attn-GRU-15
647657,2026-03-06,2026-03-12,4.45,4.35,4.54,Attn-GRU-15
647657,2026-03-06,2026-03-13,4.48,4.36,4.58,Attn-GRU-15
647657,2026-03-06,2026-03-14,4.5,4.36,4.63,Attn-GRU-15
647657,2026-03-06,2026-03-15,4.53,4.37,4.67,Attn-GRU-15
647657,2026-03-06,2026-03-16,4.55,4.39,4.7,Attn-GRU-15
647657,2026-03-06,2026-03-17,4.58,4.42,4.73,Attn-GRU-15
647657,2026-03-06,2026-03-18,4.61,4.46,4.76,Attn-GRU-15
647657,2026-03-06,2026-03-19,4.65,4.49,4.8,Attn-GRU-15
647657,2026-03-06,2026-03-20,4.68,4.53,4.83,Attn-GRU-15
647657,2026-03-06,2026-03-21,4.71,4.56,4.86,Attn-GRU-15
647657,2026-03-06,2026-03-22,4.73,4.57,4.89,Attn-GRU-15
647657,2026-03-06,2026-03-23,4.77,4.6,4.92,Attn-GRU-15
647657,2026-03-06,2026-03-24,4.79,4.61,4.94,Attn-GRU-15
647657,2026-03-06,2026-03-25,4.81,4.63,4.96,Attn-GRU-15
647657,2026-03-06,2026-03-26,4.84,4.65,4.98,Attn-GRU-15
647657,2026-03-06,2026-03-27,4.87,4.68,5.0,Attn-GRU-15
647657,2026-03-06,2026-03-28,4.89,4.69,5.03,Attn-GRU-15
647657,2026-03-06,2026-03-29,4.92,4.72,5.04,Attn-GRU-15
647657,2026-03-06,2026-03-30,4.93,4.72,5.05,Attn-GRU-15
647657,2026-03-06,2026-03-31,4.94,4.74,5.06,Attn-GRU-15
647657,2026-03-06,2026-04-01,4.97,4.77,5.08,Attn-GRU-15
647657,2026-03-06,2026-04-02,4.97,4.75,5.09,Attn-GRU-15
647657,2026-03-06,2026-04-03,5.0,4.78,5.09,Attn-GRU-15
647657,2026-03-06,2026-04-04,5.0,4.78,5.1,Attn-GRU-15
647657,2026-03-06,2026-04-05,5.0,4.79,5.1,Attn-GRU-15
647659,2026-03-06,2026-03-07,3.46,3.46,3.47,Attn-GRU-15
647659,2026-03-06,2026-03-08,3.47,3.46,3.48,Attn-GRU-15
647659,2026-03-06,2026-03-09,3.47,3.45,3.49,Attn-GRU-15
647659,2026-03-06,2026-03-10,3.47,3.45,3.5,Attn-GRU-15
647659,2026-03-06,2026-03-11,3.48,3.45,3.51,Attn-GRU-15
647659,2026-03-06,2026-03-12,3.48,3.45,3.51,Attn-GRU-15
647659,2026-03-06,2026-03-13,3.49,3.45,3.53,Attn-GRU-15
647659,2026-03-06,2026-03-14,3.49,3.45,3.54,Attn-GRU-15
647659,2026-03-06,2026-03-15,3.5,3.45,3.55,Attn-GRU-15
647659,2026-03-06,2026-03-16,3.51,3.46,3.56,Attn-GRU-15
647659,2026-03-06,2026-03-17,3.52,3.47,3.57,Attn-GRU-15
647659,2026-03-06,2026-03-18,3.53,3.48,3.59,Attn-GRU-15
647659,2026-03-06,2026-03-19,3.55,3.49,3.6,Attn-GRU-15
647659,2026-03-06,2026-03-20,3.56,3.51,3.62,Attn-GRU-15
647659,2026-03-06,2026-03-21,3.58,3.52,3.64,Attn-GRU-15
647659,2026-03-06,2026-03-22,3.59,3.53,3.65,Attn-GRU-15
647659,2026-03-06,2026-03-23,3.6,3.55,3.67,Attn-GRU-15
647659,2026-03-06,2026-03-24,3.61,3.55,3.68,Attn-GRU-15
647659,2026-03-06,2026-03-25,3.62,3.56,3.69,Attn-GRU-15
647659,2026-03-06,2026-03-26,3.63,3.56,3.71,Attn-GRU-15
647659,2026-03-06,2026-03-27,3.65,3.58,3.72,Attn-GRU-15
647659,2026-03-06,2026-03-28,3.66,3.59,3.73,Attn-GRU-15
647659,2026-03-06,2026-03-29,3.67,3.6,3.75,Attn-GRU-15
647659,2026-03-06,2026-03-30,3.67,3.59,3.75,Attn-GRU-15
647659,2026-03-06,2026-03-31,3.68,3.6,3.76,Attn-GRU-15
647659,2026-03-06,2026-04-01,3.69,3.62,3.76,Attn-GRU-15
647659,2026-03-06,2026-04-02,3.69,3.6,3.77,Attn-GRU-15
647659,2026-03-06,2026-04-03,3.7,3.63,3.78,Attn-GRU-15
647659,2026-03-06,2026-04-04,3.7,3.62,3.78,Attn-GRU-15
647659,2026-03-06,2026-04-05,3.71,3.63,3.78,Attn-GRU-15
647660,2026-03-06,2026-03-07,8.43,8.43,8.44,Attn-GRU-15
647660,2026-03-06,2026-03-08,8.42,8.41,8.43,Attn-GRU-15
647660,2026-03-06,2026-03-09,8.41,8.4,8.43,Attn-GRU-15
647660,2026-03-06,2026-03-10,8.4,8.38,8.42,Attn-GRU-15
647660,2026-03-06,2026-03-11,8.39,8.36,8.42,Attn-GRU-15
647660,2026-03-06,2026-03-12,8.38,8.35,8.42,Attn-GRU-15
647660,2026-03-06,2026-03-13,8.37,8.33,8.41,Attn-GRU-15
647660,2026-03-06,2026-03-14,8.37,8.33,8.41,Attn-GRU-15
647660,2026-03-06,2026-03-15,8.36,8.32,8.41,Attn-GRU-15
647660,2026-03-06,2026-03-16,8.35,8.3,8.41,Attn-GRU-15
647660,2026-03-06,2026-03-17,8.35,8.3,8.41,Attn-GRU-15
647660,2026-03-06,2026-03-18,8.36,8.31,8.41,Attn-GRU-15
647660,2026-03-06,2026-03-19,8.35,8.29,8.42,Attn-GRU-15
647660,2026-03-06,2026-03-20,8.37,8.31,8.42,Attn-GRU-15
647660,2026-03-06,2026-03-21,8.37,8.31,8.42,Attn-GRU-15
647660,2026-03-06,2026-03-22,8.36,8.3,8.43,Attn-GRU-15
647660,2026-03-06,2026-03-23,8.37,8.29,8.44,Attn-GRU-15
647660,2026-03-06,2026-03-24,8.38,8.3,8.44,Attn-GRU-15
647660,2026-03-06,2026-03-25,8.38,8.33,8.45,Attn-GRU-15
647660,2026-03-06,2026-03-26,8.38,8.31,8.45,Attn-GRU-15
647660,2026-03-06,2026-03-27,8.38,8.31,8.45,Attn-GRU-15
647660,2026-03-06,2026-03-28,8.39,8.31,8.46,Attn-GRU-15
647660,2026-03-06,2026-03-29,8.39,8.31,8.46,Attn-GRU-15
647660,2026-03-06,2026-03-30,8.38,8.31,8.45,Attn-GRU-15
647660,2026-03-06,2026-03-31,8.38,8.3,8.46,Attn-GRU-15
647660,2026-03-06,2026-04-01,8.4,8.3,8.47,Attn-GRU-15
647660,2026-03-06,2026-04-02,8.38,8.3,8.45,Attn-GRU-15
647660,2026-03-06,2026-04-03,8.4,8.31,8.47,Attn-GRU-15
647660,2026-03-06,2026-04-04,8.4,8.3,8.47,Attn-GRU-15
647660,2026-03-06,2026-04-05,8.4,8.3,8.47,Attn-GRU-15
647663,2026-03-06,2026-03-07,1526.95,1524.84,1528.29,Attn-GRU-15
647663,2026-03-06,2026-03-08,1527.48,1523.33,1530.16,Attn-GRU-15
647663,2026-03-06,2026-03-09,1527.79,1521.76,1531.92,Attn-GRU-15
647663,2026-03-06,2026-03-10,1528.23,1520.4,1533.8,Attn-GRU-15
647663,2026-03-06,2026-03-11,1528.84,1519.34,1535.76,Attn-GRU-15
647663,2026-03-06,2026-03-12,1529.33,1518.24,1537.87,Attn-GRU-15
647663,2026-03-06,2026-03-13,1531.19,1518.62,1539.97,Attn-GRU-15
647663,2026-03-06,2026-03-14,1531.51,1517.56,1541.92,Attn-GRU-15
647663,2026-03-06,2026-03-15,1532.67,1517.7,1544.08,Attn-GRU-15
647663,2026-03-06,2026-03-16,1534.13,1517.91,1546.8,Attn-GRU-15
647663,2026-03-06,2026-03-17,1537.25,1520.66,1548.8,Attn-GRU-15
647663,2026-03-06,2026-03-18,1539.68,1522.99,1551.04,Attn-GRU-15
647663,2026-03-06,2026-03-19,1541.43,1523.95,1553.62,Attn-GRU-15
647663,2026-03-06,2026-03-20,1545.46,1528.4,1555.96,Attn-GRU-15
647663,2026-03-06,2026-03-21,1547.87,1529.6,1558.73,Attn-GRU-15
647663,2026-03-06,2026-03-22,1549.54,1530.33,1560.87,Attn-GRU-15
647663,2026-03-06,2026-03-23,1552.91,1533.99,1563.23,Attn-GRU-15
647663,2026-03-06,2026-03-24,1554.08,1534.33,1564.34,Attn-GRU-15
647663,2026-03-06,2026-03-25,1552.84,1533.45,1563.9,Attn-GRU-15
647663,2026-03-06,2026-03-26,1554.57,1534.1,1565.63,Attn-GRU-15
647663,2026-03-06,2026-03-27,1557.35,1535.96,1568.04,Attn-GRU-15
647663,2026-03-06,2026-03-28,1556.25,1535.46,1567.7,Attn-GRU-15
647663,2026-03-06,2026-03-29,1557.59,1537.54,1568.48,Attn-GRU-15
647663,2026-03-06,2026-03-30,1557.96,1536.7,1568.98,Attn-GRU-15
647663,2026-03-06,2026-03-31,1558.63,1537.17,1570.3,Attn-GRU-15
647663,2026-03-06,2026-04-01,1559.09,1539.36,1570.43,Attn-GRU-15
647663,2026-03-06,2026-04-02,1555.93,1534.87,1569.41,Attn-GRU-15
647663,2026-03-06,2026-04-03,1561.28,1540.65,1571.66,Attn-GRU-15
647663,2026-03-06,2026-04-04,1559.02,1539.05,1570.95,Attn-GRU-15
647663,2026-03-06,2026-04-05,1561.88,1540.65,1572.47,Attn-GRU-15
649230,2026-03-06,2026-03-07,125.8,125.72,125.89,Attn-GRU-15
649230,2026-03-06,2026-03-08,125.82,125.67,125.99,Attn-GRU-15
649230,2026-03-06,2026-03-09,125.83,125.61,126.09,Attn-GRU-15
649230,2026-03-06,2026-03-10,125.83,125.54,126.18,Attn-GRU-15
649230,2026-03-06,2026-03-11,125.85,125.49,126.28,Attn-GRU-15
649230,2026-03-06,2026-03-12,125.87,125.43,126.36,Attn-GRU-15
649230,2026-03-06,2026-03-13,125.91,125.39,126.44,Attn-GRU-15
649230,2026-03-06,2026-03-14,125.94,125.35,126.53,Attn-GRU-15
649230,2026-03-06,2026-03-15,126.0,125.34,126.64,Attn-GRU-15
649230,2026-03-06,2026-03-16,126.09,125.36,126.8,Attn-GRU-15
649230,2026-03-06,2026-03-17,126.19,125.38,126.92,Attn-GRU-15
649230,2026-03-06,2026-03-18,126.34,125.46,127.08,Attn-GRU-15
649230,2026-03-06,2026-03-19,126.51,125.54,127.26,Attn-GRU-15
649230,2026-03-06,2026-03-20,126.68,125.69,127.44,Attn-GRU-15
649230,2026-03-06,2026-03-21,126.82,125.76,127.63,Attn-GRU-15
649230,2026-03-06,2026-03-22,126.95,125.85,127.79,Attn-GRU-15
649230,2026-03-06,2026-03-23,127.13,126.0,127.93,Attn-GRU-15
649230,2026-03-06,2026-03-24,127.19,126.0,128.02,Attn-GRU-15
649230,2026-03-06,2026-03-25,127.22,126.0,128.02,Attn-GRU-15
649230,2026-03-06,2026-03-26,127.33,126.08,128.18,Attn-GRU-15
649230,2026-03-06,2026-03-27,127.43,126.1,128.34,Attn-GRU-15
649230,2026-03-06,2026-03-28,127.48,126.09,128.33,Attn-GRU-15
649230,2026-03-06,2026-03-29,127.51,126.12,128.33,Attn-GRU-15
649230,2026-03-06,2026-03-30,127.51,126.02,128.43,Attn-GRU-15
649230,2026-03-06,2026-03-31,127.61,126.08,128.52,Attn-GRU-15
649230,2026-03-06,2026-04-01,127.7,126.27,128.51,Attn-GRU-15
649230,2026-03-06,2026-04-02,127.46,125.86,128.41,Attn-GRU-15
649230,2026-03-06,2026-04-03,127.64,126.12,128.49,Attn-GRU-15
649230,2026-03-06,2026-04-04,127.61,126.1,128.47,Attn-GRU-15
649230,2026-03-06,2026-04-05,127.68,126.13,128.55,Attn-GRU-15
649231,2026-03-06,2026-03-07,90.46,90.44,90.47,Attn-GRU-15
649231,2026-03-06,2026-03-08,90.42,90.39,90.45,Attn-GRU-15
649231,2026-03-06,2026-03-09,90.37,90.32,90.42,Attn-GRU-15
649231,2026-03-06,2026-03-10,90.33,90.27,90.4,Attn-GRU-15
649231,2026-03-06,2026-03-11,90.31,90.23,90.39,Attn-GRU-15
649231,2026-03-06,2026-03-12,90.29,90.2,90.37,Attn-GRU-15
649231,2026-03-06,2026-03-13,90.29,90.19,90.4,Attn-GRU-15
649231,2026-03-06,2026-03-14,90.3,90.17,90.43,Attn-GRU-15
649231,2026-03-06,2026-03-15,90.36,90.22,90.49,Attn-GRU-15
649231,2026-03-06,2026-03-16,90.43,90.27,90.55,Attn-GRU-15
649231,2026-03-06,2026-03-17,90.52,90.38,90.67,Attn-GRU-15
649231,2026-03-06,2026-03-18,90.7,90.55,90.83,Attn-GRU-15
649231,2026-03-06,2026-03-19,90.88,90.72,91.0,Attn-GRU-15
649231,2026-03-06,2026-03-20,91.08,90.93,91.2,Attn-GRU-15
649231,2026-03-06,2026-03-21,91.17,91.03,91.29,Attn-GRU-15
649231,2026-03-06,2026-03-22,91.3,91.11,91.39,Attn-GRU-15
649231,2026-03-06,2026-03-23,91.51,91.36,91.63,Attn-GRU-15
649231,2026-03-06,2026-03-24,91.57,91.36,91.68,Attn-GRU-15
649231,2026-03-06,2026-03-25,91.64,91.43,91.78,Attn-GRU-15
649231,2026-03-06,2026-03-26,91.73,91.53,91.88,Attn-GRU-15
649231,2026-03-06,2026-03-27,91.79,91.58,92.01,Attn-GRU-15
649231,2026-03-06,2026-03-28,91.9,91.68,92.12,Attn-GRU-15
649231,2026-03-06,2026-03-29,92.0,91.75,92.24,Attn-GRU-15
649231,2026-03-06,2026-03-30,91.87,91.6,92.14,Attn-GRU-15
649231,2026-03-06,2026-03-31,92.0,91.7,92.27,Attn-GRU-15
649231,2026-03-06,2026-04-01,92.29,92.02,92.53,Attn-GRU-15
649231,2026-03-06,2026-04-02,91.86,91.47,92.21,Attn-GRU-15
649231,2026-03-06,2026-04-03,92.26,91.88,92.61,Attn-GRU-15
649231,2026-03-06,2026-04-04,92.19,91.8,92.54,Attn-GRU-15
649231,2026-03-06,2026-04-05,92.32,91.9,92.66,Attn-GRU-15
649236,2026-03-06,2026-03-07,80.56,80.41,80.69,Attn-GRU-15
649236,2026-03-06,2026-03-08,80.64,80.36,80.95,Attn-GRU-15
649236,2026-03-06,2026-03-09,80.64,80.24,81.12,Attn-GRU-15
649236,2026-03-06,2026-03-10,80.76,80.16,81.35,Attn-GRU-15
649236,2026-03-06,2026-03-11,80.89,80.12,81.56,Attn-GRU-15
649236,2026-03-06,2026-03-12,80.97,80.13,81.81,Attn-GRU-15
649236,2026-03-06,2026-03-13,81.15,80.18,82.11,Attn-GRU-15
649236,2026-03-06,2026-03-14,81.29,80.19,82.53,Attn-GRU-15
649236,2026-03-06,2026-03-15,81.59,80.43,82.95,Attn-GRU-15
649236,2026-03-06,2026-03-16,81.87,80.53,83.2,Attn-GRU-15
649236,2026-03-06,2026-03-17,82.15,80.84,83.67,Attn-GRU-15
649236,2026-03-06,2026-03-18,82.65,81.37,84.17,Attn-GRU-15
649236,2026-03-06,2026-03-19,83.27,81.88,84.9,Attn-GRU-15
649236,2026-03-06,2026-03-20,83.82,82.47,85.38,Attn-GRU-15
649236,2026-03-06,2026-03-21,84.0,82.57,85.6,Attn-GRU-15
649236,2026-03-06,2026-03-22,84.29,82.89,85.82,Attn-GRU-15
649236,2026-03-06,2026-03-23,84.94,83.54,86.51,Attn-GRU-15
649236,2026-03-06,2026-03-24,85.1,83.45,86.69,Attn-GRU-15
649236,2026-03-06,2026-03-25,85.55,83.88,87.29,Attn-GRU-15
649236,2026-03-06,2026-03-26,85.95,84.23,87.82,Attn-GRU-15
649236,2026-03-06,2026-03-27,86.35,84.4,88.52,Attn-GRU-15
649236,2026-03-06,2026-03-28,86.64,84.71,88.92,Attn-GRU-15
649236,2026-03-06,2026-03-29,87.05,84.84,89.37,Attn-GRU-15
649236,2026-03-06,2026-03-30,87.11,84.71,89.61,Attn-GRU-15
649236,2026-03-06,2026-03-31,87.33,84.77,90.0,Attn-GRU-15
649236,2026-03-06,2026-04-01,87.96,85.64,90.26,Attn-GRU-15
649236,2026-03-06,2026-04-02,87.88,84.43,90.75,Attn-GRU-15
649236,2026-03-06,2026-04-03,88.51,85.11,91.19,Attn-GRU-15
649236,2026-03-06,2026-04-04,88.6,85.26,91.29,Attn-GRU-15
649236,2026-03-06,2026-04-05,88.54,85.22,91.53,Attn-GRU-15
650141,2026-03-06,2026-03-07,2.44,2.43,2.44,Attn-GRU-15
650141,2026-03-06,2026-03-08,2.45,2.43,2.46,Attn-GRU-15
650141,2026-03-06,2026-03-09,2.46,2.44,2.48,Attn-GRU-15
650141,2026-03-06,2026-03-10,2.47,2.44,2.5,Attn-GRU-15
650141,2026-03-06,2026-03-11,2.48,2.45,2.52,Attn-GRU-15
650141,2026-03-06,2026-03-12,2.49,2.45,2.54,Attn-GRU-15
650141,2026-03-06,2026-03-13,2.5,2.46,2.56,Attn-GRU-15
650141,2026-03-06,2026-03-14,2.52,2.47,2.58,Attn-GRU-15
650141,2026-03-06,2026-03-15,2.53,2.48,2.6,Attn-GRU-15
650141,2026-03-06,2026-03-16,2.54,2.49,2.62,Attn-GRU-15
650141,2026-03-06,2026-03-17,2.55,2.49,2.63,Attn-GRU-15
650141,2026-03-06,2026-03-18,2.56,2.5,2.65,Attn-GRU-15
650141,2026-03-06,2026-03-19,2.58,2.51,2.66,Attn-GRU-15
650141,2026-03-06,2026-03-20,2.59,2.52,2.68,Attn-GRU-15
650141,2026-03-06,2026-03-21,2.6,2.53,2.69,Attn-GRU-15
650141,2026-03-06,2026-03-22,2.61,2.54,2.7,Attn-GRU-15
650141,2026-03-06,2026-03-23,2.62,2.55,2.71,Attn-GRU-15
650141,2026-03-06,2026-03-24,2.63,2.57,2.72,Attn-GRU-15
650141,2026-03-06,2026-03-25,2.64,2.57,2.73,Attn-GRU-15
650141,2026-03-06,2026-03-26,2.66,2.59,2.74,Attn-GRU-15
650141,2026-03-06,2026-03-27,2.67,2.59,2.74,Attn-GRU-15
650141,2026-03-06,2026-03-28,2.68,2.61,2.76,Attn-GRU-15
650141,2026-03-06,2026-03-29,2.68,2.61,2.76,Attn-GRU-15
650141,2026-03-06,2026-03-30,2.7,2.63,2.77,Attn-GRU-15
650141,2026-03-06,2026-03-31,2.71,2.63,2.77,Attn-GRU-15
650141,2026-03-06,2026-04-01,2.71,2.65,2.77,Attn-GRU-15
650141,2026-03-06,2026-04-02,2.72,2.64,2.78,Attn-GRU-15
650141,2026-03-06,2026-04-03,2.73,2.64,2.78,Attn-GRU-15
650141,2026-03-06,2026-04-04,2.73,2.65,2.78,Attn-GRU-15
650141,2026-03-06,2026-04-05,2.74,2.67,2.78,Attn-GRU-15
650142,2026-03-06,2026-03-07,15.58,15.51,15.62,Attn-GRU-15
650142,2026-03-06,2026-03-08,15.54,15.4,15.63,Attn-GRU-15
650142,2026-03-06,2026-03-09,15.5,15.28,15.63,Attn-GRU-15
650142,2026-03-06,2026-03-10,15.46,15.13,15.63,Attn-GRU-15
650142,2026-03-06,2026-03-11,15.4,15.0,15.63,Attn-GRU-15
650142,2026-03-06,2026-03-12,15.36,14.88,15.62,Attn-GRU-15
650142,2026-03-06,2026-03-13,15.24,14.75,15.63,Attn-GRU-15
650142,2026-03-06,2026-03-14,15.26,14.74,15.61,Attn-GRU-15
650142,2026-03-06,2026-03-15,15.21,14.67,15.6,Attn-GRU-15
650142,2026-03-06,2026-03-16,15.11,14.53,15.6,Attn-GRU-15
650142,2026-03-06,2026-03-17,15.08,14.55,15.64,Attn-GRU-15
650142,2026-03-06,2026-03-18,15.07,14.64,15.63,Attn-GRU-15
650142,2026-03-06,2026-03-19,14.96,14.5,15.55,Attn-GRU-15
650142,2026-03-06,2026-03-20,14.91,14.49,15.5,Attn-GRU-15
650142,2026-03-06,2026-03-21,14.83,14.42,15.44,Attn-GRU-15
650142,2026-03-06,2026-03-22,14.73,14.32,15.39,Attn-GRU-15
650142,2026-03-06,2026-03-23,14.69,14.27,15.29,Attn-GRU-15
650142,2026-03-06,2026-03-24,14.63,14.24,15.25,Attn-GRU-15
650142,2026-03-06,2026-03-25,14.63,14.24,15.31,Attn-GRU-15
650142,2026-03-06,2026-03-26,14.49,14.14,15.16,Attn-GRU-15
650142,2026-03-06,2026-03-27,14.44,14.12,15.06,Attn-GRU-15
650142,2026-03-06,2026-03-28,14.38,14.1,15.08,Attn-GRU-15
650142,2026-03-06,2026-03-29,14.36,14.07,14.96,Attn-GRU-15
650142,2026-03-06,2026-03-30,14.33,14.06,15.06,Attn-GRU-15
650142,2026-03-06,2026-03-31,14.28,14.04,14.98,Attn-GRU-15
650142,2026-03-06,2026-04-01,14.25,14.04,14.97,Attn-GRU-15
650142,2026-03-06,2026-04-02,14.24,14.03,14.93,Attn-GRU-15
650142,2026-03-06,2026-04-03,14.2,14.01,14.84,Attn-GRU-15
650142,2026-03-06,2026-04-04,14.19,14.0,14.78,Attn-GRU-15
650142,2026-03-06,2026-04-05,14.13,13.99,14.73,Attn-GRU-15
650143,2026-03-06,2026-03-07,5.02,5.01,5.02,Attn-GRU-15
650143,2026-03-06,2026-03-08,5.0,4.99,5.01,Attn-GRU-15
650143,2026-03-06,2026-03-09,4.99,4.97,5.0,Attn-GRU-15
650143,2026-03-06,2026-03-10,4.97,4.95,4.99,Attn-GRU-15
650143,2026-03-06,2026-03-11,4.96,4.93,4.98,Attn-GRU-15
650143,2026-03-06,2026-03-12,4.94,4.91,4.97,Attn-GRU-15
650143,2026-03-06,2026-03-13,4.92,4.88,4.96,Attn-GRU-15
650143,2026-03-06,2026-03-14,4.91,4.86,4.95,Attn-GRU-15
650143,2026-03-06,2026-03-15,4.9,4.84,4.94,Attn-GRU-15
650143,2026-03-06,2026-03-16,4.88,4.81,4.94,Attn-GRU-15
650143,2026-03-06,2026-03-17,4.86,4.78,4.93,Attn-GRU-15
650143,2026-03-06,2026-03-18,4.85,4.76,4.92,Attn-GRU-15
650143,2026-03-06,2026-03-19,4.83,4.72,4.91,Attn-GRU-15
650143,2026-03-06,2026-03-20,4.8,4.69,4.9,Attn-GRU-15
650143,2026-03-06,2026-03-21,4.78,4.66,4.89,Attn-GRU-15
650143,2026-03-06,2026-03-22,4.75,4.62,4.88,Attn-GRU-15
650143,2026-03-06,2026-03-23,4.72,4.6,4.87,Attn-GRU-15
650143,2026-03-06,2026-03-24,4.69,4.58,4.86,Attn-GRU-15
650143,2026-03-06,2026-03-25,4.72,4.59,4.88,Attn-GRU-15
650143,2026-03-06,2026-03-26,4.69,4.55,4.87,Attn-GRU-15
650143,2026-03-06,2026-03-27,4.65,4.51,4.83,Attn-GRU-15
650143,2026-03-06,2026-03-28,4.66,4.49,4.83,Attn-GRU-15
650143,2026-03-06,2026-03-29,4.64,4.5,4.85,Attn-GRU-15
650143,2026-03-06,2026-03-30,4.62,4.48,4.84,Attn-GRU-15
650143,2026-03-06,2026-03-31,4.59,4.45,4.8,Attn-GRU-15
650143,2026-03-06,2026-04-01,4.58,4.44,4.8,Attn-GRU-15
650143,2026-03-06,2026-04-02,4.57,4.42,4.79,Attn-GRU-15
650143,2026-03-06,2026-04-03,4.55,4.42,4.77,Attn-GRU-15
650143,2026-03-06,2026-04-04,4.53,4.38,4.8,Attn-GRU-15
650143,2026-03-06,2026-04-05,4.51,4.38,4.76,Attn-GRU-15
650145,2026-03-06,2026-03-07,2.8,2.8,2.81,Attn-GRU-15
650145,2026-03-06,2026-03-08,2.8,2.79,2.81,Attn-GRU-15
650145,2026-03-06,2026-03-09,2.79,2.77,2.81,Attn-GRU-15
650145,2026-03-06,2026-03-10,2.78,2.76,2.8,Attn-GRU-15
650145,2026-03-06,2026-03-11,2.77,2.75,2.8,Attn-GRU-15
650145,2026-03-06,2026-03-12,2.76,2.74,2.8,Attn-GRU-15
650145,2026-03-06,2026-03-13,2.76,2.73,2.8,Attn-GRU-15
650145,2026-03-06,2026-03-14,2.75,2.73,2.79,Attn-GRU-15
650145,2026-03-06,2026-03-15,2.75,2.72,2.79,Attn-GRU-15
650145,2026-03-06,2026-03-16,2.74,2.72,2.79,Attn-GRU-15
650145,2026-03-06,2026-03-17,2.74,2.72,2.78,Attn-GRU-15
650145,2026-03-06,2026-03-18,2.74,2.72,2.78,Attn-GRU-15
650145,2026-03-06,2026-03-19,2.73,2.71,2.77,Attn-GRU-15
650145,2026-03-06,2026-03-20,2.73,2.71,2.76,Attn-GRU-15
650145,2026-03-06,2026-03-21,2.72,2.71,2.75,Attn-GRU-15
650145,2026-03-06,2026-03-22,2.72,2.71,2.75,Attn-GRU-15
650145,2026-03-06,2026-03-23,2.71,2.71,2.74,Attn-GRU-15
650145,2026-03-06,2026-03-24,2.71,2.71,2.73,Attn-GRU-15
650145,2026-03-06,2026-03-25,2.71,2.71,2.73,Attn-GRU-15
650145,2026-03-06,2026-03-26,2.71,2.71,2.73,Attn-GRU-15
650145,2026-03-06,2026-03-27,2.71,2.71,2.73,Attn-GRU-15
650145,2026-03-06,2026-03-28,2.71,2.71,2.72,Attn-GRU-15
650145,2026-03-06,2026-03-29,2.71,2.71,2.72,Attn-GRU-15
650145,2026-03-06,2026-03-30,2.71,2.71,2.72,Attn-GRU-15
650145,2026-03-06,2026-03-31,2.71,2.71,2.71,Attn-GRU-15
650145,2026-03-06,2026-04-01,2.71,2.71,2.72,Attn-GRU-15
650145,2026-03-06,2026-04-02,2.71,2.71,2.72,Attn-GRU-15
650145,2026-03-06,2026-04-03,2.71,2.71,2.71,Attn-GRU-15
650145,2026-03-06,2026-04-04,2.71,2.71,2.71,Attn-GRU-15
650145,2026-03-06,2026-04-05,2.71,2.71,2.71,Attn-GRU-15
650147,2026-03-06,2026-03-07,4.2,4.19,4.2,Attn-GRU-15
650147,2026-03-06,2026-03-08,4.2,4.19,4.2,Attn-GRU-15
650147,2026-03-06,2026-03-09,4.19,4.19,4.2,Attn-GRU-15
650147,2026-03-06,2026-03-10,4.19,4.19,4.21,Attn-GRU-15
650147,2026-03-06,2026-03-11,4.19,4.18,4.21,Attn-GRU-15
650147,2026-03-06,2026-03-12,4.19,4.18,4.21,Attn-GRU-15
650147,2026-03-06,2026-03-13,4.19,4.17,4.21,Attn-GRU-15
650147,2026-03-06,2026-03-14,4.19,4.17,4.21,Attn-GRU-15
650147,2026-03-06,2026-03-15,4.18,4.16,4.21,Attn-GRU-15
650147,2026-03-06,2026-03-16,4.18,4.15,4.21,Attn-GRU-15
650147,2026-03-06,2026-03-17,4.17,4.14,4.2,Attn-GRU-15
650147,2026-03-06,2026-03-18,4.16,4.13,4.19,Attn-GRU-15
650147,2026-03-06,2026-03-19,4.15,4.11,4.18,Attn-GRU-15
650147,2026-03-06,2026-03-20,4.14,4.09,4.17,Attn-GRU-15
650147,2026-03-06,2026-03-21,4.12,4.08,4.17,Attn-GRU-15
650147,2026-03-06,2026-03-22,4.11,4.07,4.16,Attn-GRU-15
650147,2026-03-06,2026-03-23,4.1,4.06,4.16,Attn-GRU-15
650147,2026-03-06,2026-03-24,4.09,4.05,4.15,Attn-GRU-15
650147,2026-03-06,2026-03-25,4.08,4.04,4.15,Attn-GRU-15
650147,2026-03-06,2026-03-26,4.07,4.04,4.15,Attn-GRU-15
650147,2026-03-06,2026-03-27,4.07,4.03,4.14,Attn-GRU-15
650147,2026-03-06,2026-03-28,4.05,4.03,4.13,Attn-GRU-15
650147,2026-03-06,2026-03-29,4.05,4.03,4.14,Attn-GRU-15
650147,2026-03-06,2026-03-30,4.05,4.03,4.14,Attn-GRU-15
650147,2026-03-06,2026-03-31,4.05,4.02,4.12,Attn-GRU-15
650147,2026-03-06,2026-04-01,4.04,4.02,4.1,Attn-GRU-15
650147,2026-03-06,2026-04-02,4.04,4.02,4.13,Attn-GRU-15
650147,2026-03-06,2026-04-03,4.03,4.02,4.11,Attn-GRU-15
650147,2026-03-06,2026-04-04,4.04,4.02,4.13,Attn-GRU-15
650147,2026-03-06,2026-04-05,4.03,4.02,4.1,Attn-GRU-15
650149,2026-03-06,2026-03-07,4.57,4.55,4.58,Attn-GRU-15
650149,2026-03-06,2026-03-08,4.56,4.52,4.59,Attn-GRU-15
650149,2026-03-06,2026-03-09,4.55,4.49,4.59,Attn-GRU-15
650149,2026-03-06,2026-03-10,4.53,4.45,4.59,Attn-GRU-15
650149,2026-03-06,2026-03-11,4.51,4.41,4.59,Attn-GRU-15
650149,2026-03-06,2026-03-12,4.49,4.38,4.59,Attn-GRU-15
650149,2026-03-06,2026-03-13,4.47,4.35,4.59,Attn-GRU-15
650149,2026-03-06,2026-03-14,4.47,4.34,4.59,Attn-GRU-15
650149,2026-03-06,2026-03-15,4.46,4.33,4.58,Attn-GRU-15
650149,2026-03-06,2026-03-16,4.43,4.3,4.58,Attn-GRU-15
650149,2026-03-06,2026-03-17,4.42,4.3,4.57,Attn-GRU-15
650149,2026-03-06,2026-03-18,4.42,4.3,4.55,Attn-GRU-15
650149,2026-03-06,2026-03-19,4.39,4.28,4.52,Attn-GRU-15
650149,2026-03-06,2026-03-20,4.39,4.28,4.52,Attn-GRU-15
650149,2026-03-06,2026-03-21,4.36,4.27,4.5,Attn-GRU-15
650149,2026-03-06,2026-03-22,4.33,4.25,4.48,Attn-GRU-15
650149,2026-03-06,2026-03-23,4.32,4.25,4.46,Attn-GRU-15
650149,2026-03-06,2026-03-24,4.3,4.25,4.46,Attn-GRU-15
650149,2026-03-06,2026-03-25,4.3,4.25,4.47,Attn-GRU-15
650149,2026-03-06,2026-03-26,4.28,4.24,4.43,Attn-GRU-15
650149,2026-03-06,2026-03-27,4.28,4.24,4.46,Attn-GRU-15
650149,2026-03-06,2026-03-28,4.27,4.24,4.41,Attn-GRU-15
650149,2026-03-06,2026-03-29,4.27,4.24,4.39,Attn-GRU-15
650149,2026-03-06,2026-03-30,4.26,4.23,4.41,Attn-GRU-15
650149,2026-03-06,2026-03-31,4.25,4.23,4.38,Attn-GRU-15
650149,2026-03-06,2026-04-01,4.25,4.23,4.36,Attn-GRU-15
650149,2026-03-06,2026-04-02,4.26,4.23,4.38,Attn-GRU-15
650149,2026-03-06,2026-04-03,4.25,4.23,4.36,Attn-GRU-15
650149,2026-03-06,2026-04-04,4.24,4.23,4.35,Attn-GRU-15
650149,2026-03-06,2026-04-05,4.24,4.23,4.33,Attn-GRU-15
650150,2026-03-06,2026-03-07,5.13,5.13,5.14,Attn-GRU-15
650150,2026-03-06,2026-03-08,5.13,5.12,5.14,Attn-GRU-15
650150,2026-03-06,2026-03-09,5.13,5.12,5.14,Attn-GRU-15
650150,2026-03-06,2026-03-10,5.13,5.11,5.15,Attn-GRU-15
650150,2026-03-06,2026-03-11,5.12,5.1,5.16,Attn-GRU-15
650150,2026-03-06,2026-03-12,5.12,5.09,5.16,Attn-GRU-15
650150,2026-03-06,2026-03-13,5.12,5.08,5.17,Attn-GRU-15
650150,2026-03-06,2026-03-14,5.12,5.07,5.17,Attn-GRU-15
650150,2026-03-06,2026-03-15,5.12,5.07,5.18,Attn-GRU-15
650150,2026-03-06,2026-03-16,5.12,5.06,5.18,Attn-GRU-15
650150,2026-03-06,2026-03-17,5.12,5.06,5.19,Attn-GRU-15
650150,2026-03-06,2026-03-18,5.12,5.06,5.2,Attn-GRU-15
650150,2026-03-06,2026-03-19,5.13,5.06,5.21,Attn-GRU-15
650150,2026-03-06,2026-03-20,5.13,5.05,5.22,Attn-GRU-15
650150,2026-03-06,2026-03-21,5.14,5.06,5.24,Attn-GRU-15
650150,2026-03-06,2026-03-22,5.15,5.06,5.25,Attn-GRU-15
650150,2026-03-06,2026-03-23,5.16,5.07,5.27,Attn-GRU-15
650150,2026-03-06,2026-03-24,5.17,5.08,5.28,Attn-GRU-15
650150,2026-03-06,2026-03-25,5.17,5.06,5.29,Attn-GRU-15
650150,2026-03-06,2026-03-26,5.19,5.09,5.31,Attn-GRU-15
650150,2026-03-06,2026-03-27,5.2,5.09,5.32,Attn-GRU-15
650150,2026-03-06,2026-03-28,5.2,5.09,5.32,Attn-GRU-15
650150,2026-03-06,2026-03-29,5.21,5.08,5.32,Attn-GRU-15
650150,2026-03-06,2026-03-30,5.22,5.08,5.35,Attn-GRU-15
650150,2026-03-06,2026-03-31,5.24,5.09,5.36,Attn-GRU-15
650150,2026-03-06,2026-04-01,5.23,5.09,5.35,Attn-GRU-15
650150,2026-03-06,2026-04-02,5.22,5.06,5.33,Attn-GRU-15
650150,2026-03-06,2026-04-03,5.25,5.08,5.38,Attn-GRU-15
650150,2026-03-06,2026-04-04,5.24,5.09,5.38,Attn-GRU-15
650150,2026-03-06,2026-04-05,5.26,5.1,5.38,Attn-GRU-15
650151,2026-03-06,2026-03-07,5.35,5.34,5.35,Attn-GRU-15
650151,2026-03-06,2026-03-08,5.34,5.32,5.35,Attn-GRU-15
650151,2026-03-06,2026-03-09,5.32,5.3,5.34,Attn-GRU-15
650151,2026-03-06,2026-03-10,5.31,5.28,5.33,Attn-GRU-15
650151,2026-03-06,2026-03-11,5.3,5.26,5.33,Attn-GRU-15
650151,2026-03-06,2026-03-12,5.29,5.24,5.32,Attn-GRU-15
650151,2026-03-06,2026-03-13,5.28,5.23,5.32,Attn-GRU-15
650151,2026-03-06,2026-03-14,5.27,5.21,5.31,Attn-GRU-15
650151,2026-03-06,2026-03-15,5.26,5.2,5.31,Attn-GRU-15
650151,2026-03-06,2026-03-16,5.25,5.18,5.31,Attn-GRU-15
650151,2026-03-06,2026-03-17,5.25,5.19,5.31,Attn-GRU-15
650151,2026-03-06,2026-03-18,5.26,5.2,5.31,Attn-GRU-15
650151,2026-03-06,2026-03-19,5.26,5.19,5.32,Attn-GRU-15
650151,2026-03-06,2026-03-20,5.27,5.21,5.33,Attn-GRU-15
650151,2026-03-06,2026-03-21,5.27,5.22,5.34,Attn-GRU-15
650151,2026-03-06,2026-03-22,5.27,5.21,5.34,Attn-GRU-15
650151,2026-03-06,2026-03-23,5.29,5.23,5.35,Attn-GRU-15
650151,2026-03-06,2026-03-24,5.3,5.24,5.36,Attn-GRU-15
650151,2026-03-06,2026-03-25,5.31,5.22,5.37,Attn-GRU-15
650151,2026-03-06,2026-03-26,5.3,5.23,5.38,Attn-GRU-15
650151,2026-03-06,2026-03-27,5.32,5.25,5.39,Attn-GRU-15
650151,2026-03-06,2026-03-28,5.31,5.23,5.39,Attn-GRU-15
650151,2026-03-06,2026-03-29,5.32,5.24,5.4,Attn-GRU-15
650151,2026-03-06,2026-03-30,5.31,5.25,5.38,Attn-GRU-15
650151,2026-03-06,2026-03-31,5.31,5.24,5.38,Attn-GRU-15
650151,2026-03-06,2026-04-01,5.33,5.25,5.4,Attn-GRU-15
650151,2026-03-06,2026-04-02,5.29,5.22,5.37,Attn-GRU-15
650151,2026-03-06,2026-04-03,5.34,5.27,5.39,Attn-GRU-15
650151,2026-03-06,2026-04-04,5.32,5.23,5.4,Attn-GRU-15
650151,2026-03-06,2026-04-05,5.34,5.27,5.4,Attn-GRU-15
650152,2026-03-06,2026-03-07,7.59,7.58,7.61,Attn-GRU-15
650152,2026-03-06,2026-03-08,7.56,7.53,7.6,Attn-GRU-15
650152,2026-03-06,2026-03-09,7.53,7.47,7.59,Attn-GRU-15
650152,2026-03-06,2026-03-10,7.5,7.42,7.58,Attn-GRU-15
650152,2026-03-06,2026-03-11,7.46,7.37,7.56,Attn-GRU-15
650152,2026-03-06,2026-03-12,7.43,7.33,7.55,Attn-GRU-15
650152,2026-03-06,2026-03-13,7.4,7.29,7.54,Attn-GRU-15
650152,2026-03-06,2026-03-14,7.39,7.26,7.52,Attn-GRU-15
650152,2026-03-06,2026-03-15,7.36,7.23,7.51,Attn-GRU-15
650152,2026-03-06,2026-03-16,7.32,7.18,7.49,Attn-GRU-15
650152,2026-03-06,2026-03-17,7.32,7.18,7.47,Attn-GRU-15
650152,2026-03-06,2026-03-18,7.32,7.19,7.47,Attn-GRU-15
650152,2026-03-06,2026-03-19,7.28,7.15,7.44,Attn-GRU-15
650152,2026-03-06,2026-03-20,7.28,7.17,7.46,Attn-GRU-15
650152,2026-03-06,2026-03-21,7.26,7.14,7.45,Attn-GRU-15
650152,2026-03-06,2026-03-22,7.23,7.11,7.43,Attn-GRU-15
650152,2026-03-06,2026-03-23,7.23,7.1,7.41,Attn-GRU-15
650152,2026-03-06,2026-03-24,7.22,7.09,7.4,Attn-GRU-15
650152,2026-03-06,2026-03-25,7.23,7.1,7.42,Attn-GRU-15
650152,2026-03-06,2026-03-26,7.23,7.08,7.44,Attn-GRU-15
650152,2026-03-06,2026-03-27,7.2,7.08,7.41,Attn-GRU-15
650152,2026-03-06,2026-03-28,7.18,7.06,7.4,Attn-GRU-15
650152,2026-03-06,2026-03-29,7.19,7.06,7.4,Attn-GRU-15
650152,2026-03-06,2026-03-30,7.18,7.06,7.39,Attn-GRU-15
650152,2026-03-06,2026-03-31,7.15,7.04,7.38,Attn-GRU-15
650152,2026-03-06,2026-04-01,7.15,7.03,7.41,Attn-GRU-15
650152,2026-03-06,2026-04-02,7.16,7.03,7.41,Attn-GRU-15
650152,2026-03-06,2026-04-03,7.16,7.03,7.39,Attn-GRU-15
650152,2026-03-06,2026-04-04,7.15,7.03,7.4,Attn-GRU-15
650152,2026-03-06,2026-04-05,7.12,7.02,7.38,Attn-GRU-15
650153,2026-03-06,2026-03-07,9.85,9.82,9.88,Attn-GRU-15
650153,2026-03-06,2026-03-08,9.79,9.72,9.85,Attn-GRU-15
650153,2026-03-06,2026-03-09,9.72,9.62,9.82,Attn-GRU-15
650153,2026-03-06,2026-03-10,9.64,9.51,9.79,Attn-GRU-15
650153,2026-03-06,2026-03-11,9.57,9.42,9.75,Attn-GRU-15
650153,2026-03-06,2026-03-12,9.51,9.35,9.72,Attn-GRU-15
650153,2026-03-06,2026-03-13,9.42,9.28,9.68,Attn-GRU-15
650153,2026-03-06,2026-03-14,9.41,9.26,9.64,Attn-GRU-15
650153,2026-03-06,2026-03-15,9.37,9.22,9.59,Attn-GRU-15
650153,2026-03-06,2026-03-16,9.29,9.17,9.55,Attn-GRU-15
650153,2026-03-06,2026-03-17,9.27,9.16,9.48,Attn-GRU-15
650153,2026-03-06,2026-03-18,9.26,9.17,9.41,Attn-GRU-15
650153,2026-03-06,2026-03-19,9.2,9.14,9.35,Attn-GRU-15
650153,2026-03-06,2026-03-20,9.2,9.14,9.32,Attn-GRU-15
650153,2026-03-06,2026-03-21,9.18,9.12,9.29,Attn-GRU-15
650153,2026-03-06,2026-03-22,9.15,9.11,9.25,Attn-GRU-15
650153,2026-03-06,2026-03-23,9.13,9.1,9.21,Attn-GRU-15
650153,2026-03-06,2026-03-24,9.13,9.1,9.2,Attn-GRU-15
650153,2026-03-06,2026-03-25,9.13,9.1,9.22,Attn-GRU-15
650153,2026-03-06,2026-03-26,9.11,9.09,9.19,Attn-GRU-15
650153,2026-03-06,2026-03-27,9.11,9.09,9.15,Attn-GRU-15
650153,2026-03-06,2026-03-28,9.1,9.09,9.16,Attn-GRU-15
650153,2026-03-06,2026-03-29,9.1,9.09,9.13,Attn-GRU-15
650153,2026-03-06,2026-03-30,9.1,9.09,9.14,Attn-GRU-15
650153,2026-03-06,2026-03-31,9.09,9.09,9.12,Attn-GRU-15
650153,2026-03-06,2026-04-01,9.09,9.09,9.12,Attn-GRU-15
650153,2026-03-06,2026-04-02,9.1,9.09,9.13,Attn-GRU-15
650153,2026-03-06,2026-04-03,9.09,9.09,9.11,Attn-GRU-15
650153,2026-03-06,2026-04-04,9.09,9.09,9.12,Attn-GRU-15
650153,2026-03-06,2026-04-05,9.09,9.09,9.1,Attn-GRU-15
650154,2026-03-06,2026-03-07,2.08,2.08,2.09,Attn-GRU-15
650154,2026-03-06,2026-03-08,2.08,2.07,2.08,Attn-GRU-15
650154,2026-03-06,2026-03-09,2.07,2.06,2.08,Attn-GRU-15
650154,2026-03-06,2026-03-10,2.07,2.05,2.08,Attn-GRU-15
650154,2026-03-06,2026-03-11,2.06,2.04,2.07,Attn-GRU-15
650154,2026-03-06,2026-03-12,2.05,2.04,2.07,Attn-GRU-15
650154,2026-03-06,2026-03-13,2.05,2.02,2.07,Attn-GRU-15
650154,2026-03-06,2026-03-14,2.04,2.02,2.07,Attn-GRU-15
650154,2026-03-06,2026-03-15,2.03,2.01,2.06,Attn-GRU-15
650154,2026-03-06,2026-03-16,2.02,1.99,2.06,Attn-GRU-15
650154,2026-03-06,2026-03-17,2.02,1.98,2.06,Attn-GRU-15
650154,2026-03-06,2026-03-18,2.01,1.98,2.06,Attn-GRU-15
650154,2026-03-06,2026-03-19,2.0,1.96,2.05,Attn-GRU-15
650154,2026-03-06,2026-03-20,1.99,1.95,2.05,Attn-GRU-15
650154,2026-03-06,2026-03-21,1.99,1.94,2.04,Attn-GRU-15
650154,2026-03-06,2026-03-22,1.98,1.93,2.04,Attn-GRU-15
650154,2026-03-06,2026-03-23,1.97,1.92,2.03,Attn-GRU-15
650154,2026-03-06,2026-03-24,1.96,1.92,2.03,Attn-GRU-15
650154,2026-03-06,2026-03-25,1.96,1.92,2.03,Attn-GRU-15
650154,2026-03-06,2026-03-26,1.96,1.91,2.03,Attn-GRU-15
650154,2026-03-06,2026-03-27,1.95,1.9,2.01,Attn-GRU-15
650154,2026-03-06,2026-03-28,1.94,1.89,2.02,Attn-GRU-15
650154,2026-03-06,2026-03-29,1.94,1.89,2.01,Attn-GRU-15
650154,2026-03-06,2026-03-30,1.94,1.89,2.02,Attn-GRU-15
650154,2026-03-06,2026-03-31,1.92,1.88,1.99,Attn-GRU-15
650154,2026-03-06,2026-04-01,1.91,1.88,1.98,Attn-GRU-15
650154,2026-03-06,2026-04-02,1.92,1.88,1.99,Attn-GRU-15
650154,2026-03-06,2026-04-03,1.9,1.87,1.98,Attn-GRU-15
650154,2026-03-06,2026-04-04,1.9,1.87,1.97,Attn-GRU-15
650154,2026-03-06,2026-04-05,1.89,1.86,1.97,Attn-GRU-15
650155,2026-03-06,2026-03-07,3.34,3.33,3.35,Attn-GRU-15
650155,2026-03-06,2026-03-08,3.32,3.3,3.35,Attn-GRU-15
650155,2026-03-06,2026-03-09,3.3,3.27,3.34,Attn-GRU-15
650155,2026-03-06,2026-03-10,3.28,3.24,3.33,Attn-GRU-15
650155,2026-03-06,2026-03-11,3.26,3.21,3.33,Attn-GRU-15
650155,2026-03-06,2026-03-12,3.24,3.18,3.32,Attn-GRU-15
650155,2026-03-06,2026-03-13,3.23,3.15,3.31,Attn-GRU-15
650155,2026-03-06,2026-03-14,3.21,3.14,3.3,Attn-GRU-15
650155,2026-03-06,2026-03-15,3.19,3.12,3.29,Attn-GRU-15
650155,2026-03-06,2026-03-16,3.17,3.1,3.28,Attn-GRU-15
650155,2026-03-06,2026-03-17,3.17,3.1,3.26,Attn-GRU-15
650155,2026-03-06,2026-03-18,3.15,3.09,3.24,Attn-GRU-15
650155,2026-03-06,2026-03-19,3.13,3.07,3.23,Attn-GRU-15
650155,2026-03-06,2026-03-20,3.12,3.07,3.21,Attn-GRU-15
650155,2026-03-06,2026-03-21,3.1,3.06,3.19,Attn-GRU-15
650155,2026-03-06,2026-03-22,3.09,3.04,3.17,Attn-GRU-15
650155,2026-03-06,2026-03-23,3.08,3.04,3.17,Attn-GRU-15
650155,2026-03-06,2026-03-24,3.08,3.04,3.16,Attn-GRU-15
650155,2026-03-06,2026-03-25,3.09,3.04,3.16,Attn-GRU-15
650155,2026-03-06,2026-03-26,3.07,3.03,3.16,Attn-GRU-15
650155,2026-03-06,2026-03-27,3.06,3.03,3.13,Attn-GRU-15
650155,2026-03-06,2026-03-28,3.06,3.02,3.14,Attn-GRU-15
650155,2026-03-06,2026-03-29,3.06,3.02,3.13,Attn-GRU-15
650155,2026-03-06,2026-03-30,3.05,3.02,3.13,Attn-GRU-15
650155,2026-03-06,2026-03-31,3.05,3.02,3.1,Attn-GRU-15
650155,2026-03-06,2026-04-01,3.04,3.02,3.1,Attn-GRU-15
650155,2026-03-06,2026-04-02,3.05,3.02,3.1,Attn-GRU-15
650155,2026-03-06,2026-04-03,3.04,3.02,3.09,Attn-GRU-15
650155,2026-03-06,2026-04-04,3.04,3.02,3.1,Attn-GRU-15
650155,2026-03-06,2026-04-05,3.03,3.01,3.08,Attn-GRU-15
650156,2026-03-06,2026-03-07,3.78,3.77,3.78,Attn-GRU-15
650156,2026-03-06,2026-03-08,3.77,3.76,3.78,Attn-GRU-15
650156,2026-03-06,2026-03-09,3.76,3.74,3.77,Attn-GRU-15
650156,2026-03-06,2026-03-10,3.74,3.72,3.76,Attn-GRU-15
650156,2026-03-06,2026-03-11,3.73,3.7,3.75,Attn-GRU-15
650156,2026-03-06,2026-03-12,3.72,3.68,3.75,Attn-GRU-15
650156,2026-03-06,2026-03-13,3.7,3.67,3.74,Attn-GRU-15
650156,2026-03-06,2026-03-14,3.69,3.65,3.73,Attn-GRU-15
650156,2026-03-06,2026-03-15,3.68,3.64,3.72,Attn-GRU-15
650156,2026-03-06,2026-03-16,3.66,3.62,3.71,Attn-GRU-15
650156,2026-03-06,2026-03-17,3.66,3.61,3.69,Attn-GRU-15
650156,2026-03-06,2026-03-18,3.65,3.61,3.68,Attn-GRU-15
650156,2026-03-06,2026-03-19,3.63,3.59,3.67,Attn-GRU-15
650156,2026-03-06,2026-03-20,3.62,3.58,3.66,Attn-GRU-15
650156,2026-03-06,2026-03-21,3.6,3.57,3.64,Attn-GRU-15
650156,2026-03-06,2026-03-22,3.59,3.56,3.63,Attn-GRU-15
650156,2026-03-06,2026-03-23,3.58,3.56,3.62,Attn-GRU-15
650156,2026-03-06,2026-03-24,3.58,3.56,3.62,Attn-GRU-15
650156,2026-03-06,2026-03-25,3.58,3.56,3.62,Attn-GRU-15
650156,2026-03-06,2026-03-26,3.57,3.55,3.61,Attn-GRU-15
650156,2026-03-06,2026-03-27,3.57,3.55,3.6,Attn-GRU-15
650156,2026-03-06,2026-03-28,3.56,3.55,3.6,Attn-GRU-15
650156,2026-03-06,2026-03-29,3.56,3.55,3.6,Attn-GRU-15
650156,2026-03-06,2026-03-30,3.56,3.55,3.59,Attn-GRU-15
650156,2026-03-06,2026-03-31,3.56,3.55,3.58,Attn-GRU-15
650156,2026-03-06,2026-04-01,3.55,3.54,3.58,Attn-GRU-15
650156,2026-03-06,2026-04-02,3.55,3.55,3.58,Attn-GRU-15
650156,2026-03-06,2026-04-03,3.55,3.54,3.57,Attn-GRU-15
650156,2026-03-06,2026-04-04,3.55,3.54,3.58,Attn-GRU-15
650156,2026-03-06,2026-04-05,3.55,3.54,3.57,Attn-GRU-15
650157,2026-03-06,2026-03-07,3.34,3.33,3.35,Attn-GRU-15
650157,2026-03-06,2026-03-08,3.33,3.32,3.35,Attn-GRU-15
650157,2026-03-06,2026-03-09,3.32,3.3,3.34,Attn-GRU-15
650157,2026-03-06,2026-03-10,3.31,3.28,3.34,Attn-GRU-15
650157,2026-03-06,2026-03-11,3.3,3.26,3.34,Attn-GRU-15
650157,2026-03-06,2026-03-12,3.29,3.24,3.34,Attn-GRU-15
650157,2026-03-06,2026-03-13,3.28,3.23,3.34,Attn-GRU-15
650157,2026-03-06,2026-03-14,3.27,3.22,3.33,Attn-GRU-15
650157,2026-03-06,2026-03-15,3.26,3.22,3.33,Attn-GRU-15
650157,2026-03-06,2026-03-16,3.25,3.2,3.33,Attn-GRU-15
650157,2026-03-06,2026-03-17,3.25,3.2,3.33,Attn-GRU-15
650157,2026-03-06,2026-03-18,3.26,3.21,3.33,Attn-GRU-15
650157,2026-03-06,2026-03-19,3.24,3.19,3.33,Attn-GRU-15
650157,2026-03-06,2026-03-20,3.25,3.21,3.33,Attn-GRU-15
650157,2026-03-06,2026-03-21,3.24,3.2,3.32,Attn-GRU-15
650157,2026-03-06,2026-03-22,3.23,3.19,3.32,Attn-GRU-15
650157,2026-03-06,2026-03-23,3.23,3.19,3.32,Attn-GRU-15
650157,2026-03-06,2026-03-24,3.23,3.19,3.31,Attn-GRU-15
650157,2026-03-06,2026-03-25,3.24,3.2,3.32,Attn-GRU-15
650157,2026-03-06,2026-03-26,3.23,3.19,3.32,Attn-GRU-15
650157,2026-03-06,2026-03-27,3.23,3.19,3.32,Attn-GRU-15
650157,2026-03-06,2026-03-28,3.24,3.18,3.32,Attn-GRU-15
650157,2026-03-06,2026-03-29,3.24,3.19,3.33,Attn-GRU-15
650157,2026-03-06,2026-03-30,3.23,3.19,3.31,Attn-GRU-15
650157,2026-03-06,2026-03-31,3.23,3.18,3.31,Attn-GRU-15
650157,2026-03-06,2026-04-01,3.24,3.18,3.32,Attn-GRU-15
650157,2026-03-06,2026-04-02,3.24,3.18,3.33,Attn-GRU-15
650157,2026-03-06,2026-04-03,3.24,3.18,3.31,Attn-GRU-15
650157,2026-03-06,2026-04-04,3.24,3.19,3.34,Attn-GRU-15
650157,2026-03-06,2026-04-05,3.24,3.18,3.32,Attn-GRU-15
651106,2026-03-06,2026-03-07,815.18,814.91,815.44,Attn-GRU-15
651106,2026-03-06,2026-03-08,815.1,814.6,815.55,Attn-GRU-15
651106,2026-03-06,2026-03-09,815.0,814.23,815.67,Attn-GRU-15
651106,2026-03-06,2026-03-10,814.95,813.82,815.84,Attn-GRU-15
651106,2026-03-06,2026-03-11,814.86,813.49,815.94,Attn-GRU-15
651106,2026-03-06,2026-03-12,814.71,813.09,816.1,Attn-GRU-15
651106,2026-03-06,2026-03-13,814.51,812.82,816.21,Attn-GRU-15
651106,2026-03-06,2026-03-14,814.53,812.59,816.38,Attn-GRU-15
651106,2026-03-06,2026-03-15,814.67,812.28,816.61,Attn-GRU-15
651106,2026-03-06,2026-03-16,814.9,812.17,817.04,Attn-GRU-15
651106,2026-03-06,2026-03-17,814.99,811.87,817.28,Attn-GRU-15
651106,2026-03-06,2026-03-18,815.15,811.85,817.76,Attn-GRU-15
651106,2026-03-06,2026-03-19,815.23,811.89,817.98,Attn-GRU-15
651106,2026-03-06,2026-03-20,815.58,812.03,818.23,Attn-GRU-15
651106,2026-03-06,2026-03-21,815.94,812.16,818.67,Attn-GRU-15
651106,2026-03-06,2026-03-22,816.05,812.05,819.11,Attn-GRU-15
651106,2026-03-06,2026-03-23,816.07,812.17,819.63,Attn-GRU-15
651106,2026-03-06,2026-03-24,816.01,811.93,819.65,Attn-GRU-15
651106,2026-03-06,2026-03-25,815.86,811.54,819.66,Attn-GRU-15
651106,2026-03-06,2026-03-26,815.99,811.58,820.05,Attn-GRU-15
651106,2026-03-06,2026-03-27,816.21,811.62,820.38,Attn-GRU-15
651106,2026-03-06,2026-03-28,815.95,811.17,820.32,Attn-GRU-15
651106,2026-03-06,2026-03-29,816.08,811.15,820.54,Attn-GRU-15
651106,2026-03-06,2026-03-30,816.09,811.03,820.47,Attn-GRU-15
651106,2026-03-06,2026-03-31,816.65,811.1,821.25,Attn-GRU-15
651106,2026-03-06,2026-04-01,816.24,810.86,821.28,Attn-GRU-15
651106,2026-03-06,2026-04-02,816.69,810.62,821.5,Attn-GRU-15
651106,2026-03-06,2026-04-03,816.78,810.87,821.96,Attn-GRU-15
651106,2026-03-06,2026-04-04,816.84,810.74,822.09,Attn-GRU-15
651106,2026-03-06,2026-04-05,817.11,810.78,822.56,Attn-GRU-15
651107,2026-03-06,2026-03-07,309.61,309.21,310.16,Attn-GRU-15
651107,2026-03-06,2026-03-08,309.77,308.95,310.86,Attn-GRU-15
651107,2026-03-06,2026-03-09,309.93,308.67,311.5,Attn-GRU-15
651107,2026-03-06,2026-03-10,310.09,308.42,312.13,Attn-GRU-15
651107,2026-03-06,2026-03-11,310.27,308.19,312.73,Attn-GRU-15
651107,2026-03-06,2026-03-12,310.43,307.96,313.34,Attn-GRU-15
651107,2026-03-06,2026-03-13,310.62,307.79,313.97,Attn-GRU-15
651107,2026-03-06,2026-03-14,310.78,307.58,314.51,Attn-GRU-15
651107,2026-03-06,2026-03-15,311.01,307.53,315.06,Attn-GRU-15
651107,2026-03-06,2026-03-16,311.36,307.61,315.8,Attn-GRU-15
651107,2026-03-06,2026-03-17,311.59,307.62,316.22,Attn-GRU-15
651107,2026-03-06,2026-03-18,311.94,307.83,316.74,Attn-GRU-15
651107,2026-03-06,2026-03-19,312.35,307.96,317.41,Attn-GRU-15
651107,2026-03-06,2026-03-20,312.66,308.11,317.74,Attn-GRU-15
651107,2026-03-06,2026-03-21,312.89,307.92,318.31,Attn-GRU-15
651107,2026-03-06,2026-03-22,313.09,307.68,318.6,Attn-GRU-15
651107,2026-03-06,2026-03-23,313.29,307.58,318.85,Attn-GRU-15
651107,2026-03-06,2026-03-24,313.25,307.13,319.11,Attn-GRU-15
651107,2026-03-06,2026-03-25,312.98,306.69,319.22,Attn-GRU-15
651107,2026-03-06,2026-03-26,312.17,305.31,319.2,Attn-GRU-15
651107,2026-03-06,2026-03-27,311.99,304.7,319.66,Attn-GRU-15
651107,2026-03-06,2026-03-28,310.8,303.89,319.29,Attn-GRU-15
651107,2026-03-06,2026-03-29,311.27,304.54,319.4,Attn-GRU-15
651107,2026-03-06,2026-03-30,309.99,302.7,319.02,Attn-GRU-15
651107,2026-03-06,2026-03-31,308.75,300.91,319.18,Attn-GRU-15
651107,2026-03-06,2026-04-01,308.82,300.6,318.57,Attn-GRU-15
651107,2026-03-06,2026-04-02,309.13,301.24,318.9,Attn-GRU-15
651107,2026-03-06,2026-04-03,309.54,301.45,319.22,Attn-GRU-15
651107,2026-03-06,2026-04-04,309.55,300.3,318.94,Attn-GRU-15
651107,2026-03-06,2026-04-05,306.44,297.9,318.11,Attn-GRU-15
651108,2026-03-06,2026-03-07,121.93,121.86,121.99,Attn-GRU-15
651108,2026-03-06,2026-03-08,121.95,121.83,122.05,Attn-GRU-15
651108,2026-03-06,2026-03-09,121.94,121.77,122.1,Attn-GRU-15
651108,2026-03-06,2026-03-10,121.97,121.7,122.2,Attn-GRU-15
651108,2026-03-06,2026-03-11,121.99,121.66,122.3,Attn-GRU-15
651108,2026-03-06,2026-03-12,122.02,121.63,122.38,Attn-GRU-15
651108,2026-03-06,2026-03-13,122.1,121.64,122.49,Attn-GRU-15
651108,2026-03-06,2026-03-14,122.17,121.68,122.61,Attn-GRU-15
651108,2026-03-06,2026-03-15,122.32,121.76,122.8,Attn-GRU-15
651108,2026-03-06,2026-03-16,122.45,121.85,123.01,Attn-GRU-15
651108,2026-03-06,2026-03-17,122.62,121.99,123.18,Attn-GRU-15
651108,2026-03-06,2026-03-18,122.87,122.23,123.42,Attn-GRU-15
651108,2026-03-06,2026-03-19,123.16,122.52,123.72,Attn-GRU-15
651108,2026-03-06,2026-03-20,123.41,122.85,123.93,Attn-GRU-15
651108,2026-03-06,2026-03-21,123.55,122.99,124.16,Attn-GRU-15
651108,2026-03-06,2026-03-22,123.75,123.15,124.43,Attn-GRU-15
651108,2026-03-06,2026-03-23,124.05,123.49,124.72,Attn-GRU-15
651108,2026-03-06,2026-03-24,124.17,123.52,124.94,Attn-GRU-15
651108,2026-03-06,2026-03-25,124.37,123.65,125.11,Attn-GRU-15
651108,2026-03-06,2026-03-26,124.57,123.82,125.31,Attn-GRU-15
651108,2026-03-06,2026-03-27,124.83,123.96,125.61,Attn-GRU-15
651108,2026-03-06,2026-03-28,125.02,124.06,125.75,Attn-GRU-15
651108,2026-03-06,2026-03-29,125.24,124.22,126.04,Attn-GRU-15
651108,2026-03-06,2026-03-30,125.24,124.09,126.12,Attn-GRU-15
651108,2026-03-06,2026-03-31,125.47,124.2,126.39,Attn-GRU-15
651108,2026-03-06,2026-04-01,125.71,124.65,126.58,Attn-GRU-15
651108,2026-03-06,2026-04-02,125.49,124.09,126.66,Attn-GRU-15
651108,2026-03-06,2026-04-03,125.94,124.51,126.97,Attn-GRU-15
651108,2026-03-06,2026-04-04,125.85,124.51,126.96,Attn-GRU-15
651108,2026-03-06,2026-04-05,126.13,124.59,127.13,Attn-GRU-15
651110,2026-03-06,2026-03-07,72.59,72.57,72.6,Attn-GRU-15
651110,2026-03-06,2026-03-08,72.6,72.57,72.62,Attn-GRU-15
651110,2026-03-06,2026-03-09,72.61,72.57,72.65,Attn-GRU-15
651110,2026-03-06,2026-03-10,72.62,72.57,72.68,Attn-GRU-15
651110,2026-03-06,2026-03-11,72.64,72.57,72.72,Attn-GRU-15
651110,2026-03-06,2026-03-12,72.67,72.58,72.75,Attn-GRU-15
651110,2026-03-06,2026-03-13,72.69,72.59,72.8,Attn-GRU-15
651110,2026-03-06,2026-03-14,72.72,72.61,72.84,Attn-GRU-15
651110,2026-03-06,2026-03-15,72.76,72.63,72.89,Attn-GRU-15
651110,2026-03-06,2026-03-16,72.8,72.66,72.95,Attn-GRU-15
651110,2026-03-06,2026-03-17,72.83,72.69,72.98,Attn-GRU-15
651110,2026-03-06,2026-03-18,72.87,72.73,73.02,Attn-GRU-15
651110,2026-03-06,2026-03-19,72.91,72.77,73.06,Attn-GRU-15
651110,2026-03-06,2026-03-20,72.95,72.82,73.09,Attn-GRU-15
651110,2026-03-06,2026-03-21,72.99,72.85,73.14,Attn-GRU-15
651110,2026-03-06,2026-03-22,73.04,72.89,73.19,Attn-GRU-15
651110,2026-03-06,2026-03-23,73.08,72.92,73.23,Attn-GRU-15
651110,2026-03-06,2026-03-24,73.11,72.95,73.28,Attn-GRU-15
651110,2026-03-06,2026-03-25,73.14,72.96,73.31,Attn-GRU-15
651110,2026-03-06,2026-03-26,73.17,72.99,73.34,Attn-GRU-15
651110,2026-03-06,2026-03-27,73.21,73.01,73.39,Attn-GRU-15
651110,2026-03-06,2026-03-28,73.23,73.03,73.42,Attn-GRU-15
651110,2026-03-06,2026-03-29,73.27,73.06,73.46,Attn-GRU-15
651110,2026-03-06,2026-03-30,73.28,73.03,73.47,Attn-GRU-15
651110,2026-03-06,2026-03-31,73.34,73.08,73.54,Attn-GRU-15
651110,2026-03-06,2026-04-01,73.37,73.15,73.55,Attn-GRU-15
651110,2026-03-06,2026-04-02,73.38,73.08,73.6,Attn-GRU-15
651110,2026-03-06,2026-04-03,73.41,73.12,73.61,Attn-GRU-15
651110,2026-03-06,2026-04-04,73.44,73.13,73.63,Attn-GRU-15
651110,2026-03-06,2026-04-05,73.48,73.14,73.66,Attn-GRU-15
651111,2026-03-06,2026-03-07,57.05,57.03,57.06,Attn-GRU-15
651111,2026-03-06,2026-03-08,56.99,56.96,57.02,Attn-GRU-15
651111,2026-03-06,2026-03-09,56.93,56.89,56.97,Attn-GRU-15
651111,2026-03-06,2026-03-10,56.87,56.81,56.93,Attn-GRU-15
651111,2026-03-06,2026-03-11,56.83,56.75,56.9,Attn-GRU-15
651111,2026-03-06,2026-03-12,56.78,56.69,56.87,Attn-GRU-15
651111,2026-03-06,2026-03-13,56.75,56.64,56.86,Attn-GRU-15
651111,2026-03-06,2026-03-14,56.71,56.6,56.84,Attn-GRU-15
651111,2026-03-06,2026-03-15,56.72,56.58,56.87,Attn-GRU-15
651111,2026-03-06,2026-03-16,56.73,56.58,56.92,Attn-GRU-15
651111,2026-03-06,2026-03-17,56.75,56.57,56.97,Attn-GRU-15
651111,2026-03-06,2026-03-18,56.83,56.62,57.08,Attn-GRU-15
651111,2026-03-06,2026-03-19,56.9,56.66,57.18,Attn-GRU-15
651111,2026-03-06,2026-03-20,57.02,56.75,57.33,Attn-GRU-15
651111,2026-03-06,2026-03-21,57.08,56.75,57.39,Attn-GRU-15
651111,2026-03-06,2026-03-22,57.13,56.78,57.48,Attn-GRU-15
651111,2026-03-06,2026-03-23,57.23,56.84,57.61,Attn-GRU-15
651111,2026-03-06,2026-03-24,57.21,56.79,57.63,Attn-GRU-15
651111,2026-03-06,2026-03-25,57.25,56.83,57.71,Attn-GRU-15
651111,2026-03-06,2026-03-26,57.25,56.79,57.71,Attn-GRU-15
651111,2026-03-06,2026-03-27,57.26,56.72,57.74,Attn-GRU-15
651111,2026-03-06,2026-03-28,57.25,56.67,57.85,Attn-GRU-15
651111,2026-03-06,2026-03-29,57.29,56.76,57.84,Attn-GRU-15
651111,2026-03-06,2026-03-30,57.15,56.54,57.71,Attn-GRU-15
651111,2026-03-06,2026-03-31,57.21,56.58,57.84,Attn-GRU-15
651111,2026-03-06,2026-04-01,57.37,56.7,58.02,Attn-GRU-15
651111,2026-03-06,2026-04-02,57.01,56.39,57.66,Attn-GRU-15
651111,2026-03-06,2026-04-03,57.21,56.54,57.94,Attn-GRU-15
651111,2026-03-06,2026-04-04,57.16,56.51,57.84,Attn-GRU-15
651111,2026-03-06,2026-04-05,57.24,56.59,57.95,Attn-GRU-15
651112,2026-03-06,2026-03-07,132.17,131.74,132.74,Attn-GRU-15
651112,2026-03-06,2026-03-08,132.54,131.65,133.65,Attn-GRU-15
651112,2026-03-06,2026-03-09,132.95,131.55,134.52,Attn-GRU-15
651112,2026-03-06,2026-03-10,133.28,131.47,135.28,Attn-GRU-15
651112,2026-03-06,2026-03-11,133.62,131.41,135.99,Attn-GRU-15
651112,2026-03-06,2026-03-12,133.91,131.36,136.61,Attn-GRU-15
651112,2026-03-06,2026-03-13,134.18,131.33,137.14,Attn-GRU-15
651112,2026-03-06,2026-03-14,134.48,131.3,137.64,Attn-GRU-15
651112,2026-03-06,2026-03-15,134.75,131.37,138.02,Attn-GRU-15
651112,2026-03-06,2026-03-16,135.11,131.48,138.45,Attn-GRU-15
651112,2026-03-06,2026-03-17,135.43,131.61,138.74,Attn-GRU-15
651112,2026-03-06,2026-03-18,135.74,131.86,138.97,Attn-GRU-15
651112,2026-03-06,2026-03-19,136.17,132.11,139.26,Attn-GRU-15
651112,2026-03-06,2026-03-20,136.43,132.42,139.43,Attn-GRU-15
651112,2026-03-06,2026-03-21,136.87,132.57,139.74,Attn-GRU-15
651112,2026-03-06,2026-03-22,137.2,132.74,139.95,Attn-GRU-15
651112,2026-03-06,2026-03-23,137.5,133.0,140.05,Attn-GRU-15
651112,2026-03-06,2026-03-24,137.79,133.04,140.17,Attn-GRU-15
651112,2026-03-06,2026-03-25,137.95,133.17,140.23,Attn-GRU-15
651112,2026-03-06,2026-03-26,138.22,133.14,140.39,Attn-GRU-15
651112,2026-03-06,2026-03-27,138.58,133.12,140.53,Attn-GRU-15
651112,2026-03-06,2026-03-28,138.71,133.35,140.55,Attn-GRU-15
651112,2026-03-06,2026-03-29,138.63,133.32,140.56,Attn-GRU-15
651112,2026-03-06,2026-03-30,138.9,133.05,140.67,Attn-GRU-15
651112,2026-03-06,2026-03-31,138.99,133.2,140.71,Attn-GRU-15
651112,2026-03-06,2026-04-01,138.86,133.39,140.65,Attn-GRU-15
651112,2026-03-06,2026-04-02,138.96,132.72,140.73,Attn-GRU-15
651112,2026-03-06,2026-04-03,138.94,133.37,140.68,Attn-GRU-15
651112,2026-03-06,2026-04-04,138.91,133.06,140.69,Attn-GRU-15
651112,2026-03-06,2026-04-05,138.99,133.23,140.72,Attn-GRU-15
651113,2026-03-06,2026-03-07,85.09,85.03,85.16,Attn-GRU-15
651113,2026-03-06,2026-03-08,85.13,85.01,85.24,Attn-GRU-15
651113,2026-03-06,2026-03-09,85.16,84.98,85.33,Attn-GRU-15
651113,2026-03-06,2026-03-10,85.19,84.94,85.46,Attn-GRU-15
651113,2026-03-06,2026-03-11,85.22,84.91,85.6,Attn-GRU-15
651113,2026-03-06,2026-03-12,85.28,84.91,85.74,Attn-GRU-15
651113,2026-03-06,2026-03-13,85.39,84.94,85.91,Attn-GRU-15
651113,2026-03-06,2026-03-14,85.51,84.97,86.08,Attn-GRU-15
651113,2026-03-06,2026-03-15,85.63,85.06,86.25,Attn-GRU-15
651113,2026-03-06,2026-03-16,85.76,85.1,86.52,Attn-GRU-15
651113,2026-03-06,2026-03-17,85.93,85.26,86.65,Attn-GRU-15
651113,2026-03-06,2026-03-18,86.11,85.43,86.84,Attn-GRU-15
651113,2026-03-06,2026-03-19,86.3,85.61,87.03,Attn-GRU-15
651113,2026-03-06,2026-03-20,86.49,85.82,87.18,Attn-GRU-15
651113,2026-03-06,2026-03-21,86.66,85.92,87.37,Attn-GRU-15
651113,2026-03-06,2026-03-22,86.85,86.06,87.62,Attn-GRU-15
651113,2026-03-06,2026-03-23,86.99,86.26,87.77,Attn-GRU-15
651113,2026-03-06,2026-03-24,87.11,86.25,87.95,Attn-GRU-15
651113,2026-03-06,2026-03-25,87.21,86.38,88.12,Attn-GRU-15
651113,2026-03-06,2026-03-26,87.36,86.35,88.31,Attn-GRU-15
651113,2026-03-06,2026-03-27,87.51,86.5,88.54,Attn-GRU-15
651113,2026-03-06,2026-03-28,87.59,86.49,88.58,Attn-GRU-15
651113,2026-03-06,2026-03-29,87.77,86.59,88.82,Attn-GRU-15
651113,2026-03-06,2026-03-30,87.76,86.47,88.89,Attn-GRU-15
651113,2026-03-06,2026-03-31,88.0,86.64,89.15,Attn-GRU-15
651113,2026-03-06,2026-04-01,88.23,86.96,89.34,Attn-GRU-15
651113,2026-03-06,2026-04-02,88.05,86.53,89.41,Attn-GRU-15
651113,2026-03-06,2026-04-03,88.34,86.76,89.51,Attn-GRU-15
651113,2026-03-06,2026-04-04,88.4,86.86,89.67,Attn-GRU-15
651113,2026-03-06,2026-04-05,88.58,86.85,89.81,Attn-GRU-15
651114,2026-03-06,2026-03-07,87.33,87.29,87.38,Attn-GRU-15
651114,2026-03-06,2026-03-08,87.33,87.26,87.43,Attn-GRU-15
651114,2026-03-06,2026-03-09,87.31,87.21,87.47,Attn-GRU-15
651114,2026-03-06,2026-03-10,87.32,87.17,87.53,Attn-GRU-15
651114,2026-03-06,2026-03-11,87.33,87.14,87.58,Attn-GRU-15
651114,2026-03-06,2026-03-12,87.34,87.12,87.6,Attn-GRU-15
651114,2026-03-06,2026-03-13,87.37,87.12,87.7,Attn-GRU-15
651114,2026-03-06,2026-03-14,87.39,87.11,87.8,Attn-GRU-15
651114,2026-03-06,2026-03-15,87.47,87.18,87.89,Attn-GRU-15
651114,2026-03-06,2026-03-16,87.58,87.21,87.94,Attn-GRU-15
651114,2026-03-06,2026-03-17,87.64,87.33,88.1,Attn-GRU-15
651114,2026-03-06,2026-03-18,87.82,87.48,88.23,Attn-GRU-15
651114,2026-03-06,2026-03-19,88.04,87.67,88.43,Attn-GRU-15
651114,2026-03-06,2026-03-20,88.2,87.85,88.62,Attn-GRU-15
651114,2026-03-06,2026-03-21,88.28,87.94,88.7,Attn-GRU-15
651114,2026-03-06,2026-03-22,88.36,88.0,88.73,Attn-GRU-15
651114,2026-03-06,2026-03-23,88.61,88.26,89.04,Attn-GRU-15
651114,2026-03-06,2026-03-24,88.6,88.21,89.08,Attn-GRU-15
651114,2026-03-06,2026-03-25,88.74,88.31,89.22,Attn-GRU-15
651114,2026-03-06,2026-03-26,88.91,88.42,89.41,Attn-GRU-15
651114,2026-03-06,2026-03-27,89.08,88.48,89.65,Attn-GRU-15
651114,2026-03-06,2026-03-28,89.23,88.52,89.83,Attn-GRU-15
651114,2026-03-06,2026-03-29,89.39,88.58,90.05,Attn-GRU-15
651114,2026-03-06,2026-03-30,89.37,88.44,90.07,Attn-GRU-15
651114,2026-03-06,2026-03-31,89.46,88.56,90.15,Attn-GRU-15
651114,2026-03-06,2026-04-01,89.63,88.81,90.29,Attn-GRU-15
651114,2026-03-06,2026-04-02,89.57,88.35,90.44,Attn-GRU-15
651114,2026-03-06,2026-04-03,89.82,88.71,90.62,Attn-GRU-15
651114,2026-03-06,2026-04-04,89.82,88.61,90.67,Attn-GRU-15
651114,2026-03-06,2026-04-05,89.87,88.71,90.67,Attn-GRU-15
651116,2026-03-06,2026-03-07,162.13,162.07,162.19,Attn-GRU-15
651116,2026-03-06,2026-03-08,162.01,161.89,162.12,Attn-GRU-15
651116,2026-03-06,2026-03-09,161.88,161.73,162.05,Attn-GRU-15
651116,2026-03-06,2026-03-10,161.76,161.56,162.0,Attn-GRU-15
651116,2026-03-06,2026-03-11,161.64,161.38,161.93,Attn-GRU-15
651116,2026-03-06,2026-03-12,161.51,161.18,161.85,Attn-GRU-15
651116,2026-03-06,2026-03-13,161.37,160.98,161.76,Attn-GRU-15
651116,2026-03-06,2026-03-14,161.22,160.76,161.66,Attn-GRU-15
651116,2026-03-06,2026-03-15,161.09,160.52,161.6,Attn-GRU-15
651116,2026-03-06,2026-03-16,160.96,160.27,161.54,Attn-GRU-15
651116,2026-03-06,2026-03-17,160.79,160.03,161.43,Attn-GRU-15
651116,2026-03-06,2026-03-18,160.62,159.72,161.39,Attn-GRU-15
651116,2026-03-06,2026-03-19,160.34,159.3,161.34,Attn-GRU-15
651116,2026-03-06,2026-03-20,160.04,158.88,161.2,Attn-GRU-15
651116,2026-03-06,2026-03-21,159.75,158.55,161.13,Attn-GRU-15
651116,2026-03-06,2026-03-22,159.45,158.27,161.01,Attn-GRU-15
651116,2026-03-06,2026-03-23,159.25,158.09,160.94,Attn-GRU-15
651116,2026-03-06,2026-03-24,159.07,157.94,160.75,Attn-GRU-15
651116,2026-03-06,2026-03-25,158.96,157.77,160.6,Attn-GRU-15
651116,2026-03-06,2026-03-26,158.61,157.62,160.39,Attn-GRU-15
651116,2026-03-06,2026-03-27,158.36,157.45,159.99,Attn-GRU-15
651116,2026-03-06,2026-03-28,158.16,157.36,159.82,Attn-GRU-15
651116,2026-03-06,2026-03-29,158.17,157.29,159.78,Attn-GRU-15
651116,2026-03-06,2026-03-30,158.01,157.26,159.52,Attn-GRU-15
651116,2026-03-06,2026-03-31,157.71,157.17,159.19,Attn-GRU-15
651116,2026-03-06,2026-04-01,157.59,157.13,159.0,Attn-GRU-15
651116,2026-03-06,2026-04-02,157.76,157.17,159.12,Attn-GRU-15
651116,2026-03-06,2026-04-03,157.55,157.11,158.89,Attn-GRU-15
651116,2026-03-06,2026-04-04,157.6,157.1,158.85,Attn-GRU-15
651116,2026-03-06,2026-04-05,157.39,157.08,158.59,Attn-GRU-15
651117,2026-03-06,2026-03-07,195.48,195.31,195.65,Attn-GRU-15
651117,2026-03-06,2026-03-08,195.45,195.1,195.75,Attn-GRU-15
651117,2026-03-06,2026-03-09,195.38,194.91,195.88,Attn-GRU-15
651117,2026-03-06,2026-03-10,195.32,194.68,196.03,Attn-GRU-15
651117,2026-03-06,2026-03-11,195.31,194.5,196.18,Attn-GRU-15
651117,2026-03-06,2026-03-12,195.25,194.29,196.41,Attn-GRU-15
651117,2026-03-06,2026-03-13,195.3,194.14,196.66,Attn-GRU-15
651117,2026-03-06,2026-03-14,195.33,193.97,196.9,Attn-GRU-15
651117,2026-03-06,2026-03-15,195.45,193.87,197.2,Attn-GRU-15
651117,2026-03-06,2026-03-16,195.66,193.86,197.6,Attn-GRU-15
651117,2026-03-06,2026-03-17,195.73,193.74,197.76,Attn-GRU-15
651117,2026-03-06,2026-03-18,195.9,193.78,198.01,Attn-GRU-15
651117,2026-03-06,2026-03-19,196.09,193.87,198.35,Attn-GRU-15
651117,2026-03-06,2026-03-20,196.38,193.8,198.75,Attn-GRU-15
651117,2026-03-06,2026-03-21,196.54,193.83,199.11,Attn-GRU-15
651117,2026-03-06,2026-03-22,196.85,193.91,199.54,Attn-GRU-15
651117,2026-03-06,2026-03-23,196.87,193.71,199.97,Attn-GRU-15
651117,2026-03-06,2026-03-24,197.13,193.31,200.07,Attn-GRU-15
651117,2026-03-06,2026-03-25,197.1,193.02,200.53,Attn-GRU-15
651117,2026-03-06,2026-03-26,197.3,193.26,200.89,Attn-GRU-15
651117,2026-03-06,2026-03-27,197.52,193.56,201.05,Attn-GRU-15
651117,2026-03-06,2026-03-28,197.82,193.15,201.65,Attn-GRU-15
651117,2026-03-06,2026-03-29,197.87,193.33,201.43,Attn-GRU-15
651117,2026-03-06,2026-03-30,197.87,192.86,201.72,Attn-GRU-15
651117,2026-03-06,2026-03-31,198.27,193.37,202.05,Attn-GRU-15
651117,2026-03-06,2026-04-01,198.9,193.64,202.35,Attn-GRU-15
651117,2026-03-06,2026-04-02,198.61,193.16,202.54,Attn-GRU-15
651117,2026-03-06,2026-04-03,198.89,193.5,202.8,Attn-GRU-15
651117,2026-03-06,2026-04-04,199.13,193.53,203.08,Attn-GRU-15
651117,2026-03-06,2026-04-05,199.37,193.9,203.2,Attn-GRU-15
651118,2026-03-06,2026-03-07,55.73,55.67,55.86,Attn-GRU-15
651118,2026-03-06,2026-03-08,55.8,55.67,56.07,Attn-GRU-15
651118,2026-03-06,2026-03-09,55.87,55.67,56.25,Attn-GRU-15
651118,2026-03-06,2026-03-10,55.94,55.67,56.47,Attn-GRU-15
651118,2026-03-06,2026-03-11,56.03,55.68,56.65,Attn-GRU-15
651118,2026-03-06,2026-03-12,56.11,55.68,56.83,Attn-GRU-15
651118,2026-03-06,2026-03-13,56.22,55.73,57.03,Attn-GRU-15
651118,2026-03-06,2026-03-14,56.35,55.78,57.24,Attn-GRU-15
651118,2026-03-06,2026-03-15,56.47,55.85,57.43,Attn-GRU-15
651118,2026-03-06,2026-03-16,56.61,55.89,57.6,Attn-GRU-15
651118,2026-03-06,2026-03-17,56.74,56.05,57.8,Attn-GRU-15
651118,2026-03-06,2026-03-18,56.9,56.2,57.99,Attn-GRU-15
651118,2026-03-06,2026-03-19,57.07,56.35,58.21,Attn-GRU-15
651118,2026-03-06,2026-03-20,57.21,56.53,58.37,Attn-GRU-15
651118,2026-03-06,2026-03-21,57.32,56.59,58.56,Attn-GRU-15
651118,2026-03-06,2026-03-22,57.52,56.73,58.76,Attn-GRU-15
651118,2026-03-06,2026-03-23,57.66,56.87,58.9,Attn-GRU-15
651118,2026-03-06,2026-03-24,57.82,56.92,59.04,Attn-GRU-15
651118,2026-03-06,2026-03-25,57.94,57.03,59.21,Attn-GRU-15
651118,2026-03-06,2026-03-26,58.13,57.16,59.38,Attn-GRU-15
651118,2026-03-06,2026-03-27,58.29,57.16,59.62,Attn-GRU-15
651118,2026-03-06,2026-03-28,58.45,57.31,59.69,Attn-GRU-15
651118,2026-03-06,2026-03-29,58.6,57.35,59.78,Attn-GRU-15
651118,2026-03-06,2026-03-30,58.64,57.36,59.89,Attn-GRU-15
651118,2026-03-06,2026-03-31,58.84,57.41,60.01,Attn-GRU-15
651118,2026-03-06,2026-04-01,58.95,57.69,59.99,Attn-GRU-15
651118,2026-03-06,2026-04-02,59.0,57.34,60.12,Attn-GRU-15
651118,2026-03-06,2026-04-03,59.08,57.59,60.14,Attn-GRU-15
651118,2026-03-06,2026-04-04,59.16,57.57,60.2,Attn-GRU-15
651118,2026-03-06,2026-04-05,59.24,57.64,60.25,Attn-GRU-15
651119,2026-03-06,2026-03-07,233.57,233.43,233.69,Attn-GRU-15
651119,2026-03-06,2026-03-08,233.57,233.34,233.83,Attn-GRU-15
651119,2026-03-06,2026-03-09,233.53,233.18,233.89,Attn-GRU-15
651119,2026-03-06,2026-03-10,233.53,233.03,234.05,Attn-GRU-15
651119,2026-03-06,2026-03-11,233.59,232.89,234.19,Attn-GRU-15
651119,2026-03-06,2026-03-12,233.64,232.82,234.37,Attn-GRU-15
651119,2026-03-06,2026-03-13,233.7,232.79,234.6,Attn-GRU-15
651119,2026-03-06,2026-03-14,233.87,232.79,234.91,Attn-GRU-15
651119,2026-03-06,2026-03-15,234.11,232.87,235.25,Attn-GRU-15
651119,2026-03-06,2026-03-16,234.39,232.96,235.67,Attn-GRU-15
651119,2026-03-06,2026-03-17,234.66,233.14,235.99,Attn-GRU-15
651119,2026-03-06,2026-03-18,235.09,233.56,236.47,Attn-GRU-15
651119,2026-03-06,2026-03-19,235.62,234.04,237.13,Attn-GRU-15
651119,2026-03-06,2026-03-20,236.12,234.61,237.75,Attn-GRU-15
651119,2026-03-06,2026-03-21,236.47,234.78,238.14,Attn-GRU-15
651119,2026-03-06,2026-03-22,236.83,235.04,238.38,Attn-GRU-15
651119,2026-03-06,2026-03-23,237.33,235.61,239.1,Attn-GRU-15
651119,2026-03-06,2026-03-24,237.64,235.56,239.44,Attn-GRU-15
651119,2026-03-06,2026-03-25,237.88,235.79,239.99,Attn-GRU-15
651119,2026-03-06,2026-03-26,238.28,236.16,240.32,Attn-GRU-15
651119,2026-03-06,2026-03-27,238.62,236.48,240.62,Attn-GRU-15
651119,2026-03-06,2026-03-28,238.98,236.78,241.17,Attn-GRU-15
651119,2026-03-06,2026-03-29,239.41,237.16,241.54,Attn-GRU-15
651119,2026-03-06,2026-03-30,239.43,237.05,242.12,Attn-GRU-15
651119,2026-03-06,2026-03-31,239.91,237.02,242.22,Attn-GRU-15
651119,2026-03-06,2026-04-01,240.39,237.82,242.88,Attn-GRU-15
651119,2026-03-06,2026-04-02,240.18,237.13,243.0,Attn-GRU-15
651119,2026-03-06,2026-04-03,240.9,237.8,243.52,Attn-GRU-15
651119,2026-03-06,2026-04-04,240.92,237.94,243.62,Attn-GRU-15
651119,2026-03-06,2026-04-05,241.2,237.7,243.89,Attn-GRU-15
651120,2026-03-06,2026-03-07,56.66,56.63,56.69,Attn-GRU-15
651120,2026-03-06,2026-03-08,56.67,56.61,56.73,Attn-GRU-15
651120,2026-03-06,2026-03-09,56.7,56.59,56.81,Attn-GRU-15
651120,2026-03-06,2026-03-10,56.73,56.58,56.88,Attn-GRU-15
651120,2026-03-06,2026-03-11,56.76,56.56,56.95,Attn-GRU-15
651120,2026-03-06,2026-03-12,56.8,56.56,57.04,Attn-GRU-15
651120,2026-03-06,2026-03-13,56.85,56.56,57.13,Attn-GRU-15
651120,2026-03-06,2026-03-14,56.9,56.55,57.22,Attn-GRU-15
651120,2026-03-06,2026-03-15,56.94,56.56,57.3,Attn-GRU-15
651120,2026-03-06,2026-03-16,57.01,56.58,57.4,Attn-GRU-15
651120,2026-03-06,2026-03-17,57.03,56.57,57.43,Attn-GRU-15
651120,2026-03-06,2026-03-18,57.06,56.58,57.49,Attn-GRU-15
651120,2026-03-06,2026-03-19,57.1,56.57,57.55,Attn-GRU-15
651120,2026-03-06,2026-03-20,57.12,56.58,57.59,Attn-GRU-15
651120,2026-03-06,2026-03-21,57.16,56.6,57.68,Attn-GRU-15
651120,2026-03-06,2026-03-22,57.21,56.59,57.74,Attn-GRU-15
651120,2026-03-06,2026-03-23,57.24,56.57,57.75,Attn-GRU-15
651120,2026-03-06,2026-03-24,57.27,56.55,57.83,Attn-GRU-15
651120,2026-03-06,2026-03-25,57.32,56.58,57.88,Attn-GRU-15
651120,2026-03-06,2026-03-26,57.24,56.43,57.89,Attn-GRU-15
651120,2026-03-06,2026-03-27,57.36,56.5,57.96,Attn-GRU-15
651120,2026-03-06,2026-03-28,57.4,56.48,58.06,Attn-GRU-15
651120,2026-03-06,2026-03-29,57.41,56.46,58.07,Attn-GRU-15
651120,2026-03-06,2026-03-30,57.41,56.37,58.12,Attn-GRU-15
651120,2026-03-06,2026-03-31,57.49,56.45,58.22,Attn-GRU-15
651120,2026-03-06,2026-04-01,57.5,56.39,58.26,Attn-GRU-15
651120,2026-03-06,2026-04-02,57.64,56.49,58.35,Attn-GRU-15
651120,2026-03-06,2026-04-03,57.62,56.44,58.37,Attn-GRU-15
651120,2026-03-06,2026-04-04,57.62,56.44,58.41,Attn-GRU-15
651120,2026-03-06,2026-04-05,57.7,56.5,58.42,Attn-GRU-15
651121,2026-03-06,2026-03-07,141.03,140.97,141.15,Attn-GRU-15
651121,2026-03-06,2026-03-08,140.98,140.86,141.19,Attn-GRU-15
651121,2026-03-06,2026-03-09,140.87,140.7,141.16,Attn-GRU-15
651121,2026-03-06,2026-03-10,140.8,140.54,141.25,Attn-GRU-15
651121,2026-03-06,2026-03-11,140.77,140.43,141.35,Attn-GRU-15
651121,2026-03-06,2026-03-12,140.73,140.33,141.45,Attn-GRU-15
651121,2026-03-06,2026-03-13,140.74,140.28,141.6,Attn-GRU-15
651121,2026-03-06,2026-03-14,140.8,140.25,141.8,Attn-GRU-15
651121,2026-03-06,2026-03-15,140.94,140.32,142.06,Attn-GRU-15
651121,2026-03-06,2026-03-16,141.1,140.4,142.35,Attn-GRU-15
651121,2026-03-06,2026-03-17,141.29,140.54,142.59,Attn-GRU-15
651121,2026-03-06,2026-03-18,141.65,140.85,143.0,Attn-GRU-15
651121,2026-03-06,2026-03-19,142.01,141.17,143.5,Attn-GRU-15
651121,2026-03-06,2026-03-20,142.41,141.59,143.89,Attn-GRU-15
651121,2026-03-06,2026-03-21,142.67,141.84,144.2,Attn-GRU-15
651121,2026-03-06,2026-03-22,142.94,142.02,144.39,Attn-GRU-15
651121,2026-03-06,2026-03-23,143.34,142.5,144.9,Attn-GRU-15
651121,2026-03-06,2026-03-24,143.56,142.56,145.17,Attn-GRU-15
651121,2026-03-06,2026-03-25,143.77,142.72,145.54,Attn-GRU-15
651121,2026-03-06,2026-03-26,144.07,142.99,145.92,Attn-GRU-15
651121,2026-03-06,2026-03-27,144.26,143.09,146.22,Attn-GRU-15
651121,2026-03-06,2026-03-28,144.45,143.23,146.83,Attn-GRU-15
651121,2026-03-06,2026-03-29,144.82,143.49,147.23,Attn-GRU-15
651121,2026-03-06,2026-03-30,144.82,143.24,147.27,Attn-GRU-15
651121,2026-03-06,2026-03-31,144.96,143.42,147.5,Attn-GRU-15
651121,2026-03-06,2026-04-01,145.52,144.06,147.99,Attn-GRU-15
651121,2026-03-06,2026-04-02,145.08,143.12,148.03,Attn-GRU-15
651121,2026-03-06,2026-04-03,145.8,143.91,148.6,Attn-GRU-15
651121,2026-03-06,2026-04-04,145.75,143.88,148.71,Attn-GRU-15
651121,2026-03-06,2026-04-05,145.93,143.82,148.83,Attn-GRU-15
651122,2026-03-06,2026-03-07,68.43,68.41,68.46,Attn-GRU-15
651122,2026-03-06,2026-03-08,68.39,68.35,68.44,Attn-GRU-15
651122,2026-03-06,2026-03-09,68.34,68.27,68.41,Attn-GRU-15
651122,2026-03-06,2026-03-10,68.3,68.19,68.41,Attn-GRU-15
651122,2026-03-06,2026-03-11,68.27,68.13,68.41,Attn-GRU-15
651122,2026-03-06,2026-03-12,68.25,68.06,68.42,Attn-GRU-15
651122,2026-03-06,2026-03-13,68.24,68.03,68.45,Attn-GRU-15
651122,2026-03-06,2026-03-14,68.24,67.99,68.48,Attn-GRU-15
651122,2026-03-06,2026-03-15,68.29,68.0,68.56,Attn-GRU-15
651122,2026-03-06,2026-03-16,68.38,68.05,68.7,Attn-GRU-15
651122,2026-03-06,2026-03-17,68.45,68.1,68.78,Attn-GRU-15
651122,2026-03-06,2026-03-18,68.6,68.23,68.96,Attn-GRU-15
651122,2026-03-06,2026-03-19,68.73,68.36,69.15,Attn-GRU-15
651122,2026-03-06,2026-03-20,68.93,68.57,69.34,Attn-GRU-15
651122,2026-03-06,2026-03-21,69.06,68.68,69.48,Attn-GRU-15
651122,2026-03-06,2026-03-22,69.2,68.8,69.63,Attn-GRU-15
651122,2026-03-06,2026-03-23,69.4,69.01,69.84,Attn-GRU-15
651122,2026-03-06,2026-03-24,69.48,69.02,69.96,Attn-GRU-15
651122,2026-03-06,2026-03-25,69.51,69.04,70.03,Attn-GRU-15
651122,2026-03-06,2026-03-26,69.63,69.13,70.16,Attn-GRU-15
651122,2026-03-06,2026-03-27,69.7,69.17,70.27,Attn-GRU-15
651122,2026-03-06,2026-03-28,69.78,69.19,70.4,Attn-GRU-15
651122,2026-03-06,2026-03-29,69.88,69.25,70.53,Attn-GRU-15
651122,2026-03-06,2026-03-30,69.78,69.1,70.42,Attn-GRU-15
651122,2026-03-06,2026-03-31,69.93,69.2,70.64,Attn-GRU-15
651122,2026-03-06,2026-04-01,70.17,69.47,70.87,Attn-GRU-15
651122,2026-03-06,2026-04-02,69.76,68.93,70.55,Attn-GRU-15
651122,2026-03-06,2026-04-03,70.17,69.3,70.97,Attn-GRU-15
651122,2026-03-06,2026-04-04,70.12,69.27,70.91,Attn-GRU-15
651122,2026-03-06,2026-04-05,70.27,69.33,71.11,Attn-GRU-15
651123,2026-03-06,2026-03-07,194.32,194.12,194.5,Attn-GRU-15
651123,2026-03-06,2026-03-08,194.3,193.89,194.64,Attn-GRU-15
651123,2026-03-06,2026-03-09,194.28,193.67,194.76,Attn-GRU-15
651123,2026-03-06,2026-03-10,194.27,193.46,194.9,Attn-GRU-15
651123,2026-03-06,2026-03-11,194.23,193.25,195.04,Attn-GRU-15
651123,2026-03-06,2026-03-12,194.19,193.02,195.18,Attn-GRU-15
651123,2026-03-06,2026-03-13,194.21,192.89,195.32,Attn-GRU-15
651123,2026-03-06,2026-03-14,194.13,192.66,195.43,Attn-GRU-15
651123,2026-03-06,2026-03-15,194.08,192.5,195.56,Attn-GRU-15
651123,2026-03-06,2026-03-16,194.03,192.32,195.76,Attn-GRU-15
651123,2026-03-06,2026-03-17,193.93,192.29,195.87,Attn-GRU-15
651123,2026-03-06,2026-03-18,193.99,192.2,196.05,Attn-GRU-15
651123,2026-03-06,2026-03-19,194.02,191.93,196.2,Attn-GRU-15
651123,2026-03-06,2026-03-20,194.01,191.81,196.42,Attn-GRU-15
651123,2026-03-06,2026-03-21,193.91,191.55,196.66,Attn-GRU-15
651123,2026-03-06,2026-03-22,193.71,191.13,196.81,Attn-GRU-15
651123,2026-03-06,2026-03-23,193.76,190.98,196.88,Attn-GRU-15
651123,2026-03-06,2026-03-24,193.7,190.46,197.05,Attn-GRU-15
651123,2026-03-06,2026-03-25,193.56,190.01,196.95,Attn-GRU-15
651123,2026-03-06,2026-03-26,192.92,189.31,196.45,Attn-GRU-15
651123,2026-03-06,2026-03-27,193.14,188.92,196.93,Attn-GRU-15
651123,2026-03-06,2026-03-28,192.57,188.26,196.56,Attn-GRU-15
651123,2026-03-06,2026-03-29,192.37,188.1,196.65,Attn-GRU-15
651123,2026-03-06,2026-03-30,191.89,187.65,196.35,Attn-GRU-15
651123,2026-03-06,2026-03-31,191.43,187.34,196.54,Attn-GRU-15
651123,2026-03-06,2026-04-01,191.08,187.23,196.11,Attn-GRU-15
651123,2026-03-06,2026-04-02,191.34,187.27,196.31,Attn-GRU-15
651123,2026-03-06,2026-04-03,190.93,186.99,196.16,Attn-GRU-15
651123,2026-03-06,2026-04-04,190.96,187.23,195.94,Attn-GRU-15
651123,2026-03-06,2026-04-05,190.33,186.52,195.89,Attn-GRU-15
