card_id,run_date,target_date,pred_price,conf_low,conf_high,model
510148,2026-09-04,2026-09-05,125.82,124.98,126.46,Chronos
510148,2026-09-04,2026-09-06,125.96,124.63,126.71,Chronos
510148,2026-09-04,2026-09-07,126.1,124.62,126.95,Chronos
510148,2026-09-04,2026-09-08,126.0,124.59,127.19,Chronos
510148,2026-09-04,2026-09-09,126.14,124.06,127.59,Chronos
510148,2026-09-04,2026-09-10,126.1,123.92,127.86,Chronos
510148,2026-09-04,2026-09-11,126.42,124.03,128.24,Chronos
510148,2026-09-04,2026-09-12,126.69,123.89,128.74,Chronos
510148,2026-09-04,2026-09-13,126.92,123.86,129.03,Chronos
510148,2026-09-04,2026-09-14,126.96,123.8,129.46,Chronos
510148,2026-09-04,2026-09-15,126.98,123.37,129.37,Chronos
510148,2026-09-04,2026-09-16,126.99,123.01,129.55,Chronos
510148,2026-09-04,2026-09-17,126.64,122.56,129.85,Chronos
510148,2026-09-04,2026-09-18,127.04,122.6,129.78,Chronos
510148,2026-09-04,2026-09-19,127.34,122.76,130.35,Chronos
510148,2026-09-04,2026-09-20,127.11,122.95,130.72,Chronos
510148,2026-09-04,2026-09-21,127.94,121.82,131.74,Chronos
510148,2026-09-04,2026-09-22,128.13,121.73,131.81,Chronos
510148,2026-09-04,2026-09-23,128.13,120.97,132.03,Chronos
510148,2026-09-04,2026-09-24,128.01,120.31,132.33,Chronos
510148,2026-09-04,2026-09-25,128.1,120.42,132.61,Chronos
510148,2026-09-04,2026-09-26,128.07,119.9,132.75,Chronos
510148,2026-09-04,2026-09-27,128.26,120.09,133.11,Chronos
510148,2026-09-04,2026-09-28,128.54,119.61,133.7,Chronos
510148,2026-09-04,2026-09-29,128.81,118.71,134.0,Chronos
510148,2026-09-04,2026-09-30,128.73,118.9,134.32,Chronos
510148,2026-09-04,2026-10-01,128.69,117.72,134.29,Chronos
510148,2026-09-04,2026-10-02,128.65,117.46,134.3,Chronos
510148,2026-09-04,2026-10-03,128.17,116.35,134.47,Chronos
510148,2026-09-04,2026-10-04,128.46,115.41,134.15,Chronos
510152,2026-09-04,2026-09-05,261.81,258.83,263.77,Chronos
510152,2026-09-04,2026-09-06,262.27,257.84,265.15,Chronos
510152,2026-09-04,2026-09-07,262.17,256.26,266.4,Chronos
510152,2026-09-04,2026-09-08,262.13,255.95,267.43,Chronos
510152,2026-09-04,2026-09-09,262.32,254.91,268.98,Chronos
510152,2026-09-04,2026-09-10,262.44,253.97,269.62,Chronos
510152,2026-09-04,2026-09-11,262.72,253.58,270.51,Chronos
510152,2026-09-04,2026-09-12,262.94,252.89,271.25,Chronos
510152,2026-09-04,2026-09-13,263.21,251.81,272.62,Chronos
510152,2026-09-04,2026-09-14,263.23,251.12,272.95,Chronos
510152,2026-09-04,2026-09-15,263.08,249.54,273.68,Chronos
510152,2026-09-04,2026-09-16,263.03,248.47,274.11,Chronos
510152,2026-09-04,2026-09-17,262.6,246.81,274.89,Chronos
510152,2026-09-04,2026-09-18,262.97,245.56,274.79,Chronos
510152,2026-09-04,2026-09-19,262.81,244.46,275.44,Chronos
510152,2026-09-04,2026-09-20,262.24,243.65,275.01,Chronos
510152,2026-09-04,2026-09-21,264.5,245.78,279.74,Chronos
510152,2026-09-04,2026-09-22,264.78,244.95,280.12,Chronos
510152,2026-09-04,2026-09-23,264.67,244.33,280.85,Chronos
510152,2026-09-04,2026-09-24,264.29,243.24,281.85,Chronos
510152,2026-09-04,2026-09-25,264.42,242.38,282.01,Chronos
510152,2026-09-04,2026-09-26,264.64,242.11,282.97,Chronos
510152,2026-09-04,2026-09-27,264.71,241.21,283.69,Chronos
510152,2026-09-04,2026-09-28,264.61,240.22,284.3,Chronos
510152,2026-09-04,2026-09-29,265.28,240.28,285.31,Chronos
510152,2026-09-04,2026-09-30,265.39,238.88,286.08,Chronos
510152,2026-09-04,2026-10-01,265.06,238.19,287.03,Chronos
510152,2026-09-04,2026-10-02,264.87,236.13,287.71,Chronos
510152,2026-09-04,2026-10-03,264.84,235.2,288.27,Chronos
510152,2026-09-04,2026-10-04,265.15,235.49,287.92,Chronos
510153,2026-09-04,2026-09-05,943.59,938.54,947.83,Chronos
510153,2026-09-04,2026-09-06,943.86,937.19,949.43,Chronos
510153,2026-09-04,2026-09-07,943.98,936.39,950.63,Chronos
510153,2026-09-04,2026-09-08,943.59,935.98,951.92,Chronos
510153,2026-09-04,2026-09-09,944.15,934.23,954.3,Chronos
510153,2026-09-04,2026-09-10,944.68,933.69,956.53,Chronos
510153,2026-09-04,2026-09-11,945.28,933.85,957.83,Chronos
510153,2026-09-04,2026-09-12,945.96,932.76,959.61,Chronos
510153,2026-09-04,2026-09-13,946.81,932.48,961.21,Chronos
510153,2026-09-04,2026-09-14,946.96,931.89,963.23,Chronos
510153,2026-09-04,2026-09-15,947.15,930.84,964.73,Chronos
510153,2026-09-04,2026-09-16,946.91,929.77,966.7,Chronos
510153,2026-09-04,2026-09-17,945.68,928.31,968.26,Chronos
510153,2026-09-04,2026-09-18,946.52,926.45,967.83,Chronos
510153,2026-09-04,2026-09-19,947.47,926.42,968.92,Chronos
510153,2026-09-04,2026-09-20,946.39,927.96,970.33,Chronos
510153,2026-09-04,2026-09-21,949.49,925.18,982.31,Chronos
510153,2026-09-04,2026-09-22,949.32,923.91,983.77,Chronos
510153,2026-09-04,2026-09-23,949.22,921.86,984.78,Chronos
510153,2026-09-04,2026-09-24,948.89,921.35,988.32,Chronos
510153,2026-09-04,2026-09-25,949.39,920.44,988.45,Chronos
510153,2026-09-04,2026-09-26,949.18,919.63,991.5,Chronos
510153,2026-09-04,2026-09-27,949.73,919.79,992.52,Chronos
510153,2026-09-04,2026-09-28,950.11,918.84,993.68,Chronos
510153,2026-09-04,2026-09-29,951.64,916.54,996.5,Chronos
510153,2026-09-04,2026-09-30,951.71,916.55,997.68,Chronos
510153,2026-09-04,2026-10-01,951.86,912.89,1000.04,Chronos
510153,2026-09-04,2026-10-02,951.53,913.4,1005.08,Chronos
510153,2026-09-04,2026-10-03,950.89,910.82,1007.79,Chronos
510153,2026-09-04,2026-10-04,951.9,908.65,1005.78,Chronos
510154,2026-09-04,2026-09-05,362.82,358.61,367.44,Chronos
510154,2026-09-04,2026-09-06,363.1,357.31,367.88,Chronos
510154,2026-09-04,2026-09-07,363.39,357.46,368.34,Chronos
510154,2026-09-04,2026-09-08,363.08,357.81,369.65,Chronos
510154,2026-09-04,2026-09-09,363.7,356.01,370.32,Chronos
510154,2026-09-04,2026-09-10,363.28,354.63,371.17,Chronos
510154,2026-09-04,2026-09-11,364.48,355.78,372.39,Chronos
510154,2026-09-04,2026-09-12,365.32,355.43,374.02,Chronos
510154,2026-09-04,2026-09-13,366.25,355.61,375.05,Chronos
510154,2026-09-04,2026-09-14,366.41,355.37,376.91,Chronos
510154,2026-09-04,2026-09-15,366.57,353.73,376.19,Chronos
510154,2026-09-04,2026-09-16,366.57,352.96,377.19,Chronos
510154,2026-09-04,2026-09-17,365.59,351.63,378.56,Chronos
510154,2026-09-04,2026-09-18,367.28,351.86,378.18,Chronos
510154,2026-09-04,2026-09-19,368.45,352.88,380.81,Chronos
510154,2026-09-04,2026-09-20,367.48,352.87,381.69,Chronos
510154,2026-09-04,2026-09-21,369.57,347.44,386.93,Chronos
510154,2026-09-04,2026-09-22,370.15,345.9,386.59,Chronos
510154,2026-09-04,2026-09-23,370.15,344.49,387.42,Chronos
510154,2026-09-04,2026-09-24,369.85,343.17,388.73,Chronos
510154,2026-09-04,2026-09-25,370.35,342.64,389.49,Chronos
510154,2026-09-04,2026-09-26,369.88,340.71,390.21,Chronos
510154,2026-09-04,2026-09-27,370.81,341.85,391.7,Chronos
510154,2026-09-04,2026-09-28,371.56,339.95,393.76,Chronos
510154,2026-09-04,2026-09-29,373.08,335.62,395.2,Chronos
510154,2026-09-04,2026-09-30,372.77,335.93,396.96,Chronos
510154,2026-09-04,2026-10-01,372.79,330.46,396.46,Chronos
510154,2026-09-04,2026-10-02,372.79,328.63,397.17,Chronos
510154,2026-09-04,2026-10-03,371.11,324.16,397.99,Chronos
510154,2026-09-04,2026-10-04,372.05,320.77,396.08,Chronos
510155,2026-09-04,2026-09-05,161.06,160.29,161.85,Chronos
510155,2026-09-04,2026-09-06,161.23,159.73,162.25,Chronos
510155,2026-09-04,2026-09-07,161.27,159.76,162.44,Chronos
510155,2026-09-04,2026-09-08,161.1,159.59,162.67,Chronos
510155,2026-09-04,2026-09-09,161.41,159.14,163.29,Chronos
510155,2026-09-04,2026-09-10,161.37,158.87,163.85,Chronos
510155,2026-09-04,2026-09-11,161.68,159.03,164.18,Chronos
510155,2026-09-04,2026-09-12,162.02,158.85,164.82,Chronos
510155,2026-09-04,2026-09-13,162.29,158.81,165.24,Chronos
510155,2026-09-04,2026-09-14,162.34,158.85,165.84,Chronos
510155,2026-09-04,2026-09-15,162.4,158.55,165.72,Chronos
510155,2026-09-04,2026-09-16,162.3,158.04,165.92,Chronos
510155,2026-09-04,2026-09-17,161.98,157.69,166.47,Chronos
510155,2026-09-04,2026-09-18,162.5,157.68,166.43,Chronos
510155,2026-09-04,2026-09-19,162.74,157.31,167.27,Chronos
510155,2026-09-04,2026-09-20,162.55,157.37,167.55,Chronos
510155,2026-09-04,2026-09-21,163.6,157.24,168.73,Chronos
510155,2026-09-04,2026-09-22,163.9,156.85,169.04,Chronos
510155,2026-09-04,2026-09-23,163.79,156.29,169.16,Chronos
510155,2026-09-04,2026-09-24,163.63,156.53,169.43,Chronos
510155,2026-09-04,2026-09-25,163.79,155.47,170.2,Chronos
510155,2026-09-04,2026-09-26,163.76,154.89,170.51,Chronos
510155,2026-09-04,2026-09-27,163.88,155.0,170.89,Chronos
510155,2026-09-04,2026-09-28,164.27,154.7,171.78,Chronos
510155,2026-09-04,2026-09-29,164.66,154.2,172.41,Chronos
510155,2026-09-04,2026-09-30,164.7,154.21,173.22,Chronos
510155,2026-09-04,2026-10-01,164.71,153.26,172.93,Chronos
510155,2026-09-04,2026-10-02,164.55,153.03,173.1,Chronos
510155,2026-09-04,2026-10-03,164.09,152.19,173.56,Chronos
510155,2026-09-04,2026-10-04,164.51,151.1,173.39,Chronos
510156,2026-09-04,2026-09-05,166.93,164.26,169.01,Chronos
510156,2026-09-04,2026-09-06,166.75,162.82,169.12,Chronos
510156,2026-09-04,2026-09-07,166.15,161.16,169.17,Chronos
510156,2026-09-04,2026-09-08,165.6,160.71,169.67,Chronos
510156,2026-09-04,2026-09-09,165.49,159.03,170.35,Chronos
510156,2026-09-04,2026-09-10,164.85,157.65,170.57,Chronos
510156,2026-09-04,2026-09-11,164.97,157.33,171.15,Chronos
510156,2026-09-04,2026-09-12,164.88,156.29,171.75,Chronos
510156,2026-09-04,2026-09-13,164.97,155.15,172.22,Chronos
510156,2026-09-04,2026-09-14,164.48,154.51,172.85,Chronos
510156,2026-09-04,2026-09-15,164.0,152.5,172.66,Chronos
510156,2026-09-04,2026-09-16,163.5,152.08,172.54,Chronos
510156,2026-09-04,2026-09-17,162.93,151.13,173.04,Chronos
510156,2026-09-04,2026-09-18,162.85,148.87,172.41,Chronos
510156,2026-09-04,2026-09-19,162.63,148.01,173.36,Chronos
510156,2026-09-04,2026-09-20,161.55,146.55,173.6,Chronos
510156,2026-09-04,2026-09-21,161.49,146.24,172.26,Chronos
510156,2026-09-04,2026-09-22,161.15,145.39,172.16,Chronos
510156,2026-09-04,2026-09-23,160.72,144.61,172.38,Chronos
510156,2026-09-04,2026-09-24,160.48,143.46,173.61,Chronos
510156,2026-09-04,2026-09-25,160.64,141.93,173.36,Chronos
510156,2026-09-04,2026-09-26,159.71,140.91,173.76,Chronos
510156,2026-09-04,2026-09-27,159.94,140.02,174.56,Chronos
510156,2026-09-04,2026-09-28,159.66,139.31,174.7,Chronos
510156,2026-09-04,2026-09-29,159.66,138.01,175.9,Chronos
510156,2026-09-04,2026-09-30,159.37,137.08,175.56,Chronos
510156,2026-09-04,2026-10-01,159.14,135.7,176.16,Chronos
510156,2026-09-04,2026-10-02,158.48,134.29,176.03,Chronos
510156,2026-09-04,2026-10-03,158.0,132.68,176.33,Chronos
510156,2026-09-04,2026-10-04,157.49,132.36,175.46,Chronos
510157,2026-09-04,2026-09-05,136.5,135.44,137.77,Chronos
510157,2026-09-04,2026-09-06,136.45,134.57,137.85,Chronos
510157,2026-09-04,2026-09-07,136.25,134.15,137.83,Chronos
510157,2026-09-04,2026-09-08,135.72,133.78,137.8,Chronos
510157,2026-09-04,2026-09-09,135.7,133.04,138.05,Chronos
510157,2026-09-04,2026-09-10,135.43,132.5,138.18,Chronos
510157,2026-09-04,2026-09-11,135.51,132.4,138.44,Chronos
510157,2026-09-04,2026-09-12,135.47,131.79,138.74,Chronos
510157,2026-09-04,2026-09-13,135.56,131.53,138.86,Chronos
510157,2026-09-04,2026-09-14,135.32,131.22,139.33,Chronos
510157,2026-09-04,2026-09-15,135.1,130.59,138.99,Chronos
510157,2026-09-04,2026-09-16,134.87,130.14,138.99,Chronos
510157,2026-09-04,2026-09-17,134.34,129.53,139.16,Chronos
510157,2026-09-04,2026-09-18,134.41,128.99,138.77,Chronos
510157,2026-09-04,2026-09-19,134.44,128.54,139.45,Chronos
510157,2026-09-04,2026-09-20,134.04,128.56,139.74,Chronos
510157,2026-09-04,2026-09-21,134.57,128.77,139.69,Chronos
510157,2026-09-04,2026-09-22,134.54,128.48,139.58,Chronos
510157,2026-09-04,2026-09-23,134.19,127.19,139.52,Chronos
510157,2026-09-04,2026-09-24,133.68,126.76,139.62,Chronos
510157,2026-09-04,2026-09-25,133.61,126.26,139.76,Chronos
510157,2026-09-04,2026-09-26,133.28,125.57,139.68,Chronos
510157,2026-09-04,2026-09-27,133.15,125.37,139.86,Chronos
510157,2026-09-04,2026-09-28,133.22,124.92,140.19,Chronos
510157,2026-09-04,2026-09-29,133.25,123.96,140.39,Chronos
510157,2026-09-04,2026-09-30,132.95,123.73,140.55,Chronos
510157,2026-09-04,2026-10-01,132.62,122.25,140.53,Chronos
510157,2026-09-04,2026-10-02,132.27,122.45,140.31,Chronos
510157,2026-09-04,2026-10-03,131.85,121.83,140.52,Chronos
510157,2026-09-04,2026-10-04,131.8,120.53,139.95,Chronos
510158,2026-09-04,2026-09-05,143.51,142.63,143.73,Chronos
510158,2026-09-04,2026-09-06,143.73,142.26,144.84,Chronos
510158,2026-09-04,2026-09-07,143.46,141.44,145.0,Chronos
510158,2026-09-04,2026-09-08,143.55,141.12,145.54,Chronos
510158,2026-09-04,2026-09-09,143.58,140.67,146.03,Chronos
510158,2026-09-04,2026-09-10,143.6,140.22,146.22,Chronos
510158,2026-09-04,2026-09-11,143.69,139.89,146.76,Chronos
510158,2026-09-04,2026-09-12,143.58,139.45,146.97,Chronos
510158,2026-09-04,2026-09-13,143.73,138.78,147.5,Chronos
510158,2026-09-04,2026-09-14,143.68,138.45,148.24,Chronos
510158,2026-09-04,2026-09-15,143.54,137.27,148.65,Chronos
510158,2026-09-04,2026-09-16,143.7,136.64,149.0,Chronos
510158,2026-09-04,2026-09-17,143.74,135.34,149.59,Chronos
510158,2026-09-04,2026-09-18,143.54,134.62,150.17,Chronos
510158,2026-09-04,2026-09-19,143.49,133.34,150.37,Chronos
510158,2026-09-04,2026-09-20,143.56,132.96,150.43,Chronos
510158,2026-09-04,2026-09-21,143.57,133.71,150.51,Chronos
510158,2026-09-04,2026-09-22,143.47,133.03,151.1,Chronos
510158,2026-09-04,2026-09-23,143.36,131.88,151.6,Chronos
510158,2026-09-04,2026-09-24,143.36,131.13,151.92,Chronos
510158,2026-09-04,2026-09-25,143.16,130.35,152.87,Chronos
510158,2026-09-04,2026-09-26,143.13,129.51,152.66,Chronos
510158,2026-09-04,2026-09-27,143.05,128.6,152.9,Chronos
510158,2026-09-04,2026-09-28,143.06,128.02,153.46,Chronos
510158,2026-09-04,2026-09-29,143.05,127.93,153.69,Chronos
510158,2026-09-04,2026-09-30,142.97,127.01,154.46,Chronos
510158,2026-09-04,2026-10-01,142.78,126.35,154.82,Chronos
510158,2026-09-04,2026-10-02,142.99,125.73,155.56,Chronos
510158,2026-09-04,2026-10-03,143.06,125.37,155.93,Chronos
510158,2026-09-04,2026-10-04,142.92,125.29,156.33,Chronos
510159,2026-09-04,2026-09-05,198.84,197.21,200.53,Chronos
510159,2026-09-04,2026-09-06,198.77,195.7,201.16,Chronos
510159,2026-09-04,2026-09-07,198.33,194.25,201.5,Chronos
510159,2026-09-04,2026-09-08,197.81,193.42,201.92,Chronos
510159,2026-09-04,2026-09-09,197.57,192.21,202.48,Chronos
510159,2026-09-04,2026-09-10,196.92,190.9,202.44,Chronos
510159,2026-09-04,2026-09-11,196.83,190.39,202.75,Chronos
510159,2026-09-04,2026-09-12,196.56,189.56,202.98,Chronos
510159,2026-09-04,2026-09-13,196.31,188.37,203.32,Chronos
510159,2026-09-04,2026-09-14,195.84,187.74,203.38,Chronos
510159,2026-09-04,2026-09-15,195.44,186.22,203.45,Chronos
510159,2026-09-04,2026-09-16,195.02,185.57,203.32,Chronos
510159,2026-09-04,2026-09-17,194.39,183.66,203.73,Chronos
510159,2026-09-04,2026-09-18,194.3,182.19,203.71,Chronos
510159,2026-09-04,2026-09-19,193.63,181.29,203.81,Chronos
510159,2026-09-04,2026-09-20,193.25,180.69,203.97,Chronos
510159,2026-09-04,2026-09-21,193.39,181.78,203.13,Chronos
510159,2026-09-04,2026-09-22,192.91,180.85,203.37,Chronos
510159,2026-09-04,2026-09-23,192.36,180.14,203.3,Chronos
510159,2026-09-04,2026-09-24,191.83,179.03,203.81,Chronos
510159,2026-09-04,2026-09-25,191.14,177.17,203.09,Chronos
510159,2026-09-04,2026-09-26,190.38,176.33,203.25,Chronos
510159,2026-09-04,2026-09-27,189.84,174.91,203.11,Chronos
510159,2026-09-04,2026-09-28,189.37,174.0,203.36,Chronos
510159,2026-09-04,2026-09-29,188.59,172.86,203.51,Chronos
510159,2026-09-04,2026-09-30,187.96,171.81,202.96,Chronos
510159,2026-09-04,2026-10-01,187.23,170.84,203.02,Chronos
510159,2026-09-04,2026-10-02,186.58,169.58,202.89,Chronos
510159,2026-09-04,2026-10-03,185.9,168.28,202.75,Chronos
510159,2026-09-04,2026-10-04,185.18,167.58,202.78,Chronos
510161,2026-09-04,2026-09-05,211.76,210.83,212.38,Chronos
510161,2026-09-04,2026-09-06,211.51,210.23,212.38,Chronos
510161,2026-09-04,2026-09-07,211.14,209.31,212.36,Chronos
510161,2026-09-04,2026-09-08,210.85,208.87,212.27,Chronos
510161,2026-09-04,2026-09-09,210.53,208.27,212.49,Chronos
510161,2026-09-04,2026-09-10,210.35,207.77,212.47,Chronos
510161,2026-09-04,2026-09-11,210.05,206.96,212.43,Chronos
510161,2026-09-04,2026-09-12,209.76,206.56,212.48,Chronos
510161,2026-09-04,2026-09-13,209.52,205.97,212.59,Chronos
510161,2026-09-04,2026-09-14,209.45,205.73,212.78,Chronos
510161,2026-09-04,2026-09-15,209.3,205.13,213.03,Chronos
510161,2026-09-04,2026-09-16,209.2,204.68,213.26,Chronos
510161,2026-09-04,2026-09-17,209.25,204.07,213.56,Chronos
510161,2026-09-04,2026-09-18,209.17,204.1,213.97,Chronos
510161,2026-09-04,2026-09-19,209.19,203.8,213.93,Chronos
510161,2026-09-04,2026-09-20,209.2,203.7,213.92,Chronos
510161,2026-09-04,2026-09-21,209.37,203.98,214.12,Chronos
510161,2026-09-04,2026-09-22,209.29,203.66,214.23,Chronos
510161,2026-09-04,2026-09-23,209.26,203.53,214.1,Chronos
510161,2026-09-04,2026-09-24,209.08,203.39,214.23,Chronos
510161,2026-09-04,2026-09-25,208.86,202.8,214.26,Chronos
510161,2026-09-04,2026-09-26,208.82,202.65,214.32,Chronos
510161,2026-09-04,2026-09-27,208.66,202.24,214.24,Chronos
510161,2026-09-04,2026-09-28,208.54,201.93,214.4,Chronos
510161,2026-09-04,2026-09-29,208.4,201.64,214.63,Chronos
510161,2026-09-04,2026-09-30,208.37,201.33,214.63,Chronos
510161,2026-09-04,2026-10-01,208.15,200.95,214.76,Chronos
510161,2026-09-04,2026-10-02,208.02,200.48,214.83,Chronos
510161,2026-09-04,2026-10-03,207.98,199.96,214.9,Chronos
510161,2026-09-04,2026-10-04,207.74,199.83,215.02,Chronos
510162,2026-09-04,2026-09-05,235.15,233.21,236.86,Chronos
510162,2026-09-04,2026-09-06,235.1,231.66,237.02,Chronos
510162,2026-09-04,2026-09-07,234.89,231.42,237.04,Chronos
510162,2026-09-04,2026-09-08,234.19,231.1,237.28,Chronos
510162,2026-09-04,2026-09-09,234.34,229.46,237.81,Chronos
510162,2026-09-04,2026-09-10,233.91,228.42,238.23,Chronos
510162,2026-09-04,2026-09-11,234.24,228.59,238.64,Chronos
510162,2026-09-04,2026-09-12,234.22,227.62,239.25,Chronos
510162,2026-09-04,2026-09-13,234.59,226.94,239.73,Chronos
510162,2026-09-04,2026-09-14,234.34,226.62,240.69,Chronos
510162,2026-09-04,2026-09-15,234.14,224.99,240.16,Chronos
510162,2026-09-04,2026-09-16,233.86,224.12,240.35,Chronos
510162,2026-09-04,2026-09-17,232.87,222.45,240.84,Chronos
510162,2026-09-04,2026-09-18,233.18,220.74,240.25,Chronos
510162,2026-09-04,2026-09-19,233.61,220.09,241.49,Chronos
510162,2026-09-04,2026-09-20,232.81,220.28,242.05,Chronos
510162,2026-09-04,2026-09-21,233.74,219.56,242.8,Chronos
510162,2026-09-04,2026-09-22,233.84,219.09,242.5,Chronos
510162,2026-09-04,2026-09-23,233.49,217.14,242.62,Chronos
510162,2026-09-04,2026-09-24,232.7,215.54,243.05,Chronos
510162,2026-09-04,2026-09-25,232.59,215.26,243.29,Chronos
510162,2026-09-04,2026-09-26,231.97,213.81,243.01,Chronos
510162,2026-09-04,2026-09-27,232.2,214.15,243.65,Chronos
510162,2026-09-04,2026-09-28,232.4,212.22,244.59,Chronos
510162,2026-09-04,2026-09-29,232.64,209.2,244.94,Chronos
510162,2026-09-04,2026-09-30,232.07,209.46,245.33,Chronos
510162,2026-09-04,2026-10-01,231.74,205.43,245.45,Chronos
510162,2026-09-04,2026-10-02,231.5,203.8,245.25,Chronos
510162,2026-09-04,2026-10-03,230.39,200.84,245.39,Chronos
510162,2026-09-04,2026-10-04,230.6,198.07,244.17,Chronos
510163,2026-09-04,2026-09-05,194.43,192.86,195.23,Chronos
510163,2026-09-04,2026-09-06,194.08,191.82,195.69,Chronos
510163,2026-09-04,2026-09-07,194.06,191.28,196.05,Chronos
510163,2026-09-04,2026-09-08,194.15,191.02,196.48,Chronos
510163,2026-09-04,2026-09-09,194.13,190.55,196.53,Chronos
510163,2026-09-04,2026-09-10,194.04,189.68,197.12,Chronos
510163,2026-09-04,2026-09-11,193.92,189.26,197.37,Chronos
510163,2026-09-04,2026-09-12,193.99,188.51,197.74,Chronos
510163,2026-09-04,2026-09-13,193.86,188.04,198.03,Chronos
510163,2026-09-04,2026-09-14,193.85,187.28,198.23,Chronos
510163,2026-09-04,2026-09-15,193.73,186.2,198.5,Chronos
510163,2026-09-04,2026-09-16,193.69,185.42,198.7,Chronos
510163,2026-09-04,2026-09-17,193.66,184.49,198.93,Chronos
510163,2026-09-04,2026-09-18,193.55,183.13,199.7,Chronos
510163,2026-09-04,2026-09-19,193.63,182.08,200.65,Chronos
510163,2026-09-04,2026-09-20,193.61,181.81,200.46,Chronos
510163,2026-09-04,2026-09-21,194.37,179.43,199.52,Chronos
510163,2026-09-04,2026-09-22,194.16,178.44,200.22,Chronos
510163,2026-09-04,2026-09-23,193.8,176.95,200.58,Chronos
510163,2026-09-04,2026-09-24,193.69,175.63,201.04,Chronos
510163,2026-09-04,2026-09-25,193.57,174.75,201.32,Chronos
510163,2026-09-04,2026-09-26,193.58,172.88,201.7,Chronos
510163,2026-09-04,2026-09-27,193.32,170.89,201.9,Chronos
510163,2026-09-04,2026-09-28,192.98,169.61,201.92,Chronos
510163,2026-09-04,2026-09-29,192.97,167.72,202.6,Chronos
510163,2026-09-04,2026-09-30,192.64,166.34,203.08,Chronos
510163,2026-09-04,2026-10-01,192.34,163.94,203.2,Chronos
510163,2026-09-04,2026-10-02,192.26,162.26,203.15,Chronos
510163,2026-09-04,2026-10-03,192.04,160.88,203.54,Chronos
510163,2026-09-04,2026-10-04,191.67,159.69,204.2,Chronos
527797,2026-09-04,2026-09-05,50.56,50.25,50.91,Chronos
527797,2026-09-04,2026-09-06,50.55,50.1,50.94,Chronos
527797,2026-09-04,2026-09-07,50.53,50.03,50.94,Chronos
527797,2026-09-04,2026-09-08,50.39,49.94,50.93,Chronos
527797,2026-09-04,2026-09-09,50.41,49.8,51.02,Chronos
527797,2026-09-04,2026-09-10,50.36,49.71,51.08,Chronos
527797,2026-09-04,2026-09-11,50.4,49.69,51.13,Chronos
527797,2026-09-04,2026-09-12,50.41,49.6,51.22,Chronos
527797,2026-09-04,2026-09-13,50.46,49.59,51.26,Chronos
527797,2026-09-04,2026-09-14,50.42,49.53,51.37,Chronos
527797,2026-09-04,2026-09-15,50.39,49.43,51.3,Chronos
527797,2026-09-04,2026-09-16,50.35,49.32,51.31,Chronos
527797,2026-09-04,2026-09-17,50.25,49.2,51.36,Chronos
527797,2026-09-04,2026-09-18,50.26,49.12,51.25,Chronos
527797,2026-09-04,2026-09-19,50.27,49.03,51.38,Chronos
527797,2026-09-04,2026-09-20,50.17,48.99,51.42,Chronos
527797,2026-09-04,2026-09-21,50.26,49.08,51.36,Chronos
527797,2026-09-04,2026-09-22,50.26,49.01,51.36,Chronos
527797,2026-09-04,2026-09-23,50.23,48.82,51.36,Chronos
527797,2026-09-04,2026-09-24,50.1,48.84,51.39,Chronos
527797,2026-09-04,2026-09-25,50.1,48.62,51.45,Chronos
527797,2026-09-04,2026-09-26,50.06,48.52,51.45,Chronos
527797,2026-09-04,2026-09-27,50.06,48.49,51.49,Chronos
527797,2026-09-04,2026-09-28,50.09,48.42,51.58,Chronos
527797,2026-09-04,2026-09-29,50.15,48.3,51.63,Chronos
527797,2026-09-04,2026-09-30,50.12,48.29,51.72,Chronos
527797,2026-09-04,2026-10-01,50.08,48.08,51.71,Chronos
527797,2026-09-04,2026-10-02,50.04,48.08,51.68,Chronos
527797,2026-09-04,2026-10-03,49.95,47.94,51.72,Chronos
527797,2026-09-04,2026-10-04,49.97,47.8,51.58,Chronos
527798,2026-09-04,2026-09-05,43.78,43.16,44.29,Chronos
527798,2026-09-04,2026-09-06,43.84,42.95,44.52,Chronos
527798,2026-09-04,2026-09-07,43.9,42.79,44.73,Chronos
527798,2026-09-04,2026-09-08,43.88,42.72,44.96,Chronos
527798,2026-09-04,2026-09-09,43.98,42.55,45.26,Chronos
527798,2026-09-04,2026-09-10,44.01,42.39,45.54,Chronos
527798,2026-09-04,2026-09-11,44.01,42.18,45.66,Chronos
527798,2026-09-04,2026-09-12,44.02,41.96,45.79,Chronos
527798,2026-09-04,2026-09-13,44.12,41.83,46.0,Chronos
527798,2026-09-04,2026-09-14,44.12,41.74,46.1,Chronos
527798,2026-09-04,2026-09-15,44.15,41.42,46.34,Chronos
527798,2026-09-04,2026-09-16,44.17,41.23,46.56,Chronos
527798,2026-09-04,2026-09-17,44.13,41.06,46.79,Chronos
527798,2026-09-04,2026-09-18,44.26,40.83,46.75,Chronos
527798,2026-09-04,2026-09-19,44.31,40.73,46.9,Chronos
527798,2026-09-04,2026-09-20,44.2,40.46,46.93,Chronos
527798,2026-09-04,2026-09-21,44.7,40.67,47.79,Chronos
527798,2026-09-04,2026-09-22,44.67,40.41,47.9,Chronos
527798,2026-09-04,2026-09-23,44.7,40.25,48.06,Chronos
527798,2026-09-04,2026-09-24,44.68,40.21,48.23,Chronos
527798,2026-09-04,2026-09-25,44.84,39.98,48.29,Chronos
527798,2026-09-04,2026-09-26,44.78,39.78,48.65,Chronos
527798,2026-09-04,2026-09-27,44.81,39.62,48.73,Chronos
527798,2026-09-04,2026-09-28,44.84,39.52,48.88,Chronos
527798,2026-09-04,2026-09-29,45.0,39.46,48.98,Chronos
527798,2026-09-04,2026-09-30,44.95,39.39,49.15,Chronos
527798,2026-09-04,2026-10-01,45.07,39.29,49.39,Chronos
527798,2026-09-04,2026-10-02,45.07,39.02,49.55,Chronos
527798,2026-09-04,2026-10-03,45.06,38.75,49.81,Chronos
527798,2026-09-04,2026-10-04,45.13,38.82,49.61,Chronos
527799,2026-09-04,2026-09-05,145.86,144.78,147.15,Chronos
527799,2026-09-04,2026-09-06,145.89,144.14,147.31,Chronos
527799,2026-09-04,2026-09-07,145.87,144.16,147.25,Chronos
527799,2026-09-04,2026-09-08,145.5,144.21,147.27,Chronos
527799,2026-09-04,2026-09-09,145.54,143.47,147.5,Chronos
527799,2026-09-04,2026-09-10,145.39,143.21,147.68,Chronos
527799,2026-09-04,2026-09-11,145.57,143.21,147.78,Chronos
527799,2026-09-04,2026-09-12,145.73,143.03,148.15,Chronos
527799,2026-09-04,2026-09-13,146.02,143.03,148.32,Chronos
527799,2026-09-04,2026-09-14,145.97,143.03,148.84,Chronos
527799,2026-09-04,2026-09-15,145.92,142.44,148.52,Chronos
527799,2026-09-04,2026-09-16,145.8,142.02,148.66,Chronos
527799,2026-09-04,2026-09-17,145.25,141.26,148.96,Chronos
527799,2026-09-04,2026-09-18,145.46,140.83,148.48,Chronos
527799,2026-09-04,2026-09-19,145.72,140.91,149.28,Chronos
527799,2026-09-04,2026-09-20,145.26,141.14,149.42,Chronos
527799,2026-09-04,2026-09-21,145.26,139.47,149.94,Chronos
527799,2026-09-04,2026-09-22,145.35,139.02,149.99,Chronos
527799,2026-09-04,2026-09-23,145.33,138.39,150.0,Chronos
527799,2026-09-04,2026-09-24,144.93,137.89,150.24,Chronos
527799,2026-09-04,2026-09-25,144.99,137.94,150.5,Chronos
527799,2026-09-04,2026-09-26,144.82,137.73,150.33,Chronos
527799,2026-09-04,2026-09-27,144.97,138.06,150.39,Chronos
527799,2026-09-04,2026-09-28,145.2,137.56,150.7,Chronos
527799,2026-09-04,2026-09-29,145.49,136.76,150.72,Chronos
527799,2026-09-04,2026-09-30,145.32,136.82,151.32,Chronos
527799,2026-09-04,2026-10-01,145.21,135.53,151.03,Chronos
527799,2026-09-04,2026-10-02,145.05,135.45,150.83,Chronos
527799,2026-09-04,2026-10-03,144.47,134.51,150.91,Chronos
527799,2026-09-04,2026-10-04,144.66,133.51,150.12,Chronos
527800,2026-09-04,2026-09-05,74.34,73.78,74.85,Chronos
527800,2026-09-04,2026-09-06,74.25,73.24,74.94,Chronos
527800,2026-09-04,2026-09-07,74.12,72.86,74.95,Chronos
527800,2026-09-04,2026-09-08,73.86,72.65,74.98,Chronos
527800,2026-09-04,2026-09-09,73.78,72.12,75.21,Chronos
527800,2026-09-04,2026-09-10,73.63,71.75,75.28,Chronos
527800,2026-09-04,2026-09-11,73.65,71.64,75.42,Chronos
527800,2026-09-04,2026-09-12,73.62,71.28,75.58,Chronos
527800,2026-09-04,2026-09-13,73.65,70.97,75.7,Chronos
527800,2026-09-04,2026-09-14,73.52,70.8,75.9,Chronos
527800,2026-09-04,2026-09-15,73.41,70.36,75.86,Chronos
527800,2026-09-04,2026-09-16,73.32,70.21,75.83,Chronos
527800,2026-09-04,2026-09-17,73.06,69.84,75.93,Chronos
527800,2026-09-04,2026-09-18,73.04,69.36,75.71,Chronos
527800,2026-09-04,2026-09-19,73.04,69.11,76.0,Chronos
527800,2026-09-04,2026-09-20,72.76,68.68,76.18,Chronos
527800,2026-09-04,2026-09-21,73.14,69.09,76.37,Chronos
527800,2026-09-04,2026-09-22,73.02,68.79,76.37,Chronos
527800,2026-09-04,2026-09-23,72.83,68.1,76.44,Chronos
527800,2026-09-04,2026-09-24,72.65,67.68,76.7,Chronos
527800,2026-09-04,2026-09-25,72.61,67.17,76.65,Chronos
527800,2026-09-04,2026-09-26,72.43,67.14,76.75,Chronos
527800,2026-09-04,2026-09-27,72.43,66.66,76.98,Chronos
527800,2026-09-04,2026-09-28,72.43,66.4,77.1,Chronos
527800,2026-09-04,2026-09-29,72.5,65.94,77.46,Chronos
527800,2026-09-04,2026-09-30,72.37,65.86,77.4,Chronos
527800,2026-09-04,2026-10-01,72.28,64.88,77.54,Chronos
527800,2026-09-04,2026-10-02,72.1,64.41,77.59,Chronos
527800,2026-09-04,2026-10-03,71.91,63.83,77.71,Chronos
527800,2026-09-04,2026-10-04,71.8,63.3,77.39,Chronos
527802,2026-09-04,2026-09-05,269.01,268.0,269.53,Chronos
527802,2026-09-04,2026-09-06,269.04,267.29,269.8,Chronos
527802,2026-09-04,2026-09-07,269.02,267.35,270.08,Chronos
527802,2026-09-04,2026-09-08,268.97,267.32,270.35,Chronos
527802,2026-09-04,2026-09-09,268.77,266.58,270.85,Chronos
527802,2026-09-04,2026-09-10,269.09,266.25,271.02,Chronos
527802,2026-09-04,2026-09-11,269.15,266.18,271.37,Chronos
527802,2026-09-04,2026-09-12,269.06,265.82,271.51,Chronos
527802,2026-09-04,2026-09-13,269.03,264.95,271.9,Chronos
527802,2026-09-04,2026-09-14,269.16,264.78,272.09,Chronos
527802,2026-09-04,2026-09-15,269.04,263.61,272.22,Chronos
527802,2026-09-04,2026-09-16,269.11,263.19,273.13,Chronos
527802,2026-09-04,2026-09-17,268.73,261.86,273.58,Chronos
527802,2026-09-04,2026-09-18,269.07,260.78,274.15,Chronos
527802,2026-09-04,2026-09-19,269.25,260.57,274.08,Chronos
527802,2026-09-04,2026-09-20,269.19,260.66,274.54,Chronos
527802,2026-09-04,2026-09-21,270.61,260.53,276.11,Chronos
527802,2026-09-04,2026-09-22,270.68,260.65,276.23,Chronos
527802,2026-09-04,2026-09-23,270.62,259.59,276.45,Chronos
527802,2026-09-04,2026-09-24,270.5,258.87,276.98,Chronos
527802,2026-09-04,2026-09-25,270.35,258.13,277.08,Chronos
527802,2026-09-04,2026-09-26,270.42,257.23,277.27,Chronos
527802,2026-09-04,2026-09-27,270.64,255.58,277.95,Chronos
527802,2026-09-04,2026-09-28,270.56,254.84,278.17,Chronos
527802,2026-09-04,2026-09-29,270.76,254.1,278.72,Chronos
527802,2026-09-04,2026-09-30,270.72,253.29,278.69,Chronos
527802,2026-09-04,2026-10-01,270.78,252.56,278.96,Chronos
527802,2026-09-04,2026-10-02,270.87,251.73,280.79,Chronos
527802,2026-09-04,2026-10-03,270.55,250.19,281.28,Chronos
527802,2026-09-04,2026-10-04,270.82,248.6,280.84,Chronos
528107,2026-09-04,2026-09-05,46.39,46.13,46.45,Chronos
528107,2026-09-04,2026-09-06,46.4,46.05,46.59,Chronos
528107,2026-09-04,2026-09-07,46.38,45.89,46.74,Chronos
528107,2026-09-04,2026-09-08,46.41,45.83,46.84,Chronos
528107,2026-09-04,2026-09-09,46.42,45.73,47.06,Chronos
528107,2026-09-04,2026-09-10,46.47,45.63,47.19,Chronos
528107,2026-09-04,2026-09-11,46.51,45.62,47.31,Chronos
528107,2026-09-04,2026-09-12,46.48,45.51,47.36,Chronos
528107,2026-09-04,2026-09-13,46.49,45.34,47.5,Chronos
528107,2026-09-04,2026-09-14,46.5,45.3,47.55,Chronos
528107,2026-09-04,2026-09-15,46.48,45.08,47.67,Chronos
528107,2026-09-04,2026-09-16,46.48,45.04,47.85,Chronos
528107,2026-09-04,2026-09-17,46.44,44.85,47.99,Chronos
528107,2026-09-04,2026-09-18,46.46,44.55,48.05,Chronos
528107,2026-09-04,2026-09-19,46.48,44.37,48.08,Chronos
528107,2026-09-04,2026-09-20,46.4,44.22,48.1,Chronos
528107,2026-09-04,2026-09-21,46.69,44.47,48.41,Chronos
528107,2026-09-04,2026-09-22,46.63,44.33,48.45,Chronos
528107,2026-09-04,2026-09-23,46.61,44.21,48.53,Chronos
528107,2026-09-04,2026-09-24,46.6,44.16,48.71,Chronos
528107,2026-09-04,2026-09-25,46.6,43.97,48.69,Chronos
528107,2026-09-04,2026-09-26,46.59,43.99,48.78,Chronos
528107,2026-09-04,2026-09-27,46.63,43.9,48.86,Chronos
528107,2026-09-04,2026-09-28,46.6,43.82,48.88,Chronos
528107,2026-09-04,2026-09-29,46.64,43.77,48.98,Chronos
528107,2026-09-04,2026-09-30,46.66,43.77,49.02,Chronos
528107,2026-09-04,2026-10-01,46.68,43.59,49.12,Chronos
528107,2026-09-04,2026-10-02,46.67,43.43,49.31,Chronos
528107,2026-09-04,2026-10-03,46.65,43.31,49.37,Chronos
528107,2026-09-04,2026-10-04,46.64,43.26,49.31,Chronos
528108,2026-09-04,2026-09-05,42.69,41.91,43.51,Chronos
528108,2026-09-04,2026-09-06,42.71,41.82,43.72,Chronos
528108,2026-09-04,2026-09-07,42.8,41.68,43.91,Chronos
528108,2026-09-04,2026-09-08,42.83,41.67,44.21,Chronos
528108,2026-09-04,2026-09-09,42.92,41.51,44.44,Chronos
528108,2026-09-04,2026-09-10,42.95,41.38,44.7,Chronos
528108,2026-09-04,2026-09-11,43.04,41.4,44.86,Chronos
528108,2026-09-04,2026-09-12,43.17,41.37,45.1,Chronos
528108,2026-09-04,2026-09-13,43.3,41.34,45.33,Chronos
528108,2026-09-04,2026-09-14,43.33,41.3,45.43,Chronos
528108,2026-09-04,2026-09-15,43.43,41.21,45.71,Chronos
528108,2026-09-04,2026-09-16,43.49,41.27,45.96,Chronos
528108,2026-09-04,2026-09-17,43.48,41.24,46.17,Chronos
528108,2026-09-04,2026-09-18,43.64,41.12,46.2,Chronos
528108,2026-09-04,2026-09-19,43.78,41.07,46.34,Chronos
528108,2026-09-04,2026-09-20,43.84,41.2,46.47,Chronos
528108,2026-09-04,2026-09-21,44.41,41.61,47.71,Chronos
528108,2026-09-04,2026-09-22,44.42,41.57,47.88,Chronos
528108,2026-09-04,2026-09-23,44.47,41.58,47.97,Chronos
528108,2026-09-04,2026-09-24,44.53,41.56,48.28,Chronos
528108,2026-09-04,2026-09-25,44.66,41.45,48.28,Chronos
528108,2026-09-04,2026-09-26,44.6,41.48,48.56,Chronos
528108,2026-09-04,2026-09-27,44.73,41.48,48.74,Chronos
528108,2026-09-04,2026-09-28,44.86,41.58,48.95,Chronos
528108,2026-09-04,2026-09-29,45.06,41.54,49.11,Chronos
528108,2026-09-04,2026-09-30,45.1,41.61,49.23,Chronos
528108,2026-09-04,2026-10-01,45.17,41.4,49.53,Chronos
528108,2026-09-04,2026-10-02,45.18,41.52,49.81,Chronos
528108,2026-09-04,2026-10-03,45.14,41.33,49.92,Chronos
528108,2026-09-04,2026-10-04,45.25,41.24,49.84,Chronos
528109,2026-09-04,2026-09-05,49.04,48.38,49.47,Chronos
528109,2026-09-04,2026-09-06,49.01,48.08,49.73,Chronos
528109,2026-09-04,2026-09-07,48.87,47.77,49.74,Chronos
528109,2026-09-04,2026-09-08,48.9,47.65,49.94,Chronos
528109,2026-09-04,2026-09-09,48.85,47.49,50.0,Chronos
528109,2026-09-04,2026-09-10,48.82,47.3,50.15,Chronos
528109,2026-09-04,2026-09-11,48.77,46.93,50.22,Chronos
528109,2026-09-04,2026-09-12,48.73,46.62,50.29,Chronos
528109,2026-09-04,2026-09-13,48.7,46.52,50.27,Chronos
528109,2026-09-04,2026-09-14,48.61,46.21,50.34,Chronos
528109,2026-09-04,2026-09-15,48.62,46.02,50.51,Chronos
528109,2026-09-04,2026-09-16,48.61,45.83,50.56,Chronos
528109,2026-09-04,2026-09-17,48.57,45.42,50.62,Chronos
528109,2026-09-04,2026-09-18,48.53,45.15,50.9,Chronos
528109,2026-09-04,2026-09-19,48.34,44.79,51.02,Chronos
528109,2026-09-04,2026-09-20,48.41,44.72,50.96,Chronos
528109,2026-09-04,2026-09-21,48.6,44.51,51.19,Chronos
528109,2026-09-04,2026-09-22,48.52,44.28,51.32,Chronos
528109,2026-09-04,2026-09-23,48.3,43.89,51.37,Chronos
528109,2026-09-04,2026-09-24,48.32,43.65,51.56,Chronos
528109,2026-09-04,2026-09-25,48.26,43.23,51.65,Chronos
528109,2026-09-04,2026-09-26,48.26,43.17,51.8,Chronos
528109,2026-09-04,2026-09-27,48.18,42.82,51.95,Chronos
528109,2026-09-04,2026-09-28,48.05,42.42,51.93,Chronos
528109,2026-09-04,2026-09-29,48.08,42.12,52.16,Chronos
528109,2026-09-04,2026-09-30,47.99,41.87,52.36,Chronos
528109,2026-09-04,2026-10-01,47.93,41.4,52.53,Chronos
528109,2026-09-04,2026-10-02,47.9,41.32,52.6,Chronos
528109,2026-09-04,2026-10-03,47.86,41.01,52.68,Chronos
528109,2026-09-04,2026-10-04,47.76,40.75,52.86,Chronos
528110,2026-09-04,2026-09-05,61.64,61.33,61.8,Chronos
528110,2026-09-04,2026-09-06,61.6,61.02,61.88,Chronos
528110,2026-09-04,2026-09-07,61.54,60.79,62.01,Chronos
528110,2026-09-04,2026-09-08,61.47,60.59,62.11,Chronos
528110,2026-09-04,2026-09-09,61.41,60.32,62.31,Chronos
528110,2026-09-04,2026-09-10,61.5,60.16,62.47,Chronos
528110,2026-09-04,2026-09-11,61.58,59.9,62.66,Chronos
528110,2026-09-04,2026-09-12,61.64,59.88,62.81,Chronos
528110,2026-09-04,2026-09-13,61.74,59.76,63.01,Chronos
528110,2026-09-04,2026-09-14,61.8,59.83,63.17,Chronos
528110,2026-09-04,2026-09-15,61.85,59.48,63.43,Chronos
528110,2026-09-04,2026-09-16,61.93,59.24,63.76,Chronos
528110,2026-09-04,2026-09-17,61.95,58.98,64.03,Chronos
528110,2026-09-04,2026-09-18,62.07,58.84,64.08,Chronos
528110,2026-09-04,2026-09-19,62.1,58.55,64.2,Chronos
528110,2026-09-04,2026-09-20,62.02,58.36,64.15,Chronos
528110,2026-09-04,2026-09-21,62.38,58.89,64.4,Chronos
528110,2026-09-04,2026-09-22,62.34,58.67,64.5,Chronos
528110,2026-09-04,2026-09-23,62.35,58.43,64.69,Chronos
528110,2026-09-04,2026-09-24,62.38,58.44,64.94,Chronos
528110,2026-09-04,2026-09-25,62.43,58.17,64.99,Chronos
528110,2026-09-04,2026-09-26,62.44,57.94,65.16,Chronos
528110,2026-09-04,2026-09-27,62.54,57.63,65.31,Chronos
528110,2026-09-04,2026-09-28,62.51,57.51,65.37,Chronos
528110,2026-09-04,2026-09-29,62.63,57.59,65.5,Chronos
528110,2026-09-04,2026-09-30,62.63,57.47,65.67,Chronos
528110,2026-09-04,2026-10-01,62.65,57.3,65.88,Chronos
528110,2026-09-04,2026-10-02,62.65,57.01,66.16,Chronos
528110,2026-09-04,2026-10-03,62.64,56.65,66.41,Chronos
528110,2026-09-04,2026-10-04,62.66,56.63,66.3,Chronos
528111,2026-09-04,2026-09-05,160.59,159.78,161.43,Chronos
528111,2026-09-04,2026-09-06,160.54,159.04,161.43,Chronos
528111,2026-09-04,2026-09-07,160.54,158.97,161.55,Chronos
528111,2026-09-04,2026-09-08,160.22,158.64,161.68,Chronos
528111,2026-09-04,2026-09-09,160.2,157.99,161.97,Chronos
528111,2026-09-04,2026-09-10,160.04,157.71,162.12,Chronos
528111,2026-09-04,2026-09-11,160.08,157.45,162.28,Chronos
528111,2026-09-04,2026-09-12,160.03,156.87,162.4,Chronos
528111,2026-09-04,2026-09-13,160.1,156.47,162.66,Chronos
528111,2026-09-04,2026-09-14,160.0,156.27,162.95,Chronos
528111,2026-09-04,2026-09-15,159.86,155.66,162.96,Chronos
528111,2026-09-04,2026-09-16,159.72,155.28,162.9,Chronos
528111,2026-09-04,2026-09-17,159.26,154.48,162.99,Chronos
528111,2026-09-04,2026-09-18,159.27,153.21,162.72,Chronos
528111,2026-09-04,2026-09-19,159.37,152.33,163.14,Chronos
528111,2026-09-04,2026-09-20,158.97,152.1,163.4,Chronos
528111,2026-09-04,2026-09-21,158.94,153.88,162.7,Chronos
528111,2026-09-04,2026-09-22,158.84,153.33,162.67,Chronos
528111,2026-09-04,2026-09-23,158.58,152.05,162.73,Chronos
528111,2026-09-04,2026-09-24,158.17,151.31,162.85,Chronos
528111,2026-09-04,2026-09-25,158.04,151.08,163.06,Chronos
528111,2026-09-04,2026-09-26,157.53,149.96,162.89,Chronos
528111,2026-09-04,2026-09-27,157.43,149.17,163.19,Chronos
528111,2026-09-04,2026-09-28,157.15,148.6,163.02,Chronos
528111,2026-09-04,2026-09-29,157.07,147.45,163.34,Chronos
528111,2026-09-04,2026-09-30,156.72,147.13,163.2,Chronos
528111,2026-09-04,2026-10-01,156.45,145.24,163.49,Chronos
528111,2026-09-04,2026-10-02,156.16,144.04,163.33,Chronos
528111,2026-09-04,2026-10-03,155.46,141.92,163.23,Chronos
528111,2026-09-04,2026-10-04,155.17,140.13,163.02,Chronos
528112,2026-09-04,2026-09-05,55.03,54.54,55.57,Chronos
528112,2026-09-04,2026-09-06,55.07,54.28,55.74,Chronos
528112,2026-09-04,2026-09-07,55.13,54.18,55.9,Chronos
528112,2026-09-04,2026-09-08,55.06,54.03,56.11,Chronos
528112,2026-09-04,2026-09-09,55.15,53.84,56.37,Chronos
528112,2026-09-04,2026-09-10,55.14,53.67,56.56,Chronos
528112,2026-09-04,2026-09-11,55.24,53.58,56.78,Chronos
528112,2026-09-04,2026-09-12,55.3,53.44,56.99,Chronos
528112,2026-09-04,2026-09-13,55.41,53.33,57.16,Chronos
528112,2026-09-04,2026-09-14,55.4,53.22,57.28,Chronos
528112,2026-09-04,2026-09-15,55.41,53.01,57.52,Chronos
528112,2026-09-04,2026-09-16,55.41,52.97,57.66,Chronos
528112,2026-09-04,2026-09-17,55.4,52.72,57.93,Chronos
528112,2026-09-04,2026-09-18,55.52,52.64,57.98,Chronos
528112,2026-09-04,2026-09-19,55.61,52.32,58.09,Chronos
528112,2026-09-04,2026-09-20,55.44,52.04,58.15,Chronos
528112,2026-09-04,2026-09-21,56.02,52.66,58.89,Chronos
528112,2026-09-04,2026-09-22,56.0,52.61,58.95,Chronos
528112,2026-09-04,2026-09-23,55.98,52.53,58.98,Chronos
528112,2026-09-04,2026-09-24,55.97,52.46,59.18,Chronos
528112,2026-09-04,2026-09-25,56.09,52.31,59.16,Chronos
528112,2026-09-04,2026-09-26,55.97,52.19,59.32,Chronos
528112,2026-09-04,2026-09-27,56.13,52.17,59.55,Chronos
528112,2026-09-04,2026-09-28,56.19,52.17,59.7,Chronos
528112,2026-09-04,2026-09-29,56.37,52.15,59.91,Chronos
528112,2026-09-04,2026-09-30,56.4,52.24,60.05,Chronos
528112,2026-09-04,2026-10-01,56.42,51.96,60.34,Chronos
528112,2026-09-04,2026-10-02,56.44,51.93,60.48,Chronos
528112,2026-09-04,2026-10-03,56.43,51.78,60.7,Chronos
528112,2026-09-04,2026-10-04,56.53,51.74,60.61,Chronos
528113,2026-09-04,2026-09-05,65.1,64.21,65.69,Chronos
528113,2026-09-04,2026-09-06,64.98,63.55,65.93,Chronos
528113,2026-09-04,2026-09-07,64.71,62.71,66.1,Chronos
528113,2026-09-04,2026-09-08,64.44,62.39,66.14,Chronos
528113,2026-09-04,2026-09-09,64.29,61.83,66.39,Chronos
528113,2026-09-04,2026-09-10,64.06,61.26,66.43,Chronos
528113,2026-09-04,2026-09-11,63.92,60.93,66.53,Chronos
528113,2026-09-04,2026-09-12,63.77,60.51,66.61,Chronos
528113,2026-09-04,2026-09-13,63.59,59.89,66.69,Chronos
528113,2026-09-04,2026-09-14,63.33,59.48,66.89,Chronos
528113,2026-09-04,2026-09-15,63.0,58.62,66.69,Chronos
528113,2026-09-04,2026-09-16,62.74,58.49,66.66,Chronos
528113,2026-09-04,2026-09-17,62.55,57.88,66.82,Chronos
528113,2026-09-04,2026-09-18,62.31,57.24,66.95,Chronos
528113,2026-09-04,2026-09-19,62.12,56.53,67.0,Chronos
528113,2026-09-04,2026-09-20,62.02,56.3,66.91,Chronos
528113,2026-09-04,2026-09-21,61.59,55.41,66.45,Chronos
528113,2026-09-04,2026-09-22,61.43,54.86,66.67,Chronos
528113,2026-09-04,2026-09-23,61.27,54.48,66.63,Chronos
528113,2026-09-04,2026-09-24,60.98,54.04,66.87,Chronos
528113,2026-09-04,2026-09-25,60.66,53.39,66.8,Chronos
528113,2026-09-04,2026-09-26,60.62,53.09,66.87,Chronos
528113,2026-09-04,2026-09-27,60.36,52.43,66.71,Chronos
528113,2026-09-04,2026-09-28,60.22,51.99,67.0,Chronos
528113,2026-09-04,2026-09-29,60.04,51.51,67.19,Chronos
528113,2026-09-04,2026-09-30,59.82,51.08,67.24,Chronos
528113,2026-09-04,2026-10-01,59.57,50.46,67.25,Chronos
528113,2026-09-04,2026-10-02,59.37,49.95,67.23,Chronos
528113,2026-09-04,2026-10-03,59.29,49.52,67.2,Chronos
528113,2026-09-04,2026-10-04,58.99,49.1,67.36,Chronos
539156,2026-09-04,2026-09-05,65.06,64.76,65.3,Chronos
539156,2026-09-04,2026-09-06,65.03,64.5,65.47,Chronos
539156,2026-09-04,2026-09-07,65.05,64.5,65.57,Chronos
539156,2026-09-04,2026-09-08,65.12,64.53,65.73,Chronos
539156,2026-09-04,2026-09-09,65.15,64.35,65.88,Chronos
539156,2026-09-04,2026-09-10,65.17,64.41,65.92,Chronos
539156,2026-09-04,2026-09-11,65.17,64.36,65.95,Chronos
539156,2026-09-04,2026-09-12,65.24,64.25,66.13,Chronos
539156,2026-09-04,2026-09-13,65.21,64.21,66.2,Chronos
539156,2026-09-04,2026-09-14,65.22,64.13,66.2,Chronos
539156,2026-09-04,2026-09-15,65.31,64.15,66.23,Chronos
539156,2026-09-04,2026-09-16,65.34,64.12,66.41,Chronos
539156,2026-09-04,2026-09-17,65.37,63.98,66.51,Chronos
539156,2026-09-04,2026-09-18,65.36,64.04,66.56,Chronos
539156,2026-09-04,2026-09-19,65.39,64.07,66.74,Chronos
539156,2026-09-04,2026-09-20,65.52,64.08,66.78,Chronos
539156,2026-09-04,2026-09-21,65.46,63.76,66.76,Chronos
539156,2026-09-04,2026-09-22,65.43,63.88,66.75,Chronos
539156,2026-09-04,2026-09-23,65.46,63.87,66.74,Chronos
539156,2026-09-04,2026-09-24,65.53,64.03,66.82,Chronos
539156,2026-09-04,2026-09-25,65.55,63.81,66.87,Chronos
539156,2026-09-04,2026-09-26,65.53,64.05,66.87,Chronos
539156,2026-09-04,2026-09-27,65.57,63.96,66.87,Chronos
539156,2026-09-04,2026-09-28,65.63,63.81,67.01,Chronos
539156,2026-09-04,2026-09-29,65.65,63.84,67.03,Chronos
539156,2026-09-04,2026-09-30,65.64,63.61,67.12,Chronos
539156,2026-09-04,2026-10-01,65.68,63.61,67.24,Chronos
539156,2026-09-04,2026-10-02,65.66,63.42,67.4,Chronos
539156,2026-09-04,2026-10-03,65.64,63.24,67.49,Chronos
539156,2026-09-04,2026-10-04,65.59,63.28,67.52,Chronos
539157,2026-09-04,2026-09-05,45.21,44.45,45.98,Chronos
539157,2026-09-04,2026-09-06,45.23,43.97,45.99,Chronos
539157,2026-09-04,2026-09-07,45.15,43.82,45.84,Chronos
539157,2026-09-04,2026-09-08,44.39,42.25,45.84,Chronos
539157,2026-09-04,2026-09-09,44.22,41.49,45.95,Chronos
539157,2026-09-04,2026-09-10,44.06,40.65,46.11,Chronos
539157,2026-09-04,2026-09-11,44.16,40.53,46.19,Chronos
539157,2026-09-04,2026-09-12,44.06,40.23,46.31,Chronos
539157,2026-09-04,2026-09-13,43.97,40.07,46.48,Chronos
539157,2026-09-04,2026-09-14,44.09,40.02,46.55,Chronos
539157,2026-09-04,2026-09-15,44.15,39.97,46.83,Chronos
539157,2026-09-04,2026-09-16,44.23,39.46,47.12,Chronos
539157,2026-09-04,2026-09-17,44.22,39.19,47.3,Chronos
539157,2026-09-04,2026-09-18,44.4,39.08,47.25,Chronos
539157,2026-09-04,2026-09-19,44.37,39.18,47.45,Chronos
539157,2026-09-04,2026-09-20,44.45,39.35,47.51,Chronos
539157,2026-09-04,2026-09-21,45.25,39.15,48.64,Chronos
539157,2026-09-04,2026-09-22,45.29,38.93,48.69,Chronos
539157,2026-09-04,2026-09-23,45.36,38.87,48.68,Chronos
539157,2026-09-04,2026-09-24,45.33,38.84,48.94,Chronos
539157,2026-09-04,2026-09-25,45.53,38.68,49.08,Chronos
539157,2026-09-04,2026-09-26,45.45,38.2,49.31,Chronos
539157,2026-09-04,2026-09-27,45.54,37.82,49.34,Chronos
539157,2026-09-04,2026-09-28,45.58,37.67,49.46,Chronos
539157,2026-09-04,2026-09-29,45.79,37.84,49.46,Chronos
539157,2026-09-04,2026-09-30,45.77,37.7,49.63,Chronos
539157,2026-09-04,2026-10-01,45.81,37.78,49.79,Chronos
539157,2026-09-04,2026-10-02,45.79,37.45,49.96,Chronos
539157,2026-09-04,2026-10-03,45.78,37.0,50.02,Chronos
539157,2026-09-04,2026-10-04,45.83,36.92,49.79,Chronos
539158,2026-09-04,2026-09-05,62.98,62.38,63.56,Chronos
539158,2026-09-04,2026-09-06,62.98,62.36,63.59,Chronos
539158,2026-09-04,2026-09-07,63.02,62.23,63.65,Chronos
539158,2026-09-04,2026-09-08,63.01,62.2,63.72,Chronos
539158,2026-09-04,2026-09-09,63.05,62.24,63.97,Chronos
539158,2026-09-04,2026-09-10,63.13,62.15,64.0,Chronos
539158,2026-09-04,2026-09-11,63.2,62.25,64.16,Chronos
539158,2026-09-04,2026-09-12,63.24,62.16,64.27,Chronos
539158,2026-09-04,2026-09-13,63.25,62.09,64.34,Chronos
539158,2026-09-04,2026-09-14,63.26,62.06,64.36,Chronos
539158,2026-09-04,2026-09-15,63.28,62.0,64.43,Chronos
539158,2026-09-04,2026-09-16,63.27,61.91,64.59,Chronos
539158,2026-09-04,2026-09-17,63.35,61.88,64.77,Chronos
539158,2026-09-04,2026-09-18,63.28,61.75,64.87,Chronos
539158,2026-09-04,2026-09-19,63.35,61.82,64.93,Chronos
539158,2026-09-04,2026-09-20,63.4,61.76,64.99,Chronos
539158,2026-09-04,2026-09-21,63.57,61.64,65.43,Chronos
539158,2026-09-04,2026-09-22,63.56,61.52,65.44,Chronos
539158,2026-09-04,2026-09-23,63.59,61.38,65.51,Chronos
539158,2026-09-04,2026-09-24,63.62,61.34,65.62,Chronos
539158,2026-09-04,2026-09-25,63.67,61.32,65.83,Chronos
539158,2026-09-04,2026-09-26,63.74,61.23,65.94,Chronos
539158,2026-09-04,2026-09-27,63.77,61.2,66.04,Chronos
539158,2026-09-04,2026-09-28,63.8,61.23,66.11,Chronos
539158,2026-09-04,2026-09-29,63.83,61.1,66.24,Chronos
539158,2026-09-04,2026-09-30,63.76,61.05,66.25,Chronos
539158,2026-09-04,2026-10-01,63.77,60.85,66.35,Chronos
539158,2026-09-04,2026-10-02,63.75,60.74,66.62,Chronos
539158,2026-09-04,2026-10-03,63.86,60.73,66.81,Chronos
539158,2026-09-04,2026-10-04,63.78,60.57,66.9,Chronos
539159,2026-09-04,2026-09-05,66.7,65.75,67.34,Chronos
539159,2026-09-04,2026-09-06,66.81,65.52,67.64,Chronos
539159,2026-09-04,2026-09-07,66.82,65.16,68.0,Chronos
539159,2026-09-04,2026-09-08,66.86,65.18,68.33,Chronos
539159,2026-09-04,2026-09-09,67.01,64.7,68.98,Chronos
539159,2026-09-04,2026-09-10,67.07,64.39,69.38,Chronos
539159,2026-09-04,2026-09-11,67.17,64.35,69.68,Chronos
539159,2026-09-04,2026-09-12,67.23,64.05,70.02,Chronos
539159,2026-09-04,2026-09-13,67.4,63.71,70.47,Chronos
539159,2026-09-04,2026-09-14,67.45,63.61,70.82,Chronos
539159,2026-09-04,2026-09-15,67.5,63.21,71.08,Chronos
539159,2026-09-04,2026-09-16,67.51,63.08,71.32,Chronos
539159,2026-09-04,2026-09-17,67.42,62.63,71.72,Chronos
539159,2026-09-04,2026-09-18,67.7,62.24,71.86,Chronos
539159,2026-09-04,2026-09-19,67.99,61.71,72.46,Chronos
539159,2026-09-04,2026-09-20,67.78,61.48,72.68,Chronos
539159,2026-09-04,2026-09-21,68.36,61.76,73.22,Chronos
539159,2026-09-04,2026-09-22,68.38,61.6,73.28,Chronos
539159,2026-09-04,2026-09-23,68.39,61.4,73.64,Chronos
539159,2026-09-04,2026-09-24,68.37,61.03,74.17,Chronos
539159,2026-09-04,2026-09-25,68.53,60.47,74.15,Chronos
539159,2026-09-04,2026-09-26,68.37,60.07,74.59,Chronos
539159,2026-09-04,2026-09-27,68.51,59.86,74.83,Chronos
539159,2026-09-04,2026-09-28,68.58,59.85,75.11,Chronos
539159,2026-09-04,2026-09-29,68.79,59.66,75.54,Chronos
539159,2026-09-04,2026-09-30,68.76,59.6,75.69,Chronos
539159,2026-09-04,2026-10-01,68.7,59.08,76.1,Chronos
539159,2026-09-04,2026-10-02,68.62,58.63,76.25,Chronos
539159,2026-09-04,2026-10-03,68.58,58.05,76.65,Chronos
539159,2026-09-04,2026-10-04,68.66,57.88,76.53,Chronos
539162,2026-09-04,2026-09-05,74.3,72.72,75.91,Chronos
539162,2026-09-04,2026-09-06,74.38,72.36,76.26,Chronos
539162,2026-09-04,2026-09-07,74.46,72.07,76.57,Chronos
539162,2026-09-04,2026-09-08,74.45,72.06,76.95,Chronos
539162,2026-09-04,2026-09-09,74.62,71.52,77.63,Chronos
539162,2026-09-04,2026-09-10,74.63,71.2,78.05,Chronos
539162,2026-09-04,2026-09-11,74.92,71.29,78.56,Chronos
539162,2026-09-04,2026-09-12,75.1,71.07,79.15,Chronos
539162,2026-09-04,2026-09-13,75.39,71.0,79.75,Chronos
539162,2026-09-04,2026-09-14,75.39,70.67,80.15,Chronos
539162,2026-09-04,2026-09-15,75.45,70.3,80.61,Chronos
539162,2026-09-04,2026-09-16,75.49,70.24,81.11,Chronos
539162,2026-09-04,2026-09-17,75.34,70.0,81.69,Chronos
539162,2026-09-04,2026-09-18,75.76,69.6,81.79,Chronos
539162,2026-09-04,2026-09-19,76.03,69.61,82.35,Chronos
539162,2026-09-04,2026-09-20,75.98,70.13,82.93,Chronos
539162,2026-09-04,2026-09-21,76.67,69.96,83.88,Chronos
539162,2026-09-04,2026-09-22,76.66,69.8,84.17,Chronos
539162,2026-09-04,2026-09-23,76.69,69.15,84.54,Chronos
539162,2026-09-04,2026-09-24,76.76,68.77,85.57,Chronos
539162,2026-09-04,2026-09-25,76.99,68.87,85.46,Chronos
539162,2026-09-04,2026-09-26,76.77,68.52,86.0,Chronos
539162,2026-09-04,2026-09-27,77.04,68.46,86.44,Chronos
539162,2026-09-04,2026-09-28,77.22,68.47,86.92,Chronos
539162,2026-09-04,2026-09-29,77.54,67.91,87.61,Chronos
539162,2026-09-04,2026-09-30,77.53,67.77,87.59,Chronos
539162,2026-09-04,2026-10-01,77.53,66.91,88.38,Chronos
539162,2026-09-04,2026-10-02,77.44,66.84,88.82,Chronos
539162,2026-09-04,2026-10-03,77.17,66.13,89.16,Chronos
539162,2026-09-04,2026-10-04,77.47,65.78,89.17,Chronos
539163,2026-09-04,2026-09-05,61.91,61.58,62.12,Chronos
539163,2026-09-04,2026-09-06,61.85,61.33,62.18,Chronos
539163,2026-09-04,2026-09-07,61.85,61.14,62.27,Chronos
539163,2026-09-04,2026-09-08,61.79,61.06,62.36,Chronos
539163,2026-09-04,2026-09-09,61.71,60.9,62.52,Chronos
539163,2026-09-04,2026-09-10,61.77,60.74,62.58,Chronos
539163,2026-09-04,2026-09-11,61.75,60.65,62.63,Chronos
539163,2026-09-04,2026-09-12,61.71,60.53,62.7,Chronos
539163,2026-09-04,2026-09-13,61.63,60.36,62.73,Chronos
539163,2026-09-04,2026-09-14,61.65,60.22,62.73,Chronos
539163,2026-09-04,2026-09-15,61.6,60.1,62.75,Chronos
539163,2026-09-04,2026-09-16,61.59,60.07,62.85,Chronos
539163,2026-09-04,2026-09-17,61.54,59.94,62.89,Chronos
539163,2026-09-04,2026-09-18,61.49,59.79,62.89,Chronos
539163,2026-09-04,2026-09-19,61.38,59.76,62.9,Chronos
539163,2026-09-04,2026-09-20,61.37,59.71,62.79,Chronos
539163,2026-09-04,2026-09-21,61.35,59.38,63.02,Chronos
539163,2026-09-04,2026-09-22,61.32,59.21,63.02,Chronos
539163,2026-09-04,2026-09-23,61.28,59.05,63.06,Chronos
539163,2026-09-04,2026-09-24,61.19,58.92,63.08,Chronos
539163,2026-09-04,2026-09-25,61.13,58.76,63.07,Chronos
539163,2026-09-04,2026-09-26,61.16,58.63,63.21,Chronos
539163,2026-09-04,2026-09-27,61.13,58.6,63.24,Chronos
539163,2026-09-04,2026-09-28,61.04,58.41,63.24,Chronos
539163,2026-09-04,2026-09-29,60.99,58.26,63.3,Chronos
539163,2026-09-04,2026-09-30,61.01,58.22,63.34,Chronos
539163,2026-09-04,2026-10-01,60.98,58.11,63.35,Chronos
539163,2026-09-04,2026-10-02,60.97,57.97,63.44,Chronos
539163,2026-09-04,2026-10-03,60.96,57.94,63.53,Chronos
539163,2026-09-04,2026-10-04,60.89,57.78,63.45,Chronos
539164,2026-09-04,2026-09-05,79.51,78.51,80.61,Chronos
539164,2026-09-04,2026-09-06,79.68,78.27,81.2,Chronos
539164,2026-09-04,2026-09-07,79.77,77.91,81.44,Chronos
539164,2026-09-04,2026-09-08,79.77,77.77,81.76,Chronos
539164,2026-09-04,2026-09-09,79.87,77.71,82.24,Chronos
539164,2026-09-04,2026-09-10,80.03,77.53,82.45,Chronos
539164,2026-09-04,2026-09-11,80.07,77.45,82.67,Chronos
539164,2026-09-04,2026-09-12,80.13,77.32,82.91,Chronos
539164,2026-09-04,2026-09-13,80.24,77.14,83.19,Chronos
539164,2026-09-04,2026-09-14,80.28,77.13,83.19,Chronos
539164,2026-09-04,2026-09-15,80.3,76.93,83.39,Chronos
539164,2026-09-04,2026-09-16,80.38,77.01,83.74,Chronos
539164,2026-09-04,2026-09-17,80.61,77.09,84.21,Chronos
539164,2026-09-04,2026-09-18,80.63,77.02,84.4,Chronos
539164,2026-09-04,2026-09-19,80.77,76.78,85.04,Chronos
539164,2026-09-04,2026-09-20,80.97,76.67,85.07,Chronos
539164,2026-09-04,2026-09-21,80.59,75.34,86.2,Chronos
539164,2026-09-04,2026-09-22,80.73,75.14,86.71,Chronos
539164,2026-09-04,2026-09-23,80.64,74.93,86.74,Chronos
539164,2026-09-04,2026-09-24,80.79,74.62,87.19,Chronos
539164,2026-09-04,2026-09-25,80.8,74.78,87.71,Chronos
539164,2026-09-04,2026-09-26,80.89,74.75,87.62,Chronos
539164,2026-09-04,2026-09-27,80.98,74.54,87.78,Chronos
539164,2026-09-04,2026-09-28,80.98,74.67,87.6,Chronos
539164,2026-09-04,2026-09-29,81.12,74.43,88.11,Chronos
539164,2026-09-04,2026-09-30,81.25,74.42,88.43,Chronos
539164,2026-09-04,2026-10-01,81.21,74.22,88.87,Chronos
539164,2026-09-04,2026-10-02,81.19,74.23,88.72,Chronos
539164,2026-09-04,2026-10-03,81.33,74.25,89.15,Chronos
539164,2026-09-04,2026-10-04,81.48,73.93,89.97,Chronos
539165,2026-09-04,2026-09-05,26.46,26.1,26.7,Chronos
539165,2026-09-04,2026-09-06,26.53,26.14,26.86,Chronos
539165,2026-09-04,2026-09-07,26.55,26.03,26.98,Chronos
539165,2026-09-04,2026-09-08,26.61,26.04,27.12,Chronos
539165,2026-09-04,2026-09-09,26.65,25.97,27.33,Chronos
539165,2026-09-04,2026-09-10,26.7,25.91,27.46,Chronos
539165,2026-09-04,2026-09-11,26.75,25.91,27.6,Chronos
539165,2026-09-04,2026-09-12,26.79,25.84,27.7,Chronos
539165,2026-09-04,2026-09-13,26.85,25.79,27.87,Chronos
539165,2026-09-04,2026-09-14,26.88,25.76,27.95,Chronos
539165,2026-09-04,2026-09-15,26.94,25.69,28.08,Chronos
539165,2026-09-04,2026-09-16,26.98,25.7,28.28,Chronos
539165,2026-09-04,2026-09-17,26.99,25.69,28.41,Chronos
539165,2026-09-04,2026-09-18,27.07,25.61,28.44,Chronos
539165,2026-09-04,2026-09-19,27.14,25.52,28.53,Chronos
539165,2026-09-04,2026-09-20,27.1,25.45,28.53,Chronos
539165,2026-09-04,2026-09-21,27.59,25.93,29.15,Chronos
539165,2026-09-04,2026-09-22,27.6,25.88,29.26,Chronos
539165,2026-09-04,2026-09-23,27.61,25.87,29.31,Chronos
539165,2026-09-04,2026-09-24,27.65,25.87,29.5,Chronos
539165,2026-09-04,2026-09-25,27.67,25.84,29.5,Chronos
539165,2026-09-04,2026-09-26,27.7,25.87,29.63,Chronos
539165,2026-09-04,2026-09-27,27.77,25.8,29.77,Chronos
539165,2026-09-04,2026-09-28,27.82,25.79,29.86,Chronos
539165,2026-09-04,2026-09-29,27.94,25.82,30.01,Chronos
539165,2026-09-04,2026-09-30,27.99,25.9,30.12,Chronos
539165,2026-09-04,2026-10-01,28.05,25.75,30.3,Chronos
539165,2026-09-04,2026-10-02,28.07,25.77,30.46,Chronos
539165,2026-09-04,2026-10-03,28.06,25.75,30.53,Chronos
539165,2026-09-04,2026-10-04,28.13,25.59,30.53,Chronos
539166,2026-09-04,2026-09-05,61.78,61.12,62.42,Chronos
539166,2026-09-04,2026-09-06,61.87,60.67,62.58,Chronos
539166,2026-09-04,2026-09-07,61.92,60.68,62.68,Chronos
539166,2026-09-04,2026-09-08,61.77,60.49,62.75,Chronos
539166,2026-09-04,2026-09-09,61.76,59.98,63.02,Chronos
539166,2026-09-04,2026-09-10,61.77,59.93,63.2,Chronos
539166,2026-09-04,2026-09-11,61.83,59.76,63.35,Chronos
539166,2026-09-04,2026-09-12,61.9,59.58,63.57,Chronos
539166,2026-09-04,2026-09-13,62.09,59.51,63.91,Chronos
539166,2026-09-04,2026-09-14,62.16,59.41,64.25,Chronos
539166,2026-09-04,2026-09-15,62.19,59.17,64.28,Chronos
539166,2026-09-04,2026-09-16,62.21,59.07,64.36,Chronos
539166,2026-09-04,2026-09-17,62.13,58.89,64.67,Chronos
539166,2026-09-04,2026-09-18,62.29,58.77,64.64,Chronos
539166,2026-09-04,2026-09-19,62.45,58.63,64.93,Chronos
539166,2026-09-04,2026-09-20,62.3,59.02,65.16,Chronos
539166,2026-09-04,2026-09-21,63.3,58.87,65.93,Chronos
539166,2026-09-04,2026-09-22,63.41,59.0,65.9,Chronos
539166,2026-09-04,2026-09-23,63.44,58.57,66.03,Chronos
539166,2026-09-04,2026-09-24,63.4,58.19,66.27,Chronos
539166,2026-09-04,2026-09-25,63.4,58.28,66.46,Chronos
539166,2026-09-04,2026-09-26,63.4,57.95,66.59,Chronos
539166,2026-09-04,2026-09-27,63.42,57.93,66.81,Chronos
539166,2026-09-04,2026-09-28,63.57,57.78,67.09,Chronos
539166,2026-09-04,2026-09-29,63.8,57.41,67.45,Chronos
539166,2026-09-04,2026-09-30,63.8,57.39,67.57,Chronos
539166,2026-09-04,2026-10-01,63.75,56.56,67.82,Chronos
539166,2026-09-04,2026-10-02,63.73,56.28,67.8,Chronos
539166,2026-09-04,2026-10-03,63.51,55.47,68.0,Chronos
539166,2026-09-04,2026-10-04,63.65,55.36,67.86,Chronos
539167,2026-09-04,2026-09-05,27.88,27.7,27.97,Chronos
539167,2026-09-04,2026-09-06,27.89,27.6,28.22,Chronos
539167,2026-09-04,2026-09-07,27.92,27.52,28.31,Chronos
539167,2026-09-04,2026-09-08,27.95,27.54,28.39,Chronos
539167,2026-09-04,2026-09-09,28.01,27.44,28.46,Chronos
539167,2026-09-04,2026-09-10,28.02,27.41,28.58,Chronos
539167,2026-09-04,2026-09-11,28.05,27.37,28.68,Chronos
539167,2026-09-04,2026-09-12,28.09,27.36,28.76,Chronos
539167,2026-09-04,2026-09-13,28.12,27.25,28.87,Chronos
539167,2026-09-04,2026-09-14,28.12,27.24,28.95,Chronos
539167,2026-09-04,2026-09-15,28.17,27.17,29.08,Chronos
539167,2026-09-04,2026-09-16,28.21,27.22,29.13,Chronos
539167,2026-09-04,2026-09-17,28.25,27.15,29.24,Chronos
539167,2026-09-04,2026-09-18,28.27,27.1,29.37,Chronos
539167,2026-09-04,2026-09-19,28.28,26.96,29.51,Chronos
539167,2026-09-04,2026-09-20,28.3,26.93,29.49,Chronos
539167,2026-09-04,2026-09-21,28.35,27.0,29.63,Chronos
539167,2026-09-04,2026-09-22,28.44,26.98,29.72,Chronos
539167,2026-09-04,2026-09-23,28.42,26.84,29.78,Chronos
539167,2026-09-04,2026-09-24,28.46,26.78,29.89,Chronos
539167,2026-09-04,2026-09-25,28.5,26.76,29.98,Chronos
539167,2026-09-04,2026-09-26,28.52,26.76,30.07,Chronos
539167,2026-09-04,2026-09-27,28.58,26.71,30.13,Chronos
539167,2026-09-04,2026-09-28,28.57,26.75,30.21,Chronos
539167,2026-09-04,2026-09-29,28.64,26.71,30.24,Chronos
539167,2026-09-04,2026-09-30,28.65,26.7,30.39,Chronos
539167,2026-09-04,2026-10-01,28.68,26.64,30.51,Chronos
539167,2026-09-04,2026-10-02,28.7,26.61,30.49,Chronos
539167,2026-09-04,2026-10-03,28.73,26.6,30.53,Chronos
539167,2026-09-04,2026-10-04,28.77,26.65,30.63,Chronos
539168,2026-09-04,2026-09-05,88.12,87.31,89.04,Chronos
539168,2026-09-04,2026-09-06,88.2,87.1,89.35,Chronos
539168,2026-09-04,2026-09-07,88.35,86.97,89.7,Chronos
539168,2026-09-04,2026-09-08,88.29,86.79,89.94,Chronos
539168,2026-09-04,2026-09-09,88.43,86.55,90.44,Chronos
539168,2026-09-04,2026-09-10,88.45,86.43,90.87,Chronos
539168,2026-09-04,2026-09-11,88.62,86.4,91.21,Chronos
539168,2026-09-04,2026-09-12,88.78,86.19,91.7,Chronos
539168,2026-09-04,2026-09-13,88.96,86.32,92.03,Chronos
539168,2026-09-04,2026-09-14,88.97,86.05,92.39,Chronos
539168,2026-09-04,2026-09-15,89.04,86.0,92.57,Chronos
539168,2026-09-04,2026-09-16,89.07,85.68,92.93,Chronos
539168,2026-09-04,2026-09-17,88.89,85.42,93.31,Chronos
539168,2026-09-04,2026-09-18,89.19,85.33,93.19,Chronos
539168,2026-09-04,2026-09-19,89.4,85.33,93.73,Chronos
539168,2026-09-04,2026-09-20,89.3,85.49,94.22,Chronos
539168,2026-09-04,2026-09-21,90.1,86.13,94.56,Chronos
539168,2026-09-04,2026-09-22,90.21,86.08,94.8,Chronos
539168,2026-09-04,2026-09-23,90.17,85.47,94.95,Chronos
539168,2026-09-04,2026-09-24,90.13,85.57,95.49,Chronos
539168,2026-09-04,2026-09-25,90.26,85.14,95.74,Chronos
539168,2026-09-04,2026-09-26,90.23,84.9,96.15,Chronos
539168,2026-09-04,2026-09-27,90.4,84.94,96.53,Chronos
539168,2026-09-04,2026-09-28,90.55,84.73,96.98,Chronos
539168,2026-09-04,2026-09-29,90.81,84.52,97.5,Chronos
539168,2026-09-04,2026-09-30,90.88,84.37,97.63,Chronos
539168,2026-09-04,2026-10-01,90.86,83.99,98.04,Chronos
539168,2026-09-04,2026-10-02,90.83,84.01,98.39,Chronos
539168,2026-09-04,2026-10-03,90.63,83.85,98.66,Chronos
539168,2026-09-04,2026-10-04,90.96,83.46,98.54,Chronos
539169,2026-09-04,2026-09-05,24.36,24.16,24.44,Chronos
539169,2026-09-04,2026-09-06,24.36,24.11,24.49,Chronos
539169,2026-09-04,2026-09-07,24.33,24.01,24.55,Chronos
539169,2026-09-04,2026-09-08,24.33,23.97,24.59,Chronos
539169,2026-09-04,2026-09-09,24.31,23.89,24.67,Chronos
539169,2026-09-04,2026-09-10,24.32,23.83,24.7,Chronos
539169,2026-09-04,2026-09-11,24.33,23.78,24.76,Chronos
539169,2026-09-04,2026-09-12,24.3,23.73,24.77,Chronos
539169,2026-09-04,2026-09-13,24.29,23.62,24.82,Chronos
539169,2026-09-04,2026-09-14,24.3,23.59,24.82,Chronos
539169,2026-09-04,2026-09-15,24.27,23.45,24.85,Chronos
539169,2026-09-04,2026-09-16,24.27,23.44,24.87,Chronos
539169,2026-09-04,2026-09-17,24.25,23.29,24.9,Chronos
539169,2026-09-04,2026-09-18,24.26,23.16,24.94,Chronos
539169,2026-09-04,2026-09-19,24.23,23.11,24.97,Chronos
539169,2026-09-04,2026-09-20,24.24,23.07,24.99,Chronos
539169,2026-09-04,2026-09-21,24.25,23.08,25.02,Chronos
539169,2026-09-04,2026-09-22,24.22,22.98,25.06,Chronos
539169,2026-09-04,2026-09-23,24.21,22.9,25.08,Chronos
539169,2026-09-04,2026-09-24,24.19,22.81,25.16,Chronos
539169,2026-09-04,2026-09-25,24.17,22.65,25.16,Chronos
539169,2026-09-04,2026-09-26,24.16,22.63,25.2,Chronos
539169,2026-09-04,2026-09-27,24.16,22.52,25.25,Chronos
539169,2026-09-04,2026-09-28,24.13,22.46,25.26,Chronos
539169,2026-09-04,2026-09-29,24.1,22.38,25.3,Chronos
539169,2026-09-04,2026-09-30,24.11,22.28,25.31,Chronos
539169,2026-09-04,2026-10-01,24.08,22.19,25.36,Chronos
539169,2026-09-04,2026-10-02,24.07,22.09,25.45,Chronos
539169,2026-09-04,2026-10-03,24.04,21.94,25.47,Chronos
539169,2026-09-04,2026-10-04,23.99,21.92,25.44,Chronos
539171,2026-09-04,2026-09-05,108.07,106.8,108.91,Chronos
539171,2026-09-04,2026-09-06,107.96,105.97,109.52,Chronos
539171,2026-09-04,2026-09-07,107.9,105.52,109.92,Chronos
539171,2026-09-04,2026-09-08,107.66,104.92,110.04,Chronos
539171,2026-09-04,2026-09-09,107.51,104.19,110.2,Chronos
539171,2026-09-04,2026-09-10,107.08,102.97,110.35,Chronos
539171,2026-09-04,2026-09-11,106.49,101.13,110.24,Chronos
539171,2026-09-04,2026-09-12,105.69,99.43,109.77,Chronos
539171,2026-09-04,2026-09-13,105.1,97.12,110.71,Chronos
539171,2026-09-04,2026-09-14,104.51,95.45,110.89,Chronos
539171,2026-09-04,2026-09-15,103.84,92.55,111.51,Chronos
539171,2026-09-04,2026-09-16,102.93,89.85,112.03,Chronos
539171,2026-09-04,2026-09-17,102.65,88.78,112.49,Chronos
539171,2026-09-04,2026-09-18,102.15,87.94,112.28,Chronos
539171,2026-09-04,2026-09-19,101.94,87.4,112.2,Chronos
539171,2026-09-04,2026-09-20,101.68,86.87,111.89,Chronos
539171,2026-09-04,2026-09-21,103.11,88.22,112.44,Chronos
539171,2026-09-04,2026-09-22,103.02,87.57,112.58,Chronos
539171,2026-09-04,2026-09-23,102.73,86.46,112.51,Chronos
539171,2026-09-04,2026-09-24,102.77,86.15,112.33,Chronos
539171,2026-09-04,2026-09-25,102.77,86.15,112.34,Chronos
539171,2026-09-04,2026-09-26,102.72,85.45,112.56,Chronos
539171,2026-09-04,2026-09-27,102.55,84.84,112.8,Chronos
539171,2026-09-04,2026-09-28,102.4,84.49,112.88,Chronos
539171,2026-09-04,2026-09-29,102.53,83.83,113.37,Chronos
539171,2026-09-04,2026-09-30,102.57,84.2,113.26,Chronos
539171,2026-09-04,2026-10-01,102.55,83.08,113.49,Chronos
539171,2026-09-04,2026-10-02,102.6,82.33,113.76,Chronos
539171,2026-09-04,2026-10-03,102.67,82.28,113.96,Chronos
539171,2026-09-04,2026-10-04,102.5,82.43,114.22,Chronos
539173,2026-09-04,2026-09-05,78.32,77.16,78.96,Chronos
539173,2026-09-04,2026-09-06,78.32,77.07,79.27,Chronos
539173,2026-09-04,2026-09-07,78.27,76.9,79.48,Chronos
539173,2026-09-04,2026-09-08,78.3,76.65,79.7,Chronos
539173,2026-09-04,2026-09-09,78.36,76.44,80.33,Chronos
539173,2026-09-04,2026-09-10,78.52,76.17,80.37,Chronos
539173,2026-09-04,2026-09-11,78.47,76.18,80.58,Chronos
539173,2026-09-04,2026-09-12,78.5,75.89,80.72,Chronos
539173,2026-09-04,2026-09-13,78.59,75.63,80.97,Chronos
539173,2026-09-04,2026-09-14,78.54,75.5,81.05,Chronos
539173,2026-09-04,2026-09-15,78.52,75.11,81.2,Chronos
539173,2026-09-04,2026-09-16,78.58,75.07,81.47,Chronos
539173,2026-09-04,2026-09-17,78.65,74.98,81.73,Chronos
539173,2026-09-04,2026-09-18,78.62,74.89,82.04,Chronos
539173,2026-09-04,2026-09-19,78.74,74.67,82.38,Chronos
539173,2026-09-04,2026-09-20,78.93,74.76,82.24,Chronos
539173,2026-09-04,2026-09-21,79.29,75.37,82.94,Chronos
539173,2026-09-04,2026-09-22,79.3,75.07,83.04,Chronos
539173,2026-09-04,2026-09-23,79.4,74.82,83.21,Chronos
539173,2026-09-04,2026-09-24,79.49,74.67,83.6,Chronos
539173,2026-09-04,2026-09-25,79.42,74.69,83.68,Chronos
539173,2026-09-04,2026-09-26,79.49,74.47,83.89,Chronos
539173,2026-09-04,2026-09-27,79.61,74.49,84.05,Chronos
539173,2026-09-04,2026-09-28,79.55,74.15,84.09,Chronos
539173,2026-09-04,2026-09-29,79.73,73.84,84.42,Chronos
539173,2026-09-04,2026-09-30,79.72,73.64,84.79,Chronos
539173,2026-09-04,2026-10-01,79.76,73.09,85.36,Chronos
539173,2026-09-04,2026-10-02,79.72,72.97,85.15,Chronos
539173,2026-09-04,2026-10-03,79.66,72.8,85.43,Chronos
539173,2026-09-04,2026-10-04,79.62,72.62,85.67,Chronos
539273,2026-09-04,2026-09-05,61.88,61.53,62.03,Chronos
539273,2026-09-04,2026-09-06,62.0,61.38,62.52,Chronos
539273,2026-09-04,2026-09-07,61.98,61.27,62.67,Chronos
539273,2026-09-04,2026-09-08,62.04,61.17,62.87,Chronos
539273,2026-09-04,2026-09-09,62.12,61.04,63.01,Chronos
539273,2026-09-04,2026-09-10,62.18,61.03,63.2,Chronos
539273,2026-09-04,2026-09-11,62.28,60.98,63.54,Chronos
539273,2026-09-04,2026-09-12,62.32,60.92,63.7,Chronos
539273,2026-09-04,2026-09-13,62.41,60.79,63.81,Chronos
539273,2026-09-04,2026-09-14,62.4,60.73,63.97,Chronos
539273,2026-09-04,2026-09-15,62.47,60.48,64.18,Chronos
539273,2026-09-04,2026-09-16,62.52,60.62,64.24,Chronos
539273,2026-09-04,2026-09-17,62.63,60.29,64.52,Chronos
539273,2026-09-04,2026-09-18,62.7,60.06,64.79,Chronos
539273,2026-09-04,2026-09-19,62.72,59.59,65.14,Chronos
539273,2026-09-04,2026-09-20,62.77,59.51,65.02,Chronos
539273,2026-09-04,2026-09-21,63.25,60.32,66.02,Chronos
539273,2026-09-04,2026-09-22,63.4,60.16,66.3,Chronos
539273,2026-09-04,2026-09-23,63.33,59.79,66.48,Chronos
539273,2026-09-04,2026-09-24,63.46,59.69,66.59,Chronos
539273,2026-09-04,2026-09-25,63.48,59.5,66.86,Chronos
539273,2026-09-04,2026-09-26,63.59,59.5,67.1,Chronos
539273,2026-09-04,2026-09-27,63.65,59.29,67.23,Chronos
539273,2026-09-04,2026-09-28,63.69,59.2,67.48,Chronos
539273,2026-09-04,2026-09-29,63.82,59.19,67.57,Chronos
539273,2026-09-04,2026-09-30,63.78,59.13,67.96,Chronos
539273,2026-09-04,2026-10-01,63.84,58.81,68.12,Chronos
539273,2026-09-04,2026-10-02,63.92,58.8,68.11,Chronos
539273,2026-09-04,2026-10-03,64.03,58.43,68.29,Chronos
539273,2026-09-04,2026-10-04,64.1,58.64,68.55,Chronos
539274,2026-09-04,2026-09-05,53.38,52.94,53.75,Chronos
539274,2026-09-04,2026-09-06,53.45,52.85,53.95,Chronos
539274,2026-09-04,2026-09-07,53.39,52.63,54.02,Chronos
539274,2026-09-04,2026-09-08,53.35,52.57,54.13,Chronos
539274,2026-09-04,2026-09-09,53.43,52.43,54.41,Chronos
539274,2026-09-04,2026-09-10,53.44,52.32,54.6,Chronos
539274,2026-09-04,2026-09-11,53.54,52.34,54.79,Chronos
539274,2026-09-04,2026-09-12,53.61,52.21,55.0,Chronos
539274,2026-09-04,2026-09-13,53.72,52.19,55.2,Chronos
539274,2026-09-04,2026-09-14,53.75,52.14,55.43,Chronos
539274,2026-09-04,2026-09-15,53.79,52.03,55.57,Chronos
539274,2026-09-04,2026-09-16,53.81,51.99,55.7,Chronos
539274,2026-09-04,2026-09-17,53.8,51.9,55.94,Chronos
539274,2026-09-04,2026-09-18,53.92,51.73,55.97,Chronos
539274,2026-09-04,2026-09-19,54.01,51.64,56.16,Chronos
539274,2026-09-04,2026-09-20,53.91,51.79,56.29,Chronos
539274,2026-09-04,2026-09-21,54.17,52.13,56.22,Chronos
539274,2026-09-04,2026-09-22,54.19,51.98,56.39,Chronos
539274,2026-09-04,2026-09-23,54.17,51.68,56.5,Chronos
539274,2026-09-04,2026-09-24,54.14,51.63,56.72,Chronos
539274,2026-09-04,2026-09-25,54.21,51.56,56.85,Chronos
539274,2026-09-04,2026-09-26,54.15,51.4,57.01,Chronos
539274,2026-09-04,2026-09-27,54.25,51.4,57.23,Chronos
539274,2026-09-04,2026-09-28,54.34,51.31,57.44,Chronos
539274,2026-09-04,2026-09-29,54.45,51.14,57.72,Chronos
539274,2026-09-04,2026-09-30,54.47,51.12,57.82,Chronos
539274,2026-09-04,2026-10-01,54.45,50.78,58.01,Chronos
539274,2026-09-04,2026-10-02,54.43,50.88,58.11,Chronos
539274,2026-09-04,2026-10-03,54.4,50.73,58.33,Chronos
539274,2026-09-04,2026-10-04,54.5,50.53,58.28,Chronos
539275,2026-09-04,2026-09-05,36.53,35.84,37.13,Chronos
539275,2026-09-04,2026-09-06,36.45,35.54,37.35,Chronos
539275,2026-09-04,2026-09-07,36.28,35.09,37.47,Chronos
539275,2026-09-04,2026-09-08,36.14,34.87,37.6,Chronos
539275,2026-09-04,2026-09-09,36.04,34.54,37.61,Chronos
539275,2026-09-04,2026-09-10,35.95,34.16,37.68,Chronos
539275,2026-09-04,2026-09-11,35.86,33.85,37.83,Chronos
539275,2026-09-04,2026-09-12,35.7,33.54,37.97,Chronos
539275,2026-09-04,2026-09-13,35.62,33.25,37.93,Chronos
539275,2026-09-04,2026-09-14,35.52,32.99,38.08,Chronos
539275,2026-09-04,2026-09-15,35.41,32.6,38.19,Chronos
539275,2026-09-04,2026-09-16,35.29,32.38,38.11,Chronos
539275,2026-09-04,2026-09-17,35.14,32.08,38.2,Chronos
539275,2026-09-04,2026-09-18,35.07,31.79,38.31,Chronos
539275,2026-09-04,2026-09-19,34.99,31.61,38.38,Chronos
539275,2026-09-04,2026-09-20,34.91,31.58,38.24,Chronos
539275,2026-09-04,2026-09-21,34.64,30.76,38.41,Chronos
539275,2026-09-04,2026-09-22,34.6,30.51,38.45,Chronos
539275,2026-09-04,2026-09-23,34.46,30.35,38.46,Chronos
539275,2026-09-04,2026-09-24,34.43,30.21,38.58,Chronos
539275,2026-09-04,2026-09-25,34.3,29.81,38.69,Chronos
539275,2026-09-04,2026-09-26,34.27,29.79,38.78,Chronos
539275,2026-09-04,2026-09-27,34.16,29.53,38.86,Chronos
539275,2026-09-04,2026-09-28,34.11,29.28,38.98,Chronos
539275,2026-09-04,2026-09-29,34.03,29.15,38.95,Chronos
539275,2026-09-04,2026-09-30,34.03,28.91,39.21,Chronos
539275,2026-09-04,2026-10-01,33.92,28.63,39.31,Chronos
539275,2026-09-04,2026-10-02,33.9,28.51,39.36,Chronos
539275,2026-09-04,2026-10-03,33.9,28.24,39.51,Chronos
539275,2026-09-04,2026-10-04,33.84,28.18,39.59,Chronos
539276,2026-09-04,2026-09-05,157.69,154.9,161.25,Chronos
539276,2026-09-04,2026-09-06,157.76,153.55,161.4,Chronos
539276,2026-09-04,2026-09-07,157.68,152.83,161.6,Chronos
539276,2026-09-04,2026-09-08,157.31,152.65,162.41,Chronos
539276,2026-09-04,2026-09-09,157.69,151.47,163.46,Chronos
539276,2026-09-04,2026-09-10,157.57,150.94,164.11,Chronos
539276,2026-09-04,2026-09-11,157.95,150.73,164.77,Chronos
539276,2026-09-04,2026-09-12,157.95,149.87,165.56,Chronos
539276,2026-09-04,2026-09-13,158.58,149.69,166.61,Chronos
539276,2026-09-04,2026-09-14,158.71,149.22,167.29,Chronos
539276,2026-09-04,2026-09-15,158.42,148.26,167.56,Chronos
539276,2026-09-04,2026-09-16,158.26,147.66,167.5,Chronos
539276,2026-09-04,2026-09-17,157.53,146.7,168.11,Chronos
539276,2026-09-04,2026-09-18,158.04,145.35,167.74,Chronos
539276,2026-09-04,2026-09-19,158.51,145.35,169.12,Chronos
539276,2026-09-04,2026-09-20,157.96,146.1,169.89,Chronos
539276,2026-09-04,2026-09-21,157.85,138.1,172.78,Chronos
539276,2026-09-04,2026-09-22,158.12,139.15,172.33,Chronos
539276,2026-09-04,2026-09-23,157.79,136.01,172.61,Chronos
539276,2026-09-04,2026-09-24,157.49,134.05,173.43,Chronos
539276,2026-09-04,2026-09-25,157.87,132.52,173.6,Chronos
539276,2026-09-04,2026-09-26,156.92,130.37,174.27,Chronos
539276,2026-09-04,2026-09-27,157.25,129.52,174.74,Chronos
539276,2026-09-04,2026-09-28,157.15,128.92,174.96,Chronos
539276,2026-09-04,2026-09-29,157.82,127.9,175.56,Chronos
539276,2026-09-04,2026-09-30,157.27,126.55,176.14,Chronos
539276,2026-09-04,2026-10-01,156.67,125.01,176.92,Chronos
539276,2026-09-04,2026-10-02,156.25,122.56,176.84,Chronos
539276,2026-09-04,2026-10-03,155.31,119.87,177.53,Chronos
539276,2026-09-04,2026-10-04,155.67,118.97,176.92,Chronos
550535,2026-09-04,2026-09-05,80.15,79.79,80.5,Chronos
550535,2026-09-04,2026-09-06,80.08,79.57,80.53,Chronos
550535,2026-09-04,2026-09-07,80.13,79.6,80.59,Chronos
550535,2026-09-04,2026-09-08,80.21,79.53,80.76,Chronos
550535,2026-09-04,2026-09-09,80.17,79.44,80.79,Chronos
550535,2026-09-04,2026-09-10,80.17,79.39,80.94,Chronos
550535,2026-09-04,2026-09-11,80.22,79.39,81.02,Chronos
550535,2026-09-04,2026-09-12,80.26,79.27,81.21,Chronos
550535,2026-09-04,2026-09-13,80.26,79.15,81.36,Chronos
550535,2026-09-04,2026-09-14,80.24,79.15,81.42,Chronos
550535,2026-09-04,2026-09-15,80.31,79.09,81.6,Chronos
550535,2026-09-04,2026-09-16,80.31,79.04,81.67,Chronos
550535,2026-09-04,2026-09-17,80.29,79.0,81.82,Chronos
550535,2026-09-04,2026-09-18,80.33,78.96,82.02,Chronos
550535,2026-09-04,2026-09-19,80.28,78.82,82.27,Chronos
550535,2026-09-04,2026-09-20,80.34,78.75,82.31,Chronos
550535,2026-09-04,2026-09-21,80.42,78.47,82.48,Chronos
550535,2026-09-04,2026-09-22,80.45,78.4,82.65,Chronos
550535,2026-09-04,2026-09-23,80.43,78.3,82.7,Chronos
550535,2026-09-04,2026-09-24,80.51,78.47,82.88,Chronos
550535,2026-09-04,2026-09-25,80.52,78.26,83.14,Chronos
550535,2026-09-04,2026-09-26,80.48,78.41,83.02,Chronos
550535,2026-09-04,2026-09-27,80.56,78.37,83.09,Chronos
550535,2026-09-04,2026-09-28,80.6,78.12,83.03,Chronos
550535,2026-09-04,2026-09-29,80.63,78.23,83.15,Chronos
550535,2026-09-04,2026-09-30,80.67,78.03,83.35,Chronos
550535,2026-09-04,2026-10-01,80.72,78.03,83.7,Chronos
550535,2026-09-04,2026-10-02,80.69,78.0,83.84,Chronos
550535,2026-09-04,2026-10-03,80.68,77.81,84.21,Chronos
550535,2026-09-04,2026-10-04,80.7,77.7,84.39,Chronos
550536,2026-09-04,2026-09-05,23.99,23.73,24.25,Chronos
550536,2026-09-04,2026-09-06,24.01,23.62,24.33,Chronos
550536,2026-09-04,2026-09-07,24.03,23.58,24.42,Chronos
550536,2026-09-04,2026-09-08,24.05,23.55,24.5,Chronos
550536,2026-09-04,2026-09-09,24.09,23.45,24.64,Chronos
550536,2026-09-04,2026-09-10,24.08,23.37,24.74,Chronos
550536,2026-09-04,2026-09-11,24.16,23.4,24.86,Chronos
550536,2026-09-04,2026-09-12,24.21,23.32,25.02,Chronos
550536,2026-09-04,2026-09-13,24.26,23.3,25.13,Chronos
550536,2026-09-04,2026-09-14,24.26,23.26,25.24,Chronos
550536,2026-09-04,2026-09-15,24.28,23.19,25.27,Chronos
550536,2026-09-04,2026-09-16,24.3,23.15,25.36,Chronos
550536,2026-09-04,2026-09-17,24.27,23.09,25.48,Chronos
550536,2026-09-04,2026-09-18,24.36,22.98,25.49,Chronos
550536,2026-09-04,2026-09-19,24.43,22.97,25.71,Chronos
550536,2026-09-04,2026-09-20,24.44,23.14,25.81,Chronos
550536,2026-09-04,2026-09-21,24.6,23.08,25.95,Chronos
550536,2026-09-04,2026-09-22,24.64,23.07,26.02,Chronos
550536,2026-09-04,2026-09-23,24.64,22.91,26.09,Chronos
550536,2026-09-04,2026-09-24,24.66,22.87,26.24,Chronos
550536,2026-09-04,2026-09-25,24.69,22.83,26.33,Chronos
550536,2026-09-04,2026-09-26,24.65,22.72,26.39,Chronos
550536,2026-09-04,2026-09-27,24.71,22.74,26.53,Chronos
550536,2026-09-04,2026-09-28,24.77,22.67,26.69,Chronos
550536,2026-09-04,2026-09-29,24.83,22.54,26.84,Chronos
550536,2026-09-04,2026-09-30,24.84,22.51,26.87,Chronos
550536,2026-09-04,2026-10-01,24.83,22.32,26.96,Chronos
550536,2026-09-04,2026-10-02,24.78,22.36,27.0,Chronos
550536,2026-09-04,2026-10-03,24.73,22.25,27.08,Chronos
550536,2026-09-04,2026-10-04,24.8,22.09,27.01,Chronos
550537,2026-09-04,2026-09-05,95.87,93.59,97.78,Chronos
550537,2026-09-04,2026-09-06,95.41,91.08,98.3,Chronos
550537,2026-09-04,2026-09-07,94.98,88.94,99.06,Chronos
550537,2026-09-04,2026-09-08,94.53,87.71,99.8,Chronos
550537,2026-09-04,2026-09-09,94.46,86.56,101.04,Chronos
550537,2026-09-04,2026-09-10,93.96,85.09,101.49,Chronos
550537,2026-09-04,2026-09-11,94.46,84.03,102.63,Chronos
550537,2026-09-04,2026-09-12,94.84,83.38,103.73,Chronos
550537,2026-09-04,2026-09-13,95.06,82.11,105.41,Chronos
550537,2026-09-04,2026-09-14,95.27,81.12,105.93,Chronos
550537,2026-09-04,2026-09-15,95.33,80.11,106.81,Chronos
550537,2026-09-04,2026-09-16,95.55,78.71,107.49,Chronos
550537,2026-09-04,2026-09-17,95.39,77.64,108.33,Chronos
550537,2026-09-04,2026-09-18,95.59,77.25,108.31,Chronos
550537,2026-09-04,2026-09-19,95.39,76.7,108.78,Chronos
550537,2026-09-04,2026-09-20,94.97,75.57,108.93,Chronos
550537,2026-09-04,2026-09-21,97.01,77.8,110.28,Chronos
550537,2026-09-04,2026-09-22,96.82,76.39,110.4,Chronos
550537,2026-09-04,2026-09-23,96.96,75.67,110.79,Chronos
550537,2026-09-04,2026-09-24,96.65,75.37,111.99,Chronos
550537,2026-09-04,2026-09-25,97.08,74.2,111.84,Chronos
550537,2026-09-04,2026-09-26,96.21,73.18,112.4,Chronos
550537,2026-09-04,2026-09-27,96.62,72.56,113.11,Chronos
550537,2026-09-04,2026-09-28,96.32,71.81,113.43,Chronos
550537,2026-09-04,2026-09-29,96.33,71.2,113.84,Chronos
550537,2026-09-04,2026-09-30,96.2,70.2,113.87,Chronos
550537,2026-09-04,2026-10-01,95.87,69.81,114.74,Chronos
550537,2026-09-04,2026-10-02,95.33,68.45,114.73,Chronos
550537,2026-09-04,2026-10-03,94.95,67.45,115.05,Chronos
550537,2026-09-04,2026-10-04,94.93,67.64,114.54,Chronos
550538,2026-09-04,2026-09-05,53.75,53.1,54.31,Chronos
550538,2026-09-04,2026-09-06,53.77,52.87,54.39,Chronos
550538,2026-09-04,2026-09-07,53.84,52.82,54.58,Chronos
550538,2026-09-04,2026-09-08,53.81,52.81,54.82,Chronos
550538,2026-09-04,2026-09-09,53.9,52.5,55.15,Chronos
550538,2026-09-04,2026-09-10,53.93,52.48,55.33,Chronos
550538,2026-09-04,2026-09-11,54.01,52.37,55.52,Chronos
550538,2026-09-04,2026-09-12,54.08,52.2,55.75,Chronos
550538,2026-09-04,2026-09-13,54.18,52.06,55.99,Chronos
550538,2026-09-04,2026-09-14,54.2,51.92,56.11,Chronos
550538,2026-09-04,2026-09-15,54.21,51.7,56.27,Chronos
550538,2026-09-04,2026-09-16,54.2,51.63,56.46,Chronos
550538,2026-09-04,2026-09-17,54.09,51.38,56.63,Chronos
550538,2026-09-04,2026-09-18,54.13,50.98,56.59,Chronos
550538,2026-09-04,2026-09-19,54.29,50.6,56.71,Chronos
550538,2026-09-04,2026-09-20,54.05,50.34,56.78,Chronos
550538,2026-09-04,2026-09-21,54.12,49.8,58.22,Chronos
550538,2026-09-04,2026-09-22,53.9,49.36,58.19,Chronos
550538,2026-09-04,2026-09-23,53.84,49.05,58.25,Chronos
550538,2026-09-04,2026-09-24,53.65,48.52,58.34,Chronos
550538,2026-09-04,2026-09-25,53.63,47.92,58.19,Chronos
550538,2026-09-04,2026-09-26,53.29,47.48,58.47,Chronos
550538,2026-09-04,2026-09-27,53.3,47.1,58.63,Chronos
550538,2026-09-04,2026-09-28,53.1,46.76,58.62,Chronos
550538,2026-09-04,2026-09-29,53.03,46.55,58.6,Chronos
550538,2026-09-04,2026-09-30,52.93,46.37,58.65,Chronos
550538,2026-09-04,2026-10-01,52.79,46.08,58.94,Chronos
550538,2026-09-04,2026-10-02,52.56,45.66,58.96,Chronos
550538,2026-09-04,2026-10-03,52.33,45.25,58.94,Chronos
550538,2026-09-04,2026-10-04,52.19,45.24,58.78,Chronos
550540,2026-09-04,2026-09-05,38.35,37.79,38.96,Chronos
550540,2026-09-04,2026-09-06,38.41,37.56,39.36,Chronos
550540,2026-09-04,2026-09-07,38.28,37.22,39.49,Chronos
550540,2026-09-04,2026-09-08,38.26,37.09,39.75,Chronos
550540,2026-09-04,2026-09-09,38.2,36.76,40.02,Chronos
550540,2026-09-04,2026-09-10,38.25,36.68,40.32,Chronos
550540,2026-09-04,2026-09-11,38.22,36.4,40.51,Chronos
550540,2026-09-04,2026-09-12,38.24,36.25,40.85,Chronos
550540,2026-09-04,2026-09-13,38.32,36.1,41.15,Chronos
550540,2026-09-04,2026-09-14,38.3,36.01,41.62,Chronos
550540,2026-09-04,2026-09-15,38.37,35.66,42.16,Chronos
550540,2026-09-04,2026-09-16,38.44,35.68,42.48,Chronos
550540,2026-09-04,2026-09-17,38.57,35.37,43.12,Chronos
550540,2026-09-04,2026-09-18,38.56,35.41,43.67,Chronos
550540,2026-09-04,2026-09-19,38.61,35.07,44.2,Chronos
550540,2026-09-04,2026-09-20,38.66,35.17,44.41,Chronos
550540,2026-09-04,2026-09-21,38.75,35.11,43.64,Chronos
550540,2026-09-04,2026-09-22,38.86,35.1,44.0,Chronos
550540,2026-09-04,2026-09-23,38.72,34.78,44.32,Chronos
550540,2026-09-04,2026-09-24,38.84,34.66,44.53,Chronos
550540,2026-09-04,2026-09-25,38.76,34.47,44.99,Chronos
550540,2026-09-04,2026-09-26,38.84,34.34,45.1,Chronos
550540,2026-09-04,2026-09-27,38.84,33.98,45.48,Chronos
550540,2026-09-04,2026-09-28,38.99,33.9,45.86,Chronos
550540,2026-09-04,2026-09-29,39.06,33.82,46.41,Chronos
550540,2026-09-04,2026-09-30,39.05,33.6,46.71,Chronos
550540,2026-09-04,2026-10-01,39.03,33.31,47.09,Chronos
550540,2026-09-04,2026-10-02,38.92,33.31,47.08,Chronos
550540,2026-09-04,2026-10-03,38.81,33.15,47.08,Chronos
550540,2026-09-04,2026-10-04,38.71,33.01,47.32,Chronos
550541,2026-09-04,2026-09-05,43.61,42.52,44.85,Chronos
550541,2026-09-04,2026-09-06,43.35,41.78,45.12,Chronos
550541,2026-09-04,2026-09-07,43.24,41.21,45.5,Chronos
550541,2026-09-04,2026-09-08,43.19,40.89,45.7,Chronos
550541,2026-09-04,2026-09-09,43.11,40.45,45.99,Chronos
550541,2026-09-04,2026-09-10,43.0,40.03,46.28,Chronos
550541,2026-09-04,2026-09-11,42.93,39.54,46.58,Chronos
550541,2026-09-04,2026-09-12,42.93,39.16,46.86,Chronos
550541,2026-09-04,2026-09-13,42.87,38.93,47.12,Chronos
550541,2026-09-04,2026-09-14,42.82,38.54,47.38,Chronos
550541,2026-09-04,2026-09-15,42.71,38.26,47.67,Chronos
550541,2026-09-04,2026-09-16,42.69,37.96,47.83,Chronos
550541,2026-09-04,2026-09-17,42.66,37.52,48.13,Chronos
550541,2026-09-04,2026-09-18,42.53,37.32,48.39,Chronos
550541,2026-09-04,2026-09-19,42.54,37.11,48.6,Chronos
550541,2026-09-04,2026-09-20,42.55,37.08,48.55,Chronos
550541,2026-09-04,2026-09-21,42.59,36.08,49.27,Chronos
550541,2026-09-04,2026-09-22,42.64,35.86,49.48,Chronos
550541,2026-09-04,2026-09-23,42.55,35.76,49.55,Chronos
550541,2026-09-04,2026-09-24,42.49,35.36,49.98,Chronos
550541,2026-09-04,2026-09-25,42.48,35.13,50.28,Chronos
550541,2026-09-04,2026-09-26,42.49,35.01,50.4,Chronos
550541,2026-09-04,2026-09-27,42.43,34.75,50.67,Chronos
550541,2026-09-04,2026-09-28,42.38,34.54,50.89,Chronos
550541,2026-09-04,2026-09-29,42.42,34.46,50.91,Chronos
550541,2026-09-04,2026-09-30,42.5,34.26,51.19,Chronos
550541,2026-09-04,2026-10-01,42.38,34.01,51.43,Chronos
550541,2026-09-04,2026-10-02,42.42,33.9,51.62,Chronos
550541,2026-09-04,2026-10-03,42.46,33.72,51.88,Chronos
550541,2026-09-04,2026-10-04,42.4,33.62,51.99,Chronos
550542,2026-09-04,2026-09-05,61.81,60.07,63.47,Chronos
550542,2026-09-04,2026-09-06,61.59,59.02,64.1,Chronos
550542,2026-09-04,2026-09-07,61.2,57.81,64.56,Chronos
550542,2026-09-04,2026-09-08,60.87,56.84,65.1,Chronos
550542,2026-09-04,2026-09-09,60.53,56.05,65.36,Chronos
550542,2026-09-04,2026-09-10,60.3,55.21,65.58,Chronos
550542,2026-09-04,2026-09-11,60.04,54.32,65.9,Chronos
550542,2026-09-04,2026-09-12,59.8,53.51,66.42,Chronos
550542,2026-09-04,2026-09-13,59.59,52.88,66.56,Chronos
550542,2026-09-04,2026-09-14,59.26,51.98,67.02,Chronos
550542,2026-09-04,2026-09-15,58.88,51.49,67.25,Chronos
550542,2026-09-04,2026-09-16,58.54,50.89,67.28,Chronos
550542,2026-09-04,2026-09-17,58.3,50.1,67.52,Chronos
550542,2026-09-04,2026-09-18,58.08,49.83,67.97,Chronos
550542,2026-09-04,2026-09-19,57.7,49.24,67.77,Chronos
550542,2026-09-04,2026-09-20,57.46,49.1,67.47,Chronos
550542,2026-09-04,2026-09-21,57.77,47.2,68.52,Chronos
550542,2026-09-04,2026-09-22,57.5,46.69,68.68,Chronos
550542,2026-09-04,2026-09-23,57.18,46.29,68.58,Chronos
550542,2026-09-04,2026-09-24,56.91,45.51,68.9,Chronos
550542,2026-09-04,2026-09-25,56.72,45.31,68.91,Chronos
550542,2026-09-04,2026-09-26,56.63,44.91,69.07,Chronos
550542,2026-09-04,2026-09-27,56.37,44.48,69.18,Chronos
550542,2026-09-04,2026-09-28,56.29,44.35,69.43,Chronos
550542,2026-09-04,2026-09-29,56.29,44.08,69.47,Chronos
550542,2026-09-04,2026-09-30,56.24,43.78,69.6,Chronos
550542,2026-09-04,2026-10-01,55.88,43.29,69.72,Chronos
550542,2026-09-04,2026-10-02,55.7,43.12,69.7,Chronos
550542,2026-09-04,2026-10-03,55.67,42.94,69.84,Chronos
550542,2026-09-04,2026-10-04,55.44,42.68,69.81,Chronos
550544,2026-09-04,2026-09-05,122.33,121.43,123.64,Chronos
550544,2026-09-04,2026-09-06,122.34,120.58,123.65,Chronos
550544,2026-09-04,2026-09-07,122.31,120.52,123.6,Chronos
550544,2026-09-04,2026-09-08,122.01,120.54,124.06,Chronos
550544,2026-09-04,2026-09-09,122.11,119.78,124.08,Chronos
550544,2026-09-04,2026-09-10,121.7,119.24,124.11,Chronos
550544,2026-09-04,2026-09-11,121.98,119.33,124.24,Chronos
550544,2026-09-04,2026-09-12,122.08,118.89,124.63,Chronos
550544,2026-09-04,2026-09-13,122.32,118.8,124.8,Chronos
550544,2026-09-04,2026-09-14,122.17,118.58,125.34,Chronos
550544,2026-09-04,2026-09-15,122.02,117.79,125.01,Chronos
550544,2026-09-04,2026-09-16,121.84,117.1,125.04,Chronos
550544,2026-09-04,2026-09-17,121.22,116.21,125.37,Chronos
550544,2026-09-04,2026-09-18,121.46,115.63,124.8,Chronos
550544,2026-09-04,2026-09-19,121.86,115.44,125.53,Chronos
550544,2026-09-04,2026-09-20,121.28,116.14,125.76,Chronos
550544,2026-09-04,2026-09-21,122.62,115.93,127.33,Chronos
550544,2026-09-04,2026-09-22,122.65,115.34,126.98,Chronos
550544,2026-09-04,2026-09-23,122.53,114.52,126.9,Chronos
550544,2026-09-04,2026-09-24,122.07,113.8,127.16,Chronos
550544,2026-09-04,2026-09-25,122.13,113.92,127.15,Chronos
550544,2026-09-04,2026-09-26,121.84,113.47,127.04,Chronos
550544,2026-09-04,2026-09-27,122.06,113.89,127.18,Chronos
550544,2026-09-04,2026-09-28,122.16,113.24,127.58,Chronos
550544,2026-09-04,2026-09-29,122.46,111.98,127.78,Chronos
550544,2026-09-04,2026-09-30,122.23,112.16,128.21,Chronos
550544,2026-09-04,2026-10-01,122.0,110.33,127.96,Chronos
550544,2026-09-04,2026-10-02,121.87,109.77,127.7,Chronos
550544,2026-09-04,2026-10-03,121.18,108.17,127.86,Chronos
550544,2026-09-04,2026-10-04,121.37,106.97,127.17,Chronos
550549,2026-09-04,2026-09-05,179.74,177.71,181.27,Chronos
550549,2026-09-04,2026-09-06,179.72,175.88,182.2,Chronos
550549,2026-09-04,2026-09-07,179.45,173.93,182.95,Chronos
550549,2026-09-04,2026-09-08,178.91,173.61,183.74,Chronos
550549,2026-09-04,2026-09-09,178.93,171.94,184.82,Chronos
550549,2026-09-04,2026-09-10,178.41,170.61,185.0,Chronos
550549,2026-09-04,2026-09-11,178.6,170.02,185.76,Chronos
550549,2026-09-04,2026-09-12,178.65,169.14,186.59,Chronos
550549,2026-09-04,2026-09-13,178.6,167.29,187.27,Chronos
550549,2026-09-04,2026-09-14,178.28,167.01,187.39,Chronos
550549,2026-09-04,2026-09-15,177.84,164.35,187.96,Chronos
550549,2026-09-04,2026-09-16,177.67,163.23,187.95,Chronos
550549,2026-09-04,2026-09-17,177.29,161.55,188.73,Chronos
550549,2026-09-04,2026-09-18,177.24,159.5,188.15,Chronos
550549,2026-09-04,2026-09-19,176.87,158.44,189.05,Chronos
550549,2026-09-04,2026-09-20,175.96,156.91,189.25,Chronos
550549,2026-09-04,2026-09-21,177.21,160.16,189.57,Chronos
550549,2026-09-04,2026-09-22,176.83,158.45,189.62,Chronos
550549,2026-09-04,2026-09-23,176.51,157.42,189.72,Chronos
550549,2026-09-04,2026-09-24,176.07,156.97,190.83,Chronos
550549,2026-09-04,2026-09-25,176.39,154.92,190.59,Chronos
550549,2026-09-04,2026-09-26,175.73,154.25,191.42,Chronos
550549,2026-09-04,2026-09-27,175.99,153.41,191.65,Chronos
550549,2026-09-04,2026-09-28,175.65,152.51,192.18,Chronos
550549,2026-09-04,2026-09-29,175.93,151.93,192.87,Chronos
550549,2026-09-04,2026-09-30,175.94,151.43,193.12,Chronos
550549,2026-09-04,2026-10-01,175.87,150.25,193.99,Chronos
550549,2026-09-04,2026-10-02,175.3,148.61,194.41,Chronos
550549,2026-09-04,2026-10-03,175.05,147.12,195.02,Chronos
550549,2026-09-04,2026-10-04,174.97,147.6,194.26,Chronos
550674,2026-09-04,2026-09-05,81.2,79.81,82.79,Chronos
550674,2026-09-04,2026-09-06,81.33,78.91,82.76,Chronos
550674,2026-09-04,2026-09-07,81.29,78.61,82.96,Chronos
550674,2026-09-04,2026-09-08,80.8,77.94,83.34,Chronos
550674,2026-09-04,2026-09-09,80.58,76.75,83.62,Chronos
550674,2026-09-04,2026-09-10,80.04,75.78,83.43,Chronos
550674,2026-09-04,2026-09-11,79.38,73.94,83.61,Chronos
550674,2026-09-04,2026-09-12,79.14,72.55,83.51,Chronos
550674,2026-09-04,2026-09-13,78.12,69.75,83.69,Chronos
550674,2026-09-04,2026-09-14,77.42,67.76,83.44,Chronos
550674,2026-09-04,2026-09-15,76.47,66.22,83.24,Chronos
550674,2026-09-04,2026-09-16,75.28,63.23,82.77,Chronos
550674,2026-09-04,2026-09-17,73.77,61.07,82.12,Chronos
550674,2026-09-04,2026-09-18,73.02,59.8,82.52,Chronos
550674,2026-09-04,2026-09-19,72.3,58.49,82.36,Chronos
550674,2026-09-04,2026-09-20,71.77,57.82,83.08,Chronos
550674,2026-09-04,2026-09-21,70.65,49.81,84.89,Chronos
550674,2026-09-04,2026-09-22,69.8,48.72,85.15,Chronos
550674,2026-09-04,2026-09-23,69.39,48.43,84.53,Chronos
550674,2026-09-04,2026-09-24,68.65,47.69,84.45,Chronos
550674,2026-09-04,2026-09-25,67.85,47.21,84.24,Chronos
550674,2026-09-04,2026-09-26,67.32,46.56,84.26,Chronos
550674,2026-09-04,2026-09-27,66.75,46.92,83.97,Chronos
550674,2026-09-04,2026-09-28,66.26,46.41,84.43,Chronos
550674,2026-09-04,2026-09-29,66.21,45.8,84.09,Chronos
550674,2026-09-04,2026-09-30,65.96,45.67,83.39,Chronos
550674,2026-09-04,2026-10-01,65.75,45.27,83.8,Chronos
550674,2026-09-04,2026-10-02,65.21,45.8,84.07,Chronos
550674,2026-09-04,2026-10-03,64.25,45.5,84.25,Chronos
550674,2026-09-04,2026-10-04,64.21,45.67,82.67,Chronos
550718,2026-09-04,2026-09-05,88.47,87.52,89.71,Chronos
550718,2026-09-04,2026-09-06,88.56,87.2,89.97,Chronos
550718,2026-09-04,2026-09-07,88.59,87.12,90.08,Chronos
550718,2026-09-04,2026-09-08,88.49,86.82,90.2,Chronos
550718,2026-09-04,2026-09-09,88.65,86.54,90.62,Chronos
550718,2026-09-04,2026-09-10,88.5,86.25,90.93,Chronos
550718,2026-09-04,2026-09-11,88.75,86.35,91.22,Chronos
550718,2026-09-04,2026-09-12,89.0,86.11,91.8,Chronos
550718,2026-09-04,2026-09-13,89.18,86.32,92.08,Chronos
550718,2026-09-04,2026-09-14,89.15,86.02,92.43,Chronos
550718,2026-09-04,2026-09-15,89.12,85.84,92.39,Chronos
550718,2026-09-04,2026-09-16,89.09,85.45,92.59,Chronos
550718,2026-09-04,2026-09-17,88.79,85.15,93.01,Chronos
550718,2026-09-04,2026-09-18,89.09,85.18,92.79,Chronos
550718,2026-09-04,2026-09-19,89.25,84.82,93.64,Chronos
550718,2026-09-04,2026-09-20,89.04,84.75,93.76,Chronos
550718,2026-09-04,2026-09-21,89.77,85.14,93.9,Chronos
550718,2026-09-04,2026-09-22,89.71,84.8,93.79,Chronos
550718,2026-09-04,2026-09-23,89.67,84.37,93.84,Chronos
550718,2026-09-04,2026-09-24,89.47,84.74,93.93,Chronos
550718,2026-09-04,2026-09-25,89.5,83.66,94.32,Chronos
550718,2026-09-04,2026-09-26,89.23,83.1,94.36,Chronos
550718,2026-09-04,2026-09-27,89.45,83.26,94.71,Chronos
550718,2026-09-04,2026-09-28,89.7,83.01,95.38,Chronos
550718,2026-09-04,2026-09-29,89.91,82.76,95.73,Chronos
550718,2026-09-04,2026-09-30,89.79,82.54,96.1,Chronos
550718,2026-09-04,2026-10-01,89.71,82.05,95.8,Chronos
550718,2026-09-04,2026-10-02,89.59,81.87,95.92,Chronos
550718,2026-09-04,2026-10-03,89.07,81.27,96.02,Chronos
550718,2026-09-04,2026-10-04,89.28,80.72,95.67,Chronos
550719,2026-09-04,2026-09-05,26.29,26.08,26.69,Chronos
550719,2026-09-04,2026-09-06,26.26,25.8,26.67,Chronos
550719,2026-09-04,2026-09-07,26.27,25.72,26.69,Chronos
550719,2026-09-04,2026-09-08,26.19,25.67,26.75,Chronos
550719,2026-09-04,2026-09-09,26.17,25.45,26.78,Chronos
550719,2026-09-04,2026-09-10,26.12,25.37,26.8,Chronos
550719,2026-09-04,2026-09-11,26.14,25.29,26.83,Chronos
550719,2026-09-04,2026-09-12,26.12,25.16,26.9,Chronos
550719,2026-09-04,2026-09-13,26.15,25.13,26.95,Chronos
550719,2026-09-04,2026-09-14,26.07,25.01,26.95,Chronos
550719,2026-09-04,2026-09-15,26.01,24.85,26.91,Chronos
550719,2026-09-04,2026-09-16,25.97,24.75,26.89,Chronos
550719,2026-09-04,2026-09-17,25.88,24.65,26.94,Chronos
550719,2026-09-04,2026-09-18,25.9,24.51,26.89,Chronos
550719,2026-09-04,2026-09-19,25.92,24.45,26.98,Chronos
550719,2026-09-04,2026-09-20,25.84,24.6,27.0,Chronos
550719,2026-09-04,2026-09-21,26.07,24.63,27.23,Chronos
550719,2026-09-04,2026-09-22,26.11,24.57,27.2,Chronos
550719,2026-09-04,2026-09-23,26.05,24.32,27.23,Chronos
550719,2026-09-04,2026-09-24,25.97,24.13,27.25,Chronos
550719,2026-09-04,2026-09-25,25.91,24.05,27.24,Chronos
550719,2026-09-04,2026-09-26,25.78,23.79,27.22,Chronos
550719,2026-09-04,2026-09-27,25.76,23.65,27.28,Chronos
550719,2026-09-04,2026-09-28,25.73,23.49,27.32,Chronos
550719,2026-09-04,2026-09-29,25.75,23.32,27.38,Chronos
550719,2026-09-04,2026-09-30,25.64,23.27,27.33,Chronos
550719,2026-09-04,2026-10-01,25.54,22.79,27.36,Chronos
550719,2026-09-04,2026-10-02,25.49,22.53,27.31,Chronos
550719,2026-09-04,2026-10-03,25.38,22.28,27.33,Chronos
550719,2026-09-04,2026-10-04,25.39,22.05,27.2,Chronos
550721,2026-09-04,2026-09-05,67.14,66.37,67.92,Chronos
550721,2026-09-04,2026-09-06,67.18,66.09,68.07,Chronos
550721,2026-09-04,2026-09-07,67.18,65.84,68.17,Chronos
550721,2026-09-04,2026-09-08,66.99,65.66,68.24,Chronos
550721,2026-09-04,2026-09-09,67.05,65.36,68.52,Chronos
550721,2026-09-04,2026-09-10,67.04,65.15,68.74,Chronos
550721,2026-09-04,2026-09-11,67.14,65.2,68.94,Chronos
550721,2026-09-04,2026-09-12,67.28,64.98,69.29,Chronos
550721,2026-09-04,2026-09-13,67.43,65.0,69.46,Chronos
550721,2026-09-04,2026-09-14,67.39,64.94,69.79,Chronos
550721,2026-09-04,2026-09-15,67.39,64.78,69.77,Chronos
550721,2026-09-04,2026-09-16,67.29,64.45,69.79,Chronos
550721,2026-09-04,2026-09-17,67.06,64.1,70.02,Chronos
550721,2026-09-04,2026-09-18,67.16,63.95,69.87,Chronos
550721,2026-09-04,2026-09-19,67.33,63.87,70.3,Chronos
550721,2026-09-04,2026-09-20,67.2,64.02,70.44,Chronos
550721,2026-09-04,2026-09-21,67.8,64.14,71.02,Chronos
550721,2026-09-04,2026-09-22,67.87,64.04,71.16,Chronos
550721,2026-09-04,2026-09-23,67.73,63.35,71.13,Chronos
550721,2026-09-04,2026-09-24,67.57,63.36,71.34,Chronos
550721,2026-09-04,2026-09-25,67.62,62.98,71.64,Chronos
550721,2026-09-04,2026-09-26,67.6,62.74,71.8,Chronos
550721,2026-09-04,2026-09-27,67.63,62.68,72.02,Chronos
550721,2026-09-04,2026-09-28,67.77,62.48,72.36,Chronos
550721,2026-09-04,2026-09-29,67.98,62.33,72.64,Chronos
550721,2026-09-04,2026-09-30,67.93,62.19,72.89,Chronos
550721,2026-09-04,2026-10-01,67.86,61.71,72.94,Chronos
550721,2026-09-04,2026-10-02,67.73,61.68,72.95,Chronos
550721,2026-09-04,2026-10-03,67.51,61.42,73.13,Chronos
550721,2026-09-04,2026-10-04,67.62,60.97,72.86,Chronos
550838,2026-09-04,2026-09-05,25.45,25.11,25.86,Chronos
550838,2026-09-04,2026-09-06,25.44,24.76,25.88,Chronos
550838,2026-09-04,2026-09-07,25.48,24.73,26.02,Chronos
550838,2026-09-04,2026-09-08,25.44,24.64,26.16,Chronos
550838,2026-09-04,2026-09-09,25.5,24.45,26.33,Chronos
550838,2026-09-04,2026-09-10,25.42,24.26,26.39,Chronos
550838,2026-09-04,2026-09-11,25.53,24.2,26.56,Chronos
550838,2026-09-04,2026-09-12,25.54,24.09,26.7,Chronos
550838,2026-09-04,2026-09-13,25.62,23.94,26.86,Chronos
550838,2026-09-04,2026-09-14,25.54,23.79,26.85,Chronos
550838,2026-09-04,2026-09-15,25.52,23.54,26.99,Chronos
550838,2026-09-04,2026-09-16,25.54,23.39,27.03,Chronos
550838,2026-09-04,2026-09-17,25.43,23.09,27.11,Chronos
550838,2026-09-04,2026-09-18,25.52,23.08,27.08,Chronos
550838,2026-09-04,2026-09-19,25.62,22.85,27.3,Chronos
550838,2026-09-04,2026-09-20,25.53,22.82,27.41,Chronos
550838,2026-09-04,2026-09-21,25.62,22.61,27.62,Chronos
550838,2026-09-04,2026-09-22,25.61,22.56,27.57,Chronos
550838,2026-09-04,2026-09-23,25.58,22.29,27.71,Chronos
550838,2026-09-04,2026-09-24,25.56,22.1,27.9,Chronos
550838,2026-09-04,2026-09-25,25.61,21.88,27.88,Chronos
550838,2026-09-04,2026-09-26,25.51,21.59,27.96,Chronos
550838,2026-09-04,2026-09-27,25.63,21.42,28.11,Chronos
550838,2026-09-04,2026-09-28,25.63,21.41,28.27,Chronos
550838,2026-09-04,2026-09-29,25.7,21.48,28.36,Chronos
550838,2026-09-04,2026-09-30,25.65,21.41,28.35,Chronos
550838,2026-09-04,2026-10-01,25.64,21.32,28.54,Chronos
550838,2026-09-04,2026-10-02,25.67,21.08,28.56,Chronos
550838,2026-09-04,2026-10-03,25.64,20.91,28.66,Chronos
550838,2026-09-04,2026-10-04,25.72,20.95,28.51,Chronos
550839,2026-09-04,2026-09-05,60.86,60.29,61.2,Chronos
550839,2026-09-04,2026-09-06,60.87,60.29,61.4,Chronos
550839,2026-09-04,2026-09-07,60.8,60.18,61.47,Chronos
550839,2026-09-04,2026-09-08,60.84,60.05,61.63,Chronos
550839,2026-09-04,2026-09-09,60.83,59.91,61.83,Chronos
550839,2026-09-04,2026-09-10,60.85,59.7,61.94,Chronos
550839,2026-09-04,2026-09-11,60.83,59.63,62.06,Chronos
550839,2026-09-04,2026-09-12,60.85,59.5,62.16,Chronos
550839,2026-09-04,2026-09-13,60.86,59.36,62.3,Chronos
550839,2026-09-04,2026-09-14,60.8,59.22,62.41,Chronos
550839,2026-09-04,2026-09-15,60.81,59.06,62.57,Chronos
550839,2026-09-04,2026-09-16,60.81,59.04,62.72,Chronos
550839,2026-09-04,2026-09-17,60.85,58.96,62.94,Chronos
550839,2026-09-04,2026-09-18,60.78,58.75,63.2,Chronos
550839,2026-09-04,2026-09-19,60.82,58.48,63.48,Chronos
550839,2026-09-04,2026-09-20,60.79,58.57,63.5,Chronos
550839,2026-09-04,2026-09-21,61.09,58.49,63.97,Chronos
550839,2026-09-04,2026-09-22,61.07,58.27,64.05,Chronos
550839,2026-09-04,2026-09-23,61.05,57.98,64.12,Chronos
550839,2026-09-04,2026-09-24,61.08,57.88,64.42,Chronos
550839,2026-09-04,2026-09-25,61.01,57.82,64.72,Chronos
550839,2026-09-04,2026-09-26,61.06,57.71,64.8,Chronos
550839,2026-09-04,2026-09-27,61.07,57.47,64.99,Chronos
550839,2026-09-04,2026-09-28,61.08,57.53,65.06,Chronos
550839,2026-09-04,2026-09-29,61.12,57.42,65.22,Chronos
550839,2026-09-04,2026-09-30,61.09,57.31,65.13,Chronos
550839,2026-09-04,2026-10-01,61.07,57.1,65.46,Chronos
550839,2026-09-04,2026-10-02,61.01,57.09,65.42,Chronos
550839,2026-09-04,2026-10-03,60.99,57.03,65.68,Chronos
550839,2026-09-04,2026-10-04,61.0,56.9,65.93,Chronos
550844,2026-09-04,2026-09-05,59.13,58.22,59.78,Chronos
550844,2026-09-04,2026-09-06,59.17,57.91,59.99,Chronos
550844,2026-09-04,2026-09-07,59.27,57.77,60.29,Chronos
550844,2026-09-04,2026-09-08,59.33,57.86,60.6,Chronos
550844,2026-09-04,2026-09-09,59.5,57.47,61.11,Chronos
550844,2026-09-04,2026-09-10,59.59,57.41,61.49,Chronos
550844,2026-09-04,2026-09-11,59.8,57.41,61.81,Chronos
550844,2026-09-04,2026-09-12,59.96,57.17,62.25,Chronos
550844,2026-09-04,2026-09-13,60.17,57.08,62.64,Chronos
550844,2026-09-04,2026-09-14,60.22,56.92,62.86,Chronos
550844,2026-09-04,2026-09-15,60.32,56.67,63.22,Chronos
550844,2026-09-04,2026-09-16,60.4,56.5,63.35,Chronos
550844,2026-09-04,2026-09-17,60.19,55.96,63.6,Chronos
550844,2026-09-04,2026-09-18,60.36,55.09,63.72,Chronos
550844,2026-09-04,2026-09-19,60.68,54.43,64.16,Chronos
550844,2026-09-04,2026-09-20,60.59,54.77,64.55,Chronos
550844,2026-09-04,2026-09-21,60.96,54.3,65.93,Chronos
550844,2026-09-04,2026-09-22,61.12,54.48,66.18,Chronos
550844,2026-09-04,2026-09-23,61.17,54.35,66.53,Chronos
550844,2026-09-04,2026-09-24,61.25,53.79,67.1,Chronos
550844,2026-09-04,2026-09-25,61.39,53.53,67.15,Chronos
550844,2026-09-04,2026-09-26,61.31,53.04,67.71,Chronos
550844,2026-09-04,2026-09-27,61.39,52.8,67.99,Chronos
550844,2026-09-04,2026-09-28,61.61,52.71,68.46,Chronos
550844,2026-09-04,2026-09-29,61.98,52.6,68.75,Chronos
550844,2026-09-04,2026-09-30,61.71,52.59,68.95,Chronos
550844,2026-09-04,2026-10-01,61.88,51.93,69.73,Chronos
550844,2026-09-04,2026-10-02,61.8,51.45,69.95,Chronos
550844,2026-09-04,2026-10-03,61.69,50.92,70.31,Chronos
550844,2026-09-04,2026-10-04,61.81,50.95,70.06,Chronos
551943,2026-09-04,2026-09-05,63.07,62.59,63.35,Chronos
551943,2026-09-04,2026-09-06,63.04,62.4,63.49,Chronos
551943,2026-09-04,2026-09-07,62.95,62.22,63.61,Chronos
551943,2026-09-04,2026-09-08,62.94,62.0,63.72,Chronos
551943,2026-09-04,2026-09-09,62.84,61.8,63.91,Chronos
551943,2026-09-04,2026-09-10,62.89,61.64,64.0,Chronos
551943,2026-09-04,2026-09-11,62.84,61.52,64.09,Chronos
551943,2026-09-04,2026-09-12,62.79,61.35,64.16,Chronos
551943,2026-09-04,2026-09-13,62.71,61.1,64.3,Chronos
551943,2026-09-04,2026-09-14,62.68,60.94,64.41,Chronos
551943,2026-09-04,2026-09-15,62.56,60.7,64.63,Chronos
551943,2026-09-04,2026-09-16,62.53,60.64,64.78,Chronos
551943,2026-09-04,2026-09-17,62.39,60.4,64.94,Chronos
551943,2026-09-04,2026-09-18,62.39,60.11,65.06,Chronos
551943,2026-09-04,2026-09-19,62.34,59.97,65.0,Chronos
551943,2026-09-04,2026-09-20,62.22,59.74,65.01,Chronos
551943,2026-09-04,2026-09-21,62.27,60.19,64.53,Chronos
551943,2026-09-04,2026-09-22,62.13,59.88,64.47,Chronos
551943,2026-09-04,2026-09-23,62.02,59.66,64.52,Chronos
551943,2026-09-04,2026-09-24,61.99,59.45,64.59,Chronos
551943,2026-09-04,2026-09-25,61.84,59.34,64.78,Chronos
551943,2026-09-04,2026-09-26,61.8,59.12,64.67,Chronos
551943,2026-09-04,2026-09-27,61.72,59.04,64.68,Chronos
551943,2026-09-04,2026-09-28,61.66,58.89,64.68,Chronos
551943,2026-09-04,2026-09-29,61.54,58.53,64.79,Chronos
551943,2026-09-04,2026-09-30,61.51,58.43,64.85,Chronos
551943,2026-09-04,2026-10-01,61.4,58.01,65.09,Chronos
551943,2026-09-04,2026-10-02,61.33,57.99,65.27,Chronos
551943,2026-09-04,2026-10-03,61.21,57.53,65.43,Chronos
551943,2026-09-04,2026-10-04,61.15,57.01,65.42,Chronos
551944,2026-09-04,2026-09-05,103.15,101.93,104.65,Chronos
551944,2026-09-04,2026-09-06,103.33,101.45,105.08,Chronos
551944,2026-09-04,2026-09-07,103.52,101.57,105.48,Chronos
551944,2026-09-04,2026-09-08,103.7,101.83,106.04,Chronos
551944,2026-09-04,2026-09-09,103.98,101.28,106.82,Chronos
551944,2026-09-04,2026-09-10,104.06,101.17,107.36,Chronos
551944,2026-09-04,2026-09-11,104.59,101.47,108.09,Chronos
551944,2026-09-04,2026-09-12,104.95,101.42,108.92,Chronos
551944,2026-09-04,2026-09-13,105.44,101.54,109.61,Chronos
551944,2026-09-04,2026-09-14,105.71,101.48,110.47,Chronos
551944,2026-09-04,2026-09-15,105.91,101.36,110.72,Chronos
551944,2026-09-04,2026-09-16,106.0,101.07,111.3,Chronos
551944,2026-09-04,2026-09-17,105.74,100.71,111.99,Chronos
551944,2026-09-04,2026-09-18,106.39,100.57,112.01,Chronos
551944,2026-09-04,2026-09-19,106.97,100.86,113.22,Chronos
551944,2026-09-04,2026-09-20,106.88,101.14,114.03,Chronos
551944,2026-09-04,2026-09-21,108.2,101.67,114.97,Chronos
551944,2026-09-04,2026-09-22,108.44,101.31,115.27,Chronos
551944,2026-09-04,2026-09-23,108.48,100.7,115.54,Chronos
551944,2026-09-04,2026-09-24,108.65,100.75,116.79,Chronos
551944,2026-09-04,2026-09-25,108.99,100.45,116.9,Chronos
551944,2026-09-04,2026-09-26,108.87,100.22,117.4,Chronos
551944,2026-09-04,2026-09-27,109.38,100.57,118.13,Chronos
551944,2026-09-04,2026-09-28,109.69,100.47,118.85,Chronos
551944,2026-09-04,2026-09-29,110.33,100.22,119.76,Chronos
551944,2026-09-04,2026-09-30,110.56,100.25,119.9,Chronos
551944,2026-09-04,2026-10-01,110.69,99.69,120.61,Chronos
551944,2026-09-04,2026-10-02,110.68,99.82,120.97,Chronos
551944,2026-09-04,2026-10-03,110.3,99.55,121.51,Chronos
551944,2026-09-04,2026-10-04,111.0,98.92,121.47,Chronos
559716,2026-09-04,2026-09-05,110.75,110.01,111.62,Chronos
559716,2026-09-04,2026-09-06,110.65,109.3,111.58,Chronos
559716,2026-09-04,2026-09-07,110.73,109.16,111.63,Chronos
559716,2026-09-04,2026-09-08,110.25,108.84,111.69,Chronos
559716,2026-09-04,2026-09-09,110.21,108.3,111.76,Chronos
559716,2026-09-04,2026-09-10,109.96,107.92,111.82,Chronos
559716,2026-09-04,2026-09-11,109.99,107.74,111.86,Chronos
559716,2026-09-04,2026-09-12,110.04,107.46,112.09,Chronos
559716,2026-09-04,2026-09-13,110.14,107.41,112.16,Chronos
559716,2026-09-04,2026-09-14,109.97,107.29,112.45,Chronos
559716,2026-09-04,2026-09-15,109.85,106.92,112.18,Chronos
559716,2026-09-04,2026-09-16,109.73,106.63,112.08,Chronos
559716,2026-09-04,2026-09-17,109.35,106.19,112.36,Chronos
559716,2026-09-04,2026-09-18,109.39,106.18,111.95,Chronos
559716,2026-09-04,2026-09-19,109.55,105.75,112.29,Chronos
559716,2026-09-04,2026-09-20,109.28,105.75,112.48,Chronos
559716,2026-09-04,2026-09-21,109.72,105.33,113.07,Chronos
559716,2026-09-04,2026-09-22,109.67,104.96,112.92,Chronos
559716,2026-09-04,2026-09-23,109.61,104.61,112.83,Chronos
559716,2026-09-04,2026-09-24,109.15,104.57,112.9,Chronos
559716,2026-09-04,2026-09-25,109.13,103.87,112.98,Chronos
559716,2026-09-04,2026-09-26,108.96,103.41,112.98,Chronos
559716,2026-09-04,2026-09-27,108.88,103.28,112.97,Chronos
559716,2026-09-04,2026-09-28,108.9,102.96,113.19,Chronos
559716,2026-09-04,2026-09-29,109.15,102.68,113.36,Chronos
559716,2026-09-04,2026-09-30,109.02,102.66,113.83,Chronos
559716,2026-09-04,2026-10-01,108.88,101.85,113.56,Chronos
559716,2026-09-04,2026-10-02,108.73,101.53,113.42,Chronos
559716,2026-09-04,2026-10-03,108.32,100.85,113.59,Chronos
559716,2026-09-04,2026-10-04,108.3,100.54,113.06,Chronos
561976,2026-09-04,2026-09-05,55.12,54.72,55.41,Chronos
561976,2026-09-04,2026-09-06,55.14,54.44,55.41,Chronos
561976,2026-09-04,2026-09-07,55.16,54.25,55.54,Chronos
561976,2026-09-04,2026-09-08,54.99,53.93,55.57,Chronos
561976,2026-09-04,2026-09-09,54.83,53.53,55.73,Chronos
561976,2026-09-04,2026-09-10,54.85,52.99,55.77,Chronos
561976,2026-09-04,2026-09-11,54.74,52.03,55.88,Chronos
561976,2026-09-04,2026-09-12,54.69,51.51,55.85,Chronos
561976,2026-09-04,2026-09-13,54.54,50.93,55.84,Chronos
561976,2026-09-04,2026-09-14,54.43,49.71,55.86,Chronos
561976,2026-09-04,2026-09-15,54.43,49.06,55.99,Chronos
561976,2026-09-04,2026-09-16,54.34,48.16,56.33,Chronos
561976,2026-09-04,2026-09-17,54.2,47.22,56.23,Chronos
561976,2026-09-04,2026-09-18,54.19,46.22,56.27,Chronos
561976,2026-09-04,2026-09-19,53.97,45.61,56.36,Chronos
561976,2026-09-04,2026-09-20,53.83,45.35,56.4,Chronos
561976,2026-09-04,2026-09-21,53.88,45.34,56.55,Chronos
561976,2026-09-04,2026-09-22,53.86,44.22,56.75,Chronos
561976,2026-09-04,2026-09-23,53.59,43.06,56.91,Chronos
561976,2026-09-04,2026-09-24,53.44,42.58,56.85,Chronos
561976,2026-09-04,2026-09-25,53.19,42.02,56.7,Chronos
561976,2026-09-04,2026-09-26,53.05,41.55,56.76,Chronos
561976,2026-09-04,2026-09-27,52.8,41.3,56.87,Chronos
561976,2026-09-04,2026-09-28,52.53,40.89,56.91,Chronos
561976,2026-09-04,2026-09-29,52.34,40.44,56.69,Chronos
561976,2026-09-04,2026-09-30,52.02,40.14,56.82,Chronos
561976,2026-09-04,2026-10-01,51.99,39.78,56.93,Chronos
561976,2026-09-04,2026-10-02,51.72,40.04,57.02,Chronos
561976,2026-09-04,2026-10-03,51.43,39.92,56.99,Chronos
561976,2026-09-04,2026-10-04,51.02,39.65,56.8,Chronos
561977,2026-09-04,2026-09-05,63.34,62.82,63.92,Chronos
561977,2026-09-04,2026-09-06,63.39,62.5,63.95,Chronos
561977,2026-09-04,2026-09-07,63.32,62.3,63.96,Chronos
561977,2026-09-04,2026-09-08,63.07,62.17,63.93,Chronos
561977,2026-09-04,2026-09-09,63.14,61.79,64.08,Chronos
561977,2026-09-04,2026-09-10,63.03,61.63,64.23,Chronos
561977,2026-09-04,2026-09-11,63.06,61.55,64.25,Chronos
561977,2026-09-04,2026-09-12,63.1,61.26,64.45,Chronos
561977,2026-09-04,2026-09-13,63.22,61.22,64.58,Chronos
561977,2026-09-04,2026-09-14,63.14,61.09,64.75,Chronos
561977,2026-09-04,2026-09-15,63.07,60.71,64.58,Chronos
561977,2026-09-04,2026-09-16,63.0,60.45,64.64,Chronos
561977,2026-09-04,2026-09-17,62.78,60.06,64.78,Chronos
561977,2026-09-04,2026-09-18,62.91,59.86,64.73,Chronos
561977,2026-09-04,2026-09-19,62.95,59.77,64.9,Chronos
561977,2026-09-04,2026-09-20,62.75,60.03,64.94,Chronos
561977,2026-09-04,2026-09-21,63.53,59.31,66.02,Chronos
561977,2026-09-04,2026-09-22,63.63,59.56,65.98,Chronos
561977,2026-09-04,2026-09-23,63.64,59.0,66.13,Chronos
561977,2026-09-04,2026-09-24,63.55,58.54,66.23,Chronos
561977,2026-09-04,2026-09-25,63.61,58.76,66.31,Chronos
561977,2026-09-04,2026-09-26,63.51,58.25,66.36,Chronos
561977,2026-09-04,2026-09-27,63.61,58.12,66.49,Chronos
561977,2026-09-04,2026-09-28,63.75,57.71,66.81,Chronos
561977,2026-09-04,2026-09-29,63.91,57.33,66.9,Chronos
561977,2026-09-04,2026-09-30,63.84,57.51,67.16,Chronos
561977,2026-09-04,2026-10-01,63.78,56.69,66.97,Chronos
561977,2026-09-04,2026-10-02,63.79,56.35,67.04,Chronos
561977,2026-09-04,2026-10-03,63.58,55.65,67.2,Chronos
561977,2026-09-04,2026-10-04,63.73,55.24,67.12,Chronos
561978,2026-09-04,2026-09-05,25.55,25.34,25.74,Chronos
561978,2026-09-04,2026-09-06,25.48,25.19,25.69,Chronos
561978,2026-09-04,2026-09-07,25.42,25.08,25.65,Chronos
561978,2026-09-04,2026-09-08,25.32,25.01,25.62,Chronos
561978,2026-09-04,2026-09-09,25.28,24.88,25.61,Chronos
561978,2026-09-04,2026-09-10,25.23,24.78,25.61,Chronos
561978,2026-09-04,2026-09-11,25.2,24.74,25.6,Chronos
561978,2026-09-04,2026-09-12,25.18,24.65,25.61,Chronos
561978,2026-09-04,2026-09-13,25.15,24.57,25.6,Chronos
561978,2026-09-04,2026-09-14,25.09,24.5,25.61,Chronos
561978,2026-09-04,2026-09-15,25.03,24.39,25.53,Chronos
561978,2026-09-04,2026-09-16,24.97,24.32,25.52,Chronos
561978,2026-09-04,2026-09-17,24.91,24.23,25.54,Chronos
561978,2026-09-04,2026-09-18,24.87,24.11,25.49,Chronos
561978,2026-09-04,2026-09-19,24.81,24.04,25.51,Chronos
561978,2026-09-04,2026-09-20,24.72,23.92,25.46,Chronos
561978,2026-09-04,2026-09-21,24.76,23.86,25.42,Chronos
561978,2026-09-04,2026-09-22,24.7,23.75,25.36,Chronos
561978,2026-09-04,2026-09-23,24.65,23.64,25.35,Chronos
561978,2026-09-04,2026-09-24,24.58,23.56,25.33,Chronos
561978,2026-09-04,2026-09-25,24.55,23.5,25.33,Chronos
561978,2026-09-04,2026-09-26,24.48,23.39,25.28,Chronos
561978,2026-09-04,2026-09-27,24.44,23.34,25.28,Chronos
561978,2026-09-04,2026-09-28,24.44,23.29,25.3,Chronos
561978,2026-09-04,2026-09-29,24.41,23.13,25.31,Chronos
561978,2026-09-04,2026-09-30,24.36,23.08,25.36,Chronos
561978,2026-09-04,2026-10-01,24.32,22.87,25.28,Chronos
561978,2026-09-04,2026-10-02,24.27,22.85,25.26,Chronos
561978,2026-09-04,2026-10-03,24.2,22.69,25.27,Chronos
561978,2026-09-04,2026-10-04,24.18,22.48,25.22,Chronos
561979,2026-09-04,2026-09-05,36.69,36.22,37.03,Chronos
561979,2026-09-04,2026-09-06,36.79,36.17,37.26,Chronos
561979,2026-09-04,2026-09-07,36.76,35.93,37.41,Chronos
561979,2026-09-04,2026-09-08,36.74,35.83,37.56,Chronos
561979,2026-09-04,2026-09-09,36.83,35.72,37.89,Chronos
561979,2026-09-04,2026-09-10,36.85,35.58,38.08,Chronos
561979,2026-09-04,2026-09-11,36.9,35.56,38.26,Chronos
561979,2026-09-04,2026-09-12,36.97,35.45,38.48,Chronos
561979,2026-09-04,2026-09-13,37.07,35.43,38.74,Chronos
561979,2026-09-04,2026-09-14,37.09,35.34,38.86,Chronos
561979,2026-09-04,2026-09-15,37.08,35.19,39.13,Chronos
561979,2026-09-04,2026-09-16,37.05,35.05,39.3,Chronos
561979,2026-09-04,2026-09-17,36.98,34.91,39.52,Chronos
561979,2026-09-04,2026-09-18,37.03,34.6,39.57,Chronos
561979,2026-09-04,2026-09-19,37.05,34.27,39.63,Chronos
561979,2026-09-04,2026-09-20,36.96,34.17,39.67,Chronos
561979,2026-09-04,2026-09-21,37.36,34.52,39.95,Chronos
561979,2026-09-04,2026-09-22,37.32,34.43,40.07,Chronos
561979,2026-09-04,2026-09-23,37.26,34.25,40.2,Chronos
561979,2026-09-04,2026-09-24,37.26,34.09,40.41,Chronos
561979,2026-09-04,2026-09-25,37.33,33.99,40.57,Chronos
561979,2026-09-04,2026-09-26,37.31,33.9,40.78,Chronos
561979,2026-09-04,2026-09-27,37.32,33.74,40.94,Chronos
561979,2026-09-04,2026-09-28,37.4,33.68,41.15,Chronos
561979,2026-09-04,2026-09-29,37.53,33.54,41.52,Chronos
561979,2026-09-04,2026-09-30,37.57,33.52,41.65,Chronos
561979,2026-09-04,2026-10-01,37.62,33.16,42.07,Chronos
561979,2026-09-04,2026-10-02,37.58,33.0,42.25,Chronos
561979,2026-09-04,2026-10-03,37.54,32.7,42.45,Chronos
561979,2026-09-04,2026-10-04,37.5,32.61,42.36,Chronos
561980,2026-09-04,2026-09-05,126.64,125.38,128.09,Chronos
561980,2026-09-04,2026-09-06,126.81,125.18,128.54,Chronos
561980,2026-09-04,2026-09-07,126.98,125.06,128.82,Chronos
561980,2026-09-04,2026-09-08,126.88,124.77,129.04,Chronos
561980,2026-09-04,2026-09-09,127.1,124.55,129.67,Chronos
561980,2026-09-04,2026-09-10,127.23,124.56,130.3,Chronos
561980,2026-09-04,2026-09-11,127.58,124.69,130.79,Chronos
561980,2026-09-04,2026-09-12,127.96,124.45,131.55,Chronos
561980,2026-09-04,2026-09-13,128.32,124.72,132.17,Chronos
561980,2026-09-04,2026-09-14,128.51,124.64,133.04,Chronos
561980,2026-09-04,2026-09-15,128.78,124.72,133.14,Chronos
561980,2026-09-04,2026-09-16,128.76,124.22,133.58,Chronos
561980,2026-09-04,2026-09-17,128.52,123.88,134.28,Chronos
561980,2026-09-04,2026-09-18,129.03,123.89,133.93,Chronos
561980,2026-09-04,2026-09-19,129.4,123.62,134.96,Chronos
561980,2026-09-04,2026-09-20,129.27,123.77,135.62,Chronos
561980,2026-09-04,2026-09-21,130.37,122.32,137.78,Chronos
561980,2026-09-04,2026-09-22,130.61,122.09,137.99,Chronos
561980,2026-09-04,2026-09-23,130.75,121.38,138.35,Chronos
561980,2026-09-04,2026-09-24,130.8,121.13,139.15,Chronos
561980,2026-09-04,2026-09-25,130.77,120.66,139.38,Chronos
561980,2026-09-04,2026-09-26,130.72,119.92,139.67,Chronos
561980,2026-09-04,2026-09-27,130.97,120.2,140.17,Chronos
561980,2026-09-04,2026-09-28,131.32,119.65,141.04,Chronos
561980,2026-09-04,2026-09-29,131.7,118.84,141.61,Chronos
561980,2026-09-04,2026-09-30,131.71,118.68,141.98,Chronos
561980,2026-09-04,2026-10-01,131.87,117.67,142.77,Chronos
561980,2026-09-04,2026-10-02,131.77,117.41,143.2,Chronos
561980,2026-09-04,2026-10-03,131.25,116.2,143.7,Chronos
561980,2026-09-04,2026-10-04,131.62,114.37,143.38,Chronos
561981,2026-09-04,2026-09-05,68.79,67.67,69.77,Chronos
561981,2026-09-04,2026-09-06,68.97,67.66,70.18,Chronos
561981,2026-09-04,2026-09-07,69.03,67.41,70.57,Chronos
561981,2026-09-04,2026-09-08,69.14,67.36,70.97,Chronos
561981,2026-09-04,2026-09-09,69.33,67.06,71.61,Chronos
561981,2026-09-04,2026-09-10,69.42,67.0,72.13,Chronos
561981,2026-09-04,2026-09-11,69.59,66.97,72.46,Chronos
561981,2026-09-04,2026-09-12,69.66,66.68,72.89,Chronos
561981,2026-09-04,2026-09-13,69.92,66.79,73.41,Chronos
561981,2026-09-04,2026-09-14,69.99,66.5,73.84,Chronos
561981,2026-09-04,2026-09-15,70.1,66.37,74.61,Chronos
561981,2026-09-04,2026-09-16,70.19,66.26,75.44,Chronos
561981,2026-09-04,2026-09-17,70.11,65.99,76.13,Chronos
561981,2026-09-04,2026-09-18,70.39,65.58,76.21,Chronos
561981,2026-09-04,2026-09-19,70.57,65.15,76.27,Chronos
561981,2026-09-04,2026-09-20,70.38,65.26,76.44,Chronos
561981,2026-09-04,2026-09-21,70.48,64.73,77.19,Chronos
561981,2026-09-04,2026-09-22,70.53,64.98,77.42,Chronos
561981,2026-09-04,2026-09-23,70.43,64.32,77.63,Chronos
561981,2026-09-04,2026-09-24,70.35,63.85,78.19,Chronos
561981,2026-09-04,2026-09-25,70.43,63.84,78.19,Chronos
561981,2026-09-04,2026-09-26,70.29,63.49,78.69,Chronos
561981,2026-09-04,2026-09-27,70.42,63.33,78.92,Chronos
561981,2026-09-04,2026-09-28,70.44,63.11,79.15,Chronos
561981,2026-09-04,2026-09-29,70.63,62.81,79.36,Chronos
561981,2026-09-04,2026-09-30,70.51,62.76,79.62,Chronos
561981,2026-09-04,2026-10-01,70.49,61.96,80.38,Chronos
561981,2026-09-04,2026-10-02,70.42,61.72,80.89,Chronos
561981,2026-09-04,2026-10-03,70.27,61.07,81.21,Chronos
561981,2026-09-04,2026-10-04,70.39,60.8,80.93,Chronos
561982,2026-09-04,2026-09-05,45.2,44.56,45.89,Chronos
561982,2026-09-04,2026-09-06,45.12,44.39,45.89,Chronos
561982,2026-09-04,2026-09-07,45.14,44.01,45.94,Chronos
561982,2026-09-04,2026-09-08,44.91,43.79,46.1,Chronos
561982,2026-09-04,2026-09-09,44.78,43.48,46.45,Chronos
561982,2026-09-04,2026-09-10,44.83,43.24,46.59,Chronos
561982,2026-09-04,2026-09-11,44.81,43.08,46.59,Chronos
561982,2026-09-04,2026-09-12,44.81,42.92,46.86,Chronos
561982,2026-09-04,2026-09-13,44.82,42.77,47.07,Chronos
561982,2026-09-04,2026-09-14,44.83,42.64,47.34,Chronos
561982,2026-09-04,2026-09-15,44.84,42.44,47.36,Chronos
561982,2026-09-04,2026-09-16,44.84,42.38,47.69,Chronos
561982,2026-09-04,2026-09-17,44.81,42.15,48.02,Chronos
561982,2026-09-04,2026-09-18,44.76,41.83,48.35,Chronos
561982,2026-09-04,2026-09-19,44.71,41.55,48.64,Chronos
561982,2026-09-04,2026-09-20,44.65,41.6,48.27,Chronos
561982,2026-09-04,2026-09-21,44.3,40.71,48.71,Chronos
561982,2026-09-04,2026-09-22,44.22,40.46,48.44,Chronos
561982,2026-09-04,2026-09-23,44.18,40.17,48.65,Chronos
561982,2026-09-04,2026-09-24,43.93,40.01,48.91,Chronos
561982,2026-09-04,2026-09-25,43.88,39.6,49.38,Chronos
561982,2026-09-04,2026-09-26,43.96,39.38,49.53,Chronos
561982,2026-09-04,2026-09-27,43.93,39.31,49.61,Chronos
561982,2026-09-04,2026-09-28,43.87,39.03,50.16,Chronos
561982,2026-09-04,2026-09-29,43.88,38.82,50.05,Chronos
561982,2026-09-04,2026-09-30,43.98,38.8,50.58,Chronos
561982,2026-09-04,2026-10-01,43.89,38.48,50.95,Chronos
561982,2026-09-04,2026-10-02,43.88,38.38,51.07,Chronos
561982,2026-09-04,2026-10-03,43.87,38.23,51.45,Chronos
561982,2026-09-04,2026-10-04,43.76,37.8,51.67,Chronos
561983,2026-09-04,2026-09-05,89.94,89.65,90.04,Chronos
561983,2026-09-04,2026-09-06,89.93,89.48,90.12,Chronos
561983,2026-09-04,2026-09-07,89.94,89.37,90.22,Chronos
561983,2026-09-04,2026-09-08,89.92,89.35,90.34,Chronos
561983,2026-09-04,2026-09-09,89.91,89.19,90.48,Chronos
561983,2026-09-04,2026-09-10,89.94,89.1,90.54,Chronos
561983,2026-09-04,2026-09-11,89.97,89.07,90.63,Chronos
561983,2026-09-04,2026-09-12,89.97,88.97,90.67,Chronos
561983,2026-09-04,2026-09-13,89.96,88.74,90.71,Chronos
561983,2026-09-04,2026-09-14,89.98,88.76,90.71,Chronos
561983,2026-09-04,2026-09-15,89.98,88.54,90.75,Chronos
561983,2026-09-04,2026-09-16,90.0,88.53,90.89,Chronos
561983,2026-09-04,2026-09-17,89.92,88.29,90.93,Chronos
561983,2026-09-04,2026-09-18,90.0,88.22,91.01,Chronos
561983,2026-09-04,2026-09-19,90.01,88.05,91.05,Chronos
561983,2026-09-04,2026-09-20,90.03,87.99,91.13,Chronos
561983,2026-09-04,2026-09-21,90.08,88.03,91.0,Chronos
561983,2026-09-04,2026-09-22,90.1,87.99,91.04,Chronos
561983,2026-09-04,2026-09-23,90.12,88.03,90.99,Chronos
561983,2026-09-04,2026-09-24,90.06,87.93,90.99,Chronos
561983,2026-09-04,2026-09-25,90.05,87.86,90.99,Chronos
561983,2026-09-04,2026-09-26,90.06,87.81,91.06,Chronos
561983,2026-09-04,2026-09-27,90.06,87.7,91.1,Chronos
561983,2026-09-04,2026-09-28,90.1,87.78,91.09,Chronos
561983,2026-09-04,2026-09-29,90.07,87.7,91.01,Chronos
561983,2026-09-04,2026-09-30,90.07,87.88,90.98,Chronos
561983,2026-09-04,2026-10-01,90.11,87.56,91.04,Chronos
561983,2026-09-04,2026-10-02,90.08,87.49,91.17,Chronos
561983,2026-09-04,2026-10-03,90.02,87.31,91.18,Chronos
561983,2026-09-04,2026-10-04,90.08,87.3,91.13,Chronos
561984,2026-09-04,2026-09-05,104.23,102.48,105.35,Chronos
561984,2026-09-04,2026-09-06,103.77,100.83,105.62,Chronos
561984,2026-09-04,2026-09-07,103.38,99.3,106.14,Chronos
561984,2026-09-04,2026-09-08,102.86,98.18,106.4,Chronos
561984,2026-09-04,2026-09-09,102.24,96.55,106.88,Chronos
561984,2026-09-04,2026-09-10,101.68,95.2,106.75,Chronos
561984,2026-09-04,2026-09-11,101.27,93.59,106.84,Chronos
561984,2026-09-04,2026-09-12,100.87,92.31,107.22,Chronos
561984,2026-09-04,2026-09-13,100.48,91.56,107.5,Chronos
561984,2026-09-04,2026-09-14,99.99,90.28,107.69,Chronos
561984,2026-09-04,2026-09-15,99.48,89.24,107.64,Chronos
561984,2026-09-04,2026-09-16,98.99,87.96,107.58,Chronos
561984,2026-09-04,2026-09-17,98.49,87.07,107.5,Chronos
561984,2026-09-04,2026-09-18,98.15,86.37,108.17,Chronos
561984,2026-09-04,2026-09-19,97.77,85.61,107.76,Chronos
561984,2026-09-04,2026-09-20,97.59,85.49,107.6,Chronos
561984,2026-09-04,2026-09-21,97.02,83.39,107.85,Chronos
561984,2026-09-04,2026-09-22,96.42,82.32,107.49,Chronos
561984,2026-09-04,2026-09-23,95.88,81.52,107.48,Chronos
561984,2026-09-04,2026-09-24,95.56,80.66,107.49,Chronos
561984,2026-09-04,2026-09-25,95.09,79.78,107.53,Chronos
561984,2026-09-04,2026-09-26,94.91,79.34,107.24,Chronos
561984,2026-09-04,2026-09-27,94.4,78.24,107.32,Chronos
561984,2026-09-04,2026-09-28,94.16,77.53,107.45,Chronos
561984,2026-09-04,2026-09-29,93.9,76.91,107.65,Chronos
561984,2026-09-04,2026-09-30,93.5,76.13,107.89,Chronos
561984,2026-09-04,2026-10-01,93.25,75.52,108.14,Chronos
561984,2026-09-04,2026-10-02,92.94,74.96,108.01,Chronos
561984,2026-09-04,2026-10-03,92.49,74.03,107.93,Chronos
561984,2026-09-04,2026-10-04,92.11,73.23,108.58,Chronos
561991,2026-09-04,2026-09-05,66.7,66.13,67.3,Chronos
561991,2026-09-04,2026-09-06,66.52,65.8,67.26,Chronos
561991,2026-09-04,2026-09-07,66.48,65.36,67.18,Chronos
561991,2026-09-04,2026-09-08,66.21,65.19,67.3,Chronos
561991,2026-09-04,2026-09-09,66.03,64.82,67.51,Chronos
561991,2026-09-04,2026-09-10,65.95,64.51,67.57,Chronos
561991,2026-09-04,2026-09-11,65.81,64.29,67.44,Chronos
561991,2026-09-04,2026-09-12,65.7,63.98,67.63,Chronos
561991,2026-09-04,2026-09-13,65.61,63.68,67.64,Chronos
561991,2026-09-04,2026-09-14,65.5,63.48,67.76,Chronos
561991,2026-09-04,2026-09-15,65.47,63.22,67.8,Chronos
561991,2026-09-04,2026-09-16,65.38,63.06,68.05,Chronos
561991,2026-09-04,2026-09-17,65.3,62.84,68.38,Chronos
561991,2026-09-04,2026-09-18,65.16,62.47,68.38,Chronos
561991,2026-09-04,2026-09-19,65.0,62.11,68.61,Chronos
561991,2026-09-04,2026-09-20,64.81,62.06,68.19,Chronos
561991,2026-09-04,2026-09-21,64.54,60.76,69.12,Chronos
561991,2026-09-04,2026-09-22,64.38,60.49,68.75,Chronos
561991,2026-09-04,2026-09-23,64.3,60.08,68.81,Chronos
561991,2026-09-04,2026-09-24,64.01,59.95,68.95,Chronos
561991,2026-09-04,2026-09-25,63.89,59.61,69.1,Chronos
561991,2026-09-04,2026-09-26,63.86,59.39,69.4,Chronos
561991,2026-09-04,2026-09-27,63.72,59.17,69.25,Chronos
561991,2026-09-04,2026-09-28,63.64,59.01,69.42,Chronos
561991,2026-09-04,2026-09-29,63.62,58.7,69.79,Chronos
561991,2026-09-04,2026-09-30,63.54,58.62,70.03,Chronos
561991,2026-09-04,2026-10-01,63.56,58.21,69.95,Chronos
561991,2026-09-04,2026-10-02,63.46,58.11,70.45,Chronos
561991,2026-09-04,2026-10-03,63.47,57.97,71.22,Chronos
561991,2026-09-04,2026-10-04,63.33,57.54,71.78,Chronos
561992,2026-09-04,2026-09-05,63.48,61.96,64.67,Chronos
561992,2026-09-04,2026-09-06,63.3,61.3,64.84,Chronos
561992,2026-09-04,2026-09-07,62.96,60.5,64.88,Chronos
561992,2026-09-04,2026-09-08,62.52,60.17,64.79,Chronos
561992,2026-09-04,2026-09-09,62.2,59.46,64.96,Chronos
561992,2026-09-04,2026-09-10,61.89,58.98,64.73,Chronos
561992,2026-09-04,2026-09-11,61.56,58.45,64.55,Chronos
561992,2026-09-04,2026-09-12,61.35,58.09,64.52,Chronos
561992,2026-09-04,2026-09-13,61.08,57.44,64.45,Chronos
561992,2026-09-04,2026-09-14,60.67,56.89,64.44,Chronos
561992,2026-09-04,2026-09-15,60.38,56.4,64.25,Chronos
561992,2026-09-04,2026-09-16,59.97,55.81,63.8,Chronos
561992,2026-09-04,2026-09-17,59.66,55.34,63.62,Chronos
561992,2026-09-04,2026-09-18,59.32,54.88,63.55,Chronos
561992,2026-09-04,2026-09-19,59.22,54.54,63.7,Chronos
561992,2026-09-04,2026-09-20,58.97,54.24,63.32,Chronos
561992,2026-09-04,2026-09-21,57.95,52.32,63.32,Chronos
561992,2026-09-04,2026-09-22,57.68,51.82,63.22,Chronos
561992,2026-09-04,2026-09-23,57.34,51.45,63.15,Chronos
561992,2026-09-04,2026-09-24,57.17,50.98,63.01,Chronos
561992,2026-09-04,2026-09-25,56.83,50.65,63.02,Chronos
561992,2026-09-04,2026-09-26,56.65,50.28,62.78,Chronos
561992,2026-09-04,2026-09-27,56.43,49.89,62.53,Chronos
561992,2026-09-04,2026-09-28,56.19,49.61,62.56,Chronos
561992,2026-09-04,2026-09-29,56.02,49.3,62.39,Chronos
561992,2026-09-04,2026-09-30,55.62,48.75,62.39,Chronos
561992,2026-09-04,2026-10-01,55.45,48.34,62.32,Chronos
561992,2026-09-04,2026-10-02,55.16,47.92,62.01,Chronos
561992,2026-09-04,2026-10-03,54.77,47.58,61.91,Chronos
561992,2026-09-04,2026-10-04,54.53,47.02,61.95,Chronos
561993,2026-09-04,2026-09-05,51.39,50.62,51.93,Chronos
561993,2026-09-04,2026-09-06,51.21,50.43,52.01,Chronos
561993,2026-09-04,2026-09-07,51.05,49.98,52.01,Chronos
561993,2026-09-04,2026-09-08,50.96,49.75,52.05,Chronos
561993,2026-09-04,2026-09-09,50.91,49.54,52.26,Chronos
561993,2026-09-04,2026-09-10,50.86,49.21,52.27,Chronos
561993,2026-09-04,2026-09-11,50.8,49.08,52.33,Chronos
561993,2026-09-04,2026-09-12,50.71,48.85,52.38,Chronos
561993,2026-09-04,2026-09-13,50.62,48.59,52.39,Chronos
561993,2026-09-04,2026-09-14,50.55,48.41,52.34,Chronos
561993,2026-09-04,2026-09-15,50.5,48.22,52.34,Chronos
561993,2026-09-04,2026-09-16,50.43,48.05,52.44,Chronos
561993,2026-09-04,2026-09-17,50.41,47.91,52.61,Chronos
561993,2026-09-04,2026-09-18,50.24,47.59,52.58,Chronos
561993,2026-09-04,2026-09-19,50.16,47.41,52.68,Chronos
561993,2026-09-04,2026-09-20,50.13,47.42,52.66,Chronos
561993,2026-09-04,2026-09-21,49.82,46.55,52.7,Chronos
561993,2026-09-04,2026-09-22,49.61,46.16,52.65,Chronos
561993,2026-09-04,2026-09-23,49.5,45.81,52.6,Chronos
561993,2026-09-04,2026-09-24,49.38,45.52,52.64,Chronos
561993,2026-09-04,2026-09-25,49.28,45.37,52.67,Chronos
561993,2026-09-04,2026-09-26,49.19,45.02,52.77,Chronos
561993,2026-09-04,2026-09-27,49.11,44.71,52.84,Chronos
561993,2026-09-04,2026-09-28,48.99,44.53,52.85,Chronos
561993,2026-09-04,2026-09-29,48.94,44.22,52.98,Chronos
561993,2026-09-04,2026-09-30,48.85,43.9,53.17,Chronos
561993,2026-09-04,2026-10-01,48.75,43.59,53.39,Chronos
561993,2026-09-04,2026-10-02,48.64,43.28,53.33,Chronos
561993,2026-09-04,2026-10-03,48.64,43.23,53.4,Chronos
561993,2026-09-04,2026-10-04,48.4,42.73,53.29,Chronos
561994,2026-09-04,2026-09-05,99.71,92.68,105.21,Chronos
561994,2026-09-04,2026-09-06,97.74,88.02,105.76,Chronos
561994,2026-09-04,2026-09-07,96.54,84.76,106.45,Chronos
561994,2026-09-04,2026-09-08,95.29,81.28,107.58,Chronos
561994,2026-09-04,2026-09-09,94.82,79.16,109.08,Chronos
561994,2026-09-04,2026-09-10,93.89,77.16,108.83,Chronos
561994,2026-09-04,2026-09-11,93.15,74.92,108.5,Chronos
561994,2026-09-04,2026-09-12,92.24,73.1,109.41,Chronos
561994,2026-09-04,2026-09-13,92.21,72.05,110.23,Chronos
561994,2026-09-04,2026-09-14,90.98,69.66,110.68,Chronos
561994,2026-09-04,2026-09-15,90.25,68.3,110.92,Chronos
561994,2026-09-04,2026-09-16,89.23,66.23,110.27,Chronos
561994,2026-09-04,2026-09-17,88.59,65.71,110.47,Chronos
561994,2026-09-04,2026-09-18,88.16,64.46,111.84,Chronos
561994,2026-09-04,2026-09-19,87.56,63.44,112.05,Chronos
561994,2026-09-04,2026-09-20,87.68,63.63,112.28,Chronos
561994,2026-09-04,2026-09-21,88.42,60.87,114.9,Chronos
561994,2026-09-04,2026-09-22,87.04,58.73,114.13,Chronos
561994,2026-09-04,2026-09-23,85.75,57.5,114.0,Chronos
561994,2026-09-04,2026-09-24,84.99,55.84,114.01,Chronos
561994,2026-09-04,2026-09-25,84.37,55.07,113.99,Chronos
561994,2026-09-04,2026-09-26,83.54,54.62,113.44,Chronos
561994,2026-09-04,2026-09-27,82.46,53.27,112.94,Chronos
561994,2026-09-04,2026-09-28,81.84,52.1,112.86,Chronos
561994,2026-09-04,2026-09-29,81.67,51.51,113.46,Chronos
561994,2026-09-04,2026-09-30,80.72,50.02,113.37,Chronos
561994,2026-09-04,2026-10-01,80.02,49.44,113.89,Chronos
561994,2026-09-04,2026-10-02,79.1,48.86,112.51,Chronos
561994,2026-09-04,2026-10-03,78.1,47.6,112.13,Chronos
561994,2026-09-04,2026-10-04,77.76,47.24,112.88,Chronos
561995,2026-09-04,2026-09-05,46.99,46.12,47.59,Chronos
561995,2026-09-04,2026-09-06,46.77,45.3,47.67,Chronos
561995,2026-09-04,2026-09-07,46.54,44.52,47.83,Chronos
561995,2026-09-04,2026-09-08,46.31,44.14,47.88,Chronos
561995,2026-09-04,2026-09-09,45.99,43.57,48.02,Chronos
561995,2026-09-04,2026-09-10,45.71,42.92,47.82,Chronos
561995,2026-09-04,2026-09-11,45.44,42.1,47.82,Chronos
561995,2026-09-04,2026-09-12,45.19,41.65,47.78,Chronos
561995,2026-09-04,2026-09-13,44.87,41.06,47.74,Chronos
561995,2026-09-04,2026-09-14,44.59,40.56,47.72,Chronos
561995,2026-09-04,2026-09-15,44.27,39.98,47.59,Chronos
561995,2026-09-04,2026-09-16,43.95,39.3,47.37,Chronos
561995,2026-09-04,2026-09-17,43.55,38.76,47.14,Chronos
561995,2026-09-04,2026-09-18,43.34,38.45,47.18,Chronos
561995,2026-09-04,2026-09-19,43.1,37.99,47.09,Chronos
561995,2026-09-04,2026-09-20,42.88,37.79,47.0,Chronos
561995,2026-09-04,2026-09-21,43.63,38.22,47.34,Chronos
561995,2026-09-04,2026-09-22,43.42,37.65,47.38,Chronos
561995,2026-09-04,2026-09-23,43.13,37.11,47.29,Chronos
561995,2026-09-04,2026-09-24,42.99,36.9,47.4,Chronos
561995,2026-09-04,2026-09-25,42.77,36.4,47.33,Chronos
561995,2026-09-04,2026-09-26,42.59,36.04,47.22,Chronos
561995,2026-09-04,2026-09-27,42.26,35.58,47.26,Chronos
561995,2026-09-04,2026-09-28,42.13,35.22,47.29,Chronos
561995,2026-09-04,2026-09-29,41.97,35.0,47.34,Chronos
561995,2026-09-04,2026-09-30,41.74,34.55,47.24,Chronos
561995,2026-09-04,2026-10-01,41.5,34.33,47.27,Chronos
561995,2026-09-04,2026-10-02,41.35,34.13,47.14,Chronos
561995,2026-09-04,2026-10-03,41.07,33.71,46.93,Chronos
561995,2026-09-04,2026-10-04,40.89,33.57,47.05,Chronos
562000,2026-09-04,2026-09-05,19.39,19.23,19.49,Chronos
562000,2026-09-04,2026-09-06,19.35,19.14,19.5,Chronos
562000,2026-09-04,2026-09-07,19.3,19.05,19.51,Chronos
562000,2026-09-04,2026-09-08,19.27,19.01,19.52,Chronos
562000,2026-09-04,2026-09-09,19.23,18.91,19.56,Chronos
562000,2026-09-04,2026-09-10,19.2,18.85,19.56,Chronos
562000,2026-09-04,2026-09-11,19.17,18.78,19.56,Chronos
562000,2026-09-04,2026-09-12,19.13,18.71,19.58,Chronos
562000,2026-09-04,2026-09-13,19.1,18.63,19.58,Chronos
562000,2026-09-04,2026-09-14,19.06,18.57,19.62,Chronos
562000,2026-09-04,2026-09-15,19.03,18.48,19.63,Chronos
562000,2026-09-04,2026-09-16,18.98,18.4,19.62,Chronos
562000,2026-09-04,2026-09-17,18.94,18.29,19.65,Chronos
562000,2026-09-04,2026-09-18,18.9,18.2,19.69,Chronos
562000,2026-09-04,2026-09-19,18.87,18.09,19.69,Chronos
562000,2026-09-04,2026-09-20,18.84,18.0,19.67,Chronos
562000,2026-09-04,2026-09-21,18.81,17.9,19.76,Chronos
562000,2026-09-04,2026-09-22,18.79,17.84,19.79,Chronos
562000,2026-09-04,2026-09-23,18.74,17.74,19.8,Chronos
562000,2026-09-04,2026-09-24,18.74,17.68,19.81,Chronos
562000,2026-09-04,2026-09-25,18.69,17.6,19.86,Chronos
562000,2026-09-04,2026-09-26,18.67,17.56,19.85,Chronos
562000,2026-09-04,2026-09-27,18.63,17.48,19.86,Chronos
562000,2026-09-04,2026-09-28,18.59,17.38,19.86,Chronos
562000,2026-09-04,2026-09-29,18.57,17.35,19.86,Chronos
562000,2026-09-04,2026-09-30,18.55,17.27,19.91,Chronos
562000,2026-09-04,2026-10-01,18.52,17.22,19.95,Chronos
562000,2026-09-04,2026-10-02,18.49,17.17,19.95,Chronos
562000,2026-09-04,2026-10-03,18.47,17.07,19.97,Chronos
562000,2026-09-04,2026-10-04,18.45,17.07,20.0,Chronos
562007,2026-09-04,2026-09-05,170.29,166.91,173.79,Chronos
562007,2026-09-04,2026-09-06,170.59,166.34,174.42,Chronos
562007,2026-09-04,2026-09-07,171.01,166.34,175.32,Chronos
562007,2026-09-04,2026-09-08,171.46,166.56,176.35,Chronos
562007,2026-09-04,2026-09-09,172.05,165.91,177.84,Chronos
562007,2026-09-04,2026-09-10,172.1,165.35,178.81,Chronos
562007,2026-09-04,2026-09-11,172.97,166.03,180.03,Chronos
562007,2026-09-04,2026-09-12,173.58,165.86,181.35,Chronos
562007,2026-09-04,2026-09-13,174.36,165.96,182.55,Chronos
562007,2026-09-04,2026-09-14,174.59,165.66,183.75,Chronos
562007,2026-09-04,2026-09-15,175.04,165.62,184.02,Chronos
562007,2026-09-04,2026-09-16,175.22,165.11,184.94,Chronos
562007,2026-09-04,2026-09-17,174.6,164.37,185.63,Chronos
562007,2026-09-04,2026-09-18,175.7,164.38,185.68,Chronos
562007,2026-09-04,2026-09-19,176.63,164.82,188.11,Chronos
562007,2026-09-04,2026-09-20,176.69,165.17,188.97,Chronos
562007,2026-09-04,2026-09-21,178.84,164.53,192.19,Chronos
562007,2026-09-04,2026-09-22,179.28,164.16,192.6,Chronos
562007,2026-09-04,2026-09-23,179.38,162.77,193.34,Chronos
562007,2026-09-04,2026-09-24,179.78,162.97,194.9,Chronos
562007,2026-09-04,2026-09-25,180.31,162.27,196.05,Chronos
562007,2026-09-04,2026-09-26,179.92,161.52,196.11,Chronos
562007,2026-09-04,2026-09-27,180.69,161.99,197.52,Chronos
562007,2026-09-04,2026-09-28,181.21,161.67,198.78,Chronos
562007,2026-09-04,2026-09-29,182.28,161.19,200.59,Chronos
562007,2026-09-04,2026-09-30,182.42,160.78,201.16,Chronos
562007,2026-09-04,2026-10-01,182.65,160.03,201.65,Chronos
562007,2026-09-04,2026-10-02,182.6,159.84,202.52,Chronos
562007,2026-09-04,2026-10-03,181.97,159.21,203.43,Chronos
562007,2026-09-04,2026-10-04,183.1,158.05,202.95,Chronos
562021,2026-09-04,2026-09-05,345.4,336.72,351.1,Chronos
562021,2026-09-04,2026-09-06,344.69,332.47,353.09,Chronos
562021,2026-09-04,2026-09-07,343.39,327.1,354.29,Chronos
562021,2026-09-04,2026-09-08,341.34,325.28,354.39,Chronos
562021,2026-09-04,2026-09-09,339.48,320.57,355.5,Chronos
562021,2026-09-04,2026-09-10,338.49,317.99,355.63,Chronos
562021,2026-09-04,2026-09-11,337.84,315.61,356.27,Chronos
562021,2026-09-04,2026-09-12,338.0,313.78,357.77,Chronos
562021,2026-09-04,2026-09-13,337.77,310.6,358.59,Chronos
562021,2026-09-04,2026-09-14,336.7,308.87,360.81,Chronos
562021,2026-09-04,2026-09-15,335.75,304.8,359.81,Chronos
562021,2026-09-04,2026-09-16,334.83,303.79,359.59,Chronos
562021,2026-09-04,2026-09-17,334.63,301.67,360.91,Chronos
562021,2026-09-04,2026-09-18,333.96,297.85,361.29,Chronos
562021,2026-09-04,2026-09-19,333.49,296.25,363.21,Chronos
562021,2026-09-04,2026-09-20,334.1,296.35,363.29,Chronos
562021,2026-09-04,2026-09-21,333.31,291.01,360.62,Chronos
562021,2026-09-04,2026-09-22,332.52,287.1,362.11,Chronos
562021,2026-09-04,2026-09-23,332.04,286.71,362.72,Chronos
562021,2026-09-04,2026-09-24,330.74,283.75,363.92,Chronos
562021,2026-09-04,2026-09-25,330.58,281.57,365.47,Chronos
562021,2026-09-04,2026-09-26,330.72,280.49,365.69,Chronos
562021,2026-09-04,2026-09-27,329.46,277.21,365.23,Chronos
562021,2026-09-04,2026-09-28,329.96,275.63,367.23,Chronos
562021,2026-09-04,2026-09-29,329.98,274.66,368.8,Chronos
562021,2026-09-04,2026-09-30,329.39,273.42,370.63,Chronos
562021,2026-09-04,2026-10-01,329.04,271.22,370.11,Chronos
562021,2026-09-04,2026-10-02,328.39,268.57,370.53,Chronos
562021,2026-09-04,2026-10-03,328.79,266.49,371.51,Chronos
562021,2026-09-04,2026-10-04,327.02,266.11,370.49,Chronos
590822,2026-09-04,2026-09-05,59.7,56.99,61.26,Chronos
590822,2026-09-04,2026-09-06,59.76,56.54,61.41,Chronos
590822,2026-09-04,2026-09-07,59.62,55.84,61.62,Chronos
590822,2026-09-04,2026-09-08,59.47,55.35,61.99,Chronos
590822,2026-09-04,2026-09-09,59.44,54.84,62.06,Chronos
590822,2026-09-04,2026-09-10,59.28,53.74,62.13,Chronos
590822,2026-09-04,2026-09-11,59.49,52.94,62.42,Chronos
590822,2026-09-04,2026-09-12,59.62,52.62,62.83,Chronos
590822,2026-09-04,2026-09-13,59.72,52.85,62.82,Chronos
590822,2026-09-04,2026-09-14,59.55,52.4,63.02,Chronos
590822,2026-09-04,2026-09-15,59.45,52.08,62.82,Chronos
590822,2026-09-04,2026-09-16,59.48,51.8,62.94,Chronos
590822,2026-09-04,2026-09-17,59.27,51.02,63.1,Chronos
590822,2026-09-04,2026-09-18,59.46,50.17,63.03,Chronos
590822,2026-09-04,2026-09-19,59.57,50.08,63.51,Chronos
590822,2026-09-04,2026-09-20,59.06,50.0,63.49,Chronos
590822,2026-09-04,2026-09-21,58.86,49.84,63.01,Chronos
590822,2026-09-04,2026-09-22,58.86,49.16,62.87,Chronos
590822,2026-09-04,2026-09-23,58.81,49.05,62.87,Chronos
590822,2026-09-04,2026-09-24,58.63,48.42,63.27,Chronos
590822,2026-09-04,2026-09-25,58.8,47.88,63.1,Chronos
590822,2026-09-04,2026-09-26,58.62,47.03,63.22,Chronos
590822,2026-09-04,2026-09-27,58.84,46.29,63.34,Chronos
590822,2026-09-04,2026-09-28,58.93,46.1,63.77,Chronos
590822,2026-09-04,2026-09-29,59.22,46.54,63.86,Chronos
590822,2026-09-04,2026-09-30,59.24,46.3,64.05,Chronos
590822,2026-09-04,2026-10-01,59.15,46.35,63.83,Chronos
590822,2026-09-04,2026-10-02,59.29,46.18,63.97,Chronos
590822,2026-09-04,2026-10-03,59.11,45.47,64.06,Chronos
590822,2026-09-04,2026-10-04,59.14,44.55,63.64,Chronos
591994,2026-09-04,2026-09-05,39.0,38.45,39.3,Chronos
591994,2026-09-04,2026-09-06,38.96,38.14,39.61,Chronos
591994,2026-09-04,2026-09-07,39.0,37.88,39.84,Chronos
591994,2026-09-04,2026-09-08,38.95,37.71,40.0,Chronos
591994,2026-09-04,2026-09-09,38.93,37.47,40.18,Chronos
591994,2026-09-04,2026-09-10,38.95,37.29,40.34,Chronos
591994,2026-09-04,2026-09-11,38.95,37.19,40.46,Chronos
591994,2026-09-04,2026-09-12,38.91,36.99,40.54,Chronos
591994,2026-09-04,2026-09-13,38.92,36.82,40.7,Chronos
591994,2026-09-04,2026-09-14,38.97,36.76,40.94,Chronos
591994,2026-09-04,2026-09-15,38.92,36.61,41.01,Chronos
591994,2026-09-04,2026-09-16,38.93,36.4,41.24,Chronos
591994,2026-09-04,2026-09-17,38.94,36.26,41.45,Chronos
591994,2026-09-04,2026-09-18,38.87,36.01,41.73,Chronos
591994,2026-09-04,2026-09-19,38.82,35.85,41.98,Chronos
591994,2026-09-04,2026-09-20,38.86,35.87,42.08,Chronos
591994,2026-09-04,2026-09-21,38.79,35.65,42.23,Chronos
591994,2026-09-04,2026-09-22,38.83,35.56,42.24,Chronos
591994,2026-09-04,2026-09-23,38.83,35.37,42.43,Chronos
591994,2026-09-04,2026-09-24,38.77,35.32,42.39,Chronos
591994,2026-09-04,2026-09-25,38.81,35.18,42.83,Chronos
591994,2026-09-04,2026-09-26,38.86,35.04,42.8,Chronos
591994,2026-09-04,2026-09-27,38.88,34.99,43.12,Chronos
591994,2026-09-04,2026-09-28,38.8,34.73,43.49,Chronos
591994,2026-09-04,2026-09-29,38.87,34.71,43.75,Chronos
591994,2026-09-04,2026-09-30,38.95,34.64,43.76,Chronos
591994,2026-09-04,2026-10-01,38.89,34.54,44.08,Chronos
591994,2026-09-04,2026-10-02,38.96,34.31,44.34,Chronos
591994,2026-09-04,2026-10-03,38.99,34.23,44.56,Chronos
591994,2026-09-04,2026-10-04,38.96,34.21,44.85,Chronos
591998,2026-09-04,2026-09-05,105.9,105.33,106.5,Chronos
591998,2026-09-04,2026-09-06,105.96,105.02,106.8,Chronos
591998,2026-09-04,2026-09-07,106.02,104.84,107.09,Chronos
591998,2026-09-04,2026-09-08,105.95,104.68,107.31,Chronos
591998,2026-09-04,2026-09-09,106.06,104.46,107.74,Chronos
591998,2026-09-04,2026-09-10,106.07,104.23,108.12,Chronos
591998,2026-09-04,2026-09-11,106.27,104.35,108.46,Chronos
591998,2026-09-04,2026-09-12,106.34,104.05,108.76,Chronos
591998,2026-09-04,2026-09-13,106.54,104.09,109.06,Chronos
591998,2026-09-04,2026-09-14,106.52,103.91,109.47,Chronos
591998,2026-09-04,2026-09-15,106.51,103.75,109.63,Chronos
591998,2026-09-04,2026-09-16,106.53,103.49,109.82,Chronos
591998,2026-09-04,2026-09-17,106.3,103.21,110.06,Chronos
591998,2026-09-04,2026-09-18,106.52,103.03,110.02,Chronos
591998,2026-09-04,2026-09-19,106.7,103.03,110.37,Chronos
591998,2026-09-04,2026-09-20,106.53,103.15,110.67,Chronos
591998,2026-09-04,2026-09-21,106.97,103.52,111.22,Chronos
591998,2026-09-04,2026-09-22,107.01,103.44,111.42,Chronos
591998,2026-09-04,2026-09-23,106.96,102.76,111.54,Chronos
591998,2026-09-04,2026-09-24,106.78,102.73,111.85,Chronos
591998,2026-09-04,2026-09-25,106.86,102.46,111.97,Chronos
591998,2026-09-04,2026-09-26,106.77,102.28,112.24,Chronos
591998,2026-09-04,2026-09-27,106.92,102.3,112.56,Chronos
591998,2026-09-04,2026-09-28,106.95,102.03,112.74,Chronos
591998,2026-09-04,2026-09-29,107.18,101.91,113.12,Chronos
591998,2026-09-04,2026-09-30,107.19,101.75,113.26,Chronos
591998,2026-09-04,2026-10-01,107.16,101.38,113.45,Chronos
591998,2026-09-04,2026-10-02,107.12,101.42,113.79,Chronos
591998,2026-09-04,2026-10-03,106.94,101.23,113.99,Chronos
591998,2026-09-04,2026-10-04,107.16,100.93,113.86,Chronos
591999,2026-09-04,2026-09-05,121.53,120.13,122.95,Chronos
591999,2026-09-04,2026-09-06,121.73,119.31,123.25,Chronos
591999,2026-09-04,2026-09-07,121.46,118.73,123.25,Chronos
591999,2026-09-04,2026-09-08,121.0,118.44,123.36,Chronos
591999,2026-09-04,2026-09-09,121.04,117.43,124.01,Chronos
591999,2026-09-04,2026-09-10,120.86,116.85,124.23,Chronos
591999,2026-09-04,2026-09-11,121.06,116.8,124.57,Chronos
591999,2026-09-04,2026-09-12,121.03,116.16,124.91,Chronos
591999,2026-09-04,2026-09-13,121.25,115.48,125.58,Chronos
591999,2026-09-04,2026-09-14,121.29,115.45,126.02,Chronos
591999,2026-09-04,2026-09-15,121.29,114.64,126.65,Chronos
591999,2026-09-04,2026-09-16,121.33,114.6,127.04,Chronos
591999,2026-09-04,2026-09-17,121.03,114.08,127.74,Chronos
591999,2026-09-04,2026-09-18,121.41,113.46,127.75,Chronos
591999,2026-09-04,2026-09-19,121.76,112.76,128.03,Chronos
591999,2026-09-04,2026-09-20,121.21,112.73,128.5,Chronos
591999,2026-09-04,2026-09-21,121.78,112.63,128.7,Chronos
591999,2026-09-04,2026-09-22,121.9,113.29,128.6,Chronos
591999,2026-09-04,2026-09-23,121.84,112.89,128.74,Chronos
591999,2026-09-04,2026-09-24,121.87,112.22,129.61,Chronos
591999,2026-09-04,2026-09-25,122.24,111.98,129.72,Chronos
591999,2026-09-04,2026-09-26,122.06,111.46,130.45,Chronos
591999,2026-09-04,2026-09-27,122.3,111.58,130.67,Chronos
591999,2026-09-04,2026-09-28,122.45,111.28,131.0,Chronos
591999,2026-09-04,2026-09-29,122.83,110.8,131.18,Chronos
591999,2026-09-04,2026-09-30,122.67,111.22,131.28,Chronos
591999,2026-09-04,2026-10-01,122.58,109.73,131.68,Chronos
591999,2026-09-04,2026-10-02,122.41,109.13,131.96,Chronos
591999,2026-09-04,2026-10-03,121.99,108.1,132.2,Chronos
591999,2026-09-04,2026-10-04,122.25,108.13,131.81,Chronos
592000,2026-09-04,2026-09-05,58.13,57.54,58.67,Chronos
592000,2026-09-04,2026-09-06,58.19,57.37,58.78,Chronos
592000,2026-09-04,2026-09-07,58.3,57.37,58.91,Chronos
592000,2026-09-04,2026-09-08,58.21,57.34,58.99,Chronos
592000,2026-09-04,2026-09-09,58.33,57.08,59.29,Chronos
592000,2026-09-04,2026-09-10,58.36,57.18,59.49,Chronos
592000,2026-09-04,2026-09-11,58.39,57.05,59.55,Chronos
592000,2026-09-04,2026-09-12,58.52,56.97,59.8,Chronos
592000,2026-09-04,2026-09-13,58.59,56.89,59.94,Chronos
592000,2026-09-04,2026-09-14,58.6,56.75,60.16,Chronos
592000,2026-09-04,2026-09-15,58.56,56.45,60.1,Chronos
592000,2026-09-04,2026-09-16,58.5,56.21,60.06,Chronos
592000,2026-09-04,2026-09-17,58.33,55.81,60.25,Chronos
592000,2026-09-04,2026-09-18,58.49,55.39,60.2,Chronos
592000,2026-09-04,2026-09-19,58.65,55.04,60.49,Chronos
592000,2026-09-04,2026-09-20,58.48,55.42,60.61,Chronos
592000,2026-09-04,2026-09-21,59.09,54.44,61.72,Chronos
592000,2026-09-04,2026-09-22,59.07,54.69,61.63,Chronos
592000,2026-09-04,2026-09-23,59.03,54.1,61.73,Chronos
592000,2026-09-04,2026-09-24,58.95,53.59,61.87,Chronos
592000,2026-09-04,2026-09-25,59.01,53.81,62.05,Chronos
592000,2026-09-04,2026-09-26,59.0,53.41,62.18,Chronos
592000,2026-09-04,2026-09-27,59.06,53.21,62.38,Chronos
592000,2026-09-04,2026-09-28,59.17,52.82,62.67,Chronos
592000,2026-09-04,2026-09-29,59.29,52.44,62.8,Chronos
592000,2026-09-04,2026-09-30,59.26,52.63,62.89,Chronos
592000,2026-09-04,2026-10-01,59.2,51.73,63.09,Chronos
592000,2026-09-04,2026-10-02,59.17,51.47,63.01,Chronos
592000,2026-09-04,2026-10-03,59.03,50.87,63.23,Chronos
592000,2026-09-04,2026-10-04,59.17,50.7,63.09,Chronos
592001,2026-09-04,2026-09-05,30.0,29.75,30.2,Chronos
592001,2026-09-04,2026-09-06,30.0,29.68,30.25,Chronos
592001,2026-09-04,2026-09-07,29.99,29.61,30.3,Chronos
592001,2026-09-04,2026-09-08,29.98,29.56,30.34,Chronos
592001,2026-09-04,2026-09-09,29.97,29.51,30.42,Chronos
592001,2026-09-04,2026-09-10,30.01,29.45,30.48,Chronos
592001,2026-09-04,2026-09-11,30.0,29.41,30.53,Chronos
592001,2026-09-04,2026-09-12,29.97,29.32,30.55,Chronos
592001,2026-09-04,2026-09-13,30.0,29.24,30.63,Chronos
592001,2026-09-04,2026-09-14,29.99,29.21,30.64,Chronos
592001,2026-09-04,2026-09-15,29.98,29.1,30.68,Chronos
592001,2026-09-04,2026-09-16,29.97,29.07,30.71,Chronos
592001,2026-09-04,2026-09-17,29.97,29.01,30.78,Chronos
592001,2026-09-04,2026-09-18,29.95,28.91,30.81,Chronos
592001,2026-09-04,2026-09-19,29.95,28.8,30.9,Chronos
592001,2026-09-04,2026-09-20,29.96,28.81,30.84,Chronos
592001,2026-09-04,2026-09-21,29.91,28.74,30.96,Chronos
592001,2026-09-04,2026-09-22,29.93,28.66,31.07,Chronos
592001,2026-09-04,2026-09-23,29.91,28.55,31.08,Chronos
592001,2026-09-04,2026-09-24,29.92,28.45,31.17,Chronos
592001,2026-09-04,2026-09-25,29.89,28.46,31.22,Chronos
592001,2026-09-04,2026-09-26,29.9,28.39,31.22,Chronos
592001,2026-09-04,2026-09-27,29.89,28.32,31.26,Chronos
592001,2026-09-04,2026-09-28,29.84,28.23,31.26,Chronos
592001,2026-09-04,2026-09-29,29.85,28.14,31.32,Chronos
592001,2026-09-04,2026-09-30,29.84,28.09,31.34,Chronos
592001,2026-09-04,2026-10-01,29.82,27.98,31.41,Chronos
592001,2026-09-04,2026-10-02,29.8,27.98,31.37,Chronos
592001,2026-09-04,2026-10-03,29.78,27.97,31.38,Chronos
592001,2026-09-04,2026-10-04,29.76,27.88,31.49,Chronos
592012,2026-09-04,2026-09-05,88.06,86.93,89.09,Chronos
592012,2026-09-04,2026-09-06,88.1,86.17,89.24,Chronos
592012,2026-09-04,2026-09-07,87.94,85.71,89.27,Chronos
592012,2026-09-04,2026-09-08,87.57,85.64,89.39,Chronos
592012,2026-09-04,2026-09-09,87.51,84.73,89.69,Chronos
592012,2026-09-04,2026-09-10,87.37,84.17,89.94,Chronos
592012,2026-09-04,2026-09-11,87.37,84.08,90.04,Chronos
592012,2026-09-04,2026-09-12,87.27,83.5,90.25,Chronos
592012,2026-09-04,2026-09-13,87.38,83.02,90.48,Chronos
592012,2026-09-04,2026-09-14,87.2,82.77,90.84,Chronos
592012,2026-09-04,2026-09-15,87.02,81.97,90.73,Chronos
592012,2026-09-04,2026-09-16,86.8,81.56,90.7,Chronos
592012,2026-09-04,2026-09-17,86.34,80.82,90.87,Chronos
592012,2026-09-04,2026-09-18,86.46,79.94,90.66,Chronos
592012,2026-09-04,2026-09-19,86.54,79.37,91.09,Chronos
592012,2026-09-04,2026-09-20,86.07,79.07,91.38,Chronos
592012,2026-09-04,2026-09-21,86.98,80.09,91.7,Chronos
592012,2026-09-04,2026-09-22,87.04,80.43,91.62,Chronos
592012,2026-09-04,2026-09-23,86.81,79.33,91.65,Chronos
592012,2026-09-04,2026-09-24,86.42,78.5,91.9,Chronos
592012,2026-09-04,2026-09-25,86.37,78.36,91.76,Chronos
592012,2026-09-04,2026-09-26,86.14,78.05,91.9,Chronos
592012,2026-09-04,2026-09-27,86.2,77.73,92.16,Chronos
592012,2026-09-04,2026-09-28,86.31,77.54,92.45,Chronos
592012,2026-09-04,2026-09-29,86.45,76.78,92.73,Chronos
592012,2026-09-04,2026-09-30,86.27,76.96,92.85,Chronos
592012,2026-09-04,2026-10-01,86.06,75.36,92.98,Chronos
592012,2026-09-04,2026-10-02,85.86,75.04,92.87,Chronos
592012,2026-09-04,2026-10-03,85.63,74.36,93.19,Chronos
592012,2026-09-04,2026-10-04,85.73,73.37,92.86,Chronos
592013,2026-09-04,2026-09-05,53.43,53.06,53.74,Chronos
592013,2026-09-04,2026-09-06,53.35,52.94,53.78,Chronos
592013,2026-09-04,2026-09-07,53.28,52.76,53.79,Chronos
592013,2026-09-04,2026-09-08,53.23,52.63,53.84,Chronos
592013,2026-09-04,2026-09-09,53.13,52.45,53.85,Chronos
592013,2026-09-04,2026-09-10,53.08,52.29,53.88,Chronos
592013,2026-09-04,2026-09-11,53.01,52.16,53.9,Chronos
592013,2026-09-04,2026-09-12,52.96,52.05,53.92,Chronos
592013,2026-09-04,2026-09-13,52.92,51.89,53.95,Chronos
592013,2026-09-04,2026-09-14,52.83,51.75,53.98,Chronos
592013,2026-09-04,2026-09-15,52.76,51.59,54.08,Chronos
592013,2026-09-04,2026-09-16,52.71,51.49,54.01,Chronos
592013,2026-09-04,2026-09-17,52.66,51.39,54.04,Chronos
592013,2026-09-04,2026-09-18,52.53,51.18,54.1,Chronos
592013,2026-09-04,2026-09-19,52.49,51.07,54.15,Chronos
592013,2026-09-04,2026-09-20,52.4,50.97,54.07,Chronos
592013,2026-09-04,2026-09-21,52.42,50.72,54.16,Chronos
592013,2026-09-04,2026-09-22,52.38,50.54,54.21,Chronos
592013,2026-09-04,2026-09-23,52.3,50.3,54.19,Chronos
592013,2026-09-04,2026-09-24,52.26,50.17,54.31,Chronos
592013,2026-09-04,2026-09-25,52.13,50.01,54.38,Chronos
592013,2026-09-04,2026-09-26,52.1,49.89,54.32,Chronos
592013,2026-09-04,2026-09-27,52.07,49.74,54.45,Chronos
592013,2026-09-04,2026-09-28,52.0,49.67,54.45,Chronos
592013,2026-09-04,2026-09-29,51.96,49.51,54.55,Chronos
592013,2026-09-04,2026-09-30,51.93,49.39,54.51,Chronos
592013,2026-09-04,2026-10-01,51.85,49.21,54.65,Chronos
592013,2026-09-04,2026-10-02,51.78,49.06,54.54,Chronos
592013,2026-09-04,2026-10-03,51.72,48.99,54.65,Chronos
592013,2026-09-04,2026-10-04,51.64,48.78,54.78,Chronos
592014,2026-09-04,2026-09-05,42.07,41.71,42.37,Chronos
592014,2026-09-04,2026-09-06,42.07,41.59,42.42,Chronos
592014,2026-09-04,2026-09-07,42.0,41.39,42.45,Chronos
592014,2026-09-04,2026-09-08,41.93,41.33,42.5,Chronos
592014,2026-09-04,2026-09-09,41.94,41.18,42.62,Chronos
592014,2026-09-04,2026-09-10,41.89,41.05,42.67,Chronos
592014,2026-09-04,2026-09-11,41.89,41.01,42.73,Chronos
592014,2026-09-04,2026-09-12,41.86,40.87,42.77,Chronos
592014,2026-09-04,2026-09-13,41.85,40.74,42.84,Chronos
592014,2026-09-04,2026-09-14,41.81,40.66,42.91,Chronos
592014,2026-09-04,2026-09-15,41.77,40.5,42.92,Chronos
592014,2026-09-04,2026-09-16,41.72,40.45,42.92,Chronos
592014,2026-09-04,2026-09-17,41.65,40.35,42.96,Chronos
592014,2026-09-04,2026-09-18,41.65,40.15,42.92,Chronos
592014,2026-09-04,2026-09-19,41.63,39.98,43.02,Chronos
592014,2026-09-04,2026-09-20,41.53,39.85,43.05,Chronos
592014,2026-09-04,2026-09-21,41.57,40.06,43.03,Chronos
592014,2026-09-04,2026-09-22,41.52,39.94,43.01,Chronos
592014,2026-09-04,2026-09-23,41.46,39.76,43.03,Chronos
592014,2026-09-04,2026-09-24,41.41,39.68,43.11,Chronos
592014,2026-09-04,2026-09-25,41.4,39.57,43.12,Chronos
592014,2026-09-04,2026-09-26,41.31,39.51,43.14,Chronos
592014,2026-09-04,2026-09-27,41.31,39.33,43.2,Chronos
592014,2026-09-04,2026-09-28,41.29,39.21,43.27,Chronos
592014,2026-09-04,2026-09-29,41.25,39.03,43.36,Chronos
592014,2026-09-04,2026-09-30,41.21,38.94,43.35,Chronos
592014,2026-09-04,2026-10-01,41.14,38.71,43.39,Chronos
592014,2026-09-04,2026-10-02,41.1,38.62,43.43,Chronos
592014,2026-09-04,2026-10-03,41.02,38.46,43.44,Chronos
592014,2026-09-04,2026-10-04,40.95,38.38,43.38,Chronos
592030,2026-09-04,2026-09-05,67.76,66.65,68.38,Chronos
592030,2026-09-04,2026-09-06,67.36,65.44,68.53,Chronos
592030,2026-09-04,2026-09-07,66.98,64.43,68.74,Chronos
592030,2026-09-04,2026-09-08,66.62,63.94,68.71,Chronos
592030,2026-09-04,2026-09-09,66.28,63.11,69.01,Chronos
592030,2026-09-04,2026-09-10,66.02,62.39,69.01,Chronos
592030,2026-09-04,2026-09-11,65.68,61.54,69.08,Chronos
592030,2026-09-04,2026-09-12,65.32,60.87,69.15,Chronos
592030,2026-09-04,2026-09-13,65.1,60.14,69.3,Chronos
592030,2026-09-04,2026-09-14,64.71,59.57,69.51,Chronos
592030,2026-09-04,2026-09-15,64.33,58.65,69.43,Chronos
592030,2026-09-04,2026-09-16,63.97,57.91,69.58,Chronos
592030,2026-09-04,2026-09-17,63.75,56.9,69.81,Chronos
592030,2026-09-04,2026-09-18,63.41,56.4,70.14,Chronos
592030,2026-09-04,2026-09-19,63.07,55.47,70.0,Chronos
592030,2026-09-04,2026-09-20,62.66,54.83,69.95,Chronos
592030,2026-09-04,2026-09-21,61.88,53.06,69.04,Chronos
592030,2026-09-04,2026-09-22,61.51,52.42,69.02,Chronos
592030,2026-09-04,2026-09-23,61.11,51.7,69.11,Chronos
592030,2026-09-04,2026-09-24,60.91,50.99,69.28,Chronos
592030,2026-09-04,2026-09-25,60.57,50.32,69.41,Chronos
592030,2026-09-04,2026-09-26,60.4,49.75,69.25,Chronos
592030,2026-09-04,2026-09-27,60.04,49.14,69.32,Chronos
592030,2026-09-04,2026-09-28,59.78,48.48,69.53,Chronos
592030,2026-09-04,2026-09-29,59.72,48.21,69.89,Chronos
592030,2026-09-04,2026-09-30,59.44,47.71,69.89,Chronos
592030,2026-09-04,2026-10-01,59.13,47.16,70.06,Chronos
592030,2026-09-04,2026-10-02,58.83,46.71,69.97,Chronos
592030,2026-09-04,2026-10-03,58.45,45.83,69.94,Chronos
592030,2026-09-04,2026-10-04,58.14,45.5,70.14,Chronos
592031,2026-09-04,2026-09-05,91.4,90.69,92.42,Chronos
592031,2026-09-04,2026-09-06,91.5,90.66,92.78,Chronos
592031,2026-09-04,2026-09-07,91.6,90.49,93.05,Chronos
592031,2026-09-04,2026-09-08,91.63,90.45,93.38,Chronos
592031,2026-09-04,2026-09-09,91.78,90.16,93.8,Chronos
592031,2026-09-04,2026-09-10,91.71,90.07,94.11,Chronos
592031,2026-09-04,2026-09-11,91.71,89.93,94.58,Chronos
592031,2026-09-04,2026-09-12,91.69,89.78,94.95,Chronos
592031,2026-09-04,2026-09-13,91.84,89.62,95.58,Chronos
592031,2026-09-04,2026-09-14,91.82,89.45,95.92,Chronos
592031,2026-09-04,2026-09-15,91.88,89.26,96.4,Chronos
592031,2026-09-04,2026-09-16,91.9,89.27,96.82,Chronos
592031,2026-09-04,2026-09-17,91.97,88.92,97.61,Chronos
592031,2026-09-04,2026-09-18,91.9,88.7,98.58,Chronos
592031,2026-09-04,2026-09-19,92.07,88.25,99.61,Chronos
592031,2026-09-04,2026-09-20,92.01,88.21,99.37,Chronos
592031,2026-09-04,2026-09-21,91.99,88.23,99.36,Chronos
592031,2026-09-04,2026-09-22,92.14,88.1,99.57,Chronos
592031,2026-09-04,2026-09-23,92.07,87.9,100.16,Chronos
592031,2026-09-04,2026-09-24,92.18,87.56,100.69,Chronos
592031,2026-09-04,2026-09-25,92.08,87.13,101.44,Chronos
592031,2026-09-04,2026-09-26,92.12,87.17,101.88,Chronos
592031,2026-09-04,2026-09-27,92.14,86.76,102.37,Chronos
592031,2026-09-04,2026-09-28,92.07,86.63,103.11,Chronos
592031,2026-09-04,2026-09-29,92.12,86.44,103.64,Chronos
592031,2026-09-04,2026-09-30,92.13,86.35,104.26,Chronos
592031,2026-09-04,2026-10-01,92.15,85.86,105.18,Chronos
592031,2026-09-04,2026-10-02,92.21,85.86,105.6,Chronos
592031,2026-09-04,2026-10-03,92.07,85.49,106.19,Chronos
592031,2026-09-04,2026-10-04,92.04,85.32,107.23,Chronos
592032,2026-09-04,2026-09-05,56.34,55.58,57.08,Chronos
592032,2026-09-04,2026-09-06,56.4,55.32,57.29,Chronos
592032,2026-09-04,2026-09-07,56.4,55.05,57.48,Chronos
592032,2026-09-04,2026-09-08,56.29,54.94,57.64,Chronos
592032,2026-09-04,2026-09-09,56.37,54.69,57.98,Chronos
592032,2026-09-04,2026-09-10,56.39,54.54,58.21,Chronos
592032,2026-09-04,2026-09-11,56.43,54.46,58.39,Chronos
592032,2026-09-04,2026-09-12,56.52,54.32,58.65,Chronos
592032,2026-09-04,2026-09-13,56.65,54.23,58.91,Chronos
592032,2026-09-04,2026-09-14,56.69,54.13,59.09,Chronos
592032,2026-09-04,2026-09-15,56.69,53.97,59.31,Chronos
592032,2026-09-04,2026-09-16,56.67,53.86,59.34,Chronos
592032,2026-09-04,2026-09-17,56.54,53.65,59.54,Chronos
592032,2026-09-04,2026-09-18,56.67,53.34,59.59,Chronos
592032,2026-09-04,2026-09-19,56.78,53.12,59.8,Chronos
592032,2026-09-04,2026-09-20,56.63,53.07,59.98,Chronos
592032,2026-09-04,2026-09-21,56.81,53.44,60.67,Chronos
592032,2026-09-04,2026-09-22,56.8,53.39,60.79,Chronos
592032,2026-09-04,2026-09-23,56.79,53.02,60.96,Chronos
592032,2026-09-04,2026-09-24,56.71,52.84,61.2,Chronos
592032,2026-09-04,2026-09-25,56.76,52.68,61.16,Chronos
592032,2026-09-04,2026-09-26,56.67,52.52,61.5,Chronos
592032,2026-09-04,2026-09-27,56.71,52.36,61.61,Chronos
592032,2026-09-04,2026-09-28,56.78,52.27,61.83,Chronos
592032,2026-09-04,2026-09-29,56.94,52.08,61.98,Chronos
592032,2026-09-04,2026-09-30,56.93,52.12,62.1,Chronos
592032,2026-09-04,2026-10-01,56.9,51.64,62.37,Chronos
592032,2026-09-04,2026-10-02,56.82,51.68,62.58,Chronos
592032,2026-09-04,2026-10-03,56.7,51.27,62.72,Chronos
592032,2026-09-04,2026-10-04,56.76,50.96,62.55,Chronos
592034,2026-09-04,2026-09-05,31.04,30.78,31.2,Chronos
592034,2026-09-04,2026-09-06,31.03,30.76,31.28,Chronos
592034,2026-09-04,2026-09-07,31.0,30.68,31.32,Chronos
592034,2026-09-04,2026-09-08,31.02,30.62,31.39,Chronos
592034,2026-09-04,2026-09-09,31.04,30.56,31.51,Chronos
592034,2026-09-04,2026-09-10,31.06,30.51,31.52,Chronos
592034,2026-09-04,2026-09-11,31.06,30.47,31.57,Chronos
592034,2026-09-04,2026-09-12,31.08,30.44,31.62,Chronos
592034,2026-09-04,2026-09-13,31.1,30.38,31.67,Chronos
592034,2026-09-04,2026-09-14,31.09,30.34,31.7,Chronos
592034,2026-09-04,2026-09-15,31.09,30.25,31.72,Chronos
592034,2026-09-04,2026-09-16,31.1,30.24,31.77,Chronos
592034,2026-09-04,2026-09-17,31.11,30.26,31.83,Chronos
592034,2026-09-04,2026-09-18,31.11,30.22,31.87,Chronos
592034,2026-09-04,2026-09-19,31.12,30.15,31.95,Chronos
592034,2026-09-04,2026-09-20,31.13,30.17,31.93,Chronos
592034,2026-09-04,2026-09-21,31.26,30.2,32.15,Chronos
592034,2026-09-04,2026-09-22,31.28,30.13,32.22,Chronos
592034,2026-09-04,2026-09-23,31.27,30.06,32.22,Chronos
592034,2026-09-04,2026-09-24,31.3,30.01,32.32,Chronos
592034,2026-09-04,2026-09-25,31.27,30.02,32.34,Chronos
592034,2026-09-04,2026-09-26,31.3,29.98,32.39,Chronos
592034,2026-09-04,2026-09-27,31.32,29.9,32.45,Chronos
592034,2026-09-04,2026-09-28,31.32,29.9,32.47,Chronos
592034,2026-09-04,2026-09-29,31.35,29.87,32.53,Chronos
592034,2026-09-04,2026-09-30,31.36,29.84,32.57,Chronos
592034,2026-09-04,2026-10-01,31.35,29.77,32.63,Chronos
592034,2026-09-04,2026-10-02,31.34,29.76,32.64,Chronos
592034,2026-09-04,2026-10-03,31.34,29.76,32.67,Chronos
592034,2026-09-04,2026-10-04,31.34,29.7,32.76,Chronos
592036,2026-09-04,2026-09-05,50.52,50.37,50.65,Chronos
592036,2026-09-04,2026-09-06,50.52,50.36,50.64,Chronos
592036,2026-09-04,2026-09-07,50.52,50.32,50.69,Chronos
592036,2026-09-04,2026-09-08,50.51,50.3,50.72,Chronos
592036,2026-09-04,2026-09-09,50.51,50.3,50.71,Chronos
592036,2026-09-04,2026-09-10,50.5,50.28,50.7,Chronos
592036,2026-09-04,2026-09-11,50.49,50.25,50.71,Chronos
592036,2026-09-04,2026-09-12,50.49,50.23,50.72,Chronos
592036,2026-09-04,2026-09-13,50.51,50.2,50.75,Chronos
592036,2026-09-04,2026-09-14,50.49,50.18,50.75,Chronos
592036,2026-09-04,2026-09-15,50.49,50.17,50.75,Chronos
592036,2026-09-04,2026-09-16,50.48,50.17,50.76,Chronos
592036,2026-09-04,2026-09-17,50.49,50.17,50.79,Chronos
592036,2026-09-04,2026-09-18,50.48,50.11,50.78,Chronos
592036,2026-09-04,2026-09-19,50.48,50.12,50.79,Chronos
592036,2026-09-04,2026-09-20,50.49,50.14,50.8,Chronos
592036,2026-09-04,2026-09-21,50.47,50.08,50.82,Chronos
592036,2026-09-04,2026-09-22,50.46,50.04,50.83,Chronos
592036,2026-09-04,2026-09-23,50.46,50.03,50.85,Chronos
592036,2026-09-04,2026-09-24,50.47,50.02,50.81,Chronos
592036,2026-09-04,2026-09-25,50.45,50.01,50.87,Chronos
592036,2026-09-04,2026-09-26,50.46,50.0,50.87,Chronos
592036,2026-09-04,2026-09-27,50.43,49.98,50.86,Chronos
592036,2026-09-04,2026-09-28,50.44,49.96,50.86,Chronos
592036,2026-09-04,2026-09-29,50.46,49.93,50.88,Chronos
592036,2026-09-04,2026-09-30,50.45,49.92,50.91,Chronos
592036,2026-09-04,2026-10-01,50.46,49.89,50.92,Chronos
592036,2026-09-04,2026-10-02,50.45,49.92,50.91,Chronos
592036,2026-09-04,2026-10-03,50.46,49.9,50.94,Chronos
592036,2026-09-04,2026-10-04,50.46,49.84,50.94,Chronos
592037,2026-09-04,2026-09-05,167.46,164.48,170.64,Chronos
592037,2026-09-04,2026-09-06,167.93,164.38,171.56,Chronos
592037,2026-09-04,2026-09-07,168.24,163.96,172.29,Chronos
592037,2026-09-04,2026-09-08,168.3,163.64,173.04,Chronos
592037,2026-09-04,2026-09-09,168.84,163.25,174.25,Chronos
592037,2026-09-04,2026-09-10,168.75,162.69,175.26,Chronos
592037,2026-09-04,2026-09-11,169.51,163.26,176.19,Chronos
592037,2026-09-04,2026-09-12,170.09,162.86,177.61,Chronos
592037,2026-09-04,2026-09-13,170.73,163.3,178.43,Chronos
592037,2026-09-04,2026-09-14,170.96,163.03,179.79,Chronos
592037,2026-09-04,2026-09-15,171.4,162.94,179.93,Chronos
592037,2026-09-04,2026-09-16,171.43,162.38,180.65,Chronos
592037,2026-09-04,2026-09-17,171.12,161.89,181.76,Chronos
592037,2026-09-04,2026-09-18,172.24,162.27,181.96,Chronos
592037,2026-09-04,2026-09-19,172.91,161.96,184.1,Chronos
592037,2026-09-04,2026-09-20,173.1,162.62,185.25,Chronos
592037,2026-09-04,2026-09-21,175.1,163.36,187.28,Chronos
592037,2026-09-04,2026-09-22,175.57,163.53,188.24,Chronos
592037,2026-09-04,2026-09-23,175.85,162.09,189.1,Chronos
592037,2026-09-04,2026-09-24,175.9,162.9,190.47,Chronos
592037,2026-09-04,2026-09-25,176.29,161.39,191.63,Chronos
592037,2026-09-04,2026-09-26,175.86,160.48,191.81,Chronos
592037,2026-09-04,2026-09-27,176.89,161.16,193.44,Chronos
592037,2026-09-04,2026-09-28,177.4,160.61,195.16,Chronos
592037,2026-09-04,2026-09-29,178.3,160.71,196.51,Chronos
592037,2026-09-04,2026-09-30,178.46,160.15,197.36,Chronos
592037,2026-09-04,2026-10-01,178.75,159.74,198.05,Chronos
592037,2026-09-04,2026-10-02,178.8,159.28,198.82,Chronos
592037,2026-09-04,2026-10-03,178.13,158.57,199.52,Chronos
592037,2026-09-04,2026-10-04,179.35,157.99,199.31,Chronos
592038,2026-09-04,2026-09-05,53.62,53.04,54.16,Chronos
592038,2026-09-04,2026-09-06,53.61,52.75,54.19,Chronos
592038,2026-09-04,2026-09-07,53.56,52.56,54.23,Chronos
592038,2026-09-04,2026-09-08,53.4,52.44,54.28,Chronos
592038,2026-09-04,2026-09-09,53.38,52.06,54.42,Chronos
592038,2026-09-04,2026-09-10,53.22,51.73,54.48,Chronos
592038,2026-09-04,2026-09-11,53.28,51.69,54.62,Chronos
592038,2026-09-04,2026-09-12,53.23,51.39,54.74,Chronos
592038,2026-09-04,2026-09-13,53.28,51.2,54.83,Chronos
592038,2026-09-04,2026-09-14,53.18,51.06,55.04,Chronos
592038,2026-09-04,2026-09-15,53.05,50.73,54.9,Chronos
592038,2026-09-04,2026-09-16,52.94,50.46,54.91,Chronos
592038,2026-09-04,2026-09-17,52.73,50.15,55.02,Chronos
592038,2026-09-04,2026-09-18,52.75,49.77,54.89,Chronos
592038,2026-09-04,2026-09-19,52.78,49.48,55.22,Chronos
592038,2026-09-04,2026-09-20,52.56,49.39,55.31,Chronos
592038,2026-09-04,2026-09-21,52.55,49.33,55.15,Chronos
592038,2026-09-04,2026-09-22,52.58,49.28,55.19,Chronos
592038,2026-09-04,2026-09-23,52.44,48.64,55.25,Chronos
592038,2026-09-04,2026-09-24,52.24,48.25,55.35,Chronos
592038,2026-09-04,2026-09-25,52.19,48.16,55.29,Chronos
592038,2026-09-04,2026-09-26,52.01,47.82,55.38,Chronos
592038,2026-09-04,2026-09-27,52.01,47.53,55.57,Chronos
592038,2026-09-04,2026-09-28,52.01,47.31,55.73,Chronos
592038,2026-09-04,2026-09-29,52.05,46.92,55.93,Chronos
592038,2026-09-04,2026-09-30,51.92,46.93,55.89,Chronos
592038,2026-09-04,2026-10-01,51.77,46.05,55.96,Chronos
592038,2026-09-04,2026-10-02,51.63,45.8,55.91,Chronos
592038,2026-09-04,2026-10-03,51.48,45.27,56.02,Chronos
592038,2026-09-04,2026-10-04,51.45,44.48,55.69,Chronos
592040,2026-09-04,2026-09-05,67.6,66.78,68.54,Chronos
592040,2026-09-04,2026-09-06,67.76,66.12,68.77,Chronos
592040,2026-09-04,2026-09-07,67.86,66.15,69.09,Chronos
592040,2026-09-04,2026-09-08,67.6,65.73,69.36,Chronos
592040,2026-09-04,2026-09-09,67.67,65.12,69.75,Chronos
592040,2026-09-04,2026-09-10,67.46,64.6,69.99,Chronos
592040,2026-09-04,2026-09-11,67.56,64.25,70.25,Chronos
592040,2026-09-04,2026-09-12,67.57,63.97,70.54,Chronos
592040,2026-09-04,2026-09-13,67.74,63.5,70.77,Chronos
592040,2026-09-04,2026-09-14,67.6,63.19,70.94,Chronos
592040,2026-09-04,2026-09-15,67.53,62.68,71.27,Chronos
592040,2026-09-04,2026-09-16,67.47,62.37,71.27,Chronos
592040,2026-09-04,2026-09-17,67.25,61.63,71.57,Chronos
592040,2026-09-04,2026-09-18,67.45,61.54,71.62,Chronos
592040,2026-09-04,2026-09-19,67.72,60.98,71.95,Chronos
592040,2026-09-04,2026-09-20,67.43,60.95,72.12,Chronos
592040,2026-09-04,2026-09-21,68.55,62.29,73.22,Chronos
592040,2026-09-04,2026-09-22,68.63,62.57,73.25,Chronos
592040,2026-09-04,2026-09-23,68.61,62.13,73.49,Chronos
592040,2026-09-04,2026-09-24,68.53,61.5,73.72,Chronos
592040,2026-09-04,2026-09-25,68.64,61.45,73.75,Chronos
592040,2026-09-04,2026-09-26,68.45,60.97,74.0,Chronos
592040,2026-09-04,2026-09-27,68.73,60.93,74.42,Chronos
592040,2026-09-04,2026-09-28,68.82,60.68,74.77,Chronos
592040,2026-09-04,2026-09-29,69.08,60.58,74.99,Chronos
592040,2026-09-04,2026-09-30,68.97,60.74,75.06,Chronos
592040,2026-09-04,2026-10-01,68.87,59.72,75.43,Chronos
592040,2026-09-04,2026-10-02,68.83,59.22,75.48,Chronos
592040,2026-09-04,2026-10-03,68.7,58.63,75.73,Chronos
592040,2026-09-04,2026-10-04,68.92,58.43,75.65,Chronos
593162,2026-09-04,2026-09-05,23.0,22.73,23.25,Chronos
593162,2026-09-04,2026-09-06,22.98,22.6,23.31,Chronos
593162,2026-09-04,2026-09-07,22.93,22.46,23.37,Chronos
593162,2026-09-04,2026-09-08,22.89,22.39,23.41,Chronos
593162,2026-09-04,2026-09-09,22.86,22.29,23.48,Chronos
593162,2026-09-04,2026-09-10,22.82,22.19,23.48,Chronos
593162,2026-09-04,2026-09-11,22.8,22.04,23.56,Chronos
593162,2026-09-04,2026-09-12,22.75,21.93,23.54,Chronos
593162,2026-09-04,2026-09-13,22.72,21.84,23.64,Chronos
593162,2026-09-04,2026-09-14,22.68,21.72,23.71,Chronos
593162,2026-09-04,2026-09-15,22.65,21.64,23.77,Chronos
593162,2026-09-04,2026-09-16,22.64,21.53,23.86,Chronos
593162,2026-09-04,2026-09-17,22.59,21.37,23.96,Chronos
593162,2026-09-04,2026-09-18,22.53,21.25,24.05,Chronos
593162,2026-09-04,2026-09-19,22.51,21.13,24.06,Chronos
593162,2026-09-04,2026-09-20,22.51,21.06,24.06,Chronos
593162,2026-09-04,2026-09-21,22.47,20.94,24.11,Chronos
593162,2026-09-04,2026-09-22,22.45,20.86,24.17,Chronos
593162,2026-09-04,2026-09-23,22.38,20.73,24.2,Chronos
593162,2026-09-04,2026-09-24,22.33,20.61,24.28,Chronos
593162,2026-09-04,2026-09-25,22.3,20.48,24.28,Chronos
593162,2026-09-04,2026-09-26,22.26,20.39,24.36,Chronos
593162,2026-09-04,2026-09-27,22.21,20.31,24.35,Chronos
593162,2026-09-04,2026-09-28,22.16,20.21,24.32,Chronos
593162,2026-09-04,2026-09-29,22.14,20.09,24.4,Chronos
593162,2026-09-04,2026-09-30,22.11,19.99,24.45,Chronos
593162,2026-09-04,2026-10-01,22.08,19.84,24.53,Chronos
593162,2026-09-04,2026-10-02,22.05,19.76,24.59,Chronos
593162,2026-09-04,2026-10-03,22.01,19.7,24.6,Chronos
593162,2026-09-04,2026-10-04,21.94,19.6,24.6,Chronos
619733,2026-09-04,2026-09-05,247.85,244.54,252.09,Chronos
619733,2026-09-04,2026-09-06,247.88,242.62,252.45,Chronos
619733,2026-09-04,2026-09-07,248.37,242.5,253.24,Chronos
619733,2026-09-04,2026-09-08,248.4,242.41,254.36,Chronos
619733,2026-09-04,2026-09-09,248.81,240.78,255.81,Chronos
619733,2026-09-04,2026-09-10,248.4,240.22,256.34,Chronos
619733,2026-09-04,2026-09-11,249.46,240.21,257.85,Chronos
619733,2026-09-04,2026-09-12,250.03,239.53,259.39,Chronos
619733,2026-09-04,2026-09-13,250.91,239.45,261.17,Chronos
619733,2026-09-04,2026-09-14,251.24,238.9,261.95,Chronos
619733,2026-09-04,2026-09-15,251.52,238.51,263.19,Chronos
619733,2026-09-04,2026-09-16,251.91,238.2,263.83,Chronos
619733,2026-09-04,2026-09-17,251.39,237.32,264.81,Chronos
619733,2026-09-04,2026-09-18,252.17,236.51,264.39,Chronos
619733,2026-09-04,2026-09-19,253.49,235.96,266.91,Chronos
619733,2026-09-04,2026-09-20,252.9,237.47,268.16,Chronos
619733,2026-09-04,2026-09-21,256.99,237.14,273.4,Chronos
619733,2026-09-04,2026-09-22,257.37,238.19,273.43,Chronos
619733,2026-09-04,2026-09-23,257.4,236.39,274.2,Chronos
619733,2026-09-04,2026-09-24,257.64,235.04,276.23,Chronos
619733,2026-09-04,2026-09-25,258.16,235.68,276.17,Chronos
619733,2026-09-04,2026-09-26,257.88,234.66,277.13,Chronos
619733,2026-09-04,2026-09-27,258.84,235.16,278.67,Chronos
619733,2026-09-04,2026-09-28,259.7,234.88,280.28,Chronos
619733,2026-09-04,2026-09-29,261.05,233.52,282.4,Chronos
619733,2026-09-04,2026-09-30,261.24,233.82,282.67,Chronos
619733,2026-09-04,2026-10-01,261.33,231.35,284.3,Chronos
619733,2026-09-04,2026-10-02,261.57,231.18,284.8,Chronos
619733,2026-09-04,2026-10-03,260.75,229.8,285.38,Chronos
619733,2026-09-04,2026-10-04,261.93,228.75,285.1,Chronos
619734,2026-09-04,2026-09-05,74.98,74.65,75.18,Chronos
619734,2026-09-04,2026-09-06,74.99,74.58,75.25,Chronos
619734,2026-09-04,2026-09-07,74.99,74.52,75.35,Chronos
619734,2026-09-04,2026-09-08,75.0,74.44,75.39,Chronos
619734,2026-09-04,2026-09-09,74.98,74.36,75.56,Chronos
619734,2026-09-04,2026-09-10,75.05,74.32,75.63,Chronos
619734,2026-09-04,2026-09-11,75.08,74.3,75.75,Chronos
619734,2026-09-04,2026-09-12,75.06,74.19,75.81,Chronos
619734,2026-09-04,2026-09-13,75.08,74.12,75.93,Chronos
619734,2026-09-04,2026-09-14,75.12,74.03,75.95,Chronos
619734,2026-09-04,2026-09-15,75.07,73.9,75.96,Chronos
619734,2026-09-04,2026-09-16,75.09,73.86,76.05,Chronos
619734,2026-09-04,2026-09-17,75.02,73.62,76.09,Chronos
619734,2026-09-04,2026-09-18,75.06,73.32,76.15,Chronos
619734,2026-09-04,2026-09-19,75.07,73.07,76.23,Chronos
619734,2026-09-04,2026-09-20,75.03,72.81,76.35,Chronos
619734,2026-09-04,2026-09-21,75.13,72.67,76.64,Chronos
619734,2026-09-04,2026-09-22,75.05,72.6,76.6,Chronos
619734,2026-09-04,2026-09-23,75.01,72.23,76.72,Chronos
619734,2026-09-04,2026-09-24,75.02,71.84,76.83,Chronos
619734,2026-09-04,2026-09-25,75.0,71.69,76.89,Chronos
619734,2026-09-04,2026-09-26,74.97,71.55,76.96,Chronos
619734,2026-09-04,2026-09-27,74.97,71.18,77.11,Chronos
619734,2026-09-04,2026-09-28,74.91,71.01,77.11,Chronos
619734,2026-09-04,2026-09-29,74.91,70.71,77.16,Chronos
619734,2026-09-04,2026-09-30,74.88,70.54,77.23,Chronos
619734,2026-09-04,2026-10-01,74.88,70.21,77.37,Chronos
619734,2026-09-04,2026-10-02,74.87,69.8,77.57,Chronos
619734,2026-09-04,2026-10-03,74.76,69.25,77.59,Chronos
619734,2026-09-04,2026-10-04,74.74,69.12,77.48,Chronos
619735,2026-09-04,2026-09-05,94.46,93.6,95.09,Chronos
619735,2026-09-04,2026-09-06,94.29,92.92,95.43,Chronos
619735,2026-09-04,2026-09-07,94.19,92.55,95.53,Chronos
619735,2026-09-04,2026-09-08,94.31,92.43,95.9,Chronos
619735,2026-09-04,2026-09-09,94.19,92.1,96.0,Chronos
619735,2026-09-04,2026-09-10,94.14,91.72,96.23,Chronos
619735,2026-09-04,2026-09-11,94.15,91.54,96.27,Chronos
619735,2026-09-04,2026-09-12,94.1,91.25,96.55,Chronos
619735,2026-09-04,2026-09-13,94.1,90.85,96.7,Chronos
619735,2026-09-04,2026-09-14,94.03,90.25,96.86,Chronos
619735,2026-09-04,2026-09-15,94.01,90.06,97.04,Chronos
619735,2026-09-04,2026-09-16,93.99,89.62,97.18,Chronos
619735,2026-09-04,2026-09-17,93.81,89.0,97.21,Chronos
619735,2026-09-04,2026-09-18,93.74,88.41,97.44,Chronos
619735,2026-09-04,2026-09-19,93.56,87.95,97.78,Chronos
619735,2026-09-04,2026-09-20,93.65,87.77,97.6,Chronos
619735,2026-09-04,2026-09-21,94.43,88.83,98.14,Chronos
619735,2026-09-04,2026-09-22,94.38,88.33,98.31,Chronos
619735,2026-09-04,2026-09-23,94.1,87.9,98.38,Chronos
619735,2026-09-04,2026-09-24,94.06,87.8,98.58,Chronos
619735,2026-09-04,2026-09-25,94.08,87.05,98.77,Chronos
619735,2026-09-04,2026-09-26,94.11,87.05,98.98,Chronos
619735,2026-09-04,2026-09-27,94.1,86.48,99.29,Chronos
619735,2026-09-04,2026-09-28,93.91,85.83,99.16,Chronos
619735,2026-09-04,2026-09-29,93.97,85.74,99.3,Chronos
619735,2026-09-04,2026-09-30,93.97,85.2,99.62,Chronos
619735,2026-09-04,2026-10-01,93.94,84.96,99.95,Chronos
619735,2026-09-04,2026-10-02,93.93,84.65,99.94,Chronos
619735,2026-09-04,2026-10-03,93.83,83.78,100.03,Chronos
619735,2026-09-04,2026-10-04,93.76,83.56,100.43,Chronos
619736,2026-09-04,2026-09-05,93.98,92.8,94.91,Chronos
619736,2026-09-04,2026-09-06,94.03,92.11,95.26,Chronos
619736,2026-09-04,2026-09-07,93.87,91.46,95.4,Chronos
619736,2026-09-04,2026-09-08,93.45,91.19,95.46,Chronos
619736,2026-09-04,2026-09-09,93.37,90.28,95.76,Chronos
619736,2026-09-04,2026-09-10,93.12,89.63,96.0,Chronos
619736,2026-09-04,2026-09-11,93.16,89.55,96.14,Chronos
619736,2026-09-04,2026-09-12,93.22,89.12,96.47,Chronos
619736,2026-09-04,2026-09-13,93.36,88.73,96.73,Chronos
619736,2026-09-04,2026-09-14,93.22,88.58,97.24,Chronos
619736,2026-09-04,2026-09-15,93.09,87.81,97.01,Chronos
619736,2026-09-04,2026-09-16,92.91,87.6,97.05,Chronos
619736,2026-09-04,2026-09-17,92.63,87.03,97.3,Chronos
619736,2026-09-04,2026-09-18,92.69,86.46,97.05,Chronos
619736,2026-09-04,2026-09-19,92.61,86.25,97.47,Chronos
619736,2026-09-04,2026-09-20,92.18,85.92,97.67,Chronos
619736,2026-09-04,2026-09-21,92.89,85.23,98.11,Chronos
619736,2026-09-04,2026-09-22,92.84,85.23,98.11,Chronos
619736,2026-09-04,2026-09-23,92.74,84.43,98.36,Chronos
619736,2026-09-04,2026-09-24,92.36,83.48,98.62,Chronos
619736,2026-09-04,2026-09-25,92.34,83.04,98.56,Chronos
619736,2026-09-04,2026-09-26,92.06,82.73,98.64,Chronos
619736,2026-09-04,2026-09-27,92.11,82.36,98.87,Chronos
619736,2026-09-04,2026-09-28,92.31,82.21,99.23,Chronos
619736,2026-09-04,2026-09-29,92.45,81.55,99.52,Chronos
619736,2026-09-04,2026-09-30,92.23,81.79,99.62,Chronos
619736,2026-09-04,2026-10-01,92.05,80.07,99.69,Chronos
619736,2026-09-04,2026-10-02,91.87,79.72,99.61,Chronos
619736,2026-09-04,2026-10-03,91.65,78.97,99.81,Chronos
619736,2026-09-04,2026-10-04,91.62,77.68,99.34,Chronos
619737,2026-09-04,2026-09-05,139.77,137.31,142.58,Chronos
619737,2026-09-04,2026-09-06,139.78,136.82,142.89,Chronos
619737,2026-09-04,2026-09-07,139.79,136.07,143.26,Chronos
619737,2026-09-04,2026-09-08,139.93,136.07,143.97,Chronos
619737,2026-09-04,2026-09-09,140.3,135.72,144.96,Chronos
619737,2026-09-04,2026-09-10,140.35,135.43,145.63,Chronos
619737,2026-09-04,2026-09-11,140.65,135.39,146.28,Chronos
619737,2026-09-04,2026-09-12,141.0,135.16,147.26,Chronos
619737,2026-09-04,2026-09-13,141.64,135.3,148.19,Chronos
619737,2026-09-04,2026-09-14,141.83,135.16,148.54,Chronos
619737,2026-09-04,2026-09-15,142.09,135.08,149.73,Chronos
619737,2026-09-04,2026-09-16,142.09,134.7,150.04,Chronos
619737,2026-09-04,2026-09-17,141.76,134.28,150.48,Chronos
619737,2026-09-04,2026-09-18,142.08,133.69,150.48,Chronos
619737,2026-09-04,2026-09-19,142.39,133.53,150.9,Chronos
619737,2026-09-04,2026-09-20,142.22,134.21,151.47,Chronos
619737,2026-09-04,2026-09-21,143.76,134.9,153.34,Chronos
619737,2026-09-04,2026-09-22,143.78,134.92,153.59,Chronos
619737,2026-09-04,2026-09-23,143.87,134.35,153.96,Chronos
619737,2026-09-04,2026-09-24,144.2,134.24,155.25,Chronos
619737,2026-09-04,2026-09-25,144.68,134.35,155.25,Chronos
619737,2026-09-04,2026-09-26,144.59,134.11,156.15,Chronos
619737,2026-09-04,2026-09-27,144.8,133.81,156.64,Chronos
619737,2026-09-04,2026-09-28,144.96,133.68,157.28,Chronos
619737,2026-09-04,2026-09-29,145.54,133.15,157.91,Chronos
619737,2026-09-04,2026-09-30,145.53,133.28,158.01,Chronos
619737,2026-09-04,2026-10-01,145.46,132.42,158.98,Chronos
619737,2026-09-04,2026-10-02,145.47,132.46,159.34,Chronos
619737,2026-09-04,2026-10-03,145.13,131.67,159.71,Chronos
619737,2026-09-04,2026-10-04,145.35,131.15,159.36,Chronos
619738,2026-09-04,2026-09-05,100.93,99.59,101.84,Chronos
619738,2026-09-04,2026-09-06,100.92,99.04,102.25,Chronos
619738,2026-09-04,2026-09-07,100.86,98.46,102.79,Chronos
619738,2026-09-04,2026-09-08,100.92,98.28,103.17,Chronos
619738,2026-09-04,2026-09-09,100.76,97.72,103.86,Chronos
619738,2026-09-04,2026-09-10,100.79,97.45,104.08,Chronos
619738,2026-09-04,2026-09-11,100.76,97.05,104.38,Chronos
619738,2026-09-04,2026-09-12,100.62,96.64,104.66,Chronos
619738,2026-09-04,2026-09-13,100.55,95.96,105.07,Chronos
619738,2026-09-04,2026-09-14,100.56,95.57,105.5,Chronos
619738,2026-09-04,2026-09-15,100.38,94.82,105.93,Chronos
619738,2026-09-04,2026-09-16,100.43,94.52,106.25,Chronos
619738,2026-09-04,2026-09-17,100.39,93.86,106.47,Chronos
619738,2026-09-04,2026-09-18,100.11,93.7,106.83,Chronos
619738,2026-09-04,2026-09-19,100.04,92.84,106.84,Chronos
619738,2026-09-04,2026-09-20,100.03,92.33,107.18,Chronos
619738,2026-09-04,2026-09-21,100.07,92.82,107.18,Chronos
619738,2026-09-04,2026-09-22,99.86,92.21,107.48,Chronos
619738,2026-09-04,2026-09-23,99.76,91.56,107.79,Chronos
619738,2026-09-04,2026-09-24,99.75,91.18,108.24,Chronos
619738,2026-09-04,2026-09-25,99.61,90.71,108.52,Chronos
619738,2026-09-04,2026-09-26,99.51,90.13,108.6,Chronos
619738,2026-09-04,2026-09-27,99.36,89.43,108.86,Chronos
619738,2026-09-04,2026-09-28,99.33,89.07,109.1,Chronos
619738,2026-09-04,2026-09-29,99.17,88.74,109.54,Chronos
619738,2026-09-04,2026-09-30,99.22,88.16,109.76,Chronos
619738,2026-09-04,2026-10-01,99.1,87.86,110.19,Chronos
619738,2026-09-04,2026-10-02,99.2,87.38,110.73,Chronos
619738,2026-09-04,2026-10-03,99.03,86.97,110.82,Chronos
619738,2026-09-04,2026-10-04,98.91,86.7,110.97,Chronos
619739,2026-09-04,2026-09-05,70.83,70.35,70.93,Chronos
619739,2026-09-04,2026-09-06,70.8,70.07,71.17,Chronos
619739,2026-09-04,2026-09-07,70.75,69.72,71.41,Chronos
619739,2026-09-04,2026-09-08,70.74,69.59,71.6,Chronos
619739,2026-09-04,2026-09-09,70.68,69.28,71.87,Chronos
619739,2026-09-04,2026-09-10,70.61,69.0,71.89,Chronos
619739,2026-09-04,2026-09-11,70.56,68.7,72.0,Chronos
619739,2026-09-04,2026-09-12,70.43,68.3,72.07,Chronos
619739,2026-09-04,2026-09-13,70.3,67.91,72.21,Chronos
619739,2026-09-04,2026-09-14,70.26,67.61,72.28,Chronos
619739,2026-09-04,2026-09-15,70.17,67.3,72.4,Chronos
619739,2026-09-04,2026-09-16,70.14,66.96,72.44,Chronos
619739,2026-09-04,2026-09-17,70.07,66.47,72.53,Chronos
619739,2026-09-04,2026-09-18,69.98,66.49,72.68,Chronos
619739,2026-09-04,2026-09-19,69.98,66.23,72.68,Chronos
619739,2026-09-04,2026-09-20,69.97,66.0,72.78,Chronos
619739,2026-09-04,2026-09-21,70.22,65.96,73.05,Chronos
619739,2026-09-04,2026-09-22,70.18,65.73,73.14,Chronos
619739,2026-09-04,2026-09-23,70.16,65.57,73.12,Chronos
619739,2026-09-04,2026-09-24,70.07,65.31,73.37,Chronos
619739,2026-09-04,2026-09-25,69.99,65.06,73.37,Chronos
619739,2026-09-04,2026-09-26,70.03,64.97,73.49,Chronos
619739,2026-09-04,2026-09-27,69.98,64.71,73.56,Chronos
619739,2026-09-04,2026-09-28,69.95,64.53,73.65,Chronos
619739,2026-09-04,2026-09-29,69.89,64.42,73.78,Chronos
619739,2026-09-04,2026-09-30,69.94,64.24,73.82,Chronos
619739,2026-09-04,2026-10-01,69.91,64.17,73.96,Chronos
619739,2026-09-04,2026-10-02,69.92,63.84,74.12,Chronos
619739,2026-09-04,2026-10-03,69.91,63.66,74.18,Chronos
619739,2026-09-04,2026-10-04,69.85,63.67,74.15,Chronos
619740,2026-09-04,2026-09-05,105.58,104.57,106.38,Chronos
619740,2026-09-04,2026-09-06,105.61,104.23,106.95,Chronos
619740,2026-09-04,2026-09-07,105.67,103.8,107.47,Chronos
619740,2026-09-04,2026-09-08,105.8,103.52,107.88,Chronos
619740,2026-09-04,2026-09-09,105.78,103.17,108.0,Chronos
619740,2026-09-04,2026-09-10,105.89,102.81,108.45,Chronos
619740,2026-09-04,2026-09-11,105.98,102.47,108.8,Chronos
619740,2026-09-04,2026-09-12,105.89,102.06,108.99,Chronos
619740,2026-09-04,2026-09-13,105.93,101.67,109.24,Chronos
619740,2026-09-04,2026-09-14,105.98,101.39,109.56,Chronos
619740,2026-09-04,2026-09-15,105.95,100.87,109.97,Chronos
619740,2026-09-04,2026-09-16,106.1,100.64,110.1,Chronos
619740,2026-09-04,2026-09-17,106.0,100.44,110.26,Chronos
619740,2026-09-04,2026-09-18,106.03,99.7,110.98,Chronos
619740,2026-09-04,2026-09-19,106.11,99.34,111.38,Chronos
619740,2026-09-04,2026-09-20,106.25,99.31,111.16,Chronos
619740,2026-09-04,2026-09-21,106.55,100.27,111.43,Chronos
619740,2026-09-04,2026-09-22,106.76,100.03,112.02,Chronos
619740,2026-09-04,2026-09-23,106.89,99.48,112.42,Chronos
619740,2026-09-04,2026-09-24,107.04,99.21,112.9,Chronos
619740,2026-09-04,2026-09-25,107.02,99.29,113.42,Chronos
619740,2026-09-04,2026-09-26,107.16,99.05,113.49,Chronos
619740,2026-09-04,2026-09-27,107.24,98.45,114.23,Chronos
619740,2026-09-04,2026-09-28,107.27,98.28,114.79,Chronos
619740,2026-09-04,2026-09-29,107.38,98.05,114.79,Chronos
619740,2026-09-04,2026-09-30,107.49,97.96,114.87,Chronos
619740,2026-09-04,2026-10-01,107.51,97.53,115.33,Chronos
619740,2026-09-04,2026-10-02,107.56,97.57,115.62,Chronos
619740,2026-09-04,2026-10-03,107.61,97.71,115.76,Chronos
619740,2026-09-04,2026-10-04,107.68,97.61,116.24,Chronos
619741,2026-09-04,2026-09-05,98.29,97.35,99.28,Chronos
619741,2026-09-04,2026-09-06,98.22,96.45,99.3,Chronos
619741,2026-09-04,2026-09-07,98.03,95.98,99.34,Chronos
619741,2026-09-04,2026-09-08,97.67,95.79,99.44,Chronos
619741,2026-09-04,2026-09-09,97.78,95.24,99.87,Chronos
619741,2026-09-04,2026-09-10,97.73,94.74,100.21,Chronos
619741,2026-09-04,2026-09-11,97.86,94.8,100.46,Chronos
619741,2026-09-04,2026-09-12,97.84,94.32,100.71,Chronos
619741,2026-09-04,2026-09-13,98.02,94.02,101.09,Chronos
619741,2026-09-04,2026-09-14,97.99,93.86,101.36,Chronos
619741,2026-09-04,2026-09-15,97.89,93.32,101.53,Chronos
619741,2026-09-04,2026-09-16,97.9,93.26,101.55,Chronos
619741,2026-09-04,2026-09-17,97.74,92.94,101.98,Chronos
619741,2026-09-04,2026-09-18,98.0,92.49,101.9,Chronos
619741,2026-09-04,2026-09-19,98.05,92.24,102.17,Chronos
619741,2026-09-04,2026-09-20,97.85,92.72,102.56,Chronos
619741,2026-09-04,2026-09-21,98.57,92.34,103.18,Chronos
619741,2026-09-04,2026-09-22,98.64,92.63,103.12,Chronos
619741,2026-09-04,2026-09-23,98.49,91.82,103.18,Chronos
619741,2026-09-04,2026-09-24,98.22,91.16,103.43,Chronos
619741,2026-09-04,2026-09-25,98.29,91.12,103.36,Chronos
619741,2026-09-04,2026-09-26,98.11,90.88,103.57,Chronos
619741,2026-09-04,2026-09-27,98.2,90.6,103.82,Chronos
619741,2026-09-04,2026-09-28,98.29,90.52,104.05,Chronos
619741,2026-09-04,2026-09-29,98.54,89.99,104.43,Chronos
619741,2026-09-04,2026-09-30,98.5,90.2,104.47,Chronos
619741,2026-09-04,2026-10-01,98.38,89.01,104.85,Chronos
619741,2026-09-04,2026-10-02,98.31,88.82,104.73,Chronos
619741,2026-09-04,2026-10-03,98.07,88.21,104.88,Chronos
619741,2026-09-04,2026-10-04,98.16,87.52,104.47,Chronos
619742,2026-09-04,2026-09-05,57.41,57.06,57.56,Chronos
619742,2026-09-04,2026-09-06,57.57,56.83,58.04,Chronos
619742,2026-09-04,2026-09-07,57.61,56.73,58.34,Chronos
619742,2026-09-04,2026-09-08,57.75,56.73,58.68,Chronos
619742,2026-09-04,2026-09-09,57.87,56.61,59.03,Chronos
619742,2026-09-04,2026-09-10,58.0,56.58,59.33,Chronos
619742,2026-09-04,2026-09-11,58.07,56.53,59.58,Chronos
619742,2026-09-04,2026-09-12,58.16,56.48,59.8,Chronos
619742,2026-09-04,2026-09-13,58.28,56.25,60.11,Chronos
619742,2026-09-04,2026-09-14,58.38,56.24,60.6,Chronos
619742,2026-09-04,2026-09-15,58.45,55.94,60.83,Chronos
619742,2026-09-04,2026-09-16,58.6,56.04,61.08,Chronos
619742,2026-09-04,2026-09-17,58.63,55.65,61.37,Chronos
619742,2026-09-04,2026-09-18,58.67,55.6,61.73,Chronos
619742,2026-09-04,2026-09-19,58.73,55.39,61.83,Chronos
619742,2026-09-04,2026-09-20,58.86,55.39,61.91,Chronos
619742,2026-09-04,2026-09-21,59.26,55.85,62.55,Chronos
619742,2026-09-04,2026-09-22,59.34,55.78,62.89,Chronos
619742,2026-09-04,2026-09-23,59.44,55.63,63.27,Chronos
619742,2026-09-04,2026-09-24,59.58,55.58,63.42,Chronos
619742,2026-09-04,2026-09-25,59.59,55.35,63.79,Chronos
619742,2026-09-04,2026-09-26,59.75,55.44,63.85,Chronos
619742,2026-09-04,2026-09-27,59.8,55.28,64.0,Chronos
619742,2026-09-04,2026-09-28,59.88,55.22,64.24,Chronos
619742,2026-09-04,2026-09-29,59.98,55.18,64.51,Chronos
619742,2026-09-04,2026-09-30,60.06,55.19,64.88,Chronos
619742,2026-09-04,2026-10-01,60.12,54.88,65.15,Chronos
619742,2026-09-04,2026-10-02,60.27,54.98,65.45,Chronos
619742,2026-09-04,2026-10-03,60.26,54.57,65.62,Chronos
619742,2026-09-04,2026-10-04,60.26,54.71,65.82,Chronos
619743,2026-09-04,2026-09-05,79.37,78.84,79.68,Chronos
619743,2026-09-04,2026-09-06,79.4,78.77,79.82,Chronos
619743,2026-09-04,2026-09-07,79.42,78.72,79.94,Chronos
619743,2026-09-04,2026-09-08,79.42,78.7,80.02,Chronos
619743,2026-09-04,2026-09-09,79.44,78.59,80.22,Chronos
619743,2026-09-04,2026-09-10,79.52,78.53,80.38,Chronos
619743,2026-09-04,2026-09-11,79.56,78.51,80.48,Chronos
619743,2026-09-04,2026-09-12,79.6,78.41,80.57,Chronos
619743,2026-09-04,2026-09-13,79.66,78.36,80.7,Chronos
619743,2026-09-04,2026-09-14,79.7,78.31,80.86,Chronos
619743,2026-09-04,2026-09-15,79.72,78.25,80.88,Chronos
619743,2026-09-04,2026-09-16,79.75,78.24,81.02,Chronos
619743,2026-09-04,2026-09-17,79.71,78.16,81.09,Chronos
619743,2026-09-04,2026-09-18,79.8,77.99,81.17,Chronos
619743,2026-09-04,2026-09-19,79.88,77.93,81.32,Chronos
619743,2026-09-04,2026-09-20,79.86,78.01,81.43,Chronos
619743,2026-09-04,2026-09-21,80.28,78.08,82.03,Chronos
619743,2026-09-04,2026-09-22,80.3,78.1,82.14,Chronos
619743,2026-09-04,2026-09-23,80.3,77.79,82.25,Chronos
619743,2026-09-04,2026-09-24,80.28,77.56,82.48,Chronos
619743,2026-09-04,2026-09-25,80.29,77.49,82.54,Chronos
619743,2026-09-04,2026-09-26,80.33,77.38,82.72,Chronos
619743,2026-09-04,2026-09-27,80.37,77.16,82.87,Chronos
619743,2026-09-04,2026-09-28,80.4,77.02,82.95,Chronos
619743,2026-09-04,2026-09-29,80.5,76.86,83.08,Chronos
619743,2026-09-04,2026-09-30,80.53,76.93,83.26,Chronos
619743,2026-09-04,2026-10-01,80.53,76.45,83.3,Chronos
619743,2026-09-04,2026-10-02,80.54,76.24,83.68,Chronos
619743,2026-09-04,2026-10-03,80.47,75.98,83.79,Chronos
619743,2026-09-04,2026-10-04,80.57,75.6,83.71,Chronos
619744,2026-09-04,2026-09-05,40.54,39.96,41.09,Chronos
619744,2026-09-04,2026-09-06,40.46,39.59,41.19,Chronos
619744,2026-09-04,2026-09-07,40.47,39.33,41.45,Chronos
619744,2026-09-04,2026-09-08,40.48,39.18,41.72,Chronos
619744,2026-09-04,2026-09-09,40.53,39.06,42.0,Chronos
619744,2026-09-04,2026-09-10,40.53,38.84,42.15,Chronos
619744,2026-09-04,2026-09-11,40.58,38.67,42.33,Chronos
619744,2026-09-04,2026-09-12,40.59,38.59,42.51,Chronos
619744,2026-09-04,2026-09-13,40.62,38.48,42.65,Chronos
619744,2026-09-04,2026-09-14,40.67,38.44,42.88,Chronos
619744,2026-09-04,2026-09-15,40.71,38.27,43.1,Chronos
619744,2026-09-04,2026-09-16,40.77,38.21,43.26,Chronos
619744,2026-09-04,2026-09-17,40.82,38.12,43.42,Chronos
619744,2026-09-04,2026-09-18,40.89,38.19,43.73,Chronos
619744,2026-09-04,2026-09-19,41.01,38.17,43.79,Chronos
619744,2026-09-04,2026-09-20,41.16,38.33,43.87,Chronos
619744,2026-09-04,2026-09-21,41.48,38.44,44.08,Chronos
619744,2026-09-04,2026-09-22,41.55,38.37,44.31,Chronos
619744,2026-09-04,2026-09-23,41.54,38.31,44.53,Chronos
619744,2026-09-04,2026-09-24,41.67,38.31,44.62,Chronos
619744,2026-09-04,2026-09-25,41.74,38.28,44.82,Chronos
619744,2026-09-04,2026-09-26,41.8,38.16,44.91,Chronos
619744,2026-09-04,2026-09-27,41.83,38.06,45.1,Chronos
619744,2026-09-04,2026-09-28,41.94,38.04,45.23,Chronos
619744,2026-09-04,2026-09-29,42.01,38.11,45.44,Chronos
619744,2026-09-04,2026-09-30,42.09,38.04,45.52,Chronos
619744,2026-09-04,2026-10-01,42.14,38.06,45.66,Chronos
619744,2026-09-04,2026-10-02,42.19,37.96,45.81,Chronos
619744,2026-09-04,2026-10-03,42.27,37.93,45.93,Chronos
619744,2026-09-04,2026-10-04,42.25,37.95,45.97,Chronos
619745,2026-09-04,2026-09-05,152.44,149.72,154.58,Chronos
619745,2026-09-04,2026-09-06,152.89,149.93,155.5,Chronos
619745,2026-09-04,2026-09-07,153.13,149.37,156.29,Chronos
619745,2026-09-04,2026-09-08,153.52,149.67,157.18,Chronos
619745,2026-09-04,2026-09-09,154.12,149.49,158.54,Chronos
619745,2026-09-04,2026-09-10,154.5,149.54,159.44,Chronos
619745,2026-09-04,2026-09-11,155.06,149.76,160.26,Chronos
619745,2026-09-04,2026-09-12,155.75,149.79,161.48,Chronos
619745,2026-09-04,2026-09-13,156.43,150.05,162.6,Chronos
619745,2026-09-04,2026-09-14,156.93,150.21,163.51,Chronos
619745,2026-09-04,2026-09-15,157.52,150.34,164.58,Chronos
619745,2026-09-04,2026-09-16,157.9,150.4,165.18,Chronos
619745,2026-09-04,2026-09-17,158.18,150.37,166.16,Chronos
619745,2026-09-04,2026-09-18,159.1,150.7,166.63,Chronos
619745,2026-09-04,2026-09-19,159.72,150.83,167.76,Chronos
619745,2026-09-04,2026-09-20,160.04,151.83,168.93,Chronos
619745,2026-09-04,2026-09-21,161.91,152.33,171.45,Chronos
619745,2026-09-04,2026-09-22,162.47,152.65,172.29,Chronos
619745,2026-09-04,2026-09-23,162.94,152.31,173.14,Chronos
619745,2026-09-04,2026-09-24,163.67,152.93,174.63,Chronos
619745,2026-09-04,2026-09-25,164.61,153.35,175.9,Chronos
619745,2026-09-04,2026-09-26,165.08,153.48,176.79,Chronos
619745,2026-09-04,2026-09-27,165.82,154.16,177.8,Chronos
619745,2026-09-04,2026-09-28,166.73,154.4,179.29,Chronos
619745,2026-09-04,2026-09-29,167.84,154.75,180.81,Chronos
619745,2026-09-04,2026-09-30,168.38,154.89,181.35,Chronos
619745,2026-09-04,2026-10-01,169.05,154.94,182.83,Chronos
619745,2026-09-04,2026-10-02,169.5,155.28,183.56,Chronos
619745,2026-09-04,2026-10-03,169.53,155.23,184.23,Chronos
619745,2026-09-04,2026-10-04,170.55,155.24,184.4,Chronos
619746,2026-09-04,2026-09-05,37.53,37.38,37.5,Chronos
619746,2026-09-04,2026-09-06,37.49,37.06,37.66,Chronos
619746,2026-09-04,2026-09-07,37.43,36.69,37.84,Chronos
619746,2026-09-04,2026-09-08,37.41,36.47,37.96,Chronos
619746,2026-09-04,2026-09-09,37.35,36.27,38.14,Chronos
619746,2026-09-04,2026-09-10,37.3,35.91,38.16,Chronos
619746,2026-09-04,2026-09-11,37.3,35.59,38.25,Chronos
619746,2026-09-04,2026-09-12,37.2,35.37,38.25,Chronos
619746,2026-09-04,2026-09-13,37.11,35.08,38.36,Chronos
619746,2026-09-04,2026-09-14,37.1,34.74,38.36,Chronos
619746,2026-09-04,2026-09-15,37.04,34.51,38.48,Chronos
619746,2026-09-04,2026-09-16,37.03,34.21,38.64,Chronos
619746,2026-09-04,2026-09-17,36.97,33.7,38.76,Chronos
619746,2026-09-04,2026-09-18,36.95,33.42,38.88,Chronos
619746,2026-09-04,2026-09-19,36.9,33.16,38.87,Chronos
619746,2026-09-04,2026-09-20,36.91,33.17,38.89,Chronos
619746,2026-09-04,2026-09-21,37.01,33.83,39.12,Chronos
619746,2026-09-04,2026-09-22,37.02,33.68,39.23,Chronos
619746,2026-09-04,2026-09-23,36.99,33.44,39.23,Chronos
619746,2026-09-04,2026-09-24,36.97,33.4,39.4,Chronos
619746,2026-09-04,2026-09-25,36.9,33.26,39.42,Chronos
619746,2026-09-04,2026-09-26,36.9,33.06,39.48,Chronos
619746,2026-09-04,2026-09-27,36.88,32.86,39.61,Chronos
619746,2026-09-04,2026-09-28,36.87,32.74,39.63,Chronos
619746,2026-09-04,2026-09-29,36.8,32.53,39.69,Chronos
619746,2026-09-04,2026-09-30,36.84,32.19,39.77,Chronos
619746,2026-09-04,2026-10-01,36.78,32.05,39.91,Chronos
619746,2026-09-04,2026-10-02,36.8,31.87,40.18,Chronos
619746,2026-09-04,2026-10-03,36.71,31.66,40.25,Chronos
619746,2026-09-04,2026-10-04,36.65,31.54,40.18,Chronos
619747,2026-09-04,2026-09-05,145.96,144.66,147.23,Chronos
619747,2026-09-04,2026-09-06,145.81,144.04,147.15,Chronos
619747,2026-09-04,2026-09-07,145.79,143.59,147.11,Chronos
619747,2026-09-04,2026-09-08,145.54,143.4,147.16,Chronos
619747,2026-09-04,2026-09-09,145.21,143.08,147.64,Chronos
619747,2026-09-04,2026-09-10,145.44,142.72,147.6,Chronos
619747,2026-09-04,2026-09-11,145.33,142.66,147.56,Chronos
619747,2026-09-04,2026-09-12,145.17,142.1,147.87,Chronos
619747,2026-09-04,2026-09-13,144.83,141.58,147.77,Chronos
619747,2026-09-04,2026-09-14,144.98,141.26,147.85,Chronos
619747,2026-09-04,2026-09-15,144.9,141.11,147.93,Chronos
619747,2026-09-04,2026-09-16,144.99,141.06,148.31,Chronos
619747,2026-09-04,2026-09-17,145.02,140.94,148.57,Chronos
619747,2026-09-04,2026-09-18,144.94,140.9,148.59,Chronos
619747,2026-09-04,2026-09-19,144.72,140.44,148.46,Chronos
619747,2026-09-04,2026-09-20,144.74,140.53,148.84,Chronos
619747,2026-09-04,2026-09-21,144.61,138.78,149.52,Chronos
619747,2026-09-04,2026-09-22,144.5,138.43,149.22,Chronos
619747,2026-09-04,2026-09-23,144.49,138.27,149.31,Chronos
619747,2026-09-04,2026-09-24,144.34,138.18,149.27,Chronos
619747,2026-09-04,2026-09-25,144.06,137.79,149.49,Chronos
619747,2026-09-04,2026-09-26,144.38,137.56,149.85,Chronos
619747,2026-09-04,2026-09-27,144.28,137.27,149.8,Chronos
619747,2026-09-04,2026-09-28,144.16,137.04,150.08,Chronos
619747,2026-09-04,2026-09-29,143.97,136.48,150.08,Chronos
619747,2026-09-04,2026-09-30,144.07,136.25,150.05,Chronos
619747,2026-09-04,2026-10-01,143.96,135.96,150.2,Chronos
619747,2026-09-04,2026-10-02,144.02,136.16,150.51,Chronos
619747,2026-09-04,2026-10-03,143.97,135.9,150.67,Chronos
619747,2026-09-04,2026-10-04,143.77,135.67,150.36,Chronos
619748,2026-09-04,2026-09-05,251.2,244.71,256.0,Chronos
619748,2026-09-04,2026-09-06,251.77,243.25,257.76,Chronos
619748,2026-09-04,2026-09-07,251.16,240.07,259.12,Chronos
619748,2026-09-04,2026-09-08,250.77,239.55,260.59,Chronos
619748,2026-09-04,2026-09-09,251.21,237.38,263.45,Chronos
619748,2026-09-04,2026-09-10,250.83,235.28,264.51,Chronos
619748,2026-09-04,2026-09-11,251.52,235.01,266.51,Chronos
619748,2026-09-04,2026-09-12,251.52,233.47,267.73,Chronos
619748,2026-09-04,2026-09-13,252.36,231.47,270.16,Chronos
619748,2026-09-04,2026-09-14,252.09,230.53,270.95,Chronos
619748,2026-09-04,2026-09-15,251.92,227.22,273.35,Chronos
619748,2026-09-04,2026-09-16,251.72,224.59,274.69,Chronos
619748,2026-09-04,2026-09-17,251.24,221.29,277.09,Chronos
619748,2026-09-04,2026-09-18,251.86,217.2,277.74,Chronos
619748,2026-09-04,2026-09-19,251.88,215.15,278.72,Chronos
619748,2026-09-04,2026-09-20,250.35,212.7,278.76,Chronos
619748,2026-09-04,2026-09-21,252.7,214.1,277.98,Chronos
619748,2026-09-04,2026-09-22,252.26,212.15,278.34,Chronos
619748,2026-09-04,2026-09-23,251.9,209.48,279.84,Chronos
619748,2026-09-04,2026-09-24,251.49,207.99,281.46,Chronos
619748,2026-09-04,2026-09-25,252.16,204.94,281.3,Chronos
619748,2026-09-04,2026-09-26,251.15,202.3,282.8,Chronos
619748,2026-09-04,2026-09-27,251.7,199.47,284.09,Chronos
619748,2026-09-04,2026-09-28,251.47,198.5,285.55,Chronos
619748,2026-09-04,2026-09-29,252.12,197.98,286.78,Chronos
619748,2026-09-04,2026-09-30,251.83,196.7,287.64,Chronos
619748,2026-09-04,2026-10-01,251.71,194.74,289.84,Chronos
619748,2026-09-04,2026-10-02,250.97,191.04,289.75,Chronos
619748,2026-09-04,2026-10-03,250.39,188.42,290.32,Chronos
619748,2026-09-04,2026-10-04,249.86,188.91,288.3,Chronos
619749,2026-09-04,2026-09-05,265.7,252.88,277.67,Chronos
619749,2026-09-04,2026-09-06,266.46,249.32,279.88,Chronos
619749,2026-09-04,2026-09-07,268.42,247.79,284.13,Chronos
619749,2026-09-04,2026-09-08,270.22,249.45,288.61,Chronos
619749,2026-09-04,2026-09-09,271.52,245.25,293.11,Chronos
619749,2026-09-04,2026-09-10,270.63,242.33,294.69,Chronos
619749,2026-09-04,2026-09-11,271.61,240.98,297.92,Chronos
619749,2026-09-04,2026-09-12,271.59,238.5,300.58,Chronos
619749,2026-09-04,2026-09-13,273.01,236.43,304.89,Chronos
619749,2026-09-04,2026-09-14,272.09,233.71,303.79,Chronos
619749,2026-09-04,2026-09-15,271.61,229.96,307.6,Chronos
619749,2026-09-04,2026-09-16,271.11,227.52,308.23,Chronos
619749,2026-09-04,2026-09-17,268.98,221.1,309.16,Chronos
619749,2026-09-04,2026-09-18,270.08,219.69,308.64,Chronos
619749,2026-09-04,2026-09-19,272.39,215.57,314.35,Chronos
619749,2026-09-04,2026-09-20,271.3,215.14,316.98,Chronos
619749,2026-09-04,2026-09-21,273.09,211.88,315.95,Chronos
619749,2026-09-04,2026-09-22,273.07,211.65,315.22,Chronos
619749,2026-09-04,2026-09-23,273.07,207.53,319.17,Chronos
619749,2026-09-04,2026-09-24,274.16,203.03,322.8,Chronos
619749,2026-09-04,2026-09-25,275.69,200.23,323.98,Chronos
619749,2026-09-04,2026-09-26,273.12,195.96,324.62,Chronos
619749,2026-09-04,2026-09-27,273.68,193.3,327.75,Chronos
619749,2026-09-04,2026-09-28,272.49,192.24,327.71,Chronos
619749,2026-09-04,2026-09-29,274.75,191.18,332.48,Chronos
619749,2026-09-04,2026-09-30,272.75,189.1,331.9,Chronos
619749,2026-09-04,2026-10-01,271.97,184.4,336.36,Chronos
619749,2026-09-04,2026-10-02,270.92,177.53,336.67,Chronos
619749,2026-09-04,2026-10-03,269.25,171.13,338.04,Chronos
619749,2026-09-04,2026-10-04,268.66,169.51,337.51,Chronos
619750,2026-09-04,2026-09-05,47.01,46.66,47.26,Chronos
619750,2026-09-04,2026-09-06,47.05,46.62,47.38,Chronos
619750,2026-09-04,2026-09-07,47.07,46.55,47.48,Chronos
619750,2026-09-04,2026-09-08,47.07,46.54,47.57,Chronos
619750,2026-09-04,2026-09-09,47.1,46.42,47.74,Chronos
619750,2026-09-04,2026-09-10,47.13,46.37,47.87,Chronos
619750,2026-09-04,2026-09-11,47.18,46.37,47.96,Chronos
619750,2026-09-04,2026-09-12,47.24,46.3,48.1,Chronos
619750,2026-09-04,2026-09-13,47.31,46.31,48.21,Chronos
619750,2026-09-04,2026-09-14,47.31,46.24,48.32,Chronos
619750,2026-09-04,2026-09-15,47.32,46.17,48.45,Chronos
619750,2026-09-04,2026-09-16,47.35,46.16,48.57,Chronos
619750,2026-09-04,2026-09-17,47.33,46.09,48.74,Chronos
619750,2026-09-04,2026-09-18,47.41,45.98,48.83,Chronos
619750,2026-09-04,2026-09-19,47.49,45.88,48.88,Chronos
619750,2026-09-04,2026-09-20,47.44,45.93,48.97,Chronos
619750,2026-09-04,2026-09-21,47.95,45.99,50.02,Chronos
619750,2026-09-04,2026-09-22,47.98,46.01,50.19,Chronos
619750,2026-09-04,2026-09-23,47.94,45.78,50.29,Chronos
619750,2026-09-04,2026-09-24,47.93,45.67,50.49,Chronos
619750,2026-09-04,2026-09-25,47.98,45.72,50.53,Chronos
619750,2026-09-04,2026-09-26,47.96,45.53,50.73,Chronos
619750,2026-09-04,2026-09-27,48.01,45.49,50.83,Chronos
619750,2026-09-04,2026-09-28,48.02,45.34,50.97,Chronos
619750,2026-09-04,2026-09-29,48.14,45.3,51.08,Chronos
619750,2026-09-04,2026-09-30,48.1,45.28,51.15,Chronos
619750,2026-09-04,2026-10-01,48.11,45.04,51.36,Chronos
619750,2026-09-04,2026-10-02,48.12,45.02,51.54,Chronos
619750,2026-09-04,2026-10-03,48.08,44.84,51.66,Chronos
619750,2026-09-04,2026-10-04,48.13,44.8,51.63,Chronos
631975,2026-09-04,2026-09-05,70.22,69.4,70.71,Chronos
631975,2026-09-04,2026-09-06,70.38,69.21,71.37,Chronos
631975,2026-09-04,2026-09-07,70.4,68.81,71.79,Chronos
631975,2026-09-04,2026-09-08,70.53,68.79,72.16,Chronos
631975,2026-09-04,2026-09-09,70.72,68.65,72.87,Chronos
631975,2026-09-04,2026-09-10,70.91,68.53,73.42,Chronos
631975,2026-09-04,2026-09-11,71.13,68.58,73.82,Chronos
631975,2026-09-04,2026-09-12,71.32,68.46,74.22,Chronos
631975,2026-09-04,2026-09-13,71.59,68.51,74.77,Chronos
631975,2026-09-04,2026-09-14,71.76,68.48,75.26,Chronos
631975,2026-09-04,2026-09-15,71.95,68.39,75.76,Chronos
631975,2026-09-04,2026-09-16,72.15,68.39,76.36,Chronos
631975,2026-09-04,2026-09-17,72.24,68.26,77.09,Chronos
631975,2026-09-04,2026-09-18,72.57,67.86,77.43,Chronos
631975,2026-09-04,2026-09-19,72.86,67.51,77.77,Chronos
631975,2026-09-04,2026-09-20,72.77,67.61,77.98,Chronos
631975,2026-09-04,2026-09-21,74.12,69.33,78.73,Chronos
631975,2026-09-04,2026-09-22,74.17,69.28,79.12,Chronos
631975,2026-09-04,2026-09-23,74.2,69.0,79.46,Chronos
631975,2026-09-04,2026-09-24,74.35,69.03,80.08,Chronos
631975,2026-09-04,2026-09-25,74.64,69.18,80.44,Chronos
631975,2026-09-04,2026-09-26,74.69,69.05,80.99,Chronos
631975,2026-09-04,2026-09-27,74.92,69.17,81.43,Chronos
631975,2026-09-04,2026-09-28,75.17,69.08,81.9,Chronos
631975,2026-09-04,2026-09-29,75.62,68.91,82.57,Chronos
631975,2026-09-04,2026-09-30,75.76,68.93,82.9,Chronos
631975,2026-09-04,2026-10-01,75.94,68.46,83.53,Chronos
631975,2026-09-04,2026-10-02,76.06,68.78,84.24,Chronos
631975,2026-09-04,2026-10-03,76.11,68.64,84.67,Chronos
631975,2026-09-04,2026-10-04,76.41,68.43,84.59,Chronos
631988,2026-09-04,2026-09-05,79.9,79.42,80.21,Chronos
631988,2026-09-04,2026-09-06,79.86,79.08,80.44,Chronos
631988,2026-09-04,2026-09-07,79.82,78.96,80.55,Chronos
631988,2026-09-04,2026-09-08,79.79,78.8,80.76,Chronos
631988,2026-09-04,2026-09-09,79.78,78.6,80.89,Chronos
631988,2026-09-04,2026-09-10,79.79,78.33,81.09,Chronos
631988,2026-09-04,2026-09-11,79.73,78.26,81.03,Chronos
631988,2026-09-04,2026-09-12,79.64,78.01,81.2,Chronos
631988,2026-09-04,2026-09-13,79.64,77.61,81.42,Chronos
631988,2026-09-04,2026-09-14,79.6,77.48,81.6,Chronos
631988,2026-09-04,2026-09-15,79.58,77.24,81.83,Chronos
631988,2026-09-04,2026-09-16,79.56,76.96,81.87,Chronos
631988,2026-09-04,2026-09-17,79.52,76.57,82.22,Chronos
631988,2026-09-04,2026-09-18,79.43,75.98,82.73,Chronos
631988,2026-09-04,2026-09-19,79.35,75.61,82.87,Chronos
631988,2026-09-04,2026-09-20,79.31,75.32,82.93,Chronos
631988,2026-09-04,2026-09-21,79.17,75.77,82.77,Chronos
631988,2026-09-04,2026-09-22,79.17,75.41,82.87,Chronos
631988,2026-09-04,2026-09-23,78.95,74.88,83.05,Chronos
631988,2026-09-04,2026-09-24,78.95,74.94,83.01,Chronos
631988,2026-09-04,2026-09-25,78.84,74.39,83.25,Chronos
631988,2026-09-04,2026-09-26,78.82,74.59,83.24,Chronos
631988,2026-09-04,2026-09-27,78.71,74.21,83.34,Chronos
631988,2026-09-04,2026-09-28,78.56,73.65,83.47,Chronos
631988,2026-09-04,2026-09-29,78.58,73.41,83.77,Chronos
631988,2026-09-04,2026-09-30,78.55,73.08,83.86,Chronos
631988,2026-09-04,2026-10-01,78.44,72.85,84.11,Chronos
631988,2026-09-04,2026-10-02,78.4,72.58,84.17,Chronos
631988,2026-09-04,2026-10-03,78.34,71.72,84.64,Chronos
631988,2026-09-04,2026-10-04,78.14,71.38,84.92,Chronos
631989,2026-09-04,2026-09-05,41.94,41.46,42.2,Chronos
631989,2026-09-04,2026-09-06,41.95,41.1,42.46,Chronos
631989,2026-09-04,2026-09-07,41.84,40.78,42.62,Chronos
631989,2026-09-04,2026-09-08,41.85,40.6,42.85,Chronos
631989,2026-09-04,2026-09-09,41.8,40.28,43.03,Chronos
631989,2026-09-04,2026-09-10,41.8,40.01,43.14,Chronos
631989,2026-09-04,2026-09-11,41.79,39.57,43.31,Chronos
631989,2026-09-04,2026-09-12,41.77,39.41,43.42,Chronos
631989,2026-09-04,2026-09-13,41.77,39.02,43.59,Chronos
631989,2026-09-04,2026-09-14,41.72,38.62,43.85,Chronos
631989,2026-09-04,2026-09-15,41.68,38.32,44.01,Chronos
631989,2026-09-04,2026-09-16,41.71,37.91,44.1,Chronos
631989,2026-09-04,2026-09-17,41.72,37.33,44.27,Chronos
631989,2026-09-04,2026-09-18,41.6,36.86,44.54,Chronos
631989,2026-09-04,2026-09-19,41.58,36.29,44.61,Chronos
631989,2026-09-04,2026-09-20,41.53,36.12,44.7,Chronos
631989,2026-09-04,2026-09-21,41.56,35.68,44.65,Chronos
631989,2026-09-04,2026-09-22,41.56,35.4,44.88,Chronos
631989,2026-09-04,2026-09-23,41.45,34.8,45.0,Chronos
631989,2026-09-04,2026-09-24,41.52,34.57,45.01,Chronos
631989,2026-09-04,2026-09-25,41.4,34.18,45.46,Chronos
631989,2026-09-04,2026-09-26,41.44,33.96,45.3,Chronos
631989,2026-09-04,2026-09-27,41.4,33.58,45.35,Chronos
631989,2026-09-04,2026-09-28,41.38,33.45,45.52,Chronos
631989,2026-09-04,2026-09-29,41.42,33.33,45.63,Chronos
631989,2026-09-04,2026-09-30,41.45,32.61,45.88,Chronos
631989,2026-09-04,2026-10-01,41.34,32.37,46.0,Chronos
631989,2026-09-04,2026-10-02,41.39,32.27,46.19,Chronos
631989,2026-09-04,2026-10-03,41.38,31.8,46.24,Chronos
631989,2026-09-04,2026-10-04,41.36,31.73,46.38,Chronos
631990,2026-09-04,2026-09-05,44.31,43.84,44.74,Chronos
631990,2026-09-04,2026-09-06,44.28,43.68,44.78,Chronos
631990,2026-09-04,2026-09-07,44.32,43.58,44.87,Chronos
631990,2026-09-04,2026-09-08,44.33,43.58,44.94,Chronos
631990,2026-09-04,2026-09-09,44.23,43.54,45.1,Chronos
631990,2026-09-04,2026-09-10,44.33,43.47,45.08,Chronos
631990,2026-09-04,2026-09-11,44.34,43.49,45.11,Chronos
631990,2026-09-04,2026-09-12,44.29,43.39,45.18,Chronos
631990,2026-09-04,2026-09-13,44.2,43.29,45.2,Chronos
631990,2026-09-04,2026-09-14,44.26,43.19,45.2,Chronos
631990,2026-09-04,2026-09-15,44.23,43.19,45.21,Chronos
631990,2026-09-04,2026-09-16,44.28,43.09,45.41,Chronos
631990,2026-09-04,2026-09-17,44.27,43.04,45.42,Chronos
631990,2026-09-04,2026-09-18,44.25,42.96,45.48,Chronos
631990,2026-09-04,2026-09-19,44.14,42.92,45.4,Chronos
631990,2026-09-04,2026-09-20,44.18,42.89,45.42,Chronos
631990,2026-09-04,2026-09-21,44.34,42.62,45.92,Chronos
631990,2026-09-04,2026-09-22,44.32,42.51,45.88,Chronos
631990,2026-09-04,2026-09-23,44.32,42.45,45.92,Chronos
631990,2026-09-04,2026-09-24,44.3,42.47,45.93,Chronos
631990,2026-09-04,2026-09-25,44.19,42.3,46.04,Chronos
631990,2026-09-04,2026-09-26,44.3,42.21,46.09,Chronos
631990,2026-09-04,2026-09-27,44.29,42.17,46.14,Chronos
631990,2026-09-04,2026-09-28,44.22,42.07,46.21,Chronos
631990,2026-09-04,2026-09-29,44.13,41.89,46.25,Chronos
631990,2026-09-04,2026-09-30,44.18,41.77,46.29,Chronos
631990,2026-09-04,2026-10-01,44.16,41.7,46.34,Chronos
631990,2026-09-04,2026-10-02,44.18,41.67,46.49,Chronos
631990,2026-09-04,2026-10-03,44.2,41.64,46.58,Chronos
631990,2026-09-04,2026-10-04,44.16,41.52,46.61,Chronos
631992,2026-09-04,2026-09-05,359.69,345.61,369.31,Chronos
631992,2026-09-04,2026-09-06,361.02,341.02,371.83,Chronos
631992,2026-09-04,2026-09-07,360.37,339.63,374.4,Chronos
631992,2026-09-04,2026-09-08,360.22,337.04,377.61,Chronos
631992,2026-09-04,2026-09-09,360.84,332.55,382.9,Chronos
631992,2026-09-04,2026-09-10,360.82,328.98,385.37,Chronos
631992,2026-09-04,2026-09-11,362.36,327.8,389.37,Chronos
631992,2026-09-04,2026-09-12,364.55,326.46,395.72,Chronos
631992,2026-09-04,2026-09-13,366.55,324.99,398.08,Chronos
631992,2026-09-04,2026-09-14,365.72,322.23,402.13,Chronos
631992,2026-09-04,2026-09-15,365.31,315.67,403.32,Chronos
631992,2026-09-04,2026-09-16,365.22,309.52,406.34,Chronos
631992,2026-09-04,2026-09-17,364.77,300.36,411.37,Chronos
631992,2026-09-04,2026-09-18,366.9,295.01,411.24,Chronos
631992,2026-09-04,2026-09-19,367.86,289.54,416.96,Chronos
631992,2026-09-04,2026-09-20,364.23,286.6,416.62,Chronos
631992,2026-09-04,2026-09-21,365.19,280.17,413.23,Chronos
631992,2026-09-04,2026-09-22,365.91,278.2,416.3,Chronos
631992,2026-09-04,2026-09-23,364.47,271.44,418.47,Chronos
631992,2026-09-04,2026-09-24,364.56,266.74,423.22,Chronos
631992,2026-09-04,2026-09-25,365.8,262.17,423.88,Chronos
631992,2026-09-04,2026-09-26,364.82,254.34,426.36,Chronos
631992,2026-09-04,2026-09-27,365.49,246.28,427.49,Chronos
631992,2026-09-04,2026-09-28,366.04,243.47,433.41,Chronos
631992,2026-09-04,2026-09-29,368.19,246.01,435.11,Chronos
631992,2026-09-04,2026-09-30,368.37,239.81,438.79,Chronos
631992,2026-09-04,2026-10-01,367.84,239.43,439.74,Chronos
631992,2026-09-04,2026-10-02,367.5,231.93,442.18,Chronos
631992,2026-09-04,2026-10-03,367.3,225.97,445.44,Chronos
631992,2026-09-04,2026-10-04,368.2,222.13,442.59,Chronos
632208,2026-09-04,2026-09-05,66.15,65.18,66.76,Chronos
632208,2026-09-04,2026-09-06,66.33,65.1,67.26,Chronos
632208,2026-09-04,2026-09-07,66.47,64.95,67.69,Chronos
632208,2026-09-04,2026-09-08,66.69,65.14,68.07,Chronos
632208,2026-09-04,2026-09-09,66.87,65.06,68.68,Chronos
632208,2026-09-04,2026-09-10,67.1,64.99,69.1,Chronos
632208,2026-09-04,2026-09-11,67.23,64.99,69.4,Chronos
632208,2026-09-04,2026-09-12,67.44,64.95,69.75,Chronos
632208,2026-09-04,2026-09-13,67.67,64.88,70.23,Chronos
632208,2026-09-04,2026-09-14,67.87,64.99,70.52,Chronos
632208,2026-09-04,2026-09-15,68.04,64.85,70.96,Chronos
632208,2026-09-04,2026-09-16,68.27,65.15,71.4,Chronos
632208,2026-09-04,2026-09-17,68.41,65.18,71.96,Chronos
632208,2026-09-04,2026-09-18,68.75,65.0,72.24,Chronos
632208,2026-09-04,2026-09-19,69.02,64.65,72.61,Chronos
632208,2026-09-04,2026-09-20,69.27,64.93,73.11,Chronos
632208,2026-09-04,2026-09-21,71.94,66.07,77.54,Chronos
632208,2026-09-04,2026-09-22,72.23,66.01,78.1,Chronos
632208,2026-09-04,2026-09-23,72.42,66.29,78.52,Chronos
632208,2026-09-04,2026-09-24,72.65,66.46,79.21,Chronos
632208,2026-09-04,2026-09-25,72.79,66.5,79.18,Chronos
632208,2026-09-04,2026-09-26,72.91,66.48,79.77,Chronos
632208,2026-09-04,2026-09-27,73.15,66.41,80.12,Chronos
632208,2026-09-04,2026-09-28,73.33,66.44,80.43,Chronos
632208,2026-09-04,2026-09-29,73.74,66.63,80.98,Chronos
632208,2026-09-04,2026-09-30,73.89,66.91,81.25,Chronos
632208,2026-09-04,2026-10-01,74.09,66.45,82.06,Chronos
632208,2026-09-04,2026-10-02,74.17,66.62,82.54,Chronos
632208,2026-09-04,2026-10-03,74.27,66.72,82.99,Chronos
632208,2026-09-04,2026-10-04,74.54,66.56,82.98,Chronos
632228,2026-09-04,2026-09-05,143.46,142.6,144.21,Chronos
632228,2026-09-04,2026-09-06,143.52,142.2,144.47,Chronos
632228,2026-09-04,2026-09-07,143.51,142.16,144.56,Chronos
632228,2026-09-04,2026-09-08,143.36,142.17,144.78,Chronos
632228,2026-09-04,2026-09-09,143.48,141.76,145.17,Chronos
632228,2026-09-04,2026-09-10,143.44,141.58,145.45,Chronos
632228,2026-09-04,2026-09-11,143.65,141.67,145.74,Chronos
632228,2026-09-04,2026-09-12,143.75,141.32,146.03,Chronos
632228,2026-09-04,2026-09-13,144.0,141.2,146.37,Chronos
632228,2026-09-04,2026-09-14,144.01,141.23,146.95,Chronos
632228,2026-09-04,2026-09-15,144.06,140.9,147.08,Chronos
632228,2026-09-04,2026-09-16,144.08,140.81,147.45,Chronos
632228,2026-09-04,2026-09-17,143.91,140.51,148.05,Chronos
632228,2026-09-04,2026-09-18,144.14,140.24,147.84,Chronos
632228,2026-09-04,2026-09-19,144.46,140.18,148.23,Chronos
632228,2026-09-04,2026-09-20,144.09,140.38,148.59,Chronos
632228,2026-09-04,2026-09-21,144.77,140.58,148.9,Chronos
632228,2026-09-04,2026-09-22,144.89,140.31,149.11,Chronos
632228,2026-09-04,2026-09-23,144.9,139.82,149.22,Chronos
632228,2026-09-04,2026-09-24,144.71,139.72,149.86,Chronos
632228,2026-09-04,2026-09-25,144.86,139.48,150.02,Chronos
632228,2026-09-04,2026-09-26,144.74,139.17,150.32,Chronos
632228,2026-09-04,2026-09-27,144.99,139.36,150.74,Chronos
632228,2026-09-04,2026-09-28,145.14,139.03,151.08,Chronos
632228,2026-09-04,2026-09-29,145.44,138.46,151.48,Chronos
632228,2026-09-04,2026-09-30,145.43,138.6,151.59,Chronos
632228,2026-09-04,2026-10-01,145.45,137.74,151.73,Chronos
632228,2026-09-04,2026-10-02,145.39,138.03,152.34,Chronos
632228,2026-09-04,2026-10-03,145.16,137.62,152.98,Chronos
632228,2026-09-04,2026-10-04,145.45,137.02,152.76,Chronos
632245,2026-09-04,2026-09-05,130.7,128.84,132.79,Chronos
632245,2026-09-04,2026-09-06,130.78,127.85,133.07,Chronos
632245,2026-09-04,2026-09-07,130.9,127.76,133.51,Chronos
632245,2026-09-04,2026-09-08,130.68,127.38,133.81,Chronos
632245,2026-09-04,2026-09-09,130.69,126.36,134.39,Chronos
632245,2026-09-04,2026-09-10,130.45,125.9,134.72,Chronos
632245,2026-09-04,2026-09-11,130.76,125.78,135.28,Chronos
632245,2026-09-04,2026-09-12,130.85,125.15,135.96,Chronos
632245,2026-09-04,2026-09-13,130.93,124.78,136.4,Chronos
632245,2026-09-04,2026-09-14,130.79,124.22,136.68,Chronos
632245,2026-09-04,2026-09-15,130.75,123.65,136.88,Chronos
632245,2026-09-04,2026-09-16,130.67,123.3,137.12,Chronos
632245,2026-09-04,2026-09-17,130.26,122.65,137.36,Chronos
632245,2026-09-04,2026-09-18,130.59,121.9,137.28,Chronos
632245,2026-09-04,2026-09-19,130.78,121.43,138.12,Chronos
632245,2026-09-04,2026-09-20,130.47,122.23,138.49,Chronos
632245,2026-09-04,2026-09-21,131.69,119.75,141.08,Chronos
632245,2026-09-04,2026-09-22,131.68,120.0,141.04,Chronos
632245,2026-09-04,2026-09-23,131.56,119.28,141.55,Chronos
632245,2026-09-04,2026-09-24,131.48,118.1,142.29,Chronos
632245,2026-09-04,2026-09-25,131.45,117.69,142.04,Chronos
632245,2026-09-04,2026-09-26,131.1,117.04,142.33,Chronos
632245,2026-09-04,2026-09-27,131.28,116.46,142.92,Chronos
632245,2026-09-04,2026-09-28,131.38,115.93,143.53,Chronos
632245,2026-09-04,2026-09-29,131.63,115.34,144.09,Chronos
632245,2026-09-04,2026-09-30,131.34,115.65,144.02,Chronos
632245,2026-09-04,2026-10-01,131.29,113.64,144.75,Chronos
632245,2026-09-04,2026-10-02,131.01,112.99,144.81,Chronos
632245,2026-09-04,2026-10-03,130.73,111.71,145.06,Chronos
632245,2026-09-04,2026-10-04,130.9,110.83,144.53,Chronos
632251,2026-09-04,2026-09-05,93.52,91.74,94.9,Chronos
632251,2026-09-04,2026-09-06,93.6,90.91,95.36,Chronos
632251,2026-09-04,2026-09-07,93.76,90.31,96.03,Chronos
632251,2026-09-04,2026-09-08,93.7,90.19,96.63,Chronos
632251,2026-09-04,2026-09-09,93.89,89.43,97.62,Chronos
632251,2026-09-04,2026-09-10,93.92,88.91,98.05,Chronos
632251,2026-09-04,2026-09-11,94.18,88.8,98.67,Chronos
632251,2026-09-04,2026-09-12,94.4,88.45,99.34,Chronos
632251,2026-09-04,2026-09-13,94.72,87.88,100.11,Chronos
632251,2026-09-04,2026-09-14,94.74,87.64,100.31,Chronos
632251,2026-09-04,2026-09-15,94.82,86.68,101.17,Chronos
632251,2026-09-04,2026-09-16,94.89,86.15,101.36,Chronos
632251,2026-09-04,2026-09-17,94.69,85.42,101.82,Chronos
632251,2026-09-04,2026-09-18,94.96,84.73,101.91,Chronos
632251,2026-09-04,2026-09-19,95.26,84.04,102.57,Chronos
632251,2026-09-04,2026-09-20,94.82,83.03,102.84,Chronos
632251,2026-09-04,2026-09-21,96.58,85.84,105.21,Chronos
632251,2026-09-04,2026-09-22,96.44,85.94,105.12,Chronos
632251,2026-09-04,2026-09-23,96.45,85.26,105.78,Chronos
632251,2026-09-04,2026-09-24,96.37,84.47,106.33,Chronos
632251,2026-09-04,2026-09-25,96.51,83.68,106.32,Chronos
632251,2026-09-04,2026-09-26,96.16,83.11,106.9,Chronos
632251,2026-09-04,2026-09-27,96.16,82.59,107.16,Chronos
632251,2026-09-04,2026-09-28,96.13,82.23,107.42,Chronos
632251,2026-09-04,2026-09-29,96.52,81.91,107.86,Chronos
632251,2026-09-04,2026-09-30,96.27,81.44,108.04,Chronos
632251,2026-09-04,2026-10-01,96.23,80.66,108.93,Chronos
632251,2026-09-04,2026-10-02,95.99,79.82,109.0,Chronos
632251,2026-09-04,2026-10-03,95.74,79.05,109.18,Chronos
632251,2026-09-04,2026-10-04,95.72,78.51,108.61,Chronos
632252,2026-09-04,2026-09-05,66.54,64.16,68.13,Chronos
632252,2026-09-04,2026-09-06,66.65,63.24,68.49,Chronos
632252,2026-09-04,2026-09-07,66.44,62.49,68.8,Chronos
632252,2026-09-04,2026-09-08,66.22,61.47,69.18,Chronos
632252,2026-09-04,2026-09-09,66.1,60.47,69.44,Chronos
632252,2026-09-04,2026-09-10,65.85,58.92,69.71,Chronos
632252,2026-09-04,2026-09-11,65.79,57.37,70.12,Chronos
632252,2026-09-04,2026-09-12,66.01,56.91,70.48,Chronos
632252,2026-09-04,2026-09-13,65.88,56.9,70.27,Chronos
632252,2026-09-04,2026-09-14,65.6,55.69,70.52,Chronos
632252,2026-09-04,2026-09-15,65.39,55.83,70.67,Chronos
632252,2026-09-04,2026-09-16,65.37,54.79,70.99,Chronos
632252,2026-09-04,2026-09-17,65.02,53.8,71.03,Chronos
632252,2026-09-04,2026-09-18,65.21,53.14,70.86,Chronos
632252,2026-09-04,2026-09-19,64.85,52.7,71.21,Chronos
632252,2026-09-04,2026-09-20,64.64,52.65,71.15,Chronos
632252,2026-09-04,2026-09-21,65.16,52.14,72.68,Chronos
632252,2026-09-04,2026-09-22,65.22,51.34,72.98,Chronos
632252,2026-09-04,2026-09-23,64.86,50.64,72.81,Chronos
632252,2026-09-04,2026-09-24,64.53,50.28,72.79,Chronos
632252,2026-09-04,2026-09-25,64.53,49.84,72.91,Chronos
632252,2026-09-04,2026-09-26,64.14,49.27,73.35,Chronos
632252,2026-09-04,2026-09-27,64.18,48.8,73.38,Chronos
632252,2026-09-04,2026-09-28,64.2,48.3,74.04,Chronos
632252,2026-09-04,2026-09-29,64.27,48.8,73.42,Chronos
632252,2026-09-04,2026-09-30,63.94,47.92,73.98,Chronos
632252,2026-09-04,2026-10-01,63.58,47.43,74.42,Chronos
632252,2026-09-04,2026-10-02,63.49,47.81,74.48,Chronos
632252,2026-09-04,2026-10-03,62.98,47.45,74.88,Chronos
632252,2026-09-04,2026-10-04,63.25,47.33,74.31,Chronos
632684,2026-09-04,2026-09-05,117.17,115.9,118.27,Chronos
632684,2026-09-04,2026-09-06,117.34,115.52,119.05,Chronos
632684,2026-09-04,2026-09-07,117.46,115.15,119.61,Chronos
632684,2026-09-04,2026-09-08,117.75,115.22,120.23,Chronos
632684,2026-09-04,2026-09-09,118.1,115.16,120.88,Chronos
632684,2026-09-04,2026-09-10,118.2,114.93,121.43,Chronos
632684,2026-09-04,2026-09-11,118.4,114.77,121.98,Chronos
632684,2026-09-04,2026-09-12,118.52,114.75,122.16,Chronos
632684,2026-09-04,2026-09-13,118.75,114.33,123.09,Chronos
632684,2026-09-04,2026-09-14,118.97,114.18,123.62,Chronos
632684,2026-09-04,2026-09-15,119.27,113.88,124.34,Chronos
632684,2026-09-04,2026-09-16,119.54,113.79,125.06,Chronos
632684,2026-09-04,2026-09-17,119.57,113.5,125.59,Chronos
632684,2026-09-04,2026-09-18,119.6,113.51,126.08,Chronos
632684,2026-09-04,2026-09-19,119.9,113.22,126.46,Chronos
632684,2026-09-04,2026-09-20,120.09,113.06,126.79,Chronos
632684,2026-09-04,2026-09-21,121.26,114.85,128.33,Chronos
632684,2026-09-04,2026-09-22,121.52,114.52,128.62,Chronos
632684,2026-09-04,2026-09-23,121.66,114.07,129.16,Chronos
632684,2026-09-04,2026-09-24,121.96,113.94,130.1,Chronos
632684,2026-09-04,2026-09-25,122.16,114.04,130.43,Chronos
632684,2026-09-04,2026-09-26,122.38,113.89,130.94,Chronos
632684,2026-09-04,2026-09-27,122.73,113.64,131.54,Chronos
632684,2026-09-04,2026-09-28,122.82,113.98,132.11,Chronos
632684,2026-09-04,2026-09-29,123.05,113.73,132.05,Chronos
632684,2026-09-04,2026-09-30,123.23,113.61,133.04,Chronos
632684,2026-09-04,2026-10-01,123.61,113.51,133.71,Chronos
632684,2026-09-04,2026-10-02,123.76,113.66,133.95,Chronos
632684,2026-09-04,2026-10-03,123.69,113.29,134.24,Chronos
632684,2026-09-04,2026-10-04,123.94,113.33,134.94,Chronos
632686,2026-09-04,2026-09-05,128.46,126.96,130.09,Chronos
632686,2026-09-04,2026-09-06,128.7,125.61,131.09,Chronos
632686,2026-09-04,2026-09-07,128.8,124.94,132.02,Chronos
632686,2026-09-04,2026-09-08,128.54,124.35,133.2,Chronos
632686,2026-09-04,2026-09-09,128.4,122.92,133.94,Chronos
632686,2026-09-04,2026-09-10,128.18,121.75,134.74,Chronos
632686,2026-09-04,2026-09-11,127.85,120.96,135.02,Chronos
632686,2026-09-04,2026-09-12,127.78,120.0,135.4,Chronos
632686,2026-09-04,2026-09-13,128.04,118.89,135.95,Chronos
632686,2026-09-04,2026-09-14,127.53,118.23,136.38,Chronos
632686,2026-09-04,2026-09-15,127.44,116.78,137.22,Chronos
632686,2026-09-04,2026-09-16,127.26,115.8,138.24,Chronos
632686,2026-09-04,2026-09-17,126.89,114.07,139.38,Chronos
632686,2026-09-04,2026-09-18,127.0,113.05,138.95,Chronos
632686,2026-09-04,2026-09-19,126.93,112.08,138.93,Chronos
632686,2026-09-04,2026-09-20,126.34,111.35,138.83,Chronos
632686,2026-09-04,2026-09-21,127.12,113.02,140.65,Chronos
632686,2026-09-04,2026-09-22,126.8,112.42,140.73,Chronos
632686,2026-09-04,2026-09-23,126.56,111.89,140.82,Chronos
632686,2026-09-04,2026-09-24,126.26,111.46,141.35,Chronos
632686,2026-09-04,2026-09-25,126.34,110.44,141.27,Chronos
632686,2026-09-04,2026-09-26,125.87,109.92,142.07,Chronos
632686,2026-09-04,2026-09-27,125.91,109.53,142.0,Chronos
632686,2026-09-04,2026-09-28,125.83,109.4,141.86,Chronos
632686,2026-09-04,2026-09-29,126.17,109.0,141.91,Chronos
632686,2026-09-04,2026-09-30,125.87,108.93,142.4,Chronos
632686,2026-09-04,2026-10-01,125.86,108.03,143.3,Chronos
632686,2026-09-04,2026-10-02,125.64,107.41,144.08,Chronos
632686,2026-09-04,2026-10-03,125.47,106.18,144.82,Chronos
632686,2026-09-04,2026-10-04,125.36,106.23,143.91,Chronos
632720,2026-09-04,2026-09-05,314.61,309.77,318.8,Chronos
632720,2026-09-04,2026-09-06,315.06,309.33,320.1,Chronos
632720,2026-09-04,2026-09-07,315.35,308.27,321.37,Chronos
632720,2026-09-04,2026-09-08,315.51,308.21,322.57,Chronos
632720,2026-09-04,2026-09-09,315.98,307.37,324.23,Chronos
632720,2026-09-04,2026-09-10,316.15,306.77,325.33,Chronos
632720,2026-09-04,2026-09-11,316.39,306.43,326.23,Chronos
632720,2026-09-04,2026-09-12,316.69,305.88,327.17,Chronos
632720,2026-09-04,2026-09-13,317.39,305.62,328.23,Chronos
632720,2026-09-04,2026-09-14,317.41,305.09,328.82,Chronos
632720,2026-09-04,2026-09-15,317.47,304.23,330.15,Chronos
632720,2026-09-04,2026-09-16,317.68,304.39,330.79,Chronos
632720,2026-09-04,2026-09-17,317.65,304.16,331.66,Chronos
632720,2026-09-04,2026-09-18,318.2,303.24,331.93,Chronos
632720,2026-09-04,2026-09-19,318.62,302.34,332.54,Chronos
632720,2026-09-04,2026-09-20,318.12,301.86,333.11,Chronos
632720,2026-09-04,2026-09-21,321.09,304.69,337.25,Chronos
632720,2026-09-04,2026-09-22,320.96,304.79,337.81,Chronos
632720,2026-09-04,2026-09-23,320.97,304.12,338.58,Chronos
632720,2026-09-04,2026-09-24,321.02,303.41,339.62,Chronos
632720,2026-09-04,2026-09-25,321.52,302.7,339.59,Chronos
632720,2026-09-04,2026-09-26,321.07,302.82,341.0,Chronos
632720,2026-09-04,2026-09-27,321.21,302.25,341.49,Chronos
632720,2026-09-04,2026-09-28,321.5,301.98,342.48,Chronos
632720,2026-09-04,2026-09-29,322.32,301.58,343.42,Chronos
632720,2026-09-04,2026-09-30,322.21,301.71,343.73,Chronos
632720,2026-09-04,2026-10-01,322.11,300.08,345.04,Chronos
632720,2026-09-04,2026-10-02,322.04,300.27,346.15,Chronos
632720,2026-09-04,2026-10-03,321.83,299.7,346.5,Chronos
632720,2026-09-04,2026-10-04,322.11,298.75,345.93,Chronos
633053,2026-09-04,2026-09-05,168.04,166.38,169.64,Chronos
633053,2026-09-04,2026-09-06,168.01,165.42,170.2,Chronos
633053,2026-09-04,2026-09-07,168.12,165.02,170.79,Chronos
633053,2026-09-04,2026-09-08,168.08,164.8,171.6,Chronos
633053,2026-09-04,2026-09-09,168.28,163.99,172.53,Chronos
633053,2026-09-04,2026-09-10,168.34,163.57,173.11,Chronos
633053,2026-09-04,2026-09-11,168.63,163.41,173.8,Chronos
633053,2026-09-04,2026-09-12,168.8,162.93,174.53,Chronos
633053,2026-09-04,2026-09-13,169.28,162.59,175.18,Chronos
633053,2026-09-04,2026-09-14,169.16,162.1,175.77,Chronos
633053,2026-09-04,2026-09-15,169.31,161.03,176.74,Chronos
633053,2026-09-04,2026-09-16,169.29,160.62,177.74,Chronos
633053,2026-09-04,2026-09-17,169.04,159.02,178.76,Chronos
633053,2026-09-04,2026-09-18,169.3,158.81,178.54,Chronos
633053,2026-09-04,2026-09-19,169.68,158.12,179.13,Chronos
633053,2026-09-04,2026-09-20,169.27,158.21,178.95,Chronos
633053,2026-09-04,2026-09-21,171.25,161.0,180.78,Chronos
633053,2026-09-04,2026-09-22,171.16,160.85,181.15,Chronos
633053,2026-09-04,2026-09-23,171.17,160.56,181.71,Chronos
633053,2026-09-04,2026-09-24,171.2,159.75,182.68,Chronos
633053,2026-09-04,2026-09-25,171.51,158.84,182.65,Chronos
633053,2026-09-04,2026-09-26,171.32,158.36,183.71,Chronos
633053,2026-09-04,2026-09-27,171.64,158.06,184.18,Chronos
633053,2026-09-04,2026-09-28,171.88,157.66,184.92,Chronos
633053,2026-09-04,2026-09-29,172.45,157.37,185.08,Chronos
633053,2026-09-04,2026-09-30,172.15,157.34,185.71,Chronos
633053,2026-09-04,2026-10-01,172.29,156.03,186.29,Chronos
633053,2026-09-04,2026-10-02,172.08,155.11,187.08,Chronos
633053,2026-09-04,2026-10-03,171.83,154.05,187.63,Chronos
633053,2026-09-04,2026-10-04,172.01,154.28,186.82,Chronos
633098,2026-09-04,2026-09-05,185.98,184.96,186.92,Chronos
633098,2026-09-04,2026-09-06,185.92,183.77,187.26,Chronos
633098,2026-09-04,2026-09-07,185.97,183.68,187.67,Chronos
633098,2026-09-04,2026-09-08,185.88,183.83,187.95,Chronos
633098,2026-09-04,2026-09-09,185.93,182.67,188.68,Chronos
633098,2026-09-04,2026-09-10,185.89,182.31,189.21,Chronos
633098,2026-09-04,2026-09-11,186.22,182.24,189.73,Chronos
633098,2026-09-04,2026-09-12,186.34,181.69,190.32,Chronos
633098,2026-09-04,2026-09-13,186.68,181.59,190.8,Chronos
633098,2026-09-04,2026-09-14,186.65,181.27,191.34,Chronos
633098,2026-09-04,2026-09-15,186.73,180.84,191.82,Chronos
633098,2026-09-04,2026-09-16,186.84,180.76,192.44,Chronos
633098,2026-09-04,2026-09-17,186.75,180.23,193.41,Chronos
633098,2026-09-04,2026-09-18,187.2,179.78,193.97,Chronos
633098,2026-09-04,2026-09-19,187.67,179.11,194.38,Chronos
633098,2026-09-04,2026-09-20,187.68,180.32,195.0,Chronos
633098,2026-09-04,2026-09-21,189.98,183.01,196.32,Chronos
633098,2026-09-04,2026-09-22,190.19,182.85,196.72,Chronos
633098,2026-09-04,2026-09-23,190.3,182.12,197.27,Chronos
633098,2026-09-04,2026-09-24,190.23,181.78,197.96,Chronos
633098,2026-09-04,2026-09-25,190.13,181.62,198.27,Chronos
633098,2026-09-04,2026-09-26,189.93,180.88,198.29,Chronos
633098,2026-09-04,2026-09-27,190.31,181.36,198.93,Chronos
633098,2026-09-04,2026-09-28,190.4,180.82,199.26,Chronos
633098,2026-09-04,2026-09-29,190.65,180.15,199.47,Chronos
633098,2026-09-04,2026-09-30,190.46,179.84,199.82,Chronos
633098,2026-09-04,2026-10-01,190.52,178.67,200.61,Chronos
633098,2026-09-04,2026-10-02,190.38,178.74,200.92,Chronos
633098,2026-09-04,2026-10-03,190.15,177.93,201.69,Chronos
633098,2026-09-04,2026-10-04,190.45,176.75,201.78,Chronos
633099,2026-09-04,2026-09-05,236.77,233.09,239.99,Chronos
633099,2026-09-04,2026-09-06,236.83,231.89,240.18,Chronos
633099,2026-09-04,2026-09-07,237.01,231.52,240.47,Chronos
633099,2026-09-04,2026-09-08,236.25,231.34,240.63,Chronos
633099,2026-09-04,2026-09-09,236.89,229.89,241.66,Chronos
633099,2026-09-04,2026-09-10,236.94,229.64,242.81,Chronos
633099,2026-09-04,2026-09-11,236.94,229.26,242.78,Chronos
633099,2026-09-04,2026-09-12,237.12,228.26,243.66,Chronos
633099,2026-09-04,2026-09-13,237.83,228.03,244.63,Chronos
633099,2026-09-04,2026-09-14,237.99,227.81,246.03,Chronos
633099,2026-09-04,2026-09-15,237.86,226.02,245.47,Chronos
633099,2026-09-04,2026-09-16,237.66,224.88,245.67,Chronos
633099,2026-09-04,2026-09-17,236.8,222.7,246.66,Chronos
633099,2026-09-04,2026-09-18,237.8,220.72,246.63,Chronos
633099,2026-09-04,2026-09-19,238.18,219.67,247.65,Chronos
633099,2026-09-04,2026-09-20,237.38,221.26,247.85,Chronos
633099,2026-09-04,2026-09-21,240.02,218.67,252.0,Chronos
633099,2026-09-04,2026-09-22,239.94,219.75,251.0,Chronos
633099,2026-09-04,2026-09-23,239.76,216.92,251.54,Chronos
633099,2026-09-04,2026-09-24,239.01,214.33,252.09,Chronos
633099,2026-09-04,2026-09-25,239.23,215.1,252.36,Chronos
633099,2026-09-04,2026-09-26,239.09,213.12,252.85,Chronos
633099,2026-09-04,2026-09-27,239.14,212.56,253.28,Chronos
633099,2026-09-04,2026-09-28,239.54,209.95,254.51,Chronos
633099,2026-09-04,2026-09-29,240.14,206.97,255.08,Chronos
633099,2026-09-04,2026-09-30,239.91,208.26,256.33,Chronos
633099,2026-09-04,2026-10-01,239.55,203.26,256.02,Chronos
633099,2026-09-04,2026-10-02,239.28,201.57,255.62,Chronos
633099,2026-09-04,2026-10-03,238.33,198.34,256.35,Chronos
633099,2026-09-04,2026-10-04,239.12,195.57,255.96,Chronos
633103,2026-09-04,2026-09-05,224.42,218.07,230.17,Chronos
633103,2026-09-04,2026-09-06,225.46,218.51,232.68,Chronos
633103,2026-09-04,2026-09-07,226.43,217.57,235.12,Chronos
633103,2026-09-04,2026-09-08,227.52,217.81,237.83,Chronos
633103,2026-09-04,2026-09-09,228.45,217.19,240.93,Chronos
633103,2026-09-04,2026-09-10,229.09,216.22,243.11,Chronos
633103,2026-09-04,2026-09-11,229.97,216.23,245.0,Chronos
633103,2026-09-04,2026-09-12,231.07,216.23,247.67,Chronos
633103,2026-09-04,2026-09-13,232.25,216.27,250.22,Chronos
633103,2026-09-04,2026-09-14,232.78,215.53,251.29,Chronos
633103,2026-09-04,2026-09-15,233.68,215.43,255.04,Chronos
633103,2026-09-04,2026-09-16,233.95,215.22,256.74,Chronos
633103,2026-09-04,2026-09-17,234.2,214.79,259.19,Chronos
633103,2026-09-04,2026-09-18,235.69,213.9,260.43,Chronos
633103,2026-09-04,2026-09-19,236.92,212.17,261.88,Chronos
633103,2026-09-04,2026-09-20,237.18,211.96,263.26,Chronos
633103,2026-09-04,2026-09-21,241.21,214.54,271.93,Chronos
633103,2026-09-04,2026-09-22,241.34,214.03,274.17,Chronos
633103,2026-09-04,2026-09-23,241.87,214.32,276.48,Chronos
633103,2026-09-04,2026-09-24,242.77,213.46,279.84,Chronos
633103,2026-09-04,2026-09-25,243.45,212.61,279.05,Chronos
633103,2026-09-04,2026-09-26,242.51,211.52,281.4,Chronos
633103,2026-09-04,2026-09-27,243.6,211.18,284.14,Chronos
633103,2026-09-04,2026-09-28,243.88,211.0,285.29,Chronos
633103,2026-09-04,2026-09-29,245.24,210.97,287.12,Chronos
633103,2026-09-04,2026-09-30,245.19,210.88,288.11,Chronos
633103,2026-09-04,2026-10-01,245.33,209.63,291.71,Chronos
633103,2026-09-04,2026-10-02,245.47,209.09,293.13,Chronos
633103,2026-09-04,2026-10-03,245.29,207.67,294.31,Chronos
633103,2026-09-04,2026-10-04,246.26,207.15,294.31,Chronos
633104,2026-09-04,2026-09-05,408.95,398.31,418.2,Chronos
633104,2026-09-04,2026-09-06,410.12,396.05,420.92,Chronos
633104,2026-09-04,2026-09-07,411.17,394.86,424.07,Chronos
633104,2026-09-04,2026-09-08,412.9,396.11,428.25,Chronos
633104,2026-09-04,2026-09-09,415.25,393.12,434.92,Chronos
633104,2026-09-04,2026-09-10,415.77,390.89,438.4,Chronos
633104,2026-09-04,2026-09-11,417.58,391.21,442.07,Chronos
633104,2026-09-04,2026-09-12,418.15,389.08,445.82,Chronos
633104,2026-09-04,2026-09-13,421.21,387.39,450.65,Chronos
633104,2026-09-04,2026-09-14,422.29,387.08,453.22,Chronos
633104,2026-09-04,2026-09-15,423.04,383.58,457.08,Chronos
633104,2026-09-04,2026-09-16,423.8,383.37,460.06,Chronos
633104,2026-09-04,2026-09-17,422.12,380.61,463.39,Chronos
633104,2026-09-04,2026-09-18,424.72,377.54,463.87,Chronos
633104,2026-09-04,2026-09-19,426.87,377.42,466.63,Chronos
633104,2026-09-04,2026-09-20,426.5,382.99,470.73,Chronos
633104,2026-09-04,2026-09-21,430.92,374.08,477.54,Chronos
633104,2026-09-04,2026-09-22,431.73,376.09,478.14,Chronos
633104,2026-09-04,2026-09-23,431.91,372.14,480.83,Chronos
633104,2026-09-04,2026-09-24,432.74,367.84,484.94,Chronos
633104,2026-09-04,2026-09-25,434.43,369.67,486.24,Chronos
633104,2026-09-04,2026-09-26,433.61,367.12,488.06,Chronos
633104,2026-09-04,2026-09-27,434.53,365.24,491.26,Chronos
633104,2026-09-04,2026-09-28,434.85,363.54,493.77,Chronos
633104,2026-09-04,2026-09-29,437.52,361.27,497.82,Chronos
633104,2026-09-04,2026-09-30,437.89,362.75,498.72,Chronos
633104,2026-09-04,2026-10-01,438.39,355.94,502.08,Chronos
633104,2026-09-04,2026-10-02,437.99,354.34,503.9,Chronos
633104,2026-09-04,2026-10-03,436.69,349.64,505.64,Chronos
633104,2026-09-04,2026-10-04,438.78,349.11,504.43,Chronos
647656,2026-09-04,2026-09-05,15.28,15.06,15.49,Chronos
647656,2026-09-04,2026-09-06,15.25,14.87,15.56,Chronos
647656,2026-09-04,2026-09-07,15.2,14.7,15.62,Chronos
647656,2026-09-04,2026-09-08,15.15,14.63,15.69,Chronos
647656,2026-09-04,2026-09-09,15.15,14.47,15.84,Chronos
647656,2026-09-04,2026-09-10,15.13,14.33,15.92,Chronos
647656,2026-09-04,2026-09-11,15.12,14.28,15.97,Chronos
647656,2026-09-04,2026-09-12,15.11,14.17,16.05,Chronos
647656,2026-09-04,2026-09-13,15.12,14.05,16.15,Chronos
647656,2026-09-04,2026-09-14,15.08,13.97,16.21,Chronos
647656,2026-09-04,2026-09-15,15.06,13.82,16.33,Chronos
647656,2026-09-04,2026-09-16,15.04,13.77,16.42,Chronos
647656,2026-09-04,2026-09-17,14.98,13.67,16.56,Chronos
647656,2026-09-04,2026-09-18,14.99,13.47,16.58,Chronos
647656,2026-09-04,2026-09-19,15.0,13.36,16.6,Chronos
647656,2026-09-04,2026-09-20,14.91,13.27,16.7,Chronos
647656,2026-09-04,2026-09-21,15.06,13.29,16.93,Chronos
647656,2026-09-04,2026-09-22,15.0,13.18,16.94,Chronos
647656,2026-09-04,2026-09-23,14.97,13.07,17.0,Chronos
647656,2026-09-04,2026-09-24,14.94,12.91,17.18,Chronos
647656,2026-09-04,2026-09-25,14.95,12.77,17.19,Chronos
647656,2026-09-04,2026-09-26,14.88,12.72,17.26,Chronos
647656,2026-09-04,2026-09-27,14.89,12.64,17.31,Chronos
647656,2026-09-04,2026-09-28,14.89,12.58,17.33,Chronos
647656,2026-09-04,2026-09-29,14.92,12.45,17.46,Chronos
647656,2026-09-04,2026-09-30,14.88,12.44,17.5,Chronos
647656,2026-09-04,2026-10-01,14.86,12.13,17.64,Chronos
647656,2026-09-04,2026-10-02,14.82,12.06,17.77,Chronos
647656,2026-09-04,2026-10-03,14.78,11.86,17.89,Chronos
647656,2026-09-04,2026-10-04,14.75,11.78,17.78,Chronos
647657,2026-09-04,2026-09-05,4.59,4.4,4.72,Chronos
647657,2026-09-04,2026-09-06,4.58,4.32,4.83,Chronos
647657,2026-09-04,2026-09-07,4.58,4.22,4.9,Chronos
647657,2026-09-04,2026-09-08,4.62,4.16,5.02,Chronos
647657,2026-09-04,2026-09-09,4.65,4.17,5.14,Chronos
647657,2026-09-04,2026-09-10,4.69,4.13,5.21,Chronos
647657,2026-09-04,2026-09-11,4.73,4.09,5.32,Chronos
647657,2026-09-04,2026-09-12,4.76,4.1,5.43,Chronos
647657,2026-09-04,2026-09-13,4.81,4.08,5.53,Chronos
647657,2026-09-04,2026-09-14,4.86,4.1,5.61,Chronos
647657,2026-09-04,2026-09-15,4.88,4.07,5.67,Chronos
647657,2026-09-04,2026-09-16,4.92,4.1,5.73,Chronos
647657,2026-09-04,2026-09-17,4.95,4.12,5.82,Chronos
647657,2026-09-04,2026-09-18,4.96,4.11,5.89,Chronos
647657,2026-09-04,2026-09-19,4.98,4.12,5.88,Chronos
647657,2026-09-04,2026-09-20,5.04,4.14,5.92,Chronos
647657,2026-09-04,2026-09-21,5.02,4.06,6.02,Chronos
647657,2026-09-04,2026-09-22,4.99,3.99,6.03,Chronos
647657,2026-09-04,2026-09-23,4.99,3.94,6.03,Chronos
647657,2026-09-04,2026-09-24,4.99,3.94,6.07,Chronos
647657,2026-09-04,2026-09-25,5.0,3.93,6.11,Chronos
647657,2026-09-04,2026-09-26,5.01,3.91,6.17,Chronos
647657,2026-09-04,2026-09-27,5.02,3.89,6.18,Chronos
647657,2026-09-04,2026-09-28,5.02,3.88,6.22,Chronos
647657,2026-09-04,2026-09-29,5.04,3.85,6.25,Chronos
647657,2026-09-04,2026-09-30,5.06,3.86,6.3,Chronos
647657,2026-09-04,2026-10-01,5.06,3.84,6.32,Chronos
647657,2026-09-04,2026-10-02,5.07,3.82,6.38,Chronos
647657,2026-09-04,2026-10-03,5.1,3.85,6.45,Chronos
647657,2026-09-04,2026-10-04,5.09,3.83,6.5,Chronos
647659,2026-09-04,2026-09-05,6.88,6.77,7.01,Chronos
647659,2026-09-04,2026-09-06,6.87,6.73,7.07,Chronos
647659,2026-09-04,2026-09-07,6.86,6.66,7.11,Chronos
647659,2026-09-04,2026-09-08,6.86,6.62,7.14,Chronos
647659,2026-09-04,2026-09-09,6.85,6.6,7.22,Chronos
647659,2026-09-04,2026-09-10,6.87,6.57,7.27,Chronos
647659,2026-09-04,2026-09-11,6.87,6.55,7.3,Chronos
647659,2026-09-04,2026-09-12,6.86,6.52,7.33,Chronos
647659,2026-09-04,2026-09-13,6.86,6.49,7.38,Chronos
647659,2026-09-04,2026-09-14,6.87,6.46,7.44,Chronos
647659,2026-09-04,2026-09-15,6.86,6.42,7.52,Chronos
647659,2026-09-04,2026-09-16,6.86,6.42,7.6,Chronos
647659,2026-09-04,2026-09-17,6.86,6.38,7.68,Chronos
647659,2026-09-04,2026-09-18,6.87,6.35,7.72,Chronos
647659,2026-09-04,2026-09-19,6.87,6.3,7.73,Chronos
647659,2026-09-04,2026-09-20,6.87,6.28,7.76,Chronos
647659,2026-09-04,2026-09-21,6.92,6.33,7.92,Chronos
647659,2026-09-04,2026-09-22,6.91,6.3,7.95,Chronos
647659,2026-09-04,2026-09-23,6.92,6.26,8.01,Chronos
647659,2026-09-04,2026-09-24,6.91,6.24,8.09,Chronos
647659,2026-09-04,2026-09-25,6.9,6.17,8.13,Chronos
647659,2026-09-04,2026-09-26,6.93,6.19,8.21,Chronos
647659,2026-09-04,2026-09-27,6.93,6.15,8.27,Chronos
647659,2026-09-04,2026-09-28,6.93,6.13,8.28,Chronos
647659,2026-09-04,2026-09-29,6.93,6.1,8.35,Chronos
647659,2026-09-04,2026-09-30,6.94,6.1,8.4,Chronos
647659,2026-09-04,2026-10-01,6.94,6.04,8.5,Chronos
647659,2026-09-04,2026-10-02,6.95,6.05,8.63,Chronos
647659,2026-09-04,2026-10-03,6.94,5.99,8.7,Chronos
647659,2026-09-04,2026-10-04,6.93,6.0,8.67,Chronos
647660,2026-09-04,2026-09-05,48.99,47.86,50.3,Chronos
647660,2026-09-04,2026-09-06,49.08,46.76,50.66,Chronos
647660,2026-09-04,2026-09-07,49.4,46.64,51.45,Chronos
647660,2026-09-04,2026-09-08,49.33,46.26,52.47,Chronos
647660,2026-09-04,2026-09-09,49.36,45.1,53.2,Chronos
647660,2026-09-04,2026-09-10,49.04,43.99,53.55,Chronos
647660,2026-09-04,2026-09-11,49.06,43.68,54.0,Chronos
647660,2026-09-04,2026-09-12,49.13,42.89,54.41,Chronos
647660,2026-09-04,2026-09-13,49.31,41.97,54.76,Chronos
647660,2026-09-04,2026-09-14,48.96,41.68,54.83,Chronos
647660,2026-09-04,2026-09-15,48.94,40.06,55.77,Chronos
647660,2026-09-04,2026-09-16,48.8,38.45,56.07,Chronos
647660,2026-09-04,2026-09-17,48.28,36.82,56.43,Chronos
647660,2026-09-04,2026-09-18,48.24,35.9,56.03,Chronos
647660,2026-09-04,2026-09-19,48.33,34.98,56.66,Chronos
647660,2026-09-04,2026-09-20,47.7,33.89,56.53,Chronos
647660,2026-09-04,2026-09-21,48.19,29.28,57.88,Chronos
647660,2026-09-04,2026-09-22,48.14,27.72,58.12,Chronos
647660,2026-09-04,2026-09-23,48.08,26.64,58.47,Chronos
647660,2026-09-04,2026-09-24,47.75,26.39,58.55,Chronos
647660,2026-09-04,2026-09-25,47.92,26.05,58.56,Chronos
647660,2026-09-04,2026-09-26,47.23,24.94,59.13,Chronos
647660,2026-09-04,2026-09-27,47.19,24.1,59.09,Chronos
647660,2026-09-04,2026-09-28,46.93,23.66,59.19,Chronos
647660,2026-09-04,2026-09-29,46.98,23.49,59.0,Chronos
647660,2026-09-04,2026-09-30,46.66,21.96,59.37,Chronos
647660,2026-09-04,2026-10-01,46.82,22.11,60.12,Chronos
647660,2026-09-04,2026-10-02,46.4,21.61,60.29,Chronos
647660,2026-09-04,2026-10-03,45.93,21.04,60.16,Chronos
647660,2026-09-04,2026-10-04,45.99,20.59,59.79,Chronos
647663,2026-09-04,2026-09-05,3044.43,2976.67,3097.42,Chronos
647663,2026-09-04,2026-09-06,3046.59,2962.4,3107.02,Chronos
647663,2026-09-04,2026-09-07,3048.72,2951.53,3119.12,Chronos
647663,2026-09-04,2026-09-08,3046.74,2951.03,3130.66,Chronos
647663,2026-09-04,2026-09-09,3049.86,2925.59,3153.5,Chronos
647663,2026-09-04,2026-09-10,3049.85,2911.45,3165.2,Chronos
647663,2026-09-04,2026-09-11,3058.04,2915.74,3182.88,Chronos
647663,2026-09-04,2026-09-12,3065.73,2904.55,3206.26,Chronos
647663,2026-09-04,2026-09-13,3076.68,2898.26,3225.0,Chronos
647663,2026-09-04,2026-09-14,3080.14,2895.62,3245.69,Chronos
647663,2026-09-04,2026-09-15,3084.55,2882.86,3248.37,Chronos
647663,2026-09-04,2026-09-16,3087.44,2881.14,3258.88,Chronos
647663,2026-09-04,2026-09-17,3084.6,2869.1,3280.53,Chronos
647663,2026-09-04,2026-09-18,3097.06,2856.14,3279.6,Chronos
647663,2026-09-04,2026-09-19,3106.69,2848.74,3311.22,Chronos
647663,2026-09-04,2026-09-20,3103.13,2857.39,3333.47,Chronos
647663,2026-09-04,2026-09-21,3132.54,2845.22,3347.1,Chronos
647663,2026-09-04,2026-09-22,3135.41,2849.76,3349.95,Chronos
647663,2026-09-04,2026-09-23,3134.09,2821.27,3365.14,Chronos
647663,2026-09-04,2026-09-24,3135.08,2805.84,3390.76,Chronos
647663,2026-09-04,2026-09-25,3140.6,2804.17,3396.56,Chronos
647663,2026-09-04,2026-09-26,3132.66,2784.34,3405.04,Chronos
647663,2026-09-04,2026-09-27,3139.48,2773.92,3425.23,Chronos
647663,2026-09-04,2026-09-28,3146.54,2763.62,3444.95,Chronos
647663,2026-09-04,2026-09-29,3155.44,2740.04,3470.29,Chronos
647663,2026-09-04,2026-09-30,3157.52,2748.42,3475.75,Chronos
647663,2026-09-04,2026-10-01,3158.72,2696.46,3493.0,Chronos
647663,2026-09-04,2026-10-02,3156.13,2676.15,3501.91,Chronos
647663,2026-09-04,2026-10-03,3150.94,2653.89,3514.4,Chronos
647663,2026-09-04,2026-10-04,3163.71,2644.57,3504.68,Chronos
649230,2026-09-04,2026-09-05,544.48,535.33,553.72,Chronos
649230,2026-09-04,2026-09-06,544.59,531.62,556.13,Chronos
649230,2026-09-04,2026-09-07,544.73,528.42,558.24,Chronos
649230,2026-09-04,2026-09-08,544.5,528.78,561.8,Chronos
649230,2026-09-04,2026-09-09,546.11,525.73,566.08,Chronos
649230,2026-09-04,2026-09-10,546.29,524.41,569.45,Chronos
649230,2026-09-04,2026-09-11,548.65,525.22,572.79,Chronos
649230,2026-09-04,2026-09-12,551.36,524.43,578.16,Chronos
649230,2026-09-04,2026-09-13,553.88,524.35,581.39,Chronos
649230,2026-09-04,2026-09-14,553.84,523.33,584.92,Chronos
649230,2026-09-04,2026-09-15,554.52,521.75,588.14,Chronos
649230,2026-09-04,2026-09-16,553.5,517.96,588.25,Chronos
649230,2026-09-04,2026-09-17,549.93,513.37,589.34,Chronos
649230,2026-09-04,2026-09-18,550.66,509.57,587.07,Chronos
649230,2026-09-04,2026-09-19,551.57,509.24,589.84,Chronos
649230,2026-09-04,2026-09-20,549.15,510.68,592.56,Chronos
649230,2026-09-04,2026-09-21,545.57,505.97,583.09,Chronos
649230,2026-09-04,2026-09-22,546.53,504.23,586.87,Chronos
649230,2026-09-04,2026-09-23,546.69,497.12,589.49,Chronos
649230,2026-09-04,2026-09-24,544.24,496.07,591.66,Chronos
649230,2026-09-04,2026-09-25,544.84,491.9,594.57,Chronos
649230,2026-09-04,2026-09-26,542.95,488.17,596.23,Chronos
649230,2026-09-04,2026-09-27,543.32,486.84,599.26,Chronos
649230,2026-09-04,2026-09-28,544.73,484.46,602.68,Chronos
649230,2026-09-04,2026-09-29,546.63,480.17,607.57,Chronos
649230,2026-09-04,2026-09-30,546.17,478.75,608.39,Chronos
649230,2026-09-04,2026-10-01,544.6,471.4,612.06,Chronos
649230,2026-09-04,2026-10-02,543.04,471.44,611.9,Chronos
649230,2026-09-04,2026-10-03,541.37,469.31,615.1,Chronos
649230,2026-09-04,2026-10-04,542.51,463.15,614.73,Chronos
649231,2026-09-04,2026-09-05,258.05,255.79,261.48,Chronos
649231,2026-09-04,2026-09-06,258.13,253.4,262.0,Chronos
649231,2026-09-04,2026-09-07,257.81,252.08,262.05,Chronos
649231,2026-09-04,2026-09-08,256.63,251.16,262.06,Chronos
649231,2026-09-04,2026-09-09,256.42,249.18,263.02,Chronos
649231,2026-09-04,2026-09-10,255.48,247.44,263.05,Chronos
649231,2026-09-04,2026-09-11,255.79,247.28,263.86,Chronos
649231,2026-09-04,2026-09-12,255.65,245.63,264.76,Chronos
649231,2026-09-04,2026-09-13,255.76,244.88,265.29,Chronos
649231,2026-09-04,2026-09-14,255.12,243.83,265.95,Chronos
649231,2026-09-04,2026-09-15,254.34,242.32,265.46,Chronos
649231,2026-09-04,2026-09-16,253.91,241.04,265.37,Chronos
649231,2026-09-04,2026-09-17,253.0,239.61,266.15,Chronos
649231,2026-09-04,2026-09-18,253.03,237.76,265.3,Chronos
649231,2026-09-04,2026-09-19,252.85,236.31,266.49,Chronos
649231,2026-09-04,2026-09-20,251.54,236.52,266.67,Chronos
649231,2026-09-04,2026-09-21,252.54,236.99,266.52,Chronos
649231,2026-09-04,2026-09-22,252.28,236.08,266.57,Chronos
649231,2026-09-04,2026-09-23,251.74,233.01,266.73,Chronos
649231,2026-09-04,2026-09-24,250.76,232.06,267.3,Chronos
649231,2026-09-04,2026-09-25,250.58,231.05,267.33,Chronos
649231,2026-09-04,2026-09-26,249.55,229.08,267.5,Chronos
649231,2026-09-04,2026-09-27,249.48,228.28,268.29,Chronos
649231,2026-09-04,2026-09-28,249.39,226.97,268.82,Chronos
649231,2026-09-04,2026-09-29,249.69,224.77,269.98,Chronos
649231,2026-09-04,2026-09-30,249.22,224.69,270.06,Chronos
649231,2026-09-04,2026-10-01,248.46,220.57,270.4,Chronos
649231,2026-09-04,2026-10-02,247.89,219.79,270.2,Chronos
649231,2026-09-04,2026-10-03,247.24,218.16,270.96,Chronos
649231,2026-09-04,2026-10-04,246.91,215.65,269.26,Chronos
649236,2026-09-04,2026-09-05,172.11,171.08,172.06,Chronos
649236,2026-09-04,2026-09-06,172.25,170.82,173.51,Chronos
649236,2026-09-04,2026-09-07,172.43,169.96,174.27,Chronos
649236,2026-09-04,2026-09-08,172.84,169.57,175.3,Chronos
649236,2026-09-04,2026-09-09,172.98,169.49,176.44,Chronos
649236,2026-09-04,2026-09-10,173.64,169.29,177.41,Chronos
649236,2026-09-04,2026-09-11,173.83,169.3,178.28,Chronos
649236,2026-09-04,2026-09-12,174.07,169.07,178.88,Chronos
649236,2026-09-04,2026-09-13,174.38,168.51,180.08,Chronos
649236,2026-09-04,2026-09-14,174.89,168.5,181.28,Chronos
649236,2026-09-04,2026-09-15,175.12,167.94,182.56,Chronos
649236,2026-09-04,2026-09-16,175.71,168.41,184.25,Chronos
649236,2026-09-04,2026-09-17,176.04,167.75,185.85,Chronos
649236,2026-09-04,2026-09-18,176.48,166.8,187.37,Chronos
649236,2026-09-04,2026-09-19,176.92,165.99,189.56,Chronos
649236,2026-09-04,2026-09-20,177.23,165.6,191.6,Chronos
649236,2026-09-04,2026-09-21,178.82,165.54,186.66,Chronos
649236,2026-09-04,2026-09-22,179.19,165.38,187.55,Chronos
649236,2026-09-04,2026-09-23,179.36,165.17,188.41,Chronos
649236,2026-09-04,2026-09-24,179.88,164.41,189.23,Chronos
649236,2026-09-04,2026-09-25,179.98,164.59,190.38,Chronos
649236,2026-09-04,2026-09-26,180.55,164.2,190.71,Chronos
649236,2026-09-04,2026-09-27,180.84,163.01,191.74,Chronos
649236,2026-09-04,2026-09-28,180.96,162.26,191.7,Chronos
649236,2026-09-04,2026-09-29,181.16,161.08,192.63,Chronos
649236,2026-09-04,2026-09-30,181.55,161.01,193.23,Chronos
649236,2026-09-04,2026-10-01,181.5,158.89,194.14,Chronos
649236,2026-09-04,2026-10-02,181.65,157.71,195.38,Chronos
649236,2026-09-04,2026-10-03,181.76,156.36,196.19,Chronos
649236,2026-09-04,2026-10-04,182.03,155.83,196.55,Chronos
650141,2026-09-04,2026-09-05,8.04,7.76,8.24,Chronos
650141,2026-09-04,2026-09-06,8.05,7.73,8.34,Chronos
650141,2026-09-04,2026-09-07,8.08,7.64,8.46,Chronos
650141,2026-09-04,2026-09-08,8.1,7.65,8.56,Chronos
650141,2026-09-04,2026-09-09,8.13,7.56,8.71,Chronos
650141,2026-09-04,2026-09-10,8.15,7.5,8.79,Chronos
650141,2026-09-04,2026-09-11,8.19,7.51,8.88,Chronos
650141,2026-09-04,2026-09-12,8.23,7.49,9.0,Chronos
650141,2026-09-04,2026-09-13,8.28,7.45,9.08,Chronos
650141,2026-09-04,2026-09-14,8.29,7.44,9.14,Chronos
650141,2026-09-04,2026-09-15,8.32,7.39,9.3,Chronos
650141,2026-09-04,2026-09-16,8.33,7.39,9.41,Chronos
650141,2026-09-04,2026-09-17,8.31,7.35,9.51,Chronos
650141,2026-09-04,2026-09-18,8.36,7.28,9.55,Chronos
650141,2026-09-04,2026-09-19,8.4,7.2,9.56,Chronos
650141,2026-09-04,2026-09-20,8.35,7.14,9.6,Chronos
650141,2026-09-04,2026-09-21,8.6,7.24,10.26,Chronos
650141,2026-09-04,2026-09-22,8.56,7.15,10.27,Chronos
650141,2026-09-04,2026-09-23,8.56,7.12,10.34,Chronos
650141,2026-09-04,2026-09-24,8.55,7.09,10.47,Chronos
650141,2026-09-04,2026-09-25,8.56,6.97,10.44,Chronos
650141,2026-09-04,2026-09-26,8.51,6.96,10.56,Chronos
650141,2026-09-04,2026-09-27,8.56,6.93,10.68,Chronos
650141,2026-09-04,2026-09-28,8.57,6.92,10.7,Chronos
650141,2026-09-04,2026-09-29,8.61,6.9,10.75,Chronos
650141,2026-09-04,2026-09-30,8.59,6.91,10.79,Chronos
650141,2026-09-04,2026-10-01,8.59,6.82,10.89,Chronos
650141,2026-09-04,2026-10-02,8.59,6.79,10.99,Chronos
650141,2026-09-04,2026-10-03,8.57,6.71,11.06,Chronos
650141,2026-09-04,2026-10-04,8.59,6.71,11.0,Chronos
650142,2026-09-04,2026-09-05,29.99,29.49,30.32,Chronos
650142,2026-09-04,2026-09-06,29.95,29.28,30.48,Chronos
650142,2026-09-04,2026-09-07,29.91,28.95,30.73,Chronos
650142,2026-09-04,2026-09-08,29.89,28.76,30.89,Chronos
650142,2026-09-04,2026-09-09,29.87,28.62,31.25,Chronos
650142,2026-09-04,2026-09-10,29.9,28.37,31.45,Chronos
650142,2026-09-04,2026-09-11,29.84,28.24,31.58,Chronos
650142,2026-09-04,2026-09-12,29.77,28.05,31.73,Chronos
650142,2026-09-04,2026-09-13,29.75,27.75,32.0,Chronos
650142,2026-09-04,2026-09-14,29.74,27.6,32.28,Chronos
650142,2026-09-04,2026-09-15,29.7,27.26,32.61,Chronos
650142,2026-09-04,2026-09-16,29.67,27.28,32.96,Chronos
650142,2026-09-04,2026-09-17,29.58,26.8,33.3,Chronos
650142,2026-09-04,2026-09-18,29.57,26.6,33.64,Chronos
650142,2026-09-04,2026-09-19,29.51,26.12,33.61,Chronos
650142,2026-09-04,2026-09-20,29.5,25.95,33.62,Chronos
650142,2026-09-04,2026-09-21,29.56,25.44,34.41,Chronos
650142,2026-09-04,2026-09-22,29.48,25.19,34.52,Chronos
650142,2026-09-04,2026-09-23,29.44,24.95,34.68,Chronos
650142,2026-09-04,2026-09-24,29.38,24.7,34.96,Chronos
650142,2026-09-04,2026-09-25,29.25,24.37,35.12,Chronos
650142,2026-09-04,2026-09-26,29.26,24.24,35.25,Chronos
650142,2026-09-04,2026-09-27,29.21,23.98,35.41,Chronos
650142,2026-09-04,2026-09-28,29.19,23.85,35.48,Chronos
650142,2026-09-04,2026-09-29,29.13,23.66,35.79,Chronos
650142,2026-09-04,2026-09-30,29.05,23.42,36.05,Chronos
650142,2026-09-04,2026-10-01,29.04,23.12,36.42,Chronos
650142,2026-09-04,2026-10-02,29.01,22.91,36.76,Chronos
650142,2026-09-04,2026-10-03,28.97,22.57,37.06,Chronos
650142,2026-09-04,2026-10-04,28.86,22.48,37.19,Chronos
650143,2026-09-04,2026-09-05,20.51,20.22,20.68,Chronos
650143,2026-09-04,2026-09-06,20.56,20.06,21.01,Chronos
650143,2026-09-04,2026-09-07,20.62,19.71,21.36,Chronos
650143,2026-09-04,2026-09-08,20.69,19.58,21.69,Chronos
650143,2026-09-04,2026-09-09,20.75,19.45,22.21,Chronos
650143,2026-09-04,2026-09-10,20.83,19.25,22.5,Chronos
650143,2026-09-04,2026-09-11,20.88,19.19,22.8,Chronos
650143,2026-09-04,2026-09-12,20.95,19.07,23.21,Chronos
650143,2026-09-04,2026-09-13,20.99,18.87,23.73,Chronos
650143,2026-09-04,2026-09-14,21.06,18.76,23.99,Chronos
650143,2026-09-04,2026-09-15,21.09,18.5,24.5,Chronos
650143,2026-09-04,2026-09-16,21.14,18.55,25.02,Chronos
650143,2026-09-04,2026-09-17,21.09,18.14,25.52,Chronos
650143,2026-09-04,2026-09-18,21.21,17.91,25.66,Chronos
650143,2026-09-04,2026-09-19,21.2,17.6,25.82,Chronos
650143,2026-09-04,2026-09-20,21.2,17.44,25.89,Chronos
650143,2026-09-04,2026-09-21,21.3,17.36,26.44,Chronos
650143,2026-09-04,2026-09-22,21.34,17.2,26.57,Chronos
650143,2026-09-04,2026-09-23,21.34,16.89,26.76,Chronos
650143,2026-09-04,2026-09-24,21.27,16.77,27.35,Chronos
650143,2026-09-04,2026-09-25,21.17,16.34,27.4,Chronos
650143,2026-09-04,2026-09-26,21.15,16.23,27.69,Chronos
650143,2026-09-04,2026-09-27,21.12,16.0,27.87,Chronos
650143,2026-09-04,2026-09-28,21.12,15.75,27.98,Chronos
650143,2026-09-04,2026-09-29,21.07,15.48,28.21,Chronos
650143,2026-09-04,2026-09-30,21.05,15.21,28.52,Chronos
650143,2026-09-04,2026-10-01,21.02,15.0,28.95,Chronos
650143,2026-09-04,2026-10-02,21.05,14.84,29.51,Chronos
650143,2026-09-04,2026-10-03,20.92,14.47,29.89,Chronos
650143,2026-09-04,2026-10-04,20.86,14.48,29.63,Chronos
650145,2026-09-04,2026-09-05,7.8,7.6,8.01,Chronos
650145,2026-09-04,2026-09-06,7.79,7.52,8.12,Chronos
650145,2026-09-04,2026-09-07,7.79,7.38,8.24,Chronos
650145,2026-09-04,2026-09-08,7.79,7.32,8.32,Chronos
650145,2026-09-04,2026-09-09,7.8,7.26,8.49,Chronos
650145,2026-09-04,2026-09-10,7.81,7.19,8.56,Chronos
650145,2026-09-04,2026-09-11,7.8,7.12,8.65,Chronos
650145,2026-09-04,2026-09-12,7.79,7.06,8.76,Chronos
650145,2026-09-04,2026-09-13,7.8,6.94,8.94,Chronos
650145,2026-09-04,2026-09-14,7.81,6.92,8.99,Chronos
650145,2026-09-04,2026-09-15,7.8,6.77,9.11,Chronos
650145,2026-09-04,2026-09-16,7.76,6.73,9.27,Chronos
650145,2026-09-04,2026-09-17,7.73,6.55,9.39,Chronos
650145,2026-09-04,2026-09-18,7.74,6.49,9.37,Chronos
650145,2026-09-04,2026-09-19,7.69,6.37,9.36,Chronos
650145,2026-09-04,2026-09-20,7.66,6.29,9.32,Chronos
650145,2026-09-04,2026-09-21,7.75,6.05,9.94,Chronos
650145,2026-09-04,2026-09-22,7.74,5.99,9.93,Chronos
650145,2026-09-04,2026-09-23,7.73,5.89,9.94,Chronos
650145,2026-09-04,2026-09-24,7.68,5.85,10.1,Chronos
650145,2026-09-04,2026-09-25,7.64,5.73,10.09,Chronos
650145,2026-09-04,2026-09-26,7.64,5.73,10.18,Chronos
650145,2026-09-04,2026-09-27,7.64,5.67,10.21,Chronos
650145,2026-09-04,2026-09-28,7.61,5.61,10.22,Chronos
650145,2026-09-04,2026-09-29,7.61,5.54,10.26,Chronos
650145,2026-09-04,2026-09-30,7.6,5.5,10.36,Chronos
650145,2026-09-04,2026-10-01,7.59,5.42,10.54,Chronos
650145,2026-09-04,2026-10-02,7.58,5.37,10.69,Chronos
650145,2026-09-04,2026-10-03,7.54,5.27,10.81,Chronos
650145,2026-09-04,2026-10-04,7.52,5.29,10.71,Chronos
650147,2026-09-04,2026-09-05,12.82,12.63,12.92,Chronos
650147,2026-09-04,2026-09-06,12.8,12.5,13.0,Chronos
650147,2026-09-04,2026-09-07,12.78,12.34,13.07,Chronos
650147,2026-09-04,2026-09-08,12.74,12.31,13.14,Chronos
650147,2026-09-04,2026-09-09,12.76,12.19,13.24,Chronos
650147,2026-09-04,2026-09-10,12.75,12.11,13.31,Chronos
650147,2026-09-04,2026-09-11,12.77,12.08,13.38,Chronos
650147,2026-09-04,2026-09-12,12.77,12.01,13.43,Chronos
650147,2026-09-04,2026-09-13,12.79,11.91,13.5,Chronos
650147,2026-09-04,2026-09-14,12.81,11.92,13.54,Chronos
650147,2026-09-04,2026-09-15,12.8,11.8,13.57,Chronos
650147,2026-09-04,2026-09-16,12.79,11.81,13.58,Chronos
650147,2026-09-04,2026-09-17,12.78,11.74,13.65,Chronos
650147,2026-09-04,2026-09-18,12.82,11.65,13.65,Chronos
650147,2026-09-04,2026-09-19,12.82,11.59,13.71,Chronos
650147,2026-09-04,2026-09-20,12.76,11.56,13.73,Chronos
650147,2026-09-04,2026-09-21,12.93,11.51,13.88,Chronos
650147,2026-09-04,2026-09-22,12.9,11.43,13.87,Chronos
650147,2026-09-04,2026-09-23,12.9,11.44,13.9,Chronos
650147,2026-09-04,2026-09-24,12.88,11.34,13.94,Chronos
650147,2026-09-04,2026-09-25,12.92,11.35,14.01,Chronos
650147,2026-09-04,2026-09-26,12.92,11.35,14.05,Chronos
650147,2026-09-04,2026-09-27,12.95,11.34,14.12,Chronos
650147,2026-09-04,2026-09-28,12.98,11.29,14.17,Chronos
650147,2026-09-04,2026-09-29,13.02,11.19,14.26,Chronos
650147,2026-09-04,2026-09-30,13.01,11.25,14.27,Chronos
650147,2026-09-04,2026-10-01,13.0,11.02,14.29,Chronos
650147,2026-09-04,2026-10-02,12.98,10.99,14.3,Chronos
650147,2026-09-04,2026-10-03,12.97,10.88,14.34,Chronos
650147,2026-09-04,2026-10-04,12.97,10.72,14.24,Chronos
650149,2026-09-04,2026-09-05,11.49,11.19,11.73,Chronos
650149,2026-09-04,2026-09-06,11.51,11.17,11.82,Chronos
650149,2026-09-04,2026-09-07,11.52,11.08,11.92,Chronos
650149,2026-09-04,2026-09-08,11.55,11.08,12.04,Chronos
650149,2026-09-04,2026-09-09,11.59,10.99,12.22,Chronos
650149,2026-09-04,2026-09-10,11.61,10.93,12.33,Chronos
650149,2026-09-04,2026-09-11,11.67,10.95,12.47,Chronos
650149,2026-09-04,2026-09-12,11.71,10.89,12.6,Chronos
650149,2026-09-04,2026-09-13,11.76,10.9,12.73,Chronos
650149,2026-09-04,2026-09-14,11.77,10.83,12.82,Chronos
650149,2026-09-04,2026-09-15,11.79,10.8,13.03,Chronos
650149,2026-09-04,2026-09-16,11.8,10.74,13.22,Chronos
650149,2026-09-04,2026-09-17,11.77,10.68,13.39,Chronos
650149,2026-09-04,2026-09-18,11.83,10.56,13.41,Chronos
650149,2026-09-04,2026-09-19,11.9,10.51,13.44,Chronos
650149,2026-09-04,2026-09-20,11.85,10.57,13.47,Chronos
650149,2026-09-04,2026-09-21,12.02,10.48,14.17,Chronos
650149,2026-09-04,2026-09-22,11.97,10.41,14.27,Chronos
650149,2026-09-04,2026-09-23,11.98,10.26,14.42,Chronos
650149,2026-09-04,2026-09-24,11.97,10.18,14.6,Chronos
650149,2026-09-04,2026-09-25,12.02,10.11,14.66,Chronos
650149,2026-09-04,2026-09-26,11.96,10.05,14.89,Chronos
650149,2026-09-04,2026-09-27,12.02,9.99,15.07,Chronos
650149,2026-09-04,2026-09-28,12.03,9.92,15.12,Chronos
650149,2026-09-04,2026-09-29,12.12,9.86,15.27,Chronos
650149,2026-09-04,2026-09-30,12.1,9.87,15.39,Chronos
650149,2026-09-04,2026-10-01,12.13,9.7,15.63,Chronos
650149,2026-09-04,2026-10-02,12.12,9.65,15.83,Chronos
650149,2026-09-04,2026-10-03,12.11,9.49,16.0,Chronos
650149,2026-09-04,2026-10-04,12.15,9.43,15.94,Chronos
650150,2026-09-04,2026-09-05,9.35,9.17,9.49,Chronos
650150,2026-09-04,2026-09-06,9.39,9.14,9.59,Chronos
650150,2026-09-04,2026-09-07,9.41,9.07,9.68,Chronos
650150,2026-09-04,2026-09-08,9.44,9.06,9.78,Chronos
650150,2026-09-04,2026-09-09,9.46,9.03,9.92,Chronos
650150,2026-09-04,2026-09-10,9.49,9.0,10.0,Chronos
650150,2026-09-04,2026-09-11,9.51,8.95,10.07,Chronos
650150,2026-09-04,2026-09-12,9.52,8.92,10.13,Chronos
650150,2026-09-04,2026-09-13,9.54,8.87,10.23,Chronos
650150,2026-09-04,2026-09-14,9.56,8.85,10.26,Chronos
650150,2026-09-04,2026-09-15,9.56,8.77,10.33,Chronos
650150,2026-09-04,2026-09-16,9.57,8.74,10.4,Chronos
650150,2026-09-04,2026-09-17,9.55,8.63,10.45,Chronos
650150,2026-09-04,2026-09-18,9.53,8.6,10.48,Chronos
650150,2026-09-04,2026-09-19,9.51,8.49,10.49,Chronos
650150,2026-09-04,2026-09-20,9.48,8.4,10.51,Chronos
650150,2026-09-04,2026-09-21,9.52,8.44,10.76,Chronos
650150,2026-09-04,2026-09-22,9.51,8.36,10.8,Chronos
650150,2026-09-04,2026-09-23,9.48,8.31,10.77,Chronos
650150,2026-09-04,2026-09-24,9.42,8.24,10.79,Chronos
650150,2026-09-04,2026-09-25,9.33,8.12,10.74,Chronos
650150,2026-09-04,2026-09-26,9.25,7.98,10.74,Chronos
650150,2026-09-04,2026-09-27,9.19,7.88,10.73,Chronos
650150,2026-09-04,2026-09-28,9.15,7.86,10.67,Chronos
650150,2026-09-04,2026-09-29,9.08,7.8,10.64,Chronos
650150,2026-09-04,2026-09-30,9.04,7.74,10.6,Chronos
650150,2026-09-04,2026-10-01,8.98,7.67,10.6,Chronos
650150,2026-09-04,2026-10-02,8.94,7.64,10.56,Chronos
650150,2026-09-04,2026-10-03,8.86,7.58,10.52,Chronos
650150,2026-09-04,2026-10-04,8.83,7.51,10.56,Chronos
650151,2026-09-04,2026-09-05,11.08,10.97,11.17,Chronos
650151,2026-09-04,2026-09-06,11.07,10.82,11.22,Chronos
650151,2026-09-04,2026-09-07,11.05,10.72,11.3,Chronos
650151,2026-09-04,2026-09-08,11.03,10.66,11.36,Chronos
650151,2026-09-04,2026-09-09,11.0,10.5,11.44,Chronos
650151,2026-09-04,2026-09-10,10.98,10.41,11.46,Chronos
650151,2026-09-04,2026-09-11,10.96,10.34,11.51,Chronos
650151,2026-09-04,2026-09-12,10.92,10.25,11.54,Chronos
650151,2026-09-04,2026-09-13,10.91,10.13,11.6,Chronos
650151,2026-09-04,2026-09-14,10.87,10.06,11.61,Chronos
650151,2026-09-04,2026-09-15,10.84,9.87,11.7,Chronos
650151,2026-09-04,2026-09-16,10.8,9.77,11.77,Chronos
650151,2026-09-04,2026-09-17,10.76,9.55,11.85,Chronos
650151,2026-09-04,2026-09-18,10.76,9.42,11.85,Chronos
650151,2026-09-04,2026-09-19,10.7,9.32,11.83,Chronos
650151,2026-09-04,2026-09-20,10.66,9.22,11.83,Chronos
650151,2026-09-04,2026-09-21,10.69,9.06,12.16,Chronos
650151,2026-09-04,2026-09-22,10.65,8.95,12.16,Chronos
650151,2026-09-04,2026-09-23,10.61,8.8,12.14,Chronos
650151,2026-09-04,2026-09-24,10.57,8.75,12.23,Chronos
650151,2026-09-04,2026-09-25,10.51,8.63,12.24,Chronos
650151,2026-09-04,2026-09-26,10.5,8.56,12.3,Chronos
650151,2026-09-04,2026-09-27,10.48,8.43,12.33,Chronos
650151,2026-09-04,2026-09-28,10.45,8.37,12.33,Chronos
650151,2026-09-04,2026-09-29,10.42,8.3,12.34,Chronos
650151,2026-09-04,2026-09-30,10.4,8.2,12.4,Chronos
650151,2026-09-04,2026-10-01,10.37,8.11,12.52,Chronos
650151,2026-09-04,2026-10-02,10.36,8.01,12.59,Chronos
650151,2026-09-04,2026-10-03,10.33,7.89,12.65,Chronos
650151,2026-09-04,2026-10-04,10.29,7.87,12.62,Chronos
650152,2026-09-04,2026-09-05,12.77,12.59,12.84,Chronos
650152,2026-09-04,2026-09-06,12.75,12.42,12.9,Chronos
650152,2026-09-04,2026-09-07,12.71,12.26,12.96,Chronos
650152,2026-09-04,2026-09-08,12.67,12.16,13.01,Chronos
650152,2026-09-04,2026-09-09,12.64,12.03,13.09,Chronos
650152,2026-09-04,2026-09-10,12.6,11.9,13.09,Chronos
650152,2026-09-04,2026-09-11,12.59,11.8,13.14,Chronos
650152,2026-09-04,2026-09-12,12.55,11.67,13.16,Chronos
650152,2026-09-04,2026-09-13,12.52,11.53,13.21,Chronos
650152,2026-09-04,2026-09-14,12.47,11.41,13.19,Chronos
650152,2026-09-04,2026-09-15,12.43,11.25,13.24,Chronos
650152,2026-09-04,2026-09-16,12.39,11.05,13.23,Chronos
650152,2026-09-04,2026-09-17,12.32,10.79,13.23,Chronos
650152,2026-09-04,2026-09-18,12.29,10.66,13.27,Chronos
650152,2026-09-04,2026-09-19,12.23,10.49,13.24,Chronos
650152,2026-09-04,2026-09-20,12.21,10.41,13.29,Chronos
650152,2026-09-04,2026-09-21,12.36,10.47,13.45,Chronos
650152,2026-09-04,2026-09-22,12.34,10.34,13.5,Chronos
650152,2026-09-04,2026-09-23,12.29,10.14,13.47,Chronos
650152,2026-09-04,2026-09-24,12.24,10.0,13.54,Chronos
650152,2026-09-04,2026-09-25,12.18,9.87,13.54,Chronos
650152,2026-09-04,2026-09-26,12.17,9.74,13.55,Chronos
650152,2026-09-04,2026-09-27,12.13,9.55,13.55,Chronos
650152,2026-09-04,2026-09-28,12.09,9.44,13.61,Chronos
650152,2026-09-04,2026-09-29,12.04,9.35,13.62,Chronos
650152,2026-09-04,2026-09-30,12.01,9.17,13.62,Chronos
650152,2026-09-04,2026-10-01,11.95,9.1,13.64,Chronos
650152,2026-09-04,2026-10-02,11.92,8.93,13.65,Chronos
650152,2026-09-04,2026-10-03,11.86,8.81,13.64,Chronos
650152,2026-09-04,2026-10-04,11.81,8.73,13.65,Chronos
650153,2026-09-04,2026-09-05,17.32,16.68,17.94,Chronos
650153,2026-09-04,2026-09-06,17.35,16.36,18.12,Chronos
650153,2026-09-04,2026-09-07,17.39,16.15,18.4,Chronos
650153,2026-09-04,2026-09-08,17.39,16.08,18.69,Chronos
650153,2026-09-04,2026-09-09,17.4,15.83,18.84,Chronos
650153,2026-09-04,2026-09-10,17.33,15.57,18.99,Chronos
650153,2026-09-04,2026-09-11,17.29,15.4,19.13,Chronos
650153,2026-09-04,2026-09-12,17.37,15.3,19.34,Chronos
650153,2026-09-04,2026-09-13,17.42,15.07,19.43,Chronos
650153,2026-09-04,2026-09-14,17.32,14.93,19.51,Chronos
650153,2026-09-04,2026-09-15,17.31,14.61,19.75,Chronos
650153,2026-09-04,2026-09-16,17.26,14.42,19.76,Chronos
650153,2026-09-04,2026-09-17,17.22,14.11,19.9,Chronos
650153,2026-09-04,2026-09-18,17.23,13.95,19.8,Chronos
650153,2026-09-04,2026-09-19,17.2,13.83,19.94,Chronos
650153,2026-09-04,2026-09-20,17.03,13.62,19.88,Chronos
650153,2026-09-04,2026-09-21,16.89,13.55,19.79,Chronos
650153,2026-09-04,2026-09-22,16.86,13.4,19.82,Chronos
650153,2026-09-04,2026-09-23,16.83,13.31,19.83,Chronos
650153,2026-09-04,2026-09-24,16.75,13.27,19.9,Chronos
650153,2026-09-04,2026-09-25,16.79,13.11,19.86,Chronos
650153,2026-09-04,2026-09-26,16.69,13.02,20.04,Chronos
650153,2026-09-04,2026-09-27,16.69,12.96,20.11,Chronos
650153,2026-09-04,2026-09-28,16.67,12.88,20.12,Chronos
650153,2026-09-04,2026-09-29,16.74,12.84,20.12,Chronos
650153,2026-09-04,2026-09-30,16.67,12.75,20.16,Chronos
650153,2026-09-04,2026-10-01,16.64,12.71,20.27,Chronos
650153,2026-09-04,2026-10-02,16.59,12.61,20.21,Chronos
650153,2026-09-04,2026-10-03,16.55,12.41,20.33,Chronos
650153,2026-09-04,2026-10-04,16.52,12.39,20.18,Chronos
650154,2026-09-04,2026-09-05,7.41,7.19,7.57,Chronos
650154,2026-09-04,2026-09-06,7.4,7.13,7.66,Chronos
650154,2026-09-04,2026-09-07,7.38,7.01,7.76,Chronos
650154,2026-09-04,2026-09-08,7.39,6.99,7.85,Chronos
650154,2026-09-04,2026-09-09,7.41,6.93,8.02,Chronos
650154,2026-09-04,2026-09-10,7.43,6.86,8.1,Chronos
650154,2026-09-04,2026-09-11,7.43,6.81,8.18,Chronos
650154,2026-09-04,2026-09-12,7.44,6.77,8.3,Chronos
650154,2026-09-04,2026-09-13,7.46,6.66,8.47,Chronos
650154,2026-09-04,2026-09-14,7.46,6.64,8.53,Chronos
650154,2026-09-04,2026-09-15,7.47,6.49,8.73,Chronos
650154,2026-09-04,2026-09-16,7.45,6.43,8.94,Chronos
650154,2026-09-04,2026-09-17,7.44,6.26,9.09,Chronos
650154,2026-09-04,2026-09-18,7.45,6.16,9.07,Chronos
650154,2026-09-04,2026-09-19,7.44,6.06,9.14,Chronos
650154,2026-09-04,2026-09-20,7.43,5.99,9.12,Chronos
650154,2026-09-04,2026-09-21,7.64,5.98,9.57,Chronos
650154,2026-09-04,2026-09-22,7.62,5.88,9.6,Chronos
650154,2026-09-04,2026-09-23,7.6,5.75,9.62,Chronos
650154,2026-09-04,2026-09-24,7.59,5.7,9.83,Chronos
650154,2026-09-04,2026-09-25,7.55,5.58,9.85,Chronos
650154,2026-09-04,2026-09-26,7.56,5.53,10.0,Chronos
650154,2026-09-04,2026-09-27,7.54,5.44,10.05,Chronos
650154,2026-09-04,2026-09-28,7.54,5.38,10.06,Chronos
650154,2026-09-04,2026-09-29,7.54,5.33,10.1,Chronos
650154,2026-09-04,2026-09-30,7.52,5.27,10.22,Chronos
650154,2026-09-04,2026-10-01,7.52,5.19,10.37,Chronos
650154,2026-09-04,2026-10-02,7.5,5.12,10.55,Chronos
650154,2026-09-04,2026-10-03,7.46,5.0,10.68,Chronos
650154,2026-09-04,2026-10-04,7.43,5.02,10.58,Chronos
650155,2026-09-04,2026-09-05,7.26,7.11,7.41,Chronos
650155,2026-09-04,2026-09-06,7.32,7.06,7.53,Chronos
650155,2026-09-04,2026-09-07,7.36,7.01,7.66,Chronos
650155,2026-09-04,2026-09-08,7.43,7.03,7.84,Chronos
650155,2026-09-04,2026-09-09,7.49,7.02,8.06,Chronos
650155,2026-09-04,2026-09-10,7.57,7.02,8.2,Chronos
650155,2026-09-04,2026-09-11,7.61,7.0,8.31,Chronos
650155,2026-09-04,2026-09-12,7.66,6.99,8.42,Chronos
650155,2026-09-04,2026-09-13,7.71,6.93,8.62,Chronos
650155,2026-09-04,2026-09-14,7.77,6.93,8.73,Chronos
650155,2026-09-04,2026-09-15,7.81,6.86,8.88,Chronos
650155,2026-09-04,2026-09-16,7.86,6.83,9.09,Chronos
650155,2026-09-04,2026-09-17,7.9,6.71,9.26,Chronos
650155,2026-09-04,2026-09-18,7.95,6.73,9.33,Chronos
650155,2026-09-04,2026-09-19,7.97,6.61,9.55,Chronos
650155,2026-09-04,2026-09-20,7.97,6.57,9.5,Chronos
650155,2026-09-04,2026-09-21,8.22,6.82,9.97,Chronos
650155,2026-09-04,2026-09-22,8.27,6.79,10.04,Chronos
650155,2026-09-04,2026-09-23,8.29,6.76,10.1,Chronos
650155,2026-09-04,2026-09-24,8.3,6.75,10.25,Chronos
650155,2026-09-04,2026-09-25,8.29,6.64,10.29,Chronos
650155,2026-09-04,2026-09-26,8.28,6.6,10.44,Chronos
650155,2026-09-04,2026-09-27,8.27,6.52,10.53,Chronos
650155,2026-09-04,2026-09-28,8.26,6.47,10.49,Chronos
650155,2026-09-04,2026-09-29,8.25,6.39,10.52,Chronos
650155,2026-09-04,2026-09-30,8.23,6.32,10.57,Chronos
650155,2026-09-04,2026-10-01,8.19,6.26,10.62,Chronos
650155,2026-09-04,2026-10-02,8.15,6.23,10.62,Chronos
650155,2026-09-04,2026-10-03,8.07,6.1,10.65,Chronos
650155,2026-09-04,2026-10-04,8.02,6.09,10.58,Chronos
650156,2026-09-04,2026-09-05,32.51,31.17,33.99,Chronos
650156,2026-09-04,2026-09-06,32.67,30.21,35.18,Chronos
650156,2026-09-04,2026-09-07,33.05,29.49,36.57,Chronos
650156,2026-09-04,2026-09-08,33.25,28.73,38.18,Chronos
650156,2026-09-04,2026-09-09,33.51,28.27,39.09,Chronos
650156,2026-09-04,2026-09-10,33.62,27.13,40.41,Chronos
650156,2026-09-04,2026-09-11,33.48,26.2,41.05,Chronos
650156,2026-09-04,2026-09-12,33.83,25.62,42.0,Chronos
650156,2026-09-04,2026-09-13,34.07,25.14,42.64,Chronos
650156,2026-09-04,2026-09-14,33.79,24.55,43.47,Chronos
650156,2026-09-04,2026-09-15,34.07,23.65,44.4,Chronos
650156,2026-09-04,2026-09-16,34.06,22.41,45.27,Chronos
650156,2026-09-04,2026-09-17,33.92,21.33,45.72,Chronos
650156,2026-09-04,2026-09-18,33.76,20.6,45.85,Chronos
650156,2026-09-04,2026-09-19,33.61,20.01,46.07,Chronos
650156,2026-09-04,2026-09-20,32.99,19.33,45.87,Chronos
650156,2026-09-04,2026-09-21,32.92,17.94,50.61,Chronos
650156,2026-09-04,2026-09-22,32.55,16.96,50.88,Chronos
650156,2026-09-04,2026-09-23,32.27,15.99,51.28,Chronos
650156,2026-09-04,2026-09-24,31.97,15.48,51.53,Chronos
650156,2026-09-04,2026-09-25,31.59,14.98,52.04,Chronos
650156,2026-09-04,2026-09-26,31.13,14.25,53.03,Chronos
650156,2026-09-04,2026-09-27,30.78,13.92,53.34,Chronos
650156,2026-09-04,2026-09-28,30.76,13.68,52.94,Chronos
650156,2026-09-04,2026-09-29,30.61,13.11,52.76,Chronos
650156,2026-09-04,2026-09-30,30.29,12.16,53.81,Chronos
650156,2026-09-04,2026-10-01,29.99,12.24,54.09,Chronos
650156,2026-09-04,2026-10-02,29.63,12.17,53.87,Chronos
650156,2026-09-04,2026-10-03,28.98,11.74,54.01,Chronos
650156,2026-09-04,2026-10-04,28.76,11.14,53.85,Chronos
650157,2026-09-04,2026-09-05,8.49,8.32,8.67,Chronos
650157,2026-09-04,2026-09-06,8.46,8.15,8.79,Chronos
650157,2026-09-04,2026-09-07,8.43,7.97,8.9,Chronos
650157,2026-09-04,2026-09-08,8.41,7.9,8.96,Chronos
650157,2026-09-04,2026-09-09,8.4,7.82,9.11,Chronos
650157,2026-09-04,2026-09-10,8.4,7.73,9.18,Chronos
650157,2026-09-04,2026-09-11,8.37,7.65,9.24,Chronos
650157,2026-09-04,2026-09-12,8.35,7.58,9.33,Chronos
650157,2026-09-04,2026-09-13,8.33,7.45,9.47,Chronos
650157,2026-09-04,2026-09-14,8.33,7.43,9.52,Chronos
650157,2026-09-04,2026-09-15,8.31,7.24,9.63,Chronos
650157,2026-09-04,2026-09-16,8.29,7.15,9.75,Chronos
650157,2026-09-04,2026-09-17,8.26,6.92,9.91,Chronos
650157,2026-09-04,2026-09-18,8.26,6.9,9.95,Chronos
650157,2026-09-04,2026-09-19,8.22,6.76,9.97,Chronos
650157,2026-09-04,2026-09-20,8.21,6.71,9.97,Chronos
650157,2026-09-04,2026-09-21,8.31,6.43,10.24,Chronos
650157,2026-09-04,2026-09-22,8.3,6.31,10.34,Chronos
650157,2026-09-04,2026-09-23,8.28,6.11,10.38,Chronos
650157,2026-09-04,2026-09-24,8.24,6.02,10.51,Chronos
650157,2026-09-04,2026-09-25,8.17,5.89,10.58,Chronos
650157,2026-09-04,2026-09-26,8.17,5.77,10.64,Chronos
650157,2026-09-04,2026-09-27,8.15,5.6,10.64,Chronos
650157,2026-09-04,2026-09-28,8.12,5.54,10.7,Chronos
650157,2026-09-04,2026-09-29,8.1,5.48,10.76,Chronos
650157,2026-09-04,2026-09-30,8.08,5.39,10.86,Chronos
650157,2026-09-04,2026-10-01,8.07,5.3,10.99,Chronos
650157,2026-09-04,2026-10-02,8.06,5.21,11.11,Chronos
650157,2026-09-04,2026-10-03,8.02,5.07,11.21,Chronos
650157,2026-09-04,2026-10-04,7.97,5.06,11.17,Chronos
651106,2026-09-04,2026-09-05,2435.72,2339.85,2535.78,Chronos
651106,2026-09-04,2026-09-06,2444.4,2342.72,2559.26,Chronos
651106,2026-09-04,2026-09-07,2452.84,2334.38,2577.11,Chronos
651106,2026-09-04,2026-09-08,2469.97,2344.4,2595.24,Chronos
651106,2026-09-04,2026-09-09,2481.05,2342.21,2625.3,Chronos
651106,2026-09-04,2026-09-10,2482.65,2334.4,2640.39,Chronos
651106,2026-09-04,2026-09-11,2509.96,2360.99,2675.13,Chronos
651106,2026-09-04,2026-09-12,2530.19,2368.18,2714.77,Chronos
651106,2026-09-04,2026-09-13,2554.1,2391.83,2749.94,Chronos
651106,2026-09-04,2026-09-14,2566.45,2388.97,2774.77,Chronos
651106,2026-09-04,2026-09-15,2587.91,2406.34,2792.95,Chronos
651106,2026-09-04,2026-09-16,2595.99,2395.86,2823.81,Chronos
651106,2026-09-04,2026-09-17,2596.96,2388.72,2842.66,Chronos
651106,2026-09-04,2026-09-18,2621.05,2395.8,2853.54,Chronos
651106,2026-09-04,2026-09-19,2633.17,2396.98,2904.18,Chronos
651106,2026-09-04,2026-09-20,2650.31,2415.26,2938.7,Chronos
651106,2026-09-04,2026-09-21,2778.09,2505.58,3077.15,Chronos
651106,2026-09-04,2026-09-22,2789.35,2513.49,3093.35,Chronos
651106,2026-09-04,2026-09-23,2797.55,2495.74,3120.06,Chronos
651106,2026-09-04,2026-09-24,2814.9,2515.05,3133.42,Chronos
651106,2026-09-04,2026-09-25,2824.5,2497.54,3166.35,Chronos
651106,2026-09-04,2026-09-26,2818.18,2486.59,3169.37,Chronos
651106,2026-09-04,2026-09-27,2846.0,2507.99,3216.78,Chronos
651106,2026-09-04,2026-09-28,2860.52,2508.43,3254.53,Chronos
651106,2026-09-04,2026-09-29,2887.0,2522.72,3304.75,Chronos
651106,2026-09-04,2026-09-30,2894.1,2512.96,3326.91,Chronos
651106,2026-09-04,2026-10-01,2916.79,2525.51,3335.14,Chronos
651106,2026-09-04,2026-10-02,2922.65,2515.23,3369.65,Chronos
651106,2026-09-04,2026-10-03,2921.14,2512.36,3388.53,Chronos
651106,2026-09-04,2026-10-04,2957.02,2515.74,3413.7,Chronos
651107,2026-09-04,2026-09-05,1341.36,1313.66,1377.11,Chronos
651107,2026-09-04,2026-09-06,1345.0,1309.87,1384.31,Chronos
651107,2026-09-04,2026-09-07,1347.93,1310.54,1392.18,Chronos
651107,2026-09-04,2026-09-08,1350.93,1312.06,1402.35,Chronos
651107,2026-09-04,2026-09-09,1355.14,1308.93,1417.78,Chronos
651107,2026-09-04,2026-09-10,1357.3,1307.02,1427.62,Chronos
651107,2026-09-04,2026-09-11,1365.87,1312.31,1439.65,Chronos
651107,2026-09-04,2026-09-12,1371.86,1311.86,1452.92,Chronos
651107,2026-09-04,2026-09-13,1382.0,1317.36,1469.26,Chronos
651107,2026-09-04,2026-09-14,1386.71,1317.99,1486.64,Chronos
651107,2026-09-04,2026-09-15,1393.53,1320.42,1502.58,Chronos
651107,2026-09-04,2026-09-16,1397.91,1319.03,1527.58,Chronos
651107,2026-09-04,2026-09-17,1397.48,1315.48,1555.05,Chronos
651107,2026-09-04,2026-09-18,1406.99,1314.91,1563.77,Chronos
651107,2026-09-04,2026-09-19,1418.92,1318.04,1574.1,Chronos
651107,2026-09-04,2026-09-20,1419.41,1325.36,1587.76,Chronos
651107,2026-09-04,2026-09-21,1447.59,1326.56,1686.38,Chronos
651107,2026-09-04,2026-09-22,1447.94,1314.81,1704.86,Chronos
651107,2026-09-04,2026-09-23,1450.68,1300.75,1722.35,Chronos
651107,2026-09-04,2026-09-24,1452.64,1309.73,1758.03,Chronos
651107,2026-09-04,2026-09-25,1459.16,1296.52,1772.21,Chronos
651107,2026-09-04,2026-09-26,1457.98,1291.34,1803.32,Chronos
651107,2026-09-04,2026-09-27,1472.44,1298.19,1841.03,Chronos
651107,2026-09-04,2026-09-28,1480.18,1297.14,1875.1,Chronos
651107,2026-09-04,2026-09-29,1499.73,1293.87,1943.33,Chronos
651107,2026-09-04,2026-09-30,1510.05,1293.81,1975.2,Chronos
651107,2026-09-04,2026-10-01,1519.09,1290.89,2028.98,Chronos
651107,2026-09-04,2026-10-02,1515.24,1290.91,2079.36,Chronos
651107,2026-09-04,2026-10-03,1514.85,1281.94,2105.79,Chronos
651107,2026-09-04,2026-10-04,1522.83,1264.83,2079.23,Chronos
651108,2026-09-04,2026-09-05,315.54,308.32,323.02,Chronos
651108,2026-09-04,2026-09-06,315.87,306.78,324.29,Chronos
651108,2026-09-04,2026-09-07,315.92,305.47,325.55,Chronos
651108,2026-09-04,2026-09-08,315.32,304.09,326.57,Chronos
651108,2026-09-04,2026-09-09,315.64,302.11,329.09,Chronos
651108,2026-09-04,2026-09-10,315.32,301.04,330.64,Chronos
651108,2026-09-04,2026-09-11,316.03,300.35,332.56,Chronos
651108,2026-09-04,2026-09-12,315.88,298.29,334.06,Chronos
651108,2026-09-04,2026-09-13,317.06,298.34,336.49,Chronos
651108,2026-09-04,2026-09-14,317.23,296.92,338.17,Chronos
651108,2026-09-04,2026-09-15,317.63,296.49,341.09,Chronos
651108,2026-09-04,2026-09-16,317.91,295.73,343.33,Chronos
651108,2026-09-04,2026-09-17,317.12,294.34,346.19,Chronos
651108,2026-09-04,2026-09-18,318.31,292.5,346.73,Chronos
651108,2026-09-04,2026-09-19,319.04,290.34,347.75,Chronos
651108,2026-09-04,2026-09-20,317.97,289.48,349.05,Chronos
651108,2026-09-04,2026-09-21,319.21,291.62,349.28,Chronos
651108,2026-09-04,2026-09-22,318.55,290.29,349.53,Chronos
651108,2026-09-04,2026-09-23,318.21,286.54,350.76,Chronos
651108,2026-09-04,2026-09-24,317.9,284.6,353.37,Chronos
651108,2026-09-04,2026-09-25,318.13,284.23,352.7,Chronos
651108,2026-09-04,2026-09-26,316.97,281.9,354.6,Chronos
651108,2026-09-04,2026-09-27,317.53,280.02,356.36,Chronos
651108,2026-09-04,2026-09-28,317.82,278.64,357.77,Chronos
651108,2026-09-04,2026-09-29,319.07,277.24,359.21,Chronos
651108,2026-09-04,2026-09-30,318.66,277.81,359.98,Chronos
651108,2026-09-04,2026-10-01,318.65,272.91,363.17,Chronos
651108,2026-09-04,2026-10-02,318.12,271.42,363.97,Chronos
651108,2026-09-04,2026-10-03,316.96,268.38,364.63,Chronos
651108,2026-09-04,2026-10-04,316.82,265.61,362.45,Chronos
651110,2026-09-04,2026-09-05,297.48,291.71,302.42,Chronos
651110,2026-09-04,2026-09-06,297.65,289.22,303.47,Chronos
651110,2026-09-04,2026-09-07,297.78,288.02,304.76,Chronos
651110,2026-09-04,2026-09-08,297.44,288.3,306.94,Chronos
651110,2026-09-04,2026-09-09,297.74,285.07,309.1,Chronos
651110,2026-09-04,2026-09-10,297.07,282.68,309.99,Chronos
651110,2026-09-04,2026-09-11,297.86,282.83,311.34,Chronos
651110,2026-09-04,2026-09-12,298.13,280.77,313.39,Chronos
651110,2026-09-04,2026-09-13,299.03,279.56,315.24,Chronos
651110,2026-09-04,2026-09-14,298.62,277.94,316.96,Chronos
651110,2026-09-04,2026-09-15,298.31,275.05,319.38,Chronos
651110,2026-09-04,2026-09-16,298.23,273.96,321.09,Chronos
651110,2026-09-04,2026-09-17,296.83,270.97,323.51,Chronos
651110,2026-09-04,2026-09-18,297.86,266.84,323.79,Chronos
651110,2026-09-04,2026-09-19,299.55,263.92,325.31,Chronos
651110,2026-09-04,2026-09-20,297.78,264.01,326.66,Chronos
651110,2026-09-04,2026-09-21,299.96,257.66,327.89,Chronos
651110,2026-09-04,2026-09-22,300.21,259.01,328.46,Chronos
651110,2026-09-04,2026-09-23,299.75,255.72,329.66,Chronos
651110,2026-09-04,2026-09-24,299.04,251.45,331.53,Chronos
651110,2026-09-04,2026-09-25,298.94,249.72,331.44,Chronos
651110,2026-09-04,2026-09-26,297.66,244.99,332.71,Chronos
651110,2026-09-04,2026-09-27,298.78,242.98,334.53,Chronos
651110,2026-09-04,2026-09-28,298.77,239.22,336.17,Chronos
651110,2026-09-04,2026-09-29,299.93,237.84,336.85,Chronos
651110,2026-09-04,2026-09-30,298.92,237.09,338.57,Chronos
651110,2026-09-04,2026-10-01,298.35,231.37,341.63,Chronos
651110,2026-09-04,2026-10-02,298.08,226.19,343.73,Chronos
651110,2026-09-04,2026-10-03,297.1,221.27,346.09,Chronos
651110,2026-09-04,2026-10-04,297.84,218.84,344.13,Chronos
651111,2026-09-04,2026-09-05,193.88,191.75,195.94,Chronos
651111,2026-09-04,2026-09-06,193.97,190.95,196.6,Chronos
651111,2026-09-04,2026-09-07,194.01,190.5,196.89,Chronos
651111,2026-09-04,2026-09-08,193.62,190.13,197.29,Chronos
651111,2026-09-04,2026-09-09,193.9,189.4,198.21,Chronos
651111,2026-09-04,2026-09-10,193.74,188.71,198.9,Chronos
651111,2026-09-04,2026-09-11,194.16,188.85,199.46,Chronos
651111,2026-09-04,2026-09-12,194.44,188.1,200.41,Chronos
651111,2026-09-04,2026-09-13,195.05,188.23,201.1,Chronos
651111,2026-09-04,2026-09-14,195.1,188.02,202.44,Chronos
651111,2026-09-04,2026-09-15,195.14,187.69,202.51,Chronos
651111,2026-09-04,2026-09-16,195.09,186.88,202.45,Chronos
651111,2026-09-04,2026-09-17,194.4,186.11,203.15,Chronos
651111,2026-09-04,2026-09-18,195.07,185.89,202.7,Chronos
651111,2026-09-04,2026-09-19,195.73,185.69,204.25,Chronos
651111,2026-09-04,2026-09-20,195.23,186.08,205.04,Chronos
651111,2026-09-04,2026-09-21,197.17,186.43,206.58,Chronos
651111,2026-09-04,2026-09-22,197.31,186.14,206.94,Chronos
651111,2026-09-04,2026-09-23,197.35,184.53,207.35,Chronos
651111,2026-09-04,2026-09-24,196.89,184.56,208.09,Chronos
651111,2026-09-04,2026-09-25,197.15,183.49,208.85,Chronos
651111,2026-09-04,2026-09-26,197.08,182.83,209.18,Chronos
651111,2026-09-04,2026-09-27,197.38,183.01,210.01,Chronos
651111,2026-09-04,2026-09-28,197.68,182.12,211.06,Chronos
651111,2026-09-04,2026-09-29,198.41,181.76,211.86,Chronos
651111,2026-09-04,2026-09-30,198.32,181.36,212.52,Chronos
651111,2026-09-04,2026-10-01,198.08,179.81,213.24,Chronos
651111,2026-09-04,2026-10-02,198.03,180.11,213.02,Chronos
651111,2026-09-04,2026-10-03,197.43,179.2,213.71,Chronos
651111,2026-09-04,2026-10-04,197.86,178.23,212.76,Chronos
651112,2026-09-04,2026-09-05,694.45,679.87,711.34,Chronos
651112,2026-09-04,2026-09-06,696.09,676.56,715.34,Chronos
651112,2026-09-04,2026-09-07,696.59,674.37,718.87,Chronos
651112,2026-09-04,2026-09-08,697.33,674.62,724.25,Chronos
651112,2026-09-04,2026-09-09,700.29,670.86,732.0,Chronos
651112,2026-09-04,2026-09-10,702.66,671.1,739.46,Chronos
651112,2026-09-04,2026-09-11,705.95,671.56,744.84,Chronos
651112,2026-09-04,2026-09-12,707.47,669.11,750.95,Chronos
651112,2026-09-04,2026-09-13,712.45,670.27,758.35,Chronos
651112,2026-09-04,2026-09-14,715.47,670.38,767.98,Chronos
651112,2026-09-04,2026-09-15,717.58,669.84,771.19,Chronos
651112,2026-09-04,2026-09-16,719.04,667.37,777.56,Chronos
651112,2026-09-04,2026-09-17,717.64,665.36,784.0,Chronos
651112,2026-09-04,2026-09-18,723.85,665.74,783.69,Chronos
651112,2026-09-04,2026-09-19,727.81,666.76,793.38,Chronos
651112,2026-09-04,2026-09-20,725.77,668.9,798.89,Chronos
651112,2026-09-04,2026-09-21,736.71,675.98,802.54,Chronos
651112,2026-09-04,2026-09-22,739.01,673.55,806.36,Chronos
651112,2026-09-04,2026-09-23,740.16,667.66,809.51,Chronos
651112,2026-09-04,2026-09-24,740.27,668.47,817.17,Chronos
651112,2026-09-04,2026-09-25,741.82,663.98,820.31,Chronos
651112,2026-09-04,2026-09-26,740.73,661.77,822.9,Chronos
651112,2026-09-04,2026-09-27,745.38,664.22,830.48,Chronos
651112,2026-09-04,2026-09-28,747.34,662.22,836.64,Chronos
651112,2026-09-04,2026-09-29,752.26,659.46,844.03,Chronos
651112,2026-09-04,2026-09-30,753.72,658.98,848.77,Chronos
651112,2026-09-04,2026-10-01,754.92,653.87,853.18,Chronos
651112,2026-09-04,2026-10-02,754.45,654.84,857.38,Chronos
651112,2026-09-04,2026-10-03,750.96,652.86,860.25,Chronos
651112,2026-09-04,2026-10-04,756.66,647.15,859.24,Chronos
651113,2026-09-04,2026-09-05,242.96,239.24,245.79,Chronos
651113,2026-09-04,2026-09-06,243.66,238.99,247.4,Chronos
651113,2026-09-04,2026-09-07,243.94,237.78,248.98,Chronos
651113,2026-09-04,2026-09-08,244.12,237.48,250.44,Chronos
651113,2026-09-04,2026-09-09,244.9,236.45,253.02,Chronos
651113,2026-09-04,2026-09-10,245.32,235.82,254.78,Chronos
651113,2026-09-04,2026-09-11,246.2,236.11,256.48,Chronos
651113,2026-09-04,2026-09-12,246.8,235.19,258.46,Chronos
651113,2026-09-04,2026-09-13,247.64,235.03,260.24,Chronos
651113,2026-09-04,2026-09-14,248.06,234.49,261.8,Chronos
651113,2026-09-04,2026-09-15,248.37,233.74,263.69,Chronos
651113,2026-09-04,2026-09-16,248.91,233.48,265.49,Chronos
651113,2026-09-04,2026-09-17,248.89,232.91,267.71,Chronos
651113,2026-09-04,2026-09-18,250.24,231.82,268.1,Chronos
651113,2026-09-04,2026-09-19,251.0,231.0,269.74,Chronos
651113,2026-09-04,2026-09-20,251.04,232.23,271.27,Chronos
651113,2026-09-04,2026-09-21,252.36,230.17,271.94,Chronos
651113,2026-09-04,2026-09-22,252.89,230.48,273.29,Chronos
651113,2026-09-04,2026-09-23,252.98,228.3,274.45,Chronos
651113,2026-09-04,2026-09-24,252.99,227.75,276.48,Chronos
651113,2026-09-04,2026-09-25,253.56,227.66,276.38,Chronos
651113,2026-09-04,2026-09-26,252.85,225.96,277.92,Chronos
651113,2026-09-04,2026-09-27,253.37,225.49,279.2,Chronos
651113,2026-09-04,2026-09-28,253.76,224.43,280.63,Chronos
651113,2026-09-04,2026-09-29,254.54,223.06,282.49,Chronos
651113,2026-09-04,2026-09-30,254.55,223.0,282.82,Chronos
651113,2026-09-04,2026-10-01,254.44,219.95,284.9,Chronos
651113,2026-09-04,2026-10-02,254.5,219.76,285.91,Chronos
651113,2026-09-04,2026-10-03,253.97,218.59,286.63,Chronos
651113,2026-09-04,2026-10-04,254.62,217.33,285.33,Chronos
651114,2026-09-04,2026-09-05,254.35,251.98,256.49,Chronos
651114,2026-09-04,2026-09-06,254.32,250.14,256.58,Chronos
651114,2026-09-04,2026-09-07,254.36,249.78,256.87,Chronos
651114,2026-09-04,2026-09-08,253.64,249.99,257.49,Chronos
651114,2026-09-04,2026-09-09,253.83,248.0,258.34,Chronos
651114,2026-09-04,2026-09-10,253.47,246.85,258.63,Chronos
651114,2026-09-04,2026-09-11,253.94,247.03,259.43,Chronos
651114,2026-09-04,2026-09-12,254.05,246.04,260.05,Chronos
651114,2026-09-04,2026-09-13,254.53,244.67,260.81,Chronos
651114,2026-09-04,2026-09-14,254.34,244.62,261.51,Chronos
651114,2026-09-04,2026-09-15,253.97,242.2,261.86,Chronos
651114,2026-09-04,2026-09-16,253.59,241.39,261.41,Chronos
651114,2026-09-04,2026-09-17,252.45,239.19,261.97,Chronos
651114,2026-09-04,2026-09-18,252.91,236.15,261.11,Chronos
651114,2026-09-04,2026-09-19,253.82,234.46,262.47,Chronos
651114,2026-09-04,2026-09-20,252.88,235.41,263.6,Chronos
651114,2026-09-04,2026-09-21,253.39,232.13,264.99,Chronos
651114,2026-09-04,2026-09-22,253.56,233.68,264.6,Chronos
651114,2026-09-04,2026-09-23,253.3,230.44,264.73,Chronos
651114,2026-09-04,2026-09-24,252.4,227.54,265.42,Chronos
651114,2026-09-04,2026-09-25,252.58,226.95,265.49,Chronos
651114,2026-09-04,2026-09-26,251.95,224.3,266.19,Chronos
651114,2026-09-04,2026-09-27,252.26,221.89,266.94,Chronos
651114,2026-09-04,2026-09-28,252.68,220.52,267.3,Chronos
651114,2026-09-04,2026-09-29,253.45,219.58,267.56,Chronos
651114,2026-09-04,2026-09-30,252.71,220.47,267.76,Chronos
651114,2026-09-04,2026-10-01,252.65,216.39,268.99,Chronos
651114,2026-09-04,2026-10-02,252.35,215.09,269.57,Chronos
651114,2026-09-04,2026-10-03,251.43,212.83,270.33,Chronos
651114,2026-09-04,2026-10-04,251.66,210.18,269.13,Chronos
651116,2026-09-04,2026-09-05,575.06,569.53,579.83,Chronos
651116,2026-09-04,2026-09-06,575.56,567.18,581.44,Chronos
651116,2026-09-04,2026-09-07,576.46,567.16,582.66,Chronos
651116,2026-09-04,2026-09-08,575.29,566.91,583.95,Chronos
651116,2026-09-04,2026-09-09,576.35,564.08,586.89,Chronos
651116,2026-09-04,2026-09-10,576.46,563.21,589.25,Chronos
651116,2026-09-04,2026-09-11,576.8,562.86,589.97,Chronos
651116,2026-09-04,2026-09-12,578.2,561.44,593.05,Chronos
651116,2026-09-04,2026-09-13,579.6,561.52,594.38,Chronos
651116,2026-09-04,2026-09-14,579.58,561.18,597.54,Chronos
651116,2026-09-04,2026-09-15,579.8,559.65,597.0,Chronos
651116,2026-09-04,2026-09-16,579.78,558.12,597.86,Chronos
651116,2026-09-04,2026-09-17,577.85,555.52,600.58,Chronos
651116,2026-09-04,2026-09-18,579.28,554.69,598.52,Chronos
651116,2026-09-04,2026-09-19,580.87,553.68,602.24,Chronos
651116,2026-09-04,2026-09-20,579.22,554.11,603.73,Chronos
651116,2026-09-04,2026-09-21,580.96,550.54,603.51,Chronos
651116,2026-09-04,2026-09-22,581.34,549.08,604.13,Chronos
651116,2026-09-04,2026-09-23,582.18,546.68,605.43,Chronos
651116,2026-09-04,2026-09-24,581.14,547.18,607.97,Chronos
651116,2026-09-04,2026-09-25,581.35,543.39,609.73,Chronos
651116,2026-09-04,2026-09-26,581.25,541.32,610.45,Chronos
651116,2026-09-04,2026-09-27,581.54,541.83,611.67,Chronos
651116,2026-09-04,2026-09-28,583.27,540.14,615.5,Chronos
651116,2026-09-04,2026-09-29,584.92,537.79,617.25,Chronos
651116,2026-09-04,2026-09-30,584.42,537.93,619.34,Chronos
651116,2026-09-04,2026-10-01,584.0,532.76,618.94,Chronos
651116,2026-09-04,2026-10-02,583.58,531.62,618.33,Chronos
651116,2026-09-04,2026-10-03,580.59,526.28,619.84,Chronos
651116,2026-09-04,2026-10-04,581.77,521.31,616.94,Chronos
651117,2026-09-04,2026-09-05,292.74,289.92,294.9,Chronos
651117,2026-09-04,2026-09-06,292.72,287.38,296.46,Chronos
651117,2026-09-04,2026-09-07,292.18,284.62,297.94,Chronos
651117,2026-09-04,2026-09-08,291.8,283.44,298.86,Chronos
651117,2026-09-04,2026-09-09,291.53,281.64,300.6,Chronos
651117,2026-09-04,2026-09-10,291.11,279.7,301.19,Chronos
651117,2026-09-04,2026-09-11,291.02,278.16,302.33,Chronos
651117,2026-09-04,2026-09-12,290.8,276.26,303.29,Chronos
651117,2026-09-04,2026-09-13,290.58,274.6,304.49,Chronos
651117,2026-09-04,2026-09-14,290.4,273.52,305.08,Chronos
651117,2026-09-04,2026-09-15,289.76,270.75,306.07,Chronos
651117,2026-09-04,2026-09-16,289.51,268.92,306.91,Chronos
651117,2026-09-04,2026-09-17,288.91,266.0,307.85,Chronos
651117,2026-09-04,2026-09-18,288.43,264.25,308.55,Chronos
651117,2026-09-04,2026-09-19,287.66,261.34,308.7,Chronos
651117,2026-09-04,2026-09-20,287.25,260.1,308.9,Chronos
651117,2026-09-04,2026-09-21,287.43,253.97,309.48,Chronos
651117,2026-09-04,2026-09-22,287.22,250.84,310.86,Chronos
651117,2026-09-04,2026-09-23,286.65,247.59,311.04,Chronos
651117,2026-09-04,2026-09-24,286.28,245.77,312.77,Chronos
651117,2026-09-04,2026-09-25,285.2,243.68,312.88,Chronos
651117,2026-09-04,2026-09-26,285.09,241.25,313.75,Chronos
651117,2026-09-04,2026-09-27,284.41,238.51,314.15,Chronos
651117,2026-09-04,2026-09-28,283.99,236.93,315.35,Chronos
651117,2026-09-04,2026-09-29,283.57,236.03,315.51,Chronos
651117,2026-09-04,2026-09-30,283.46,233.66,316.76,Chronos
651117,2026-09-04,2026-10-01,282.65,232.04,317.65,Chronos
651117,2026-09-04,2026-10-02,282.15,230.79,318.62,Chronos
651117,2026-09-04,2026-10-03,281.55,229.17,319.23,Chronos
651117,2026-09-04,2026-10-04,280.86,227.47,318.97,Chronos
651118,2026-09-04,2026-09-05,179.51,176.89,181.65,Chronos
651118,2026-09-04,2026-09-06,179.74,176.27,182.14,Chronos
651118,2026-09-04,2026-09-07,179.99,176.37,182.46,Chronos
651118,2026-09-04,2026-09-08,179.62,176.26,182.96,Chronos
651118,2026-09-04,2026-09-09,179.85,174.91,183.81,Chronos
651118,2026-09-04,2026-09-10,179.84,174.67,184.42,Chronos
651118,2026-09-04,2026-09-11,179.97,174.37,184.73,Chronos
651118,2026-09-04,2026-09-12,180.19,173.47,185.54,Chronos
651118,2026-09-04,2026-09-13,180.75,173.33,186.31,Chronos
651118,2026-09-04,2026-09-14,180.9,172.92,187.32,Chronos
651118,2026-09-04,2026-09-15,180.88,172.02,187.84,Chronos
651118,2026-09-04,2026-09-16,180.89,171.47,187.82,Chronos
651118,2026-09-04,2026-09-17,180.58,170.38,188.8,Chronos
651118,2026-09-04,2026-09-18,181.1,168.96,188.81,Chronos
651118,2026-09-04,2026-09-19,181.74,168.09,189.84,Chronos
651118,2026-09-04,2026-09-20,181.31,168.68,190.72,Chronos
651118,2026-09-04,2026-09-21,184.17,167.39,196.95,Chronos
651118,2026-09-04,2026-09-22,184.1,167.78,197.0,Chronos
651118,2026-09-04,2026-09-23,183.82,166.0,197.27,Chronos
651118,2026-09-04,2026-09-24,183.58,164.78,198.35,Chronos
651118,2026-09-04,2026-09-25,183.81,165.02,198.43,Chronos
651118,2026-09-04,2026-09-26,183.6,163.4,199.36,Chronos
651118,2026-09-04,2026-09-27,183.71,162.63,199.88,Chronos
651118,2026-09-04,2026-09-28,183.73,161.47,200.42,Chronos
651118,2026-09-04,2026-09-29,184.55,160.94,201.24,Chronos
651118,2026-09-04,2026-09-30,184.31,161.13,201.83,Chronos
651118,2026-09-04,2026-10-01,184.29,158.08,203.42,Chronos
651118,2026-09-04,2026-10-02,184.28,156.7,204.11,Chronos
651118,2026-09-04,2026-10-03,183.52,154.37,204.65,Chronos
651118,2026-09-04,2026-10-04,183.69,152.72,204.23,Chronos
651119,2026-09-04,2026-09-05,515.92,508.6,521.55,Chronos
651119,2026-09-04,2026-09-06,516.63,504.57,522.12,Chronos
651119,2026-09-04,2026-09-07,516.75,502.93,524.43,Chronos
651119,2026-09-04,2026-09-08,514.79,501.12,527.08,Chronos
651119,2026-09-04,2026-09-09,514.11,494.64,529.34,Chronos
651119,2026-09-04,2026-09-10,512.09,488.97,529.37,Chronos
651119,2026-09-04,2026-09-11,512.0,486.61,531.28,Chronos
651119,2026-09-04,2026-09-12,512.08,482.14,532.55,Chronos
651119,2026-09-04,2026-09-13,512.25,476.66,533.56,Chronos
651119,2026-09-04,2026-09-14,510.61,475.25,534.96,Chronos
651119,2026-09-04,2026-09-15,510.49,465.96,537.63,Chronos
651119,2026-09-04,2026-09-16,509.88,456.63,540.67,Chronos
651119,2026-09-04,2026-09-17,507.81,446.18,542.43,Chronos
651119,2026-09-04,2026-09-18,507.95,437.33,540.13,Chronos
651119,2026-09-04,2026-09-19,507.78,434.27,543.26,Chronos
651119,2026-09-04,2026-09-20,504.94,430.65,542.77,Chronos
651119,2026-09-04,2026-09-21,508.35,425.16,548.49,Chronos
651119,2026-09-04,2026-09-22,507.85,418.58,550.17,Chronos
651119,2026-09-04,2026-09-23,507.74,412.79,549.57,Chronos
651119,2026-09-04,2026-09-24,505.48,411.25,550.79,Chronos
651119,2026-09-04,2026-09-25,507.08,410.8,551.04,Chronos
651119,2026-09-04,2026-09-26,504.81,406.23,553.21,Chronos
651119,2026-09-04,2026-09-27,505.21,403.51,552.97,Chronos
651119,2026-09-04,2026-09-28,504.57,401.61,554.24,Chronos
651119,2026-09-04,2026-09-29,506.0,401.09,554.23,Chronos
651119,2026-09-04,2026-09-30,504.93,394.77,555.69,Chronos
651119,2026-09-04,2026-10-01,506.06,395.75,558.19,Chronos
651119,2026-09-04,2026-10-02,504.48,390.33,559.15,Chronos
651119,2026-09-04,2026-10-03,503.71,385.93,559.93,Chronos
651119,2026-09-04,2026-10-04,503.77,384.45,556.56,Chronos
651120,2026-09-04,2026-09-05,201.03,194.45,205.54,Chronos
651120,2026-09-04,2026-09-06,202.38,192.99,205.23,Chronos
651120,2026-09-04,2026-09-07,201.49,191.47,206.03,Chronos
651120,2026-09-04,2026-09-08,201.48,190.35,208.56,Chronos
651120,2026-09-04,2026-09-09,202.86,188.46,210.99,Chronos
651120,2026-09-04,2026-09-10,202.17,182.71,211.72,Chronos
651120,2026-09-04,2026-09-11,200.18,174.05,212.51,Chronos
651120,2026-09-04,2026-09-12,199.56,162.5,213.17,Chronos
651120,2026-09-04,2026-09-13,193.05,150.19,213.04,Chronos
651120,2026-09-04,2026-09-14,189.52,135.93,213.18,Chronos
651120,2026-09-04,2026-09-15,187.76,131.32,213.78,Chronos
651120,2026-09-04,2026-09-16,184.84,128.83,217.55,Chronos
651120,2026-09-04,2026-09-17,182.1,124.4,218.34,Chronos
651120,2026-09-04,2026-09-18,183.31,120.74,216.09,Chronos
651120,2026-09-04,2026-09-19,182.95,116.31,219.38,Chronos
651120,2026-09-04,2026-09-20,183.59,115.78,218.14,Chronos
651120,2026-09-04,2026-09-21,187.19,107.65,218.37,Chronos
651120,2026-09-04,2026-09-22,186.66,102.87,218.61,Chronos
651120,2026-09-04,2026-09-23,186.02,105.9,217.57,Chronos
651120,2026-09-04,2026-09-24,186.89,104.2,218.46,Chronos
651120,2026-09-04,2026-09-25,188.22,102.39,217.94,Chronos
651120,2026-09-04,2026-09-26,188.63,101.82,221.04,Chronos
651120,2026-09-04,2026-09-27,188.41,100.68,221.45,Chronos
651120,2026-09-04,2026-09-28,187.87,94.97,222.6,Chronos
651120,2026-09-04,2026-09-29,187.16,98.46,220.68,Chronos
651120,2026-09-04,2026-09-30,188.06,97.0,221.89,Chronos
651120,2026-09-04,2026-10-01,187.13,91.86,222.74,Chronos
651120,2026-09-04,2026-10-02,187.56,94.1,224.74,Chronos
651120,2026-09-04,2026-10-03,183.65,92.7,225.58,Chronos
651120,2026-09-04,2026-10-04,184.01,93.22,221.62,Chronos
651121,2026-09-04,2026-09-05,356.37,352.62,360.23,Chronos
651121,2026-09-04,2026-09-06,356.66,351.37,361.1,Chronos
651121,2026-09-04,2026-09-07,357.2,351.14,361.97,Chronos
651121,2026-09-04,2026-09-08,356.12,351.09,362.35,Chronos
651121,2026-09-04,2026-09-09,356.02,348.1,363.65,Chronos
651121,2026-09-04,2026-09-10,355.31,346.65,363.99,Chronos
651121,2026-09-04,2026-09-11,355.77,346.46,365.04,Chronos
651121,2026-09-04,2026-09-12,355.79,344.8,365.97,Chronos
651121,2026-09-04,2026-09-13,356.46,344.59,367.11,Chronos
651121,2026-09-04,2026-09-14,356.43,343.8,368.2,Chronos
651121,2026-09-04,2026-09-15,356.47,343.12,369.28,Chronos
651121,2026-09-04,2026-09-16,356.46,342.14,369.42,Chronos
651121,2026-09-04,2026-09-17,355.52,340.76,370.77,Chronos
651121,2026-09-04,2026-09-18,356.51,339.75,370.63,Chronos
651121,2026-09-04,2026-09-19,357.66,338.44,372.51,Chronos
651121,2026-09-04,2026-09-20,356.48,339.47,373.71,Chronos
651121,2026-09-04,2026-09-21,358.92,338.72,376.55,Chronos
651121,2026-09-04,2026-09-22,359.03,338.6,377.3,Chronos
651121,2026-09-04,2026-09-23,358.87,335.55,377.35,Chronos
651121,2026-09-04,2026-09-24,358.12,334.81,378.78,Chronos
651121,2026-09-04,2026-09-25,358.54,334.34,378.7,Chronos
651121,2026-09-04,2026-09-26,357.73,332.9,379.8,Chronos
651121,2026-09-04,2026-09-27,358.58,333.31,381.21,Chronos
651121,2026-09-04,2026-09-28,358.82,332.15,382.3,Chronos
651121,2026-09-04,2026-09-29,360.06,331.03,384.06,Chronos
651121,2026-09-04,2026-09-30,360.22,330.83,384.22,Chronos
651121,2026-09-04,2026-10-01,360.09,328.14,385.69,Chronos
651121,2026-09-04,2026-10-02,359.88,329.2,385.76,Chronos
651121,2026-09-04,2026-10-03,359.32,328.27,386.99,Chronos
651121,2026-09-04,2026-10-04,360.16,326.52,386.39,Chronos
651122,2026-09-04,2026-09-05,257.63,253.49,260.83,Chronos
651122,2026-09-04,2026-09-06,257.3,251.31,261.25,Chronos
651122,2026-09-04,2026-09-07,256.45,248.87,261.45,Chronos
651122,2026-09-04,2026-09-08,255.23,247.9,261.91,Chronos
651122,2026-09-04,2026-09-09,254.86,245.31,262.48,Chronos
651122,2026-09-04,2026-09-10,253.99,243.1,262.94,Chronos
651122,2026-09-04,2026-09-11,253.59,242.02,263.19,Chronos
651122,2026-09-04,2026-09-12,252.98,239.73,263.55,Chronos
651122,2026-09-04,2026-09-13,252.66,237.24,263.96,Chronos
651122,2026-09-04,2026-09-14,251.93,236.31,265.19,Chronos
651122,2026-09-04,2026-09-15,250.99,232.87,264.59,Chronos
651122,2026-09-04,2026-09-16,250.06,232.44,264.14,Chronos
651122,2026-09-04,2026-09-17,248.62,230.23,264.51,Chronos
651122,2026-09-04,2026-09-18,248.23,225.65,263.53,Chronos
651122,2026-09-04,2026-09-19,247.25,223.54,264.89,Chronos
651122,2026-09-04,2026-09-20,245.75,220.57,264.91,Chronos
651122,2026-09-04,2026-09-21,247.18,219.19,265.27,Chronos
651122,2026-09-04,2026-09-22,246.31,216.51,264.94,Chronos
651122,2026-09-04,2026-09-23,244.93,215.65,264.62,Chronos
651122,2026-09-04,2026-09-24,244.15,213.19,265.99,Chronos
651122,2026-09-04,2026-09-25,244.02,210.11,265.83,Chronos
651122,2026-09-04,2026-09-26,243.21,208.18,266.28,Chronos
651122,2026-09-04,2026-09-27,242.89,205.22,266.95,Chronos
651122,2026-09-04,2026-09-28,241.85,202.24,267.46,Chronos
651122,2026-09-04,2026-09-29,241.32,200.42,268.81,Chronos
651122,2026-09-04,2026-09-30,241.26,199.12,268.42,Chronos
651122,2026-09-04,2026-10-01,240.44,196.54,268.76,Chronos
651122,2026-09-04,2026-10-02,239.23,192.8,268.46,Chronos
651122,2026-09-04,2026-10-03,238.19,189.16,268.48,Chronos
651122,2026-09-04,2026-10-04,236.86,188.97,267.47,Chronos
651123,2026-09-04,2026-09-05,671.98,655.61,689.89,Chronos
651123,2026-09-04,2026-09-06,672.72,653.01,693.91,Chronos
651123,2026-09-04,2026-09-07,670.97,646.11,697.12,Chronos
651123,2026-09-04,2026-09-08,671.52,644.43,702.49,Chronos
651123,2026-09-04,2026-09-09,673.47,641.74,711.87,Chronos
651123,2026-09-04,2026-09-10,675.97,640.28,718.92,Chronos
651123,2026-09-04,2026-09-11,679.65,642.36,725.87,Chronos
651123,2026-09-04,2026-09-12,684.52,643.02,735.78,Chronos
651123,2026-09-04,2026-09-13,693.03,647.78,749.11,Chronos
651123,2026-09-04,2026-09-14,699.25,651.25,759.7,Chronos
651123,2026-09-04,2026-09-15,707.3,655.86,775.67,Chronos
651123,2026-09-04,2026-09-16,711.3,655.79,791.58,Chronos
651123,2026-09-04,2026-09-17,711.26,653.34,802.15,Chronos
651123,2026-09-04,2026-09-18,714.64,652.67,801.35,Chronos
651123,2026-09-04,2026-09-19,715.5,651.06,799.69,Chronos
651123,2026-09-04,2026-09-20,715.88,655.0,806.66,Chronos
651123,2026-09-04,2026-09-21,723.71,658.51,815.16,Chronos
651123,2026-09-04,2026-09-22,724.77,653.43,822.12,Chronos
651123,2026-09-04,2026-09-23,727.29,647.43,828.82,Chronos
651123,2026-09-04,2026-09-24,727.99,646.89,841.05,Chronos
651123,2026-09-04,2026-09-25,731.46,646.12,843.82,Chronos
651123,2026-09-04,2026-09-26,732.29,643.75,855.56,Chronos
651123,2026-09-04,2026-09-27,735.69,645.55,860.08,Chronos
651123,2026-09-04,2026-09-28,738.48,644.44,868.46,Chronos
651123,2026-09-04,2026-09-29,742.64,639.31,873.28,Chronos
651123,2026-09-04,2026-09-30,741.02,637.15,876.47,Chronos
651123,2026-09-04,2026-10-01,739.98,629.58,888.49,Chronos
651123,2026-09-04,2026-10-02,737.31,629.11,896.48,Chronos
651123,2026-09-04,2026-10-03,733.23,624.99,902.19,Chronos
651123,2026-09-04,2026-10-04,735.46,615.99,898.91,Chronos
657885,2026-09-04,2026-09-05,1372.97,1353.47,1393.88,Chronos
657885,2026-09-04,2026-09-06,1372.63,1344.76,1397.85,Chronos
657885,2026-09-04,2026-09-07,1372.4,1340.16,1400.45,Chronos
657885,2026-09-04,2026-09-08,1370.35,1338.67,1406.75,Chronos
657885,2026-09-04,2026-09-09,1371.37,1329.54,1413.35,Chronos
657885,2026-09-04,2026-09-10,1370.74,1325.01,1418.89,Chronos
657885,2026-09-04,2026-09-11,1373.36,1324.89,1425.02,Chronos
657885,2026-09-04,2026-09-12,1374.19,1317.13,1431.32,Chronos
657885,2026-09-04,2026-09-13,1378.38,1317.41,1437.62,Chronos
657885,2026-09-04,2026-09-14,1377.15,1311.49,1444.48,Chronos
657885,2026-09-04,2026-09-15,1376.82,1306.79,1450.01,Chronos
657885,2026-09-04,2026-09-16,1376.65,1302.38,1454.54,Chronos
657885,2026-09-04,2026-09-17,1372.36,1295.55,1462.76,Chronos
657885,2026-09-04,2026-09-18,1375.71,1288.63,1460.73,Chronos
657885,2026-09-04,2026-09-19,1380.2,1287.46,1467.2,Chronos
657885,2026-09-04,2026-09-20,1375.47,1294.71,1473.86,Chronos
657885,2026-09-04,2026-09-21,1390.43,1282.66,1496.25,Chronos
657885,2026-09-04,2026-09-22,1391.02,1282.4,1498.52,Chronos
657885,2026-09-04,2026-09-23,1390.02,1266.92,1501.92,Chronos
657885,2026-09-04,2026-09-24,1386.79,1257.95,1509.83,Chronos
657885,2026-09-04,2026-09-25,1387.46,1257.91,1510.12,Chronos
657885,2026-09-04,2026-09-26,1384.58,1249.21,1516.48,Chronos
657885,2026-09-04,2026-09-27,1386.96,1244.23,1522.35,Chronos
657885,2026-09-04,2026-09-28,1387.28,1236.24,1525.01,Chronos
657885,2026-09-04,2026-09-29,1392.77,1228.25,1529.4,Chronos
657885,2026-09-04,2026-09-30,1390.65,1229.7,1534.58,Chronos
657885,2026-09-04,2026-10-01,1390.86,1207.55,1541.38,Chronos
657885,2026-09-04,2026-10-02,1389.31,1201.32,1550.84,Chronos
657885,2026-09-04,2026-10-03,1383.88,1188.64,1555.67,Chronos
657885,2026-09-04,2026-10-04,1386.39,1178.89,1549.74,Chronos
657888,2026-09-04,2026-09-05,2.96,2.88,3.02,Chronos
657888,2026-09-04,2026-09-06,2.94,2.83,3.04,Chronos
657888,2026-09-04,2026-09-07,2.93,2.8,3.06,Chronos
657888,2026-09-04,2026-09-08,2.92,2.77,3.06,Chronos
657888,2026-09-04,2026-09-09,2.9,2.74,3.08,Chronos
657888,2026-09-04,2026-09-10,2.88,2.7,3.06,Chronos
657888,2026-09-04,2026-09-11,2.87,2.66,3.06,Chronos
657888,2026-09-04,2026-09-12,2.85,2.63,3.07,Chronos
657888,2026-09-04,2026-09-13,2.84,2.6,3.07,Chronos
657888,2026-09-04,2026-09-14,2.83,2.57,3.07,Chronos
657888,2026-09-04,2026-09-15,2.81,2.54,3.06,Chronos
657888,2026-09-04,2026-09-16,2.79,2.51,3.05,Chronos
657888,2026-09-04,2026-09-17,2.77,2.48,3.04,Chronos
657888,2026-09-04,2026-09-18,2.76,2.46,3.05,Chronos
657888,2026-09-04,2026-09-19,2.76,2.44,3.04,Chronos
657888,2026-09-04,2026-09-20,2.75,2.43,3.04,Chronos
657888,2026-09-04,2026-09-21,2.77,2.39,3.12,Chronos
657888,2026-09-04,2026-09-22,2.75,2.37,3.12,Chronos
657888,2026-09-04,2026-09-23,2.74,2.35,3.12,Chronos
657888,2026-09-04,2026-09-24,2.74,2.34,3.11,Chronos
657888,2026-09-04,2026-09-25,2.73,2.32,3.12,Chronos
657888,2026-09-04,2026-09-26,2.71,2.3,3.11,Chronos
657888,2026-09-04,2026-09-27,2.71,2.28,3.11,Chronos
657888,2026-09-04,2026-09-28,2.7,2.26,3.1,Chronos
657888,2026-09-04,2026-09-29,2.7,2.26,3.11,Chronos
657888,2026-09-04,2026-09-30,2.69,2.23,3.11,Chronos
657888,2026-09-04,2026-10-01,2.69,2.23,3.12,Chronos
657888,2026-09-04,2026-10-02,2.69,2.23,3.12,Chronos
657888,2026-09-04,2026-10-03,2.68,2.21,3.12,Chronos
657888,2026-09-04,2026-10-04,2.69,2.21,3.13,Chronos
657889,2026-09-04,2026-09-05,984.63,976.98,991.11,Chronos
657889,2026-09-04,2026-09-06,984.59,971.05,994.08,Chronos
657889,2026-09-04,2026-09-07,984.6,968.69,997.28,Chronos
657889,2026-09-04,2026-09-08,984.62,968.86,1002.11,Chronos
657889,2026-09-04,2026-09-09,984.76,962.1,1008.16,Chronos
657889,2026-09-04,2026-09-10,985.31,959.34,1011.36,Chronos
657889,2026-09-04,2026-09-11,987.64,959.95,1016.65,Chronos
657889,2026-09-04,2026-09-12,988.51,955.82,1020.89,Chronos
657889,2026-09-04,2026-09-13,990.84,953.14,1026.08,Chronos
657889,2026-09-04,2026-09-14,991.17,951.24,1030.87,Chronos
657889,2026-09-04,2026-09-15,992.84,946.7,1036.76,Chronos
657889,2026-09-04,2026-09-16,992.66,945.09,1046.43,Chronos
657889,2026-09-04,2026-09-17,990.5,938.76,1053.75,Chronos
657889,2026-09-04,2026-09-18,992.95,929.64,1053.96,Chronos
657889,2026-09-04,2026-09-19,997.22,922.65,1058.24,Chronos
657889,2026-09-04,2026-09-20,993.39,920.01,1057.88,Chronos
657889,2026-09-04,2026-09-21,1005.13,930.1,1064.77,Chronos
657889,2026-09-04,2026-09-22,1004.97,927.44,1066.42,Chronos
657889,2026-09-04,2026-09-23,1005.37,923.03,1069.25,Chronos
657889,2026-09-04,2026-09-24,1005.17,916.63,1077.46,Chronos
657889,2026-09-04,2026-09-25,1006.84,909.2,1077.55,Chronos
657889,2026-09-04,2026-09-26,1005.24,907.64,1083.13,Chronos
657889,2026-09-04,2026-09-27,1008.66,906.54,1087.74,Chronos
657889,2026-09-04,2026-09-28,1009.78,902.95,1091.02,Chronos
657889,2026-09-04,2026-09-29,1012.29,900.65,1092.52,Chronos
657889,2026-09-04,2026-09-30,1011.86,902.69,1095.67,Chronos
657889,2026-09-04,2026-10-01,1013.22,892.05,1099.76,Chronos
657889,2026-09-04,2026-10-02,1012.79,885.3,1107.37,Chronos
657889,2026-09-04,2026-10-03,1010.8,874.46,1111.39,Chronos
657889,2026-09-04,2026-10-04,1013.41,869.67,1105.75,Chronos
658215,2026-09-04,2026-09-05,229.1,225.84,231.0,Chronos
658215,2026-09-04,2026-09-06,229.17,224.51,231.51,Chronos
658215,2026-09-04,2026-09-07,229.29,223.66,232.32,Chronos
658215,2026-09-04,2026-09-08,228.96,223.26,233.08,Chronos
658215,2026-09-04,2026-09-09,229.0,221.74,234.11,Chronos
658215,2026-09-04,2026-09-10,228.9,220.86,234.49,Chronos
658215,2026-09-04,2026-09-11,229.03,220.53,235.17,Chronos
658215,2026-09-04,2026-09-12,229.28,219.85,235.92,Chronos
658215,2026-09-04,2026-09-13,229.73,218.73,236.56,Chronos
658215,2026-09-04,2026-09-14,229.4,218.4,236.91,Chronos
658215,2026-09-04,2026-09-15,229.2,216.2,237.61,Chronos
658215,2026-09-04,2026-09-16,229.23,215.11,237.49,Chronos
658215,2026-09-04,2026-09-17,228.81,213.3,238.03,Chronos
658215,2026-09-04,2026-09-18,229.01,212.63,237.76,Chronos
658215,2026-09-04,2026-09-19,229.47,211.29,238.69,Chronos
658215,2026-09-04,2026-09-20,228.59,210.23,239.25,Chronos
658215,2026-09-04,2026-09-21,229.58,207.79,240.45,Chronos
658215,2026-09-04,2026-09-22,229.51,206.2,240.69,Chronos
658215,2026-09-04,2026-09-23,229.53,205.42,241.1,Chronos
658215,2026-09-04,2026-09-24,229.07,204.42,241.61,Chronos
658215,2026-09-04,2026-09-25,229.57,203.78,241.87,Chronos
658215,2026-09-04,2026-09-26,229.15,201.88,242.31,Chronos
658215,2026-09-04,2026-09-27,229.42,200.58,242.91,Chronos
658215,2026-09-04,2026-09-28,229.41,199.61,243.59,Chronos
658215,2026-09-04,2026-09-29,229.89,199.84,244.19,Chronos
658215,2026-09-04,2026-09-30,229.44,197.8,244.42,Chronos
658215,2026-09-04,2026-10-01,229.49,197.68,245.01,Chronos
658215,2026-09-04,2026-10-02,229.27,195.81,244.98,Chronos
658215,2026-09-04,2026-10-03,229.11,193.99,245.65,Chronos
658215,2026-09-04,2026-10-04,229.08,193.27,245.0,Chronos
658217,2026-09-04,2026-09-05,3.02,2.87,3.14,Chronos
658217,2026-09-04,2026-09-06,3.01,2.88,3.15,Chronos
658217,2026-09-04,2026-09-07,2.99,2.86,3.14,Chronos
658217,2026-09-04,2026-09-08,2.98,2.83,3.14,Chronos
658217,2026-09-04,2026-09-09,2.99,2.82,3.19,Chronos
658217,2026-09-04,2026-09-10,2.99,2.81,3.17,Chronos
658217,2026-09-04,2026-09-11,2.97,2.79,3.17,Chronos
658217,2026-09-04,2026-09-12,2.96,2.76,3.16,Chronos
658217,2026-09-04,2026-09-13,2.97,2.76,3.17,Chronos
658217,2026-09-04,2026-09-14,2.95,2.74,3.16,Chronos
658217,2026-09-04,2026-09-15,2.95,2.72,3.15,Chronos
658217,2026-09-04,2026-09-16,2.95,2.72,3.2,Chronos
658217,2026-09-04,2026-09-17,2.94,2.73,3.19,Chronos
658217,2026-09-04,2026-09-18,2.94,2.75,3.19,Chronos
658217,2026-09-04,2026-09-19,2.97,2.72,3.2,Chronos
658217,2026-09-04,2026-09-20,2.98,2.7,3.23,Chronos
658217,2026-09-04,2026-09-21,3.01,2.71,3.3,Chronos
658217,2026-09-04,2026-09-22,3.02,2.72,3.31,Chronos
658217,2026-09-04,2026-09-23,3.02,2.71,3.32,Chronos
658217,2026-09-04,2026-09-24,3.04,2.76,3.35,Chronos
658217,2026-09-04,2026-09-25,3.07,2.77,3.39,Chronos
658217,2026-09-04,2026-09-26,3.1,2.78,3.4,Chronos
658217,2026-09-04,2026-09-27,3.08,2.79,3.42,Chronos
658217,2026-09-04,2026-09-28,3.1,2.77,3.43,Chronos
658217,2026-09-04,2026-09-29,3.13,2.8,3.46,Chronos
658217,2026-09-04,2026-09-30,3.14,2.82,3.46,Chronos
658217,2026-09-04,2026-10-01,3.16,2.86,3.5,Chronos
658217,2026-09-04,2026-10-02,3.15,2.84,3.52,Chronos
658217,2026-09-04,2026-10-03,3.19,2.85,3.54,Chronos
658217,2026-09-04,2026-10-04,3.18,2.9,3.52,Chronos
658323,2026-09-04,2026-09-05,3.12,3.07,3.16,Chronos
658323,2026-09-04,2026-09-06,3.12,3.06,3.18,Chronos
658323,2026-09-04,2026-09-07,3.12,3.04,3.2,Chronos
658323,2026-09-04,2026-09-08,3.12,3.03,3.21,Chronos
658323,2026-09-04,2026-09-09,3.12,3.01,3.23,Chronos
658323,2026-09-04,2026-09-10,3.12,3.0,3.24,Chronos
658323,2026-09-04,2026-09-11,3.12,2.99,3.25,Chronos
658323,2026-09-04,2026-09-12,3.12,2.98,3.26,Chronos
658323,2026-09-04,2026-09-13,3.12,2.96,3.27,Chronos
658323,2026-09-04,2026-09-14,3.13,2.96,3.28,Chronos
658323,2026-09-04,2026-09-15,3.13,2.94,3.31,Chronos
658323,2026-09-04,2026-09-16,3.13,2.93,3.33,Chronos
658323,2026-09-04,2026-09-17,3.13,2.91,3.35,Chronos
658323,2026-09-04,2026-09-18,3.14,2.89,3.36,Chronos
658323,2026-09-04,2026-09-19,3.14,2.88,3.37,Chronos
658323,2026-09-04,2026-09-20,3.14,2.88,3.38,Chronos
658323,2026-09-04,2026-09-21,3.15,2.84,3.43,Chronos
658323,2026-09-04,2026-09-22,3.15,2.83,3.44,Chronos
658323,2026-09-04,2026-09-23,3.15,2.82,3.45,Chronos
658323,2026-09-04,2026-09-24,3.15,2.81,3.47,Chronos
658323,2026-09-04,2026-09-25,3.15,2.8,3.47,Chronos
658323,2026-09-04,2026-09-26,3.15,2.8,3.48,Chronos
658323,2026-09-04,2026-09-27,3.16,2.79,3.49,Chronos
658323,2026-09-04,2026-09-28,3.15,2.78,3.5,Chronos
658323,2026-09-04,2026-09-29,3.16,2.77,3.52,Chronos
658323,2026-09-04,2026-09-30,3.16,2.77,3.53,Chronos
658323,2026-09-04,2026-10-01,3.16,2.75,3.55,Chronos
658323,2026-09-04,2026-10-02,3.16,2.73,3.56,Chronos
658323,2026-09-04,2026-10-03,3.16,2.7,3.58,Chronos
658323,2026-09-04,2026-10-04,3.16,2.71,3.57,Chronos
658449,2026-09-04,2026-09-05,201.04,194.67,205.33,Chronos
658449,2026-09-04,2026-09-06,200.32,191.06,207.22,Chronos
658449,2026-09-04,2026-09-07,199.56,188.17,208.74,Chronos
658449,2026-09-04,2026-09-08,198.99,187.31,210.41,Chronos
658449,2026-09-04,2026-09-09,198.31,184.49,212.79,Chronos
658449,2026-09-04,2026-09-10,198.05,182.79,213.9,Chronos
658449,2026-09-04,2026-09-11,197.92,181.11,214.96,Chronos
658449,2026-09-04,2026-09-12,197.13,178.41,216.51,Chronos
658449,2026-09-04,2026-09-13,196.99,175.83,218.27,Chronos
658449,2026-09-04,2026-09-14,195.92,173.49,220.19,Chronos
658449,2026-09-04,2026-09-15,195.33,170.08,221.53,Chronos
658449,2026-09-04,2026-09-16,194.65,167.64,223.1,Chronos
658449,2026-09-04,2026-09-17,194.4,164.98,224.92,Chronos
658449,2026-09-04,2026-09-18,193.06,163.72,226.74,Chronos
658449,2026-09-04,2026-09-19,192.68,160.25,226.07,Chronos
658449,2026-09-04,2026-09-20,192.29,159.04,226.75,Chronos
658449,2026-09-04,2026-09-21,191.44,156.81,223.3,Chronos
658449,2026-09-04,2026-09-22,190.54,153.68,224.97,Chronos
658449,2026-09-04,2026-09-23,189.52,151.7,225.92,Chronos
658449,2026-09-04,2026-09-24,188.89,149.04,228.29,Chronos
658449,2026-09-04,2026-09-25,188.39,147.54,229.36,Chronos
658449,2026-09-04,2026-09-26,188.33,145.86,230.31,Chronos
658449,2026-09-04,2026-09-27,187.54,143.63,231.36,Chronos
658449,2026-09-04,2026-09-28,187.26,141.55,232.62,Chronos
658449,2026-09-04,2026-09-29,187.18,141.13,234.23,Chronos
658449,2026-09-04,2026-09-30,186.65,138.75,234.84,Chronos
658449,2026-09-04,2026-10-01,186.07,137.04,236.35,Chronos
658449,2026-09-04,2026-10-02,185.48,135.22,237.76,Chronos
658449,2026-09-04,2026-10-03,185.0,134.09,238.23,Chronos
658449,2026-09-04,2026-10-04,184.43,132.91,239.0,Chronos
658884,2026-09-04,2026-09-05,77.31,76.63,77.6,Chronos
658884,2026-09-04,2026-09-06,77.36,76.35,77.94,Chronos
658884,2026-09-04,2026-09-07,77.18,75.91,78.14,Chronos
658884,2026-09-04,2026-09-08,77.14,75.67,78.28,Chronos
658884,2026-09-04,2026-09-09,77.07,75.39,78.53,Chronos
658884,2026-09-04,2026-09-10,77.13,75.26,78.6,Chronos
658884,2026-09-04,2026-09-11,77.07,75.09,78.72,Chronos
658884,2026-09-04,2026-09-12,76.97,74.85,78.71,Chronos
658884,2026-09-04,2026-09-13,76.91,74.44,78.82,Chronos
658884,2026-09-04,2026-09-14,76.91,74.3,79.11,Chronos
658884,2026-09-04,2026-09-15,76.76,73.74,79.15,Chronos
658884,2026-09-04,2026-09-16,76.77,73.71,79.02,Chronos
658884,2026-09-04,2026-09-17,76.77,73.29,79.16,Chronos
658884,2026-09-04,2026-09-18,76.79,72.99,79.45,Chronos
658884,2026-09-04,2026-09-19,76.77,72.54,79.7,Chronos
658884,2026-09-04,2026-09-20,76.77,72.14,79.71,Chronos
658884,2026-09-04,2026-09-21,76.76,71.47,79.96,Chronos
658884,2026-09-04,2026-09-22,76.69,71.16,80.15,Chronos
658884,2026-09-04,2026-09-23,76.71,70.69,80.29,Chronos
658884,2026-09-04,2026-09-24,76.65,70.39,80.26,Chronos
658884,2026-09-04,2026-09-25,76.55,70.15,80.52,Chronos
658884,2026-09-04,2026-09-26,76.63,70.1,80.37,Chronos
658884,2026-09-04,2026-09-27,76.55,69.75,80.4,Chronos
658884,2026-09-04,2026-09-28,76.48,69.43,80.52,Chronos
658884,2026-09-04,2026-09-29,76.49,69.51,80.59,Chronos
658884,2026-09-04,2026-09-30,76.49,69.51,80.8,Chronos
658884,2026-09-04,2026-10-01,76.42,69.17,80.84,Chronos
658884,2026-09-04,2026-10-02,76.41,68.7,80.88,Chronos
658884,2026-09-04,2026-10-03,76.45,68.3,80.91,Chronos
658884,2026-09-04,2026-10-04,76.39,68.38,81.09,Chronos
659443,2026-09-04,2026-09-05,88.76,87.95,89.42,Chronos
659443,2026-09-04,2026-09-06,88.36,86.83,89.5,Chronos
659443,2026-09-04,2026-09-07,87.95,85.74,89.68,Chronos
659443,2026-09-04,2026-09-08,87.57,85.04,89.68,Chronos
659443,2026-09-04,2026-09-09,87.21,84.33,89.95,Chronos
659443,2026-09-04,2026-09-10,86.88,83.49,90.0,Chronos
659443,2026-09-04,2026-09-11,86.52,82.92,90.0,Chronos
659443,2026-09-04,2026-09-12,86.07,82.22,89.99,Chronos
659443,2026-09-04,2026-09-13,85.66,81.27,89.99,Chronos
659443,2026-09-04,2026-09-14,85.39,80.7,90.2,Chronos
659443,2026-09-04,2026-09-15,84.9,79.61,90.02,Chronos
659443,2026-09-04,2026-09-16,84.39,79.05,89.83,Chronos
659443,2026-09-04,2026-09-17,83.99,77.98,89.74,Chronos
659443,2026-09-04,2026-09-18,83.56,77.04,90.18,Chronos
659443,2026-09-04,2026-09-19,83.24,76.02,90.05,Chronos
659443,2026-09-04,2026-09-20,82.93,75.1,89.85,Chronos
659443,2026-09-04,2026-09-21,81.59,75.17,88.13,Chronos
659443,2026-09-04,2026-09-22,81.01,74.29,88.29,Chronos
659443,2026-09-04,2026-09-23,80.57,73.62,88.34,Chronos
659443,2026-09-04,2026-09-24,79.96,72.23,88.07,Chronos
659443,2026-09-04,2026-09-25,79.37,71.21,88.39,Chronos
659443,2026-09-04,2026-09-26,78.96,70.44,88.0,Chronos
659443,2026-09-04,2026-09-27,78.48,69.5,87.78,Chronos
659443,2026-09-04,2026-09-28,78.01,68.73,87.94,Chronos
659443,2026-09-04,2026-09-29,77.51,67.99,87.88,Chronos
659443,2026-09-04,2026-09-30,77.04,67.3,88.09,Chronos
659443,2026-09-04,2026-10-01,76.52,65.98,88.2,Chronos
659443,2026-09-04,2026-10-02,75.92,64.8,87.98,Chronos
659443,2026-09-04,2026-10-03,75.21,63.93,87.65,Chronos
659443,2026-09-04,2026-10-04,74.69,63.12,88.05,Chronos
660011,2026-09-04,2026-09-05,727.57,707.73,736.02,Chronos
660011,2026-09-04,2026-09-06,722.79,685.05,737.21,Chronos
660011,2026-09-04,2026-09-07,718.06,664.91,741.33,Chronos
660011,2026-09-04,2026-09-08,711.2,647.7,747.0,Chronos
660011,2026-09-04,2026-09-09,707.65,634.42,749.09,Chronos
660011,2026-09-04,2026-09-10,701.3,613.38,748.55,Chronos
660011,2026-09-04,2026-09-11,701.72,593.78,754.41,Chronos
660011,2026-09-04,2026-09-12,696.09,575.11,754.72,Chronos
660011,2026-09-04,2026-09-13,692.22,562.05,756.75,Chronos
660011,2026-09-04,2026-09-14,687.42,536.66,753.95,Chronos
660011,2026-09-04,2026-09-15,681.55,524.63,755.13,Chronos
660011,2026-09-04,2026-09-16,675.47,500.65,756.97,Chronos
660011,2026-09-04,2026-09-17,668.75,481.0,753.62,Chronos
660011,2026-09-04,2026-09-18,665.09,459.9,756.15,Chronos
660011,2026-09-04,2026-09-19,661.15,448.37,754.53,Chronos
660011,2026-09-04,2026-09-20,653.75,437.95,759.76,Chronos
660011,2026-09-04,2026-09-21,652.44,409.85,747.65,Chronos
660011,2026-09-04,2026-09-22,648.16,381.16,753.59,Chronos
660011,2026-09-04,2026-09-23,640.81,361.73,750.98,Chronos
660011,2026-09-04,2026-09-24,638.85,350.75,754.81,Chronos
660011,2026-09-04,2026-09-25,630.92,339.71,753.26,Chronos
660011,2026-09-04,2026-09-26,628.38,325.09,759.21,Chronos
660011,2026-09-04,2026-09-27,619.28,309.37,763.43,Chronos
660011,2026-09-04,2026-09-28,616.3,291.23,760.48,Chronos
660011,2026-09-04,2026-09-29,608.41,280.89,757.21,Chronos
660011,2026-09-04,2026-09-30,602.83,262.04,759.14,Chronos
660011,2026-09-04,2026-10-01,604.01,246.69,760.35,Chronos
660011,2026-09-04,2026-10-02,593.9,245.49,762.91,Chronos
660011,2026-09-04,2026-10-03,588.95,240.74,765.45,Chronos
660011,2026-09-04,2026-10-04,583.01,236.31,759.21,Chronos
660012,2026-09-04,2026-09-05,208.83,199.98,218.94,Chronos
660012,2026-09-04,2026-09-06,201.79,188.59,214.75,Chronos
660012,2026-09-04,2026-09-07,195.24,177.65,212.24,Chronos
660012,2026-09-04,2026-09-08,189.69,167.42,212.66,Chronos
660012,2026-09-04,2026-09-09,183.88,157.35,211.8,Chronos
660012,2026-09-04,2026-09-10,179.83,151.58,210.13,Chronos
660012,2026-09-04,2026-09-11,174.74,143.88,209.07,Chronos
660012,2026-09-04,2026-09-12,170.67,138.4,208.64,Chronos
660012,2026-09-04,2026-09-13,167.77,132.66,208.79,Chronos
660012,2026-09-04,2026-09-14,163.63,127.11,206.46,Chronos
660012,2026-09-04,2026-09-15,160.97,124.3,205.1,Chronos
660012,2026-09-04,2026-09-16,157.94,119.39,205.06,Chronos
660012,2026-09-04,2026-09-17,155.31,116.03,204.83,Chronos
660012,2026-09-04,2026-09-18,153.94,113.41,208.03,Chronos
660012,2026-09-04,2026-09-19,152.57,111.59,207.29,Chronos
660012,2026-09-04,2026-09-20,151.45,110.37,206.85,Chronos
660012,2026-09-04,2026-09-21,154.49,102.03,217.44,Chronos
660012,2026-09-04,2026-09-22,152.45,99.56,217.34,Chronos
660012,2026-09-04,2026-09-23,151.35,98.94,217.09,Chronos
660012,2026-09-04,2026-09-24,150.35,97.13,217.45,Chronos
660012,2026-09-04,2026-09-25,149.36,96.07,216.0,Chronos
660012,2026-09-04,2026-09-26,148.94,94.15,218.29,Chronos
660012,2026-09-04,2026-09-27,148.11,94.57,218.65,Chronos
660012,2026-09-04,2026-09-28,148.03,93.29,218.87,Chronos
660012,2026-09-04,2026-09-29,146.83,93.36,217.22,Chronos
660012,2026-09-04,2026-09-30,146.04,93.12,216.47,Chronos
660012,2026-09-04,2026-10-01,145.39,92.91,219.27,Chronos
660012,2026-09-04,2026-10-02,145.63,89.83,218.78,Chronos
660012,2026-09-04,2026-10-03,144.68,90.19,217.65,Chronos
660012,2026-09-04,2026-10-04,144.2,89.81,219.94,Chronos
660013,2026-09-04,2026-09-05,11.62,11.42,11.77,Chronos
660013,2026-09-04,2026-09-06,11.66,11.34,11.92,Chronos
660013,2026-09-04,2026-09-07,11.61,11.27,11.96,Chronos
660013,2026-09-04,2026-09-08,11.59,11.18,12.05,Chronos
660013,2026-09-04,2026-09-09,11.6,11.11,12.07,Chronos
660013,2026-09-04,2026-09-10,11.6,11.06,12.14,Chronos
660013,2026-09-04,2026-09-11,11.59,11.01,12.21,Chronos
660013,2026-09-04,2026-09-12,11.58,10.94,12.25,Chronos
660013,2026-09-04,2026-09-13,11.57,10.86,12.27,Chronos
660013,2026-09-04,2026-09-14,11.51,10.78,12.38,Chronos
660013,2026-09-04,2026-09-15,11.47,10.63,12.51,Chronos
660013,2026-09-04,2026-09-16,11.44,10.62,12.49,Chronos
660013,2026-09-04,2026-09-17,11.45,10.45,12.63,Chronos
660013,2026-09-04,2026-09-18,11.4,10.37,12.71,Chronos
660013,2026-09-04,2026-09-19,11.39,10.21,12.9,Chronos
660013,2026-09-04,2026-09-20,11.38,10.18,12.76,Chronos
660013,2026-09-04,2026-09-21,11.43,10.18,13.28,Chronos
660013,2026-09-04,2026-09-22,11.48,10.16,13.3,Chronos
660013,2026-09-04,2026-09-23,11.42,10.06,13.34,Chronos
660013,2026-09-04,2026-09-24,11.45,9.97,13.47,Chronos
660013,2026-09-04,2026-09-25,11.43,9.87,13.61,Chronos
660013,2026-09-04,2026-09-26,11.45,9.89,13.64,Chronos
660013,2026-09-04,2026-09-27,11.45,9.83,13.71,Chronos
660013,2026-09-04,2026-09-28,11.42,9.77,13.89,Chronos
660013,2026-09-04,2026-09-29,11.45,9.68,14.01,Chronos
660013,2026-09-04,2026-09-30,11.42,9.69,14.22,Chronos
660013,2026-09-04,2026-10-01,11.47,9.57,14.35,Chronos
660013,2026-09-04,2026-10-02,11.44,9.55,14.42,Chronos
660013,2026-09-04,2026-10-03,11.45,9.47,14.58,Chronos
660013,2026-09-04,2026-10-04,11.41,9.5,14.74,Chronos
660026,2026-09-04,2026-09-05,18.18,17.94,18.42,Chronos
660026,2026-09-04,2026-09-06,18.17,17.73,18.46,Chronos
660026,2026-09-04,2026-09-07,18.15,17.63,18.5,Chronos
660026,2026-09-04,2026-09-08,18.1,17.58,18.58,Chronos
660026,2026-09-04,2026-09-09,18.08,17.37,18.68,Chronos
660026,2026-09-04,2026-09-10,18.04,17.26,18.71,Chronos
660026,2026-09-04,2026-09-11,18.07,17.22,18.79,Chronos
660026,2026-09-04,2026-09-12,18.05,17.09,18.86,Chronos
660026,2026-09-04,2026-09-13,18.07,16.99,18.92,Chronos
660026,2026-09-04,2026-09-14,18.01,16.89,18.92,Chronos
660026,2026-09-04,2026-09-15,17.98,16.71,19.02,Chronos
660026,2026-09-04,2026-09-16,17.94,16.64,18.98,Chronos
660026,2026-09-04,2026-09-17,17.89,16.52,19.03,Chronos
660026,2026-09-04,2026-09-18,17.89,16.36,19.02,Chronos
660026,2026-09-04,2026-09-19,17.91,16.21,19.04,Chronos
660026,2026-09-04,2026-09-20,17.8,16.07,19.13,Chronos
660026,2026-09-04,2026-09-21,17.77,16.11,18.99,Chronos
660026,2026-09-04,2026-09-22,17.72,16.05,18.99,Chronos
660026,2026-09-04,2026-09-23,17.68,15.94,19.02,Chronos
660026,2026-09-04,2026-09-24,17.63,15.81,19.07,Chronos
660026,2026-09-04,2026-09-25,17.63,15.65,19.05,Chronos
660026,2026-09-04,2026-09-26,17.52,15.5,19.11,Chronos
660026,2026-09-04,2026-09-27,17.49,15.35,19.14,Chronos
660026,2026-09-04,2026-09-28,17.46,15.27,19.13,Chronos
660026,2026-09-04,2026-09-29,17.46,15.17,19.13,Chronos
660026,2026-09-04,2026-09-30,17.36,15.07,19.09,Chronos
660026,2026-09-04,2026-10-01,17.3,14.9,19.14,Chronos
660026,2026-09-04,2026-10-02,17.21,14.7,19.09,Chronos
660026,2026-09-04,2026-10-03,17.11,14.53,19.08,Chronos
660026,2026-09-04,2026-10-04,17.05,14.47,19.01,Chronos
660027,2026-09-04,2026-09-05,114.73,112.75,116.08,Chronos
660027,2026-09-04,2026-09-06,115.18,112.16,117.37,Chronos
660027,2026-09-04,2026-09-07,115.36,111.15,118.44,Chronos
660027,2026-09-04,2026-09-08,115.52,110.47,119.88,Chronos
660027,2026-09-04,2026-09-09,115.87,110.19,120.85,Chronos
660027,2026-09-04,2026-09-10,116.17,109.53,121.82,Chronos
660027,2026-09-04,2026-09-11,116.48,108.93,122.72,Chronos
660027,2026-09-04,2026-09-12,116.85,108.32,123.49,Chronos
660027,2026-09-04,2026-09-13,117.21,108.05,123.97,Chronos
660027,2026-09-04,2026-09-14,117.11,108.22,124.4,Chronos
660027,2026-09-04,2026-09-15,117.27,106.62,125.58,Chronos
660027,2026-09-04,2026-09-16,117.4,105.47,126.69,Chronos
660027,2026-09-04,2026-09-17,117.47,104.13,127.74,Chronos
660027,2026-09-04,2026-09-18,117.7,103.02,127.64,Chronos
660027,2026-09-04,2026-09-19,117.69,102.15,128.27,Chronos
660027,2026-09-04,2026-09-20,117.46,101.38,128.5,Chronos
660027,2026-09-04,2026-09-21,119.61,101.6,133.6,Chronos
660027,2026-09-04,2026-09-22,119.49,100.64,134.01,Chronos
660027,2026-09-04,2026-09-23,119.59,99.57,134.71,Chronos
660027,2026-09-04,2026-09-24,119.29,99.32,135.78,Chronos
660027,2026-09-04,2026-09-25,119.63,98.76,136.18,Chronos
660027,2026-09-04,2026-09-26,119.39,98.02,137.47,Chronos
660027,2026-09-04,2026-09-27,119.59,97.34,138.6,Chronos
660027,2026-09-04,2026-09-28,119.64,96.84,139.08,Chronos
660027,2026-09-04,2026-09-29,120.22,96.91,139.58,Chronos
660027,2026-09-04,2026-09-30,120.06,96.0,140.39,Chronos
660027,2026-09-04,2026-10-01,120.42,95.69,141.9,Chronos
660027,2026-09-04,2026-10-02,120.35,94.6,142.56,Chronos
660027,2026-09-04,2026-10-03,120.49,94.22,143.46,Chronos
660027,2026-09-04,2026-10-04,120.67,94.37,143.26,Chronos
660028,2026-09-04,2026-09-05,76.64,75.31,77.53,Chronos
660028,2026-09-04,2026-09-06,76.41,74.47,78.07,Chronos
660028,2026-09-04,2026-09-07,75.94,73.83,78.13,Chronos
660028,2026-09-04,2026-09-08,75.69,73.35,78.31,Chronos
660028,2026-09-04,2026-09-09,75.5,72.53,78.31,Chronos
660028,2026-09-04,2026-09-10,75.37,72.11,78.47,Chronos
660028,2026-09-04,2026-09-11,75.24,71.66,78.75,Chronos
660028,2026-09-04,2026-09-12,74.92,71.07,78.93,Chronos
660028,2026-09-04,2026-09-13,74.79,70.17,79.1,Chronos
660028,2026-09-04,2026-09-14,74.48,69.75,79.56,Chronos
660028,2026-09-04,2026-09-15,74.33,69.03,80.03,Chronos
660028,2026-09-04,2026-09-16,74.05,68.49,79.9,Chronos
660028,2026-09-04,2026-09-17,73.85,67.6,80.38,Chronos
660028,2026-09-04,2026-09-18,73.6,67.12,80.97,Chronos
660028,2026-09-04,2026-09-19,73.33,66.37,81.42,Chronos
660028,2026-09-04,2026-09-20,72.99,65.8,81.14,Chronos
660028,2026-09-04,2026-09-21,71.81,65.19,79.69,Chronos
660028,2026-09-04,2026-09-22,71.63,64.66,79.44,Chronos
660028,2026-09-04,2026-09-23,71.14,63.98,79.49,Chronos
660028,2026-09-04,2026-09-24,71.13,63.38,80.01,Chronos
660028,2026-09-04,2026-09-25,70.68,62.75,80.2,Chronos
660028,2026-09-04,2026-09-26,70.64,62.68,80.07,Chronos
660028,2026-09-04,2026-09-27,70.27,62.04,79.9,Chronos
660028,2026-09-04,2026-09-28,69.99,61.39,80.06,Chronos
660028,2026-09-04,2026-09-29,69.74,61.23,79.59,Chronos
660028,2026-09-04,2026-09-30,69.3,60.43,79.89,Chronos
660028,2026-09-04,2026-10-01,68.81,60.14,79.7,Chronos
660028,2026-09-04,2026-10-02,68.56,59.68,79.63,Chronos
660028,2026-09-04,2026-10-03,68.22,58.89,79.72,Chronos
660028,2026-09-04,2026-10-04,67.84,58.54,79.74,Chronos
660029,2026-09-04,2026-09-05,587.14,582.29,591.93,Chronos
660029,2026-09-04,2026-09-06,587.15,581.06,592.14,Chronos
660029,2026-09-04,2026-09-07,587.96,580.8,592.33,Chronos
660029,2026-09-04,2026-09-08,586.39,580.63,593.86,Chronos
660029,2026-09-04,2026-09-09,587.01,578.87,594.55,Chronos
660029,2026-09-04,2026-09-10,586.66,578.96,595.03,Chronos
660029,2026-09-04,2026-09-11,587.63,578.6,595.85,Chronos
660029,2026-09-04,2026-09-12,588.15,577.17,597.17,Chronos
660029,2026-09-04,2026-09-13,589.12,577.33,597.98,Chronos
660029,2026-09-04,2026-09-14,589.38,577.82,600.32,Chronos
660029,2026-09-04,2026-09-15,589.07,576.33,599.81,Chronos
660029,2026-09-04,2026-09-16,588.58,574.45,598.87,Chronos
660029,2026-09-04,2026-09-17,586.99,572.87,600.3,Chronos
660029,2026-09-04,2026-09-18,588.2,573.19,598.68,Chronos
660029,2026-09-04,2026-09-19,589.36,572.35,600.29,Chronos
660029,2026-09-04,2026-09-20,587.96,572.47,602.01,Chronos
660029,2026-09-04,2026-09-21,590.52,570.37,605.71,Chronos
660029,2026-09-04,2026-09-22,590.65,568.29,604.54,Chronos
660029,2026-09-04,2026-09-23,591.65,567.66,604.89,Chronos
660029,2026-09-04,2026-09-24,589.61,566.6,605.44,Chronos
660029,2026-09-04,2026-09-25,589.79,563.99,606.81,Chronos
660029,2026-09-04,2026-09-26,588.98,563.19,606.71,Chronos
660029,2026-09-04,2026-09-27,589.68,562.92,607.87,Chronos
660029,2026-09-04,2026-09-28,589.87,560.49,608.84,Chronos
660029,2026-09-04,2026-09-29,591.25,557.89,609.94,Chronos
660029,2026-09-04,2026-09-30,591.24,558.39,610.4,Chronos
660029,2026-09-04,2026-10-01,590.48,552.63,611.19,Chronos
660029,2026-09-04,2026-10-02,589.6,551.75,609.42,Chronos
660029,2026-09-04,2026-10-03,587.36,546.62,610.28,Chronos
660029,2026-09-04,2026-10-04,588.15,540.16,608.2,Chronos
660030,2026-09-04,2026-09-05,204.16,201.36,206.13,Chronos
660030,2026-09-04,2026-09-06,204.28,200.81,206.37,Chronos
660030,2026-09-04,2026-09-07,204.56,200.7,206.56,Chronos
660030,2026-09-04,2026-09-08,203.76,200.76,206.63,Chronos
660030,2026-09-04,2026-09-09,203.88,199.56,206.81,Chronos
660030,2026-09-04,2026-09-10,203.51,199.05,207.03,Chronos
660030,2026-09-04,2026-09-11,203.93,199.25,207.19,Chronos
660030,2026-09-04,2026-09-12,204.23,198.55,207.86,Chronos
660030,2026-09-04,2026-09-13,204.66,198.12,208.01,Chronos
660030,2026-09-04,2026-09-14,204.56,198.24,208.84,Chronos
660030,2026-09-04,2026-09-15,204.48,196.81,208.74,Chronos
660030,2026-09-04,2026-09-16,204.14,196.18,208.18,Chronos
660030,2026-09-04,2026-09-17,203.36,194.66,208.59,Chronos
660030,2026-09-04,2026-09-18,203.83,193.78,208.02,Chronos
660030,2026-09-04,2026-09-19,204.4,193.87,208.92,Chronos
660030,2026-09-04,2026-09-20,203.74,194.47,208.87,Chronos
660030,2026-09-04,2026-09-21,204.27,181.88,209.99,Chronos
660030,2026-09-04,2026-09-22,204.38,182.84,209.84,Chronos
660030,2026-09-04,2026-09-23,204.38,178.94,210.11,Chronos
660030,2026-09-04,2026-09-24,203.58,175.97,210.26,Chronos
660030,2026-09-04,2026-09-25,203.66,174.01,210.44,Chronos
660030,2026-09-04,2026-09-26,203.45,170.97,210.28,Chronos
660030,2026-09-04,2026-09-27,203.89,166.49,210.65,Chronos
660030,2026-09-04,2026-09-28,204.26,163.95,211.23,Chronos
660030,2026-09-04,2026-09-29,204.93,162.9,211.46,Chronos
660030,2026-09-04,2026-09-30,204.59,162.91,212.36,Chronos
660030,2026-09-04,2026-10-01,204.16,158.97,212.53,Chronos
660030,2026-09-04,2026-10-02,204.22,157.18,211.55,Chronos
660030,2026-09-04,2026-10-03,203.38,154.65,211.57,Chronos
660030,2026-09-04,2026-10-04,203.58,152.62,210.87,Chronos
660031,2026-09-04,2026-09-05,46.72,46.44,46.96,Chronos
660031,2026-09-04,2026-09-06,46.74,46.37,47.06,Chronos
660031,2026-09-04,2026-09-07,46.76,46.28,47.16,Chronos
660031,2026-09-04,2026-09-08,46.76,46.29,47.22,Chronos
660031,2026-09-04,2026-09-09,46.81,46.21,47.38,Chronos
660031,2026-09-04,2026-09-10,46.84,46.19,47.48,Chronos
660031,2026-09-04,2026-09-11,46.9,46.21,47.6,Chronos
660031,2026-09-04,2026-09-12,46.95,46.16,47.73,Chronos
660031,2026-09-04,2026-09-13,47.01,46.18,47.81,Chronos
660031,2026-09-04,2026-09-14,47.02,46.13,47.92,Chronos
660031,2026-09-04,2026-09-15,47.06,46.11,48.0,Chronos
660031,2026-09-04,2026-09-16,47.1,46.09,48.08,Chronos
660031,2026-09-04,2026-09-17,47.08,46.03,48.18,Chronos
660031,2026-09-04,2026-09-18,47.14,45.99,48.18,Chronos
660031,2026-09-04,2026-09-19,47.21,45.97,48.3,Chronos
660031,2026-09-04,2026-09-20,47.18,46.1,48.41,Chronos
660031,2026-09-04,2026-09-21,47.41,46.19,48.61,Chronos
660031,2026-09-04,2026-09-22,47.44,46.13,48.73,Chronos
660031,2026-09-04,2026-09-23,47.46,46.0,48.82,Chronos
660031,2026-09-04,2026-09-24,47.46,45.99,48.94,Chronos
660031,2026-09-04,2026-09-25,47.5,45.97,49.0,Chronos
660031,2026-09-04,2026-09-26,47.49,45.9,49.09,Chronos
660031,2026-09-04,2026-09-27,47.57,45.96,49.23,Chronos
660031,2026-09-04,2026-09-28,47.61,45.89,49.35,Chronos
660031,2026-09-04,2026-09-29,47.68,45.86,49.46,Chronos
660031,2026-09-04,2026-09-30,47.69,45.83,49.53,Chronos
660031,2026-09-04,2026-10-01,47.72,45.72,49.66,Chronos
660031,2026-09-04,2026-10-02,47.74,45.79,49.72,Chronos
660031,2026-09-04,2026-10-03,47.71,45.76,49.83,Chronos
660031,2026-09-04,2026-10-04,47.79,45.66,49.8,Chronos
660035,2026-09-04,2026-09-05,146.36,145.27,147.09,Chronos
660035,2026-09-04,2026-09-06,146.47,144.66,148.01,Chronos
660035,2026-09-04,2026-09-07,146.24,144.18,148.21,Chronos
660035,2026-09-04,2026-09-08,146.26,143.81,148.74,Chronos
660035,2026-09-04,2026-09-09,146.14,143.28,148.89,Chronos
660035,2026-09-04,2026-09-10,146.13,143.01,149.2,Chronos
660035,2026-09-04,2026-09-11,146.12,142.71,149.57,Chronos
660035,2026-09-04,2026-09-12,146.01,142.32,149.86,Chronos
660035,2026-09-04,2026-09-13,145.94,141.83,149.96,Chronos
660035,2026-09-04,2026-09-14,145.74,141.33,150.43,Chronos
660035,2026-09-04,2026-09-15,145.56,140.48,151.02,Chronos
660035,2026-09-04,2026-09-16,145.55,140.39,150.91,Chronos
660035,2026-09-04,2026-09-17,145.64,139.64,151.39,Chronos
660035,2026-09-04,2026-09-18,145.54,139.36,151.83,Chronos
660035,2026-09-04,2026-09-19,145.39,138.52,152.23,Chronos
660035,2026-09-04,2026-09-20,145.42,138.3,151.79,Chronos
660035,2026-09-04,2026-09-21,145.21,139.24,151.92,Chronos
660035,2026-09-04,2026-09-22,145.27,138.83,152.31,Chronos
660035,2026-09-04,2026-09-23,144.95,138.19,152.46,Chronos
660035,2026-09-04,2026-09-24,144.96,137.6,152.63,Chronos
660035,2026-09-04,2026-09-25,144.68,136.7,153.19,Chronos
660035,2026-09-04,2026-09-26,144.6,136.18,153.27,Chronos
660035,2026-09-04,2026-09-27,144.45,135.5,153.24,Chronos
660035,2026-09-04,2026-09-28,144.23,135.13,153.55,Chronos
660035,2026-09-04,2026-09-29,144.26,134.68,153.57,Chronos
660035,2026-09-04,2026-09-30,144.03,134.34,154.39,Chronos
660035,2026-09-04,2026-10-01,143.82,133.2,154.61,Chronos
660035,2026-09-04,2026-10-02,143.68,132.89,154.54,Chronos
660035,2026-09-04,2026-10-03,143.61,132.23,154.85,Chronos
660035,2026-09-04,2026-10-04,143.34,131.86,155.1,Chronos
660041,2026-09-04,2026-09-05,239.44,206.64,279.8,Chronos
660041,2026-09-04,2026-09-06,235.24,192.93,290.16,Chronos
660041,2026-09-04,2026-09-07,228.28,182.9,294.42,Chronos
660041,2026-09-04,2026-09-08,225.4,173.75,302.48,Chronos
660041,2026-09-04,2026-09-09,217.88,165.49,306.96,Chronos
660041,2026-09-04,2026-09-10,218.38,160.33,312.43,Chronos
660041,2026-09-04,2026-09-11,212.99,153.59,321.87,Chronos
660041,2026-09-04,2026-09-12,213.69,148.84,333.38,Chronos
660041,2026-09-04,2026-09-13,212.39,150.34,326.27,Chronos
660041,2026-09-04,2026-09-14,212.97,147.16,332.68,Chronos
660041,2026-09-04,2026-09-15,209.43,144.87,332.78,Chronos
660041,2026-09-04,2026-09-16,210.53,143.16,337.25,Chronos
660041,2026-09-04,2026-09-17,209.34,140.49,341.49,Chronos
660041,2026-09-04,2026-09-18,205.97,136.21,350.63,Chronos
660041,2026-09-04,2026-09-19,211.93,134.96,351.3,Chronos
660041,2026-09-04,2026-09-20,207.6,133.43,349.64,Chronos
660041,2026-09-04,2026-09-21,198.05,137.24,336.08,Chronos
660041,2026-09-04,2026-09-22,197.27,134.88,336.24,Chronos
660041,2026-09-04,2026-09-23,195.21,134.16,338.45,Chronos
660041,2026-09-04,2026-09-24,195.27,132.5,345.21,Chronos
660041,2026-09-04,2026-09-25,194.13,129.91,351.76,Chronos
660041,2026-09-04,2026-09-26,194.51,128.09,355.58,Chronos
660041,2026-09-04,2026-09-27,191.28,127.71,352.51,Chronos
660041,2026-09-04,2026-09-28,190.95,126.53,357.98,Chronos
660041,2026-09-04,2026-09-29,191.77,128.25,357.24,Chronos
660041,2026-09-04,2026-09-30,192.27,127.79,359.45,Chronos
660041,2026-09-04,2026-10-01,190.69,127.13,361.6,Chronos
660041,2026-09-04,2026-10-02,195.79,123.0,367.35,Chronos
660041,2026-09-04,2026-10-03,194.0,123.13,373.49,Chronos
660041,2026-09-04,2026-10-04,191.88,120.87,383.59,Chronos
660042,2026-09-04,2026-09-05,58.11,57.7,58.49,Chronos
660042,2026-09-04,2026-09-06,58.05,57.22,58.6,Chronos
660042,2026-09-04,2026-09-07,57.95,56.81,58.77,Chronos
660042,2026-09-04,2026-09-08,57.82,56.62,58.89,Chronos
660042,2026-09-04,2026-09-09,57.74,56.23,59.07,Chronos
660042,2026-09-04,2026-09-10,57.61,55.87,59.07,Chronos
660042,2026-09-04,2026-09-11,57.59,55.73,59.21,Chronos
660042,2026-09-04,2026-09-12,57.5,55.48,59.27,Chronos
660042,2026-09-04,2026-09-13,57.45,55.08,59.43,Chronos
660042,2026-09-04,2026-09-14,57.33,54.89,59.4,Chronos
660042,2026-09-04,2026-09-15,57.22,54.31,59.55,Chronos
660042,2026-09-04,2026-09-16,57.13,54.01,59.63,Chronos
660042,2026-09-04,2026-09-17,57.01,53.52,59.78,Chronos
660042,2026-09-04,2026-09-18,56.99,53.19,59.78,Chronos
660042,2026-09-04,2026-09-19,56.83,52.92,59.73,Chronos
660042,2026-09-04,2026-09-20,56.71,52.67,59.77,Chronos
660042,2026-09-04,2026-09-21,56.87,52.94,59.68,Chronos
660042,2026-09-04,2026-09-22,56.75,52.54,59.79,Chronos
660042,2026-09-04,2026-09-23,56.66,52.25,59.81,Chronos
660042,2026-09-04,2026-09-24,56.53,52.03,60.01,Chronos
660042,2026-09-04,2026-09-25,56.45,51.7,59.92,Chronos
660042,2026-09-04,2026-09-26,56.33,51.45,60.07,Chronos
660042,2026-09-04,2026-09-27,56.3,51.12,60.16,Chronos
660042,2026-09-04,2026-09-28,56.17,50.84,60.24,Chronos
660042,2026-09-04,2026-09-29,56.05,50.59,60.27,Chronos
660042,2026-09-04,2026-09-30,56.0,50.3,60.29,Chronos
660042,2026-09-04,2026-10-01,55.83,49.91,60.43,Chronos
660042,2026-09-04,2026-10-02,55.7,49.49,60.5,Chronos
660042,2026-09-04,2026-10-03,55.59,49.19,60.52,Chronos
660042,2026-09-04,2026-10-04,55.41,49.01,60.49,Chronos
660043,2026-09-04,2026-09-05,144.67,142.02,146.86,Chronos
660043,2026-09-04,2026-09-06,144.24,139.62,146.67,Chronos
660043,2026-09-04,2026-09-07,143.8,137.97,147.18,Chronos
660043,2026-09-04,2026-09-08,142.79,136.64,147.69,Chronos
660043,2026-09-04,2026-09-09,142.3,134.53,148.07,Chronos
660043,2026-09-04,2026-09-10,141.16,132.16,147.62,Chronos
660043,2026-09-04,2026-09-11,140.81,129.99,147.88,Chronos
660043,2026-09-04,2026-09-12,139.94,127.2,147.63,Chronos
660043,2026-09-04,2026-09-13,139.31,124.31,148.23,Chronos
660043,2026-09-04,2026-09-14,138.39,120.39,147.82,Chronos
660043,2026-09-04,2026-09-15,137.4,117.56,148.04,Chronos
660043,2026-09-04,2026-09-16,136.51,113.58,147.35,Chronos
660043,2026-09-04,2026-09-17,135.53,110.21,146.88,Chronos
660043,2026-09-04,2026-09-18,134.79,107.36,147.65,Chronos
660043,2026-09-04,2026-09-19,133.86,105.51,146.73,Chronos
660043,2026-09-04,2026-09-20,132.81,104.75,147.22,Chronos
660043,2026-09-04,2026-09-21,132.85,101.96,146.38,Chronos
660043,2026-09-04,2026-09-22,132.48,98.68,146.77,Chronos
660043,2026-09-04,2026-09-23,131.43,95.68,146.38,Chronos
660043,2026-09-04,2026-09-24,130.91,93.45,146.55,Chronos
660043,2026-09-04,2026-09-25,129.55,91.51,145.73,Chronos
660043,2026-09-04,2026-09-26,128.91,89.28,145.46,Chronos
660043,2026-09-04,2026-09-27,128.03,87.63,145.58,Chronos
660043,2026-09-04,2026-09-28,126.88,85.02,145.33,Chronos
660043,2026-09-04,2026-09-29,125.69,82.59,144.65,Chronos
660043,2026-09-04,2026-09-30,125.16,81.61,144.69,Chronos
660043,2026-09-04,2026-10-01,124.74,80.19,145.07,Chronos
660043,2026-09-04,2026-10-02,123.07,79.82,145.37,Chronos
660043,2026-09-04,2026-10-03,122.48,79.62,145.25,Chronos
660043,2026-09-04,2026-10-04,121.49,78.46,144.47,Chronos
660044,2026-09-04,2026-09-05,99.3,98.73,99.69,Chronos
660044,2026-09-04,2026-09-06,99.28,98.49,99.66,Chronos
660044,2026-09-04,2026-09-07,99.27,98.43,99.61,Chronos
660044,2026-09-04,2026-09-08,99.03,98.4,99.62,Chronos
660044,2026-09-04,2026-09-09,99.03,98.07,99.66,Chronos
660044,2026-09-04,2026-09-10,98.9,97.81,99.67,Chronos
660044,2026-09-04,2026-09-11,98.97,97.9,99.72,Chronos
660044,2026-09-04,2026-09-12,99.07,97.75,99.88,Chronos
660044,2026-09-04,2026-09-13,99.15,97.53,99.89,Chronos
660044,2026-09-04,2026-09-14,99.11,97.65,100.09,Chronos
660044,2026-09-04,2026-09-15,99.04,97.22,100.1,Chronos
660044,2026-09-04,2026-09-16,98.92,97.09,99.8,Chronos
660044,2026-09-04,2026-09-17,98.68,96.73,99.89,Chronos
660044,2026-09-04,2026-09-18,98.74,96.61,99.69,Chronos
660044,2026-09-04,2026-09-19,98.87,96.83,99.83,Chronos
660044,2026-09-04,2026-09-20,98.69,97.0,99.9,Chronos
660044,2026-09-04,2026-09-21,99.02,96.22,100.45,Chronos
660044,2026-09-04,2026-09-22,99.04,96.16,100.37,Chronos
660044,2026-09-04,2026-09-23,99.02,95.69,100.34,Chronos
660044,2026-09-04,2026-09-24,98.81,95.31,100.5,Chronos
660044,2026-09-04,2026-09-25,98.86,95.49,100.52,Chronos
660044,2026-09-04,2026-09-26,98.74,95.07,100.44,Chronos
660044,2026-09-04,2026-09-27,98.81,94.98,100.47,Chronos
660044,2026-09-04,2026-09-28,98.86,94.44,100.6,Chronos
660044,2026-09-04,2026-09-29,98.94,94.13,100.57,Chronos
660044,2026-09-04,2026-09-30,98.89,94.43,100.7,Chronos
660044,2026-09-04,2026-10-01,98.79,93.7,100.67,Chronos
660044,2026-09-04,2026-10-02,98.67,93.63,100.31,Chronos
660044,2026-09-04,2026-10-03,98.41,92.79,100.43,Chronos
660044,2026-09-04,2026-10-04,98.49,91.96,100.25,Chronos
660173,2026-09-04,2026-09-05,72.74,72.37,73.01,Chronos
660173,2026-09-04,2026-09-06,72.7,72.3,73.09,Chronos
660173,2026-09-04,2026-09-07,72.72,72.17,73.08,Chronos
660173,2026-09-04,2026-09-08,72.67,72.09,73.12,Chronos
660173,2026-09-04,2026-09-09,72.57,72.05,73.28,Chronos
660173,2026-09-04,2026-09-10,72.66,71.97,73.29,Chronos
660173,2026-09-04,2026-09-11,72.66,71.93,73.3,Chronos
660173,2026-09-04,2026-09-12,72.6,71.87,73.37,Chronos
660173,2026-09-04,2026-09-13,72.53,71.82,73.39,Chronos
660173,2026-09-04,2026-09-14,72.6,71.77,73.41,Chronos
660173,2026-09-04,2026-09-15,72.57,71.76,73.42,Chronos
660173,2026-09-04,2026-09-16,72.62,71.69,73.62,Chronos
660173,2026-09-04,2026-09-17,72.62,71.68,73.63,Chronos
660173,2026-09-04,2026-09-18,72.63,71.68,73.7,Chronos
660173,2026-09-04,2026-09-19,72.51,71.59,73.66,Chronos
660173,2026-09-04,2026-09-20,72.58,71.56,73.68,Chronos
660173,2026-09-04,2026-09-21,72.62,71.09,74.12,Chronos
660173,2026-09-04,2026-09-22,72.59,71.09,74.09,Chronos
660173,2026-09-04,2026-09-23,72.62,71.04,74.15,Chronos
660173,2026-09-04,2026-09-24,72.58,71.04,74.21,Chronos
660173,2026-09-04,2026-09-25,72.5,70.92,74.31,Chronos
660173,2026-09-04,2026-09-26,72.61,70.87,74.44,Chronos
660173,2026-09-04,2026-09-27,72.6,70.92,74.43,Chronos
660173,2026-09-04,2026-09-28,72.52,70.76,74.41,Chronos
660173,2026-09-04,2026-09-29,72.48,70.73,74.51,Chronos
660173,2026-09-04,2026-09-30,72.59,70.71,74.62,Chronos
660173,2026-09-04,2026-10-01,72.52,70.66,74.67,Chronos
660173,2026-09-04,2026-10-02,72.55,70.63,74.92,Chronos
660173,2026-09-04,2026-10-03,72.57,70.62,75.02,Chronos
660173,2026-09-04,2026-10-04,72.57,70.56,75.16,Chronos
660188,2026-09-04,2026-09-05,15.17,14.69,15.7,Chronos
660188,2026-09-04,2026-09-06,15.16,14.45,15.96,Chronos
660188,2026-09-04,2026-09-07,15.19,14.2,16.29,Chronos
660188,2026-09-04,2026-09-08,15.22,14.07,16.64,Chronos
660188,2026-09-04,2026-09-09,15.26,13.88,16.9,Chronos
660188,2026-09-04,2026-09-10,15.27,13.69,17.19,Chronos
660188,2026-09-04,2026-09-11,15.22,13.48,17.34,Chronos
660188,2026-09-04,2026-09-12,15.22,13.3,17.55,Chronos
660188,2026-09-04,2026-09-13,15.24,13.05,17.84,Chronos
660188,2026-09-04,2026-09-14,15.19,12.94,17.95,Chronos
660188,2026-09-04,2026-09-15,15.25,12.66,18.09,Chronos
660188,2026-09-04,2026-09-16,15.2,12.39,18.3,Chronos
660188,2026-09-04,2026-09-17,15.14,12.04,18.47,Chronos
660188,2026-09-04,2026-09-18,15.09,11.8,18.39,Chronos
660188,2026-09-04,2026-09-19,15.06,11.53,18.51,Chronos
660188,2026-09-04,2026-09-20,14.95,11.3,18.47,Chronos
660188,2026-09-04,2026-09-21,14.89,10.93,19.52,Chronos
660188,2026-09-04,2026-09-22,14.85,10.84,19.55,Chronos
660188,2026-09-04,2026-09-23,14.85,10.59,19.67,Chronos
660188,2026-09-04,2026-09-24,14.8,10.5,19.9,Chronos
660188,2026-09-04,2026-09-25,14.75,10.31,20.04,Chronos
660188,2026-09-04,2026-09-26,14.69,10.15,20.34,Chronos
660188,2026-09-04,2026-09-27,14.67,10.0,20.37,Chronos
660188,2026-09-04,2026-09-28,14.63,9.86,20.24,Chronos
660188,2026-09-04,2026-09-29,14.62,9.6,20.27,Chronos
660188,2026-09-04,2026-09-30,14.57,9.47,20.43,Chronos
660188,2026-09-04,2026-10-01,14.57,9.28,20.62,Chronos
660188,2026-09-04,2026-10-02,14.48,9.06,20.66,Chronos
660188,2026-09-04,2026-10-03,14.37,8.89,20.85,Chronos
660188,2026-09-04,2026-10-04,14.36,8.87,20.72,Chronos
660189,2026-09-04,2026-09-05,4.25,4.16,4.32,Chronos
660189,2026-09-04,2026-09-06,4.24,4.13,4.36,Chronos
660189,2026-09-04,2026-09-07,4.24,4.09,4.39,Chronos
660189,2026-09-04,2026-09-08,4.24,4.08,4.41,Chronos
660189,2026-09-04,2026-09-09,4.24,4.05,4.44,Chronos
660189,2026-09-04,2026-09-10,4.24,4.03,4.45,Chronos
660189,2026-09-04,2026-09-11,4.23,4.0,4.47,Chronos
660189,2026-09-04,2026-09-12,4.23,3.98,4.49,Chronos
660189,2026-09-04,2026-09-13,4.22,3.96,4.51,Chronos
660189,2026-09-04,2026-09-14,4.23,3.94,4.52,Chronos
660189,2026-09-04,2026-09-15,4.22,3.92,4.54,Chronos
660189,2026-09-04,2026-09-16,4.22,3.9,4.56,Chronos
660189,2026-09-04,2026-09-17,4.22,3.86,4.58,Chronos
660189,2026-09-04,2026-09-18,4.21,3.86,4.6,Chronos
660189,2026-09-04,2026-09-19,4.21,3.83,4.6,Chronos
660189,2026-09-04,2026-09-20,4.22,3.81,4.63,Chronos
660189,2026-09-04,2026-09-21,4.21,3.79,4.69,Chronos
660189,2026-09-04,2026-09-22,4.2,3.78,4.7,Chronos
660189,2026-09-04,2026-09-23,4.2,3.78,4.7,Chronos
660189,2026-09-04,2026-09-24,4.2,3.77,4.73,Chronos
660189,2026-09-04,2026-09-25,4.19,3.76,4.73,Chronos
660189,2026-09-04,2026-09-26,4.19,3.76,4.73,Chronos
660189,2026-09-04,2026-09-27,4.19,3.74,4.74,Chronos
660189,2026-09-04,2026-09-28,4.19,3.74,4.74,Chronos
660189,2026-09-04,2026-09-29,4.19,3.73,4.76,Chronos
660189,2026-09-04,2026-09-30,4.19,3.71,4.77,Chronos
660189,2026-09-04,2026-10-01,4.19,3.71,4.78,Chronos
660189,2026-09-04,2026-10-02,4.19,3.7,4.79,Chronos
660189,2026-09-04,2026-10-03,4.19,3.68,4.79,Chronos
660189,2026-09-04,2026-10-04,4.18,3.67,4.8,Chronos
660190,2026-09-04,2026-09-05,3.89,3.83,3.96,Chronos
660190,2026-09-04,2026-09-06,3.88,3.79,3.99,Chronos
660190,2026-09-04,2026-09-07,3.89,3.75,4.02,Chronos
660190,2026-09-04,2026-09-08,3.88,3.72,4.05,Chronos
660190,2026-09-04,2026-09-09,3.87,3.68,4.08,Chronos
660190,2026-09-04,2026-09-10,3.87,3.66,4.11,Chronos
660190,2026-09-04,2026-09-11,3.87,3.65,4.12,Chronos
660190,2026-09-04,2026-09-12,3.86,3.62,4.14,Chronos
660190,2026-09-04,2026-09-13,3.85,3.59,4.17,Chronos
660190,2026-09-04,2026-09-14,3.87,3.58,4.21,Chronos
660190,2026-09-04,2026-09-15,3.86,3.55,4.22,Chronos
660190,2026-09-04,2026-09-16,3.86,3.55,4.27,Chronos
660190,2026-09-04,2026-09-17,3.86,3.52,4.31,Chronos
660190,2026-09-04,2026-09-18,3.85,3.5,4.37,Chronos
660190,2026-09-04,2026-09-19,3.85,3.49,4.4,Chronos
660190,2026-09-04,2026-09-20,3.85,3.49,4.42,Chronos
660190,2026-09-04,2026-09-21,3.92,3.43,4.53,Chronos
660190,2026-09-04,2026-09-22,3.91,3.41,4.53,Chronos
660190,2026-09-04,2026-09-23,3.91,3.37,4.57,Chronos
660190,2026-09-04,2026-09-24,3.89,3.35,4.58,Chronos
660190,2026-09-04,2026-09-25,3.89,3.33,4.68,Chronos
660190,2026-09-04,2026-09-26,3.9,3.31,4.66,Chronos
660190,2026-09-04,2026-09-27,3.89,3.3,4.7,Chronos
660190,2026-09-04,2026-09-28,3.87,3.26,4.75,Chronos
660190,2026-09-04,2026-09-29,3.87,3.24,4.78,Chronos
660190,2026-09-04,2026-09-30,3.88,3.23,4.78,Chronos
660190,2026-09-04,2026-10-01,3.86,3.21,4.83,Chronos
660190,2026-09-04,2026-10-02,3.87,3.2,4.89,Chronos
660190,2026-09-04,2026-10-03,3.88,3.18,4.94,Chronos
660190,2026-09-04,2026-10-04,3.87,3.18,5.0,Chronos
660191,2026-09-04,2026-09-05,2.83,2.71,2.95,Chronos
660191,2026-09-04,2026-09-06,2.84,2.69,3.01,Chronos
660191,2026-09-04,2026-09-07,2.85,2.67,3.05,Chronos
660191,2026-09-04,2026-09-08,2.85,2.66,3.09,Chronos
660191,2026-09-04,2026-09-09,2.86,2.63,3.11,Chronos
660191,2026-09-04,2026-09-10,2.85,2.61,3.14,Chronos
660191,2026-09-04,2026-09-11,2.86,2.6,3.16,Chronos
660191,2026-09-04,2026-09-12,2.85,2.58,3.18,Chronos
660191,2026-09-04,2026-09-13,2.86,2.56,3.19,Chronos
660191,2026-09-04,2026-09-14,2.85,2.54,3.2,Chronos
660191,2026-09-04,2026-09-15,2.84,2.5,3.24,Chronos
660191,2026-09-04,2026-09-16,2.83,2.48,3.26,Chronos
660191,2026-09-04,2026-09-17,2.81,2.45,3.27,Chronos
660191,2026-09-04,2026-09-18,2.81,2.42,3.27,Chronos
660191,2026-09-04,2026-09-19,2.8,2.4,3.27,Chronos
660191,2026-09-04,2026-09-20,2.8,2.37,3.28,Chronos
660191,2026-09-04,2026-09-21,2.81,2.44,3.31,Chronos
660191,2026-09-04,2026-09-22,2.81,2.42,3.32,Chronos
660191,2026-09-04,2026-09-23,2.81,2.4,3.34,Chronos
660191,2026-09-04,2026-09-24,2.8,2.39,3.38,Chronos
660191,2026-09-04,2026-09-25,2.79,2.35,3.37,Chronos
660191,2026-09-04,2026-09-26,2.78,2.34,3.42,Chronos
660191,2026-09-04,2026-09-27,2.78,2.31,3.44,Chronos
660191,2026-09-04,2026-09-28,2.77,2.29,3.44,Chronos
660191,2026-09-04,2026-09-29,2.77,2.27,3.44,Chronos
660191,2026-09-04,2026-09-30,2.76,2.25,3.45,Chronos
660191,2026-09-04,2026-10-01,2.75,2.23,3.48,Chronos
660191,2026-09-04,2026-10-02,2.74,2.22,3.49,Chronos
660191,2026-09-04,2026-10-03,2.73,2.2,3.51,Chronos
660191,2026-09-04,2026-10-04,2.72,2.2,3.49,Chronos
660268,2026-09-04,2026-09-05,7.99,7.89,8.05,Chronos
660268,2026-09-04,2026-09-06,7.97,7.84,8.05,Chronos
660268,2026-09-04,2026-09-07,7.95,7.77,8.07,Chronos
660268,2026-09-04,2026-09-08,7.94,7.75,8.1,Chronos
660268,2026-09-04,2026-09-09,7.93,7.69,8.14,Chronos
660268,2026-09-04,2026-09-10,7.92,7.65,8.14,Chronos
660268,2026-09-04,2026-09-11,7.92,7.63,8.17,Chronos
660268,2026-09-04,2026-09-12,7.91,7.6,8.19,Chronos
660268,2026-09-04,2026-09-13,7.9,7.53,8.21,Chronos
660268,2026-09-04,2026-09-14,7.89,7.51,8.21,Chronos
660268,2026-09-04,2026-09-15,7.88,7.42,8.25,Chronos
660268,2026-09-04,2026-09-16,7.87,7.39,8.27,Chronos
660268,2026-09-04,2026-09-17,7.85,7.29,8.3,Chronos
660268,2026-09-04,2026-09-18,7.84,7.19,8.3,Chronos
660268,2026-09-04,2026-09-19,7.83,7.15,8.32,Chronos
660268,2026-09-04,2026-09-20,7.82,7.11,8.32,Chronos
660268,2026-09-04,2026-09-21,7.83,6.97,8.42,Chronos
660268,2026-09-04,2026-09-22,7.81,6.92,8.44,Chronos
660268,2026-09-04,2026-09-23,7.8,6.84,8.44,Chronos
660268,2026-09-04,2026-09-24,7.78,6.81,8.49,Chronos
660268,2026-09-04,2026-09-25,7.78,6.74,8.51,Chronos
660268,2026-09-04,2026-09-26,7.76,6.68,8.54,Chronos
660268,2026-09-04,2026-09-27,7.76,6.61,8.54,Chronos
660268,2026-09-04,2026-09-28,7.74,6.56,8.55,Chronos
660268,2026-09-04,2026-09-29,7.73,6.49,8.56,Chronos
660268,2026-09-04,2026-09-30,7.72,6.43,8.58,Chronos
660268,2026-09-04,2026-10-01,7.72,6.4,8.61,Chronos
660268,2026-09-04,2026-10-02,7.7,6.34,8.64,Chronos
660268,2026-09-04,2026-10-03,7.68,6.28,8.66,Chronos
660268,2026-09-04,2026-10-04,7.67,6.26,8.64,Chronos
660269,2026-09-04,2026-09-05,7.3,7.04,7.52,Chronos
660269,2026-09-04,2026-09-06,7.3,6.91,7.67,Chronos
660269,2026-09-04,2026-09-07,7.29,6.75,7.83,Chronos
660269,2026-09-04,2026-09-08,7.3,6.7,7.95,Chronos
660269,2026-09-04,2026-09-09,7.31,6.62,8.12,Chronos
660269,2026-09-04,2026-09-10,7.29,6.52,8.19,Chronos
660269,2026-09-04,2026-09-11,7.32,6.48,8.3,Chronos
660269,2026-09-04,2026-09-12,7.31,6.42,8.37,Chronos
660269,2026-09-04,2026-09-13,7.32,6.31,8.48,Chronos
660269,2026-09-04,2026-09-14,7.3,6.27,8.55,Chronos
660269,2026-09-04,2026-09-15,7.29,6.11,8.68,Chronos
660269,2026-09-04,2026-09-16,7.28,6.04,8.86,Chronos
660269,2026-09-04,2026-09-17,7.25,5.93,8.98,Chronos
660269,2026-09-04,2026-09-18,7.25,5.87,8.96,Chronos
660269,2026-09-04,2026-09-19,7.23,5.73,8.95,Chronos
660269,2026-09-04,2026-09-20,7.2,5.63,9.01,Chronos
660269,2026-09-04,2026-09-21,7.23,5.61,9.15,Chronos
660269,2026-09-04,2026-09-22,7.22,5.51,9.18,Chronos
660269,2026-09-04,2026-09-23,7.2,5.4,9.23,Chronos
660269,2026-09-04,2026-09-24,7.19,5.37,9.39,Chronos
660269,2026-09-04,2026-09-25,7.14,5.22,9.39,Chronos
660269,2026-09-04,2026-09-26,7.1,5.14,9.52,Chronos
660269,2026-09-04,2026-09-27,7.09,5.02,9.61,Chronos
660269,2026-09-04,2026-09-28,7.08,4.96,9.61,Chronos
660269,2026-09-04,2026-09-29,7.06,4.9,9.61,Chronos
660269,2026-09-04,2026-09-30,7.02,4.82,9.69,Chronos
660269,2026-09-04,2026-10-01,6.99,4.72,9.77,Chronos
660269,2026-09-04,2026-10-02,6.98,4.62,9.87,Chronos
660269,2026-09-04,2026-10-03,6.92,4.54,9.97,Chronos
660269,2026-09-04,2026-10-04,6.87,4.5,9.91,Chronos
660270,2026-09-04,2026-09-05,3.07,3.01,3.14,Chronos
660270,2026-09-04,2026-09-06,3.08,3.0,3.17,Chronos
660270,2026-09-04,2026-09-07,3.08,2.98,3.2,Chronos
660270,2026-09-04,2026-09-08,3.09,2.96,3.23,Chronos
660270,2026-09-04,2026-09-09,3.09,2.95,3.26,Chronos
660270,2026-09-04,2026-09-10,3.09,2.94,3.27,Chronos
660270,2026-09-04,2026-09-11,3.09,2.91,3.29,Chronos
660270,2026-09-04,2026-09-12,3.09,2.9,3.3,Chronos
660270,2026-09-04,2026-09-13,3.1,2.89,3.32,Chronos
660270,2026-09-04,2026-09-14,3.09,2.88,3.33,Chronos
660270,2026-09-04,2026-09-15,3.09,2.87,3.35,Chronos
660270,2026-09-04,2026-09-16,3.09,2.86,3.35,Chronos
660270,2026-09-04,2026-09-17,3.09,2.85,3.37,Chronos
660270,2026-09-04,2026-09-18,3.09,2.85,3.39,Chronos
660270,2026-09-04,2026-09-19,3.1,2.84,3.39,Chronos
660270,2026-09-04,2026-09-20,3.1,2.84,3.41,Chronos
660270,2026-09-04,2026-09-21,3.09,2.77,3.43,Chronos
660270,2026-09-04,2026-09-22,3.08,2.76,3.45,Chronos
660270,2026-09-04,2026-09-23,3.08,2.75,3.47,Chronos
660270,2026-09-04,2026-09-24,3.09,2.75,3.47,Chronos
660270,2026-09-04,2026-09-25,3.08,2.74,3.48,Chronos
660270,2026-09-04,2026-09-26,3.08,2.74,3.48,Chronos
660270,2026-09-04,2026-09-27,3.08,2.73,3.48,Chronos
660270,2026-09-04,2026-09-28,3.08,2.72,3.49,Chronos
660270,2026-09-04,2026-09-29,3.08,2.72,3.5,Chronos
660270,2026-09-04,2026-09-30,3.08,2.71,3.51,Chronos
660270,2026-09-04,2026-10-01,3.08,2.7,3.52,Chronos
660270,2026-09-04,2026-10-02,3.08,2.7,3.53,Chronos
660270,2026-09-04,2026-10-03,3.07,2.69,3.53,Chronos
660270,2026-09-04,2026-10-04,3.07,2.69,3.54,Chronos
660271,2026-09-04,2026-09-05,17.64,16.69,19.14,Chronos
660271,2026-09-04,2026-09-06,17.97,16.34,20.27,Chronos
660271,2026-09-04,2026-09-07,18.24,16.05,21.29,Chronos
660271,2026-09-04,2026-09-08,18.44,15.73,22.36,Chronos
660271,2026-09-04,2026-09-09,18.58,15.29,23.13,Chronos
660271,2026-09-04,2026-09-10,18.59,15.0,24.18,Chronos
660271,2026-09-04,2026-09-11,18.68,14.45,24.78,Chronos
660271,2026-09-04,2026-09-12,18.69,14.05,25.53,Chronos
660271,2026-09-04,2026-09-13,18.67,13.4,26.11,Chronos
660271,2026-09-04,2026-09-14,18.5,12.79,26.91,Chronos
660271,2026-09-04,2026-09-15,18.27,12.43,26.82,Chronos
660271,2026-09-04,2026-09-16,17.96,11.75,26.99,Chronos
660271,2026-09-04,2026-09-17,17.61,11.19,27.6,Chronos
660271,2026-09-04,2026-09-18,17.42,10.66,27.9,Chronos
660271,2026-09-04,2026-09-19,17.11,10.17,28.8,Chronos
660271,2026-09-04,2026-09-20,16.85,9.81,28.42,Chronos
660271,2026-09-04,2026-09-21,16.7,9.38,29.3,Chronos
660271,2026-09-04,2026-09-22,16.56,8.92,29.91,Chronos
660271,2026-09-04,2026-09-23,16.4,8.84,29.72,Chronos
660271,2026-09-04,2026-09-24,16.17,8.72,29.78,Chronos
660271,2026-09-04,2026-09-25,15.87,8.54,30.28,Chronos
660271,2026-09-04,2026-09-26,15.63,8.42,30.65,Chronos
660271,2026-09-04,2026-09-27,15.32,8.18,30.77,Chronos
660271,2026-09-04,2026-09-28,15.23,8.16,30.25,Chronos
660271,2026-09-04,2026-09-29,15.07,7.92,30.27,Chronos
660271,2026-09-04,2026-09-30,14.84,7.65,30.65,Chronos
660271,2026-09-04,2026-10-01,14.8,7.59,31.0,Chronos
660271,2026-09-04,2026-10-02,14.56,7.57,30.46,Chronos
660271,2026-09-04,2026-10-03,14.43,7.35,30.54,Chronos
660271,2026-09-04,2026-10-04,14.15,7.16,30.55,Chronos
660272,2026-09-04,2026-09-05,4.85,4.79,4.97,Chronos
660272,2026-09-04,2026-09-06,4.86,4.75,4.99,Chronos
660272,2026-09-04,2026-09-07,4.85,4.72,5.02,Chronos
660272,2026-09-04,2026-09-08,4.84,4.69,5.05,Chronos
660272,2026-09-04,2026-09-09,4.84,4.66,5.1,Chronos
660272,2026-09-04,2026-09-10,4.84,4.64,5.12,Chronos
660272,2026-09-04,2026-09-11,4.84,4.63,5.16,Chronos
660272,2026-09-04,2026-09-12,4.83,4.6,5.23,Chronos
660272,2026-09-04,2026-09-13,4.84,4.58,5.29,Chronos
660272,2026-09-04,2026-09-14,4.83,4.56,5.33,Chronos
660272,2026-09-04,2026-09-15,4.82,4.51,5.37,Chronos
660272,2026-09-04,2026-09-16,4.82,4.5,5.4,Chronos
660272,2026-09-04,2026-09-17,4.83,4.44,5.48,Chronos
660272,2026-09-04,2026-09-18,4.82,4.42,5.58,Chronos
660272,2026-09-04,2026-09-19,4.83,4.37,5.63,Chronos
660272,2026-09-04,2026-09-20,4.83,4.36,5.64,Chronos
660272,2026-09-04,2026-09-21,4.8,4.27,5.8,Chronos
660272,2026-09-04,2026-09-22,4.82,4.26,5.87,Chronos
660272,2026-09-04,2026-09-23,4.8,4.22,5.93,Chronos
660272,2026-09-04,2026-09-24,4.81,4.18,5.99,Chronos
660272,2026-09-04,2026-09-25,4.79,4.15,6.1,Chronos
660272,2026-09-04,2026-09-26,4.8,4.16,6.18,Chronos
660272,2026-09-04,2026-09-27,4.81,4.13,6.19,Chronos
660272,2026-09-04,2026-09-28,4.79,4.12,6.27,Chronos
660272,2026-09-04,2026-09-29,4.8,4.09,6.34,Chronos
660272,2026-09-04,2026-09-30,4.79,4.08,6.36,Chronos
660272,2026-09-04,2026-10-01,4.8,4.05,6.48,Chronos
660272,2026-09-04,2026-10-02,4.79,4.04,6.52,Chronos
660272,2026-09-04,2026-10-03,4.79,4.01,6.62,Chronos
660272,2026-09-04,2026-10-04,4.78,3.99,6.7,Chronos
660359,2026-09-04,2026-09-05,3.76,3.65,3.9,Chronos
660359,2026-09-04,2026-09-06,3.78,3.63,3.98,Chronos
660359,2026-09-04,2026-09-07,3.8,3.6,4.05,Chronos
660359,2026-09-04,2026-09-08,3.82,3.61,4.11,Chronos
660359,2026-09-04,2026-09-09,3.83,3.59,4.18,Chronos
660359,2026-09-04,2026-09-10,3.84,3.58,4.22,Chronos
660359,2026-09-04,2026-09-11,3.86,3.58,4.26,Chronos
660359,2026-09-04,2026-09-12,3.87,3.57,4.3,Chronos
660359,2026-09-04,2026-09-13,3.88,3.54,4.36,Chronos
660359,2026-09-04,2026-09-14,3.88,3.53,4.39,Chronos
660359,2026-09-04,2026-09-15,3.87,3.49,4.41,Chronos
660359,2026-09-04,2026-09-16,3.86,3.46,4.45,Chronos
660359,2026-09-04,2026-09-17,3.85,3.42,4.49,Chronos
660359,2026-09-04,2026-09-18,3.85,3.42,4.48,Chronos
660359,2026-09-04,2026-09-19,3.84,3.38,4.52,Chronos
660359,2026-09-04,2026-09-20,3.83,3.34,4.51,Chronos
660359,2026-09-04,2026-09-21,3.87,3.37,4.61,Chronos
660359,2026-09-04,2026-09-22,3.86,3.34,4.63,Chronos
660359,2026-09-04,2026-09-23,3.85,3.32,4.61,Chronos
660359,2026-09-04,2026-09-24,3.83,3.31,4.63,Chronos
660359,2026-09-04,2026-09-25,3.81,3.28,4.62,Chronos
660359,2026-09-04,2026-09-26,3.79,3.28,4.61,Chronos
660359,2026-09-04,2026-09-27,3.78,3.25,4.58,Chronos
660359,2026-09-04,2026-09-28,3.77,3.23,4.56,Chronos
660359,2026-09-04,2026-09-29,3.75,3.22,4.57,Chronos
660359,2026-09-04,2026-09-30,3.74,3.2,4.56,Chronos
660359,2026-09-04,2026-10-01,3.73,3.17,4.58,Chronos
660359,2026-09-04,2026-10-02,3.72,3.15,4.59,Chronos
660359,2026-09-04,2026-10-03,3.71,3.15,4.61,Chronos
660359,2026-09-04,2026-10-04,3.71,3.15,4.61,Chronos
660362,2026-09-04,2026-09-05,3.24,3.14,3.4,Chronos
660362,2026-09-04,2026-09-06,3.26,3.12,3.46,Chronos
660362,2026-09-04,2026-09-07,3.26,3.08,3.51,Chronos
660362,2026-09-04,2026-09-08,3.28,3.08,3.58,Chronos
660362,2026-09-04,2026-09-09,3.29,3.05,3.67,Chronos
660362,2026-09-04,2026-09-10,3.3,3.05,3.71,Chronos
660362,2026-09-04,2026-09-11,3.3,3.02,3.77,Chronos
660362,2026-09-04,2026-09-12,3.31,3.0,3.83,Chronos
660362,2026-09-04,2026-09-13,3.31,2.97,3.92,Chronos
660362,2026-09-04,2026-09-14,3.32,2.96,3.95,Chronos
660362,2026-09-04,2026-09-15,3.32,2.92,4.02,Chronos
660362,2026-09-04,2026-09-16,3.33,2.9,4.1,Chronos
660362,2026-09-04,2026-09-17,3.33,2.86,4.17,Chronos
660362,2026-09-04,2026-09-18,3.33,2.88,4.18,Chronos
660362,2026-09-04,2026-09-19,3.33,2.83,4.22,Chronos
660362,2026-09-04,2026-09-20,3.34,2.81,4.22,Chronos
660362,2026-09-04,2026-09-21,3.4,2.82,4.56,Chronos
660362,2026-09-04,2026-09-22,3.39,2.81,4.58,Chronos
660362,2026-09-04,2026-09-23,3.39,2.79,4.61,Chronos
660362,2026-09-04,2026-09-24,3.39,2.78,4.65,Chronos
660362,2026-09-04,2026-09-25,3.38,2.76,4.68,Chronos
660362,2026-09-04,2026-09-26,3.37,2.76,4.71,Chronos
660362,2026-09-04,2026-09-27,3.37,2.73,4.75,Chronos
660362,2026-09-04,2026-09-28,3.38,2.72,4.76,Chronos
660362,2026-09-04,2026-09-29,3.38,2.71,4.83,Chronos
660362,2026-09-04,2026-09-30,3.38,2.7,4.85,Chronos
660362,2026-09-04,2026-10-01,3.38,2.68,4.92,Chronos
660362,2026-09-04,2026-10-02,3.38,2.69,4.94,Chronos
660362,2026-09-04,2026-10-03,3.39,2.67,5.02,Chronos
660362,2026-09-04,2026-10-04,3.39,2.68,5.01,Chronos
660363,2026-09-04,2026-09-05,3.28,3.19,3.34,Chronos
660363,2026-09-04,2026-09-06,3.3,3.16,3.42,Chronos
660363,2026-09-04,2026-09-07,3.29,3.11,3.46,Chronos
660363,2026-09-04,2026-09-08,3.29,3.1,3.49,Chronos
660363,2026-09-04,2026-09-09,3.29,3.06,3.52,Chronos
660363,2026-09-04,2026-09-10,3.29,3.03,3.54,Chronos
660363,2026-09-04,2026-09-11,3.28,2.98,3.57,Chronos
660363,2026-09-04,2026-09-12,3.27,2.96,3.6,Chronos
660363,2026-09-04,2026-09-13,3.27,2.91,3.62,Chronos
660363,2026-09-04,2026-09-14,3.26,2.88,3.67,Chronos
660363,2026-09-04,2026-09-15,3.26,2.86,3.7,Chronos
660363,2026-09-04,2026-09-16,3.25,2.83,3.71,Chronos
660363,2026-09-04,2026-09-17,3.25,2.79,3.74,Chronos
660363,2026-09-04,2026-09-18,3.24,2.77,3.78,Chronos
660363,2026-09-04,2026-09-19,3.25,2.74,3.79,Chronos
660363,2026-09-04,2026-09-20,3.25,2.73,3.79,Chronos
660363,2026-09-04,2026-09-21,3.23,2.64,3.89,Chronos
660363,2026-09-04,2026-09-22,3.23,2.6,3.93,Chronos
660363,2026-09-04,2026-09-23,3.23,2.58,3.97,Chronos
660363,2026-09-04,2026-09-24,3.23,2.57,4.0,Chronos
660363,2026-09-04,2026-09-25,3.23,2.53,4.05,Chronos
660363,2026-09-04,2026-09-26,3.24,2.55,4.07,Chronos
660363,2026-09-04,2026-09-27,3.25,2.54,4.09,Chronos
660363,2026-09-04,2026-09-28,3.24,2.5,4.1,Chronos
660363,2026-09-04,2026-09-29,3.25,2.51,4.14,Chronos
660363,2026-09-04,2026-09-30,3.25,2.48,4.18,Chronos
660363,2026-09-04,2026-10-01,3.27,2.49,4.22,Chronos
660363,2026-09-04,2026-10-02,3.26,2.48,4.25,Chronos
660363,2026-09-04,2026-10-03,3.26,2.44,4.28,Chronos
660363,2026-09-04,2026-10-04,3.28,2.45,4.33,Chronos
660364,2026-09-04,2026-09-05,9.14,8.85,9.53,Chronos
660364,2026-09-04,2026-09-06,9.2,8.89,9.65,Chronos
660364,2026-09-04,2026-09-07,9.23,8.82,9.78,Chronos
660364,2026-09-04,2026-09-08,9.25,8.83,9.93,Chronos
660364,2026-09-04,2026-09-09,9.32,8.76,10.14,Chronos
660364,2026-09-04,2026-09-10,9.31,8.66,10.23,Chronos
660364,2026-09-04,2026-09-11,9.3,8.62,10.34,Chronos
660364,2026-09-04,2026-09-12,9.27,8.52,10.52,Chronos
660364,2026-09-04,2026-09-13,9.28,8.45,10.74,Chronos
660364,2026-09-04,2026-09-14,9.22,8.31,10.73,Chronos
660364,2026-09-04,2026-09-15,9.15,8.15,10.99,Chronos
660364,2026-09-04,2026-09-16,9.05,8.06,11.09,Chronos
660364,2026-09-04,2026-09-17,8.96,7.84,11.12,Chronos
660364,2026-09-04,2026-09-18,8.89,7.55,11.02,Chronos
660364,2026-09-04,2026-09-19,8.8,7.33,10.94,Chronos
660364,2026-09-04,2026-09-20,8.69,7.17,10.81,Chronos
660364,2026-09-04,2026-09-21,8.74,6.8,11.58,Chronos
660364,2026-09-04,2026-09-22,8.65,6.59,11.81,Chronos
660364,2026-09-04,2026-09-23,8.59,6.38,11.78,Chronos
660364,2026-09-04,2026-09-24,8.53,6.32,11.9,Chronos
660364,2026-09-04,2026-09-25,8.45,6.14,11.88,Chronos
660364,2026-09-04,2026-09-26,8.4,6.05,12.11,Chronos
660364,2026-09-04,2026-09-27,8.34,5.9,12.07,Chronos
660364,2026-09-04,2026-09-28,8.31,5.81,12.2,Chronos
660364,2026-09-04,2026-09-29,8.24,5.73,12.22,Chronos
660364,2026-09-04,2026-09-30,8.2,5.66,12.22,Chronos
660364,2026-09-04,2026-10-01,8.13,5.53,12.41,Chronos
660364,2026-09-04,2026-10-02,8.08,5.44,12.56,Chronos
660364,2026-09-04,2026-10-03,8.0,5.29,12.77,Chronos
660364,2026-09-04,2026-10-04,7.94,5.23,12.73,Chronos
660365,2026-09-04,2026-09-05,108.05,106.66,108.78,Chronos
660365,2026-09-04,2026-09-06,107.8,104.93,109.06,Chronos
660365,2026-09-04,2026-09-07,107.53,103.56,109.56,Chronos
660365,2026-09-04,2026-09-08,107.2,102.82,110.1,Chronos
660365,2026-09-04,2026-09-09,106.88,101.76,110.51,Chronos
660365,2026-09-04,2026-09-10,106.53,100.58,110.44,Chronos
660365,2026-09-04,2026-09-11,106.48,99.77,110.88,Chronos
660365,2026-09-04,2026-09-12,106.22,98.65,111.01,Chronos
660365,2026-09-04,2026-09-13,105.96,97.14,111.41,Chronos
660365,2026-09-04,2026-09-14,105.64,95.91,111.32,Chronos
660365,2026-09-04,2026-09-15,105.4,94.2,111.75,Chronos
660365,2026-09-04,2026-09-16,105.12,92.65,111.9,Chronos
660365,2026-09-04,2026-09-17,104.35,90.36,111.77,Chronos
660365,2026-09-04,2026-09-18,104.31,88.38,112.03,Chronos
660365,2026-09-04,2026-09-19,103.87,86.83,112.04,Chronos
660365,2026-09-04,2026-09-20,103.58,85.85,112.33,Chronos
660365,2026-09-04,2026-09-21,104.26,86.97,110.84,Chronos
660365,2026-09-04,2026-09-22,104.02,85.38,111.36,Chronos
660365,2026-09-04,2026-09-23,103.76,82.97,111.25,Chronos
660365,2026-09-04,2026-09-24,103.29,81.64,111.85,Chronos
660365,2026-09-04,2026-09-25,103.13,80.54,111.71,Chronos
660365,2026-09-04,2026-09-26,102.67,78.62,112.08,Chronos
660365,2026-09-04,2026-09-27,102.72,76.75,112.16,Chronos
660365,2026-09-04,2026-09-28,102.03,75.36,112.22,Chronos
660365,2026-09-04,2026-09-29,101.8,74.74,112.04,Chronos
660365,2026-09-04,2026-09-30,101.67,72.27,112.09,Chronos
660365,2026-09-04,2026-10-01,101.26,70.95,112.45,Chronos
660365,2026-09-04,2026-10-02,100.89,70.24,112.96,Chronos
660365,2026-09-04,2026-10-03,100.16,69.0,112.81,Chronos
660365,2026-09-04,2026-10-04,99.97,67.91,112.48,Chronos
673068,2026-09-04,2026-09-05,402.16,399.04,404.1,Chronos
673068,2026-09-04,2026-09-06,402.1,397.91,404.49,Chronos
673068,2026-09-04,2026-09-07,402.09,397.71,404.64,Chronos
673068,2026-09-04,2026-09-08,401.32,397.7,405.06,Chronos
673068,2026-09-04,2026-09-09,401.3,396.25,405.65,Chronos
673068,2026-09-04,2026-09-10,401.45,395.81,406.11,Chronos
673068,2026-09-04,2026-09-11,401.64,395.57,406.66,Chronos
673068,2026-09-04,2026-09-12,401.73,394.66,407.19,Chronos
673068,2026-09-04,2026-09-13,402.01,394.0,407.51,Chronos
673068,2026-09-04,2026-09-14,401.95,393.94,408.5,Chronos
673068,2026-09-04,2026-09-15,401.76,392.8,408.35,Chronos
673068,2026-09-04,2026-09-16,401.61,392.37,408.31,Chronos
673068,2026-09-04,2026-09-17,400.8,391.24,408.7,Chronos
673068,2026-09-04,2026-09-18,401.15,390.24,408.28,Chronos
673068,2026-09-04,2026-09-19,401.52,390.68,409.28,Chronos
673068,2026-09-04,2026-09-20,400.8,390.62,409.89,Chronos
673068,2026-09-04,2026-09-21,402.47,384.17,413.76,Chronos
673068,2026-09-04,2026-09-22,402.41,384.55,413.66,Chronos
673068,2026-09-04,2026-09-23,401.73,381.25,413.71,Chronos
673068,2026-09-04,2026-09-24,400.92,379.02,414.46,Chronos
673068,2026-09-04,2026-09-25,400.95,379.0,414.8,Chronos
673068,2026-09-04,2026-09-26,400.68,377.46,415.09,Chronos
673068,2026-09-04,2026-09-27,400.85,375.62,416.29,Chronos
673068,2026-09-04,2026-09-28,400.51,373.06,416.55,Chronos
673068,2026-09-04,2026-09-29,400.6,371.58,416.95,Chronos
673068,2026-09-04,2026-09-30,400.27,372.77,416.95,Chronos
673068,2026-09-04,2026-10-01,399.82,366.73,417.15,Chronos
673068,2026-09-04,2026-10-02,399.45,363.61,417.93,Chronos
673068,2026-09-04,2026-10-03,398.62,359.38,418.41,Chronos
673068,2026-09-04,2026-10-04,398.65,354.6,417.57,Chronos
673298,2026-09-04,2026-09-05,978.13,969.99,979.55,Chronos
673298,2026-09-04,2026-09-06,978.6,966.6,983.83,Chronos
673298,2026-09-04,2026-09-07,978.48,963.24,988.16,Chronos
673298,2026-09-04,2026-09-08,978.98,963.16,991.31,Chronos
673298,2026-09-04,2026-09-09,979.72,958.77,998.32,Chronos
673298,2026-09-04,2026-09-10,981.73,956.9,1003.35,Chronos
673298,2026-09-04,2026-09-11,983.08,956.83,1007.83,Chronos
673298,2026-09-04,2026-09-12,984.54,953.87,1012.05,Chronos
673298,2026-09-04,2026-09-13,986.56,949.61,1017.97,Chronos
673298,2026-09-04,2026-09-14,987.67,948.05,1024.32,Chronos
673298,2026-09-04,2026-09-15,989.26,941.18,1029.68,Chronos
673298,2026-09-04,2026-09-16,990.19,937.53,1039.53,Chronos
673298,2026-09-04,2026-09-17,989.29,932.05,1046.01,Chronos
673298,2026-09-04,2026-09-18,991.89,922.32,1048.59,Chronos
673298,2026-09-04,2026-09-19,995.38,919.53,1053.35,Chronos
673298,2026-09-04,2026-09-20,994.03,915.57,1056.92,Chronos
673298,2026-09-04,2026-09-21,1006.29,914.75,1063.7,Chronos
673298,2026-09-04,2026-09-22,1004.99,907.4,1066.89,Chronos
673298,2026-09-04,2026-09-23,1005.86,899.69,1072.67,Chronos
673298,2026-09-04,2026-09-24,1006.36,896.74,1084.75,Chronos
673298,2026-09-04,2026-09-25,1010.71,888.61,1088.11,Chronos
673298,2026-09-04,2026-09-26,1011.12,889.08,1098.4,Chronos
673298,2026-09-04,2026-09-27,1014.41,889.4,1103.45,Chronos
673298,2026-09-04,2026-09-28,1015.0,885.98,1105.76,Chronos
673298,2026-09-04,2026-09-29,1019.72,884.93,1109.69,Chronos
673298,2026-09-04,2026-09-30,1019.28,885.15,1113.27,Chronos
673298,2026-09-04,2026-10-01,1022.19,877.89,1116.46,Chronos
673298,2026-09-04,2026-10-02,1021.12,872.01,1123.6,Chronos
673298,2026-09-04,2026-10-03,1019.47,861.78,1127.12,Chronos
673298,2026-09-04,2026-10-04,1019.53,856.35,1122.41,Chronos
673300,2026-09-04,2026-09-05,1158.43,1153.46,1162.75,Chronos
673300,2026-09-04,2026-09-06,1158.7,1151.73,1164.44,Chronos
673300,2026-09-04,2026-09-07,1159.72,1152.95,1165.42,Chronos
673300,2026-09-04,2026-09-08,1158.48,1152.79,1167.34,Chronos
673300,2026-09-04,2026-09-09,1158.4,1150.84,1167.98,Chronos
673300,2026-09-04,2026-09-10,1159.58,1150.18,1169.59,Chronos
673300,2026-09-04,2026-09-11,1160.19,1150.37,1170.56,Chronos
673300,2026-09-04,2026-09-12,1160.66,1148.51,1172.15,Chronos
673300,2026-09-04,2026-09-13,1161.45,1147.98,1172.94,Chronos
673300,2026-09-04,2026-09-14,1161.54,1148.06,1176.24,Chronos
673300,2026-09-04,2026-09-15,1162.16,1147.12,1175.87,Chronos
673300,2026-09-04,2026-09-16,1161.96,1146.19,1177.72,Chronos
673300,2026-09-04,2026-09-17,1160.36,1145.06,1178.9,Chronos
673300,2026-09-04,2026-09-18,1161.99,1145.38,1178.19,Chronos
673300,2026-09-04,2026-09-19,1163.91,1144.59,1180.91,Chronos
673300,2026-09-04,2026-09-20,1162.27,1144.35,1183.95,Chronos
673300,2026-09-04,2026-09-21,1166.18,1136.68,1191.75,Chronos
673300,2026-09-04,2026-09-22,1166.84,1134.2,1193.68,Chronos
673300,2026-09-04,2026-09-23,1167.46,1132.36,1194.41,Chronos
673300,2026-09-04,2026-09-24,1166.03,1130.3,1196.62,Chronos
673300,2026-09-04,2026-09-25,1166.01,1129.24,1197.33,Chronos
673300,2026-09-04,2026-09-26,1167.14,1127.33,1198.78,Chronos
673300,2026-09-04,2026-09-27,1167.93,1128.44,1201.9,Chronos
673300,2026-09-04,2026-09-28,1168.17,1123.91,1204.75,Chronos
673300,2026-09-04,2026-09-29,1170.21,1118.82,1208.66,Chronos
673300,2026-09-04,2026-09-30,1169.98,1119.22,1208.27,Chronos
673300,2026-09-04,2026-10-01,1170.59,1111.54,1208.33,Chronos
673300,2026-09-04,2026-10-02,1169.69,1109.04,1215.29,Chronos
673300,2026-09-04,2026-10-03,1167.92,1101.66,1220.73,Chronos
673300,2026-09-04,2026-10-04,1169.53,1093.56,1222.11,Chronos
675279,2026-09-04,2026-09-05,715.48,710.98,719.92,Chronos
675279,2026-09-04,2026-09-06,715.73,709.74,720.69,Chronos
675279,2026-09-04,2026-09-07,716.35,710.26,721.1,Chronos
675279,2026-09-04,2026-09-08,714.91,710.14,722.41,Chronos
675279,2026-09-04,2026-09-09,714.91,708.13,722.73,Chronos
675279,2026-09-04,2026-09-10,715.56,707.88,724.0,Chronos
675279,2026-09-04,2026-09-11,716.03,708.1,724.27,Chronos
675279,2026-09-04,2026-09-12,716.51,706.58,725.42,Chronos
675279,2026-09-04,2026-09-13,717.44,706.68,726.13,Chronos
675279,2026-09-04,2026-09-14,716.98,706.93,729.04,Chronos
675279,2026-09-04,2026-09-15,717.66,705.58,729.11,Chronos
675279,2026-09-04,2026-09-16,716.79,704.33,729.78,Chronos
675279,2026-09-04,2026-09-17,715.22,702.83,731.37,Chronos
675279,2026-09-04,2026-09-18,716.73,703.93,729.26,Chronos
675279,2026-09-04,2026-09-19,718.41,703.04,732.35,Chronos
675279,2026-09-04,2026-09-20,716.8,703.04,734.33,Chronos
675279,2026-09-04,2026-09-21,717.71,695.63,737.24,Chronos
675279,2026-09-04,2026-09-22,717.84,694.12,738.37,Chronos
675279,2026-09-04,2026-09-23,718.28,693.2,738.93,Chronos
675279,2026-09-04,2026-09-24,716.47,692.75,740.84,Chronos
675279,2026-09-04,2026-09-25,716.47,690.67,741.16,Chronos
675279,2026-09-04,2026-09-26,717.43,689.88,740.85,Chronos
675279,2026-09-04,2026-09-27,717.6,690.46,742.87,Chronos
675279,2026-09-04,2026-09-28,718.07,686.29,745.63,Chronos
675279,2026-09-04,2026-09-29,719.43,681.8,749.3,Chronos
675279,2026-09-04,2026-09-30,718.81,681.59,750.01,Chronos
675279,2026-09-04,2026-10-01,719.59,676.09,748.75,Chronos
675279,2026-09-04,2026-10-02,718.52,676.0,753.25,Chronos
675279,2026-09-04,2026-10-03,717.2,671.14,758.75,Chronos
675279,2026-09-04,2026-10-04,718.34,663.38,759.84,Chronos
675280,2026-09-04,2026-09-05,10.52,10.35,10.67,Chronos
675280,2026-09-04,2026-09-06,10.49,10.23,10.75,Chronos
675280,2026-09-04,2026-09-07,10.46,10.11,10.81,Chronos
675280,2026-09-04,2026-09-08,10.47,10.01,10.91,Chronos
675280,2026-09-04,2026-09-09,10.46,9.91,10.97,Chronos
675280,2026-09-04,2026-09-10,10.46,9.86,11.03,Chronos
675280,2026-09-04,2026-09-11,10.47,9.79,11.1,Chronos
675280,2026-09-04,2026-09-12,10.47,9.71,11.18,Chronos
675280,2026-09-04,2026-09-13,10.46,9.68,11.2,Chronos
675280,2026-09-04,2026-09-14,10.48,9.63,11.3,Chronos
675280,2026-09-04,2026-09-15,10.49,9.59,11.36,Chronos
675280,2026-09-04,2026-09-16,10.5,9.56,11.4,Chronos
675280,2026-09-04,2026-09-17,10.5,9.51,11.45,Chronos
675280,2026-09-04,2026-09-18,10.5,9.47,11.53,Chronos
675280,2026-09-04,2026-09-19,10.5,9.44,11.54,Chronos
675280,2026-09-04,2026-09-20,10.5,9.42,11.57,Chronos
675280,2026-09-04,2026-09-21,10.48,9.19,11.78,Chronos
675280,2026-09-04,2026-09-22,10.48,9.14,11.82,Chronos
675280,2026-09-04,2026-09-23,10.48,9.09,11.87,Chronos
675280,2026-09-04,2026-09-24,10.48,9.05,11.91,Chronos
675280,2026-09-04,2026-09-25,10.47,9.03,11.94,Chronos
675280,2026-09-04,2026-09-26,10.46,8.97,11.95,Chronos
675280,2026-09-04,2026-09-27,10.46,8.94,11.99,Chronos
675280,2026-09-04,2026-09-28,10.47,8.94,12.03,Chronos
675280,2026-09-04,2026-09-29,10.46,8.9,12.05,Chronos
675280,2026-09-04,2026-09-30,10.47,8.89,12.1,Chronos
675280,2026-09-04,2026-10-01,10.44,8.85,12.13,Chronos
675280,2026-09-04,2026-10-02,10.44,8.82,12.15,Chronos
675280,2026-09-04,2026-10-03,10.43,8.82,12.16,Chronos
675280,2026-09-04,2026-10-04,10.43,8.8,12.22,Chronos
675395,2026-09-04,2026-09-05,134.23,131.98,136.25,Chronos
675395,2026-09-04,2026-09-06,133.98,131.0,136.8,Chronos
675395,2026-09-04,2026-09-07,133.44,129.9,137.01,Chronos
675395,2026-09-04,2026-09-08,133.45,129.36,137.91,Chronos
675395,2026-09-04,2026-09-09,133.41,128.69,139.57,Chronos
675395,2026-09-04,2026-09-10,133.68,128.2,140.21,Chronos
675395,2026-09-04,2026-09-11,133.69,127.83,141.03,Chronos
675395,2026-09-04,2026-09-12,133.58,127.25,141.95,Chronos
675395,2026-09-04,2026-09-13,133.68,126.41,143.54,Chronos
675395,2026-09-04,2026-09-14,133.68,125.91,144.81,Chronos
675395,2026-09-04,2026-09-15,133.56,124.65,146.32,Chronos
675395,2026-09-04,2026-09-16,133.74,124.43,147.95,Chronos
675395,2026-09-04,2026-09-17,133.94,122.88,149.99,Chronos
675395,2026-09-04,2026-09-18,133.84,122.67,152.0,Chronos
675395,2026-09-04,2026-09-19,133.84,120.85,153.93,Chronos
675395,2026-09-04,2026-09-20,134.13,120.32,154.2,Chronos
675395,2026-09-04,2026-09-21,134.78,120.18,157.52,Chronos
675395,2026-09-04,2026-09-22,134.53,119.44,157.99,Chronos
675395,2026-09-04,2026-09-23,133.96,118.7,159.1,Chronos
675395,2026-09-04,2026-09-24,134.22,117.97,159.76,Chronos
675395,2026-09-04,2026-09-25,133.97,117.08,161.01,Chronos
675395,2026-09-04,2026-09-26,133.89,117.25,161.01,Chronos
675395,2026-09-04,2026-09-27,133.68,115.82,161.89,Chronos
675395,2026-09-04,2026-09-28,133.88,115.13,162.38,Chronos
675395,2026-09-04,2026-09-29,133.74,114.34,164.13,Chronos
675395,2026-09-04,2026-09-30,133.58,113.7,164.86,Chronos
675395,2026-09-04,2026-10-01,133.58,111.93,167.07,Chronos
675395,2026-09-04,2026-10-02,133.36,111.41,168.02,Chronos
675395,2026-09-04,2026-10-03,133.55,110.65,169.45,Chronos
675395,2026-09-04,2026-10-04,133.1,109.93,170.04,Chronos
675515,2026-09-04,2026-09-05,742.15,720.64,753.56,Chronos
675515,2026-09-04,2026-09-06,738.99,709.52,756.87,Chronos
675515,2026-09-04,2026-09-07,735.07,698.22,762.89,Chronos
675515,2026-09-04,2026-09-08,732.54,693.25,765.64,Chronos
675515,2026-09-04,2026-09-09,728.92,682.8,773.59,Chronos
675515,2026-09-04,2026-09-10,727.19,675.89,775.44,Chronos
675515,2026-09-04,2026-09-11,725.43,668.16,779.07,Chronos
675515,2026-09-04,2026-09-12,721.37,657.6,783.01,Chronos
675515,2026-09-04,2026-09-13,719.42,647.66,788.25,Chronos
675515,2026-09-04,2026-09-14,715.92,639.83,793.54,Chronos
675515,2026-09-04,2026-09-15,712.74,627.79,798.42,Chronos
675515,2026-09-04,2026-09-16,709.84,618.44,802.59,Chronos
675515,2026-09-04,2026-09-17,709.09,608.62,807.06,Chronos
675515,2026-09-04,2026-09-18,704.98,603.29,813.86,Chronos
675515,2026-09-04,2026-09-19,702.38,587.14,811.53,Chronos
675515,2026-09-04,2026-09-20,699.58,578.21,813.94,Chronos
675515,2026-09-04,2026-09-21,695.28,563.0,815.78,Chronos
675515,2026-09-04,2026-09-22,690.84,554.46,817.37,Chronos
675515,2026-09-04,2026-09-23,687.32,545.74,820.45,Chronos
675515,2026-09-04,2026-09-24,685.33,534.43,826.22,Chronos
675515,2026-09-04,2026-09-25,681.77,526.4,829.26,Chronos
675515,2026-09-04,2026-09-26,680.34,518.65,830.81,Chronos
675515,2026-09-04,2026-09-27,676.24,507.12,832.13,Chronos
675515,2026-09-04,2026-09-28,672.88,496.53,835.27,Chronos
675515,2026-09-04,2026-09-29,671.25,494.23,839.39,Chronos
675515,2026-09-04,2026-09-30,669.96,485.36,841.44,Chronos
675515,2026-09-04,2026-10-01,666.41,478.57,845.36,Chronos
675515,2026-09-04,2026-10-02,662.85,468.96,848.92,Chronos
675515,2026-09-04,2026-10-03,659.23,463.3,846.81,Chronos
675515,2026-09-04,2026-10-04,658.49,457.33,851.05,Chronos
677142,2026-09-04,2026-09-05,6.01,5.89,6.29,Chronos
677142,2026-09-04,2026-09-06,6.02,5.78,6.37,Chronos
677142,2026-09-04,2026-09-07,5.99,5.68,6.45,Chronos
677142,2026-09-04,2026-09-08,5.97,5.65,6.55,Chronos
677142,2026-09-04,2026-09-09,5.95,5.59,6.71,Chronos
677142,2026-09-04,2026-09-10,5.96,5.53,6.8,Chronos
677142,2026-09-04,2026-09-11,5.94,5.44,6.98,Chronos
677142,2026-09-04,2026-09-12,5.93,5.39,7.18,Chronos
677142,2026-09-04,2026-09-13,5.92,5.33,7.37,Chronos
677142,2026-09-04,2026-09-14,5.9,5.23,7.49,Chronos
677142,2026-09-04,2026-09-15,5.9,5.21,7.71,Chronos
677142,2026-09-04,2026-09-16,5.89,5.14,7.83,Chronos
677142,2026-09-04,2026-09-17,5.87,5.05,7.92,Chronos
677142,2026-09-04,2026-09-18,5.82,5.0,8.06,Chronos
677142,2026-09-04,2026-09-19,5.8,4.95,8.1,Chronos
677142,2026-09-04,2026-09-20,5.81,4.89,8.11,Chronos
677142,2026-09-04,2026-09-21,5.85,4.65,8.73,Chronos
677142,2026-09-04,2026-09-22,5.81,4.58,8.89,Chronos
677142,2026-09-04,2026-09-23,5.76,4.52,9.1,Chronos
677142,2026-09-04,2026-09-24,5.74,4.41,9.47,Chronos
677142,2026-09-04,2026-09-25,5.75,4.39,9.71,Chronos
677142,2026-09-04,2026-09-26,5.73,4.36,9.86,Chronos
677142,2026-09-04,2026-09-27,5.73,4.29,9.99,Chronos
677142,2026-09-04,2026-09-28,5.74,4.23,10.11,Chronos
677142,2026-09-04,2026-09-29,5.74,4.15,10.44,Chronos
677142,2026-09-04,2026-09-30,5.78,4.13,10.7,Chronos
677142,2026-09-04,2026-10-01,5.8,4.09,11.02,Chronos
677142,2026-09-04,2026-10-02,5.82,4.07,11.32,Chronos
677142,2026-09-04,2026-10-03,5.89,4.06,11.82,Chronos
677142,2026-09-04,2026-10-04,5.86,4.01,11.71,Chronos
677143,2026-09-04,2026-09-05,18.4,18.22,18.53,Chronos
677143,2026-09-04,2026-09-06,18.37,18.03,18.62,Chronos
677143,2026-09-04,2026-09-07,18.34,17.89,18.7,Chronos
677143,2026-09-04,2026-09-08,18.32,17.76,18.77,Chronos
677143,2026-09-04,2026-09-09,18.28,17.64,18.85,Chronos
677143,2026-09-04,2026-09-10,18.26,17.52,18.87,Chronos
677143,2026-09-04,2026-09-11,18.24,17.4,18.89,Chronos
677143,2026-09-04,2026-09-12,18.22,17.3,18.95,Chronos
677143,2026-09-04,2026-09-13,18.2,17.22,19.0,Chronos
677143,2026-09-04,2026-09-14,18.19,17.12,19.05,Chronos
677143,2026-09-04,2026-09-15,18.15,17.02,19.09,Chronos
677143,2026-09-04,2026-09-16,18.13,16.96,19.13,Chronos
677143,2026-09-04,2026-09-17,18.12,16.86,19.16,Chronos
677143,2026-09-04,2026-09-18,18.1,16.83,19.22,Chronos
677143,2026-09-04,2026-09-19,18.11,16.81,19.19,Chronos
677143,2026-09-04,2026-09-20,18.08,16.79,19.22,Chronos
677143,2026-09-04,2026-09-21,17.98,16.42,19.39,Chronos
677143,2026-09-04,2026-09-22,17.97,16.36,19.43,Chronos
677143,2026-09-04,2026-09-23,17.96,16.32,19.47,Chronos
677143,2026-09-04,2026-09-24,17.96,16.3,19.47,Chronos
677143,2026-09-04,2026-09-25,17.94,16.25,19.5,Chronos
677143,2026-09-04,2026-09-26,17.96,16.23,19.49,Chronos
677143,2026-09-04,2026-09-27,17.96,16.21,19.5,Chronos
677143,2026-09-04,2026-09-28,17.95,16.2,19.51,Chronos
677143,2026-09-04,2026-09-29,17.96,16.17,19.54,Chronos
677143,2026-09-04,2026-09-30,17.97,16.18,19.59,Chronos
677143,2026-09-04,2026-10-01,17.97,16.16,19.65,Chronos
677143,2026-09-04,2026-10-02,17.96,16.14,19.69,Chronos
677143,2026-09-04,2026-10-03,17.97,16.1,19.67,Chronos
677143,2026-09-04,2026-10-04,17.97,16.13,19.7,Chronos
677144,2026-09-04,2026-09-05,13.67,13.42,13.95,Chronos
677144,2026-09-04,2026-09-06,13.87,13.5,14.24,Chronos
677144,2026-09-04,2026-09-07,13.98,13.48,14.49,Chronos
677144,2026-09-04,2026-09-08,14.1,13.51,14.75,Chronos
677144,2026-09-04,2026-09-09,14.16,13.47,14.99,Chronos
677144,2026-09-04,2026-09-10,14.21,13.43,15.12,Chronos
677144,2026-09-04,2026-09-11,14.24,13.34,15.25,Chronos
677144,2026-09-04,2026-09-12,14.24,13.23,15.34,Chronos
677144,2026-09-04,2026-09-13,14.23,13.17,15.44,Chronos
677144,2026-09-04,2026-09-14,14.23,13.09,15.52,Chronos
677144,2026-09-04,2026-09-15,14.21,13.0,15.64,Chronos
677144,2026-09-04,2026-09-16,14.21,12.9,15.75,Chronos
677144,2026-09-04,2026-09-17,14.21,12.84,15.86,Chronos
677144,2026-09-04,2026-09-18,14.21,12.83,15.86,Chronos
677144,2026-09-04,2026-09-19,14.22,12.74,15.94,Chronos
677144,2026-09-04,2026-09-20,14.2,12.73,15.99,Chronos
677144,2026-09-04,2026-09-21,14.1,12.3,15.99,Chronos
677144,2026-09-04,2026-09-22,14.07,12.17,16.06,Chronos
677144,2026-09-04,2026-09-23,14.02,12.06,16.08,Chronos
677144,2026-09-04,2026-09-24,13.98,11.98,16.13,Chronos
677144,2026-09-04,2026-09-25,13.9,11.85,16.14,Chronos
677144,2026-09-04,2026-09-26,13.87,11.8,16.17,Chronos
677144,2026-09-04,2026-09-27,13.79,11.66,16.23,Chronos
677144,2026-09-04,2026-09-28,13.75,11.58,16.22,Chronos
677144,2026-09-04,2026-09-29,13.74,11.51,16.22,Chronos
677144,2026-09-04,2026-09-30,13.75,11.49,16.34,Chronos
677144,2026-09-04,2026-10-01,13.74,11.44,16.43,Chronos
677144,2026-09-04,2026-10-02,13.73,11.41,16.5,Chronos
677144,2026-09-04,2026-10-03,13.71,11.34,16.57,Chronos
677144,2026-09-04,2026-10-04,13.66,11.24,16.57,Chronos
677145,2026-09-04,2026-09-05,5.59,5.45,5.77,Chronos
677145,2026-09-04,2026-09-06,5.65,5.46,5.9,Chronos
677145,2026-09-04,2026-09-07,5.68,5.42,6.02,Chronos
677145,2026-09-04,2026-09-08,5.73,5.41,6.16,Chronos
677145,2026-09-04,2026-09-09,5.75,5.4,6.26,Chronos
677145,2026-09-04,2026-09-10,5.78,5.37,6.35,Chronos
677145,2026-09-04,2026-09-11,5.81,5.34,6.46,Chronos
677145,2026-09-04,2026-09-12,5.81,5.28,6.53,Chronos
677145,2026-09-04,2026-09-13,5.83,5.27,6.61,Chronos
677145,2026-09-04,2026-09-14,5.84,5.22,6.68,Chronos
677145,2026-09-04,2026-09-15,5.86,5.22,6.8,Chronos
677145,2026-09-04,2026-09-16,5.86,5.18,6.87,Chronos
677145,2026-09-04,2026-09-17,5.86,5.13,6.94,Chronos
677145,2026-09-04,2026-09-18,5.88,5.13,6.97,Chronos
677145,2026-09-04,2026-09-19,5.89,5.09,7.05,Chronos
677145,2026-09-04,2026-09-20,5.89,5.1,7.05,Chronos
677145,2026-09-04,2026-09-21,5.84,4.86,7.06,Chronos
677145,2026-09-04,2026-09-22,5.84,4.84,7.13,Chronos
677145,2026-09-04,2026-09-23,5.83,4.8,7.18,Chronos
677145,2026-09-04,2026-09-24,5.83,4.76,7.22,Chronos
677145,2026-09-04,2026-09-25,5.81,4.73,7.24,Chronos
677145,2026-09-04,2026-09-26,5.8,4.69,7.29,Chronos
677145,2026-09-04,2026-09-27,5.79,4.64,7.31,Chronos
677145,2026-09-04,2026-09-28,5.77,4.62,7.3,Chronos
677145,2026-09-04,2026-09-29,5.77,4.58,7.33,Chronos
677145,2026-09-04,2026-09-30,5.76,4.55,7.38,Chronos
677145,2026-09-04,2026-10-01,5.75,4.52,7.4,Chronos
677145,2026-09-04,2026-10-02,5.75,4.52,7.4,Chronos
677145,2026-09-04,2026-10-03,5.74,4.49,7.45,Chronos
677145,2026-09-04,2026-10-04,5.73,4.46,7.46,Chronos
677146,2026-09-04,2026-09-05,4.48,4.39,4.55,Chronos
677146,2026-09-04,2026-09-06,4.48,4.35,4.64,Chronos
677146,2026-09-04,2026-09-07,4.51,4.33,4.7,Chronos
677146,2026-09-04,2026-09-08,4.54,4.33,4.77,Chronos
677146,2026-09-04,2026-09-09,4.56,4.31,4.83,Chronos
677146,2026-09-04,2026-09-10,4.56,4.28,4.88,Chronos
677146,2026-09-04,2026-09-11,4.57,4.24,4.92,Chronos
677146,2026-09-04,2026-09-12,4.57,4.22,4.96,Chronos
677146,2026-09-04,2026-09-13,4.58,4.21,4.96,Chronos
677146,2026-09-04,2026-09-14,4.58,4.2,5.01,Chronos
677146,2026-09-04,2026-09-15,4.58,4.14,5.08,Chronos
677146,2026-09-04,2026-09-16,4.58,4.12,5.06,Chronos
677146,2026-09-04,2026-09-17,4.58,4.1,5.08,Chronos
677146,2026-09-04,2026-09-18,4.58,4.12,5.1,Chronos
677146,2026-09-04,2026-09-19,4.59,4.08,5.14,Chronos
677146,2026-09-04,2026-09-20,4.58,4.07,5.09,Chronos
677146,2026-09-04,2026-09-21,4.58,4.15,5.22,Chronos
677146,2026-09-04,2026-09-22,4.6,4.13,5.23,Chronos
677146,2026-09-04,2026-09-23,4.61,4.1,5.27,Chronos
677146,2026-09-04,2026-09-24,4.62,4.09,5.33,Chronos
677146,2026-09-04,2026-09-25,4.62,4.08,5.35,Chronos
677146,2026-09-04,2026-09-26,4.64,4.13,5.35,Chronos
677146,2026-09-04,2026-09-27,4.66,4.12,5.41,Chronos
677146,2026-09-04,2026-09-28,4.66,4.12,5.51,Chronos
677146,2026-09-04,2026-09-29,4.7,4.13,5.58,Chronos
677146,2026-09-04,2026-09-30,4.72,4.14,5.68,Chronos
677146,2026-09-04,2026-10-01,4.75,4.13,5.76,Chronos
677146,2026-09-04,2026-10-02,4.78,4.13,5.81,Chronos
677146,2026-09-04,2026-10-03,4.78,4.13,5.91,Chronos
677146,2026-09-04,2026-10-04,4.81,4.17,6.0,Chronos
677147,2026-09-04,2026-09-05,6.83,6.7,6.94,Chronos
677147,2026-09-04,2026-09-06,6.8,6.63,6.94,Chronos
677147,2026-09-04,2026-09-07,6.76,6.53,6.96,Chronos
677147,2026-09-04,2026-09-08,6.72,6.46,6.97,Chronos
677147,2026-09-04,2026-09-09,6.69,6.39,7.01,Chronos
677147,2026-09-04,2026-09-10,6.66,6.32,7.02,Chronos
677147,2026-09-04,2026-09-11,6.63,6.27,7.03,Chronos
677147,2026-09-04,2026-09-12,6.59,6.2,7.05,Chronos
677147,2026-09-04,2026-09-13,6.58,6.14,7.07,Chronos
677147,2026-09-04,2026-09-14,6.54,6.07,7.14,Chronos
677147,2026-09-04,2026-09-15,6.51,5.98,7.18,Chronos
677147,2026-09-04,2026-09-16,6.46,5.94,7.19,Chronos
677147,2026-09-04,2026-09-17,6.45,5.82,7.25,Chronos
677147,2026-09-04,2026-09-18,6.41,5.75,7.3,Chronos
677147,2026-09-04,2026-09-19,6.37,5.65,7.3,Chronos
677147,2026-09-04,2026-09-20,6.33,5.57,7.23,Chronos
677147,2026-09-04,2026-09-21,6.24,5.45,7.4,Chronos
677147,2026-09-04,2026-09-22,6.23,5.38,7.43,Chronos
677147,2026-09-04,2026-09-23,6.17,5.28,7.47,Chronos
677147,2026-09-04,2026-09-24,6.17,5.18,7.49,Chronos
677147,2026-09-04,2026-09-25,6.12,5.1,7.59,Chronos
677147,2026-09-04,2026-09-26,6.11,5.07,7.56,Chronos
677147,2026-09-04,2026-09-27,6.09,4.99,7.58,Chronos
677147,2026-09-04,2026-09-28,6.03,4.91,7.62,Chronos
677147,2026-09-04,2026-09-29,6.01,4.83,7.64,Chronos
677147,2026-09-04,2026-09-30,5.99,4.78,7.72,Chronos
677147,2026-09-04,2026-10-01,5.98,4.72,7.8,Chronos
677147,2026-09-04,2026-10-02,5.94,4.65,7.83,Chronos
677147,2026-09-04,2026-10-03,5.89,4.55,7.91,Chronos
677147,2026-09-04,2026-10-04,5.85,4.51,7.98,Chronos
677148,2026-09-04,2026-09-05,6.67,6.43,7.02,Chronos
677148,2026-09-04,2026-09-06,6.77,6.4,7.24,Chronos
677148,2026-09-04,2026-09-07,6.86,6.37,7.46,Chronos
677148,2026-09-04,2026-09-08,6.96,6.39,7.75,Chronos
677148,2026-09-04,2026-09-09,7.03,6.35,8.01,Chronos
677148,2026-09-04,2026-09-10,7.1,6.3,8.24,Chronos
677148,2026-09-04,2026-09-11,7.18,6.24,8.45,Chronos
677148,2026-09-04,2026-09-12,7.25,6.24,8.64,Chronos
677148,2026-09-04,2026-09-13,7.29,6.19,8.92,Chronos
677148,2026-09-04,2026-09-14,7.32,6.12,9.08,Chronos
677148,2026-09-04,2026-09-15,7.34,6.08,9.28,Chronos
677148,2026-09-04,2026-09-16,7.36,6.04,9.45,Chronos
677148,2026-09-04,2026-09-17,7.41,5.98,9.6,Chronos
677148,2026-09-04,2026-09-18,7.41,5.9,9.7,Chronos
677148,2026-09-04,2026-09-19,7.44,5.82,9.87,Chronos
677148,2026-09-04,2026-09-20,7.44,5.8,9.85,Chronos
677148,2026-09-04,2026-09-21,7.39,5.5,10.56,Chronos
677148,2026-09-04,2026-09-22,7.41,5.44,10.72,Chronos
677148,2026-09-04,2026-09-23,7.36,5.37,10.82,Chronos
677148,2026-09-04,2026-09-24,7.39,5.4,10.94,Chronos
677148,2026-09-04,2026-09-25,7.35,5.32,10.99,Chronos
677148,2026-09-04,2026-09-26,7.33,5.32,11.05,Chronos
677148,2026-09-04,2026-09-27,7.3,5.26,11.1,Chronos
677148,2026-09-04,2026-09-28,7.31,5.23,11.01,Chronos
677148,2026-09-04,2026-09-29,7.3,5.18,11.15,Chronos
677148,2026-09-04,2026-09-30,7.25,5.1,11.24,Chronos
677148,2026-09-04,2026-10-01,7.25,5.09,11.36,Chronos
677148,2026-09-04,2026-10-02,7.24,5.12,11.34,Chronos
677148,2026-09-04,2026-10-03,7.21,5.01,11.45,Chronos
677148,2026-09-04,2026-10-04,7.17,4.98,11.54,Chronos
677149,2026-09-04,2026-09-05,7.21,7.13,7.22,Chronos
677149,2026-09-04,2026-09-06,7.2,7.06,7.25,Chronos
677149,2026-09-04,2026-09-07,7.19,6.98,7.29,Chronos
677149,2026-09-04,2026-09-08,7.18,6.93,7.32,Chronos
677149,2026-09-04,2026-09-09,7.17,6.89,7.36,Chronos
677149,2026-09-04,2026-09-10,7.16,6.84,7.36,Chronos
677149,2026-09-04,2026-09-11,7.16,6.79,7.4,Chronos
677149,2026-09-04,2026-09-12,7.15,6.74,7.4,Chronos
677149,2026-09-04,2026-09-13,7.15,6.68,7.42,Chronos
677149,2026-09-04,2026-09-14,7.14,6.68,7.41,Chronos
677149,2026-09-04,2026-09-15,7.12,6.57,7.43,Chronos
677149,2026-09-04,2026-09-16,7.11,6.53,7.43,Chronos
677149,2026-09-04,2026-09-17,7.09,6.44,7.44,Chronos
677149,2026-09-04,2026-09-18,7.09,6.34,7.44,Chronos
677149,2026-09-04,2026-09-19,7.07,6.3,7.44,Chronos
677149,2026-09-04,2026-09-20,7.05,6.27,7.46,Chronos
677149,2026-09-04,2026-09-21,7.11,6.22,7.48,Chronos
677149,2026-09-04,2026-09-22,7.09,6.16,7.5,Chronos
677149,2026-09-04,2026-09-23,7.08,6.09,7.5,Chronos
677149,2026-09-04,2026-09-24,7.07,6.05,7.52,Chronos
677149,2026-09-04,2026-09-25,7.08,6.0,7.52,Chronos
677149,2026-09-04,2026-09-26,7.06,5.93,7.53,Chronos
677149,2026-09-04,2026-09-27,7.05,5.81,7.55,Chronos
677149,2026-09-04,2026-09-28,7.03,5.75,7.55,Chronos
677149,2026-09-04,2026-09-29,7.03,5.75,7.55,Chronos
677149,2026-09-04,2026-09-30,7.02,5.67,7.55,Chronos
677149,2026-09-04,2026-10-01,7.01,5.65,7.56,Chronos
677149,2026-09-04,2026-10-02,7.0,5.56,7.57,Chronos
677149,2026-09-04,2026-10-03,6.98,5.5,7.57,Chronos
677149,2026-09-04,2026-10-04,6.96,5.49,7.55,Chronos
677150,2026-09-04,2026-09-05,12.72,12.45,12.96,Chronos
677150,2026-09-04,2026-09-06,12.76,12.31,13.13,Chronos
677150,2026-09-04,2026-09-07,12.71,12.12,13.22,Chronos
677150,2026-09-04,2026-09-08,12.72,12.05,13.39,Chronos
677150,2026-09-04,2026-09-09,12.7,11.92,13.58,Chronos
677150,2026-09-04,2026-09-10,12.7,11.82,13.66,Chronos
677150,2026-09-04,2026-09-11,12.69,11.72,13.77,Chronos
677150,2026-09-04,2026-09-12,12.64,11.57,13.9,Chronos
677150,2026-09-04,2026-09-13,12.65,11.43,14.07,Chronos
677150,2026-09-04,2026-09-14,12.62,11.29,14.23,Chronos
677150,2026-09-04,2026-09-15,12.59,11.05,14.42,Chronos
677150,2026-09-04,2026-09-16,12.62,10.97,14.6,Chronos
677150,2026-09-04,2026-09-17,12.62,10.72,14.8,Chronos
677150,2026-09-04,2026-09-18,12.58,10.64,14.94,Chronos
677150,2026-09-04,2026-09-19,12.58,10.39,15.02,Chronos
677150,2026-09-04,2026-09-20,12.58,10.3,15.11,Chronos
677150,2026-09-04,2026-09-21,12.47,9.75,15.25,Chronos
677150,2026-09-04,2026-09-22,12.44,9.63,15.36,Chronos
677150,2026-09-04,2026-09-23,12.39,9.44,15.51,Chronos
677150,2026-09-04,2026-09-24,12.41,9.29,15.62,Chronos
677150,2026-09-04,2026-09-25,12.35,9.14,15.79,Chronos
677150,2026-09-04,2026-09-26,12.34,9.01,15.83,Chronos
677150,2026-09-04,2026-09-27,12.31,8.85,15.92,Chronos
677150,2026-09-04,2026-09-28,12.33,8.75,16.0,Chronos
677150,2026-09-04,2026-09-29,12.32,8.63,16.2,Chronos
677150,2026-09-04,2026-09-30,12.3,8.5,16.32,Chronos
677150,2026-09-04,2026-10-01,12.27,8.21,16.54,Chronos
677150,2026-09-04,2026-10-02,12.27,8.1,16.71,Chronos
677150,2026-09-04,2026-10-03,12.25,7.96,16.8,Chronos
677150,2026-09-04,2026-10-04,12.21,7.86,16.87,Chronos
677151,2026-09-04,2026-09-05,5.02,4.88,5.17,Chronos
677151,2026-09-04,2026-09-06,5.03,4.84,5.24,Chronos
677151,2026-09-04,2026-09-07,5.03,4.8,5.29,Chronos
677151,2026-09-04,2026-09-08,5.04,4.79,5.35,Chronos
677151,2026-09-04,2026-09-09,5.04,4.75,5.43,Chronos
677151,2026-09-04,2026-09-10,5.05,4.74,5.47,Chronos
677151,2026-09-04,2026-09-11,5.06,4.71,5.51,Chronos
677151,2026-09-04,2026-09-12,5.06,4.68,5.55,Chronos
677151,2026-09-04,2026-09-13,5.06,4.64,5.63,Chronos
677151,2026-09-04,2026-09-14,5.07,4.62,5.66,Chronos
677151,2026-09-04,2026-09-15,5.07,4.59,5.73,Chronos
677151,2026-09-04,2026-09-16,5.08,4.56,5.81,Chronos
677151,2026-09-04,2026-09-17,5.08,4.52,5.88,Chronos
677151,2026-09-04,2026-09-18,5.08,4.52,5.91,Chronos
677151,2026-09-04,2026-09-19,5.09,4.47,5.95,Chronos
677151,2026-09-04,2026-09-20,5.11,4.44,5.98,Chronos
677151,2026-09-04,2026-09-21,5.16,4.38,6.2,Chronos
677151,2026-09-04,2026-09-22,5.15,4.34,6.24,Chronos
677151,2026-09-04,2026-09-23,5.15,4.31,6.28,Chronos
677151,2026-09-04,2026-09-24,5.15,4.29,6.37,Chronos
677151,2026-09-04,2026-09-25,5.14,4.26,6.38,Chronos
677151,2026-09-04,2026-09-26,5.14,4.23,6.44,Chronos
677151,2026-09-04,2026-09-27,5.14,4.19,6.51,Chronos
677151,2026-09-04,2026-09-28,5.14,4.16,6.51,Chronos
677151,2026-09-04,2026-09-29,5.14,4.13,6.56,Chronos
677151,2026-09-04,2026-09-30,5.15,4.1,6.63,Chronos
677151,2026-09-04,2026-10-01,5.15,4.09,6.69,Chronos
677151,2026-09-04,2026-10-02,5.15,4.08,6.74,Chronos
677151,2026-09-04,2026-10-03,5.15,4.06,6.81,Chronos
677151,2026-09-04,2026-10-04,5.15,4.03,6.83,Chronos
677152,2026-09-04,2026-09-05,16.66,16.41,17.09,Chronos
677152,2026-09-04,2026-09-06,16.78,16.32,17.5,Chronos
677152,2026-09-04,2026-09-07,16.8,16.12,17.73,Chronos
677152,2026-09-04,2026-09-08,16.89,16.1,18.02,Chronos
677152,2026-09-04,2026-09-09,16.96,16.02,18.47,Chronos
677152,2026-09-04,2026-09-10,17.08,16.02,18.77,Chronos
677152,2026-09-04,2026-09-11,17.15,15.99,19.08,Chronos
677152,2026-09-04,2026-09-12,17.23,15.96,19.51,Chronos
677152,2026-09-04,2026-09-13,17.28,15.8,20.09,Chronos
677152,2026-09-04,2026-09-14,17.35,15.74,20.32,Chronos
677152,2026-09-04,2026-09-15,17.4,15.52,20.71,Chronos
677152,2026-09-04,2026-09-16,17.47,15.49,21.13,Chronos
677152,2026-09-04,2026-09-17,17.54,15.29,21.65,Chronos
677152,2026-09-04,2026-09-18,17.59,15.32,21.83,Chronos
677152,2026-09-04,2026-09-19,17.62,15.05,22.39,Chronos
677152,2026-09-04,2026-09-20,17.67,14.99,22.39,Chronos
677152,2026-09-04,2026-09-21,17.72,14.43,23.06,Chronos
677152,2026-09-04,2026-09-22,17.74,14.46,23.14,Chronos
677152,2026-09-04,2026-09-23,17.76,14.3,23.4,Chronos
677152,2026-09-04,2026-09-24,17.81,14.19,23.78,Chronos
677152,2026-09-04,2026-09-25,17.77,14.0,24.05,Chronos
677152,2026-09-04,2026-09-26,17.77,14.04,24.2,Chronos
677152,2026-09-04,2026-09-27,17.8,13.94,24.39,Chronos
677152,2026-09-04,2026-09-28,17.84,13.86,24.48,Chronos
677152,2026-09-04,2026-09-29,17.86,13.74,24.69,Chronos
677152,2026-09-04,2026-09-30,17.85,13.7,24.81,Chronos
677152,2026-09-04,2026-10-01,17.88,13.51,25.21,Chronos
677152,2026-09-04,2026-10-02,17.93,13.57,25.3,Chronos
677152,2026-09-04,2026-10-03,17.9,13.46,25.8,Chronos
677152,2026-09-04,2026-10-04,17.91,13.49,25.78,Chronos
677153,2026-09-04,2026-09-05,3.82,3.77,3.86,Chronos
677153,2026-09-04,2026-09-06,3.82,3.75,3.9,Chronos
677153,2026-09-04,2026-09-07,3.82,3.73,3.92,Chronos
677153,2026-09-04,2026-09-08,3.82,3.72,3.94,Chronos
677153,2026-09-04,2026-09-09,3.82,3.71,3.96,Chronos
677153,2026-09-04,2026-09-10,3.83,3.69,3.98,Chronos
677153,2026-09-04,2026-09-11,3.83,3.67,4.0,Chronos
677153,2026-09-04,2026-09-12,3.83,3.66,4.02,Chronos
677153,2026-09-04,2026-09-13,3.83,3.65,4.03,Chronos
677153,2026-09-04,2026-09-14,3.83,3.64,4.05,Chronos
677153,2026-09-04,2026-09-15,3.83,3.62,4.08,Chronos
677153,2026-09-04,2026-09-16,3.83,3.6,4.09,Chronos
677153,2026-09-04,2026-09-17,3.83,3.59,4.1,Chronos
677153,2026-09-04,2026-09-18,3.83,3.58,4.12,Chronos
677153,2026-09-04,2026-09-19,3.83,3.55,4.14,Chronos
677153,2026-09-04,2026-09-20,3.83,3.54,4.15,Chronos
677153,2026-09-04,2026-09-21,3.83,3.48,4.19,Chronos
677153,2026-09-04,2026-09-22,3.83,3.47,4.21,Chronos
677153,2026-09-04,2026-09-23,3.83,3.45,4.24,Chronos
677153,2026-09-04,2026-09-24,3.84,3.44,4.26,Chronos
677153,2026-09-04,2026-09-25,3.83,3.42,4.29,Chronos
677153,2026-09-04,2026-09-26,3.84,3.42,4.29,Chronos
677153,2026-09-04,2026-09-27,3.84,3.41,4.31,Chronos
677153,2026-09-04,2026-09-28,3.83,3.38,4.32,Chronos
677153,2026-09-04,2026-09-29,3.84,3.38,4.33,Chronos
677153,2026-09-04,2026-09-30,3.84,3.35,4.36,Chronos
677153,2026-09-04,2026-10-01,3.84,3.35,4.39,Chronos
677153,2026-09-04,2026-10-02,3.84,3.33,4.41,Chronos
677153,2026-09-04,2026-10-03,3.84,3.31,4.43,Chronos
677153,2026-09-04,2026-10-04,3.84,3.31,4.45,Chronos
677154,2026-09-04,2026-09-05,15.52,14.87,16.85,Chronos
677154,2026-09-04,2026-09-06,15.9,14.84,17.6,Chronos
677154,2026-09-04,2026-09-07,16.06,14.57,18.29,Chronos
677154,2026-09-04,2026-09-08,16.45,14.72,19.36,Chronos
677154,2026-09-04,2026-09-09,16.63,14.57,20.42,Chronos
677154,2026-09-04,2026-09-10,16.94,14.55,21.21,Chronos
677154,2026-09-04,2026-09-11,17.09,14.24,21.95,Chronos
677154,2026-09-04,2026-09-12,17.3,14.14,22.84,Chronos
677154,2026-09-04,2026-09-13,17.46,13.93,23.91,Chronos
677154,2026-09-04,2026-09-14,17.62,13.72,24.7,Chronos
677154,2026-09-04,2026-09-15,17.71,13.29,25.75,Chronos
677154,2026-09-04,2026-09-16,17.86,13.11,26.6,Chronos
677154,2026-09-04,2026-09-17,17.93,12.73,27.58,Chronos
677154,2026-09-04,2026-09-18,18.06,12.57,27.85,Chronos
677154,2026-09-04,2026-09-19,18.14,12.42,28.67,Chronos
677154,2026-09-04,2026-09-20,18.3,12.44,28.58,Chronos
677154,2026-09-04,2026-09-21,18.45,11.59,31.39,Chronos
677154,2026-09-04,2026-09-22,18.51,11.24,32.08,Chronos
677154,2026-09-04,2026-09-23,18.44,10.86,33.03,Chronos
677154,2026-09-04,2026-09-24,18.6,10.87,34.02,Chronos
677154,2026-09-04,2026-09-25,18.67,10.66,34.9,Chronos
677154,2026-09-04,2026-09-26,18.75,10.72,35.74,Chronos
677154,2026-09-04,2026-09-27,18.74,10.62,36.24,Chronos
677154,2026-09-04,2026-09-28,18.9,10.57,36.24,Chronos
677154,2026-09-04,2026-09-29,18.97,10.43,36.61,Chronos
677154,2026-09-04,2026-09-30,19.07,10.18,37.75,Chronos
677154,2026-09-04,2026-10-01,18.99,10.09,38.33,Chronos
677154,2026-09-04,2026-10-02,19.07,10.2,38.22,Chronos
677154,2026-09-04,2026-10-03,18.97,9.84,38.91,Chronos
677154,2026-09-04,2026-10-04,18.87,9.83,39.29,Chronos
677155,2026-09-04,2026-09-05,6.54,6.4,6.64,Chronos
677155,2026-09-04,2026-09-06,6.6,6.37,6.75,Chronos
677155,2026-09-04,2026-09-07,6.61,6.32,6.85,Chronos
677155,2026-09-04,2026-09-08,6.65,6.31,6.95,Chronos
677155,2026-09-04,2026-09-09,6.68,6.29,7.1,Chronos
677155,2026-09-04,2026-09-10,6.72,6.28,7.17,Chronos
677155,2026-09-04,2026-09-11,6.74,6.24,7.25,Chronos
677155,2026-09-04,2026-09-12,6.77,6.22,7.32,Chronos
677155,2026-09-04,2026-09-13,6.8,6.18,7.42,Chronos
677155,2026-09-04,2026-09-14,6.83,6.15,7.49,Chronos
677155,2026-09-04,2026-09-15,6.84,6.1,7.56,Chronos
677155,2026-09-04,2026-09-16,6.86,6.05,7.67,Chronos
677155,2026-09-04,2026-09-17,6.88,5.98,7.74,Chronos
677155,2026-09-04,2026-09-18,6.9,5.97,7.78,Chronos
677155,2026-09-04,2026-09-19,6.92,5.88,7.84,Chronos
677155,2026-09-04,2026-09-20,6.9,5.82,7.86,Chronos
677155,2026-09-04,2026-09-21,6.84,5.39,8.09,Chronos
677155,2026-09-04,2026-09-22,6.85,5.34,8.16,Chronos
677155,2026-09-04,2026-09-23,6.85,5.24,8.16,Chronos
677155,2026-09-04,2026-09-24,6.85,5.21,8.24,Chronos
677155,2026-09-04,2026-09-25,6.82,5.13,8.26,Chronos
677155,2026-09-04,2026-09-26,6.8,5.06,8.34,Chronos
677155,2026-09-04,2026-09-27,6.79,4.98,8.36,Chronos
677155,2026-09-04,2026-09-28,6.78,4.94,8.37,Chronos
677155,2026-09-04,2026-09-29,6.76,4.88,8.33,Chronos
677155,2026-09-04,2026-09-30,6.76,4.82,8.41,Chronos
677155,2026-09-04,2026-10-01,6.73,4.73,8.44,Chronos
677155,2026-09-04,2026-10-02,6.73,4.65,8.47,Chronos
677155,2026-09-04,2026-10-03,6.7,4.61,8.51,Chronos
677155,2026-09-04,2026-10-04,6.67,4.58,8.48,Chronos
677156,2026-09-04,2026-09-05,5.14,5.03,5.23,Chronos
677156,2026-09-04,2026-09-06,5.15,5.0,5.27,Chronos
677156,2026-09-04,2026-09-07,5.15,4.97,5.3,Chronos
677156,2026-09-04,2026-09-08,5.15,4.95,5.33,Chronos
677156,2026-09-04,2026-09-09,5.15,4.92,5.35,Chronos
677156,2026-09-04,2026-09-10,5.16,4.92,5.38,Chronos
677156,2026-09-04,2026-09-11,5.16,4.89,5.4,Chronos
677156,2026-09-04,2026-09-12,5.16,4.88,5.41,Chronos
677156,2026-09-04,2026-09-13,5.16,4.88,5.42,Chronos
677156,2026-09-04,2026-09-14,5.17,4.88,5.43,Chronos
677156,2026-09-04,2026-09-15,5.16,4.86,5.44,Chronos
677156,2026-09-04,2026-09-16,5.17,4.85,5.47,Chronos
677156,2026-09-04,2026-09-17,5.17,4.83,5.48,Chronos
677156,2026-09-04,2026-09-18,5.17,4.82,5.49,Chronos
677156,2026-09-04,2026-09-19,5.17,4.79,5.51,Chronos
677156,2026-09-04,2026-09-20,5.17,4.77,5.52,Chronos
677156,2026-09-04,2026-09-21,5.16,4.7,5.56,Chronos
677156,2026-09-04,2026-09-22,5.17,4.69,5.57,Chronos
677156,2026-09-04,2026-09-23,5.17,4.67,5.58,Chronos
677156,2026-09-04,2026-09-24,5.17,4.67,5.6,Chronos
677156,2026-09-04,2026-09-25,5.16,4.65,5.61,Chronos
677156,2026-09-04,2026-09-26,5.17,4.66,5.63,Chronos
677156,2026-09-04,2026-09-27,5.17,4.64,5.65,Chronos
677156,2026-09-04,2026-09-28,5.17,4.64,5.64,Chronos
677156,2026-09-04,2026-09-29,5.18,4.63,5.65,Chronos
677156,2026-09-04,2026-09-30,5.18,4.62,5.66,Chronos
677156,2026-09-04,2026-10-01,5.18,4.61,5.68,Chronos
677156,2026-09-04,2026-10-02,5.18,4.59,5.68,Chronos
677156,2026-09-04,2026-10-03,5.18,4.57,5.71,Chronos
677156,2026-09-04,2026-10-04,5.18,4.57,5.71,Chronos
677157,2026-09-04,2026-09-05,7.03,6.93,7.16,Chronos
677157,2026-09-04,2026-09-06,7.01,6.89,7.23,Chronos
677157,2026-09-04,2026-09-07,7.02,6.83,7.27,Chronos
677157,2026-09-04,2026-09-08,7.03,6.81,7.34,Chronos
677157,2026-09-04,2026-09-09,7.03,6.74,7.4,Chronos
677157,2026-09-04,2026-09-10,7.01,6.71,7.46,Chronos
677157,2026-09-04,2026-09-11,7.02,6.69,7.52,Chronos
677157,2026-09-04,2026-09-12,7.0,6.65,7.62,Chronos
677157,2026-09-04,2026-09-13,7.02,6.61,7.7,Chronos
677157,2026-09-04,2026-09-14,6.99,6.58,7.75,Chronos
677157,2026-09-04,2026-09-15,6.99,6.49,7.78,Chronos
677157,2026-09-04,2026-09-16,6.99,6.48,7.78,Chronos
677157,2026-09-04,2026-09-17,6.98,6.4,7.86,Chronos
677157,2026-09-04,2026-09-18,6.95,6.36,7.96,Chronos
677157,2026-09-04,2026-09-19,6.96,6.25,8.12,Chronos
677157,2026-09-04,2026-09-20,6.95,6.25,8.14,Chronos
677157,2026-09-04,2026-09-21,6.88,6.11,8.39,Chronos
677157,2026-09-04,2026-09-22,6.88,6.08,8.39,Chronos
677157,2026-09-04,2026-09-23,6.87,6.04,8.51,Chronos
677157,2026-09-04,2026-09-24,6.89,6.01,8.67,Chronos
677157,2026-09-04,2026-09-25,6.88,5.97,8.95,Chronos
677157,2026-09-04,2026-09-26,6.89,5.99,9.1,Chronos
677157,2026-09-04,2026-09-27,6.9,5.95,9.17,Chronos
677157,2026-09-04,2026-09-28,6.88,5.89,9.36,Chronos
677157,2026-09-04,2026-09-29,6.9,5.88,9.5,Chronos
677157,2026-09-04,2026-09-30,6.91,5.85,9.58,Chronos
677157,2026-09-04,2026-10-01,6.91,5.79,9.89,Chronos
677157,2026-09-04,2026-10-02,6.93,5.78,10.02,Chronos
677157,2026-09-04,2026-10-03,6.94,5.73,10.29,Chronos
677157,2026-09-04,2026-10-04,6.93,5.69,10.5,Chronos
677158,2026-09-04,2026-09-05,170.88,169.94,171.51,Chronos
677158,2026-09-04,2026-09-06,170.98,169.75,171.79,Chronos
677158,2026-09-04,2026-09-07,171.15,169.83,172.02,Chronos
677158,2026-09-04,2026-09-08,170.99,169.76,172.28,Chronos
677158,2026-09-04,2026-09-09,171.18,169.49,172.66,Chronos
677158,2026-09-04,2026-09-10,171.26,169.5,173.05,Chronos
677158,2026-09-04,2026-09-11,171.52,169.59,173.38,Chronos
677158,2026-09-04,2026-09-12,171.72,169.28,173.76,Chronos
677158,2026-09-04,2026-09-13,171.99,169.38,174.14,Chronos
677158,2026-09-04,2026-09-14,172.15,169.39,174.61,Chronos
677158,2026-09-04,2026-09-15,172.26,169.13,174.7,Chronos
677158,2026-09-04,2026-09-16,172.29,168.78,174.98,Chronos
677158,2026-09-04,2026-09-17,172.09,168.38,175.32,Chronos
677158,2026-09-04,2026-09-18,172.42,168.13,175.12,Chronos
677158,2026-09-04,2026-09-19,172.72,168.2,175.62,Chronos
677158,2026-09-04,2026-09-20,172.56,168.58,176.21,Chronos
677158,2026-09-04,2026-09-21,173.26,167.83,178.25,Chronos
677158,2026-09-04,2026-09-22,173.34,167.71,178.3,Chronos
677158,2026-09-04,2026-09-23,173.34,167.24,178.39,Chronos
677158,2026-09-04,2026-09-24,173.12,166.96,178.92,Chronos
677158,2026-09-04,2026-09-25,173.29,166.89,179.14,Chronos
677158,2026-09-04,2026-09-26,173.34,166.59,179.35,Chronos
677158,2026-09-04,2026-09-27,173.51,166.89,179.65,Chronos
677158,2026-09-04,2026-09-28,173.55,166.39,179.76,Chronos
677158,2026-09-04,2026-09-29,173.9,166.02,180.1,Chronos
677158,2026-09-04,2026-09-30,174.02,166.14,180.22,Chronos
677158,2026-09-04,2026-10-01,174.03,165.2,180.49,Chronos
677158,2026-09-04,2026-10-02,173.9,165.21,180.84,Chronos
677158,2026-09-04,2026-10-03,173.67,164.49,181.26,Chronos
677158,2026-09-04,2026-10-04,173.9,163.5,180.89,Chronos
677159,2026-09-04,2026-09-05,265.29,261.29,268.26,Chronos
677159,2026-09-04,2026-09-06,265.67,261.2,269.36,Chronos
677159,2026-09-04,2026-09-07,266.01,260.7,270.15,Chronos
677159,2026-09-04,2026-09-08,266.39,261.26,271.28,Chronos
677159,2026-09-04,2026-09-09,267.0,260.37,273.18,Chronos
677159,2026-09-04,2026-09-10,267.49,260.3,274.35,Chronos
677159,2026-09-04,2026-09-11,268.34,260.71,275.59,Chronos
677159,2026-09-04,2026-09-12,269.0,260.16,277.01,Chronos
677159,2026-09-04,2026-09-13,270.1,260.67,278.64,Chronos
677159,2026-09-04,2026-09-14,270.56,260.34,279.62,Chronos
677159,2026-09-04,2026-09-15,271.09,260.05,281.09,Chronos
677159,2026-09-04,2026-09-16,271.53,260.1,281.72,Chronos
677159,2026-09-04,2026-09-17,271.61,259.71,283.07,Chronos
677159,2026-09-04,2026-09-18,272.7,259.57,283.4,Chronos
677159,2026-09-04,2026-09-19,273.37,259.49,284.36,Chronos
677159,2026-09-04,2026-09-20,273.58,261.12,286.11,Chronos
677159,2026-09-04,2026-09-21,276.2,258.18,290.35,Chronos
677159,2026-09-04,2026-09-22,276.46,258.53,290.88,Chronos
677159,2026-09-04,2026-09-23,276.45,257.32,291.43,Chronos
677159,2026-09-04,2026-09-24,276.69,256.26,293.35,Chronos
677159,2026-09-04,2026-09-25,277.39,256.59,293.87,Chronos
677159,2026-09-04,2026-09-26,277.41,255.86,295.15,Chronos
677159,2026-09-04,2026-09-27,278.25,255.81,296.62,Chronos
677159,2026-09-04,2026-09-28,278.73,255.26,297.54,Chronos
677159,2026-09-04,2026-09-29,280.01,254.2,298.99,Chronos
677159,2026-09-04,2026-09-30,280.21,254.76,299.42,Chronos
677159,2026-09-04,2026-10-01,280.56,251.84,301.09,Chronos
677159,2026-09-04,2026-10-02,280.52,250.95,301.77,Chronos
677159,2026-09-04,2026-10-03,280.26,249.52,302.59,Chronos
677159,2026-09-04,2026-10-04,281.22,248.8,302.6,Chronos
677160,2026-09-04,2026-09-05,272.42,270.59,272.84,Chronos
677160,2026-09-04,2026-09-06,272.2,269.37,273.43,Chronos
677160,2026-09-04,2026-09-07,271.92,268.45,274.12,Chronos
677160,2026-09-04,2026-09-08,271.75,267.82,274.54,Chronos
677160,2026-09-04,2026-09-09,271.46,266.68,275.53,Chronos
677160,2026-09-04,2026-09-10,271.47,265.68,275.81,Chronos
677160,2026-09-04,2026-09-11,271.43,265.47,276.32,Chronos
677160,2026-09-04,2026-09-12,271.15,264.46,276.51,Chronos
677160,2026-09-04,2026-09-13,270.86,263.35,276.84,Chronos
677160,2026-09-04,2026-09-14,270.85,262.69,277.19,Chronos
677160,2026-09-04,2026-09-15,270.38,261.46,277.41,Chronos
677160,2026-09-04,2026-09-16,270.22,261.35,277.33,Chronos
677160,2026-09-04,2026-09-17,269.6,260.08,277.4,Chronos
677160,2026-09-04,2026-09-18,269.68,258.56,277.97,Chronos
677160,2026-09-04,2026-09-19,269.53,257.81,278.4,Chronos
677160,2026-09-04,2026-09-20,269.18,257.14,278.59,Chronos
677160,2026-09-04,2026-09-21,270.76,257.21,278.07,Chronos
677160,2026-09-04,2026-09-22,270.34,256.4,278.24,Chronos
677160,2026-09-04,2026-09-23,270.15,256.14,278.91,Chronos
677160,2026-09-04,2026-09-24,270.25,254.33,279.94,Chronos
677160,2026-09-04,2026-09-25,269.92,253.01,280.56,Chronos
677160,2026-09-04,2026-09-26,269.89,253.0,280.38,Chronos
677160,2026-09-04,2026-09-27,269.99,251.88,281.28,Chronos
677160,2026-09-04,2026-09-28,269.66,250.97,281.2,Chronos
677160,2026-09-04,2026-09-29,269.43,250.08,281.99,Chronos
677160,2026-09-04,2026-09-30,269.56,249.56,281.64,Chronos
677160,2026-09-04,2026-10-01,269.46,247.46,282.2,Chronos
677160,2026-09-04,2026-10-02,269.22,245.93,282.8,Chronos
677160,2026-09-04,2026-10-03,268.57,243.43,282.84,Chronos
677160,2026-09-04,2026-10-04,268.62,242.58,283.53,Chronos
677161,2026-09-04,2026-09-05,228.0,225.91,229.63,Chronos
677161,2026-09-04,2026-09-06,227.75,224.45,230.27,Chronos
677161,2026-09-04,2026-09-07,227.19,222.57,230.73,Chronos
677161,2026-09-04,2026-09-08,226.77,221.74,231.14,Chronos
677161,2026-09-04,2026-09-09,226.47,220.53,232.05,Chronos
677161,2026-09-04,2026-09-10,225.86,218.95,232.17,Chronos
677161,2026-09-04,2026-09-11,225.82,218.47,232.69,Chronos
677161,2026-09-04,2026-09-12,225.5,217.2,233.05,Chronos
677161,2026-09-04,2026-09-13,225.07,215.78,233.32,Chronos
677161,2026-09-04,2026-09-14,224.62,214.96,233.91,Chronos
677161,2026-09-04,2026-09-15,224.07,213.13,233.89,Chronos
677161,2026-09-04,2026-09-16,223.52,212.8,233.94,Chronos
677161,2026-09-04,2026-09-17,222.53,211.29,234.19,Chronos
677161,2026-09-04,2026-09-18,222.49,208.64,234.76,Chronos
677161,2026-09-04,2026-09-19,221.77,207.29,234.99,Chronos
677161,2026-09-04,2026-09-20,221.42,206.37,235.23,Chronos
677161,2026-09-04,2026-09-21,222.41,206.04,237.78,Chronos
677161,2026-09-04,2026-09-22,222.58,204.71,239.31,Chronos
677161,2026-09-04,2026-09-23,222.67,204.3,240.32,Chronos
677161,2026-09-04,2026-09-24,222.88,203.47,242.48,Chronos
677161,2026-09-04,2026-09-25,223.27,202.07,243.77,Chronos
677161,2026-09-04,2026-09-26,224.19,202.89,245.66,Chronos
677161,2026-09-04,2026-09-27,224.99,202.24,247.48,Chronos
677161,2026-09-04,2026-09-28,225.03,201.16,248.12,Chronos
677161,2026-09-04,2026-09-29,226.0,201.27,249.58,Chronos
677161,2026-09-04,2026-09-30,226.33,200.88,250.37,Chronos
677161,2026-09-04,2026-10-01,226.54,199.57,251.56,Chronos
677161,2026-09-04,2026-10-02,226.23,198.76,253.02,Chronos
677161,2026-09-04,2026-10-03,226.23,197.96,254.09,Chronos
677161,2026-09-04,2026-10-04,226.4,197.77,253.66,Chronos
677162,2026-09-04,2026-09-05,129.87,127.04,131.8,Chronos
677162,2026-09-04,2026-09-06,129.57,125.66,132.45,Chronos
677162,2026-09-04,2026-09-07,129.11,124.42,132.87,Chronos
677162,2026-09-04,2026-09-08,128.75,123.68,133.3,Chronos
677162,2026-09-04,2026-09-09,128.42,122.59,134.15,Chronos
677162,2026-09-04,2026-09-10,128.12,121.57,134.08,Chronos
677162,2026-09-04,2026-09-11,127.84,119.88,134.42,Chronos
677162,2026-09-04,2026-09-12,127.39,118.63,134.8,Chronos
677162,2026-09-04,2026-09-13,127.11,117.69,135.17,Chronos
677162,2026-09-04,2026-09-14,126.8,116.76,135.47,Chronos
677162,2026-09-04,2026-09-15,126.25,115.39,135.72,Chronos
677162,2026-09-04,2026-09-16,126.01,114.29,135.74,Chronos
677162,2026-09-04,2026-09-17,125.57,113.31,135.88,Chronos
677162,2026-09-04,2026-09-18,125.27,112.39,136.84,Chronos
677162,2026-09-04,2026-09-19,124.97,111.34,136.45,Chronos
677162,2026-09-04,2026-09-20,124.8,110.72,136.81,Chronos
677162,2026-09-04,2026-09-21,124.76,107.56,137.3,Chronos
677162,2026-09-04,2026-09-22,124.49,106.78,137.49,Chronos
677162,2026-09-04,2026-09-23,124.25,105.8,137.79,Chronos
677162,2026-09-04,2026-09-24,124.18,105.03,138.23,Chronos
677162,2026-09-04,2026-09-25,124.1,104.04,138.39,Chronos
677162,2026-09-04,2026-09-26,124.03,103.67,138.48,Chronos
677162,2026-09-04,2026-09-27,123.43,102.33,138.93,Chronos
677162,2026-09-04,2026-09-28,123.26,101.63,139.06,Chronos
677162,2026-09-04,2026-09-29,123.27,101.37,139.25,Chronos
677162,2026-09-04,2026-09-30,123.21,100.29,139.53,Chronos
677162,2026-09-04,2026-10-01,122.91,99.81,139.98,Chronos
677162,2026-09-04,2026-10-02,122.67,99.26,140.43,Chronos
677162,2026-09-04,2026-10-03,122.5,98.21,140.38,Chronos
677162,2026-09-04,2026-10-04,122.22,97.88,140.49,Chronos
677163,2026-09-04,2026-09-05,154.25,152.74,155.81,Chronos
677163,2026-09-04,2026-09-06,154.03,151.58,155.96,Chronos
677163,2026-09-04,2026-09-07,153.69,150.39,156.23,Chronos
677163,2026-09-04,2026-09-08,153.34,149.93,156.64,Chronos
677163,2026-09-04,2026-09-09,153.12,148.95,157.13,Chronos
677163,2026-09-04,2026-09-10,152.76,147.98,157.19,Chronos
677163,2026-09-04,2026-09-11,152.79,147.76,157.64,Chronos
677163,2026-09-04,2026-09-12,152.53,146.9,157.87,Chronos
677163,2026-09-04,2026-09-13,152.47,146.38,158.21,Chronos
677163,2026-09-04,2026-09-14,152.14,145.7,158.4,Chronos
677163,2026-09-04,2026-09-15,151.87,144.67,159.01,Chronos
677163,2026-09-04,2026-09-16,151.61,144.48,159.37,Chronos
677163,2026-09-04,2026-09-17,151.32,143.97,160.0,Chronos
677163,2026-09-04,2026-09-18,151.2,142.35,160.01,Chronos
677163,2026-09-04,2026-09-19,151.11,141.7,159.99,Chronos
677163,2026-09-04,2026-09-20,150.42,140.93,160.09,Chronos
677163,2026-09-04,2026-09-21,150.57,142.07,160.37,Chronos
677163,2026-09-04,2026-09-22,150.13,141.03,160.54,Chronos
677163,2026-09-04,2026-09-23,149.73,139.87,160.9,Chronos
677163,2026-09-04,2026-09-24,149.44,139.17,161.62,Chronos
677163,2026-09-04,2026-09-25,149.29,138.34,161.68,Chronos
677163,2026-09-04,2026-09-26,148.79,137.95,162.14,Chronos
677163,2026-09-04,2026-09-27,148.71,136.97,162.54,Chronos
677163,2026-09-04,2026-09-28,148.36,136.11,162.64,Chronos
677163,2026-09-04,2026-09-29,148.28,135.31,163.37,Chronos
677163,2026-09-04,2026-09-30,148.01,134.7,163.57,Chronos
677163,2026-09-04,2026-10-01,147.59,132.87,164.52,Chronos
677163,2026-09-04,2026-10-02,147.25,132.18,165.54,Chronos
677163,2026-09-04,2026-10-03,147.03,131.09,166.29,Chronos
677163,2026-09-04,2026-10-04,146.59,130.65,165.89,Chronos
677164,2026-09-04,2026-09-05,110.19,109.4,110.85,Chronos
677164,2026-09-04,2026-09-06,110.05,108.66,111.08,Chronos
677164,2026-09-04,2026-09-07,109.81,107.83,111.39,Chronos
677164,2026-09-04,2026-09-08,109.63,107.48,111.59,Chronos
677164,2026-09-04,2026-09-09,109.42,106.87,111.93,Chronos
677164,2026-09-04,2026-09-10,109.22,106.23,111.99,Chronos
677164,2026-09-04,2026-09-11,109.16,106.01,112.24,Chronos
677164,2026-09-04,2026-09-12,109.06,105.6,112.47,Chronos
677164,2026-09-04,2026-09-13,108.96,105.07,112.74,Chronos
677164,2026-09-04,2026-09-14,108.86,104.75,113.14,Chronos
677164,2026-09-04,2026-09-15,108.79,103.97,113.74,Chronos
677164,2026-09-04,2026-09-16,108.7,103.6,114.46,Chronos
677164,2026-09-04,2026-09-17,108.53,102.68,115.2,Chronos
677164,2026-09-04,2026-09-18,108.6,101.57,115.41,Chronos
677164,2026-09-04,2026-09-19,108.36,100.71,115.64,Chronos
677164,2026-09-04,2026-09-20,108.24,100.19,115.74,Chronos
677164,2026-09-04,2026-09-21,109.38,100.61,119.08,Chronos
677164,2026-09-04,2026-09-22,109.24,99.97,119.47,Chronos
677164,2026-09-04,2026-09-23,109.11,99.12,119.7,Chronos
677164,2026-09-04,2026-09-24,108.96,98.73,120.71,Chronos
677164,2026-09-04,2026-09-25,108.72,97.87,120.84,Chronos
677164,2026-09-04,2026-09-26,108.74,97.63,121.85,Chronos
677164,2026-09-04,2026-09-27,108.76,97.03,122.38,Chronos
677164,2026-09-04,2026-09-28,108.68,96.4,122.54,Chronos
677164,2026-09-04,2026-09-29,108.81,96.14,123.05,Chronos
677164,2026-09-04,2026-09-30,108.8,95.65,123.88,Chronos
677164,2026-09-04,2026-10-01,108.78,94.81,124.75,Chronos
677164,2026-09-04,2026-10-02,108.66,94.18,125.36,Chronos
677164,2026-09-04,2026-10-03,108.65,93.67,126.07,Chronos
677164,2026-09-04,2026-10-04,108.64,93.51,125.94,Chronos
677165,2026-09-04,2026-09-05,248.44,243.31,250.9,Chronos
677165,2026-09-04,2026-09-06,247.36,238.77,252.68,Chronos
677165,2026-09-04,2026-09-07,246.68,234.77,255.61,Chronos
677165,2026-09-04,2026-09-08,246.21,233.1,256.75,Chronos
677165,2026-09-04,2026-09-09,245.14,230.04,259.41,Chronos
677165,2026-09-04,2026-09-10,244.93,227.79,260.14,Chronos
677165,2026-09-04,2026-09-11,244.7,226.0,261.78,Chronos
677165,2026-09-04,2026-09-12,243.91,223.9,263.3,Chronos
677165,2026-09-04,2026-09-13,243.62,220.47,265.7,Chronos
677165,2026-09-04,2026-09-14,242.58,217.74,267.73,Chronos
677165,2026-09-04,2026-09-15,241.56,212.47,270.12,Chronos
677165,2026-09-04,2026-09-16,241.26,209.19,272.49,Chronos
677165,2026-09-04,2026-09-17,240.74,203.85,274.66,Chronos
677165,2026-09-04,2026-09-18,239.07,201.08,276.63,Chronos
677165,2026-09-04,2026-09-19,238.74,196.61,275.36,Chronos
677165,2026-09-04,2026-09-20,238.59,195.16,276.79,Chronos
677165,2026-09-04,2026-09-21,235.69,190.56,277.0,Chronos
677165,2026-09-04,2026-09-22,235.03,188.41,278.15,Chronos
677165,2026-09-04,2026-09-23,234.43,186.8,280.01,Chronos
677165,2026-09-04,2026-09-24,234.4,184.51,281.65,Chronos
677165,2026-09-04,2026-09-25,233.29,181.83,284.08,Chronos
677165,2026-09-04,2026-09-26,233.17,179.97,283.96,Chronos
677165,2026-09-04,2026-09-27,232.49,177.36,285.32,Chronos
677165,2026-09-04,2026-09-28,232.17,175.43,286.53,Chronos
677165,2026-09-04,2026-09-29,231.86,173.34,289.81,Chronos
677165,2026-09-04,2026-09-30,231.29,170.66,291.2,Chronos
677165,2026-09-04,2026-10-01,230.79,166.73,294.09,Chronos
677165,2026-09-04,2026-10-02,230.81,163.99,296.46,Chronos
677165,2026-09-04,2026-10-03,230.37,162.51,297.14,Chronos
677165,2026-09-04,2026-10-04,229.55,161.71,298.95,Chronos
677166,2026-09-04,2026-09-05,177.02,175.59,177.83,Chronos
677166,2026-09-04,2026-09-06,177.01,174.76,178.63,Chronos
677166,2026-09-04,2026-09-07,176.91,173.9,179.27,Chronos
677166,2026-09-04,2026-09-08,176.89,173.83,180.04,Chronos
677166,2026-09-04,2026-09-09,177.01,172.9,181.08,Chronos
677166,2026-09-04,2026-09-10,176.99,172.36,181.73,Chronos
677166,2026-09-04,2026-09-11,177.41,172.38,182.52,Chronos
677166,2026-09-04,2026-09-12,177.53,171.82,183.16,Chronos
677166,2026-09-04,2026-09-13,177.87,171.31,183.93,Chronos
677166,2026-09-04,2026-09-14,177.87,171.01,184.54,Chronos
677166,2026-09-04,2026-09-15,178.0,170.17,185.39,Chronos
677166,2026-09-04,2026-09-16,177.99,170.18,186.2,Chronos
677166,2026-09-04,2026-09-17,177.71,169.66,186.94,Chronos
677166,2026-09-04,2026-09-18,178.06,168.65,187.22,Chronos
677166,2026-09-04,2026-09-19,178.55,167.92,187.69,Chronos
677166,2026-09-04,2026-09-20,178.09,167.66,188.02,Chronos
677166,2026-09-04,2026-09-21,180.75,168.56,190.48,Chronos
677166,2026-09-04,2026-09-22,180.58,167.79,190.95,Chronos
677166,2026-09-04,2026-09-23,180.51,167.13,191.61,Chronos
677166,2026-09-04,2026-09-24,180.57,166.42,193.08,Chronos
677166,2026-09-04,2026-09-25,180.88,165.56,193.03,Chronos
677166,2026-09-04,2026-09-26,180.5,165.17,193.88,Chronos
677166,2026-09-04,2026-09-27,180.94,164.62,194.75,Chronos
677166,2026-09-04,2026-09-28,181.01,164.36,195.25,Chronos
677166,2026-09-04,2026-09-29,181.51,163.87,196.22,Chronos
677166,2026-09-04,2026-09-30,181.43,164.08,196.54,Chronos
677166,2026-09-04,2026-10-01,181.56,162.25,197.32,Chronos
677166,2026-09-04,2026-10-02,181.44,161.24,198.44,Chronos
677166,2026-09-04,2026-10-03,181.46,160.17,199.3,Chronos
677166,2026-09-04,2026-10-04,181.61,159.63,198.55,Chronos
677167,2026-09-04,2026-09-05,249.97,245.59,252.32,Chronos
677167,2026-09-04,2026-09-06,249.91,244.24,253.44,Chronos
677167,2026-09-04,2026-09-07,249.71,242.66,254.68,Chronos
677167,2026-09-04,2026-09-08,249.44,242.06,255.77,Chronos
677167,2026-09-04,2026-09-09,249.07,240.44,257.58,Chronos
677167,2026-09-04,2026-09-10,249.03,239.3,257.96,Chronos
677167,2026-09-04,2026-09-11,248.87,238.3,258.65,Chronos
677167,2026-09-04,2026-09-12,248.24,236.87,259.14,Chronos
677167,2026-09-04,2026-09-13,248.22,235.54,259.93,Chronos
677167,2026-09-04,2026-09-14,247.91,234.62,260.89,Chronos
677167,2026-09-04,2026-09-15,247.49,232.76,261.36,Chronos
677167,2026-09-04,2026-09-16,247.4,231.87,262.0,Chronos
677167,2026-09-04,2026-09-17,247.54,229.87,262.82,Chronos
677167,2026-09-04,2026-09-18,246.97,228.95,264.57,Chronos
677167,2026-09-04,2026-09-19,246.83,226.83,264.46,Chronos
677167,2026-09-04,2026-09-20,246.81,225.65,265.17,Chronos
677167,2026-09-04,2026-09-21,246.97,227.63,263.03,Chronos
677167,2026-09-04,2026-09-22,246.18,225.32,263.75,Chronos
677167,2026-09-04,2026-09-23,245.86,224.63,264.28,Chronos
677167,2026-09-04,2026-09-24,245.35,222.76,265.13,Chronos
677167,2026-09-04,2026-09-25,244.95,221.48,265.67,Chronos
677167,2026-09-04,2026-09-26,244.74,220.33,265.69,Chronos
677167,2026-09-04,2026-09-27,244.23,218.96,265.79,Chronos
677167,2026-09-04,2026-09-28,243.74,217.15,266.27,Chronos
677167,2026-09-04,2026-09-29,243.22,216.37,267.1,Chronos
677167,2026-09-04,2026-09-30,242.86,214.88,267.22,Chronos
677167,2026-09-04,2026-10-01,242.24,213.41,267.55,Chronos
677167,2026-09-04,2026-10-02,241.83,211.56,268.0,Chronos
677167,2026-09-04,2026-10-03,241.55,210.4,268.14,Chronos
677167,2026-09-04,2026-10-04,240.95,209.21,268.76,Chronos
677168,2026-09-04,2026-09-05,117.89,117.17,118.36,Chronos
677168,2026-09-04,2026-09-06,117.9,116.9,118.43,Chronos
677168,2026-09-04,2026-09-07,117.93,116.8,118.56,Chronos
677168,2026-09-04,2026-09-08,117.81,116.9,118.63,Chronos
677168,2026-09-04,2026-09-09,117.81,116.47,118.77,Chronos
677168,2026-09-04,2026-09-10,117.87,116.5,118.96,Chronos
677168,2026-09-04,2026-09-11,117.93,116.4,119.07,Chronos
677168,2026-09-04,2026-09-12,117.96,116.1,119.2,Chronos
677168,2026-09-04,2026-09-13,118.07,116.0,119.33,Chronos
677168,2026-09-04,2026-09-14,118.06,115.98,119.53,Chronos
677168,2026-09-04,2026-09-15,118.08,115.73,119.63,Chronos
677168,2026-09-04,2026-09-16,118.07,115.63,119.57,Chronos
677168,2026-09-04,2026-09-17,117.94,115.32,119.67,Chronos
677168,2026-09-04,2026-09-18,118.03,115.14,119.6,Chronos
677168,2026-09-04,2026-09-19,118.15,115.08,119.81,Chronos
677168,2026-09-04,2026-09-20,118.07,115.35,120.02,Chronos
677168,2026-09-04,2026-09-21,118.04,114.47,120.24,Chronos
677168,2026-09-04,2026-09-22,118.08,114.64,120.24,Chronos
677168,2026-09-04,2026-09-23,118.03,114.25,120.31,Chronos
677168,2026-09-04,2026-09-24,117.9,113.88,120.4,Chronos
677168,2026-09-04,2026-09-25,117.9,113.96,120.54,Chronos
677168,2026-09-04,2026-09-26,117.93,113.8,120.58,Chronos
677168,2026-09-04,2026-09-27,117.97,113.86,120.75,Chronos
677168,2026-09-04,2026-09-28,118.0,113.39,120.84,Chronos
677168,2026-09-04,2026-09-29,118.15,112.97,120.91,Chronos
677168,2026-09-04,2026-09-30,118.11,113.0,121.09,Chronos
677168,2026-09-04,2026-10-01,118.06,112.42,121.12,Chronos
677168,2026-09-04,2026-10-02,118.03,112.49,121.1,Chronos
677168,2026-09-04,2026-10-03,117.87,111.99,121.19,Chronos
677168,2026-09-04,2026-10-04,117.95,111.35,121.01,Chronos
677169,2026-09-04,2026-09-05,266.92,264.32,268.52,Chronos
677169,2026-09-04,2026-09-06,267.22,264.17,269.31,Chronos
677169,2026-09-04,2026-09-07,267.46,263.68,270.11,Chronos
677169,2026-09-04,2026-09-08,267.7,263.96,270.83,Chronos
677169,2026-09-04,2026-09-09,268.19,263.53,272.03,Chronos
677169,2026-09-04,2026-09-10,268.61,263.36,273.06,Chronos
677169,2026-09-04,2026-09-11,268.89,263.39,273.59,Chronos
677169,2026-09-04,2026-09-12,269.33,263.01,274.49,Chronos
677169,2026-09-04,2026-09-13,269.73,262.69,275.05,Chronos
677169,2026-09-04,2026-09-14,269.91,262.55,276.08,Chronos
677169,2026-09-04,2026-09-15,270.12,261.78,276.57,Chronos
677169,2026-09-04,2026-09-16,270.37,261.81,277.0,Chronos
677169,2026-09-04,2026-09-17,270.53,261.08,278.01,Chronos
677169,2026-09-04,2026-09-18,271.28,260.4,278.64,Chronos
677169,2026-09-04,2026-09-19,271.78,259.59,279.71,Chronos
677169,2026-09-04,2026-09-20,272.06,260.07,280.71,Chronos
677169,2026-09-04,2026-09-21,273.87,259.23,284.08,Chronos
677169,2026-09-04,2026-09-22,274.06,259.1,284.57,Chronos
677169,2026-09-04,2026-09-23,273.9,258.9,285.19,Chronos
677169,2026-09-04,2026-09-24,273.82,257.71,286.05,Chronos
677169,2026-09-04,2026-09-25,273.9,256.78,286.22,Chronos
677169,2026-09-04,2026-09-26,273.83,256.05,286.91,Chronos
677169,2026-09-04,2026-09-27,274.31,255.3,287.88,Chronos
677169,2026-09-04,2026-09-28,274.55,254.42,288.81,Chronos
677169,2026-09-04,2026-09-29,275.23,254.71,289.54,Chronos
677169,2026-09-04,2026-09-30,275.36,255.22,290.25,Chronos
677169,2026-09-04,2026-10-01,275.68,253.57,291.78,Chronos
677169,2026-09-04,2026-10-02,275.6,252.65,291.92,Chronos
677169,2026-09-04,2026-10-03,275.6,252.06,292.45,Chronos
677169,2026-09-04,2026-10-04,276.23,251.62,292.04,Chronos
677170,2026-09-04,2026-09-05,127.17,125.07,129.33,Chronos
677170,2026-09-04,2026-09-06,127.01,124.19,130.03,Chronos
677170,2026-09-04,2026-09-07,126.85,123.19,130.71,Chronos
677170,2026-09-04,2026-09-08,126.68,122.84,131.22,Chronos
677170,2026-09-04,2026-09-09,126.55,122.27,131.56,Chronos
677170,2026-09-04,2026-09-10,126.44,121.47,131.84,Chronos
677170,2026-09-04,2026-09-11,126.34,120.73,132.39,Chronos
677170,2026-09-04,2026-09-12,126.07,119.97,133.07,Chronos
677170,2026-09-04,2026-09-13,126.04,119.14,133.32,Chronos
677170,2026-09-04,2026-09-14,125.96,118.57,134.22,Chronos
677170,2026-09-04,2026-09-15,125.77,117.77,134.79,Chronos
677170,2026-09-04,2026-09-16,125.65,117.22,135.24,Chronos
677170,2026-09-04,2026-09-17,125.46,116.45,136.1,Chronos
677170,2026-09-04,2026-09-18,125.55,115.8,137.09,Chronos
677170,2026-09-04,2026-09-19,125.51,115.21,137.3,Chronos
677170,2026-09-04,2026-09-20,125.56,115.03,138.09,Chronos
677170,2026-09-04,2026-09-21,126.71,113.5,140.64,Chronos
677170,2026-09-04,2026-09-22,126.71,112.99,141.9,Chronos
677170,2026-09-04,2026-09-23,126.8,112.78,142.4,Chronos
677170,2026-09-04,2026-09-24,126.82,112.35,143.01,Chronos
677170,2026-09-04,2026-09-25,126.99,111.73,143.87,Chronos
677170,2026-09-04,2026-09-26,127.14,111.75,144.41,Chronos
677170,2026-09-04,2026-09-27,127.26,111.31,144.97,Chronos
677170,2026-09-04,2026-09-28,127.33,110.63,145.53,Chronos
677170,2026-09-04,2026-09-29,127.68,110.67,146.55,Chronos
677170,2026-09-04,2026-09-30,127.8,110.14,147.11,Chronos
677170,2026-09-04,2026-10-01,128.22,109.94,148.18,Chronos
677170,2026-09-04,2026-10-02,128.21,109.81,148.98,Chronos
677170,2026-09-04,2026-10-03,128.5,109.32,149.48,Chronos
677170,2026-09-04,2026-10-04,128.86,109.62,149.93,Chronos
677171,2026-09-04,2026-09-05,130.49,128.93,131.67,Chronos
677171,2026-09-04,2026-09-06,129.84,127.28,131.77,Chronos
677171,2026-09-04,2026-09-07,129.19,125.88,132.1,Chronos
677171,2026-09-04,2026-09-08,128.58,124.83,131.66,Chronos
677171,2026-09-04,2026-09-09,127.72,123.64,131.64,Chronos
677171,2026-09-04,2026-09-10,126.97,122.35,131.18,Chronos
677171,2026-09-04,2026-09-11,126.26,121.28,130.96,Chronos
677171,2026-09-04,2026-09-12,125.42,120.09,130.74,Chronos
677171,2026-09-04,2026-09-13,124.75,118.82,130.53,Chronos
677171,2026-09-04,2026-09-14,123.94,117.68,130.54,Chronos
677171,2026-09-04,2026-09-15,123.0,116.22,130.11,Chronos
677171,2026-09-04,2026-09-16,122.07,115.0,129.47,Chronos
677171,2026-09-04,2026-09-17,121.18,113.49,129.04,Chronos
677171,2026-09-04,2026-09-18,120.53,112.42,129.03,Chronos
677171,2026-09-04,2026-09-19,119.59,110.75,128.9,Chronos
677171,2026-09-04,2026-09-20,118.96,109.62,128.23,Chronos
677171,2026-09-04,2026-09-21,116.55,106.09,126.49,Chronos
677171,2026-09-04,2026-09-22,115.59,104.54,126.48,Chronos
677171,2026-09-04,2026-09-23,114.4,103.03,125.93,Chronos
677171,2026-09-04,2026-09-24,113.68,101.31,125.5,Chronos
677171,2026-09-04,2026-09-25,112.59,99.89,125.6,Chronos
677171,2026-09-04,2026-09-26,111.87,98.47,124.89,Chronos
677171,2026-09-04,2026-09-27,110.83,96.81,124.39,Chronos
677171,2026-09-04,2026-09-28,109.65,94.84,124.26,Chronos
677171,2026-09-04,2026-09-29,108.64,93.91,123.46,Chronos
677171,2026-09-04,2026-09-30,107.8,92.48,123.36,Chronos
677171,2026-09-04,2026-10-01,106.68,91.21,122.95,Chronos
677171,2026-09-04,2026-10-02,105.87,89.91,122.24,Chronos
677171,2026-09-04,2026-10-03,104.87,88.0,122.13,Chronos
677171,2026-09-04,2026-10-04,103.85,87.1,122.03,Chronos
690215,2026-09-04,2026-09-05,3.56,3.45,3.66,Chronos
690215,2026-09-04,2026-09-06,3.56,3.42,3.7,Chronos
690215,2026-09-04,2026-09-07,3.56,3.37,3.73,Chronos
690215,2026-09-04,2026-09-08,3.54,3.33,3.76,Chronos
690215,2026-09-04,2026-09-09,3.53,3.3,3.79,Chronos
690215,2026-09-04,2026-09-10,3.54,3.26,3.83,Chronos
690215,2026-09-04,2026-09-11,3.53,3.24,3.87,Chronos
690215,2026-09-04,2026-09-12,3.52,3.2,3.96,Chronos
690215,2026-09-04,2026-09-13,3.52,3.17,4.05,Chronos
690215,2026-09-04,2026-09-14,3.54,3.17,4.04,Chronos
690215,2026-09-04,2026-09-15,3.54,3.18,4.07,Chronos
690215,2026-09-04,2026-09-16,3.56,3.17,4.11,Chronos
690215,2026-09-04,2026-09-17,3.58,3.17,4.19,Chronos
690215,2026-09-04,2026-09-18,3.58,3.16,4.24,Chronos
690215,2026-09-04,2026-09-19,3.58,3.17,4.26,Chronos
690215,2026-09-04,2026-09-20,3.57,3.16,4.29,Chronos
690215,2026-09-04,2026-09-21,3.59,3.13,4.41,Chronos
690215,2026-09-04,2026-09-22,3.59,3.12,4.45,Chronos
690215,2026-09-04,2026-09-23,3.59,3.11,4.47,Chronos
690215,2026-09-04,2026-09-24,3.6,3.1,4.52,Chronos
690215,2026-09-04,2026-09-25,3.61,3.09,4.56,Chronos
690215,2026-09-04,2026-09-26,3.6,3.09,4.61,Chronos
690215,2026-09-04,2026-09-27,3.61,3.09,4.61,Chronos
690215,2026-09-04,2026-09-28,3.61,3.08,4.68,Chronos
690215,2026-09-04,2026-09-29,3.61,3.04,4.74,Chronos
690215,2026-09-04,2026-09-30,3.61,3.03,4.73,Chronos
690215,2026-09-04,2026-10-01,3.6,3.02,4.81,Chronos
690215,2026-09-04,2026-10-02,3.59,2.99,4.86,Chronos
690215,2026-09-04,2026-10-03,3.58,2.97,4.93,Chronos
690215,2026-09-04,2026-10-04,3.57,2.94,4.99,Chronos
690216,2026-09-04,2026-09-05,3642.91,3603.77,3666.77,Chronos
690216,2026-09-04,2026-09-06,3644.39,3601.19,3664.75,Chronos
690216,2026-09-04,2026-09-07,3642.4,3592.98,3664.99,Chronos
690216,2026-09-04,2026-09-08,3638.34,3566.3,3668.66,Chronos
690216,2026-09-04,2026-09-09,3634.19,3558.61,3671.62,Chronos
690216,2026-09-04,2026-09-10,3636.51,3544.21,3668.39,Chronos
690216,2026-09-04,2026-09-11,3638.47,3521.83,3671.38,Chronos
690216,2026-09-04,2026-09-12,3636.72,3519.78,3670.53,Chronos
690216,2026-09-04,2026-09-13,3635.75,3519.32,3671.67,Chronos
690216,2026-09-04,2026-09-14,3638.96,3527.27,3667.89,Chronos
690216,2026-09-04,2026-09-15,3635.88,3513.44,3669.32,Chronos
690216,2026-09-04,2026-09-16,3638.05,3507.78,3675.4,Chronos
690216,2026-09-04,2026-09-17,3637.97,3496.41,3677.64,Chronos
690216,2026-09-04,2026-09-18,3641.01,3476.68,3680.98,Chronos
690216,2026-09-04,2026-09-19,3640.76,3460.76,3675.52,Chronos
690216,2026-09-04,2026-09-20,3642.38,3464.03,3687.09,Chronos
690216,2026-09-04,2026-09-21,3643.25,3200.37,3701.68,Chronos
690216,2026-09-04,2026-09-22,3637.72,3174.21,3698.74,Chronos
690216,2026-09-04,2026-09-23,3638.54,3163.01,3699.62,Chronos
690216,2026-09-04,2026-09-24,3643.01,3130.68,3700.07,Chronos
690216,2026-09-04,2026-09-25,3640.07,3096.14,3701.68,Chronos
690216,2026-09-04,2026-09-26,3641.79,3036.61,3700.82,Chronos
690216,2026-09-04,2026-09-27,3643.34,2978.34,3704.25,Chronos
690216,2026-09-04,2026-09-28,3641.54,2927.08,3703.65,Chronos
690216,2026-09-04,2026-09-29,3638.83,2866.18,3704.49,Chronos
690216,2026-09-04,2026-09-30,3638.46,2840.58,3702.01,Chronos
690216,2026-09-04,2026-10-01,3636.84,2786.5,3706.31,Chronos
690216,2026-09-04,2026-10-02,3633.42,2675.42,3710.1,Chronos
690216,2026-09-04,2026-10-03,3626.98,2613.13,3715.36,Chronos
690216,2026-09-04,2026-10-04,3631.22,2572.48,3717.41,Chronos
690217,2026-09-04,2026-09-05,1845.09,1840.56,1849.92,Chronos
690217,2026-09-04,2026-09-06,1845.27,1838.99,1850.32,Chronos
690217,2026-09-04,2026-09-07,1845.49,1841.13,1850.61,Chronos
690217,2026-09-04,2026-09-08,1844.73,1839.15,1850.03,Chronos
690217,2026-09-04,2026-09-09,1843.09,1839.04,1849.87,Chronos
690217,2026-09-04,2026-09-10,1844.61,1839.27,1849.92,Chronos
690217,2026-09-04,2026-09-11,1844.91,1839.31,1850.01,Chronos
690217,2026-09-04,2026-09-12,1844.15,1839.28,1850.57,Chronos
690217,2026-09-04,2026-09-13,1843.61,1839.25,1850.05,Chronos
690217,2026-09-04,2026-09-14,1845.04,1838.24,1850.02,Chronos
690217,2026-09-04,2026-09-15,1844.44,1839.63,1850.27,Chronos
690217,2026-09-04,2026-09-16,1844.52,1837.99,1851.5,Chronos
690217,2026-09-04,2026-09-17,1844.02,1837.38,1850.76,Chronos
690217,2026-09-04,2026-09-18,1845.06,1837.23,1851.83,Chronos
690217,2026-09-04,2026-09-19,1843.74,1836.74,1852.57,Chronos
690217,2026-09-04,2026-09-20,1844.37,1836.82,1852.42,Chronos
690217,2026-09-04,2026-09-21,1845.61,1832.2,1853.44,Chronos
690217,2026-09-04,2026-09-22,1845.58,1831.9,1853.46,Chronos
690217,2026-09-04,2026-09-23,1845.97,1831.34,1853.38,Chronos
690217,2026-09-04,2026-09-24,1845.04,1828.72,1852.59,Chronos
690217,2026-09-04,2026-09-25,1843.47,1828.07,1853.26,Chronos
690217,2026-09-04,2026-09-26,1845.46,1825.22,1852.42,Chronos
690217,2026-09-04,2026-09-27,1845.23,1822.03,1852.34,Chronos
690217,2026-09-04,2026-09-28,1844.47,1819.88,1853.32,Chronos
690217,2026-09-04,2026-09-29,1843.38,1815.96,1852.8,Chronos
690217,2026-09-04,2026-09-30,1844.95,1817.67,1852.75,Chronos
690217,2026-09-04,2026-10-01,1843.95,1814.79,1852.34,Chronos
690217,2026-09-04,2026-10-02,1844.2,1813.77,1852.65,Chronos
690217,2026-09-04,2026-10-03,1843.82,1807.53,1852.76,Chronos
690217,2026-09-04,2026-10-04,1844.83,1797.1,1853.88,Chronos
690555,2026-09-04,2026-09-05,1.49,1.45,1.51,Chronos
690555,2026-09-04,2026-09-06,1.49,1.45,1.55,Chronos
690555,2026-09-04,2026-09-07,1.5,1.43,1.58,Chronos
690555,2026-09-04,2026-09-08,1.51,1.42,1.6,Chronos
690555,2026-09-04,2026-09-09,1.52,1.41,1.64,Chronos
690555,2026-09-04,2026-09-10,1.52,1.39,1.67,Chronos
690555,2026-09-04,2026-09-11,1.53,1.38,1.7,Chronos
690555,2026-09-04,2026-09-12,1.53,1.37,1.74,Chronos
690555,2026-09-04,2026-09-13,1.54,1.36,1.78,Chronos
690555,2026-09-04,2026-09-14,1.55,1.34,1.8,Chronos
690555,2026-09-04,2026-09-15,1.55,1.33,1.85,Chronos
690555,2026-09-04,2026-09-16,1.55,1.31,1.89,Chronos
690555,2026-09-04,2026-09-17,1.56,1.3,1.93,Chronos
690555,2026-09-04,2026-09-18,1.56,1.29,1.96,Chronos
690555,2026-09-04,2026-09-19,1.57,1.28,1.98,Chronos
690555,2026-09-04,2026-09-20,1.58,1.27,2.0,Chronos
690555,2026-09-04,2026-09-21,1.6,1.22,2.06,Chronos
690555,2026-09-04,2026-09-22,1.61,1.21,2.08,Chronos
690555,2026-09-04,2026-09-23,1.61,1.21,2.1,Chronos
690555,2026-09-04,2026-09-24,1.63,1.21,2.14,Chronos
690555,2026-09-04,2026-09-25,1.63,1.19,2.16,Chronos
690555,2026-09-04,2026-09-26,1.64,1.2,2.19,Chronos
690555,2026-09-04,2026-09-27,1.66,1.19,2.23,Chronos
690555,2026-09-04,2026-09-28,1.66,1.18,2.25,Chronos
690555,2026-09-04,2026-09-29,1.67,1.18,2.31,Chronos
690555,2026-09-04,2026-09-30,1.69,1.16,2.32,Chronos
690555,2026-09-04,2026-10-01,1.7,1.16,2.36,Chronos
690555,2026-09-04,2026-10-02,1.71,1.15,2.4,Chronos
690555,2026-09-04,2026-10-03,1.73,1.13,2.47,Chronos
690555,2026-09-04,2026-10-04,1.74,1.13,2.5,Chronos
690556,2026-09-04,2026-09-05,83.89,82.21,85.97,Chronos
690556,2026-09-04,2026-09-06,83.8,81.42,86.95,Chronos
690556,2026-09-04,2026-09-07,83.82,80.85,87.58,Chronos
690556,2026-09-04,2026-09-08,83.6,80.04,88.42,Chronos
690556,2026-09-04,2026-09-09,83.52,79.24,89.72,Chronos
690556,2026-09-04,2026-09-10,83.46,78.45,90.6,Chronos
690556,2026-09-04,2026-09-11,83.43,77.89,91.41,Chronos
690556,2026-09-04,2026-09-12,83.23,77.06,92.79,Chronos
690556,2026-09-04,2026-09-13,83.31,76.71,94.1,Chronos
690556,2026-09-04,2026-09-14,83.4,76.19,95.01,Chronos
690556,2026-09-04,2026-09-15,83.52,75.6,96.46,Chronos
690556,2026-09-04,2026-09-16,83.64,74.9,97.83,Chronos
690556,2026-09-04,2026-09-17,84.23,74.77,98.7,Chronos
690556,2026-09-04,2026-09-18,84.48,74.7,100.36,Chronos
690556,2026-09-04,2026-09-19,85.34,74.81,101.23,Chronos
690556,2026-09-04,2026-09-20,85.9,74.31,102.76,Chronos
690556,2026-09-04,2026-09-21,89.05,72.0,105.69,Chronos
690556,2026-09-04,2026-09-22,89.52,72.02,106.59,Chronos
690556,2026-09-04,2026-09-23,90.62,72.03,107.81,Chronos
690556,2026-09-04,2026-09-24,91.44,72.42,109.2,Chronos
690556,2026-09-04,2026-09-25,92.18,72.58,110.13,Chronos
690556,2026-09-04,2026-09-26,92.85,72.48,110.38,Chronos
690556,2026-09-04,2026-09-27,93.44,72.78,110.75,Chronos
690556,2026-09-04,2026-09-28,94.05,72.46,109.99,Chronos
690556,2026-09-04,2026-09-29,94.35,72.92,110.39,Chronos
690556,2026-09-04,2026-09-30,94.6,72.46,110.83,Chronos
690556,2026-09-04,2026-10-01,94.95,71.88,110.95,Chronos
690556,2026-09-04,2026-10-02,95.28,71.82,111.87,Chronos
690556,2026-09-04,2026-10-03,95.57,72.13,111.95,Chronos
690556,2026-09-04,2026-10-04,95.63,72.7,111.67,Chronos
690747,2026-09-04,2026-09-05,288.88,275.16,299.33,Chronos
690747,2026-09-04,2026-09-06,286.34,272.92,299.65,Chronos
690747,2026-09-04,2026-09-07,285.63,265.23,301.58,Chronos
690747,2026-09-04,2026-09-08,282.02,260.82,303.99,Chronos
690747,2026-09-04,2026-09-09,278.78,253.5,306.54,Chronos
690747,2026-09-04,2026-09-10,277.5,247.73,309.01,Chronos
690747,2026-09-04,2026-09-11,275.65,243.4,308.82,Chronos
690747,2026-09-04,2026-09-12,273.14,238.18,309.71,Chronos
690747,2026-09-04,2026-09-13,272.06,232.57,312.78,Chronos
690747,2026-09-04,2026-09-14,271.11,230.36,319.2,Chronos
690747,2026-09-04,2026-09-15,269.12,225.45,322.7,Chronos
690747,2026-09-04,2026-09-16,267.56,221.69,333.28,Chronos
690747,2026-09-04,2026-09-17,266.07,216.58,347.96,Chronos
690747,2026-09-04,2026-09-18,263.49,209.66,359.67,Chronos
690747,2026-09-04,2026-09-19,261.59,201.06,369.2,Chronos
690747,2026-09-04,2026-09-20,259.32,193.66,376.17,Chronos
690747,2026-09-04,2026-09-21,257.78,178.39,383.07,Chronos
690747,2026-09-04,2026-09-22,257.96,175.52,391.55,Chronos
690747,2026-09-04,2026-09-23,257.43,169.99,397.12,Chronos
690747,2026-09-04,2026-09-24,254.44,168.25,401.41,Chronos
690747,2026-09-04,2026-09-25,254.21,163.33,413.26,Chronos
690747,2026-09-04,2026-09-26,253.09,158.17,422.33,Chronos
690747,2026-09-04,2026-09-27,252.43,156.8,420.75,Chronos
690747,2026-09-04,2026-09-28,249.6,151.08,431.17,Chronos
690747,2026-09-04,2026-09-29,249.34,148.36,433.23,Chronos
690747,2026-09-04,2026-09-30,247.63,144.62,427.9,Chronos
690747,2026-09-04,2026-10-01,245.65,139.47,437.9,Chronos
690747,2026-09-04,2026-10-02,244.12,138.27,446.31,Chronos
690747,2026-09-04,2026-10-03,242.55,135.36,450.0,Chronos
690747,2026-09-04,2026-10-04,241.53,131.84,454.42,Chronos
692088,2026-09-04,2026-09-05,1.54,1.48,1.59,Chronos
692088,2026-09-04,2026-09-06,1.53,1.45,1.62,Chronos
692088,2026-09-04,2026-09-07,1.53,1.43,1.64,Chronos
692088,2026-09-04,2026-09-08,1.53,1.41,1.66,Chronos
692088,2026-09-04,2026-09-09,1.53,1.38,1.69,Chronos
692088,2026-09-04,2026-09-10,1.53,1.35,1.73,Chronos
692088,2026-09-04,2026-09-11,1.54,1.33,1.74,Chronos
692088,2026-09-04,2026-09-12,1.54,1.32,1.77,Chronos
692088,2026-09-04,2026-09-13,1.54,1.3,1.79,Chronos
692088,2026-09-04,2026-09-14,1.54,1.28,1.81,Chronos
692088,2026-09-04,2026-09-15,1.54,1.27,1.83,Chronos
692088,2026-09-04,2026-09-16,1.54,1.25,1.85,Chronos
692088,2026-09-04,2026-09-17,1.54,1.25,1.87,Chronos
692088,2026-09-04,2026-09-18,1.54,1.24,1.9,Chronos
692088,2026-09-04,2026-09-19,1.54,1.23,1.9,Chronos
692088,2026-09-04,2026-09-20,1.55,1.23,1.91,Chronos
692088,2026-09-04,2026-09-21,1.56,1.18,1.98,Chronos
692088,2026-09-04,2026-09-22,1.56,1.15,1.99,Chronos
692088,2026-09-04,2026-09-23,1.56,1.15,2.0,Chronos
692088,2026-09-04,2026-09-24,1.56,1.14,2.02,Chronos
692088,2026-09-04,2026-09-25,1.56,1.13,2.03,Chronos
692088,2026-09-04,2026-09-26,1.56,1.12,2.04,Chronos
692088,2026-09-04,2026-09-27,1.56,1.12,2.05,Chronos
692088,2026-09-04,2026-09-28,1.57,1.11,2.06,Chronos
692088,2026-09-04,2026-09-29,1.57,1.1,2.08,Chronos
692088,2026-09-04,2026-09-30,1.57,1.1,2.08,Chronos
692088,2026-09-04,2026-10-01,1.57,1.1,2.12,Chronos
692088,2026-09-04,2026-10-02,1.56,1.08,2.14,Chronos
692088,2026-09-04,2026-10-03,1.57,1.07,2.16,Chronos
692088,2026-09-04,2026-10-04,1.57,1.05,2.17,Chronos
692089,2026-09-04,2026-09-05,58.24,57.04,58.98,Chronos
692089,2026-09-04,2026-09-06,58.02,56.77,59.29,Chronos
692089,2026-09-04,2026-09-07,58.01,56.02,59.61,Chronos
692089,2026-09-04,2026-09-08,57.71,55.6,59.99,Chronos
692089,2026-09-04,2026-09-09,57.57,54.96,60.23,Chronos
692089,2026-09-04,2026-09-10,57.42,54.36,60.64,Chronos
692089,2026-09-04,2026-09-11,57.33,53.89,60.74,Chronos
692089,2026-09-04,2026-09-12,57.18,53.44,60.93,Chronos
692089,2026-09-04,2026-09-13,57.1,52.91,61.24,Chronos
692089,2026-09-04,2026-09-14,56.91,52.73,61.8,Chronos
692089,2026-09-04,2026-09-15,57.02,52.24,62.19,Chronos
692089,2026-09-04,2026-09-16,57.07,52.06,63.05,Chronos
692089,2026-09-04,2026-09-17,57.1,51.62,64.41,Chronos
692089,2026-09-04,2026-09-18,57.07,50.9,65.67,Chronos
692089,2026-09-04,2026-09-19,57.07,50.65,66.48,Chronos
692089,2026-09-04,2026-09-20,57.2,50.56,67.35,Chronos
692089,2026-09-04,2026-09-21,56.57,47.52,69.64,Chronos
692089,2026-09-04,2026-09-22,56.7,47.11,70.84,Chronos
692089,2026-09-04,2026-09-23,56.75,46.49,71.7,Chronos
692089,2026-09-04,2026-09-24,56.66,46.16,72.71,Chronos
692089,2026-09-04,2026-09-25,56.8,45.71,74.07,Chronos
692089,2026-09-04,2026-09-26,56.96,44.96,75.66,Chronos
692089,2026-09-04,2026-09-27,57.14,44.68,76.34,Chronos
692089,2026-09-04,2026-09-28,57.05,43.9,76.98,Chronos
692089,2026-09-04,2026-09-29,57.19,43.74,77.67,Chronos
692089,2026-09-04,2026-09-30,57.29,43.17,78.19,Chronos
692089,2026-09-04,2026-10-01,57.38,42.75,79.34,Chronos
692089,2026-09-04,2026-10-02,57.52,42.22,80.5,Chronos
692089,2026-09-04,2026-10-03,57.8,42.12,80.89,Chronos
692089,2026-09-04,2026-10-04,57.54,41.73,81.65,Chronos
692090,2026-09-04,2026-09-05,79.19,75.01,82.67,Chronos
692090,2026-09-04,2026-09-06,78.64,73.91,82.37,Chronos
692090,2026-09-04,2026-09-07,78.43,72.27,82.56,Chronos
692090,2026-09-04,2026-09-08,77.65,71.45,83.08,Chronos
692090,2026-09-04,2026-09-09,77.09,69.67,83.55,Chronos
692090,2026-09-04,2026-09-10,76.87,68.65,83.96,Chronos
692090,2026-09-04,2026-09-11,76.51,67.44,84.02,Chronos
692090,2026-09-04,2026-09-12,76.32,66.59,84.43,Chronos
692090,2026-09-04,2026-09-13,76.29,65.79,85.05,Chronos
692090,2026-09-04,2026-09-14,76.13,65.16,85.86,Chronos
692090,2026-09-04,2026-09-15,76.01,64.2,86.29,Chronos
692090,2026-09-04,2026-09-16,75.52,63.27,87.3,Chronos
692090,2026-09-04,2026-09-17,75.34,62.53,88.16,Chronos
692090,2026-09-04,2026-09-18,75.08,61.34,88.63,Chronos
692090,2026-09-04,2026-09-19,74.44,60.14,89.35,Chronos
692090,2026-09-04,2026-09-20,74.14,59.39,88.82,Chronos
692090,2026-09-04,2026-09-21,74.54,57.83,93.15,Chronos
692090,2026-09-04,2026-09-22,74.28,57.05,92.48,Chronos
692090,2026-09-04,2026-09-23,74.45,56.03,93.22,Chronos
692090,2026-09-04,2026-09-24,74.0,56.0,93.9,Chronos
692090,2026-09-04,2026-09-25,74.03,55.06,94.91,Chronos
692090,2026-09-04,2026-09-26,74.12,54.79,94.89,Chronos
692090,2026-09-04,2026-09-27,73.81,54.1,95.67,Chronos
692090,2026-09-04,2026-09-28,73.97,54.0,97.48,Chronos
692090,2026-09-04,2026-09-29,74.04,53.4,98.54,Chronos
692090,2026-09-04,2026-09-30,74.14,53.12,99.89,Chronos
692090,2026-09-04,2026-10-01,74.38,52.62,99.5,Chronos
692090,2026-09-04,2026-10-02,74.13,52.41,100.74,Chronos
692090,2026-09-04,2026-10-03,74.21,52.04,102.41,Chronos
692090,2026-09-04,2026-10-04,73.89,50.49,103.56,Chronos
692091,2026-09-04,2026-09-05,105.74,104.89,106.53,Chronos
692091,2026-09-04,2026-09-06,105.77,104.55,106.9,Chronos
692091,2026-09-04,2026-09-07,105.4,104.2,107.16,Chronos
692091,2026-09-04,2026-09-08,105.47,103.76,107.42,Chronos
692091,2026-09-04,2026-09-09,105.23,103.3,107.68,Chronos
692091,2026-09-04,2026-09-10,105.31,102.87,107.93,Chronos
692091,2026-09-04,2026-09-11,105.3,102.57,108.28,Chronos
692091,2026-09-04,2026-09-12,105.32,102.25,109.37,Chronos
692091,2026-09-04,2026-09-13,105.21,102.11,111.71,Chronos
692091,2026-09-04,2026-09-14,105.67,101.82,114.04,Chronos
692091,2026-09-04,2026-09-15,105.98,101.64,118.55,Chronos
692091,2026-09-04,2026-09-16,107.15,101.26,124.4,Chronos
692091,2026-09-04,2026-09-17,107.7,101.35,128.39,Chronos
692091,2026-09-04,2026-09-18,108.15,100.71,130.72,Chronos
692091,2026-09-04,2026-09-19,108.9,100.44,134.29,Chronos
692091,2026-09-04,2026-09-20,110.42,99.51,137.81,Chronos
692091,2026-09-04,2026-09-21,110.39,98.75,136.94,Chronos
692091,2026-09-04,2026-09-22,110.73,98.17,138.51,Chronos
692091,2026-09-04,2026-09-23,110.97,98.06,139.77,Chronos
692091,2026-09-04,2026-09-24,112.05,97.86,141.12,Chronos
692091,2026-09-04,2026-09-25,111.82,98.09,141.91,Chronos
692091,2026-09-04,2026-09-26,112.38,97.88,142.13,Chronos
692091,2026-09-04,2026-09-27,113.19,97.69,143.26,Chronos
692091,2026-09-04,2026-09-28,113.1,97.79,144.63,Chronos
692091,2026-09-04,2026-09-29,113.94,98.0,145.1,Chronos
692091,2026-09-04,2026-09-30,114.69,97.81,145.2,Chronos
692091,2026-09-04,2026-10-01,114.49,97.98,146.31,Chronos
692091,2026-09-04,2026-10-02,115.26,98.08,145.96,Chronos
692091,2026-09-04,2026-10-03,115.5,97.57,146.76,Chronos
692091,2026-09-04,2026-10-04,115.36,97.49,147.21,Chronos
692203,2026-09-04,2026-09-05,8.12,7.89,8.37,Chronos
692203,2026-09-04,2026-09-06,8.12,7.75,8.47,Chronos
692203,2026-09-04,2026-09-07,8.0,7.63,8.52,Chronos
692203,2026-09-04,2026-09-08,8.02,7.54,8.61,Chronos
692203,2026-09-04,2026-09-09,7.98,7.45,8.76,Chronos
692203,2026-09-04,2026-09-10,7.99,7.38,8.88,Chronos
692203,2026-09-04,2026-09-11,8.0,7.34,9.23,Chronos
692203,2026-09-04,2026-09-12,8.02,7.3,9.81,Chronos
692203,2026-09-04,2026-09-13,8.05,7.3,10.43,Chronos
692203,2026-09-04,2026-09-14,8.18,7.26,10.87,Chronos
692203,2026-09-04,2026-09-15,8.35,7.25,11.85,Chronos
692203,2026-09-04,2026-09-16,8.6,7.25,12.74,Chronos
692203,2026-09-04,2026-09-17,8.86,7.28,14.09,Chronos
692203,2026-09-04,2026-09-18,9.11,7.24,14.15,Chronos
692203,2026-09-04,2026-09-19,9.23,7.29,14.27,Chronos
692203,2026-09-04,2026-09-20,9.43,7.29,14.61,Chronos
692203,2026-09-04,2026-09-21,10.51,7.18,15.5,Chronos
692203,2026-09-04,2026-09-22,10.67,7.26,15.62,Chronos
692203,2026-09-04,2026-09-23,10.78,7.26,15.59,Chronos
692203,2026-09-04,2026-09-24,11.01,7.22,15.63,Chronos
692203,2026-09-04,2026-09-25,11.04,7.3,15.73,Chronos
692203,2026-09-04,2026-09-26,11.05,7.34,15.87,Chronos
692203,2026-09-04,2026-09-27,11.12,7.33,15.82,Chronos
692203,2026-09-04,2026-09-28,11.3,7.23,15.65,Chronos
692203,2026-09-04,2026-09-29,11.23,7.23,15.85,Chronos
692203,2026-09-04,2026-09-30,11.17,7.21,15.79,Chronos
692203,2026-09-04,2026-10-01,11.19,7.2,15.81,Chronos
692203,2026-09-04,2026-10-02,11.11,7.19,15.72,Chronos
692203,2026-09-04,2026-10-03,11.02,7.12,15.7,Chronos
692203,2026-09-04,2026-10-04,10.86,7.15,15.64,Chronos
692204,2026-09-04,2026-09-05,5.2,4.84,5.38,Chronos
692204,2026-09-04,2026-09-06,5.13,4.69,5.55,Chronos
692204,2026-09-04,2026-09-07,5.11,4.51,5.54,Chronos
692204,2026-09-04,2026-09-08,5.07,4.38,5.67,Chronos
692204,2026-09-04,2026-09-09,5.05,4.24,5.78,Chronos
692204,2026-09-04,2026-09-10,5.03,4.1,5.81,Chronos
692204,2026-09-04,2026-09-11,5.05,4.05,5.95,Chronos
692204,2026-09-04,2026-09-12,5.03,3.97,6.04,Chronos
692204,2026-09-04,2026-09-13,5.05,3.9,6.19,Chronos
692204,2026-09-04,2026-09-14,5.07,3.88,6.3,Chronos
692204,2026-09-04,2026-09-15,5.02,3.79,6.31,Chronos
692204,2026-09-04,2026-09-16,5.01,3.68,6.53,Chronos
692204,2026-09-04,2026-09-17,5.0,3.58,6.88,Chronos
692204,2026-09-04,2026-09-18,4.97,3.41,7.35,Chronos
692204,2026-09-04,2026-09-19,4.95,3.25,7.83,Chronos
692204,2026-09-04,2026-09-20,4.95,3.1,8.17,Chronos
692204,2026-09-04,2026-09-21,5.02,2.99,8.92,Chronos
692204,2026-09-04,2026-09-22,5.05,3.0,9.38,Chronos
692204,2026-09-04,2026-09-23,5.07,2.97,9.5,Chronos
692204,2026-09-04,2026-09-24,5.06,2.98,9.65,Chronos
692204,2026-09-04,2026-09-25,5.09,2.91,9.82,Chronos
692204,2026-09-04,2026-09-26,5.09,2.82,10.04,Chronos
692204,2026-09-04,2026-09-27,5.11,2.79,9.88,Chronos
692204,2026-09-04,2026-09-28,5.08,2.72,9.93,Chronos
692204,2026-09-04,2026-09-29,5.09,2.71,9.91,Chronos
692204,2026-09-04,2026-09-30,5.08,2.66,9.6,Chronos
692204,2026-09-04,2026-10-01,5.07,2.61,9.89,Chronos
692204,2026-09-04,2026-10-02,5.1,2.56,10.06,Chronos
692204,2026-09-04,2026-10-03,5.12,2.54,10.12,Chronos
692204,2026-09-04,2026-10-04,5.13,2.55,10.21,Chronos
692205,2026-09-04,2026-09-05,1.45,1.38,1.51,Chronos
692205,2026-09-04,2026-09-06,1.45,1.38,1.54,Chronos
692205,2026-09-04,2026-09-07,1.45,1.36,1.56,Chronos
692205,2026-09-04,2026-09-08,1.45,1.34,1.58,Chronos
692205,2026-09-04,2026-09-09,1.44,1.32,1.6,Chronos
692205,2026-09-04,2026-09-10,1.44,1.3,1.6,Chronos
692205,2026-09-04,2026-09-11,1.43,1.29,1.62,Chronos
692205,2026-09-04,2026-09-12,1.43,1.27,1.63,Chronos
692205,2026-09-04,2026-09-13,1.42,1.25,1.63,Chronos
692205,2026-09-04,2026-09-14,1.41,1.24,1.61,Chronos
692205,2026-09-04,2026-09-15,1.4,1.23,1.62,Chronos
692205,2026-09-04,2026-09-16,1.4,1.22,1.63,Chronos
692205,2026-09-04,2026-09-17,1.4,1.21,1.65,Chronos
692205,2026-09-04,2026-09-18,1.39,1.2,1.68,Chronos
692205,2026-09-04,2026-09-19,1.39,1.18,1.67,Chronos
692205,2026-09-04,2026-09-20,1.39,1.18,1.69,Chronos
692205,2026-09-04,2026-09-21,1.36,1.09,1.69,Chronos
692205,2026-09-04,2026-09-22,1.36,1.08,1.71,Chronos
692205,2026-09-04,2026-09-23,1.35,1.08,1.7,Chronos
692205,2026-09-04,2026-09-24,1.35,1.07,1.7,Chronos
692205,2026-09-04,2026-09-25,1.35,1.06,1.7,Chronos
692205,2026-09-04,2026-09-26,1.35,1.06,1.7,Chronos
692205,2026-09-04,2026-09-27,1.34,1.05,1.69,Chronos
692205,2026-09-04,2026-09-28,1.34,1.04,1.7,Chronos
692205,2026-09-04,2026-09-29,1.34,1.03,1.71,Chronos
692205,2026-09-04,2026-09-30,1.34,1.02,1.72,Chronos
692205,2026-09-04,2026-10-01,1.33,1.01,1.73,Chronos
692205,2026-09-04,2026-10-02,1.34,0.99,1.76,Chronos
692205,2026-09-04,2026-10-03,1.34,0.99,1.78,Chronos
692205,2026-09-04,2026-10-04,1.33,0.99,1.8,Chronos
692206,2026-09-04,2026-09-05,1.56,1.47,1.65,Chronos
692206,2026-09-04,2026-09-06,1.57,1.45,1.7,Chronos
692206,2026-09-04,2026-09-07,1.58,1.44,1.74,Chronos
692206,2026-09-04,2026-09-08,1.6,1.42,1.78,Chronos
692206,2026-09-04,2026-09-09,1.6,1.4,1.82,Chronos
692206,2026-09-04,2026-09-10,1.61,1.38,1.85,Chronos
692206,2026-09-04,2026-09-11,1.61,1.36,1.87,Chronos
692206,2026-09-04,2026-09-12,1.61,1.35,1.9,Chronos
692206,2026-09-04,2026-09-13,1.61,1.33,1.91,Chronos
692206,2026-09-04,2026-09-14,1.62,1.32,1.93,Chronos
692206,2026-09-04,2026-09-15,1.62,1.31,1.95,Chronos
692206,2026-09-04,2026-09-16,1.62,1.29,1.97,Chronos
692206,2026-09-04,2026-09-17,1.62,1.29,1.98,Chronos
692206,2026-09-04,2026-09-18,1.62,1.27,2.0,Chronos
692206,2026-09-04,2026-09-19,1.63,1.27,2.01,Chronos
692206,2026-09-04,2026-09-20,1.63,1.25,2.02,Chronos
692206,2026-09-04,2026-09-21,1.6,1.15,2.05,Chronos
692206,2026-09-04,2026-09-22,1.6,1.14,2.08,Chronos
692206,2026-09-04,2026-09-23,1.6,1.14,2.08,Chronos
692206,2026-09-04,2026-09-24,1.6,1.12,2.1,Chronos
692206,2026-09-04,2026-09-25,1.6,1.1,2.1,Chronos
692206,2026-09-04,2026-09-26,1.59,1.1,2.12,Chronos
692206,2026-09-04,2026-09-27,1.59,1.09,2.12,Chronos
692206,2026-09-04,2026-09-28,1.59,1.07,2.12,Chronos
692206,2026-09-04,2026-09-29,1.59,1.06,2.13,Chronos
692206,2026-09-04,2026-09-30,1.58,1.06,2.14,Chronos
692206,2026-09-04,2026-10-01,1.58,1.04,2.16,Chronos
692206,2026-09-04,2026-10-02,1.59,1.02,2.17,Chronos
692206,2026-09-04,2026-10-03,1.59,1.0,2.18,Chronos
692206,2026-09-04,2026-10-04,1.59,1.01,2.19,Chronos
692207,2026-09-04,2026-09-05,1.65,1.59,1.76,Chronos
692207,2026-09-04,2026-09-06,1.66,1.57,1.79,Chronos
692207,2026-09-04,2026-09-07,1.66,1.55,1.81,Chronos
692207,2026-09-04,2026-09-08,1.66,1.54,1.84,Chronos
692207,2026-09-04,2026-09-09,1.65,1.52,1.89,Chronos
692207,2026-09-04,2026-09-10,1.66,1.51,1.91,Chronos
692207,2026-09-04,2026-09-11,1.65,1.5,1.94,Chronos
692207,2026-09-04,2026-09-12,1.65,1.48,1.98,Chronos
692207,2026-09-04,2026-09-13,1.65,1.47,2.02,Chronos
692207,2026-09-04,2026-09-14,1.65,1.46,2.02,Chronos
692207,2026-09-04,2026-09-15,1.64,1.46,2.04,Chronos
692207,2026-09-04,2026-09-16,1.65,1.45,2.07,Chronos
692207,2026-09-04,2026-09-17,1.65,1.45,2.09,Chronos
692207,2026-09-04,2026-09-18,1.65,1.44,2.13,Chronos
692207,2026-09-04,2026-09-19,1.65,1.44,2.12,Chronos
692207,2026-09-04,2026-09-20,1.65,1.44,2.12,Chronos
692207,2026-09-04,2026-09-21,1.65,1.39,2.21,Chronos
692207,2026-09-04,2026-09-22,1.65,1.39,2.25,Chronos
692207,2026-09-04,2026-09-23,1.65,1.38,2.27,Chronos
692207,2026-09-04,2026-09-24,1.65,1.37,2.3,Chronos
692207,2026-09-04,2026-09-25,1.66,1.36,2.32,Chronos
692207,2026-09-04,2026-09-26,1.65,1.36,2.34,Chronos
692207,2026-09-04,2026-09-27,1.65,1.35,2.34,Chronos
692207,2026-09-04,2026-09-28,1.65,1.34,2.36,Chronos
692207,2026-09-04,2026-09-29,1.65,1.33,2.37,Chronos
692207,2026-09-04,2026-09-30,1.65,1.33,2.36,Chronos
692207,2026-09-04,2026-10-01,1.65,1.32,2.39,Chronos
692207,2026-09-04,2026-10-02,1.65,1.32,2.4,Chronos
692207,2026-09-04,2026-10-03,1.65,1.31,2.41,Chronos
692207,2026-09-04,2026-10-04,1.65,1.31,2.43,Chronos
692208,2026-09-04,2026-09-05,8.36,8.04,8.97,Chronos
692208,2026-09-04,2026-09-06,8.33,7.87,9.15,Chronos
692208,2026-09-04,2026-09-07,8.3,7.72,9.26,Chronos
692208,2026-09-04,2026-09-08,8.31,7.61,9.72,Chronos
692208,2026-09-04,2026-09-09,8.35,7.48,10.2,Chronos
692208,2026-09-04,2026-09-10,8.44,7.39,10.86,Chronos
692208,2026-09-04,2026-09-11,8.53,7.39,11.5,Chronos
692208,2026-09-04,2026-09-12,8.5,7.21,12.59,Chronos
692208,2026-09-04,2026-09-13,8.55,7.13,13.72,Chronos
692208,2026-09-04,2026-09-14,8.53,6.97,14.6,Chronos
692208,2026-09-04,2026-09-15,8.54,6.85,15.58,Chronos
692208,2026-09-04,2026-09-16,8.5,6.67,16.19,Chronos
692208,2026-09-04,2026-09-17,8.54,6.59,17.09,Chronos
692208,2026-09-04,2026-09-18,8.49,6.59,17.36,Chronos
692208,2026-09-04,2026-09-19,8.55,6.5,17.24,Chronos
692208,2026-09-04,2026-09-20,8.59,6.45,17.5,Chronos
692208,2026-09-04,2026-09-21,8.61,6.07,18.85,Chronos
692208,2026-09-04,2026-09-22,8.62,6.14,18.88,Chronos
692208,2026-09-04,2026-09-23,8.67,6.23,19.14,Chronos
692208,2026-09-04,2026-09-24,8.73,6.17,19.52,Chronos
692208,2026-09-04,2026-09-25,8.8,6.1,19.33,Chronos
692208,2026-09-04,2026-09-26,8.71,6.05,19.27,Chronos
692208,2026-09-04,2026-09-27,8.63,6.01,19.02,Chronos
692208,2026-09-04,2026-09-28,8.61,5.86,18.9,Chronos
692208,2026-09-04,2026-09-29,8.52,5.8,18.87,Chronos
692208,2026-09-04,2026-09-30,8.49,5.73,18.93,Chronos
692208,2026-09-04,2026-10-01,8.43,5.7,19.06,Chronos
692208,2026-09-04,2026-10-02,8.42,5.61,18.86,Chronos
692208,2026-09-04,2026-10-03,8.46,5.58,19.04,Chronos
692208,2026-09-04,2026-10-04,8.44,5.56,19.59,Chronos
692209,2026-09-04,2026-09-05,1.95,1.84,2.06,Chronos
692209,2026-09-04,2026-09-06,1.95,1.8,2.11,Chronos
692209,2026-09-04,2026-09-07,1.96,1.76,2.17,Chronos
692209,2026-09-04,2026-09-08,1.96,1.72,2.22,Chronos
692209,2026-09-04,2026-09-09,1.96,1.7,2.26,Chronos
692209,2026-09-04,2026-09-10,1.96,1.67,2.29,Chronos
692209,2026-09-04,2026-09-11,1.97,1.64,2.33,Chronos
692209,2026-09-04,2026-09-12,1.97,1.63,2.35,Chronos
692209,2026-09-04,2026-09-13,1.97,1.61,2.36,Chronos
692209,2026-09-04,2026-09-14,1.97,1.59,2.37,Chronos
692209,2026-09-04,2026-09-15,1.97,1.58,2.39,Chronos
692209,2026-09-04,2026-09-16,1.97,1.55,2.41,Chronos
692209,2026-09-04,2026-09-17,1.97,1.54,2.43,Chronos
692209,2026-09-04,2026-09-18,1.97,1.53,2.45,Chronos
692209,2026-09-04,2026-09-19,1.97,1.52,2.45,Chronos
692209,2026-09-04,2026-09-20,1.96,1.51,2.46,Chronos
692209,2026-09-04,2026-09-21,1.97,1.46,2.48,Chronos
692209,2026-09-04,2026-09-22,1.96,1.43,2.49,Chronos
692209,2026-09-04,2026-09-23,1.95,1.43,2.49,Chronos
692209,2026-09-04,2026-09-24,1.95,1.42,2.5,Chronos
692209,2026-09-04,2026-09-25,1.95,1.4,2.49,Chronos
692209,2026-09-04,2026-09-26,1.94,1.39,2.51,Chronos
692209,2026-09-04,2026-09-27,1.94,1.38,2.52,Chronos
692209,2026-09-04,2026-09-28,1.94,1.37,2.53,Chronos
692209,2026-09-04,2026-09-29,1.94,1.35,2.56,Chronos
692209,2026-09-04,2026-09-30,1.95,1.33,2.57,Chronos
692209,2026-09-04,2026-10-01,1.95,1.32,2.6,Chronos
692209,2026-09-04,2026-10-02,1.95,1.28,2.62,Chronos
692209,2026-09-04,2026-10-03,1.96,1.28,2.64,Chronos
692209,2026-09-04,2026-10-04,1.97,1.27,2.65,Chronos
692210,2026-09-04,2026-09-05,1.02,0.98,1.05,Chronos
692210,2026-09-04,2026-09-06,1.03,0.98,1.09,Chronos
692210,2026-09-04,2026-09-07,1.04,0.98,1.12,Chronos
692210,2026-09-04,2026-09-08,1.05,0.97,1.15,Chronos
692210,2026-09-04,2026-09-09,1.06,0.96,1.19,Chronos
692210,2026-09-04,2026-09-10,1.06,0.95,1.22,Chronos
692210,2026-09-04,2026-09-11,1.07,0.94,1.24,Chronos
692210,2026-09-04,2026-09-12,1.07,0.94,1.25,Chronos
692210,2026-09-04,2026-09-13,1.07,0.93,1.27,Chronos
692210,2026-09-04,2026-09-14,1.07,0.92,1.28,Chronos
692210,2026-09-04,2026-09-15,1.07,0.92,1.3,Chronos
692210,2026-09-04,2026-09-16,1.07,0.91,1.31,Chronos
692210,2026-09-04,2026-09-17,1.07,0.9,1.33,Chronos
692210,2026-09-04,2026-09-18,1.07,0.9,1.34,Chronos
692210,2026-09-04,2026-09-19,1.07,0.9,1.35,Chronos
692210,2026-09-04,2026-09-20,1.08,0.9,1.36,Chronos
692210,2026-09-04,2026-09-21,1.05,0.85,1.38,Chronos
692210,2026-09-04,2026-09-22,1.06,0.85,1.39,Chronos
692210,2026-09-04,2026-09-23,1.05,0.84,1.39,Chronos
692210,2026-09-04,2026-09-24,1.05,0.84,1.4,Chronos
692210,2026-09-04,2026-09-25,1.05,0.83,1.4,Chronos
692210,2026-09-04,2026-09-26,1.05,0.83,1.41,Chronos
692210,2026-09-04,2026-09-27,1.05,0.83,1.41,Chronos
692210,2026-09-04,2026-09-28,1.05,0.83,1.41,Chronos
692210,2026-09-04,2026-09-29,1.04,0.82,1.42,Chronos
692210,2026-09-04,2026-09-30,1.04,0.82,1.42,Chronos
692210,2026-09-04,2026-10-01,1.04,0.82,1.43,Chronos
692210,2026-09-04,2026-10-02,1.04,0.81,1.44,Chronos
692210,2026-09-04,2026-10-03,1.04,0.8,1.45,Chronos
692210,2026-09-04,2026-10-04,1.04,0.81,1.47,Chronos
692211,2026-09-04,2026-09-05,1.99,1.84,2.14,Chronos
692211,2026-09-04,2026-09-06,1.99,1.79,2.21,Chronos
692211,2026-09-04,2026-09-07,2.01,1.75,2.27,Chronos
692211,2026-09-04,2026-09-08,2.02,1.72,2.35,Chronos
692211,2026-09-04,2026-09-09,2.02,1.68,2.39,Chronos
692211,2026-09-04,2026-09-10,2.01,1.65,2.41,Chronos
692211,2026-09-04,2026-09-11,2.0,1.62,2.42,Chronos
692211,2026-09-04,2026-09-12,2.0,1.59,2.45,Chronos
692211,2026-09-04,2026-09-13,2.01,1.59,2.49,Chronos
692211,2026-09-04,2026-09-14,2.02,1.57,2.54,Chronos
692211,2026-09-04,2026-09-15,2.02,1.56,2.59,Chronos
692211,2026-09-04,2026-09-16,2.02,1.52,2.63,Chronos
692211,2026-09-04,2026-09-17,2.02,1.5,2.65,Chronos
692211,2026-09-04,2026-09-18,2.01,1.5,2.7,Chronos
692211,2026-09-04,2026-09-19,2.02,1.48,2.68,Chronos
692211,2026-09-04,2026-09-20,2.02,1.48,2.71,Chronos
692211,2026-09-04,2026-09-21,2.04,1.39,2.77,Chronos
692211,2026-09-04,2026-09-22,2.05,1.37,2.81,Chronos
692211,2026-09-04,2026-09-23,2.05,1.36,2.84,Chronos
692211,2026-09-04,2026-09-24,2.05,1.34,2.88,Chronos
692211,2026-09-04,2026-09-25,2.05,1.32,2.89,Chronos
692211,2026-09-04,2026-09-26,2.06,1.32,2.93,Chronos
692211,2026-09-04,2026-09-27,2.07,1.31,2.95,Chronos
692211,2026-09-04,2026-09-28,2.08,1.3,2.99,Chronos
692211,2026-09-04,2026-09-29,2.08,1.3,3.03,Chronos
692211,2026-09-04,2026-09-30,2.09,1.28,3.02,Chronos
692211,2026-09-04,2026-10-01,2.08,1.27,3.07,Chronos
692211,2026-09-04,2026-10-02,2.09,1.24,3.11,Chronos
692211,2026-09-04,2026-10-03,2.11,1.23,3.14,Chronos
692211,2026-09-04,2026-10-04,2.11,1.24,3.14,Chronos
692212,2026-09-04,2026-09-05,1.74,1.66,1.8,Chronos
692212,2026-09-04,2026-09-06,1.73,1.62,1.82,Chronos
692212,2026-09-04,2026-09-07,1.72,1.58,1.84,Chronos
692212,2026-09-04,2026-09-08,1.72,1.54,1.86,Chronos
692212,2026-09-04,2026-09-09,1.71,1.51,1.88,Chronos
692212,2026-09-04,2026-09-10,1.7,1.46,1.9,Chronos
692212,2026-09-04,2026-09-11,1.69,1.42,1.9,Chronos
692212,2026-09-04,2026-09-12,1.69,1.4,1.92,Chronos
692212,2026-09-04,2026-09-13,1.69,1.38,1.95,Chronos
692212,2026-09-04,2026-09-14,1.7,1.38,1.95,Chronos
692212,2026-09-04,2026-09-15,1.72,1.41,1.96,Chronos
692212,2026-09-04,2026-09-16,1.73,1.42,1.97,Chronos
692212,2026-09-04,2026-09-17,1.74,1.43,1.99,Chronos
692212,2026-09-04,2026-09-18,1.74,1.42,2.0,Chronos
692212,2026-09-04,2026-09-19,1.74,1.41,2.01,Chronos
692212,2026-09-04,2026-09-20,1.75,1.41,2.02,Chronos
692212,2026-09-04,2026-09-21,1.78,1.39,2.11,Chronos
692212,2026-09-04,2026-09-22,1.79,1.38,2.11,Chronos
692212,2026-09-04,2026-09-23,1.79,1.38,2.12,Chronos
692212,2026-09-04,2026-09-24,1.8,1.38,2.14,Chronos
692212,2026-09-04,2026-09-25,1.81,1.38,2.15,Chronos
692212,2026-09-04,2026-09-26,1.82,1.37,2.17,Chronos
692212,2026-09-04,2026-09-27,1.83,1.37,2.18,Chronos
692212,2026-09-04,2026-09-28,1.84,1.38,2.19,Chronos
692212,2026-09-04,2026-09-29,1.85,1.36,2.21,Chronos
692212,2026-09-04,2026-09-30,1.86,1.37,2.23,Chronos
692212,2026-09-04,2026-10-01,1.86,1.37,2.24,Chronos
692212,2026-09-04,2026-10-02,1.87,1.36,2.25,Chronos
692212,2026-09-04,2026-10-03,1.88,1.37,2.27,Chronos
692212,2026-09-04,2026-10-04,1.88,1.37,2.28,Chronos
692213,2026-09-04,2026-09-05,1.73,1.67,1.79,Chronos
692213,2026-09-04,2026-09-06,1.73,1.65,1.83,Chronos
692213,2026-09-04,2026-09-07,1.73,1.62,1.86,Chronos
692213,2026-09-04,2026-09-08,1.74,1.6,1.9,Chronos
692213,2026-09-04,2026-09-09,1.73,1.56,1.93,Chronos
692213,2026-09-04,2026-09-10,1.73,1.54,1.95,Chronos
692213,2026-09-04,2026-09-11,1.72,1.52,1.97,Chronos
692213,2026-09-04,2026-09-12,1.71,1.49,1.99,Chronos
692213,2026-09-04,2026-09-13,1.71,1.47,2.02,Chronos
692213,2026-09-04,2026-09-14,1.71,1.45,2.04,Chronos
692213,2026-09-04,2026-09-15,1.7,1.43,2.08,Chronos
692213,2026-09-04,2026-09-16,1.7,1.41,2.11,Chronos
692213,2026-09-04,2026-09-17,1.71,1.41,2.14,Chronos
692213,2026-09-04,2026-09-18,1.71,1.41,2.16,Chronos
692213,2026-09-04,2026-09-19,1.72,1.42,2.16,Chronos
692213,2026-09-04,2026-09-20,1.73,1.42,2.18,Chronos
692213,2026-09-04,2026-09-21,1.75,1.38,2.24,Chronos
692213,2026-09-04,2026-09-22,1.75,1.38,2.25,Chronos
692213,2026-09-04,2026-09-23,1.75,1.37,2.28,Chronos
692213,2026-09-04,2026-09-24,1.76,1.37,2.3,Chronos
692213,2026-09-04,2026-09-25,1.76,1.36,2.31,Chronos
692213,2026-09-04,2026-09-26,1.76,1.35,2.33,Chronos
692213,2026-09-04,2026-09-27,1.76,1.34,2.34,Chronos
692213,2026-09-04,2026-09-28,1.77,1.34,2.35,Chronos
692213,2026-09-04,2026-09-29,1.77,1.33,2.4,Chronos
692213,2026-09-04,2026-09-30,1.78,1.33,2.41,Chronos
692213,2026-09-04,2026-10-01,1.77,1.33,2.44,Chronos
692213,2026-09-04,2026-10-02,1.77,1.31,2.44,Chronos
692213,2026-09-04,2026-10-03,1.77,1.3,2.48,Chronos
692213,2026-09-04,2026-10-04,1.77,1.29,2.47,Chronos
692214,2026-09-04,2026-09-05,3.89,3.71,4.06,Chronos
692214,2026-09-04,2026-09-06,3.93,3.67,4.22,Chronos
692214,2026-09-04,2026-09-07,3.94,3.6,4.34,Chronos
692214,2026-09-04,2026-09-08,3.96,3.55,4.46,Chronos
692214,2026-09-04,2026-09-09,3.98,3.46,4.59,Chronos
692214,2026-09-04,2026-09-10,3.98,3.44,4.71,Chronos
692214,2026-09-04,2026-09-11,4.0,3.39,4.82,Chronos
692214,2026-09-04,2026-09-12,4.01,3.34,4.96,Chronos
692214,2026-09-04,2026-09-13,4.02,3.32,5.02,Chronos
692214,2026-09-04,2026-09-14,4.02,3.28,5.1,Chronos
692214,2026-09-04,2026-09-15,4.02,3.28,5.18,Chronos
692214,2026-09-04,2026-09-16,4.03,3.26,5.25,Chronos
692214,2026-09-04,2026-09-17,4.04,3.19,5.35,Chronos
692214,2026-09-04,2026-09-18,4.05,3.16,5.43,Chronos
692214,2026-09-04,2026-09-19,4.06,3.12,5.47,Chronos
692214,2026-09-04,2026-09-20,4.07,3.12,5.49,Chronos
692214,2026-09-04,2026-09-21,4.09,2.88,5.77,Chronos
692214,2026-09-04,2026-09-22,4.09,2.84,5.81,Chronos
692214,2026-09-04,2026-09-23,4.08,2.78,5.91,Chronos
692214,2026-09-04,2026-09-24,4.06,2.72,6.0,Chronos
692214,2026-09-04,2026-09-25,4.05,2.67,6.1,Chronos
692214,2026-09-04,2026-09-26,4.07,2.63,6.17,Chronos
692214,2026-09-04,2026-09-27,4.08,2.61,6.29,Chronos
692214,2026-09-04,2026-09-28,4.08,2.57,6.38,Chronos
692214,2026-09-04,2026-09-29,4.08,2.53,6.51,Chronos
692214,2026-09-04,2026-09-30,4.1,2.51,6.65,Chronos
692214,2026-09-04,2026-10-01,4.08,2.46,6.92,Chronos
692214,2026-09-04,2026-10-02,4.08,2.44,7.02,Chronos
692214,2026-09-04,2026-10-03,4.07,2.41,7.15,Chronos
692214,2026-09-04,2026-10-04,4.08,2.39,7.14,Chronos
692215,2026-09-04,2026-09-05,2.86,2.72,3.02,Chronos
692215,2026-09-04,2026-09-06,2.89,2.71,3.09,Chronos
692215,2026-09-04,2026-09-07,2.91,2.69,3.17,Chronos
692215,2026-09-04,2026-09-08,2.93,2.66,3.25,Chronos
692215,2026-09-04,2026-09-09,2.96,2.63,3.33,Chronos
692215,2026-09-04,2026-09-10,2.97,2.61,3.4,Chronos
692215,2026-09-04,2026-09-11,2.99,2.58,3.47,Chronos
692215,2026-09-04,2026-09-12,3.01,2.56,3.54,Chronos
692215,2026-09-04,2026-09-13,3.03,2.54,3.6,Chronos
692215,2026-09-04,2026-09-14,3.05,2.52,3.66,Chronos
692215,2026-09-04,2026-09-15,3.06,2.49,3.73,Chronos
692215,2026-09-04,2026-09-16,3.09,2.47,3.79,Chronos
692215,2026-09-04,2026-09-17,3.11,2.48,3.88,Chronos
692215,2026-09-04,2026-09-18,3.14,2.47,3.93,Chronos
692215,2026-09-04,2026-09-19,3.15,2.49,3.98,Chronos
692215,2026-09-04,2026-09-20,3.18,2.47,4.02,Chronos
692215,2026-09-04,2026-09-21,3.28,2.33,4.38,Chronos
692215,2026-09-04,2026-09-22,3.29,2.32,4.46,Chronos
692215,2026-09-04,2026-09-23,3.32,2.31,4.53,Chronos
692215,2026-09-04,2026-09-24,3.33,2.3,4.61,Chronos
692215,2026-09-04,2026-09-25,3.35,2.29,4.64,Chronos
692215,2026-09-04,2026-09-26,3.35,2.3,4.69,Chronos
692215,2026-09-04,2026-09-27,3.36,2.28,4.74,Chronos
692215,2026-09-04,2026-09-28,3.37,2.26,4.73,Chronos
692215,2026-09-04,2026-09-29,3.37,2.25,4.78,Chronos
692215,2026-09-04,2026-09-30,3.36,2.22,4.81,Chronos
692215,2026-09-04,2026-10-01,3.36,2.21,4.87,Chronos
692215,2026-09-04,2026-10-02,3.37,2.19,4.84,Chronos
692215,2026-09-04,2026-10-03,3.38,2.16,4.9,Chronos
692215,2026-09-04,2026-10-04,3.38,2.18,4.89,Chronos
692216,2026-09-04,2026-09-05,3.26,3.18,3.31,Chronos
692216,2026-09-04,2026-09-06,3.26,3.12,3.37,Chronos
692216,2026-09-04,2026-09-07,3.26,3.07,3.42,Chronos
692216,2026-09-04,2026-09-08,3.26,3.04,3.47,Chronos
692216,2026-09-04,2026-09-09,3.26,3.02,3.5,Chronos
692216,2026-09-04,2026-09-10,3.26,2.98,3.53,Chronos
692216,2026-09-04,2026-09-11,3.26,2.94,3.56,Chronos
692216,2026-09-04,2026-09-12,3.24,2.91,3.57,Chronos
692216,2026-09-04,2026-09-13,3.24,2.88,3.58,Chronos
692216,2026-09-04,2026-09-14,3.23,2.85,3.59,Chronos
692216,2026-09-04,2026-09-15,3.21,2.81,3.61,Chronos
692216,2026-09-04,2026-09-16,3.21,2.77,3.64,Chronos
692216,2026-09-04,2026-09-17,3.2,2.73,3.66,Chronos
692216,2026-09-04,2026-09-18,3.2,2.73,3.67,Chronos
692216,2026-09-04,2026-09-19,3.2,2.71,3.67,Chronos
692216,2026-09-04,2026-09-20,3.21,2.7,3.7,Chronos
692216,2026-09-04,2026-09-21,3.18,2.6,3.72,Chronos
692216,2026-09-04,2026-09-22,3.18,2.57,3.73,Chronos
692216,2026-09-04,2026-09-23,3.18,2.53,3.75,Chronos
692216,2026-09-04,2026-09-24,3.16,2.5,3.79,Chronos
692216,2026-09-04,2026-09-25,3.15,2.48,3.79,Chronos
692216,2026-09-04,2026-09-26,3.16,2.47,3.82,Chronos
692216,2026-09-04,2026-09-27,3.16,2.45,3.83,Chronos
692216,2026-09-04,2026-09-28,3.16,2.44,3.84,Chronos
692216,2026-09-04,2026-09-29,3.16,2.43,3.85,Chronos
692216,2026-09-04,2026-09-30,3.15,2.41,3.88,Chronos
692216,2026-09-04,2026-10-01,3.15,2.36,3.9,Chronos
692216,2026-09-04,2026-10-02,3.15,2.31,3.92,Chronos
692216,2026-09-04,2026-10-03,3.14,2.28,3.95,Chronos
692216,2026-09-04,2026-10-04,3.13,2.25,3.95,Chronos
692217,2026-09-04,2026-09-05,182.57,169.43,191.78,Chronos
692217,2026-09-04,2026-09-06,179.37,165.88,190.96,Chronos
692217,2026-09-04,2026-09-07,177.25,160.22,191.18,Chronos
692217,2026-09-04,2026-09-08,174.35,154.7,191.72,Chronos
692217,2026-09-04,2026-09-09,171.19,146.56,191.56,Chronos
692217,2026-09-04,2026-09-10,168.55,139.78,191.17,Chronos
692217,2026-09-04,2026-09-11,166.54,134.16,192.63,Chronos
692217,2026-09-04,2026-09-12,163.77,127.95,192.12,Chronos
692217,2026-09-04,2026-09-13,162.51,123.17,194.02,Chronos
692217,2026-09-04,2026-09-14,161.45,118.81,199.23,Chronos
692217,2026-09-04,2026-09-15,159.57,113.31,202.73,Chronos
692217,2026-09-04,2026-09-16,157.39,106.84,210.23,Chronos
692217,2026-09-04,2026-09-17,156.32,103.83,218.0,Chronos
692217,2026-09-04,2026-09-18,155.05,97.37,225.8,Chronos
692217,2026-09-04,2026-09-19,154.24,90.66,232.31,Chronos
692217,2026-09-04,2026-09-20,155.1,84.49,238.3,Chronos
692217,2026-09-04,2026-09-21,155.67,79.22,254.37,Chronos
692217,2026-09-04,2026-09-22,155.95,76.59,264.8,Chronos
692217,2026-09-04,2026-09-23,158.67,75.19,271.31,Chronos
692217,2026-09-04,2026-09-24,161.26,73.69,283.89,Chronos
692217,2026-09-04,2026-09-25,162.83,73.6,292.69,Chronos
692217,2026-09-04,2026-09-26,162.13,71.18,301.84,Chronos
692217,2026-09-04,2026-09-27,164.94,68.53,304.9,Chronos
692217,2026-09-04,2026-09-28,166.38,66.67,311.96,Chronos
692217,2026-09-04,2026-09-29,168.4,65.92,315.75,Chronos
692217,2026-09-04,2026-09-30,170.98,61.51,319.68,Chronos
692217,2026-09-04,2026-10-01,173.27,59.02,329.05,Chronos
692217,2026-09-04,2026-10-02,176.72,55.43,337.31,Chronos
692217,2026-09-04,2026-10-03,178.04,57.31,340.9,Chronos
692217,2026-09-04,2026-10-04,178.32,58.38,344.91,Chronos
692218,2026-09-04,2026-09-05,81.02,80.58,81.47,Chronos
692218,2026-09-04,2026-09-06,81.11,80.43,81.7,Chronos
692218,2026-09-04,2026-09-07,80.88,80.25,81.84,Chronos
692218,2026-09-04,2026-09-08,80.92,80.08,81.97,Chronos
692218,2026-09-04,2026-09-09,80.91,79.84,82.23,Chronos
692218,2026-09-04,2026-09-10,80.98,79.59,82.38,Chronos
692218,2026-09-04,2026-09-11,80.97,79.49,82.79,Chronos
692218,2026-09-04,2026-09-12,80.95,79.26,83.92,Chronos
692218,2026-09-04,2026-09-13,80.8,79.22,84.85,Chronos
692218,2026-09-04,2026-09-14,80.98,78.97,85.76,Chronos
692218,2026-09-04,2026-09-15,80.89,78.87,87.4,Chronos
692218,2026-09-04,2026-09-16,80.95,78.78,88.95,Chronos
692218,2026-09-04,2026-09-17,81.04,78.56,90.28,Chronos
692218,2026-09-04,2026-09-18,81.2,78.21,91.72,Chronos
692218,2026-09-04,2026-09-19,81.39,77.81,92.61,Chronos
692218,2026-09-04,2026-09-20,81.54,77.42,94.2,Chronos
692218,2026-09-04,2026-09-21,81.99,76.55,96.61,Chronos
692218,2026-09-04,2026-09-22,82.22,76.31,97.85,Chronos
692218,2026-09-04,2026-09-23,82.68,76.18,98.7,Chronos
692218,2026-09-04,2026-09-24,83.23,76.01,99.75,Chronos
692218,2026-09-04,2026-09-25,83.41,76.14,100.68,Chronos
692218,2026-09-04,2026-09-26,83.96,75.9,100.9,Chronos
692218,2026-09-04,2026-09-27,84.41,75.69,102.28,Chronos
692218,2026-09-04,2026-09-28,84.59,75.64,103.26,Chronos
692218,2026-09-04,2026-09-29,84.95,75.69,103.57,Chronos
692218,2026-09-04,2026-09-30,85.17,75.32,103.76,Chronos
692218,2026-09-04,2026-10-01,85.47,75.29,104.39,Chronos
692218,2026-09-04,2026-10-02,85.83,75.3,104.46,Chronos
692218,2026-09-04,2026-10-03,86.19,75.01,105.74,Chronos
692218,2026-09-04,2026-10-04,86.4,74.99,106.93,Chronos
692219,2026-09-04,2026-09-05,57.57,56.98,57.92,Chronos
692219,2026-09-04,2026-09-06,57.52,56.88,57.99,Chronos
692219,2026-09-04,2026-09-07,57.52,56.68,57.97,Chronos
692219,2026-09-04,2026-09-08,57.41,56.64,58.16,Chronos
692219,2026-09-04,2026-09-09,57.35,56.46,58.08,Chronos
692219,2026-09-04,2026-09-10,57.35,56.37,58.27,Chronos
692219,2026-09-04,2026-09-11,57.31,56.29,58.14,Chronos
692219,2026-09-04,2026-09-12,57.27,56.2,58.19,Chronos
692219,2026-09-04,2026-09-13,57.28,56.11,58.27,Chronos
692219,2026-09-04,2026-09-14,57.32,56.07,58.43,Chronos
692219,2026-09-04,2026-09-15,57.28,55.98,58.56,Chronos
692219,2026-09-04,2026-09-16,57.28,55.98,58.85,Chronos
692219,2026-09-04,2026-09-17,57.28,55.94,59.14,Chronos
692219,2026-09-04,2026-09-18,57.27,55.89,59.52,Chronos
692219,2026-09-04,2026-09-19,57.24,55.76,60.06,Chronos
692219,2026-09-04,2026-09-20,57.22,55.7,60.17,Chronos
692219,2026-09-04,2026-09-21,57.32,55.14,60.62,Chronos
692219,2026-09-04,2026-09-22,57.37,55.17,60.9,Chronos
692219,2026-09-04,2026-09-23,57.4,55.11,61.42,Chronos
692219,2026-09-04,2026-09-24,57.4,55.23,61.6,Chronos
692219,2026-09-04,2026-09-25,57.4,55.12,62.27,Chronos
692219,2026-09-04,2026-09-26,57.39,55.01,62.54,Chronos
692219,2026-09-04,2026-09-27,57.44,55.02,62.64,Chronos
692219,2026-09-04,2026-09-28,57.4,54.96,62.94,Chronos
692219,2026-09-04,2026-09-29,57.39,54.87,62.62,Chronos
692219,2026-09-04,2026-09-30,57.37,54.8,62.65,Chronos
692219,2026-09-04,2026-10-01,57.25,54.61,62.33,Chronos
692219,2026-09-04,2026-10-02,57.27,54.67,62.14,Chronos
692219,2026-09-04,2026-10-03,57.16,54.56,62.01,Chronos
692219,2026-09-04,2026-10-04,57.05,54.43,62.42,Chronos
692220,2026-09-04,2026-09-05,302.37,290.35,312.76,Chronos
692220,2026-09-04,2026-09-06,297.87,286.58,310.21,Chronos
692220,2026-09-04,2026-09-07,294.56,279.67,308.72,Chronos
692220,2026-09-04,2026-09-08,290.43,274.43,307.57,Chronos
692220,2026-09-04,2026-09-09,287.08,267.26,307.27,Chronos
692220,2026-09-04,2026-09-10,283.11,260.35,306.75,Chronos
692220,2026-09-04,2026-09-11,280.08,254.12,305.1,Chronos
692220,2026-09-04,2026-09-12,277.08,250.02,304.62,Chronos
692220,2026-09-04,2026-09-13,274.18,244.07,304.25,Chronos
692220,2026-09-04,2026-09-14,270.56,240.31,305.54,Chronos
692220,2026-09-04,2026-09-15,268.75,233.61,304.77,Chronos
692220,2026-09-04,2026-09-16,265.87,230.41,306.42,Chronos
692220,2026-09-04,2026-09-17,263.08,225.36,307.64,Chronos
692220,2026-09-04,2026-09-18,259.69,218.92,308.38,Chronos
692220,2026-09-04,2026-09-19,256.6,213.45,309.21,Chronos
692220,2026-09-04,2026-09-20,251.87,205.14,306.33,Chronos
692220,2026-09-04,2026-09-21,234.6,185.88,310.06,Chronos
692220,2026-09-04,2026-09-22,233.33,179.84,309.53,Chronos
692220,2026-09-04,2026-09-23,230.36,173.61,308.21,Chronos
692220,2026-09-04,2026-09-24,226.41,168.76,309.08,Chronos
692220,2026-09-04,2026-09-25,223.67,160.93,312.57,Chronos
692220,2026-09-04,2026-09-26,221.29,157.45,310.55,Chronos
692220,2026-09-04,2026-09-27,218.88,152.02,314.57,Chronos
692220,2026-09-04,2026-09-28,215.33,146.32,322.55,Chronos
692220,2026-09-04,2026-09-29,214.08,141.84,324.6,Chronos
692220,2026-09-04,2026-09-30,210.75,138.68,323.38,Chronos
692220,2026-09-04,2026-10-01,209.1,131.12,324.34,Chronos
692220,2026-09-04,2026-10-02,207.18,128.41,330.58,Chronos
692220,2026-09-04,2026-10-03,205.46,123.08,336.84,Chronos
692220,2026-09-04,2026-10-04,201.93,115.03,339.99,Chronos
692221,2026-09-04,2026-09-05,97.08,96.7,97.34,Chronos
692221,2026-09-04,2026-09-06,97.04,96.65,97.37,Chronos
692221,2026-09-04,2026-09-07,97.04,96.55,97.39,Chronos
692221,2026-09-04,2026-09-08,97.02,96.53,97.49,Chronos
692221,2026-09-04,2026-09-09,96.98,96.42,97.56,Chronos
692221,2026-09-04,2026-09-10,96.96,96.32,97.61,Chronos
692221,2026-09-04,2026-09-11,96.96,96.31,97.65,Chronos
692221,2026-09-04,2026-09-12,96.93,96.22,97.7,Chronos
692221,2026-09-04,2026-09-13,96.9,96.13,97.75,Chronos
692221,2026-09-04,2026-09-14,96.87,96.03,97.87,Chronos
692221,2026-09-04,2026-09-15,96.86,96.0,97.87,Chronos
692221,2026-09-04,2026-09-16,96.86,95.91,98.03,Chronos
692221,2026-09-04,2026-09-17,96.86,95.79,98.15,Chronos
692221,2026-09-04,2026-09-18,96.82,95.56,98.31,Chronos
692221,2026-09-04,2026-09-19,96.79,95.44,98.29,Chronos
692221,2026-09-04,2026-09-20,96.78,95.42,98.25,Chronos
692221,2026-09-04,2026-09-21,96.69,95.07,98.44,Chronos
692221,2026-09-04,2026-09-22,96.7,95.04,98.41,Chronos
692221,2026-09-04,2026-09-23,96.7,95.0,98.44,Chronos
692221,2026-09-04,2026-09-24,96.67,95.01,98.5,Chronos
692221,2026-09-04,2026-09-25,96.65,94.92,98.63,Chronos
692221,2026-09-04,2026-09-26,96.65,94.84,98.61,Chronos
692221,2026-09-04,2026-09-27,96.63,94.81,98.71,Chronos
692221,2026-09-04,2026-09-28,96.6,94.74,98.97,Chronos
692221,2026-09-04,2026-09-29,96.56,94.57,98.99,Chronos
692221,2026-09-04,2026-09-30,96.55,94.46,99.07,Chronos
692221,2026-09-04,2026-10-01,96.53,94.31,99.02,Chronos
692221,2026-09-04,2026-10-02,96.5,94.06,99.21,Chronos
692221,2026-09-04,2026-10-03,96.52,93.95,99.58,Chronos
692221,2026-09-04,2026-10-04,96.48,93.6,99.85,Chronos
692222,2026-09-04,2026-09-05,55.86,54.94,56.72,Chronos
692222,2026-09-04,2026-09-06,55.87,54.77,57.17,Chronos
692222,2026-09-04,2026-09-07,55.95,54.43,57.51,Chronos
692222,2026-09-04,2026-09-08,55.87,54.16,57.74,Chronos
692222,2026-09-04,2026-09-09,55.82,53.87,57.84,Chronos
692222,2026-09-04,2026-09-10,55.81,53.5,58.25,Chronos
692222,2026-09-04,2026-09-11,55.9,53.36,58.61,Chronos
692222,2026-09-04,2026-09-12,55.85,53.12,58.98,Chronos
692222,2026-09-04,2026-09-13,55.85,52.9,59.4,Chronos
692222,2026-09-04,2026-09-14,55.9,52.8,59.55,Chronos
692222,2026-09-04,2026-09-15,56.0,52.71,60.24,Chronos
692222,2026-09-04,2026-09-16,56.24,52.54,61.0,Chronos
692222,2026-09-04,2026-09-17,56.57,52.57,61.96,Chronos
692222,2026-09-04,2026-09-18,56.89,52.51,62.9,Chronos
692222,2026-09-04,2026-09-19,57.23,52.69,63.56,Chronos
692222,2026-09-04,2026-09-20,57.58,52.61,64.61,Chronos
692222,2026-09-04,2026-09-21,57.73,51.67,65.58,Chronos
692222,2026-09-04,2026-09-22,59.26,51.82,69.0,Chronos
692222,2026-09-04,2026-09-23,61.26,52.34,72.53,Chronos
692222,2026-09-04,2026-09-24,62.14,52.55,73.88,Chronos
692222,2026-09-04,2026-09-25,62.3,52.52,74.26,Chronos
692222,2026-09-04,2026-09-26,62.41,52.41,74.09,Chronos
692222,2026-09-04,2026-09-27,62.88,52.33,74.67,Chronos
692222,2026-09-04,2026-09-28,63.13,52.2,74.92,Chronos
692222,2026-09-04,2026-09-29,63.31,52.28,75.38,Chronos
692222,2026-09-04,2026-09-30,63.83,51.87,76.18,Chronos
692222,2026-09-04,2026-10-01,64.79,51.81,77.78,Chronos
692222,2026-09-04,2026-10-02,65.78,51.73,78.74,Chronos
692222,2026-09-04,2026-10-03,66.46,52.09,79.47,Chronos
692222,2026-09-04,2026-10-04,66.44,51.86,79.47,Chronos
692223,2026-09-04,2026-09-05,103.13,102.28,104.56,Chronos
692223,2026-09-04,2026-09-06,102.88,101.83,104.48,Chronos
692223,2026-09-04,2026-09-07,103.08,101.8,104.95,Chronos
692223,2026-09-04,2026-09-08,102.88,101.49,105.68,Chronos
692223,2026-09-04,2026-09-09,102.99,101.51,106.4,Chronos
692223,2026-09-04,2026-09-10,103.21,101.1,107.39,Chronos
692223,2026-09-04,2026-09-11,103.11,100.78,109.72,Chronos
692223,2026-09-04,2026-09-12,103.18,100.56,113.42,Chronos
692223,2026-09-04,2026-09-13,103.25,100.25,118.04,Chronos
692223,2026-09-04,2026-09-14,104.12,100.1,120.86,Chronos
692223,2026-09-04,2026-09-15,106.29,99.52,128.14,Chronos
692223,2026-09-04,2026-09-16,107.69,99.49,133.17,Chronos
692223,2026-09-04,2026-09-17,109.04,99.39,136.51,Chronos
692223,2026-09-04,2026-09-18,108.79,99.07,137.6,Chronos
692223,2026-09-04,2026-09-19,109.53,98.62,138.0,Chronos
692223,2026-09-04,2026-09-20,110.39,97.76,139.87,Chronos
692223,2026-09-04,2026-09-21,109.86,98.33,140.29,Chronos
692223,2026-09-04,2026-09-22,109.98,97.87,139.41,Chronos
692223,2026-09-04,2026-09-23,110.06,97.87,139.69,Chronos
692223,2026-09-04,2026-09-24,110.76,97.97,140.95,Chronos
692223,2026-09-04,2026-09-25,110.8,97.98,141.53,Chronos
692223,2026-09-04,2026-09-26,111.28,97.71,141.46,Chronos
692223,2026-09-04,2026-09-27,111.66,97.54,142.35,Chronos
692223,2026-09-04,2026-09-28,110.8,97.46,142.47,Chronos
692223,2026-09-04,2026-09-29,111.41,97.43,142.21,Chronos
692223,2026-09-04,2026-09-30,111.09,97.25,141.95,Chronos
692223,2026-09-04,2026-10-01,110.97,97.63,141.82,Chronos
692223,2026-09-04,2026-10-02,111.2,97.66,142.2,Chronos
692223,2026-09-04,2026-10-03,111.18,97.54,141.95,Chronos
692223,2026-09-04,2026-10-04,110.61,97.1,142.14,Chronos
692224,2026-09-04,2026-09-05,69.65,69.12,70.08,Chronos
692224,2026-09-04,2026-09-06,69.59,68.97,70.28,Chronos
692224,2026-09-04,2026-09-07,69.64,68.65,70.32,Chronos
692224,2026-09-04,2026-09-08,69.44,68.56,70.52,Chronos
692224,2026-09-04,2026-09-09,69.44,68.39,70.76,Chronos
692224,2026-09-04,2026-09-10,69.4,68.21,70.96,Chronos
692224,2026-09-04,2026-09-11,69.35,68.05,70.91,Chronos
692224,2026-09-04,2026-09-12,69.36,67.91,71.13,Chronos
692224,2026-09-04,2026-09-13,69.44,67.81,71.34,Chronos
692224,2026-09-04,2026-09-14,69.33,67.76,71.62,Chronos
692224,2026-09-04,2026-09-15,69.42,67.6,71.87,Chronos
692224,2026-09-04,2026-09-16,69.38,67.55,72.37,Chronos
692224,2026-09-04,2026-09-17,69.37,67.49,72.99,Chronos
692224,2026-09-04,2026-09-18,69.35,67.43,73.53,Chronos
692224,2026-09-04,2026-09-19,69.37,67.09,74.05,Chronos
692224,2026-09-04,2026-09-20,69.28,67.03,73.85,Chronos
692224,2026-09-04,2026-09-21,69.18,66.18,75.43,Chronos
692224,2026-09-04,2026-09-22,69.16,66.14,75.53,Chronos
692224,2026-09-04,2026-09-23,69.26,65.76,76.28,Chronos
692224,2026-09-04,2026-09-24,69.09,65.96,76.67,Chronos
692224,2026-09-04,2026-09-25,69.16,65.6,78.12,Chronos
692224,2026-09-04,2026-09-26,69.2,65.67,78.67,Chronos
692224,2026-09-04,2026-09-27,69.16,65.53,78.92,Chronos
692224,2026-09-04,2026-09-28,69.15,65.42,79.86,Chronos
692224,2026-09-04,2026-09-29,69.32,65.39,79.91,Chronos
692224,2026-09-04,2026-09-30,69.3,65.4,80.15,Chronos
692224,2026-09-04,2026-10-01,69.32,65.19,80.8,Chronos
692224,2026-09-04,2026-10-02,69.26,65.31,81.33,Chronos
692224,2026-09-04,2026-10-03,69.26,65.08,82.0,Chronos
692224,2026-09-04,2026-10-04,69.24,64.94,82.41,Chronos
692225,2026-09-04,2026-09-05,124.1,121.8,126.03,Chronos
692225,2026-09-04,2026-09-06,124.37,121.59,126.25,Chronos
692225,2026-09-04,2026-09-07,124.13,121.31,126.58,Chronos
692225,2026-09-04,2026-09-08,124.12,121.16,126.96,Chronos
692225,2026-09-04,2026-09-09,123.94,120.72,126.82,Chronos
692225,2026-09-04,2026-09-10,124.01,120.3,127.45,Chronos
692225,2026-09-04,2026-09-11,123.9,120.34,128.04,Chronos
692225,2026-09-04,2026-09-12,123.85,120.17,129.05,Chronos
692225,2026-09-04,2026-09-13,123.79,119.77,130.24,Chronos
692225,2026-09-04,2026-09-14,123.72,119.66,130.89,Chronos
692225,2026-09-04,2026-09-15,123.74,119.46,132.02,Chronos
692225,2026-09-04,2026-09-16,123.89,119.32,133.12,Chronos
692225,2026-09-04,2026-09-17,123.8,118.89,135.82,Chronos
692225,2026-09-04,2026-09-18,123.65,117.99,139.1,Chronos
692225,2026-09-04,2026-09-19,123.64,117.14,141.89,Chronos
692225,2026-09-04,2026-09-20,123.57,116.79,143.2,Chronos
692225,2026-09-04,2026-09-21,124.33,118.13,155.33,Chronos
692225,2026-09-04,2026-09-22,124.37,118.14,156.22,Chronos
692225,2026-09-04,2026-09-23,124.34,118.05,157.92,Chronos
692225,2026-09-04,2026-09-24,124.17,118.24,158.29,Chronos
692225,2026-09-04,2026-09-25,124.07,117.89,161.38,Chronos
692225,2026-09-04,2026-09-26,124.4,117.73,163.51,Chronos
692225,2026-09-04,2026-09-27,124.28,117.56,163.02,Chronos
692225,2026-09-04,2026-09-28,124.15,117.55,165.26,Chronos
692225,2026-09-04,2026-09-29,124.2,117.63,165.09,Chronos
692225,2026-09-04,2026-09-30,124.4,117.42,165.26,Chronos
692225,2026-09-04,2026-10-01,124.25,117.51,167.45,Chronos
692225,2026-09-04,2026-10-02,124.39,117.65,168.51,Chronos
692225,2026-09-04,2026-10-03,124.43,117.58,169.03,Chronos
692225,2026-09-04,2026-10-04,124.1,117.43,169.56,Chronos
692226,2026-09-04,2026-09-05,50.95,49.7,52.34,Chronos
692226,2026-09-04,2026-09-06,50.94,49.13,52.95,Chronos
692226,2026-09-04,2026-09-07,50.85,48.58,53.15,Chronos
692226,2026-09-04,2026-09-08,50.98,48.51,54.1,Chronos
692226,2026-09-04,2026-09-09,51.2,48.06,54.76,Chronos
692226,2026-09-04,2026-09-10,51.3,47.67,55.09,Chronos
692226,2026-09-04,2026-09-11,51.42,47.74,56.37,Chronos
692226,2026-09-04,2026-09-12,51.67,47.47,57.61,Chronos
692226,2026-09-04,2026-09-13,51.85,47.33,58.55,Chronos
692226,2026-09-04,2026-09-14,52.04,47.54,60.07,Chronos
692226,2026-09-04,2026-09-15,52.35,46.99,61.44,Chronos
692226,2026-09-04,2026-09-16,52.69,47.01,63.41,Chronos
692226,2026-09-04,2026-09-17,53.0,47.08,64.85,Chronos
692226,2026-09-04,2026-09-18,53.18,46.71,66.46,Chronos
692226,2026-09-04,2026-09-19,53.47,46.66,67.5,Chronos
692226,2026-09-04,2026-09-20,53.75,46.73,68.47,Chronos
692226,2026-09-04,2026-09-21,53.55,45.43,70.11,Chronos
692226,2026-09-04,2026-09-22,53.77,44.81,72.52,Chronos
692226,2026-09-04,2026-09-23,54.49,45.08,73.37,Chronos
692226,2026-09-04,2026-09-24,54.92,45.1,75.33,Chronos
692226,2026-09-04,2026-09-25,55.55,45.42,76.9,Chronos
692226,2026-09-04,2026-09-26,55.75,45.15,78.98,Chronos
692226,2026-09-04,2026-09-27,56.34,44.92,80.35,Chronos
692226,2026-09-04,2026-09-28,56.63,44.79,80.73,Chronos
692226,2026-09-04,2026-09-29,57.04,44.97,81.19,Chronos
692226,2026-09-04,2026-09-30,57.6,45.04,82.9,Chronos
692226,2026-09-04,2026-10-01,58.23,44.96,83.09,Chronos
692226,2026-09-04,2026-10-02,58.81,45.06,83.73,Chronos
692226,2026-09-04,2026-10-03,59.25,44.84,84.11,Chronos
692226,2026-09-04,2026-10-04,59.66,44.94,84.32,Chronos
692227,2026-09-04,2026-09-05,60.9,59.83,62.05,Chronos
692227,2026-09-04,2026-09-06,60.7,59.48,61.97,Chronos
692227,2026-09-04,2026-09-07,60.64,58.93,61.87,Chronos
692227,2026-09-04,2026-09-08,60.31,58.72,61.97,Chronos
692227,2026-09-04,2026-09-09,60.17,58.3,62.05,Chronos
692227,2026-09-04,2026-09-10,59.95,57.89,62.14,Chronos
692227,2026-09-04,2026-09-11,59.77,57.5,61.95,Chronos
692227,2026-09-04,2026-09-12,59.74,57.27,62.24,Chronos
692227,2026-09-04,2026-09-13,59.76,57.03,62.3,Chronos
692227,2026-09-04,2026-09-14,59.56,56.79,62.32,Chronos
692227,2026-09-04,2026-09-15,59.54,56.52,62.3,Chronos
692227,2026-09-04,2026-09-16,59.44,56.29,62.5,Chronos
692227,2026-09-04,2026-09-17,59.3,56.04,62.75,Chronos
692227,2026-09-04,2026-09-18,59.29,55.94,62.63,Chronos
692227,2026-09-04,2026-09-19,59.31,55.68,63.11,Chronos
692227,2026-09-04,2026-09-20,59.3,55.63,62.95,Chronos
692227,2026-09-04,2026-09-21,59.01,54.15,63.99,Chronos
692227,2026-09-04,2026-09-22,58.83,53.94,63.61,Chronos
692227,2026-09-04,2026-09-23,59.01,53.63,63.84,Chronos
692227,2026-09-04,2026-09-24,58.82,53.74,64.07,Chronos
692227,2026-09-04,2026-09-25,58.78,53.23,64.19,Chronos
692227,2026-09-04,2026-09-26,58.78,53.12,64.52,Chronos
692227,2026-09-04,2026-09-27,58.68,52.82,64.43,Chronos
692227,2026-09-04,2026-09-28,58.76,52.7,64.64,Chronos
692227,2026-09-04,2026-09-29,58.77,52.4,64.8,Chronos
692227,2026-09-04,2026-09-30,58.6,52.26,65.11,Chronos
692227,2026-09-04,2026-10-01,58.7,52.07,65.24,Chronos
692227,2026-09-04,2026-10-02,58.61,51.98,65.66,Chronos
692227,2026-09-04,2026-10-03,58.54,51.79,66.08,Chronos
692227,2026-09-04,2026-10-04,58.52,51.42,66.15,Chronos
692228,2026-09-04,2026-09-05,112.5,111.7,112.96,Chronos
692228,2026-09-04,2026-09-06,112.48,111.51,113.34,Chronos
692228,2026-09-04,2026-09-07,112.6,111.35,113.65,Chronos
692228,2026-09-04,2026-09-08,112.63,111.35,114.02,Chronos
692228,2026-09-04,2026-09-09,112.71,111.24,114.33,Chronos
692228,2026-09-04,2026-09-10,112.79,111.09,114.8,Chronos
692228,2026-09-04,2026-09-11,112.93,110.97,115.42,Chronos
692228,2026-09-04,2026-09-12,113.07,110.85,116.33,Chronos
692228,2026-09-04,2026-09-13,113.32,110.68,117.5,Chronos
692228,2026-09-04,2026-09-14,113.49,110.42,118.24,Chronos
692228,2026-09-04,2026-09-15,113.71,110.31,119.68,Chronos
692228,2026-09-04,2026-09-16,113.84,110.08,120.42,Chronos
692228,2026-09-04,2026-09-17,113.99,110.01,120.86,Chronos
692228,2026-09-04,2026-09-18,113.93,109.43,120.82,Chronos
692228,2026-09-04,2026-09-19,114.02,109.13,120.93,Chronos
692228,2026-09-04,2026-09-20,114.12,108.97,121.02,Chronos
692228,2026-09-04,2026-09-21,114.82,107.94,125.12,Chronos
692228,2026-09-04,2026-09-22,114.79,107.67,125.35,Chronos
692228,2026-09-04,2026-09-23,114.97,107.57,125.82,Chronos
692228,2026-09-04,2026-09-24,114.93,107.64,126.22,Chronos
692228,2026-09-04,2026-09-25,115.02,107.38,126.76,Chronos
692228,2026-09-04,2026-09-26,115.05,107.4,126.81,Chronos
692228,2026-09-04,2026-09-27,115.15,107.26,127.15,Chronos
692228,2026-09-04,2026-09-28,115.16,107.31,127.26,Chronos
692228,2026-09-04,2026-09-29,115.17,107.13,127.74,Chronos
692228,2026-09-04,2026-09-30,115.16,107.02,127.74,Chronos
692228,2026-09-04,2026-10-01,115.2,106.79,128.35,Chronos
692228,2026-09-04,2026-10-02,115.12,106.83,128.5,Chronos
692228,2026-09-04,2026-10-03,115.16,106.9,128.42,Chronos
692228,2026-09-04,2026-10-04,115.01,106.88,128.19,Chronos
692229,2026-09-04,2026-09-05,116.56,112.01,121.17,Chronos
692229,2026-09-04,2026-09-06,116.03,111.0,122.41,Chronos
692229,2026-09-04,2026-09-07,116.26,109.02,123.79,Chronos
692229,2026-09-04,2026-09-08,115.49,107.25,124.89,Chronos
692229,2026-09-04,2026-09-09,115.1,105.39,126.1,Chronos
692229,2026-09-04,2026-09-10,114.99,103.74,127.81,Chronos
692229,2026-09-04,2026-09-11,114.81,102.42,128.72,Chronos
692229,2026-09-04,2026-09-12,114.42,101.04,130.99,Chronos
692229,2026-09-04,2026-09-13,114.34,99.62,132.91,Chronos
692229,2026-09-04,2026-09-14,114.68,98.99,135.99,Chronos
692229,2026-09-04,2026-09-15,114.75,97.62,140.25,Chronos
692229,2026-09-04,2026-09-16,115.32,96.7,144.03,Chronos
692229,2026-09-04,2026-09-17,115.78,96.23,147.68,Chronos
692229,2026-09-04,2026-09-18,115.98,94.56,152.26,Chronos
692229,2026-09-04,2026-09-19,116.11,93.62,154.12,Chronos
692229,2026-09-04,2026-09-20,116.75,92.78,156.82,Chronos
692229,2026-09-04,2026-09-21,116.54,87.4,167.43,Chronos
692229,2026-09-04,2026-09-22,116.76,87.54,171.67,Chronos
692229,2026-09-04,2026-09-23,117.5,86.86,175.45,Chronos
692229,2026-09-04,2026-09-24,117.31,86.23,179.77,Chronos
692229,2026-09-04,2026-09-25,118.37,85.89,182.67,Chronos
692229,2026-09-04,2026-09-26,118.89,85.5,184.77,Chronos
692229,2026-09-04,2026-09-27,118.51,85.14,184.87,Chronos
692229,2026-09-04,2026-09-28,119.1,83.55,186.38,Chronos
692229,2026-09-04,2026-09-29,119.23,82.73,187.47,Chronos
692229,2026-09-04,2026-09-30,119.88,83.58,188.97,Chronos
692229,2026-09-04,2026-10-01,120.53,82.49,191.82,Chronos
692229,2026-09-04,2026-10-02,121.12,81.9,193.3,Chronos
692229,2026-09-04,2026-10-03,121.92,81.26,194.19,Chronos
692229,2026-09-04,2026-10-04,121.42,80.97,195.81,Chronos
692235,2026-09-04,2026-09-05,3.82,3.67,4.03,Chronos
692235,2026-09-04,2026-09-06,3.89,3.67,4.2,Chronos
692235,2026-09-04,2026-09-07,3.93,3.63,4.41,Chronos
692235,2026-09-04,2026-09-08,4.02,3.58,4.66,Chronos
692235,2026-09-04,2026-09-09,4.07,3.56,4.86,Chronos
692235,2026-09-04,2026-09-10,4.13,3.55,5.05,Chronos
692235,2026-09-04,2026-09-11,4.17,3.51,5.25,Chronos
692235,2026-09-04,2026-09-12,4.21,3.47,5.39,Chronos
692235,2026-09-04,2026-09-13,4.23,3.45,5.54,Chronos
692235,2026-09-04,2026-09-14,4.25,3.41,5.7,Chronos
692235,2026-09-04,2026-09-15,4.28,3.42,5.85,Chronos
692235,2026-09-04,2026-09-16,4.29,3.42,5.97,Chronos
692235,2026-09-04,2026-09-17,4.32,3.38,6.07,Chronos
692235,2026-09-04,2026-09-18,4.31,3.36,6.12,Chronos
692235,2026-09-04,2026-09-19,4.32,3.35,6.27,Chronos
692235,2026-09-04,2026-09-20,4.31,3.34,6.2,Chronos
692235,2026-09-04,2026-09-21,4.27,3.15,7.37,Chronos
692235,2026-09-04,2026-09-22,4.25,3.11,7.36,Chronos
692235,2026-09-04,2026-09-23,4.26,3.05,7.45,Chronos
692235,2026-09-04,2026-09-24,4.24,3.03,7.61,Chronos
692235,2026-09-04,2026-09-25,4.24,2.98,7.82,Chronos
692235,2026-09-04,2026-09-26,4.24,2.95,7.86,Chronos
692235,2026-09-04,2026-09-27,4.27,2.88,7.81,Chronos
692235,2026-09-04,2026-09-28,4.28,2.89,7.99,Chronos
692235,2026-09-04,2026-09-29,4.26,2.87,8.0,Chronos
692235,2026-09-04,2026-09-30,4.25,2.83,7.86,Chronos
692235,2026-09-04,2026-10-01,4.23,2.83,7.96,Chronos
692235,2026-09-04,2026-10-02,4.24,2.84,7.73,Chronos
692235,2026-09-04,2026-10-03,4.25,2.86,7.89,Chronos
692235,2026-09-04,2026-10-04,4.23,2.83,7.92,Chronos
