card_id,target_date,pred_price,conf_low,conf_high,run_date,model
510148,2026-10-10,122.86,121.96,123.64,2026-10-09,Chronos
510148,2026-10-11,122.84,121.32,123.76,2026-10-09,Chronos
510148,2026-10-12,122.69,120.93,123.78,2026-10-09,Chronos
510148,2026-10-13,122.3,120.73,123.87,2026-10-09,Chronos
510148,2026-10-14,122.31,120.04,124.12,2026-10-09,Chronos
510148,2026-10-15,122.13,119.61,124.33,2026-10-09,Chronos
510148,2026-10-16,122.15,119.43,124.53,2026-10-09,Chronos
510148,2026-10-17,122.07,118.87,124.74,2026-10-09,Chronos
510148,2026-10-18,122.18,118.55,124.9,2026-10-09,Chronos
510148,2026-10-19,121.98,118.28,125.34,2026-10-09,Chronos
510148,2026-10-20,121.79,117.65,125.12,2026-10-09,Chronos
510148,2026-10-21,121.55,117.19,125.05,2026-10-09,Chronos
510148,2026-10-22,121.16,116.6,125.23,2026-10-09,Chronos
510148,2026-10-23,121.11,115.87,124.81,2026-10-09,Chronos
510148,2026-10-24,121.07,115.45,125.28,2026-10-09,Chronos
510148,2026-10-25,120.63,114.97,125.5,2026-10-09,Chronos
510148,2026-10-26,120.68,114.77,124.96,2026-10-09,Chronos
510148,2026-10-27,120.57,114.49,124.82,2026-10-09,Chronos
510148,2026-10-28,120.34,113.43,124.94,2026-10-09,Chronos
510148,2026-10-29,120.02,112.81,125.12,2026-10-09,Chronos
510148,2026-10-30,119.95,112.59,125.23,2026-10-09,Chronos
510148,2026-10-31,119.77,112.11,125.3,2026-10-09,Chronos
510148,2026-11-01,119.75,111.49,125.66,2026-10-09,Chronos
510148,2026-11-02,119.76,110.98,125.89,2026-10-09,Chronos
510148,2026-11-03,119.81,110.3,126.21,2026-10-09,Chronos
510148,2026-11-04,119.56,110.32,126.34,2026-10-09,Chronos
510148,2026-11-05,119.43,108.62,126.57,2026-10-09,Chronos
510148,2026-11-06,119.22,107.86,126.4,2026-10-09,Chronos
510148,2026-11-07,118.92,106.99,126.51,2026-10-09,Chronos
510148,2026-11-08,118.84,105.84,125.82,2026-10-09,Chronos
510152,2026-10-10,259.17,257.79,260.3,2026-10-09,Chronos
510152,2026-10-11,259.11,257.21,260.82,2026-10-09,Chronos
510152,2026-10-12,259.0,256.58,261.29,2026-10-09,Chronos
510152,2026-10-13,258.88,256.38,261.77,2026-10-09,Chronos
510152,2026-10-14,258.83,255.62,262.41,2026-10-09,Chronos
510152,2026-10-15,258.87,255.3,262.88,2026-10-09,Chronos
510152,2026-10-16,259.05,255.24,263.45,2026-10-09,Chronos
510152,2026-10-17,258.95,254.62,263.7,2026-10-09,Chronos
510152,2026-10-18,259.06,254.28,264.2,2026-10-09,Chronos
510152,2026-10-19,258.99,253.93,264.65,2026-10-09,Chronos
510152,2026-10-20,259.01,253.64,265.18,2026-10-09,Chronos
510152,2026-10-21,258.9,253.28,265.85,2026-10-09,Chronos
510152,2026-10-22,258.66,252.82,266.32,2026-10-09,Chronos
510152,2026-10-23,258.74,252.18,266.37,2026-10-09,Chronos
510152,2026-10-24,258.93,252.14,266.8,2026-10-09,Chronos
510152,2026-10-25,258.67,252.01,267.07,2026-10-09,Chronos
510152,2026-10-26,259.61,253.0,268.48,2026-10-09,Chronos
510152,2026-10-27,259.32,251.87,268.75,2026-10-09,Chronos
510152,2026-10-28,259.2,251.27,269.0,2026-10-09,Chronos
510152,2026-10-29,259.11,251.28,270.06,2026-10-09,Chronos
510152,2026-10-30,259.12,250.73,270.03,2026-10-09,Chronos
510152,2026-10-31,258.92,250.5,270.57,2026-10-09,Chronos
510152,2026-11-01,259.21,250.5,271.17,2026-10-09,Chronos
510152,2026-11-02,259.22,250.08,271.26,2026-10-09,Chronos
510152,2026-11-03,259.36,249.37,271.87,2026-10-09,Chronos
510152,2026-11-04,259.34,249.12,272.28,2026-10-09,Chronos
510152,2026-11-05,259.43,248.17,272.96,2026-10-09,Chronos
510152,2026-11-06,259.18,248.35,274.3,2026-10-09,Chronos
510152,2026-11-07,258.98,247.44,275.0,2026-10-09,Chronos
510152,2026-11-08,258.94,246.3,274.54,2026-10-09,Chronos
510153,2026-10-10,950.77,947.55,953.32,2026-10-09,Chronos
510153,2026-10-11,950.8,946.24,953.76,2026-10-09,Chronos
510153,2026-10-12,950.8,946.21,953.96,2026-10-09,Chronos
510153,2026-10-13,950.14,946.07,954.32,2026-10-09,Chronos
510153,2026-10-14,950.42,944.95,955.25,2026-10-09,Chronos
510153,2026-10-15,950.39,944.44,956.0,2026-10-09,Chronos
510153,2026-10-16,950.88,944.6,956.8,2026-10-09,Chronos
510153,2026-10-17,951.23,943.87,957.61,2026-10-09,Chronos
510153,2026-10-18,951.93,943.63,958.46,2026-10-09,Chronos
510153,2026-10-19,951.91,943.6,960.23,2026-10-09,Chronos
510153,2026-10-20,951.95,942.74,960.49,2026-10-09,Chronos
510153,2026-10-21,951.62,941.88,960.76,2026-10-09,Chronos
510153,2026-10-22,950.54,940.59,961.76,2026-10-09,Chronos
510153,2026-10-23,950.79,939.85,960.26,2026-10-09,Chronos
510153,2026-10-24,951.34,939.63,961.59,2026-10-09,Chronos
510153,2026-10-25,950.21,939.47,962.44,2026-10-09,Chronos
510153,2026-10-26,952.34,936.63,965.94,2026-10-09,Chronos
510153,2026-10-27,952.33,935.96,965.72,2026-10-09,Chronos
510153,2026-10-28,952.32,935.06,965.85,2026-10-09,Chronos
510153,2026-10-29,951.76,935.14,966.7,2026-10-09,Chronos
510153,2026-10-30,951.57,933.84,967.53,2026-10-09,Chronos
510153,2026-10-31,951.44,932.64,967.22,2026-10-09,Chronos
510153,2026-11-01,951.91,933.2,968.53,2026-10-09,Chronos
510153,2026-11-02,952.25,932.33,969.72,2026-10-09,Chronos
510153,2026-11-03,952.91,930.54,971.05,2026-10-09,Chronos
510153,2026-11-04,952.48,930.37,970.79,2026-10-09,Chronos
510153,2026-11-05,952.56,927.6,971.17,2026-10-09,Chronos
510153,2026-11-06,952.03,927.69,971.77,2026-10-09,Chronos
510153,2026-11-07,950.74,925.04,972.62,2026-10-09,Chronos
510153,2026-11-08,951.03,921.24,971.44,2026-10-09,Chronos
510154,2026-10-10,344.69,339.18,349.18,2026-10-09,Chronos
510154,2026-10-11,345.48,338.83,351.12,2026-10-09,Chronos
510154,2026-10-12,345.9,337.66,352.44,2026-10-09,Chronos
510154,2026-10-13,345.78,337.87,353.71,2026-10-09,Chronos
510154,2026-10-14,347.0,337.01,356.51,2026-10-09,Chronos
510154,2026-10-15,348.05,336.46,359.29,2026-10-09,Chronos
510154,2026-10-16,348.66,336.81,360.52,2026-10-09,Chronos
510154,2026-10-17,349.71,335.65,363.06,2026-10-09,Chronos
510154,2026-10-18,351.23,336.34,365.14,2026-10-09,Chronos
510154,2026-10-19,351.72,336.05,368.04,2026-10-09,Chronos
510154,2026-10-20,352.67,335.76,368.66,2026-10-09,Chronos
510154,2026-10-21,352.89,335.12,370.02,2026-10-09,Chronos
510154,2026-10-22,352.68,334.12,372.57,2026-10-09,Chronos
510154,2026-10-23,354.52,333.55,372.68,2026-10-09,Chronos
510154,2026-10-24,355.48,333.43,375.17,2026-10-09,Chronos
510154,2026-10-25,355.13,334.47,377.91,2026-10-09,Chronos
510154,2026-10-26,357.94,333.66,380.67,2026-10-09,Chronos
510154,2026-10-27,358.16,331.96,381.43,2026-10-09,Chronos
510154,2026-10-28,358.3,329.81,382.54,2026-10-09,Chronos
510154,2026-10-29,358.08,329.26,384.94,2026-10-09,Chronos
510154,2026-10-30,358.94,329.22,386.02,2026-10-09,Chronos
510154,2026-10-31,358.84,327.9,387.65,2026-10-09,Chronos
510154,2026-11-01,359.98,328.88,389.67,2026-10-09,Chronos
510154,2026-11-02,361.2,328.0,392.37,2026-10-09,Chronos
510154,2026-11-03,362.77,326.85,394.35,2026-10-09,Chronos
510154,2026-11-04,362.91,326.53,395.42,2026-10-09,Chronos
510154,2026-11-05,363.87,324.44,398.52,2026-10-09,Chronos
510154,2026-11-06,363.6,325.14,399.64,2026-10-09,Chronos
510154,2026-11-07,362.94,324.09,401.62,2026-10-09,Chronos
510154,2026-11-08,364.45,320.98,401.46,2026-10-09,Chronos
510155,2026-10-10,151.19,149.73,152.25,2026-10-09,Chronos
510155,2026-10-11,151.28,149.14,152.91,2026-10-09,Chronos
510155,2026-10-12,151.18,148.48,153.22,2026-10-09,Chronos
510155,2026-10-13,150.99,148.33,153.77,2026-10-09,Chronos
510155,2026-10-14,151.18,147.63,154.55,2026-10-09,Chronos
510155,2026-10-15,151.27,147.21,155.2,2026-10-09,Chronos
510155,2026-10-16,151.35,147.14,155.68,2026-10-09,Chronos
510155,2026-10-17,151.36,146.47,156.09,2026-10-09,Chronos
510155,2026-10-18,151.69,146.23,156.71,2026-10-09,Chronos
510155,2026-10-19,151.62,145.96,157.37,2026-10-09,Chronos
510155,2026-10-20,151.55,145.44,157.61,2026-10-09,Chronos
510155,2026-10-21,151.32,144.82,157.91,2026-10-09,Chronos
510155,2026-10-22,150.99,144.24,158.6,2026-10-09,Chronos
510155,2026-10-23,151.1,143.29,158.42,2026-10-09,Chronos
510155,2026-10-24,151.23,142.82,159.11,2026-10-09,Chronos
510155,2026-10-25,150.81,142.33,159.71,2026-10-09,Chronos
510155,2026-10-26,151.65,143.52,158.99,2026-10-09,Chronos
510155,2026-10-27,151.56,142.65,159.47,2026-10-09,Chronos
510155,2026-10-28,151.21,141.24,159.85,2026-10-09,Chronos
510155,2026-10-29,150.94,140.65,160.66,2026-10-09,Chronos
510155,2026-10-30,151.13,140.47,161.19,2026-10-09,Chronos
510155,2026-10-31,150.86,139.53,161.7,2026-10-09,Chronos
510155,2026-11-01,151.01,139.29,162.39,2026-10-09,Chronos
510155,2026-11-02,151.07,138.56,162.78,2026-10-09,Chronos
510155,2026-11-03,151.37,137.82,163.74,2026-10-09,Chronos
510155,2026-11-04,151.32,137.74,164.28,2026-10-09,Chronos
510155,2026-11-05,151.34,135.92,165.25,2026-10-09,Chronos
510155,2026-11-06,151.07,135.27,166.0,2026-10-09,Chronos
510155,2026-11-07,150.93,134.03,167.1,2026-10-09,Chronos
510155,2026-11-08,150.92,132.38,166.95,2026-10-09,Chronos
510156,2026-10-10,204.4,200.52,208.31,2026-10-09,Chronos
510156,2026-10-11,204.76,200.35,209.08,2026-10-09,Chronos
510156,2026-10-12,205.17,199.9,209.9,2026-10-09,Chronos
510156,2026-10-13,205.39,199.85,210.98,2026-10-09,Chronos
510156,2026-10-14,206.06,199.41,212.38,2026-10-09,Chronos
510156,2026-10-15,206.11,198.88,213.28,2026-10-09,Chronos
510156,2026-10-16,207.06,199.71,214.46,2026-10-09,Chronos
510156,2026-10-17,207.73,199.3,216.1,2026-10-09,Chronos
510156,2026-10-18,208.35,199.63,217.09,2026-10-09,Chronos
510156,2026-10-19,208.84,199.74,218.49,2026-10-09,Chronos
510156,2026-10-20,209.24,199.9,218.82,2026-10-09,Chronos
510156,2026-10-21,209.51,199.08,219.55,2026-10-09,Chronos
510156,2026-10-22,209.08,198.28,220.61,2026-10-09,Chronos
510156,2026-10-23,210.25,198.33,220.85,2026-10-09,Chronos
510156,2026-10-24,210.95,198.39,222.76,2026-10-09,Chronos
510156,2026-10-25,211.09,199.27,224.11,2026-10-09,Chronos
510156,2026-10-26,212.93,199.91,226.7,2026-10-09,Chronos
510156,2026-10-27,213.33,199.88,227.19,2026-10-09,Chronos
510156,2026-10-28,213.51,198.23,228.01,2026-10-09,Chronos
510156,2026-10-29,213.87,199.19,229.83,2026-10-09,Chronos
510156,2026-10-30,214.33,197.96,230.69,2026-10-09,Chronos
510156,2026-10-31,213.9,197.15,231.18,2026-10-09,Chronos
510156,2026-11-01,214.53,197.33,232.24,2026-10-09,Chronos
510156,2026-11-02,215.2,197.15,234.03,2026-10-09,Chronos
510156,2026-11-03,216.08,196.91,235.42,2026-10-09,Chronos
510156,2026-11-04,216.05,196.37,235.37,2026-10-09,Chronos
510156,2026-11-05,216.3,195.82,236.73,2026-10-09,Chronos
510156,2026-11-06,216.19,195.38,237.08,2026-10-09,Chronos
510156,2026-11-07,215.28,194.52,237.45,2026-10-09,Chronos
510156,2026-11-08,216.36,193.87,236.9,2026-10-09,Chronos
510157,2026-10-10,130.38,129.98,131.01,2026-10-09,Chronos
510157,2026-10-11,130.17,129.21,131.02,2026-10-09,Chronos
510157,2026-10-12,129.96,128.88,130.92,2026-10-09,Chronos
510157,2026-10-13,129.53,128.5,130.83,2026-10-09,Chronos
510157,2026-10-14,129.37,127.94,130.9,2026-10-09,Chronos
510157,2026-10-15,129.16,127.46,130.99,2026-10-09,Chronos
510157,2026-10-16,129.02,127.23,130.96,2026-10-09,Chronos
510157,2026-10-17,128.86,126.66,131.05,2026-10-09,Chronos
510157,2026-10-18,128.83,126.45,131.07,2026-10-09,Chronos
510157,2026-10-19,128.52,126.06,131.25,2026-10-09,Chronos
510157,2026-10-20,128.24,125.56,130.95,2026-10-09,Chronos
510157,2026-10-21,127.94,125.06,130.78,2026-10-09,Chronos
510157,2026-10-22,127.49,124.51,130.77,2026-10-09,Chronos
510157,2026-10-23,127.32,124.02,130.3,2026-10-09,Chronos
510157,2026-10-24,127.11,123.47,130.71,2026-10-09,Chronos
510157,2026-10-25,126.7,122.94,130.78,2026-10-09,Chronos
510157,2026-10-26,126.71,123.23,129.64,2026-10-09,Chronos
510157,2026-10-27,126.52,122.88,129.57,2026-10-09,Chronos
510157,2026-10-28,126.16,121.98,129.45,2026-10-09,Chronos
510157,2026-10-29,125.85,121.86,129.48,2026-10-09,Chronos
510157,2026-10-30,125.69,121.23,129.65,2026-10-09,Chronos
510157,2026-10-31,125.47,120.64,129.51,2026-10-09,Chronos
510157,2026-11-01,125.3,120.4,129.59,2026-10-09,Chronos
510157,2026-11-02,125.2,119.93,129.65,2026-10-09,Chronos
510157,2026-11-03,125.08,119.32,129.7,2026-10-09,Chronos
510157,2026-11-04,124.8,118.98,130.05,2026-10-09,Chronos
510157,2026-11-05,124.6,117.93,129.87,2026-10-09,Chronos
510157,2026-11-06,124.28,117.83,129.74,2026-10-09,Chronos
510157,2026-11-07,123.95,117.15,129.84,2026-10-09,Chronos
510157,2026-11-08,123.76,116.07,129.53,2026-10-09,Chronos
510158,2026-10-10,139.08,138.08,139.65,2026-10-09,Chronos
510158,2026-10-11,138.92,137.24,140.02,2026-10-09,Chronos
510158,2026-10-12,138.59,136.64,140.35,2026-10-09,Chronos
510158,2026-10-13,138.46,136.24,140.65,2026-10-09,Chronos
510158,2026-10-14,138.44,135.66,140.96,2026-10-09,Chronos
510158,2026-10-15,138.35,135.28,141.12,2026-10-09,Chronos
510158,2026-10-16,138.26,134.86,141.38,2026-10-09,Chronos
510158,2026-10-17,138.19,134.42,141.68,2026-10-09,Chronos
510158,2026-10-18,138.08,133.76,141.91,2026-10-09,Chronos
510158,2026-10-19,137.95,133.45,142.49,2026-10-09,Chronos
510158,2026-10-20,137.74,132.62,142.65,2026-10-09,Chronos
510158,2026-10-21,137.76,132.31,142.64,2026-10-09,Chronos
510158,2026-10-22,137.82,131.53,142.82,2026-10-09,Chronos
510158,2026-10-23,137.54,131.26,143.12,2026-10-09,Chronos
510158,2026-10-24,137.38,130.41,143.33,2026-10-09,Chronos
510158,2026-10-25,137.1,129.76,142.99,2026-10-09,Chronos
510158,2026-10-26,136.7,130.56,142.8,2026-10-09,Chronos
510158,2026-10-27,136.68,129.89,143.34,2026-10-09,Chronos
510158,2026-10-28,136.41,129.35,143.61,2026-10-09,Chronos
510158,2026-10-29,136.48,128.77,143.82,2026-10-09,Chronos
510158,2026-10-30,136.34,128.07,144.67,2026-10-09,Chronos
510158,2026-10-31,136.27,127.54,144.52,2026-10-09,Chronos
510158,2026-11-01,136.21,126.94,144.68,2026-10-09,Chronos
510158,2026-11-02,136.14,126.45,145.09,2026-10-09,Chronos
510158,2026-11-03,136.17,126.06,145.46,2026-10-09,Chronos
510158,2026-11-04,135.96,125.34,145.99,2026-10-09,Chronos
510158,2026-11-05,135.96,124.7,146.62,2026-10-09,Chronos
510158,2026-11-06,135.88,124.2,147.07,2026-10-09,Chronos
510158,2026-11-07,135.68,123.68,147.34,2026-10-09,Chronos
510158,2026-11-08,135.52,123.34,147.99,2026-10-09,Chronos
510159,2026-10-10,188.95,186.94,190.73,2026-10-09,Chronos
510159,2026-10-11,188.42,185.04,190.85,2026-10-09,Chronos
510159,2026-10-12,188.0,183.52,191.09,2026-10-09,Chronos
510159,2026-10-13,187.29,182.14,191.38,2026-10-09,Chronos
510159,2026-10-14,186.74,181.03,191.44,2026-10-09,Chronos
510159,2026-10-15,185.9,179.23,191.34,2026-10-09,Chronos
510159,2026-10-16,185.56,177.2,191.63,2026-10-09,Chronos
510159,2026-10-17,184.69,175.59,191.47,2026-10-09,Chronos
510159,2026-10-18,183.83,173.91,191.31,2026-10-09,Chronos
510159,2026-10-19,183.28,172.33,191.12,2026-10-09,Chronos
510159,2026-10-20,182.33,171.09,191.12,2026-10-09,Chronos
510159,2026-10-21,181.47,169.06,190.85,2026-10-09,Chronos
510159,2026-10-22,180.53,167.55,190.46,2026-10-09,Chronos
510159,2026-10-23,179.72,166.52,190.38,2026-10-09,Chronos
510159,2026-10-24,178.88,165.54,189.56,2026-10-09,Chronos
510159,2026-10-25,178.06,164.29,189.69,2026-10-09,Chronos
510159,2026-10-26,178.38,163.11,190.87,2026-10-09,Chronos
510159,2026-10-27,177.93,161.8,191.26,2026-10-09,Chronos
510159,2026-10-28,177.43,160.57,190.43,2026-10-09,Chronos
510159,2026-10-29,176.74,159.85,190.27,2026-10-09,Chronos
510159,2026-10-30,175.99,158.69,189.7,2026-10-09,Chronos
510159,2026-10-31,175.42,158.42,189.67,2026-10-09,Chronos
510159,2026-11-01,174.46,157.64,189.88,2026-10-09,Chronos
510159,2026-11-02,174.21,156.87,189.68,2026-10-09,Chronos
510159,2026-11-03,173.65,156.03,189.46,2026-10-09,Chronos
510159,2026-11-04,173.22,155.93,189.68,2026-10-09,Chronos
510159,2026-11-05,172.68,155.65,190.04,2026-10-09,Chronos
510159,2026-11-06,172.45,155.59,190.0,2026-10-09,Chronos
510159,2026-11-07,171.9,154.97,189.88,2026-10-09,Chronos
510159,2026-11-08,171.39,154.46,189.65,2026-10-09,Chronos
510161,2026-10-10,199.23,198.5,199.88,2026-10-09,Chronos
510161,2026-10-11,199.08,198.13,200.15,2026-10-09,Chronos
510161,2026-10-12,198.99,197.72,200.18,2026-10-09,Chronos
510161,2026-10-13,198.97,197.63,200.33,2026-10-09,Chronos
510161,2026-10-14,198.95,197.38,200.46,2026-10-09,Chronos
510161,2026-10-15,198.86,197.06,200.56,2026-10-09,Chronos
510161,2026-10-16,198.79,196.87,200.66,2026-10-09,Chronos
510161,2026-10-17,198.63,196.49,200.71,2026-10-09,Chronos
510161,2026-10-18,198.53,196.19,200.88,2026-10-09,Chronos
510161,2026-10-19,198.42,195.94,200.84,2026-10-09,Chronos
510161,2026-10-20,198.23,195.55,200.84,2026-10-09,Chronos
510161,2026-10-21,198.19,195.34,200.97,2026-10-09,Chronos
510161,2026-10-22,198.1,195.04,201.09,2026-10-09,Chronos
510161,2026-10-23,198.04,194.76,201.13,2026-10-09,Chronos
510161,2026-10-24,197.92,194.41,201.07,2026-10-09,Chronos
510161,2026-10-25,197.72,194.12,201.14,2026-10-09,Chronos
510161,2026-10-26,197.14,193.4,201.05,2026-10-09,Chronos
510161,2026-10-27,197.06,192.88,200.88,2026-10-09,Chronos
510161,2026-10-28,196.72,192.58,200.75,2026-10-09,Chronos
510161,2026-10-29,196.6,192.32,200.81,2026-10-09,Chronos
510161,2026-10-30,196.48,191.88,200.78,2026-10-09,Chronos
510161,2026-10-31,196.33,191.78,200.92,2026-10-09,Chronos
510161,2026-11-01,196.21,191.46,200.89,2026-10-09,Chronos
510161,2026-11-02,196.1,191.04,200.91,2026-10-09,Chronos
510161,2026-11-03,196.03,190.94,201.02,2026-10-09,Chronos
510161,2026-11-04,195.95,190.56,201.0,2026-10-09,Chronos
510161,2026-11-05,195.81,190.41,201.07,2026-10-09,Chronos
510161,2026-11-06,195.77,190.17,201.11,2026-10-09,Chronos
510161,2026-11-07,195.65,189.73,201.23,2026-10-09,Chronos
510161,2026-11-08,195.5,189.59,201.17,2026-10-09,Chronos
510162,2026-10-10,221.32,219.23,223.23,2026-10-09,Chronos
510162,2026-10-11,220.92,217.13,223.24,2026-10-09,Chronos
510162,2026-10-12,220.25,215.41,223.12,2026-10-09,Chronos
510162,2026-10-13,219.32,214.68,223.28,2026-10-09,Chronos
510162,2026-10-14,218.96,212.74,223.55,2026-10-09,Chronos
510162,2026-10-15,218.25,211.16,223.65,2026-10-09,Chronos
510162,2026-10-16,218.03,210.62,223.86,2026-10-09,Chronos
510162,2026-10-17,217.51,209.03,223.98,2026-10-09,Chronos
510162,2026-10-18,217.24,207.46,224.02,2026-10-09,Chronos
510162,2026-10-19,216.57,206.7,224.76,2026-10-09,Chronos
510162,2026-10-20,215.9,204.56,223.92,2026-10-09,Chronos
510162,2026-10-21,215.16,203.8,223.68,2026-10-09,Chronos
510162,2026-10-22,214.17,202.03,223.95,2026-10-09,Chronos
510162,2026-10-23,213.85,199.79,223.18,2026-10-09,Chronos
510162,2026-10-24,213.06,198.27,224.01,2026-10-09,Chronos
510162,2026-10-25,212.02,196.08,223.95,2026-10-09,Chronos
510162,2026-10-26,212.45,195.6,223.1,2026-10-09,Chronos
510162,2026-10-27,211.79,194.39,222.65,2026-10-09,Chronos
510162,2026-10-28,210.79,192.38,222.51,2026-10-09,Chronos
510162,2026-10-29,210.31,190.61,223.04,2026-10-09,Chronos
510162,2026-10-30,209.97,188.85,223.44,2026-10-09,Chronos
510162,2026-10-31,209.26,187.55,222.99,2026-10-09,Chronos
510162,2026-11-01,209.08,185.96,223.52,2026-10-09,Chronos
510162,2026-11-02,208.54,183.75,223.9,2026-10-09,Chronos
510162,2026-11-03,207.82,181.65,224.39,2026-10-09,Chronos
510162,2026-11-04,207.41,180.45,224.53,2026-10-09,Chronos
510162,2026-11-05,206.69,178.22,224.27,2026-10-09,Chronos
510162,2026-11-06,206.06,175.55,224.15,2026-10-09,Chronos
510162,2026-11-07,205.09,172.52,223.83,2026-10-09,Chronos
510162,2026-11-08,204.15,171.46,223.09,2026-10-09,Chronos
510163,2026-10-10,194.04,193.15,194.76,2026-10-09,Chronos
510163,2026-10-11,193.85,192.68,194.75,2026-10-09,Chronos
510163,2026-10-12,193.86,192.58,194.9,2026-10-09,Chronos
510163,2026-10-13,193.82,192.45,194.95,2026-10-09,Chronos
510163,2026-10-14,193.9,192.33,195.52,2026-10-09,Chronos
510163,2026-10-15,193.84,192.07,195.29,2026-10-09,Chronos
510163,2026-10-16,193.82,191.98,195.52,2026-10-09,Chronos
510163,2026-10-17,193.79,191.61,195.61,2026-10-09,Chronos
510163,2026-10-18,193.79,191.48,195.76,2026-10-09,Chronos
510163,2026-10-19,193.71,191.25,195.64,2026-10-09,Chronos
510163,2026-10-20,193.7,191.09,195.58,2026-10-09,Chronos
510163,2026-10-21,193.6,190.77,195.82,2026-10-09,Chronos
510163,2026-10-22,193.67,190.33,196.06,2026-10-09,Chronos
510163,2026-10-23,193.53,189.9,196.07,2026-10-09,Chronos
510163,2026-10-24,193.54,189.43,196.23,2026-10-09,Chronos
510163,2026-10-25,193.45,189.1,196.09,2026-10-09,Chronos
510163,2026-10-26,193.42,188.12,196.19,2026-10-09,Chronos
510163,2026-10-27,193.22,188.01,196.22,2026-10-09,Chronos
510163,2026-10-28,193.17,187.65,196.32,2026-10-09,Chronos
510163,2026-10-29,193.15,187.13,196.49,2026-10-09,Chronos
510163,2026-10-30,193.19,186.86,196.45,2026-10-09,Chronos
510163,2026-10-31,193.09,186.4,196.87,2026-10-09,Chronos
510163,2026-11-01,193.03,186.01,196.93,2026-10-09,Chronos
510163,2026-11-02,193.07,185.32,197.1,2026-10-09,Chronos
510163,2026-11-03,192.96,184.99,197.2,2026-10-09,Chronos
510163,2026-11-04,192.95,184.65,197.33,2026-10-09,Chronos
510163,2026-11-05,192.85,183.84,197.54,2026-10-09,Chronos
510163,2026-11-06,192.7,183.17,197.59,2026-10-09,Chronos
510163,2026-11-07,192.75,182.44,197.9,2026-10-09,Chronos
510163,2026-11-08,192.53,181.45,197.95,2026-10-09,Chronos
527797,2026-10-10,41.79,41.48,42.27,2026-10-09,Chronos
527797,2026-10-11,41.81,41.35,42.43,2026-10-09,Chronos
527797,2026-10-12,41.81,41.19,42.68,2026-10-09,Chronos
527797,2026-10-13,41.84,41.14,42.92,2026-10-09,Chronos
527797,2026-10-14,41.82,40.94,43.12,2026-10-09,Chronos
527797,2026-10-15,41.81,40.83,43.26,2026-10-09,Chronos
527797,2026-10-16,41.79,40.71,43.41,2026-10-09,Chronos
527797,2026-10-17,41.73,40.56,43.6,2026-10-09,Chronos
527797,2026-10-18,41.71,40.4,43.72,2026-10-09,Chronos
527797,2026-10-19,41.64,40.32,43.84,2026-10-09,Chronos
527797,2026-10-20,41.63,40.14,44.0,2026-10-09,Chronos
527797,2026-10-21,41.56,40.08,44.02,2026-10-09,Chronos
527797,2026-10-22,41.56,39.9,44.18,2026-10-09,Chronos
527797,2026-10-23,41.5,39.88,44.4,2026-10-09,Chronos
527797,2026-10-24,41.54,39.72,44.44,2026-10-09,Chronos
527797,2026-10-25,41.47,39.57,44.4,2026-10-09,Chronos
527797,2026-10-26,41.53,39.42,44.54,2026-10-09,Chronos
527797,2026-10-27,41.56,39.38,44.64,2026-10-09,Chronos
527797,2026-10-28,41.51,39.38,44.74,2026-10-09,Chronos
527797,2026-10-29,41.59,39.29,44.84,2026-10-09,Chronos
527797,2026-10-30,41.53,39.24,45.0,2026-10-09,Chronos
527797,2026-10-31,41.58,39.25,45.0,2026-10-09,Chronos
527797,2026-11-01,41.56,39.09,45.11,2026-10-09,Chronos
527797,2026-11-02,41.51,38.96,45.17,2026-10-09,Chronos
527797,2026-11-03,41.58,38.97,45.28,2026-10-09,Chronos
527797,2026-11-04,41.58,38.91,45.41,2026-10-09,Chronos
527797,2026-11-05,41.63,38.85,45.59,2026-10-09,Chronos
527797,2026-11-06,41.59,38.82,45.71,2026-10-09,Chronos
527797,2026-11-07,41.56,38.7,45.77,2026-10-09,Chronos
527797,2026-11-08,41.52,38.64,45.93,2026-10-09,Chronos
527798,2026-10-10,39.38,38.93,39.8,2026-10-09,Chronos
527798,2026-10-11,39.43,38.73,39.98,2026-10-09,Chronos
527798,2026-10-12,39.36,38.58,40.2,2026-10-09,Chronos
527798,2026-10-13,39.34,38.49,40.38,2026-10-09,Chronos
527798,2026-10-14,39.36,38.32,40.44,2026-10-09,Chronos
527798,2026-10-15,39.39,38.24,40.57,2026-10-09,Chronos
527798,2026-10-16,39.37,38.12,40.68,2026-10-09,Chronos
527798,2026-10-17,39.33,37.96,40.8,2026-10-09,Chronos
527798,2026-10-18,39.34,37.89,40.89,2026-10-09,Chronos
527798,2026-10-19,39.26,37.7,41.08,2026-10-09,Chronos
527798,2026-10-20,39.27,37.57,41.19,2026-10-09,Chronos
527798,2026-10-21,39.22,37.48,41.2,2026-10-09,Chronos
527798,2026-10-22,39.25,37.3,41.3,2026-10-09,Chronos
527798,2026-10-23,39.2,37.13,41.53,2026-10-09,Chronos
527798,2026-10-24,39.26,37.04,41.61,2026-10-09,Chronos
527798,2026-10-25,39.25,36.96,41.53,2026-10-09,Chronos
527798,2026-10-26,39.12,36.93,41.21,2026-10-09,Chronos
527798,2026-10-27,39.08,36.7,41.32,2026-10-09,Chronos
527798,2026-10-28,39.0,36.63,41.34,2026-10-09,Chronos
527798,2026-10-29,38.97,36.38,41.44,2026-10-09,Chronos
527798,2026-10-30,38.97,36.23,41.65,2026-10-09,Chronos
527798,2026-10-31,38.98,36.13,41.65,2026-10-09,Chronos
527798,2026-11-01,38.96,35.95,41.64,2026-10-09,Chronos
527798,2026-11-02,38.97,35.74,41.84,2026-10-09,Chronos
527798,2026-11-03,38.96,35.68,41.94,2026-10-09,Chronos
527798,2026-11-04,38.9,35.52,42.05,2026-10-09,Chronos
527798,2026-11-05,38.88,35.39,42.18,2026-10-09,Chronos
527798,2026-11-06,38.83,35.21,42.19,2026-10-09,Chronos
527798,2026-11-07,38.8,35.09,42.19,2026-10-09,Chronos
527798,2026-11-08,38.7,35.0,42.29,2026-10-09,Chronos
527799,2026-10-10,138.42,136.8,139.6,2026-10-09,Chronos
527799,2026-10-11,138.33,136.27,139.76,2026-10-09,Chronos
527799,2026-10-12,138.13,135.67,139.68,2026-10-09,Chronos
527799,2026-10-13,137.68,135.54,139.7,2026-10-09,Chronos
527799,2026-10-14,137.58,134.68,139.9,2026-10-09,Chronos
527799,2026-10-15,137.43,134.25,140.05,2026-10-09,Chronos
527799,2026-10-16,137.47,134.08,140.25,2026-10-09,Chronos
527799,2026-10-17,137.41,133.53,140.41,2026-10-09,Chronos
527799,2026-10-18,137.54,133.29,140.54,2026-10-09,Chronos
527799,2026-10-19,137.33,133.06,140.89,2026-10-09,Chronos
527799,2026-10-20,137.22,132.52,140.75,2026-10-09,Chronos
527799,2026-10-21,137.08,132.23,140.7,2026-10-09,Chronos
527799,2026-10-22,136.7,131.59,140.92,2026-10-09,Chronos
527799,2026-10-23,136.65,131.05,140.59,2026-10-09,Chronos
527799,2026-10-24,136.64,130.97,141.05,2026-10-09,Chronos
527799,2026-10-25,136.23,130.7,141.1,2026-10-09,Chronos
527799,2026-10-26,136.21,129.29,140.78,2026-10-09,Chronos
527799,2026-10-27,136.03,128.87,140.54,2026-10-09,Chronos
527799,2026-10-28,135.74,127.77,140.57,2026-10-09,Chronos
527799,2026-10-29,135.49,127.11,140.86,2026-10-09,Chronos
527799,2026-10-30,135.43,126.97,140.99,2026-10-09,Chronos
527799,2026-10-31,135.28,126.7,140.93,2026-10-09,Chronos
527799,2026-11-01,135.4,126.47,141.34,2026-10-09,Chronos
527799,2026-11-02,135.51,126.14,141.61,2026-10-09,Chronos
527799,2026-11-03,135.67,125.23,141.95,2026-10-09,Chronos
527799,2026-11-04,135.43,125.32,142.19,2026-10-09,Chronos
527799,2026-11-05,135.28,123.5,142.27,2026-10-09,Chronos
527799,2026-11-06,135.1,123.15,142.09,2026-10-09,Chronos
527799,2026-11-07,134.66,122.26,142.05,2026-10-09,Chronos
527799,2026-11-08,134.57,120.74,141.36,2026-10-09,Chronos
527800,2026-10-10,71.8,71.41,72.01,2026-10-09,Chronos
527800,2026-10-11,71.76,70.96,72.15,2026-10-09,Chronos
527800,2026-10-12,71.68,70.66,72.33,2026-10-09,Chronos
527800,2026-10-13,71.57,70.59,72.51,2026-10-09,Chronos
527800,2026-10-14,71.55,70.13,72.8,2026-10-09,Chronos
527800,2026-10-15,71.54,69.87,72.94,2026-10-09,Chronos
527800,2026-10-16,71.59,69.82,73.15,2026-10-09,Chronos
527800,2026-10-17,71.55,69.55,73.25,2026-10-09,Chronos
527800,2026-10-18,71.61,69.21,73.49,2026-10-09,Chronos
527800,2026-10-19,71.55,69.07,73.65,2026-10-09,Chronos
527800,2026-10-20,71.5,68.5,73.89,2026-10-09,Chronos
527800,2026-10-21,71.46,68.35,74.24,2026-10-09,Chronos
527800,2026-10-22,71.26,67.8,74.49,2026-10-09,Chronos
527800,2026-10-23,71.28,67.13,74.51,2026-10-09,Chronos
527800,2026-10-24,71.36,66.52,74.63,2026-10-09,Chronos
527800,2026-10-25,71.11,66.09,74.77,2026-10-09,Chronos
527800,2026-10-26,71.27,66.33,74.55,2026-10-09,Chronos
527800,2026-10-27,71.17,66.18,74.58,2026-10-09,Chronos
527800,2026-10-28,71.02,65.53,74.65,2026-10-09,Chronos
527800,2026-10-29,70.91,65.17,74.89,2026-10-09,Chronos
527800,2026-10-30,70.93,64.71,74.92,2026-10-09,Chronos
527800,2026-10-31,70.85,64.44,75.13,2026-10-09,Chronos
527800,2026-11-01,70.85,63.94,75.23,2026-10-09,Chronos
527800,2026-11-02,70.78,63.74,75.18,2026-10-09,Chronos
527800,2026-11-03,70.9,63.51,75.32,2026-10-09,Chronos
527800,2026-11-04,70.75,63.21,75.49,2026-10-09,Chronos
527800,2026-11-05,70.72,62.74,75.78,2026-10-09,Chronos
527800,2026-11-06,70.65,62.21,76.21,2026-10-09,Chronos
527800,2026-11-07,70.51,61.51,76.45,2026-10-09,Chronos
527800,2026-11-08,70.38,61.17,76.07,2026-10-09,Chronos
527802,2026-10-10,265.84,263.62,266.48,2026-10-09,Chronos
527802,2026-10-11,265.8,262.26,267.1,2026-10-09,Chronos
527802,2026-10-12,265.68,260.73,268.04,2026-10-09,Chronos
527802,2026-10-13,265.6,259.93,268.94,2026-10-09,Chronos
527802,2026-10-14,265.49,259.27,269.7,2026-10-09,Chronos
527802,2026-10-15,265.55,258.37,269.99,2026-10-09,Chronos
527802,2026-10-16,265.66,257.55,270.72,2026-10-09,Chronos
527802,2026-10-17,265.35,256.16,270.71,2026-10-09,Chronos
527802,2026-10-18,265.14,254.97,271.08,2026-10-09,Chronos
527802,2026-10-19,265.08,254.36,270.93,2026-10-09,Chronos
527802,2026-10-20,264.82,252.43,271.28,2026-10-09,Chronos
527802,2026-10-21,264.88,250.89,271.84,2026-10-09,Chronos
527802,2026-10-22,264.32,249.21,271.87,2026-10-09,Chronos
527802,2026-10-23,264.38,248.24,272.09,2026-10-09,Chronos
527802,2026-10-24,263.9,247.74,272.38,2026-10-09,Chronos
527802,2026-10-25,263.94,247.13,272.64,2026-10-09,Chronos
527802,2026-10-26,264.59,249.16,272.55,2026-10-09,Chronos
527802,2026-10-27,264.37,247.74,272.86,2026-10-09,Chronos
527802,2026-10-28,264.16,246.45,272.84,2026-10-09,Chronos
527802,2026-10-29,264.02,246.13,273.29,2026-10-09,Chronos
527802,2026-10-30,263.89,245.17,273.35,2026-10-09,Chronos
527802,2026-10-31,263.84,245.12,273.7,2026-10-09,Chronos
527802,2026-11-01,263.93,244.42,274.0,2026-10-09,Chronos
527802,2026-11-02,263.52,243.59,274.1,2026-10-09,Chronos
527802,2026-11-03,263.41,243.32,274.19,2026-10-09,Chronos
527802,2026-11-04,263.62,242.24,274.15,2026-10-09,Chronos
527802,2026-11-05,263.27,241.55,274.37,2026-10-09,Chronos
527802,2026-11-06,263.05,240.13,275.29,2026-10-09,Chronos
527802,2026-11-07,262.68,239.13,274.97,2026-10-09,Chronos
527802,2026-11-08,262.44,239.22,274.74,2026-10-09,Chronos
528107,2026-10-10,42.55,42.36,42.69,2026-10-09,Chronos
528107,2026-10-11,42.55,42.2,42.85,2026-10-09,Chronos
528107,2026-10-12,42.56,42.08,43.06,2026-10-09,Chronos
528107,2026-10-13,42.61,42.05,43.28,2026-10-09,Chronos
528107,2026-10-14,42.67,41.94,43.44,2026-10-09,Chronos
528107,2026-10-15,42.71,41.87,43.61,2026-10-09,Chronos
528107,2026-10-16,42.78,41.81,43.78,2026-10-09,Chronos
528107,2026-10-17,42.78,41.66,43.95,2026-10-09,Chronos
528107,2026-10-18,42.81,41.55,44.09,2026-10-09,Chronos
528107,2026-10-19,42.8,41.48,44.27,2026-10-09,Chronos
528107,2026-10-20,42.82,41.35,44.45,2026-10-09,Chronos
528107,2026-10-21,42.84,41.27,44.55,2026-10-09,Chronos
528107,2026-10-22,42.86,41.1,44.65,2026-10-09,Chronos
528107,2026-10-23,42.82,41.09,44.87,2026-10-09,Chronos
528107,2026-10-24,42.88,40.93,44.92,2026-10-09,Chronos
528107,2026-10-25,42.87,40.84,44.89,2026-10-09,Chronos
528107,2026-10-26,42.84,40.86,44.83,2026-10-09,Chronos
528107,2026-10-27,42.84,40.79,44.93,2026-10-09,Chronos
528107,2026-10-28,42.8,40.73,45.02,2026-10-09,Chronos
528107,2026-10-29,42.84,40.59,45.11,2026-10-09,Chronos
528107,2026-10-30,42.81,40.5,45.23,2026-10-09,Chronos
528107,2026-10-31,42.85,40.45,45.24,2026-10-09,Chronos
528107,2026-11-01,42.85,40.31,45.34,2026-10-09,Chronos
528107,2026-11-02,42.87,40.2,45.35,2026-10-09,Chronos
528107,2026-11-03,42.87,40.19,45.45,2026-10-09,Chronos
528107,2026-11-04,42.86,40.05,45.49,2026-10-09,Chronos
528107,2026-11-05,42.86,39.99,45.6,2026-10-09,Chronos
528107,2026-11-06,42.87,39.91,45.66,2026-10-09,Chronos
528107,2026-11-07,42.82,39.79,45.66,2026-10-09,Chronos
528107,2026-11-08,42.79,39.74,45.75,2026-10-09,Chronos
528108,2026-10-10,46.93,46.35,47.47,2026-10-09,Chronos
528108,2026-10-11,46.98,46.33,47.62,2026-10-09,Chronos
528108,2026-10-12,47.04,46.27,47.73,2026-10-09,Chronos
528108,2026-10-13,47.1,46.31,47.88,2026-10-09,Chronos
528108,2026-10-14,47.22,46.27,48.13,2026-10-09,Chronos
528108,2026-10-15,47.23,46.21,48.27,2026-10-09,Chronos
528108,2026-10-16,47.36,46.28,48.45,2026-10-09,Chronos
528108,2026-10-17,47.49,46.24,48.68,2026-10-09,Chronos
528108,2026-10-18,47.62,46.35,48.85,2026-10-09,Chronos
528108,2026-10-19,47.65,46.32,49.07,2026-10-09,Chronos
528108,2026-10-20,47.74,46.35,49.15,2026-10-09,Chronos
528108,2026-10-21,47.79,46.27,49.25,2026-10-09,Chronos
528108,2026-10-22,47.75,46.17,49.44,2026-10-09,Chronos
528108,2026-10-23,47.86,46.2,49.38,2026-10-09,Chronos
528108,2026-10-24,47.98,46.16,49.68,2026-10-09,Chronos
528108,2026-10-25,48.03,46.33,49.91,2026-10-09,Chronos
528108,2026-10-26,48.49,46.53,50.44,2026-10-09,Chronos
528108,2026-10-27,48.59,46.59,50.59,2026-10-09,Chronos
528108,2026-10-28,48.61,46.35,50.63,2026-10-09,Chronos
528108,2026-10-29,48.62,46.5,50.86,2026-10-09,Chronos
528108,2026-10-30,48.72,46.31,51.07,2026-10-09,Chronos
528108,2026-10-31,48.71,46.21,51.14,2026-10-09,Chronos
528108,2026-11-01,48.84,46.3,51.33,2026-10-09,Chronos
528108,2026-11-02,48.98,46.26,51.61,2026-10-09,Chronos
528108,2026-11-03,49.14,46.27,51.84,2026-10-09,Chronos
528108,2026-11-04,49.16,46.19,51.99,2026-10-09,Chronos
528108,2026-11-05,49.23,46.11,52.18,2026-10-09,Chronos
528108,2026-11-06,49.24,46.09,52.26,2026-10-09,Chronos
528108,2026-11-07,49.15,45.99,52.4,2026-10-09,Chronos
528108,2026-11-08,49.35,45.92,52.35,2026-10-09,Chronos
528109,2026-10-10,48.74,48.4,49.05,2026-10-09,Chronos
528109,2026-10-11,48.77,48.28,49.19,2026-10-09,Chronos
528109,2026-10-12,48.77,48.19,49.23,2026-10-09,Chronos
528109,2026-10-13,48.76,48.17,49.32,2026-10-09,Chronos
528109,2026-10-14,48.82,48.08,49.46,2026-10-09,Chronos
528109,2026-10-15,48.78,47.95,49.54,2026-10-09,Chronos
528109,2026-10-16,48.79,47.91,49.54,2026-10-09,Chronos
528109,2026-10-17,48.72,47.8,49.54,2026-10-09,Chronos
528109,2026-10-18,48.78,47.73,49.62,2026-10-09,Chronos
528109,2026-10-19,48.73,47.62,49.61,2026-10-09,Chronos
528109,2026-10-20,48.73,47.51,49.73,2026-10-09,Chronos
528109,2026-10-21,48.73,47.54,49.73,2026-10-09,Chronos
528109,2026-10-22,48.72,47.33,49.81,2026-10-09,Chronos
528109,2026-10-23,48.68,47.19,49.91,2026-10-09,Chronos
528109,2026-10-24,48.64,47.03,49.92,2026-10-09,Chronos
528109,2026-10-25,48.67,46.98,50.06,2026-10-09,Chronos
528109,2026-10-26,48.54,46.74,50.11,2026-10-09,Chronos
528109,2026-10-27,48.54,46.64,50.15,2026-10-09,Chronos
528109,2026-10-28,48.54,46.43,50.2,2026-10-09,Chronos
528109,2026-10-29,48.55,46.28,50.3,2026-10-09,Chronos
528109,2026-10-30,48.55,46.22,50.43,2026-10-09,Chronos
528109,2026-10-31,48.56,46.08,50.59,2026-10-09,Chronos
528109,2026-11-01,48.53,46.0,50.62,2026-10-09,Chronos
528109,2026-11-02,48.5,45.83,50.64,2026-10-09,Chronos
528109,2026-11-03,48.56,45.77,50.77,2026-10-09,Chronos
528109,2026-11-04,48.53,45.61,50.78,2026-10-09,Chronos
528109,2026-11-05,48.53,45.37,50.89,2026-10-09,Chronos
528109,2026-11-06,48.53,45.31,51.07,2026-10-09,Chronos
528109,2026-11-07,48.47,45.06,51.16,2026-10-09,Chronos
528109,2026-11-08,48.47,44.93,51.16,2026-10-09,Chronos
528110,2026-10-10,57.79,57.1,58.16,2026-10-09,Chronos
528110,2026-10-11,57.75,56.75,58.44,2026-10-09,Chronos
528110,2026-10-12,57.71,56.42,58.7,2026-10-09,Chronos
528110,2026-10-13,57.65,56.19,58.89,2026-10-09,Chronos
528110,2026-10-14,57.54,55.82,59.11,2026-10-09,Chronos
528110,2026-10-15,57.49,55.53,59.19,2026-10-09,Chronos
528110,2026-10-16,57.41,55.04,59.27,2026-10-09,Chronos
528110,2026-10-17,57.33,54.69,59.48,2026-10-09,Chronos
528110,2026-10-18,57.26,54.49,59.65,2026-10-09,Chronos
528110,2026-10-19,57.21,54.18,59.76,2026-10-09,Chronos
528110,2026-10-20,57.07,53.85,59.9,2026-10-09,Chronos
528110,2026-10-21,57.0,53.53,59.97,2026-10-09,Chronos
528110,2026-10-22,56.94,53.34,60.0,2026-10-09,Chronos
528110,2026-10-23,56.84,53.19,60.16,2026-10-09,Chronos
528110,2026-10-24,56.76,52.97,60.01,2026-10-09,Chronos
528110,2026-10-25,56.65,52.83,60.05,2026-10-09,Chronos
528110,2026-10-26,56.76,52.63,60.1,2026-10-09,Chronos
528110,2026-10-27,56.69,52.32,60.23,2026-10-09,Chronos
528110,2026-10-28,56.63,52.03,60.29,2026-10-09,Chronos
528110,2026-10-29,56.57,51.86,60.42,2026-10-09,Chronos
528110,2026-10-30,56.45,51.6,60.42,2026-10-09,Chronos
528110,2026-10-31,56.4,51.49,60.46,2026-10-09,Chronos
528110,2026-11-01,56.25,51.23,60.58,2026-10-09,Chronos
528110,2026-11-02,56.15,51.04,60.66,2026-10-09,Chronos
528110,2026-11-03,56.14,50.93,60.74,2026-10-09,Chronos
528110,2026-11-04,56.08,50.68,60.86,2026-10-09,Chronos
528110,2026-11-05,56.01,50.54,61.0,2026-10-09,Chronos
528110,2026-11-06,55.86,50.45,61.15,2026-10-09,Chronos
528110,2026-11-07,55.78,50.23,61.08,2026-10-09,Chronos
528110,2026-11-08,55.66,50.07,61.15,2026-10-09,Chronos
528111,2026-10-10,162.38,161.74,162.91,2026-10-09,Chronos
528111,2026-10-11,162.38,161.31,162.92,2026-10-09,Chronos
528111,2026-10-12,162.36,161.43,162.91,2026-10-09,Chronos
528111,2026-10-13,162.12,161.3,163.04,2026-10-09,Chronos
528111,2026-10-14,162.1,160.67,163.12,2026-10-09,Chronos
528111,2026-10-15,162.01,160.47,163.26,2026-10-09,Chronos
528111,2026-10-16,162.09,160.38,163.36,2026-10-09,Chronos
528111,2026-10-17,162.11,159.97,163.54,2026-10-09,Chronos
528111,2026-10-18,162.17,159.57,163.59,2026-10-09,Chronos
528111,2026-10-19,162.09,159.5,163.92,2026-10-09,Chronos
528111,2026-10-20,162.02,158.78,163.9,2026-10-09,Chronos
528111,2026-10-21,161.89,158.47,163.69,2026-10-09,Chronos
528111,2026-10-22,161.54,157.51,163.8,2026-10-09,Chronos
528111,2026-10-23,161.58,156.29,163.58,2026-10-09,Chronos
528111,2026-10-24,161.69,155.56,163.95,2026-10-09,Chronos
528111,2026-10-25,161.43,155.77,164.2,2026-10-09,Chronos
528111,2026-10-26,161.77,155.9,164.33,2026-10-09,Chronos
528111,2026-10-27,161.67,155.3,164.15,2026-10-09,Chronos
528111,2026-10-28,161.59,154.39,164.3,2026-10-09,Chronos
528111,2026-10-29,161.12,153.17,164.4,2026-10-09,Chronos
528111,2026-10-30,161.04,152.72,164.49,2026-10-09,Chronos
528111,2026-10-31,160.67,150.8,164.3,2026-10-09,Chronos
528111,2026-11-01,160.49,148.85,164.7,2026-10-09,Chronos
528111,2026-11-02,160.41,147.12,164.58,2026-10-09,Chronos
528111,2026-11-03,160.25,146.23,164.63,2026-10-09,Chronos
528111,2026-11-04,159.75,144.63,164.6,2026-10-09,Chronos
528111,2026-11-05,159.5,142.7,164.83,2026-10-09,Chronos
528111,2026-11-06,159.19,139.92,164.93,2026-10-09,Chronos
528111,2026-11-07,158.36,137.28,164.8,2026-10-09,Chronos
528111,2026-11-08,158.29,135.18,164.49,2026-10-09,Chronos
528112,2026-10-10,51.08,50.67,51.44,2026-10-09,Chronos
528112,2026-10-11,51.12,50.54,51.64,2026-10-09,Chronos
528112,2026-10-12,51.1,50.4,51.8,2026-10-09,Chronos
528112,2026-10-13,51.12,50.34,52.0,2026-10-09,Chronos
528112,2026-10-14,51.23,50.34,52.17,2026-10-09,Chronos
528112,2026-10-15,51.28,50.28,52.37,2026-10-09,Chronos
528112,2026-10-16,51.38,50.32,52.54,2026-10-09,Chronos
528112,2026-10-17,51.43,50.27,52.71,2026-10-09,Chronos
528112,2026-10-18,51.54,50.28,52.9,2026-10-09,Chronos
528112,2026-10-19,51.55,50.24,53.19,2026-10-09,Chronos
528112,2026-10-20,51.57,50.15,53.23,2026-10-09,Chronos
528112,2026-10-21,51.65,50.15,53.43,2026-10-09,Chronos
528112,2026-10-22,51.62,50.06,53.56,2026-10-09,Chronos
528112,2026-10-23,51.64,49.93,53.64,2026-10-09,Chronos
528112,2026-10-24,51.6,49.86,53.7,2026-10-09,Chronos
528112,2026-10-25,51.59,49.89,53.68,2026-10-09,Chronos
528112,2026-10-26,51.76,49.96,54.0,2026-10-09,Chronos
528112,2026-10-27,51.68,49.77,54.06,2026-10-09,Chronos
528112,2026-10-28,51.65,49.68,54.12,2026-10-09,Chronos
528112,2026-10-29,51.6,49.68,54.1,2026-10-09,Chronos
528112,2026-10-30,51.59,49.55,54.32,2026-10-09,Chronos
528112,2026-10-31,51.6,49.51,54.32,2026-10-09,Chronos
528112,2026-11-01,51.63,49.48,54.36,2026-10-09,Chronos
528112,2026-11-02,51.65,49.41,54.5,2026-10-09,Chronos
528112,2026-11-03,51.77,49.47,54.66,2026-10-09,Chronos
528112,2026-11-04,51.75,49.37,54.93,2026-10-09,Chronos
528112,2026-11-05,51.77,49.24,54.95,2026-10-09,Chronos
528112,2026-11-06,51.8,49.26,55.1,2026-10-09,Chronos
528112,2026-11-07,51.82,49.22,55.24,2026-10-09,Chronos
528112,2026-11-08,51.84,49.13,55.38,2026-10-09,Chronos
528113,2026-10-10,61.39,60.89,61.65,2026-10-09,Chronos
528113,2026-10-11,61.35,60.67,61.84,2026-10-09,Chronos
528113,2026-10-12,61.22,60.28,62.0,2026-10-09,Chronos
528113,2026-10-13,61.13,60.02,62.08,2026-10-09,Chronos
528113,2026-10-14,61.09,59.78,62.37,2026-10-09,Chronos
528113,2026-10-15,61.06,59.51,62.55,2026-10-09,Chronos
528113,2026-10-16,60.99,59.3,62.66,2026-10-09,Chronos
528113,2026-10-17,60.89,59.05,62.78,2026-10-09,Chronos
528113,2026-10-18,60.8,58.7,62.96,2026-10-09,Chronos
528113,2026-10-19,60.74,58.48,63.06,2026-10-09,Chronos
528113,2026-10-20,60.63,58.08,63.22,2026-10-09,Chronos
528113,2026-10-21,60.52,58.05,63.32,2026-10-09,Chronos
528113,2026-10-22,60.36,57.76,63.43,2026-10-09,Chronos
528113,2026-10-23,60.34,57.24,63.62,2026-10-09,Chronos
528113,2026-10-24,60.21,56.85,63.61,2026-10-09,Chronos
528113,2026-10-25,60.12,56.52,63.62,2026-10-09,Chronos
528113,2026-10-26,59.8,56.51,63.3,2026-10-09,Chronos
528113,2026-10-27,59.67,56.2,63.37,2026-10-09,Chronos
528113,2026-10-28,59.55,56.0,63.34,2026-10-09,Chronos
528113,2026-10-29,59.49,55.73,63.57,2026-10-09,Chronos
528113,2026-10-30,59.32,55.3,63.56,2026-10-09,Chronos
528113,2026-10-31,59.33,55.33,63.72,2026-10-09,Chronos
528113,2026-11-01,59.21,54.94,63.73,2026-10-09,Chronos
528113,2026-11-02,59.11,54.78,63.78,2026-10-09,Chronos
528113,2026-11-03,59.05,54.57,63.98,2026-10-09,Chronos
528113,2026-11-04,58.99,54.38,64.01,2026-10-09,Chronos
528113,2026-11-05,58.85,53.92,64.22,2026-10-09,Chronos
528113,2026-11-06,58.81,53.77,64.34,2026-10-09,Chronos
528113,2026-11-07,58.69,53.36,64.38,2026-10-09,Chronos
528113,2026-11-08,58.54,53.29,64.49,2026-10-09,Chronos
539156,2026-10-10,52.95,50.7,54.88,2026-10-09,Chronos
539156,2026-10-11,52.88,49.73,55.8,2026-10-09,Chronos
539156,2026-10-12,52.88,48.81,56.35,2026-10-09,Chronos
539156,2026-10-13,52.8,48.1,56.89,2026-10-09,Chronos
539156,2026-10-14,52.8,47.5,57.74,2026-10-09,Chronos
539156,2026-10-15,52.54,46.7,57.66,2026-10-09,Chronos
539156,2026-10-16,52.26,46.21,57.82,2026-10-09,Chronos
539156,2026-10-17,51.94,45.63,57.76,2026-10-09,Chronos
539156,2026-10-18,51.62,45.06,57.97,2026-10-09,Chronos
539156,2026-10-19,51.41,44.43,57.55,2026-10-09,Chronos
539156,2026-10-20,50.87,43.73,57.67,2026-10-09,Chronos
539156,2026-10-21,50.71,43.04,57.63,2026-10-09,Chronos
539156,2026-10-22,50.43,42.71,57.57,2026-10-09,Chronos
539156,2026-10-23,50.13,42.29,57.89,2026-10-09,Chronos
539156,2026-10-24,49.73,41.53,57.79,2026-10-09,Chronos
539156,2026-10-25,49.63,40.85,57.74,2026-10-09,Chronos
539156,2026-10-26,49.8,39.28,57.82,2026-10-09,Chronos
539156,2026-10-27,49.45,38.36,57.84,2026-10-09,Chronos
539156,2026-10-28,49.08,37.79,57.65,2026-10-09,Chronos
539156,2026-10-29,48.78,37.1,57.75,2026-10-09,Chronos
539156,2026-10-30,48.6,36.51,57.59,2026-10-09,Chronos
539156,2026-10-31,48.21,35.85,57.39,2026-10-09,Chronos
539156,2026-11-01,47.7,35.28,57.38,2026-10-09,Chronos
539156,2026-11-02,47.4,34.61,57.12,2026-10-09,Chronos
539156,2026-11-03,47.11,34.25,57.1,2026-10-09,Chronos
539156,2026-11-04,46.93,33.63,56.98,2026-10-09,Chronos
539156,2026-11-05,46.51,32.88,57.18,2026-10-09,Chronos
539156,2026-11-06,46.37,31.89,57.31,2026-10-09,Chronos
539156,2026-11-07,46.17,31.67,57.28,2026-10-09,Chronos
539156,2026-11-08,45.67,31.07,57.26,2026-10-09,Chronos
539157,2026-10-10,42.61,41.9,42.87,2026-10-09,Chronos
539157,2026-10-11,42.64,41.75,43.08,2026-10-09,Chronos
539157,2026-10-12,42.61,41.4,43.35,2026-10-09,Chronos
539157,2026-10-13,42.59,41.4,43.48,2026-10-09,Chronos
539157,2026-10-14,42.65,41.15,43.84,2026-10-09,Chronos
539157,2026-10-15,42.7,40.98,44.04,2026-10-09,Chronos
539157,2026-10-16,42.73,40.88,44.22,2026-10-09,Chronos
539157,2026-10-17,42.82,40.8,44.4,2026-10-09,Chronos
539157,2026-10-18,42.89,40.52,44.64,2026-10-09,Chronos
539157,2026-10-19,42.91,40.48,44.87,2026-10-09,Chronos
539157,2026-10-20,42.89,39.95,44.9,2026-10-09,Chronos
539157,2026-10-21,42.81,39.73,44.95,2026-10-09,Chronos
539157,2026-10-22,42.67,39.22,45.08,2026-10-09,Chronos
539157,2026-10-23,42.67,38.66,45.14,2026-10-09,Chronos
539157,2026-10-24,42.53,38.15,45.29,2026-10-09,Chronos
539157,2026-10-25,42.46,37.95,45.29,2026-10-09,Chronos
539157,2026-10-26,42.65,37.63,44.75,2026-10-09,Chronos
539157,2026-10-27,42.6,37.3,44.87,2026-10-09,Chronos
539157,2026-10-28,42.56,36.87,44.83,2026-10-09,Chronos
539157,2026-10-29,42.46,36.68,45.0,2026-10-09,Chronos
539157,2026-10-30,42.48,36.31,45.07,2026-10-09,Chronos
539157,2026-10-31,42.52,36.12,45.15,2026-10-09,Chronos
539157,2026-11-01,42.53,35.66,45.23,2026-10-09,Chronos
539157,2026-11-02,42.56,35.45,45.33,2026-10-09,Chronos
539157,2026-11-03,42.63,35.27,45.55,2026-10-09,Chronos
539157,2026-11-04,42.68,35.04,45.63,2026-10-09,Chronos
539157,2026-11-05,42.7,34.74,45.73,2026-10-09,Chronos
539157,2026-11-06,42.61,34.19,45.78,2026-10-09,Chronos
539157,2026-11-07,42.56,33.7,45.89,2026-10-09,Chronos
539157,2026-11-08,42.54,33.46,45.89,2026-10-09,Chronos
539158,2026-10-10,65.17,64.66,65.65,2026-10-09,Chronos
539158,2026-10-11,65.2,64.66,65.73,2026-10-09,Chronos
539158,2026-10-12,65.18,64.65,65.76,2026-10-09,Chronos
539158,2026-10-13,65.24,64.63,65.84,2026-10-09,Chronos
539158,2026-10-14,65.31,64.62,66.05,2026-10-09,Chronos
539158,2026-10-15,65.42,64.66,66.13,2026-10-09,Chronos
539158,2026-10-16,65.43,64.67,66.26,2026-10-09,Chronos
539158,2026-10-17,65.47,64.62,66.31,2026-10-09,Chronos
539158,2026-10-18,65.53,64.58,66.38,2026-10-09,Chronos
539158,2026-10-19,65.48,64.59,66.42,2026-10-09,Chronos
539158,2026-10-20,65.56,64.58,66.51,2026-10-09,Chronos
539158,2026-10-21,65.63,64.57,66.73,2026-10-09,Chronos
539158,2026-10-22,65.68,64.51,66.83,2026-10-09,Chronos
539158,2026-10-23,65.71,64.58,66.96,2026-10-09,Chronos
539158,2026-10-24,65.74,64.59,66.99,2026-10-09,Chronos
539158,2026-10-25,65.79,64.49,67.06,2026-10-09,Chronos
539158,2026-10-26,66.06,64.63,67.47,2026-10-09,Chronos
539158,2026-10-27,66.04,64.64,67.5,2026-10-09,Chronos
539158,2026-10-28,66.1,64.54,67.58,2026-10-09,Chronos
539158,2026-10-29,66.12,64.58,67.67,2026-10-09,Chronos
539158,2026-10-30,66.18,64.56,67.7,2026-10-09,Chronos
539158,2026-10-31,66.29,64.53,67.94,2026-10-09,Chronos
539158,2026-11-01,66.36,64.58,68.06,2026-10-09,Chronos
539158,2026-11-02,66.35,64.42,68.12,2026-10-09,Chronos
539158,2026-11-03,66.47,64.41,68.26,2026-10-09,Chronos
539158,2026-11-04,66.43,64.37,68.4,2026-10-09,Chronos
539158,2026-11-05,66.46,64.31,68.45,2026-10-09,Chronos
539158,2026-11-06,66.52,64.33,68.63,2026-10-09,Chronos
539158,2026-11-07,66.58,64.25,68.75,2026-10-09,Chronos
539158,2026-11-08,66.59,64.28,68.9,2026-10-09,Chronos
539159,2026-10-10,65.96,65.6,66.3,2026-10-09,Chronos
539159,2026-10-11,65.99,65.38,66.41,2026-10-09,Chronos
539159,2026-10-12,66.03,65.36,66.49,2026-10-09,Chronos
539159,2026-10-13,65.93,65.32,66.55,2026-10-09,Chronos
539159,2026-10-14,65.99,65.08,66.76,2026-10-09,Chronos
539159,2026-10-15,65.97,64.95,66.94,2026-10-09,Chronos
539159,2026-10-16,66.05,64.98,67.06,2026-10-09,Chronos
539159,2026-10-17,66.16,64.86,67.28,2026-10-09,Chronos
539159,2026-10-18,66.26,64.82,67.43,2026-10-09,Chronos
539159,2026-10-19,66.25,64.76,67.64,2026-10-09,Chronos
539159,2026-10-20,66.27,64.6,67.66,2026-10-09,Chronos
539159,2026-10-21,66.23,64.51,67.71,2026-10-09,Chronos
539159,2026-10-22,66.09,64.31,67.9,2026-10-09,Chronos
539159,2026-10-23,66.17,64.16,67.71,2026-10-09,Chronos
539159,2026-10-24,66.24,64.12,68.02,2026-10-09,Chronos
539159,2026-10-25,66.14,64.12,68.19,2026-10-09,Chronos
539159,2026-10-26,66.48,63.71,68.5,2026-10-09,Chronos
539159,2026-10-27,66.53,63.5,68.57,2026-10-09,Chronos
539159,2026-10-28,66.54,63.16,68.72,2026-10-09,Chronos
539159,2026-10-29,66.38,62.82,68.87,2026-10-09,Chronos
539159,2026-10-30,66.4,62.77,68.98,2026-10-09,Chronos
539159,2026-10-31,66.37,62.55,69.15,2026-10-09,Chronos
539159,2026-11-01,66.45,62.48,69.34,2026-10-09,Chronos
539159,2026-11-02,66.58,62.39,69.54,2026-10-09,Chronos
539159,2026-11-03,66.7,62.0,69.67,2026-10-09,Chronos
539159,2026-11-04,66.61,62.02,69.72,2026-10-09,Chronos
539159,2026-11-05,66.56,61.3,69.9,2026-10-09,Chronos
539159,2026-11-06,66.45,61.16,69.79,2026-10-09,Chronos
539159,2026-11-07,66.26,60.68,69.96,2026-10-09,Chronos
539159,2026-11-08,66.32,60.28,69.77,2026-10-09,Chronos
539162,2026-10-10,73.95,73.09,74.9,2026-10-09,Chronos
539162,2026-10-11,74.03,72.8,75.12,2026-10-09,Chronos
539162,2026-10-12,74.05,72.66,75.28,2026-10-09,Chronos
539162,2026-10-13,73.97,72.62,75.44,2026-10-09,Chronos
539162,2026-10-14,74.07,72.28,75.88,2026-10-09,Chronos
539162,2026-10-15,74.0,72.03,76.16,2026-10-09,Chronos
539162,2026-10-16,74.21,72.06,76.51,2026-10-09,Chronos
539162,2026-10-17,74.32,71.85,76.92,2026-10-09,Chronos
539162,2026-10-18,74.56,71.87,77.24,2026-10-09,Chronos
539162,2026-10-19,74.57,71.76,77.77,2026-10-09,Chronos
539162,2026-10-20,74.61,71.55,77.93,2026-10-09,Chronos
539162,2026-10-21,74.68,71.42,78.27,2026-10-09,Chronos
539162,2026-10-22,74.49,71.15,78.7,2026-10-09,Chronos
539162,2026-10-23,74.7,70.9,78.5,2026-10-09,Chronos
539162,2026-10-24,74.98,71.0,79.09,2026-10-09,Chronos
539162,2026-10-25,74.85,71.18,79.48,2026-10-09,Chronos
539162,2026-10-26,74.85,70.7,78.81,2026-10-09,Chronos
539162,2026-10-27,74.91,70.48,78.92,2026-10-09,Chronos
539162,2026-10-28,74.89,69.89,79.08,2026-10-09,Chronos
539162,2026-10-29,74.83,69.82,79.59,2026-10-09,Chronos
539162,2026-10-30,75.0,69.61,79.83,2026-10-09,Chronos
539162,2026-10-31,74.9,69.38,80.17,2026-10-09,Chronos
539162,2026-11-01,75.08,69.4,80.49,2026-10-09,Chronos
539162,2026-11-02,75.24,69.26,80.8,2026-10-09,Chronos
539162,2026-11-03,75.58,68.99,81.29,2026-10-09,Chronos
539162,2026-11-04,75.58,68.93,81.5,2026-10-09,Chronos
539162,2026-11-05,75.61,68.3,81.99,2026-10-09,Chronos
539162,2026-11-06,75.52,68.36,82.25,2026-10-09,Chronos
539162,2026-11-07,75.25,68.02,82.61,2026-10-09,Chronos
539162,2026-11-08,75.39,67.36,82.39,2026-10-09,Chronos
539163,2026-10-10,56.51,55.98,56.98,2026-10-09,Chronos
539163,2026-10-11,56.45,55.77,57.06,2026-10-09,Chronos
539163,2026-10-12,56.47,55.57,57.1,2026-10-09,Chronos
539163,2026-10-13,56.35,55.5,57.22,2026-10-09,Chronos
539163,2026-10-14,56.33,55.31,57.34,2026-10-09,Chronos
539163,2026-10-15,56.28,55.11,57.44,2026-10-09,Chronos
539163,2026-10-16,56.25,55.02,57.4,2026-10-09,Chronos
539163,2026-10-17,56.21,54.85,57.48,2026-10-09,Chronos
539163,2026-10-18,56.2,54.68,57.49,2026-10-09,Chronos
539163,2026-10-19,56.11,54.57,57.47,2026-10-09,Chronos
539163,2026-10-20,56.12,54.42,57.5,2026-10-09,Chronos
539163,2026-10-21,56.05,54.34,57.54,2026-10-09,Chronos
539163,2026-10-22,55.97,54.23,57.63,2026-10-09,Chronos
539163,2026-10-23,55.9,54.07,57.54,2026-10-09,Chronos
539163,2026-10-24,55.81,53.9,57.53,2026-10-09,Chronos
539163,2026-10-25,55.75,53.86,57.53,2026-10-09,Chronos
539163,2026-10-26,55.63,53.23,57.72,2026-10-09,Chronos
539163,2026-10-27,55.56,53.06,57.68,2026-10-09,Chronos
539163,2026-10-28,55.49,52.83,57.68,2026-10-09,Chronos
539163,2026-10-29,55.33,52.72,57.71,2026-10-09,Chronos
539163,2026-10-30,55.34,52.53,57.68,2026-10-09,Chronos
539163,2026-10-31,55.31,52.36,57.89,2026-10-09,Chronos
539163,2026-11-01,55.28,52.34,57.86,2026-10-09,Chronos
539163,2026-11-02,55.25,52.14,57.94,2026-10-09,Chronos
539163,2026-11-03,55.26,52.0,58.0,2026-10-09,Chronos
539163,2026-11-04,55.2,51.99,58.05,2026-10-09,Chronos
539163,2026-11-05,55.26,51.79,58.08,2026-10-09,Chronos
539163,2026-11-06,55.2,51.79,58.16,2026-10-09,Chronos
539163,2026-11-07,55.17,51.66,58.28,2026-10-09,Chronos
539163,2026-11-08,55.08,51.4,58.1,2026-10-09,Chronos
539164,2026-10-10,96.7,95.44,97.77,2026-10-09,Chronos
539164,2026-10-11,96.83,95.16,98.48,2026-10-09,Chronos
539164,2026-10-12,96.93,94.77,98.77,2026-10-09,Chronos
539164,2026-10-13,97.1,94.78,99.36,2026-10-09,Chronos
539164,2026-10-14,97.31,94.57,99.94,2026-10-09,Chronos
539164,2026-10-15,97.46,94.28,100.52,2026-10-09,Chronos
539164,2026-10-16,97.55,93.79,100.96,2026-10-09,Chronos
539164,2026-10-17,97.59,93.43,101.23,2026-10-09,Chronos
539164,2026-10-18,97.75,93.22,101.81,2026-10-09,Chronos
539164,2026-10-19,97.79,93.1,102.13,2026-10-09,Chronos
539164,2026-10-20,97.93,92.74,102.62,2026-10-09,Chronos
539164,2026-10-21,98.1,92.55,103.75,2026-10-09,Chronos
539164,2026-10-22,98.17,92.22,104.49,2026-10-09,Chronos
539164,2026-10-23,98.2,92.31,105.07,2026-10-09,Chronos
539164,2026-10-24,98.34,92.06,105.49,2026-10-09,Chronos
539164,2026-10-25,98.52,92.15,105.98,2026-10-09,Chronos
539164,2026-10-26,99.27,92.74,106.52,2026-10-09,Chronos
539164,2026-10-27,99.65,92.71,107.31,2026-10-09,Chronos
539164,2026-10-28,99.67,92.19,107.78,2026-10-09,Chronos
539164,2026-10-29,99.94,92.22,108.8,2026-10-09,Chronos
539164,2026-10-30,99.95,91.81,108.92,2026-10-09,Chronos
539164,2026-10-31,100.24,92.38,109.33,2026-10-09,Chronos
539164,2026-11-01,100.44,92.22,109.84,2026-10-09,Chronos
539164,2026-11-02,100.48,91.74,110.46,2026-10-09,Chronos
539164,2026-11-03,100.67,91.92,110.57,2026-10-09,Chronos
539164,2026-11-04,100.8,91.84,111.13,2026-10-09,Chronos
539164,2026-11-05,100.99,91.63,112.04,2026-10-09,Chronos
539164,2026-11-06,100.96,91.58,112.84,2026-10-09,Chronos
539164,2026-11-07,101.13,91.22,113.93,2026-10-09,Chronos
539164,2026-11-08,101.38,91.11,114.94,2026-10-09,Chronos
539165,2026-10-10,25.84,25.57,26.0,2026-10-09,Chronos
539165,2026-10-11,25.84,25.47,26.11,2026-10-09,Chronos
539165,2026-10-12,25.81,25.32,26.19,2026-10-09,Chronos
539165,2026-10-13,25.8,25.27,26.25,2026-10-09,Chronos
539165,2026-10-14,25.78,25.16,26.34,2026-10-09,Chronos
539165,2026-10-15,25.76,25.06,26.36,2026-10-09,Chronos
539165,2026-10-16,25.75,24.99,26.43,2026-10-09,Chronos
539165,2026-10-17,25.73,24.91,26.45,2026-10-09,Chronos
539165,2026-10-18,25.69,24.77,26.49,2026-10-09,Chronos
539165,2026-10-19,25.67,24.69,26.53,2026-10-09,Chronos
539165,2026-10-20,25.62,24.53,26.54,2026-10-09,Chronos
539165,2026-10-21,25.62,24.57,26.54,2026-10-09,Chronos
539165,2026-10-22,25.55,24.4,26.55,2026-10-09,Chronos
539165,2026-10-23,25.52,24.25,26.58,2026-10-09,Chronos
539165,2026-10-24,25.49,24.16,26.63,2026-10-09,Chronos
539165,2026-10-25,25.5,24.11,26.65,2026-10-09,Chronos
539165,2026-10-26,25.5,24.13,26.64,2026-10-09,Chronos
539165,2026-10-27,25.46,24.0,26.69,2026-10-09,Chronos
539165,2026-10-28,25.4,23.91,26.67,2026-10-09,Chronos
539165,2026-10-29,25.35,23.79,26.74,2026-10-09,Chronos
539165,2026-10-30,25.27,23.58,26.71,2026-10-09,Chronos
539165,2026-10-31,25.26,23.58,26.73,2026-10-09,Chronos
539165,2026-11-01,25.2,23.42,26.71,2026-10-09,Chronos
539165,2026-11-02,25.16,23.33,26.76,2026-10-09,Chronos
539165,2026-11-03,25.12,23.22,26.81,2026-10-09,Chronos
539165,2026-11-04,25.09,23.13,26.82,2026-10-09,Chronos
539165,2026-11-05,25.05,23.03,26.87,2026-10-09,Chronos
539165,2026-11-06,25.03,22.96,26.87,2026-10-09,Chronos
539165,2026-11-07,24.99,22.85,26.84,2026-10-09,Chronos
539165,2026-11-08,24.93,22.83,26.84,2026-10-09,Chronos
539166,2026-10-10,60.16,59.58,60.73,2026-10-09,Chronos
539166,2026-10-11,60.12,59.16,60.79,2026-10-09,Chronos
539166,2026-10-12,60.02,58.87,60.83,2026-10-09,Chronos
539166,2026-10-13,59.81,58.71,60.91,2026-10-09,Chronos
539166,2026-10-14,59.79,58.34,61.06,2026-10-09,Chronos
539166,2026-10-15,59.67,58.02,61.15,2026-10-09,Chronos
539166,2026-10-16,59.65,57.9,61.24,2026-10-09,Chronos
539166,2026-10-17,59.62,57.63,61.36,2026-10-09,Chronos
539166,2026-10-18,59.66,57.44,61.5,2026-10-09,Chronos
539166,2026-10-19,59.53,57.24,61.66,2026-10-09,Chronos
539166,2026-10-20,59.44,56.96,61.64,2026-10-09,Chronos
539166,2026-10-21,59.33,56.72,61.61,2026-10-09,Chronos
539166,2026-10-22,59.13,56.46,61.71,2026-10-09,Chronos
539166,2026-10-23,59.14,56.1,61.56,2026-10-09,Chronos
539166,2026-10-24,59.11,55.85,61.83,2026-10-09,Chronos
539166,2026-10-25,58.93,55.71,61.98,2026-10-09,Chronos
539166,2026-10-26,59.35,55.75,62.3,2026-10-09,Chronos
539166,2026-10-27,59.25,55.51,62.26,2026-10-09,Chronos
539166,2026-10-28,59.05,54.82,62.32,2026-10-09,Chronos
539166,2026-10-29,58.86,54.47,62.41,2026-10-09,Chronos
539166,2026-10-30,58.84,54.38,62.43,2026-10-09,Chronos
539166,2026-10-31,58.65,53.91,62.53,2026-10-09,Chronos
539166,2026-11-01,58.55,53.36,62.68,2026-10-09,Chronos
539166,2026-11-02,58.55,53.19,62.76,2026-10-09,Chronos
539166,2026-11-03,58.61,52.87,63.06,2026-10-09,Chronos
539166,2026-11-04,58.46,52.81,63.01,2026-10-09,Chronos
539166,2026-11-05,58.34,51.93,63.2,2026-10-09,Chronos
539166,2026-11-06,58.17,51.55,63.09,2026-10-09,Chronos
539166,2026-11-07,57.98,51.04,63.17,2026-10-09,Chronos
539166,2026-11-08,57.78,50.52,62.86,2026-10-09,Chronos
539167,2026-10-10,26.0,25.78,26.21,2026-10-09,Chronos
539167,2026-10-11,26.01,25.65,26.29,2026-10-09,Chronos
539167,2026-10-12,25.95,25.54,26.33,2026-10-09,Chronos
539167,2026-10-13,25.91,25.46,26.39,2026-10-09,Chronos
539167,2026-10-14,25.89,25.37,26.45,2026-10-09,Chronos
539167,2026-10-15,25.88,25.29,26.51,2026-10-09,Chronos
539167,2026-10-16,25.87,25.17,26.6,2026-10-09,Chronos
539167,2026-10-17,25.82,25.09,26.56,2026-10-09,Chronos
539167,2026-10-18,25.82,25.01,26.61,2026-10-09,Chronos
539167,2026-10-19,25.77,24.93,26.67,2026-10-09,Chronos
539167,2026-10-20,25.75,24.81,26.77,2026-10-09,Chronos
539167,2026-10-21,25.73,24.69,26.84,2026-10-09,Chronos
539167,2026-10-22,25.7,24.57,26.91,2026-10-09,Chronos
539167,2026-10-23,25.67,24.48,26.97,2026-10-09,Chronos
539167,2026-10-24,25.63,24.45,26.96,2026-10-09,Chronos
539167,2026-10-25,25.64,24.4,26.99,2026-10-09,Chronos
539167,2026-10-26,25.58,24.4,26.84,2026-10-09,Chronos
539167,2026-10-27,25.54,24.22,26.89,2026-10-09,Chronos
539167,2026-10-28,25.45,24.07,26.94,2026-10-09,Chronos
539167,2026-10-29,25.41,24.04,26.87,2026-10-09,Chronos
539167,2026-10-30,25.38,23.88,26.91,2026-10-09,Chronos
539167,2026-10-31,25.33,23.89,26.95,2026-10-09,Chronos
539167,2026-11-01,25.31,23.76,27.03,2026-10-09,Chronos
539167,2026-11-02,25.29,23.62,27.1,2026-10-09,Chronos
539167,2026-11-03,25.26,23.57,27.17,2026-10-09,Chronos
539167,2026-11-04,25.22,23.44,27.19,2026-10-09,Chronos
539167,2026-11-05,25.19,23.39,27.17,2026-10-09,Chronos
539167,2026-11-06,25.15,23.29,27.25,2026-10-09,Chronos
539167,2026-11-07,25.11,23.07,27.39,2026-10-09,Chronos
539167,2026-11-08,25.04,22.93,27.56,2026-10-09,Chronos
539168,2026-10-10,91.02,90.56,91.44,2026-10-09,Chronos
539168,2026-10-11,91.09,90.41,91.63,2026-10-09,Chronos
539168,2026-10-12,91.18,90.42,91.75,2026-10-09,Chronos
539168,2026-10-13,91.12,90.3,91.95,2026-10-09,Chronos
539168,2026-10-14,91.26,90.15,92.21,2026-10-09,Chronos
539168,2026-10-15,91.26,90.19,92.47,2026-10-09,Chronos
539168,2026-10-16,91.45,90.17,92.69,2026-10-09,Chronos
539168,2026-10-17,91.56,89.92,92.99,2026-10-09,Chronos
539168,2026-10-18,91.78,90.11,93.23,2026-10-09,Chronos
539168,2026-10-19,91.82,90.03,93.55,2026-10-09,Chronos
539168,2026-10-20,91.83,89.93,93.57,2026-10-09,Chronos
539168,2026-10-21,91.82,89.66,93.62,2026-10-09,Chronos
539168,2026-10-22,91.64,89.47,93.92,2026-10-09,Chronos
539168,2026-10-23,91.89,89.51,93.81,2026-10-09,Chronos
539168,2026-10-24,92.11,89.37,94.29,2026-10-09,Chronos
539168,2026-10-25,91.92,89.38,94.46,2026-10-09,Chronos
539168,2026-10-26,92.53,89.51,94.78,2026-10-09,Chronos
539168,2026-10-27,92.61,89.45,94.85,2026-10-09,Chronos
539168,2026-10-28,92.72,89.3,94.96,2026-10-09,Chronos
539168,2026-10-29,92.63,89.34,95.17,2026-10-09,Chronos
539168,2026-10-30,92.73,88.98,95.45,2026-10-09,Chronos
539168,2026-10-31,92.74,88.87,95.6,2026-10-09,Chronos
539168,2026-11-01,92.88,88.9,95.84,2026-10-09,Chronos
539168,2026-11-02,93.02,88.67,96.21,2026-10-09,Chronos
539168,2026-11-03,93.25,88.49,96.44,2026-10-09,Chronos
539168,2026-11-04,93.28,88.52,96.75,2026-10-09,Chronos
539168,2026-11-05,93.25,88.0,96.78,2026-10-09,Chronos
539168,2026-11-06,93.22,87.89,96.72,2026-10-09,Chronos
539168,2026-11-07,92.95,87.33,96.86,2026-10-09,Chronos
539168,2026-11-08,93.13,86.83,96.65,2026-10-09,Chronos
539169,2026-10-10,21.95,21.71,22.12,2026-10-09,Chronos
539169,2026-10-11,21.96,21.62,22.24,2026-10-09,Chronos
539169,2026-10-12,21.92,21.5,22.31,2026-10-09,Chronos
539169,2026-10-13,21.91,21.44,22.39,2026-10-09,Chronos
539169,2026-10-14,21.9,21.33,22.42,2026-10-09,Chronos
539169,2026-10-15,21.88,21.24,22.48,2026-10-09,Chronos
539169,2026-10-16,21.86,21.1,22.58,2026-10-09,Chronos
539169,2026-10-17,21.81,20.97,22.65,2026-10-09,Chronos
539169,2026-10-18,21.78,20.84,22.66,2026-10-09,Chronos
539169,2026-10-19,21.75,20.72,22.77,2026-10-09,Chronos
539169,2026-10-20,21.73,20.57,22.86,2026-10-09,Chronos
539169,2026-10-21,21.69,20.5,22.86,2026-10-09,Chronos
539169,2026-10-22,21.65,20.37,22.91,2026-10-09,Chronos
539169,2026-10-23,21.63,20.34,22.99,2026-10-09,Chronos
539169,2026-10-24,21.63,20.26,23.04,2026-10-09,Chronos
539169,2026-10-25,21.61,20.19,23.01,2026-10-09,Chronos
539169,2026-10-26,21.54,20.13,22.88,2026-10-09,Chronos
539169,2026-10-27,21.51,19.98,22.95,2026-10-09,Chronos
539169,2026-10-28,21.45,19.84,22.99,2026-10-09,Chronos
539169,2026-10-29,21.46,19.7,23.04,2026-10-09,Chronos
539169,2026-10-30,21.39,19.52,23.16,2026-10-09,Chronos
539169,2026-10-31,21.37,19.5,23.15,2026-10-09,Chronos
539169,2026-11-01,21.33,19.36,23.18,2026-10-09,Chronos
539169,2026-11-02,21.29,19.23,23.19,2026-10-09,Chronos
539169,2026-11-03,21.26,19.2,23.2,2026-10-09,Chronos
539169,2026-11-04,21.23,19.08,23.25,2026-10-09,Chronos
539169,2026-11-05,21.2,19.04,23.28,2026-10-09,Chronos
539169,2026-11-06,21.16,19.01,23.2,2026-10-09,Chronos
539169,2026-11-07,21.09,18.84,23.2,2026-10-09,Chronos
539169,2026-11-08,21.06,18.83,23.21,2026-10-09,Chronos
539171,2026-10-10,108.09,107.41,108.66,2026-10-09,Chronos
539171,2026-10-11,108.25,107.2,108.89,2026-10-09,Chronos
539171,2026-10-12,108.14,107.03,108.98,2026-10-09,Chronos
539171,2026-10-13,108.14,106.93,109.24,2026-10-09,Chronos
539171,2026-10-14,108.15,106.7,109.33,2026-10-09,Chronos
539171,2026-10-15,108.2,106.32,109.54,2026-10-09,Chronos
539171,2026-10-16,108.21,106.27,109.61,2026-10-09,Chronos
539171,2026-10-17,108.13,105.85,109.74,2026-10-09,Chronos
539171,2026-10-18,108.12,105.49,109.86,2026-10-09,Chronos
539171,2026-10-19,108.0,105.14,109.89,2026-10-09,Chronos
539171,2026-10-20,108.05,104.69,110.01,2026-10-09,Chronos
539171,2026-10-21,107.96,104.05,110.1,2026-10-09,Chronos
539171,2026-10-22,107.82,103.09,110.15,2026-10-09,Chronos
539171,2026-10-23,107.84,102.17,110.55,2026-10-09,Chronos
539171,2026-10-24,107.68,101.55,110.68,2026-10-09,Chronos
539171,2026-10-25,107.67,101.29,110.78,2026-10-09,Chronos
539171,2026-10-26,107.04,99.99,110.56,2026-10-09,Chronos
539171,2026-10-27,106.81,99.05,110.31,2026-10-09,Chronos
539171,2026-10-28,106.54,97.62,110.41,2026-10-09,Chronos
539171,2026-10-29,106.23,96.49,111.08,2026-10-09,Chronos
539171,2026-10-30,105.98,94.39,110.86,2026-10-09,Chronos
539171,2026-10-31,105.38,92.59,110.59,2026-10-09,Chronos
539171,2026-11-01,105.0,89.36,110.97,2026-10-09,Chronos
539171,2026-11-02,104.33,87.08,111.57,2026-10-09,Chronos
539171,2026-11-03,103.56,83.57,111.92,2026-10-09,Chronos
539171,2026-11-04,102.8,80.68,112.52,2026-10-09,Chronos
539171,2026-11-05,101.92,77.82,112.78,2026-10-09,Chronos
539171,2026-11-06,101.14,76.61,112.78,2026-10-09,Chronos
539171,2026-11-07,100.71,75.14,113.17,2026-10-09,Chronos
539171,2026-11-08,100.15,75.08,112.78,2026-10-09,Chronos
539173,2026-10-10,75.96,74.89,76.78,2026-10-09,Chronos
539173,2026-10-11,75.9,74.52,76.94,2026-10-09,Chronos
539173,2026-10-12,75.81,74.17,76.99,2026-10-09,Chronos
539173,2026-10-13,75.83,74.03,77.16,2026-10-09,Chronos
539173,2026-10-14,75.84,73.84,77.53,2026-10-09,Chronos
539173,2026-10-15,75.88,73.47,77.5,2026-10-09,Chronos
539173,2026-10-16,75.82,73.35,77.67,2026-10-09,Chronos
539173,2026-10-17,75.8,73.1,77.71,2026-10-09,Chronos
539173,2026-10-18,75.78,72.84,77.77,2026-10-09,Chronos
539173,2026-10-19,75.68,72.64,77.68,2026-10-09,Chronos
539173,2026-10-20,75.63,72.32,77.81,2026-10-09,Chronos
539173,2026-10-21,75.63,72.18,77.97,2026-10-09,Chronos
539173,2026-10-22,75.59,72.09,77.98,2026-10-09,Chronos
539173,2026-10-23,75.38,71.81,77.96,2026-10-09,Chronos
539173,2026-10-24,75.37,71.56,77.92,2026-10-09,Chronos
539173,2026-10-25,75.35,71.54,78.09,2026-10-09,Chronos
539173,2026-10-26,75.53,71.18,78.63,2026-10-09,Chronos
539173,2026-10-27,75.4,70.69,78.63,2026-10-09,Chronos
539173,2026-10-28,75.37,70.36,78.67,2026-10-09,Chronos
539173,2026-10-29,75.37,69.99,78.9,2026-10-09,Chronos
539173,2026-10-30,75.28,70.01,78.87,2026-10-09,Chronos
539173,2026-10-31,75.35,69.67,79.11,2026-10-09,Chronos
539173,2026-11-01,75.32,69.36,79.23,2026-10-09,Chronos
539173,2026-11-02,75.25,69.13,79.33,2026-10-09,Chronos
539173,2026-11-03,75.25,68.77,79.47,2026-10-09,Chronos
539173,2026-11-04,75.17,68.45,79.61,2026-10-09,Chronos
539173,2026-11-05,75.05,67.96,79.73,2026-10-09,Chronos
539173,2026-11-06,74.97,67.57,79.78,2026-10-09,Chronos
539173,2026-11-07,74.81,67.43,79.84,2026-10-09,Chronos
539173,2026-11-08,74.62,66.88,79.82,2026-10-09,Chronos
539273,2026-10-10,61.63,61.22,61.98,2026-10-09,Chronos
539273,2026-10-11,61.68,61.07,62.09,2026-10-09,Chronos
539273,2026-10-12,61.6,60.9,62.19,2026-10-09,Chronos
539273,2026-10-13,61.62,60.79,62.36,2026-10-09,Chronos
539273,2026-10-14,61.64,60.74,62.5,2026-10-09,Chronos
539273,2026-10-15,61.64,60.65,62.6,2026-10-09,Chronos
539273,2026-10-16,61.68,60.65,62.71,2026-10-09,Chronos
539273,2026-10-17,61.62,60.5,62.72,2026-10-09,Chronos
539273,2026-10-18,61.69,60.39,62.82,2026-10-09,Chronos
539273,2026-10-19,61.69,60.32,62.99,2026-10-09,Chronos
539273,2026-10-20,61.71,60.23,63.15,2026-10-09,Chronos
539273,2026-10-21,61.72,60.29,63.24,2026-10-09,Chronos
539273,2026-10-22,61.74,60.18,63.43,2026-10-09,Chronos
539273,2026-10-23,61.75,60.01,63.49,2026-10-09,Chronos
539273,2026-10-24,61.73,59.98,63.81,2026-10-09,Chronos
539273,2026-10-25,61.75,60.04,63.72,2026-10-09,Chronos
539273,2026-10-26,61.87,59.85,64.14,2026-10-09,Chronos
539273,2026-10-27,61.89,59.79,64.3,2026-10-09,Chronos
539273,2026-10-28,61.85,59.47,64.5,2026-10-09,Chronos
539273,2026-10-29,61.9,59.33,64.53,2026-10-09,Chronos
539273,2026-10-30,61.86,59.21,64.84,2026-10-09,Chronos
539273,2026-10-31,61.91,59.24,64.87,2026-10-09,Chronos
539273,2026-11-01,61.91,59.07,64.95,2026-10-09,Chronos
539273,2026-11-02,61.88,58.96,65.03,2026-10-09,Chronos
539273,2026-11-03,61.97,58.86,65.18,2026-10-09,Chronos
539273,2026-11-04,61.93,58.85,65.58,2026-10-09,Chronos
539273,2026-11-05,61.94,58.46,65.77,2026-10-09,Chronos
539273,2026-11-06,61.98,58.45,65.97,2026-10-09,Chronos
539273,2026-11-07,62.02,58.07,66.24,2026-10-09,Chronos
539273,2026-11-08,61.98,58.13,66.46,2026-10-09,Chronos
539274,2026-10-10,54.48,54.07,54.91,2026-10-09,Chronos
539274,2026-10-11,54.52,53.97,55.04,2026-10-09,Chronos
539274,2026-10-12,54.53,53.86,55.12,2026-10-09,Chronos
539274,2026-10-13,54.49,53.82,55.21,2026-10-09,Chronos
539274,2026-10-14,54.54,53.71,55.42,2026-10-09,Chronos
539274,2026-10-15,54.52,53.6,55.55,2026-10-09,Chronos
539274,2026-10-16,54.61,53.62,55.69,2026-10-09,Chronos
539274,2026-10-17,54.68,53.54,55.85,2026-10-09,Chronos
539274,2026-10-18,54.75,53.55,55.98,2026-10-09,Chronos
539274,2026-10-19,54.74,53.49,56.21,2026-10-09,Chronos
539274,2026-10-20,54.76,53.43,56.17,2026-10-09,Chronos
539274,2026-10-21,54.77,53.32,56.28,2026-10-09,Chronos
539274,2026-10-22,54.68,53.19,56.4,2026-10-09,Chronos
539274,2026-10-23,54.77,53.11,56.31,2026-10-09,Chronos
539274,2026-10-24,54.82,53.08,56.59,2026-10-09,Chronos
539274,2026-10-25,54.8,53.17,56.74,2026-10-09,Chronos
539274,2026-10-26,54.93,53.35,56.63,2026-10-09,Chronos
539274,2026-10-27,54.94,53.31,56.71,2026-10-09,Chronos
539274,2026-10-28,54.9,52.98,56.76,2026-10-09,Chronos
539274,2026-10-29,54.85,53.06,56.9,2026-10-09,Chronos
539274,2026-10-30,54.91,52.86,57.06,2026-10-09,Chronos
539274,2026-10-31,54.85,52.73,57.16,2026-10-09,Chronos
539274,2026-11-01,54.9,52.69,57.32,2026-10-09,Chronos
539274,2026-11-02,54.97,52.61,57.49,2026-10-09,Chronos
539274,2026-11-03,55.06,52.52,57.69,2026-10-09,Chronos
539274,2026-11-04,55.06,52.45,57.78,2026-10-09,Chronos
539274,2026-11-05,55.06,52.26,57.94,2026-10-09,Chronos
539274,2026-11-06,55.02,52.22,58.0,2026-10-09,Chronos
539274,2026-11-07,54.92,52.11,58.11,2026-10-09,Chronos
539274,2026-11-08,54.98,51.87,58.01,2026-10-09,Chronos
539275,2026-10-10,33.84,33.46,34.22,2026-10-09,Chronos
539275,2026-10-11,33.83,33.33,34.34,2026-10-09,Chronos
539275,2026-10-12,33.81,33.16,34.42,2026-10-09,Chronos
539275,2026-10-13,33.82,33.1,34.53,2026-10-09,Chronos
539275,2026-10-14,33.84,33.07,34.69,2026-10-09,Chronos
539275,2026-10-15,33.89,33.01,34.8,2026-10-09,Chronos
539275,2026-10-16,33.91,32.91,34.99,2026-10-09,Chronos
539275,2026-10-17,33.91,32.83,35.14,2026-10-09,Chronos
539275,2026-10-18,33.95,32.8,35.29,2026-10-09,Chronos
539275,2026-10-19,33.97,32.75,35.4,2026-10-09,Chronos
539275,2026-10-20,33.98,32.62,35.59,2026-10-09,Chronos
539275,2026-10-21,34.01,32.55,35.78,2026-10-09,Chronos
539275,2026-10-22,34.02,32.48,35.96,2026-10-09,Chronos
539275,2026-10-23,34.07,32.41,36.17,2026-10-09,Chronos
539275,2026-10-24,34.11,32.34,36.47,2026-10-09,Chronos
539275,2026-10-25,34.15,32.29,36.55,2026-10-09,Chronos
539275,2026-10-26,33.81,31.76,36.17,2026-10-09,Chronos
539275,2026-10-27,33.86,31.59,36.19,2026-10-09,Chronos
539275,2026-10-28,33.79,31.44,36.38,2026-10-09,Chronos
539275,2026-10-29,33.86,31.4,36.6,2026-10-09,Chronos
539275,2026-10-30,33.82,31.23,36.72,2026-10-09,Chronos
539275,2026-10-31,33.88,31.23,36.85,2026-10-09,Chronos
539275,2026-11-01,33.87,31.03,37.06,2026-10-09,Chronos
539275,2026-11-02,33.85,30.89,37.2,2026-10-09,Chronos
539275,2026-11-03,33.85,30.9,37.15,2026-10-09,Chronos
539275,2026-11-04,33.86,30.71,37.41,2026-10-09,Chronos
539275,2026-11-05,33.86,30.64,37.55,2026-10-09,Chronos
539275,2026-11-06,33.85,30.55,37.59,2026-10-09,Chronos
539275,2026-11-07,33.82,30.37,37.69,2026-10-09,Chronos
539275,2026-11-08,33.81,30.34,37.77,2026-10-09,Chronos
539276,2026-10-10,201.27,197.57,205.86,2026-10-09,Chronos
539276,2026-10-11,201.24,196.07,206.24,2026-10-09,Chronos
539276,2026-10-12,201.33,195.62,206.62,2026-10-09,Chronos
539276,2026-10-13,201.07,195.42,207.27,2026-10-09,Chronos
539276,2026-10-14,201.24,193.84,208.42,2026-10-09,Chronos
539276,2026-10-15,200.99,193.04,209.23,2026-10-09,Chronos
539276,2026-10-16,201.71,193.09,210.41,2026-10-09,Chronos
539276,2026-10-17,201.83,192.24,211.25,2026-10-09,Chronos
539276,2026-10-18,202.49,192.43,212.52,2026-10-09,Chronos
539276,2026-10-19,202.39,191.81,213.73,2026-10-09,Chronos
539276,2026-10-20,202.15,190.95,213.25,2026-10-09,Chronos
539276,2026-10-21,201.88,189.53,213.85,2026-10-09,Chronos
539276,2026-10-22,200.72,188.15,214.37,2026-10-09,Chronos
539276,2026-10-23,201.49,187.29,213.8,2026-10-09,Chronos
539276,2026-10-24,202.38,187.6,216.48,2026-10-09,Chronos
539276,2026-10-25,201.83,187.87,217.0,2026-10-09,Chronos
539276,2026-10-26,201.93,186.03,218.44,2026-10-09,Chronos
539276,2026-10-27,202.0,185.12,218.31,2026-10-09,Chronos
539276,2026-10-28,201.53,182.75,218.57,2026-10-09,Chronos
539276,2026-10-29,201.58,182.8,220.24,2026-10-09,Chronos
539276,2026-10-30,201.71,181.53,221.18,2026-10-09,Chronos
539276,2026-10-31,200.89,180.55,221.25,2026-10-09,Chronos
539276,2026-11-01,201.49,180.41,222.49,2026-10-09,Chronos
539276,2026-11-02,201.87,179.83,223.65,2026-10-09,Chronos
539276,2026-11-03,202.49,178.46,225.3,2026-10-09,Chronos
539276,2026-11-04,202.1,177.68,225.71,2026-10-09,Chronos
539276,2026-11-05,201.74,175.5,225.75,2026-10-09,Chronos
539276,2026-11-06,201.18,175.35,226.36,2026-10-09,Chronos
539276,2026-11-07,199.93,174.07,226.94,2026-10-09,Chronos
539276,2026-11-08,200.77,171.29,226.81,2026-10-09,Chronos
550535,2026-10-10,79.01,78.71,79.32,2026-10-09,Chronos
550535,2026-10-11,78.99,78.57,79.35,2026-10-09,Chronos
550535,2026-10-12,78.98,78.54,79.32,2026-10-09,Chronos
550535,2026-10-13,78.95,78.49,79.39,2026-10-09,Chronos
550535,2026-10-14,78.99,78.45,79.5,2026-10-09,Chronos
550535,2026-10-15,78.97,78.34,79.51,2026-10-09,Chronos
550535,2026-10-16,78.99,78.33,79.51,2026-10-09,Chronos
550535,2026-10-17,78.87,78.19,79.51,2026-10-09,Chronos
550535,2026-10-18,78.96,78.15,79.55,2026-10-09,Chronos
550535,2026-10-19,78.9,78.05,79.55,2026-10-09,Chronos
550535,2026-10-20,78.87,77.94,79.67,2026-10-09,Chronos
550535,2026-10-21,78.87,78.05,79.67,2026-10-09,Chronos
550535,2026-10-22,78.84,77.96,79.68,2026-10-09,Chronos
550535,2026-10-23,78.84,77.84,79.73,2026-10-09,Chronos
550535,2026-10-24,78.79,77.81,79.77,2026-10-09,Chronos
550535,2026-10-25,78.79,77.81,79.81,2026-10-09,Chronos
550535,2026-10-26,78.73,77.47,80.1,2026-10-09,Chronos
550535,2026-10-27,78.73,77.46,79.99,2026-10-09,Chronos
550535,2026-10-28,78.7,77.31,79.99,2026-10-09,Chronos
550535,2026-10-29,78.71,77.29,80.09,2026-10-09,Chronos
550535,2026-10-30,78.7,77.28,80.23,2026-10-09,Chronos
550535,2026-10-31,78.75,77.12,80.24,2026-10-09,Chronos
550535,2026-11-01,78.73,77.14,80.34,2026-10-09,Chronos
550535,2026-11-02,78.64,77.02,80.19,2026-10-09,Chronos
550535,2026-11-03,78.73,76.96,80.39,2026-10-09,Chronos
550535,2026-11-04,78.7,76.84,80.44,2026-10-09,Chronos
550535,2026-11-05,78.64,76.69,80.67,2026-10-09,Chronos
550535,2026-11-06,78.64,76.66,80.81,2026-10-09,Chronos
550535,2026-11-07,78.61,76.53,80.96,2026-10-09,Chronos
550535,2026-11-08,78.64,76.52,81.02,2026-10-09,Chronos
550536,2026-10-10,23.6,23.35,23.85,2026-10-09,Chronos
550536,2026-10-11,23.58,23.24,23.88,2026-10-09,Chronos
550536,2026-10-12,23.55,23.12,23.89,2026-10-09,Chronos
550536,2026-10-13,23.49,23.05,23.91,2026-10-09,Chronos
550536,2026-10-14,23.48,22.93,23.98,2026-10-09,Chronos
550536,2026-10-15,23.41,22.8,24.01,2026-10-09,Chronos
550536,2026-10-16,23.41,22.76,24.05,2026-10-09,Chronos
550536,2026-10-17,23.4,22.66,24.11,2026-10-09,Chronos
550536,2026-10-18,23.41,22.59,24.16,2026-10-09,Chronos
550536,2026-10-19,23.38,22.54,24.26,2026-10-09,Chronos
550536,2026-10-20,23.34,22.43,24.19,2026-10-09,Chronos
550536,2026-10-21,23.29,22.34,24.21,2026-10-09,Chronos
550536,2026-10-22,23.23,22.24,24.27,2026-10-09,Chronos
550536,2026-10-23,23.22,22.09,24.19,2026-10-09,Chronos
550536,2026-10-24,23.19,22.06,24.31,2026-10-09,Chronos
550536,2026-10-25,23.1,21.99,24.3,2026-10-09,Chronos
550536,2026-10-26,23.23,22.0,24.39,2026-10-09,Chronos
550536,2026-10-27,23.18,21.87,24.37,2026-10-09,Chronos
550536,2026-10-28,23.1,21.66,24.38,2026-10-09,Chronos
550536,2026-10-29,23.03,21.61,24.39,2026-10-09,Chronos
550536,2026-10-30,23.01,21.49,24.46,2026-10-09,Chronos
550536,2026-10-31,22.93,21.33,24.45,2026-10-09,Chronos
550536,2026-11-01,22.9,21.25,24.51,2026-10-09,Chronos
550536,2026-11-02,22.88,21.16,24.56,2026-10-09,Chronos
550536,2026-11-03,22.88,20.97,24.65,2026-10-09,Chronos
550536,2026-11-04,22.84,20.92,24.7,2026-10-09,Chronos
550536,2026-11-05,22.79,20.64,24.68,2026-10-09,Chronos
550536,2026-11-06,22.72,20.62,24.7,2026-10-09,Chronos
550536,2026-11-07,22.65,20.44,24.76,2026-10-09,Chronos
550536,2026-11-08,22.62,20.21,24.69,2026-10-09,Chronos
550537,2026-10-10,123.36,121.16,125.04,2026-10-09,Chronos
550537,2026-10-11,123.74,120.6,125.71,2026-10-09,Chronos
550537,2026-10-12,123.77,120.24,126.09,2026-10-09,Chronos
550537,2026-10-13,123.59,120.26,126.6,2026-10-09,Chronos
550537,2026-10-14,123.85,119.14,127.27,2026-10-09,Chronos
550537,2026-10-15,123.62,118.2,127.8,2026-10-09,Chronos
550537,2026-10-16,123.89,118.33,128.29,2026-10-09,Chronos
550537,2026-10-17,124.14,117.78,129.07,2026-10-09,Chronos
550537,2026-10-18,124.61,117.27,129.8,2026-10-09,Chronos
550537,2026-10-19,124.66,117.07,130.63,2026-10-09,Chronos
550537,2026-10-20,124.59,116.12,130.64,2026-10-09,Chronos
550537,2026-10-21,124.4,115.57,130.8,2026-10-09,Chronos
550537,2026-10-22,123.53,114.41,131.25,2026-10-09,Chronos
550537,2026-10-23,123.86,112.91,130.89,2026-10-09,Chronos
550537,2026-10-24,124.2,112.05,132.17,2026-10-09,Chronos
550537,2026-10-25,123.52,112.53,132.23,2026-10-09,Chronos
550537,2026-10-26,124.85,112.82,134.22,2026-10-09,Chronos
550537,2026-10-27,125.02,112.92,134.11,2026-10-09,Chronos
550537,2026-10-28,125.13,111.77,134.79,2026-10-09,Chronos
550537,2026-10-29,125.15,110.7,135.83,2026-10-09,Chronos
550537,2026-10-30,125.24,111.02,135.91,2026-10-09,Chronos
550537,2026-10-31,124.87,110.27,136.15,2026-10-09,Chronos
550537,2026-11-01,125.04,109.19,136.77,2026-10-09,Chronos
550537,2026-11-02,125.55,109.08,137.82,2026-10-09,Chronos
550537,2026-11-03,126.03,108.25,138.47,2026-10-09,Chronos
550537,2026-11-04,125.65,108.64,138.14,2026-10-09,Chronos
550537,2026-11-05,125.55,106.6,138.71,2026-10-09,Chronos
550537,2026-11-06,125.21,106.49,138.55,2026-10-09,Chronos
550537,2026-11-07,124.43,105.03,138.66,2026-10-09,Chronos
550537,2026-11-08,124.66,104.4,137.9,2026-10-09,Chronos
550538,2026-10-10,54.47,54.08,54.87,2026-10-09,Chronos
550538,2026-10-11,54.51,53.87,55.05,2026-10-09,Chronos
550538,2026-10-12,54.52,53.71,55.22,2026-10-09,Chronos
550538,2026-10-13,54.51,53.66,55.49,2026-10-09,Chronos
550538,2026-10-14,54.57,53.38,55.81,2026-10-09,Chronos
550538,2026-10-15,54.62,53.3,56.06,2026-10-09,Chronos
550538,2026-10-16,54.69,53.2,56.25,2026-10-09,Chronos
550538,2026-10-17,54.68,52.96,56.42,2026-10-09,Chronos
550538,2026-10-18,54.81,52.89,56.65,2026-10-09,Chronos
550538,2026-10-19,54.79,52.75,56.78,2026-10-09,Chronos
550538,2026-10-20,54.75,52.54,56.97,2026-10-09,Chronos
550538,2026-10-21,54.72,52.43,57.15,2026-10-09,Chronos
550538,2026-10-22,54.58,52.27,57.36,2026-10-09,Chronos
550538,2026-10-23,54.68,52.02,57.4,2026-10-09,Chronos
550538,2026-10-24,54.79,51.76,57.5,2026-10-09,Chronos
550538,2026-10-25,54.62,51.61,57.61,2026-10-09,Chronos
550538,2026-10-26,54.89,51.47,58.09,2026-10-09,Chronos
550538,2026-10-27,54.83,51.46,58.17,2026-10-09,Chronos
550538,2026-10-28,54.79,51.2,58.23,2026-10-09,Chronos
550538,2026-10-29,54.73,50.88,58.45,2026-10-09,Chronos
550538,2026-10-30,54.79,50.67,58.45,2026-10-09,Chronos
550538,2026-10-31,54.71,50.56,58.76,2026-10-09,Chronos
550538,2026-11-01,54.77,50.3,58.9,2026-10-09,Chronos
550538,2026-11-02,54.76,50.04,59.0,2026-10-09,Chronos
550538,2026-11-03,54.92,49.97,59.05,2026-10-09,Chronos
550538,2026-11-04,54.85,50.06,59.21,2026-10-09,Chronos
550538,2026-11-05,54.81,49.52,59.38,2026-10-09,Chronos
550538,2026-11-06,54.73,49.29,59.62,2026-10-09,Chronos
550538,2026-11-07,54.65,48.96,59.79,2026-10-09,Chronos
550538,2026-11-08,54.69,48.76,59.52,2026-10-09,Chronos
550540,2026-10-10,39.55,39.24,39.78,2026-10-09,Chronos
550540,2026-10-11,39.55,39.19,39.88,2026-10-09,Chronos
550540,2026-10-12,39.54,39.13,39.96,2026-10-09,Chronos
550540,2026-10-13,39.54,39.11,40.02,2026-10-09,Chronos
550540,2026-10-14,39.55,39.03,40.2,2026-10-09,Chronos
550540,2026-10-15,39.63,39.02,40.32,2026-10-09,Chronos
550540,2026-10-16,39.64,39.01,40.42,2026-10-09,Chronos
550540,2026-10-17,39.66,38.94,40.5,2026-10-09,Chronos
550540,2026-10-18,39.71,38.95,40.67,2026-10-09,Chronos
550540,2026-10-19,39.73,38.91,40.8,2026-10-09,Chronos
550540,2026-10-20,39.74,38.87,40.9,2026-10-09,Chronos
550540,2026-10-21,39.74,38.82,41.11,2026-10-09,Chronos
550540,2026-10-22,39.73,38.73,41.36,2026-10-09,Chronos
550540,2026-10-23,39.76,38.65,41.49,2026-10-09,Chronos
550540,2026-10-24,39.82,38.61,41.54,2026-10-09,Chronos
550540,2026-10-25,39.77,38.7,41.61,2026-10-09,Chronos
550540,2026-10-26,39.9,38.5,41.98,2026-10-09,Chronos
550540,2026-10-27,39.84,38.25,42.14,2026-10-09,Chronos
550540,2026-10-28,39.83,38.2,42.2,2026-10-09,Chronos
550540,2026-10-29,39.85,38.16,42.3,2026-10-09,Chronos
550540,2026-10-30,39.86,38.18,42.64,2026-10-09,Chronos
550540,2026-10-31,39.92,38.1,42.79,2026-10-09,Chronos
550540,2026-11-01,39.91,38.13,42.93,2026-10-09,Chronos
550540,2026-11-02,39.98,38.08,43.2,2026-10-09,Chronos
550540,2026-11-03,40.04,37.93,43.55,2026-10-09,Chronos
550540,2026-11-04,40.06,37.94,43.67,2026-10-09,Chronos
550540,2026-11-05,40.08,37.72,44.02,2026-10-09,Chronos
550540,2026-11-06,40.05,37.73,44.35,2026-10-09,Chronos
550540,2026-11-07,40.03,37.51,44.68,2026-10-09,Chronos
550540,2026-11-08,40.03,37.37,44.71,2026-10-09,Chronos
550541,2026-10-10,40.03,39.7,40.39,2026-10-09,Chronos
550541,2026-10-11,40.02,39.49,40.6,2026-10-09,Chronos
550541,2026-10-12,39.95,39.3,40.72,2026-10-09,Chronos
550541,2026-10-13,39.93,39.21,40.92,2026-10-09,Chronos
550541,2026-10-14,39.91,39.09,41.14,2026-10-09,Chronos
550541,2026-10-15,39.89,38.96,41.25,2026-10-09,Chronos
550541,2026-10-16,39.89,38.74,41.57,2026-10-09,Chronos
550541,2026-10-17,39.83,38.55,41.91,2026-10-09,Chronos
550541,2026-10-18,39.84,38.49,42.26,2026-10-09,Chronos
550541,2026-10-19,39.82,38.28,42.39,2026-10-09,Chronos
550541,2026-10-20,39.82,38.17,42.94,2026-10-09,Chronos
550541,2026-10-21,39.77,37.98,43.22,2026-10-09,Chronos
550541,2026-10-22,39.8,37.77,43.59,2026-10-09,Chronos
550541,2026-10-23,39.7,37.57,43.97,2026-10-09,Chronos
550541,2026-10-24,39.73,37.36,44.39,2026-10-09,Chronos
550541,2026-10-25,39.73,37.15,44.37,2026-10-09,Chronos
550541,2026-10-26,39.72,37.14,44.26,2026-10-09,Chronos
550541,2026-10-27,39.71,37.06,44.47,2026-10-09,Chronos
550541,2026-10-28,39.59,36.9,44.75,2026-10-09,Chronos
550541,2026-10-29,39.57,36.74,45.33,2026-10-09,Chronos
550541,2026-10-30,39.64,36.6,45.86,2026-10-09,Chronos
550541,2026-10-31,39.56,36.48,46.09,2026-10-09,Chronos
550541,2026-11-01,39.57,36.31,46.17,2026-10-09,Chronos
550541,2026-11-02,39.54,36.19,46.36,2026-10-09,Chronos
550541,2026-11-03,39.49,36.12,46.3,2026-10-09,Chronos
550541,2026-11-04,39.5,35.98,46.46,2026-10-09,Chronos
550541,2026-11-05,39.52,35.82,47.07,2026-10-09,Chronos
550541,2026-11-06,39.46,35.68,47.3,2026-10-09,Chronos
550541,2026-11-07,39.49,35.58,47.5,2026-10-09,Chronos
550541,2026-11-08,39.34,35.49,47.69,2026-10-09,Chronos
550542,2026-10-10,65.31,64.43,65.87,2026-10-09,Chronos
550542,2026-10-11,65.41,64.16,66.28,2026-10-09,Chronos
550542,2026-10-12,65.4,63.75,66.72,2026-10-09,Chronos
550542,2026-10-13,65.52,63.72,67.24,2026-10-09,Chronos
550542,2026-10-14,65.58,63.44,67.9,2026-10-09,Chronos
550542,2026-10-15,65.75,63.31,68.22,2026-10-09,Chronos
550542,2026-10-16,65.8,63.08,68.6,2026-10-09,Chronos
550542,2026-10-17,65.86,62.84,68.95,2026-10-09,Chronos
550542,2026-10-18,65.93,62.61,69.43,2026-10-09,Chronos
550542,2026-10-19,66.06,62.48,69.68,2026-10-09,Chronos
550542,2026-10-20,66.09,62.05,70.25,2026-10-09,Chronos
550542,2026-10-21,66.23,62.02,70.74,2026-10-09,Chronos
550542,2026-10-22,66.24,61.73,71.12,2026-10-09,Chronos
550542,2026-10-23,66.28,61.61,71.3,2026-10-09,Chronos
550542,2026-10-24,66.37,61.26,71.57,2026-10-09,Chronos
550542,2026-10-25,66.45,60.9,71.72,2026-10-09,Chronos
550542,2026-10-26,66.77,61.47,72.68,2026-10-09,Chronos
550542,2026-10-27,66.69,61.06,72.87,2026-10-09,Chronos
550542,2026-10-28,66.77,60.87,72.94,2026-10-09,Chronos
550542,2026-10-29,66.7,60.67,73.63,2026-10-09,Chronos
550542,2026-10-30,66.65,60.38,73.63,2026-10-09,Chronos
550542,2026-10-31,66.7,60.35,74.03,2026-10-09,Chronos
550542,2026-11-01,66.67,59.86,74.51,2026-10-09,Chronos
550542,2026-11-02,66.81,59.85,74.54,2026-10-09,Chronos
550542,2026-11-03,66.78,59.75,74.7,2026-10-09,Chronos
550542,2026-11-04,66.8,59.62,74.94,2026-10-09,Chronos
550542,2026-11-05,66.84,59.35,75.45,2026-10-09,Chronos
550542,2026-11-06,66.92,59.32,75.95,2026-10-09,Chronos
550542,2026-11-07,66.84,59.1,76.27,2026-10-09,Chronos
550542,2026-11-08,66.73,59.03,76.07,2026-10-09,Chronos
550544,2026-10-10,118.47,117.54,119.48,2026-10-09,Chronos
550544,2026-10-11,118.45,117.11,119.46,2026-10-09,Chronos
550544,2026-10-12,118.49,117.0,119.38,2026-10-09,Chronos
550544,2026-10-13,118.06,116.92,119.62,2026-10-09,Chronos
550544,2026-10-14,118.13,116.42,119.62,2026-10-09,Chronos
550544,2026-10-15,117.84,116.09,119.75,2026-10-09,Chronos
550544,2026-10-16,118.05,116.15,119.84,2026-10-09,Chronos
550544,2026-10-17,118.15,115.84,120.13,2026-10-09,Chronos
550544,2026-10-18,118.35,115.91,120.15,2026-10-09,Chronos
550544,2026-10-19,118.16,115.86,120.45,2026-10-09,Chronos
550544,2026-10-20,117.98,115.47,120.27,2026-10-09,Chronos
550544,2026-10-21,117.83,115.06,120.01,2026-10-09,Chronos
550544,2026-10-22,117.34,114.54,120.15,2026-10-09,Chronos
550544,2026-10-23,117.41,114.45,119.67,2026-10-09,Chronos
550544,2026-10-24,117.64,114.22,120.21,2026-10-09,Chronos
550544,2026-10-25,117.26,114.08,120.27,2026-10-09,Chronos
550544,2026-10-26,117.54,113.83,120.56,2026-10-09,Chronos
550544,2026-10-27,117.51,113.47,120.35,2026-10-09,Chronos
550544,2026-10-28,117.48,113.13,120.24,2026-10-09,Chronos
550544,2026-10-29,117.05,113.19,120.48,2026-10-09,Chronos
550544,2026-10-30,117.13,112.56,120.59,2026-10-09,Chronos
550544,2026-10-31,116.88,112.21,120.48,2026-10-09,Chronos
550544,2026-11-01,117.09,112.36,120.65,2026-10-09,Chronos
550544,2026-11-02,117.18,111.98,120.9,2026-10-09,Chronos
550544,2026-11-03,117.41,111.68,120.99,2026-10-09,Chronos
550544,2026-11-04,117.18,111.69,121.34,2026-10-09,Chronos
550544,2026-11-05,117.02,110.96,121.03,2026-10-09,Chronos
550544,2026-11-06,116.87,110.77,120.76,2026-10-09,Chronos
550544,2026-11-07,116.32,110.06,120.84,2026-10-09,Chronos
550544,2026-11-08,116.41,109.74,120.32,2026-10-09,Chronos
550549,2026-10-10,154.11,151.68,156.11,2026-10-09,Chronos
550549,2026-10-11,153.9,150.18,157.08,2026-10-09,Chronos
550549,2026-10-12,153.44,148.68,157.89,2026-10-09,Chronos
550549,2026-10-13,153.24,148.3,158.87,2026-10-09,Chronos
550549,2026-10-14,152.94,146.81,160.15,2026-10-09,Chronos
550549,2026-10-15,152.84,146.24,160.63,2026-10-09,Chronos
550549,2026-10-16,152.68,145.21,161.0,2026-10-09,Chronos
550549,2026-10-17,152.52,144.0,161.93,2026-10-09,Chronos
550549,2026-10-18,152.3,143.1,162.59,2026-10-09,Chronos
550549,2026-10-19,151.92,142.43,163.41,2026-10-09,Chronos
550549,2026-10-20,151.57,140.94,164.16,2026-10-09,Chronos
550549,2026-10-21,151.44,140.24,164.98,2026-10-09,Chronos
550549,2026-10-22,151.31,139.05,165.68,2026-10-09,Chronos
550549,2026-10-23,150.84,138.62,166.91,2026-10-09,Chronos
550549,2026-10-24,150.67,137.0,166.5,2026-10-09,Chronos
550549,2026-10-25,150.3,136.21,166.6,2026-10-09,Chronos
550549,2026-10-26,150.67,137.03,166.69,2026-10-09,Chronos
550549,2026-10-27,150.17,136.18,166.78,2026-10-09,Chronos
550549,2026-10-28,149.61,135.25,167.04,2026-10-09,Chronos
550549,2026-10-29,149.52,134.18,167.73,2026-10-09,Chronos
550549,2026-10-30,149.22,133.4,168.0,2026-10-09,Chronos
550549,2026-10-31,148.95,132.88,168.09,2026-10-09,Chronos
550549,2026-11-01,148.62,131.61,168.43,2026-10-09,Chronos
550549,2026-11-02,148.42,130.75,168.6,2026-10-09,Chronos
550549,2026-11-03,148.32,130.39,169.24,2026-10-09,Chronos
550549,2026-11-04,148.09,129.41,169.56,2026-10-09,Chronos
550549,2026-11-05,147.9,128.81,170.14,2026-10-09,Chronos
550549,2026-11-06,147.66,128.14,170.66,2026-10-09,Chronos
550549,2026-11-07,147.31,127.18,170.96,2026-10-09,Chronos
550549,2026-11-08,146.97,126.71,171.21,2026-10-09,Chronos
550674,2026-10-10,80.44,80.09,80.83,2026-10-09,Chronos
550674,2026-10-11,80.37,79.66,80.89,2026-10-09,Chronos
550674,2026-10-12,80.37,79.58,80.88,2026-10-09,Chronos
550674,2026-10-13,80.16,79.43,81.02,2026-10-09,Chronos
550674,2026-10-14,80.21,79.11,81.18,2026-10-09,Chronos
550674,2026-10-15,80.15,78.94,81.35,2026-10-09,Chronos
550674,2026-10-16,80.24,78.88,81.49,2026-10-09,Chronos
550674,2026-10-17,80.25,78.58,81.67,2026-10-09,Chronos
550674,2026-10-18,80.39,78.55,81.82,2026-10-09,Chronos
550674,2026-10-19,80.26,78.4,82.02,2026-10-09,Chronos
550674,2026-10-20,80.16,78.12,81.9,2026-10-09,Chronos
550674,2026-10-21,80.04,77.84,81.86,2026-10-09,Chronos
550674,2026-10-22,79.77,77.5,82.03,2026-10-09,Chronos
550674,2026-10-23,79.8,77.36,81.8,2026-10-09,Chronos
550674,2026-10-24,79.9,77.1,82.14,2026-10-09,Chronos
550674,2026-10-25,79.66,77.01,82.27,2026-10-09,Chronos
550674,2026-10-26,80.03,77.03,82.11,2026-10-09,Chronos
550674,2026-10-27,79.95,76.69,81.97,2026-10-09,Chronos
550674,2026-10-28,79.87,76.28,81.96,2026-10-09,Chronos
550674,2026-10-29,79.62,76.17,82.08,2026-10-09,Chronos
550674,2026-10-30,79.59,75.7,82.25,2026-10-09,Chronos
550674,2026-10-31,79.53,75.38,82.28,2026-10-09,Chronos
550674,2026-11-01,79.56,75.37,82.45,2026-10-09,Chronos
550674,2026-11-02,79.62,75.05,82.7,2026-10-09,Chronos
550674,2026-11-03,79.74,74.59,82.87,2026-10-09,Chronos
550674,2026-11-04,79.62,74.52,83.11,2026-10-09,Chronos
550674,2026-11-05,79.58,73.71,83.17,2026-10-09,Chronos
550674,2026-11-06,79.47,73.62,83.08,2026-10-09,Chronos
550674,2026-11-07,79.15,73.01,83.21,2026-10-09,Chronos
550674,2026-11-08,79.17,72.28,82.9,2026-10-09,Chronos
550718,2026-10-10,87.59,86.87,88.46,2026-10-09,Chronos
550718,2026-10-11,87.59,86.52,88.41,2026-10-09,Chronos
550718,2026-10-12,87.62,86.55,88.44,2026-10-09,Chronos
550718,2026-10-13,87.31,86.45,88.46,2026-10-09,Chronos
550718,2026-10-14,87.39,86.14,88.56,2026-10-09,Chronos
550718,2026-10-15,87.21,85.87,88.63,2026-10-09,Chronos
550718,2026-10-16,87.28,85.88,88.65,2026-10-09,Chronos
550718,2026-10-17,87.37,85.75,88.87,2026-10-09,Chronos
550718,2026-10-18,87.53,85.82,88.98,2026-10-09,Chronos
550718,2026-10-19,87.42,85.7,89.23,2026-10-09,Chronos
550718,2026-10-20,87.29,85.41,88.96,2026-10-09,Chronos
550718,2026-10-21,87.09,85.1,88.82,2026-10-09,Chronos
550718,2026-10-22,86.74,84.76,88.96,2026-10-09,Chronos
550718,2026-10-23,86.78,84.58,88.58,2026-10-09,Chronos
550718,2026-10-24,86.91,84.32,88.95,2026-10-09,Chronos
550718,2026-10-25,86.66,84.28,89.01,2026-10-09,Chronos
550718,2026-10-26,86.61,82.92,89.57,2026-10-09,Chronos
550718,2026-10-27,86.6,82.2,89.41,2026-10-09,Chronos
550718,2026-10-28,86.58,81.87,89.53,2026-10-09,Chronos
550718,2026-10-29,86.2,81.9,89.48,2026-10-09,Chronos
550718,2026-10-30,86.2,81.2,89.77,2026-10-09,Chronos
550718,2026-10-31,85.94,80.54,89.71,2026-10-09,Chronos
550718,2026-11-01,85.85,80.35,89.74,2026-10-09,Chronos
550718,2026-11-02,85.8,79.81,89.93,2026-10-09,Chronos
550718,2026-11-03,85.88,78.98,90.11,2026-10-09,Chronos
550718,2026-11-04,85.61,78.74,90.34,2026-10-09,Chronos
550718,2026-11-05,85.43,77.22,90.39,2026-10-09,Chronos
550718,2026-11-06,85.19,76.67,90.13,2026-10-09,Chronos
550718,2026-11-07,84.63,75.14,90.23,2026-10-09,Chronos
550718,2026-11-08,84.66,73.62,89.8,2026-10-09,Chronos
550719,2026-10-10,25.72,25.62,25.92,2026-10-09,Chronos
550719,2026-10-11,25.68,25.44,25.88,2026-10-09,Chronos
550719,2026-10-12,25.66,25.37,25.86,2026-10-09,Chronos
550719,2026-10-13,25.54,25.28,25.85,2026-10-09,Chronos
550719,2026-10-14,25.5,25.13,25.83,2026-10-09,Chronos
550719,2026-10-15,25.4,24.99,25.8,2026-10-09,Chronos
550719,2026-10-16,25.37,24.94,25.77,2026-10-09,Chronos
550719,2026-10-17,25.33,24.81,25.78,2026-10-09,Chronos
550719,2026-10-18,25.31,24.74,25.77,2026-10-09,Chronos
550719,2026-10-19,25.24,24.67,25.79,2026-10-09,Chronos
550719,2026-10-20,25.16,24.51,25.68,2026-10-09,Chronos
550719,2026-10-21,25.09,24.39,25.64,2026-10-09,Chronos
550719,2026-10-22,24.99,24.27,25.65,2026-10-09,Chronos
550719,2026-10-23,24.95,24.15,25.57,2026-10-09,Chronos
550719,2026-10-24,24.9,24.08,25.59,2026-10-09,Chronos
550719,2026-10-25,24.8,23.99,25.57,2026-10-09,Chronos
550719,2026-10-26,25.1,24.27,25.79,2026-10-09,Chronos
550719,2026-10-27,25.04,24.12,25.71,2026-10-09,Chronos
550719,2026-10-28,24.98,23.92,25.69,2026-10-09,Chronos
550719,2026-10-29,24.86,23.82,25.66,2026-10-09,Chronos
550719,2026-10-30,24.81,23.68,25.67,2026-10-09,Chronos
550719,2026-10-31,24.72,23.5,25.61,2026-10-09,Chronos
550719,2026-11-01,24.66,23.44,25.61,2026-10-09,Chronos
550719,2026-11-02,24.64,23.34,25.63,2026-10-09,Chronos
550719,2026-11-03,24.63,23.12,25.65,2026-10-09,Chronos
550719,2026-11-04,24.55,23.09,25.69,2026-10-09,Chronos
550719,2026-11-05,24.48,22.73,25.62,2026-10-09,Chronos
550719,2026-11-06,24.42,22.62,25.58,2026-10-09,Chronos
550719,2026-11-07,24.33,22.42,25.6,2026-10-09,Chronos
550719,2026-11-08,24.28,22.12,25.5,2026-10-09,Chronos
550721,2026-10-10,70.46,69.53,71.5,2026-10-09,Chronos
550721,2026-10-11,70.5,69.35,71.59,2026-10-09,Chronos
550721,2026-10-12,70.54,69.28,71.67,2026-10-09,Chronos
550721,2026-10-13,70.45,69.27,71.86,2026-10-09,Chronos
550721,2026-10-14,70.58,69.1,72.15,2026-10-09,Chronos
550721,2026-10-15,70.59,69.0,72.33,2026-10-09,Chronos
550721,2026-10-16,70.68,69.04,72.48,2026-10-09,Chronos
550721,2026-10-17,70.76,68.91,72.69,2026-10-09,Chronos
550721,2026-10-18,70.99,69.05,72.95,2026-10-09,Chronos
550721,2026-10-19,71.06,69.06,73.37,2026-10-09,Chronos
550721,2026-10-20,71.08,68.94,73.36,2026-10-09,Chronos
550721,2026-10-21,71.08,68.76,73.37,2026-10-09,Chronos
550721,2026-10-22,70.95,68.59,73.63,2026-10-09,Chronos
550721,2026-10-23,71.15,68.61,73.46,2026-10-09,Chronos
550721,2026-10-24,71.33,68.55,73.93,2026-10-09,Chronos
550721,2026-10-25,71.25,68.68,74.18,2026-10-09,Chronos
550721,2026-10-26,71.48,68.24,74.94,2026-10-09,Chronos
550721,2026-10-27,71.47,68.0,74.97,2026-10-09,Chronos
550721,2026-10-28,71.41,67.44,75.12,2026-10-09,Chronos
550721,2026-10-29,71.39,67.71,75.58,2026-10-09,Chronos
550721,2026-10-30,71.58,67.36,75.95,2026-10-09,Chronos
550721,2026-10-31,71.53,67.05,76.34,2026-10-09,Chronos
550721,2026-11-01,71.67,66.96,76.7,2026-10-09,Chronos
550721,2026-11-02,71.79,66.8,77.14,2026-10-09,Chronos
550721,2026-11-03,72.02,66.66,77.56,2026-10-09,Chronos
550721,2026-11-04,71.99,66.29,77.83,2026-10-09,Chronos
550721,2026-11-05,71.96,65.86,78.46,2026-10-09,Chronos
550721,2026-11-06,71.68,65.5,78.75,2026-10-09,Chronos
550721,2026-11-07,71.37,64.97,79.18,2026-10-09,Chronos
550721,2026-11-08,71.36,64.1,78.82,2026-10-09,Chronos
550838,2026-10-10,26.66,26.41,26.95,2026-10-09,Chronos
550838,2026-10-11,26.66,26.33,26.97,2026-10-09,Chronos
550838,2026-10-12,26.68,26.31,27.01,2026-10-09,Chronos
550838,2026-10-13,26.67,26.24,27.07,2026-10-09,Chronos
550838,2026-10-14,26.72,26.2,27.18,2026-10-09,Chronos
550838,2026-10-15,26.7,26.15,27.27,2026-10-09,Chronos
550838,2026-10-16,26.76,26.16,27.35,2026-10-09,Chronos
550838,2026-10-17,26.79,26.1,27.46,2026-10-09,Chronos
550838,2026-10-18,26.86,26.15,27.54,2026-10-09,Chronos
550838,2026-10-19,26.86,26.1,27.64,2026-10-09,Chronos
550838,2026-10-20,26.85,26.06,27.62,2026-10-09,Chronos
550838,2026-10-21,26.84,25.96,27.65,2026-10-09,Chronos
550838,2026-10-22,26.78,25.89,27.74,2026-10-09,Chronos
550838,2026-10-23,26.84,25.9,27.69,2026-10-09,Chronos
550838,2026-10-24,26.89,25.84,27.85,2026-10-09,Chronos
550838,2026-10-25,26.85,25.86,27.91,2026-10-09,Chronos
550838,2026-10-26,27.03,25.91,28.02,2026-10-09,Chronos
550838,2026-10-27,27.03,25.82,28.0,2026-10-09,Chronos
550838,2026-10-28,27.01,25.68,28.04,2026-10-09,Chronos
550838,2026-10-29,27.0,25.69,28.12,2026-10-09,Chronos
550838,2026-10-30,27.03,25.55,28.24,2026-10-09,Chronos
550838,2026-10-31,26.97,25.4,28.26,2026-10-09,Chronos
550838,2026-11-01,27.04,25.43,28.4,2026-10-09,Chronos
550838,2026-11-02,27.08,25.36,28.55,2026-10-09,Chronos
550838,2026-11-03,27.15,25.24,28.67,2026-10-09,Chronos
550838,2026-11-04,27.14,25.21,28.72,2026-10-09,Chronos
550838,2026-11-05,27.13,25.05,28.81,2026-10-09,Chronos
550838,2026-11-06,27.12,25.06,28.82,2026-10-09,Chronos
550838,2026-11-07,27.02,24.95,28.85,2026-10-09,Chronos
550838,2026-11-08,27.08,24.76,28.77,2026-10-09,Chronos
550839,2026-10-10,53.42,52.82,53.94,2026-10-09,Chronos
550839,2026-10-11,53.39,52.69,54.07,2026-10-09,Chronos
550839,2026-10-12,53.42,52.43,54.18,2026-10-09,Chronos
550839,2026-10-13,53.37,52.31,54.33,2026-10-09,Chronos
550839,2026-10-14,53.3,52.15,54.5,2026-10-09,Chronos
550839,2026-10-15,53.34,51.94,54.62,2026-10-09,Chronos
550839,2026-10-16,53.37,51.85,54.72,2026-10-09,Chronos
550839,2026-10-17,53.31,51.73,54.82,2026-10-09,Chronos
550839,2026-10-18,53.29,51.59,54.97,2026-10-09,Chronos
550839,2026-10-19,53.32,51.43,55.07,2026-10-09,Chronos
550839,2026-10-20,53.31,51.34,55.12,2026-10-09,Chronos
550839,2026-10-21,53.3,51.22,55.24,2026-10-09,Chronos
550839,2026-10-22,53.28,51.13,55.37,2026-10-09,Chronos
550839,2026-10-23,53.16,50.88,55.41,2026-10-09,Chronos
550839,2026-10-24,53.06,50.83,55.47,2026-10-09,Chronos
550839,2026-10-25,53.01,50.72,55.36,2026-10-09,Chronos
550839,2026-10-26,52.94,50.16,55.36,2026-10-09,Chronos
550839,2026-10-27,52.89,49.99,55.38,2026-10-09,Chronos
550839,2026-10-28,52.81,49.73,55.4,2026-10-09,Chronos
550839,2026-10-29,52.72,49.49,55.44,2026-10-09,Chronos
550839,2026-10-30,52.71,49.38,55.51,2026-10-09,Chronos
550839,2026-10-31,52.76,49.28,55.64,2026-10-09,Chronos
550839,2026-11-01,52.76,49.2,55.68,2026-10-09,Chronos
550839,2026-11-02,52.7,49.1,55.72,2026-10-09,Chronos
550839,2026-11-03,52.74,49.0,55.91,2026-10-09,Chronos
550839,2026-11-04,52.79,48.84,56.07,2026-10-09,Chronos
550839,2026-11-05,52.74,48.72,56.16,2026-10-09,Chronos
550839,2026-11-06,52.65,48.54,56.21,2026-10-09,Chronos
550839,2026-11-07,52.63,48.42,56.24,2026-10-09,Chronos
550839,2026-11-08,52.45,48.05,56.29,2026-10-09,Chronos
550844,2026-10-10,50.91,50.14,51.76,2026-10-09,Chronos
550844,2026-10-11,50.85,49.9,51.9,2026-10-09,Chronos
550844,2026-10-12,50.76,49.52,52.1,2026-10-09,Chronos
550844,2026-10-13,50.75,49.43,52.38,2026-10-09,Chronos
550844,2026-10-14,50.78,49.21,52.93,2026-10-09,Chronos
550844,2026-10-15,50.84,49.03,53.19,2026-10-09,Chronos
550844,2026-10-16,50.87,48.96,53.57,2026-10-09,Chronos
550844,2026-10-17,50.93,48.81,54.09,2026-10-09,Chronos
550844,2026-10-18,51.07,48.73,54.83,2026-10-09,Chronos
550844,2026-10-19,51.13,48.62,55.16,2026-10-09,Chronos
550844,2026-10-20,51.16,48.37,56.1,2026-10-09,Chronos
550844,2026-10-21,51.13,48.25,56.88,2026-10-09,Chronos
550844,2026-10-22,51.11,48.04,57.65,2026-10-09,Chronos
550844,2026-10-23,51.2,47.35,57.78,2026-10-09,Chronos
550844,2026-10-24,51.2,47.13,58.16,2026-10-09,Chronos
550844,2026-10-25,51.06,46.91,58.07,2026-10-09,Chronos
550844,2026-10-26,51.37,46.99,57.81,2026-10-09,Chronos
550844,2026-10-27,51.28,46.76,58.1,2026-10-09,Chronos
550844,2026-10-28,51.29,46.63,58.28,2026-10-09,Chronos
550844,2026-10-29,51.26,46.4,58.78,2026-10-09,Chronos
550844,2026-10-30,51.27,46.01,58.93,2026-10-09,Chronos
550844,2026-10-31,51.08,45.82,59.56,2026-10-09,Chronos
550844,2026-11-01,51.08,45.4,59.87,2026-10-09,Chronos
550844,2026-11-02,51.04,45.18,59.98,2026-10-09,Chronos
550844,2026-11-03,51.06,44.88,60.23,2026-10-09,Chronos
550844,2026-11-04,50.99,44.79,60.32,2026-10-09,Chronos
550844,2026-11-05,50.91,44.23,60.96,2026-10-09,Chronos
550844,2026-11-06,50.74,43.93,61.46,2026-10-09,Chronos
550844,2026-11-07,50.61,43.42,62.13,2026-10-09,Chronos
550844,2026-11-08,50.47,43.39,61.79,2026-10-09,Chronos
551943,2026-10-10,59.27,58.8,59.53,2026-10-09,Chronos
551943,2026-10-11,59.21,58.61,59.62,2026-10-09,Chronos
551943,2026-10-12,59.07,58.33,59.66,2026-10-09,Chronos
551943,2026-10-13,59.01,58.11,59.67,2026-10-09,Chronos
551943,2026-10-14,58.91,57.92,59.82,2026-10-09,Chronos
551943,2026-10-15,58.87,57.68,59.82,2026-10-09,Chronos
551943,2026-10-16,58.74,57.52,59.82,2026-10-09,Chronos
551943,2026-10-17,58.61,57.29,59.81,2026-10-09,Chronos
551943,2026-10-18,58.52,57.01,59.88,2026-10-09,Chronos
551943,2026-10-19,58.46,56.83,60.04,2026-10-09,Chronos
551943,2026-10-20,58.29,56.47,60.06,2026-10-09,Chronos
551943,2026-10-21,58.19,56.39,60.07,2026-10-09,Chronos
551943,2026-10-22,58.1,55.96,60.23,2026-10-09,Chronos
551943,2026-10-23,57.95,55.35,60.43,2026-10-09,Chronos
551943,2026-10-24,57.85,55.02,60.4,2026-10-09,Chronos
551943,2026-10-25,57.78,54.68,60.3,2026-10-09,Chronos
551943,2026-10-26,57.41,54.54,60.08,2026-10-09,Chronos
551943,2026-10-27,57.22,54.21,60.19,2026-10-09,Chronos
551943,2026-10-28,56.99,53.81,60.3,2026-10-09,Chronos
551943,2026-10-29,56.88,53.35,60.29,2026-10-09,Chronos
551943,2026-10-30,56.58,52.63,60.55,2026-10-09,Chronos
551943,2026-10-31,56.47,52.33,60.36,2026-10-09,Chronos
551943,2026-11-01,56.26,51.72,60.3,2026-10-09,Chronos
551943,2026-11-02,55.99,51.21,60.38,2026-10-09,Chronos
551943,2026-11-03,55.81,50.87,60.44,2026-10-09,Chronos
551943,2026-11-04,55.58,50.38,60.66,2026-10-09,Chronos
551943,2026-11-05,55.36,49.82,60.98,2026-10-09,Chronos
551943,2026-11-06,55.18,49.27,61.14,2026-10-09,Chronos
551943,2026-11-07,54.95,48.58,61.32,2026-10-09,Chronos
551943,2026-11-08,54.75,48.17,61.6,2026-10-09,Chronos
551944,2026-10-10,105.66,104.91,106.71,2026-10-09,Chronos
551944,2026-10-11,105.74,104.53,106.98,2026-10-09,Chronos
551944,2026-10-12,105.84,104.6,107.16,2026-10-09,Chronos
551944,2026-10-13,105.81,104.6,107.5,2026-10-09,Chronos
551944,2026-10-14,106.03,104.33,107.98,2026-10-09,Chronos
551944,2026-10-15,106.05,104.22,108.38,2026-10-09,Chronos
551944,2026-10-16,106.42,104.46,108.86,2026-10-09,Chronos
551944,2026-10-17,106.63,104.26,109.33,2026-10-09,Chronos
551944,2026-10-18,107.0,104.56,109.7,2026-10-09,Chronos
551944,2026-10-19,107.01,104.42,110.43,2026-10-09,Chronos
551944,2026-10-20,107.06,104.28,110.36,2026-10-09,Chronos
551944,2026-10-21,107.13,103.93,110.72,2026-10-09,Chronos
551944,2026-10-22,106.79,103.66,111.13,2026-10-09,Chronos
551944,2026-10-23,107.24,103.9,110.68,2026-10-09,Chronos
551944,2026-10-24,107.57,103.6,111.79,2026-10-09,Chronos
551944,2026-10-25,107.38,103.65,112.22,2026-10-09,Chronos
551944,2026-10-26,107.9,103.67,112.83,2026-10-09,Chronos
551944,2026-10-27,107.93,103.46,112.98,2026-10-09,Chronos
551944,2026-10-28,108.01,103.05,113.11,2026-10-09,Chronos
551944,2026-10-29,107.91,103.56,113.74,2026-10-09,Chronos
551944,2026-10-30,108.02,102.65,114.22,2026-10-09,Chronos
551944,2026-10-31,107.97,102.39,114.31,2026-10-09,Chronos
551944,2026-11-01,108.31,102.6,114.83,2026-10-09,Chronos
551944,2026-11-02,108.52,102.36,115.3,2026-10-09,Chronos
551944,2026-11-03,108.88,102.42,115.72,2026-10-09,Chronos
551944,2026-11-04,108.84,102.18,116.18,2026-10-09,Chronos
551944,2026-11-05,108.93,101.96,116.57,2026-10-09,Chronos
551944,2026-11-06,108.88,101.89,117.04,2026-10-09,Chronos
551944,2026-11-07,108.39,101.47,117.43,2026-10-09,Chronos
551944,2026-11-08,108.8,101.29,116.97,2026-10-09,Chronos
559716,2026-10-10,112.89,111.89,113.75,2026-10-09,Chronos
559716,2026-10-11,112.91,111.54,113.86,2026-10-09,Chronos
559716,2026-10-12,112.92,111.38,113.92,2026-10-09,Chronos
559716,2026-10-13,112.69,111.3,114.15,2026-10-09,Chronos
559716,2026-10-14,112.83,110.86,114.42,2026-10-09,Chronos
559716,2026-10-15,112.73,110.59,114.71,2026-10-09,Chronos
559716,2026-10-16,112.81,110.53,114.82,2026-10-09,Chronos
559716,2026-10-17,112.93,110.3,115.08,2026-10-09,Chronos
559716,2026-10-18,113.15,110.28,115.29,2026-10-09,Chronos
559716,2026-10-19,113.12,110.21,115.73,2026-10-09,Chronos
559716,2026-10-20,113.02,109.84,115.63,2026-10-09,Chronos
559716,2026-10-21,112.94,109.49,115.54,2026-10-09,Chronos
559716,2026-10-22,112.56,109.05,115.85,2026-10-09,Chronos
559716,2026-10-23,112.73,108.9,115.57,2026-10-09,Chronos
559716,2026-10-24,112.9,108.73,116.03,2026-10-09,Chronos
559716,2026-10-25,112.56,108.69,116.16,2026-10-09,Chronos
559716,2026-10-26,112.84,108.0,116.59,2026-10-09,Chronos
559716,2026-10-27,112.79,107.72,116.41,2026-10-09,Chronos
559716,2026-10-28,112.68,107.14,116.46,2026-10-09,Chronos
559716,2026-10-29,112.43,107.16,116.66,2026-10-09,Chronos
559716,2026-10-30,112.55,106.59,117.06,2026-10-09,Chronos
559716,2026-10-31,112.54,106.28,117.25,2026-10-09,Chronos
559716,2026-11-01,112.53,106.18,117.41,2026-10-09,Chronos
559716,2026-11-02,112.61,105.8,117.71,2026-10-09,Chronos
559716,2026-11-03,112.91,105.34,118.05,2026-10-09,Chronos
559716,2026-11-04,112.85,105.32,118.38,2026-10-09,Chronos
559716,2026-11-05,112.74,104.35,118.48,2026-10-09,Chronos
559716,2026-11-06,112.63,104.28,118.25,2026-10-09,Chronos
559716,2026-11-07,112.13,103.41,118.39,2026-10-09,Chronos
559716,2026-11-08,112.19,102.42,117.87,2026-10-09,Chronos
561976,2026-10-10,47.84,47.27,48.18,2026-10-09,Chronos
561976,2026-10-11,47.76,46.9,48.39,2026-10-09,Chronos
561976,2026-10-12,47.54,46.45,48.45,2026-10-09,Chronos
561976,2026-10-13,47.45,46.13,48.63,2026-10-09,Chronos
561976,2026-10-14,47.36,45.77,48.68,2026-10-09,Chronos
561976,2026-10-15,47.19,45.34,48.71,2026-10-09,Chronos
561976,2026-10-16,47.13,44.96,48.93,2026-10-09,Chronos
561976,2026-10-17,46.93,44.57,49.06,2026-10-09,Chronos
561976,2026-10-18,46.8,44.2,49.01,2026-10-09,Chronos
561976,2026-10-19,46.67,43.84,49.18,2026-10-09,Chronos
561976,2026-10-20,46.51,43.29,49.34,2026-10-09,Chronos
561976,2026-10-21,46.38,42.98,49.26,2026-10-09,Chronos
561976,2026-10-22,46.23,42.61,49.35,2026-10-09,Chronos
561976,2026-10-23,46.11,42.34,49.43,2026-10-09,Chronos
561976,2026-10-24,45.91,42.07,49.52,2026-10-09,Chronos
561976,2026-10-25,45.74,41.99,49.31,2026-10-09,Chronos
561976,2026-10-26,45.99,41.38,49.1,2026-10-09,Chronos
561976,2026-10-27,45.86,40.83,49.12,2026-10-09,Chronos
561976,2026-10-28,45.67,40.3,49.21,2026-10-09,Chronos
561976,2026-10-29,45.6,39.86,49.4,2026-10-09,Chronos
561976,2026-10-30,45.42,39.43,49.59,2026-10-09,Chronos
561976,2026-10-31,45.3,39.33,49.52,2026-10-09,Chronos
561976,2026-11-01,45.15,38.9,49.59,2026-10-09,Chronos
561976,2026-11-02,45.0,38.65,49.71,2026-10-09,Chronos
561976,2026-11-03,44.84,38.21,49.61,2026-10-09,Chronos
561976,2026-11-04,44.73,37.88,49.83,2026-10-09,Chronos
561976,2026-11-05,44.52,37.39,49.84,2026-10-09,Chronos
561976,2026-11-06,44.46,37.28,49.85,2026-10-09,Chronos
561976,2026-11-07,44.32,36.93,49.93,2026-10-09,Chronos
561976,2026-11-08,44.12,36.74,49.88,2026-10-09,Chronos
561977,2026-10-10,61.68,61.18,62.2,2026-10-09,Chronos
561977,2026-10-11,61.66,60.74,62.19,2026-10-09,Chronos
561977,2026-10-12,61.61,60.52,62.18,2026-10-09,Chronos
561977,2026-10-13,61.38,60.44,62.24,2026-10-09,Chronos
561977,2026-10-14,61.37,60.0,62.31,2026-10-09,Chronos
561977,2026-10-15,61.19,59.7,62.34,2026-10-09,Chronos
561977,2026-10-16,61.25,59.66,62.43,2026-10-09,Chronos
561977,2026-10-17,61.22,59.38,62.52,2026-10-09,Chronos
561977,2026-10-18,61.29,59.16,62.59,2026-10-09,Chronos
561977,2026-10-19,61.19,59.08,62.74,2026-10-09,Chronos
561977,2026-10-20,61.06,58.7,62.67,2026-10-09,Chronos
561977,2026-10-21,60.94,58.48,62.52,2026-10-09,Chronos
561977,2026-10-22,60.71,58.1,62.65,2026-10-09,Chronos
561977,2026-10-23,60.65,57.76,62.47,2026-10-09,Chronos
561977,2026-10-24,60.63,57.61,62.61,2026-10-09,Chronos
561977,2026-10-25,60.43,57.63,62.65,2026-10-09,Chronos
561977,2026-10-26,60.67,57.01,62.48,2026-10-09,Chronos
561977,2026-10-27,60.64,56.88,62.34,2026-10-09,Chronos
561977,2026-10-28,60.48,56.07,62.41,2026-10-09,Chronos
561977,2026-10-29,60.3,55.52,62.53,2026-10-09,Chronos
561977,2026-10-30,60.27,55.41,62.57,2026-10-09,Chronos
561977,2026-10-31,60.14,55.03,62.61,2026-10-09,Chronos
561977,2026-11-01,60.15,54.47,62.83,2026-10-09,Chronos
561977,2026-11-02,60.17,53.99,62.93,2026-10-09,Chronos
561977,2026-11-03,60.22,53.39,63.11,2026-10-09,Chronos
561977,2026-11-04,60.06,53.33,63.13,2026-10-09,Chronos
561977,2026-11-05,59.89,52.15,63.28,2026-10-09,Chronos
561977,2026-11-06,59.81,51.47,63.09,2026-10-09,Chronos
561977,2026-11-07,59.54,50.55,63.11,2026-10-09,Chronos
561977,2026-11-08,59.48,49.34,62.73,2026-10-09,Chronos
561978,2026-10-10,24.81,24.71,24.92,2026-10-09,Chronos
561978,2026-10-11,24.78,24.65,24.92,2026-10-09,Chronos
561978,2026-10-12,24.75,24.59,24.9,2026-10-09,Chronos
561978,2026-10-13,24.7,24.53,24.88,2026-10-09,Chronos
561978,2026-10-14,24.67,24.48,24.88,2026-10-09,Chronos
561978,2026-10-15,24.65,24.42,24.88,2026-10-09,Chronos
561978,2026-10-16,24.64,24.4,24.88,2026-10-09,Chronos
561978,2026-10-17,24.61,24.33,24.89,2026-10-09,Chronos
561978,2026-10-18,24.6,24.31,24.89,2026-10-09,Chronos
561978,2026-10-19,24.57,24.26,24.92,2026-10-09,Chronos
561978,2026-10-20,24.54,24.22,24.88,2026-10-09,Chronos
561978,2026-10-21,24.52,24.16,24.87,2026-10-09,Chronos
561978,2026-10-22,24.47,24.1,24.87,2026-10-09,Chronos
561978,2026-10-23,24.45,24.05,24.82,2026-10-09,Chronos
561978,2026-10-24,24.42,23.98,24.86,2026-10-09,Chronos
561978,2026-10-25,24.36,23.9,24.85,2026-10-09,Chronos
561978,2026-10-26,24.43,24.0,24.81,2026-10-09,Chronos
561978,2026-10-27,24.41,23.97,24.81,2026-10-09,Chronos
561978,2026-10-28,24.36,23.85,24.79,2026-10-09,Chronos
561978,2026-10-29,24.33,23.83,24.78,2026-10-09,Chronos
561978,2026-10-30,24.3,23.76,24.8,2026-10-09,Chronos
561978,2026-10-31,24.27,23.68,24.77,2026-10-09,Chronos
561978,2026-11-01,24.24,23.65,24.76,2026-10-09,Chronos
561978,2026-11-02,24.22,23.59,24.77,2026-10-09,Chronos
561978,2026-11-03,24.2,23.52,24.77,2026-10-09,Chronos
561978,2026-11-04,24.17,23.48,24.81,2026-10-09,Chronos
561978,2026-11-05,24.15,23.37,24.78,2026-10-09,Chronos
561978,2026-11-06,24.12,23.35,24.76,2026-10-09,Chronos
561978,2026-11-07,24.06,23.24,24.75,2026-10-09,Chronos
561978,2026-11-08,24.05,23.12,24.73,2026-10-09,Chronos
561979,2026-10-10,35.44,35.05,35.96,2026-10-09,Chronos
561979,2026-10-11,35.39,34.74,36.0,2026-10-09,Chronos
561979,2026-10-12,35.36,34.56,36.14,2026-10-09,Chronos
561979,2026-10-13,35.29,34.4,36.31,2026-10-09,Chronos
561979,2026-10-14,35.26,34.15,36.48,2026-10-09,Chronos
561979,2026-10-15,35.17,33.89,36.55,2026-10-09,Chronos
561979,2026-10-16,35.14,33.75,36.72,2026-10-09,Chronos
561979,2026-10-17,35.05,33.56,36.85,2026-10-09,Chronos
561979,2026-10-18,35.05,33.29,37.06,2026-10-09,Chronos
561979,2026-10-19,34.97,33.17,37.11,2026-10-09,Chronos
561979,2026-10-20,34.93,32.79,37.41,2026-10-09,Chronos
561979,2026-10-21,34.83,32.51,37.7,2026-10-09,Chronos
561979,2026-10-22,34.72,32.07,37.9,2026-10-09,Chronos
561979,2026-10-23,34.69,31.72,37.76,2026-10-09,Chronos
561979,2026-10-24,34.57,31.43,37.85,2026-10-09,Chronos
561979,2026-10-25,34.5,31.19,37.67,2026-10-09,Chronos
561979,2026-10-26,34.6,30.67,37.78,2026-10-09,Chronos
561979,2026-10-27,34.49,30.44,37.89,2026-10-09,Chronos
561979,2026-10-28,34.43,30.15,37.91,2026-10-09,Chronos
561979,2026-10-29,34.36,29.97,38.16,2026-10-09,Chronos
561979,2026-10-30,34.31,29.69,38.13,2026-10-09,Chronos
561979,2026-10-31,34.21,29.43,38.31,2026-10-09,Chronos
561979,2026-11-01,34.16,29.01,38.42,2026-10-09,Chronos
561979,2026-11-02,34.04,28.73,38.4,2026-10-09,Chronos
561979,2026-11-03,33.98,28.52,38.37,2026-10-09,Chronos
561979,2026-11-04,33.96,28.23,38.6,2026-10-09,Chronos
561979,2026-11-05,33.84,27.94,38.83,2026-10-09,Chronos
561979,2026-11-06,33.73,27.55,39.05,2026-10-09,Chronos
561979,2026-11-07,33.57,27.25,39.18,2026-10-09,Chronos
561979,2026-11-08,33.42,27.07,39.01,2026-10-09,Chronos
561980,2026-10-10,112.27,111.12,113.37,2026-10-09,Chronos
561980,2026-10-11,112.2,110.69,113.55,2026-10-09,Chronos
561980,2026-10-12,112.12,110.35,113.61,2026-10-09,Chronos
561980,2026-10-13,111.92,110.21,113.74,2026-10-09,Chronos
561980,2026-10-14,111.91,109.77,114.0,2026-10-09,Chronos
561980,2026-10-15,111.99,109.7,114.33,2026-10-09,Chronos
561980,2026-10-16,112.03,109.61,114.54,2026-10-09,Chronos
561980,2026-10-17,112.05,109.2,114.8,2026-10-09,Chronos
561980,2026-10-18,112.23,109.28,115.07,2026-10-09,Chronos
561980,2026-10-19,112.13,109.05,115.55,2026-10-09,Chronos
561980,2026-10-20,112.09,108.96,115.48,2026-10-09,Chronos
561980,2026-10-21,112.01,108.47,115.66,2026-10-09,Chronos
561980,2026-10-22,111.8,108.07,115.93,2026-10-09,Chronos
561980,2026-10-23,111.86,107.81,115.68,2026-10-09,Chronos
561980,2026-10-24,111.96,107.61,116.19,2026-10-09,Chronos
561980,2026-10-25,111.78,107.61,116.44,2026-10-09,Chronos
561980,2026-10-26,112.36,107.61,116.7,2026-10-09,Chronos
561980,2026-10-27,112.24,107.22,116.82,2026-10-09,Chronos
561980,2026-10-28,112.0,106.35,116.95,2026-10-09,Chronos
561980,2026-10-29,111.87,106.38,117.33,2026-10-09,Chronos
561980,2026-10-30,111.9,105.79,118.01,2026-10-09,Chronos
561980,2026-10-31,111.85,105.25,118.13,2026-10-09,Chronos
561980,2026-11-01,111.88,105.26,118.48,2026-10-09,Chronos
561980,2026-11-02,111.94,104.88,118.73,2026-10-09,Chronos
561980,2026-11-03,112.14,104.51,119.31,2026-10-09,Chronos
561980,2026-11-04,112.09,104.22,119.74,2026-10-09,Chronos
561980,2026-11-05,112.11,103.45,120.51,2026-10-09,Chronos
561980,2026-11-06,112.03,103.42,121.18,2026-10-09,Chronos
561980,2026-11-07,111.84,102.91,121.79,2026-10-09,Chronos
561980,2026-11-08,111.8,101.58,121.69,2026-10-09,Chronos
561981,2026-10-10,68.97,68.49,69.3,2026-10-09,Chronos
561981,2026-10-11,69.01,68.22,69.4,2026-10-09,Chronos
561981,2026-10-12,68.99,68.09,69.44,2026-10-09,Chronos
561981,2026-10-13,68.85,68.05,69.48,2026-10-09,Chronos
561981,2026-10-14,68.89,67.7,69.68,2026-10-09,Chronos
561981,2026-10-15,68.86,67.51,69.8,2026-10-09,Chronos
561981,2026-10-16,68.92,67.51,69.92,2026-10-09,Chronos
561981,2026-10-17,68.95,67.34,70.06,2026-10-09,Chronos
561981,2026-10-18,69.05,67.17,70.2,2026-10-09,Chronos
561981,2026-10-19,69.03,67.12,70.45,2026-10-09,Chronos
561981,2026-10-20,69.02,66.81,70.44,2026-10-09,Chronos
561981,2026-10-21,68.97,66.6,70.43,2026-10-09,Chronos
561981,2026-10-22,68.82,66.17,70.62,2026-10-09,Chronos
561981,2026-10-23,68.89,65.59,70.51,2026-10-09,Chronos
561981,2026-10-24,68.95,65.2,70.75,2026-10-09,Chronos
561981,2026-10-25,68.78,65.29,70.84,2026-10-09,Chronos
561981,2026-10-26,69.02,64.1,70.86,2026-10-09,Chronos
561981,2026-10-27,69.05,64.29,70.78,2026-10-09,Chronos
561981,2026-10-28,68.94,63.61,70.87,2026-10-09,Chronos
561981,2026-10-29,68.81,62.94,70.97,2026-10-09,Chronos
561981,2026-10-30,68.84,62.44,71.09,2026-10-09,Chronos
561981,2026-10-31,68.79,61.73,71.13,2026-10-09,Chronos
561981,2026-11-01,68.84,60.89,71.33,2026-10-09,Chronos
561981,2026-11-02,68.95,60.35,71.53,2026-10-09,Chronos
561981,2026-11-03,68.97,59.82,71.65,2026-10-09,Chronos
561981,2026-11-04,68.85,59.48,71.76,2026-10-09,Chronos
561981,2026-11-05,68.8,58.65,71.94,2026-10-09,Chronos
561981,2026-11-06,68.8,57.96,71.81,2026-10-09,Chronos
561981,2026-11-07,68.52,57.11,71.8,2026-10-09,Chronos
561981,2026-11-08,68.55,56.41,71.47,2026-10-09,Chronos
561982,2026-10-10,44.25,43.57,44.72,2026-10-09,Chronos
561982,2026-10-11,44.2,43.43,45.0,2026-10-09,Chronos
561982,2026-10-12,44.23,43.21,44.76,2026-10-09,Chronos
561982,2026-10-13,44.07,43.15,44.87,2026-10-09,Chronos
561982,2026-10-14,43.96,42.91,45.13,2026-10-09,Chronos
561982,2026-10-15,44.0,42.71,45.17,2026-10-09,Chronos
561982,2026-10-16,43.98,42.61,45.13,2026-10-09,Chronos
561982,2026-10-17,43.96,42.53,45.32,2026-10-09,Chronos
561982,2026-10-18,43.96,42.37,45.48,2026-10-09,Chronos
561982,2026-10-19,43.98,42.27,45.62,2026-10-09,Chronos
561982,2026-10-20,43.98,42.05,45.68,2026-10-09,Chronos
561982,2026-10-21,44.02,42.12,45.93,2026-10-09,Chronos
561982,2026-10-22,43.99,42.01,45.99,2026-10-09,Chronos
561982,2026-10-23,43.97,41.95,46.07,2026-10-09,Chronos
561982,2026-10-24,43.89,41.74,46.11,2026-10-09,Chronos
561982,2026-10-25,43.87,41.74,46.15,2026-10-09,Chronos
561982,2026-10-26,43.69,40.02,46.89,2026-10-09,Chronos
561982,2026-10-27,43.64,39.91,46.69,2026-10-09,Chronos
561982,2026-10-28,43.72,39.73,47.04,2026-10-09,Chronos
561982,2026-10-29,43.58,39.66,47.36,2026-10-09,Chronos
561982,2026-10-30,43.61,39.25,47.75,2026-10-09,Chronos
561982,2026-10-31,43.59,38.98,48.04,2026-10-09,Chronos
561982,2026-11-01,43.61,38.93,48.27,2026-10-09,Chronos
561982,2026-11-02,43.64,38.74,48.77,2026-10-09,Chronos
561982,2026-11-03,43.66,38.54,49.22,2026-10-09,Chronos
561982,2026-11-04,43.81,38.52,49.75,2026-10-09,Chronos
561982,2026-11-05,43.67,38.12,49.74,2026-10-09,Chronos
561982,2026-11-06,43.75,37.63,50.78,2026-10-09,Chronos
561982,2026-11-07,43.77,37.16,52.01,2026-10-09,Chronos
561982,2026-11-08,43.65,36.63,52.97,2026-10-09,Chronos
561983,2026-10-10,76.51,75.65,77.69,2026-10-09,Chronos
561983,2026-10-11,76.39,75.24,77.99,2026-10-09,Chronos
561983,2026-10-12,76.35,74.8,78.32,2026-10-09,Chronos
561983,2026-10-13,76.38,74.39,78.73,2026-10-09,Chronos
561983,2026-10-14,76.25,74.01,79.24,2026-10-09,Chronos
561983,2026-10-15,76.25,73.69,79.46,2026-10-09,Chronos
561983,2026-10-16,76.26,73.41,79.81,2026-10-09,Chronos
561983,2026-10-17,76.24,73.14,80.34,2026-10-09,Chronos
561983,2026-10-18,76.19,72.81,80.67,2026-10-09,Chronos
561983,2026-10-19,76.21,72.52,81.01,2026-10-09,Chronos
561983,2026-10-20,76.19,72.21,81.81,2026-10-09,Chronos
561983,2026-10-21,76.15,71.89,82.32,2026-10-09,Chronos
561983,2026-10-22,76.09,71.82,82.71,2026-10-09,Chronos
561983,2026-10-23,76.14,71.28,83.38,2026-10-09,Chronos
561983,2026-10-24,76.11,71.08,83.31,2026-10-09,Chronos
561983,2026-10-25,75.92,70.87,83.33,2026-10-09,Chronos
561983,2026-10-26,75.55,71.51,83.76,2026-10-09,Chronos
561983,2026-10-27,75.57,71.15,84.03,2026-10-09,Chronos
561983,2026-10-28,75.51,71.25,83.93,2026-10-09,Chronos
561983,2026-10-29,75.57,71.15,84.43,2026-10-09,Chronos
561983,2026-10-30,75.66,71.01,84.62,2026-10-09,Chronos
561983,2026-10-31,75.63,70.93,84.8,2026-10-09,Chronos
561983,2026-11-01,75.57,70.86,85.03,2026-10-09,Chronos
561983,2026-11-02,75.79,70.74,85.54,2026-10-09,Chronos
561983,2026-11-03,75.82,70.67,85.63,2026-10-09,Chronos
561983,2026-11-04,75.77,70.6,86.37,2026-10-09,Chronos
561983,2026-11-05,75.86,70.5,86.62,2026-10-09,Chronos
561983,2026-11-06,75.93,70.15,86.71,2026-10-09,Chronos
561983,2026-11-07,76.02,70.27,86.86,2026-10-09,Chronos
561983,2026-11-08,76.16,70.1,86.97,2026-10-09,Chronos
561984,2026-10-10,97.52,96.68,98.26,2026-10-09,Chronos
561984,2026-10-11,97.39,96.19,98.44,2026-10-09,Chronos
561984,2026-10-12,97.12,95.7,98.58,2026-10-09,Chronos
561984,2026-10-13,97.07,95.41,98.87,2026-10-09,Chronos
561984,2026-10-14,96.95,95.04,99.31,2026-10-09,Chronos
561984,2026-10-15,96.91,94.81,99.55,2026-10-09,Chronos
561984,2026-10-16,96.82,94.52,99.69,2026-10-09,Chronos
561984,2026-10-17,96.66,94.16,99.97,2026-10-09,Chronos
561984,2026-10-18,96.58,93.81,100.22,2026-10-09,Chronos
561984,2026-10-19,96.36,93.4,100.69,2026-10-09,Chronos
561984,2026-10-20,96.24,93.03,101.05,2026-10-09,Chronos
561984,2026-10-21,96.14,92.88,101.36,2026-10-09,Chronos
561984,2026-10-22,96.18,92.33,101.8,2026-10-09,Chronos
561984,2026-10-23,96.02,92.08,102.41,2026-10-09,Chronos
561984,2026-10-24,95.97,91.5,102.33,2026-10-09,Chronos
561984,2026-10-25,95.78,91.06,102.19,2026-10-09,Chronos
561984,2026-10-26,95.14,89.95,102.5,2026-10-09,Chronos
561984,2026-10-27,95.11,89.48,102.92,2026-10-09,Chronos
561984,2026-10-28,94.81,89.0,103.36,2026-10-09,Chronos
561984,2026-10-29,94.96,88.53,103.64,2026-10-09,Chronos
561984,2026-10-30,94.72,88.09,104.16,2026-10-09,Chronos
561984,2026-10-31,94.68,87.8,104.18,2026-10-09,Chronos
561984,2026-11-01,94.55,87.32,104.38,2026-10-09,Chronos
561984,2026-11-02,94.39,87.05,104.46,2026-10-09,Chronos
561984,2026-11-03,94.39,86.74,104.97,2026-10-09,Chronos
561984,2026-11-04,94.22,86.26,105.36,2026-10-09,Chronos
561984,2026-11-05,94.3,85.99,106.04,2026-10-09,Chronos
561984,2026-11-06,94.02,85.58,106.26,2026-10-09,Chronos
561984,2026-11-07,93.82,85.12,106.61,2026-10-09,Chronos
561984,2026-11-08,93.68,84.79,107.05,2026-10-09,Chronos
561991,2026-10-10,61.12,60.58,61.94,2026-10-09,Chronos
561991,2026-10-11,60.93,60.23,61.75,2026-10-09,Chronos
561991,2026-10-12,60.87,59.8,61.58,2026-10-09,Chronos
561991,2026-10-13,60.55,59.58,61.68,2026-10-09,Chronos
561991,2026-10-14,60.41,59.35,61.85,2026-10-09,Chronos
561991,2026-10-15,60.34,59.05,61.9,2026-10-09,Chronos
561991,2026-10-16,60.22,58.9,61.75,2026-10-09,Chronos
561991,2026-10-17,60.13,58.57,61.93,2026-10-09,Chronos
561991,2026-10-18,60.02,58.26,61.85,2026-10-09,Chronos
561991,2026-10-19,59.9,58.07,61.91,2026-10-09,Chronos
561991,2026-10-20,59.86,57.75,61.84,2026-10-09,Chronos
561991,2026-10-21,59.76,57.66,61.97,2026-10-09,Chronos
561991,2026-10-22,59.6,57.48,62.15,2026-10-09,Chronos
561991,2026-10-23,59.45,57.34,61.87,2026-10-09,Chronos
561991,2026-10-24,59.26,56.87,61.74,2026-10-09,Chronos
561991,2026-10-25,59.01,56.56,61.82,2026-10-09,Chronos
561991,2026-10-26,58.86,55.28,62.6,2026-10-09,Chronos
561991,2026-10-27,58.74,55.1,62.39,2026-10-09,Chronos
561991,2026-10-28,58.73,54.8,62.45,2026-10-09,Chronos
561991,2026-10-29,58.45,54.68,62.63,2026-10-09,Chronos
561991,2026-10-30,58.43,54.43,62.8,2026-10-09,Chronos
561991,2026-10-31,58.42,54.16,63.1,2026-10-09,Chronos
561991,2026-11-01,58.35,54.09,62.96,2026-10-09,Chronos
561991,2026-11-02,58.25,53.78,63.0,2026-10-09,Chronos
561991,2026-11-03,58.2,53.46,63.07,2026-10-09,Chronos
561991,2026-11-04,58.13,53.36,63.35,2026-10-09,Chronos
561991,2026-11-05,58.18,53.01,63.41,2026-10-09,Chronos
561991,2026-11-06,58.05,52.87,63.63,2026-10-09,Chronos
561991,2026-11-07,58.0,52.74,64.0,2026-10-09,Chronos
561991,2026-11-08,57.86,52.35,63.9,2026-10-09,Chronos
561992,2026-10-10,64.75,64.13,65.11,2026-10-09,Chronos
561992,2026-10-11,64.77,64.03,65.33,2026-10-09,Chronos
561992,2026-10-12,64.81,63.98,65.52,2026-10-09,Chronos
561992,2026-10-13,64.87,64.05,65.72,2026-10-09,Chronos
561992,2026-10-14,64.98,63.9,66.17,2026-10-09,Chronos
561992,2026-10-15,65.09,63.77,66.45,2026-10-09,Chronos
561992,2026-10-16,65.13,63.81,66.68,2026-10-09,Chronos
561992,2026-10-17,65.23,63.68,67.05,2026-10-09,Chronos
561992,2026-10-18,65.37,63.61,67.46,2026-10-09,Chronos
561992,2026-10-19,65.43,63.53,67.81,2026-10-09,Chronos
561992,2026-10-20,65.48,63.37,68.3,2026-10-09,Chronos
561992,2026-10-21,65.44,63.16,68.73,2026-10-09,Chronos
561992,2026-10-22,65.34,62.86,69.14,2026-10-09,Chronos
561992,2026-10-23,65.38,62.4,69.29,2026-10-09,Chronos
561992,2026-10-24,65.38,62.21,69.06,2026-10-09,Chronos
561992,2026-10-25,65.3,62.29,69.09,2026-10-09,Chronos
561992,2026-10-26,65.49,61.38,69.19,2026-10-09,Chronos
561992,2026-10-27,65.44,61.18,69.62,2026-10-09,Chronos
561992,2026-10-28,65.42,61.01,69.62,2026-10-09,Chronos
561992,2026-10-29,65.3,60.63,69.62,2026-10-09,Chronos
561992,2026-10-30,65.29,60.46,69.75,2026-10-09,Chronos
561992,2026-10-31,65.14,60.21,69.85,2026-10-09,Chronos
561992,2026-11-01,65.09,59.9,69.79,2026-10-09,Chronos
561992,2026-11-02,65.09,59.56,69.83,2026-10-09,Chronos
561992,2026-11-03,65.03,59.36,69.78,2026-10-09,Chronos
561992,2026-11-04,64.97,59.57,69.85,2026-10-09,Chronos
561992,2026-11-05,64.89,58.94,69.74,2026-10-09,Chronos
561992,2026-11-06,64.73,58.8,69.83,2026-10-09,Chronos
561992,2026-11-07,64.59,58.4,70.02,2026-10-09,Chronos
561992,2026-11-08,64.63,58.08,69.96,2026-10-09,Chronos
561993,2026-10-10,48.18,47.54,48.68,2026-10-09,Chronos
561993,2026-10-11,48.09,47.42,48.67,2026-10-09,Chronos
561993,2026-10-12,48.03,47.16,48.68,2026-10-09,Chronos
561993,2026-10-13,47.93,46.98,48.75,2026-10-09,Chronos
561993,2026-10-14,47.8,46.79,48.89,2026-10-09,Chronos
561993,2026-10-15,47.79,46.52,48.94,2026-10-09,Chronos
561993,2026-10-16,47.74,46.47,48.97,2026-10-09,Chronos
561993,2026-10-17,47.62,46.22,49.02,2026-10-09,Chronos
561993,2026-10-18,47.51,46.01,49.03,2026-10-09,Chronos
561993,2026-10-19,47.47,45.83,49.01,2026-10-09,Chronos
561993,2026-10-20,47.42,45.69,49.02,2026-10-09,Chronos
561993,2026-10-21,47.37,45.53,49.12,2026-10-09,Chronos
561993,2026-10-22,47.34,45.33,49.23,2026-10-09,Chronos
561993,2026-10-23,47.22,45.01,49.26,2026-10-09,Chronos
561993,2026-10-24,47.06,44.7,49.43,2026-10-09,Chronos
561993,2026-10-25,47.02,44.64,49.29,2026-10-09,Chronos
561993,2026-10-26,46.82,43.89,49.69,2026-10-09,Chronos
561993,2026-10-27,46.78,43.62,49.72,2026-10-09,Chronos
561993,2026-10-28,46.68,43.32,49.75,2026-10-09,Chronos
561993,2026-10-29,46.59,43.09,49.81,2026-10-09,Chronos
561993,2026-10-30,46.53,43.05,50.0,2026-10-09,Chronos
561993,2026-10-31,46.57,42.84,50.06,2026-10-09,Chronos
561993,2026-11-01,46.49,42.64,50.04,2026-10-09,Chronos
561993,2026-11-02,46.43,42.6,50.02,2026-10-09,Chronos
561993,2026-11-03,46.37,42.4,50.14,2026-10-09,Chronos
561993,2026-11-04,46.34,42.23,50.26,2026-10-09,Chronos
561993,2026-11-05,46.32,42.02,50.31,2026-10-09,Chronos
561993,2026-11-06,46.24,41.87,50.35,2026-10-09,Chronos
561993,2026-11-07,46.27,41.76,50.59,2026-10-09,Chronos
561993,2026-11-08,46.11,41.31,50.62,2026-10-09,Chronos
561994,2026-10-10,97.34,95.71,98.5,2026-10-09,Chronos
561994,2026-10-11,97.09,94.72,98.97,2026-10-09,Chronos
561994,2026-10-12,96.66,93.52,99.38,2026-10-09,Chronos
561994,2026-10-13,96.44,92.81,99.64,2026-10-09,Chronos
561994,2026-10-14,96.26,92.21,100.31,2026-10-09,Chronos
561994,2026-10-15,96.13,91.34,100.67,2026-10-09,Chronos
561994,2026-10-16,95.96,90.97,101.11,2026-10-09,Chronos
561994,2026-10-17,95.74,90.33,101.51,2026-10-09,Chronos
561994,2026-10-18,95.52,89.59,101.95,2026-10-09,Chronos
561994,2026-10-19,95.43,89.02,102.49,2026-10-09,Chronos
561994,2026-10-20,95.1,88.07,102.98,2026-10-09,Chronos
561994,2026-10-21,94.97,88.03,103.74,2026-10-09,Chronos
561994,2026-10-22,94.55,87.24,104.2,2026-10-09,Chronos
561994,2026-10-23,94.46,86.05,104.78,2026-10-09,Chronos
561994,2026-10-24,94.2,85.12,104.66,2026-10-09,Chronos
561994,2026-10-25,94.08,84.83,104.54,2026-10-09,Chronos
561994,2026-10-26,93.48,84.45,104.82,2026-10-09,Chronos
561994,2026-10-27,93.11,83.66,105.1,2026-10-09,Chronos
561994,2026-10-28,93.0,83.21,105.37,2026-10-09,Chronos
561994,2026-10-29,92.73,82.68,106.0,2026-10-09,Chronos
561994,2026-10-30,92.32,81.46,106.25,2026-10-09,Chronos
561994,2026-10-31,92.29,81.53,106.51,2026-10-09,Chronos
561994,2026-11-01,91.91,80.36,106.65,2026-10-09,Chronos
561994,2026-11-02,91.7,79.63,106.88,2026-10-09,Chronos
561994,2026-11-03,91.57,79.1,107.52,2026-10-09,Chronos
561994,2026-11-04,91.31,78.73,107.83,2026-10-09,Chronos
561994,2026-11-05,91.08,77.57,108.38,2026-10-09,Chronos
561994,2026-11-06,90.99,77.23,109.1,2026-10-09,Chronos
561994,2026-11-07,90.86,76.29,109.31,2026-10-09,Chronos
561994,2026-11-08,90.43,76.32,109.64,2026-10-09,Chronos
561995,2026-10-10,43.93,43.4,44.25,2026-10-09,Chronos
561995,2026-10-11,43.85,43.13,44.35,2026-10-09,Chronos
561995,2026-10-12,43.73,42.86,44.43,2026-10-09,Chronos
561995,2026-10-13,43.67,42.72,44.44,2026-10-09,Chronos
561995,2026-10-14,43.56,42.48,44.57,2026-10-09,Chronos
561995,2026-10-15,43.51,42.25,44.58,2026-10-09,Chronos
561995,2026-10-16,43.44,42.12,44.63,2026-10-09,Chronos
561995,2026-10-17,43.31,41.93,44.64,2026-10-09,Chronos
561995,2026-10-18,43.23,41.65,44.71,2026-10-09,Chronos
561995,2026-10-19,43.16,41.5,44.86,2026-10-09,Chronos
561995,2026-10-20,43.05,41.13,44.89,2026-10-09,Chronos
561995,2026-10-21,42.98,41.11,44.91,2026-10-09,Chronos
561995,2026-10-22,42.88,40.61,45.01,2026-10-09,Chronos
561995,2026-10-23,42.79,40.35,45.19,2026-10-09,Chronos
561995,2026-10-24,42.72,39.93,45.29,2026-10-09,Chronos
561995,2026-10-25,42.69,39.68,45.32,2026-10-09,Chronos
561995,2026-10-26,42.72,39.36,45.33,2026-10-09,Chronos
561995,2026-10-27,42.6,39.09,45.38,2026-10-09,Chronos
561995,2026-10-28,42.56,38.9,45.33,2026-10-09,Chronos
561995,2026-10-29,42.39,38.69,45.32,2026-10-09,Chronos
561995,2026-10-30,42.26,38.47,45.42,2026-10-09,Chronos
561995,2026-10-31,42.22,38.4,45.34,2026-10-09,Chronos
561995,2026-11-01,42.1,38.01,45.31,2026-10-09,Chronos
561995,2026-11-02,42.01,37.8,45.39,2026-10-09,Chronos
561995,2026-11-03,41.95,37.66,45.42,2026-10-09,Chronos
561995,2026-11-04,41.88,37.48,45.55,2026-10-09,Chronos
561995,2026-11-05,41.82,37.2,45.61,2026-10-09,Chronos
561995,2026-11-06,41.71,36.87,45.57,2026-10-09,Chronos
561995,2026-11-07,41.66,36.56,45.56,2026-10-09,Chronos
561995,2026-11-08,41.56,36.54,45.71,2026-10-09,Chronos
562000,2026-10-10,19.37,19.28,19.44,2026-10-09,Chronos
562000,2026-10-11,19.36,19.25,19.47,2026-10-09,Chronos
562000,2026-10-12,19.36,19.2,19.49,2026-10-09,Chronos
562000,2026-10-13,19.36,19.18,19.52,2026-10-09,Chronos
562000,2026-10-14,19.35,19.16,19.58,2026-10-09,Chronos
562000,2026-10-15,19.36,19.14,19.6,2026-10-09,Chronos
562000,2026-10-16,19.36,19.13,19.62,2026-10-09,Chronos
562000,2026-10-17,19.35,19.1,19.64,2026-10-09,Chronos
562000,2026-10-18,19.35,19.07,19.68,2026-10-09,Chronos
562000,2026-10-19,19.36,19.05,19.72,2026-10-09,Chronos
562000,2026-10-20,19.34,19.01,19.77,2026-10-09,Chronos
562000,2026-10-21,19.35,19.0,19.81,2026-10-09,Chronos
562000,2026-10-22,19.34,18.95,19.86,2026-10-09,Chronos
562000,2026-10-23,19.33,18.92,19.9,2026-10-09,Chronos
562000,2026-10-24,19.33,18.88,19.91,2026-10-09,Chronos
562000,2026-10-25,19.34,18.85,19.93,2026-10-09,Chronos
562000,2026-10-26,19.3,18.8,19.89,2026-10-09,Chronos
562000,2026-10-27,19.28,18.76,19.93,2026-10-09,Chronos
562000,2026-10-28,19.27,18.72,19.95,2026-10-09,Chronos
562000,2026-10-29,19.27,18.68,19.98,2026-10-09,Chronos
562000,2026-10-30,19.25,18.62,20.01,2026-10-09,Chronos
562000,2026-10-31,19.26,18.62,20.03,2026-10-09,Chronos
562000,2026-11-01,19.24,18.56,20.04,2026-10-09,Chronos
562000,2026-11-02,19.23,18.53,20.05,2026-10-09,Chronos
562000,2026-11-03,19.22,18.51,20.09,2026-10-09,Chronos
562000,2026-11-04,19.22,18.47,20.11,2026-10-09,Chronos
562000,2026-11-05,19.21,18.43,20.16,2026-10-09,Chronos
562000,2026-11-06,19.2,18.38,20.22,2026-10-09,Chronos
562000,2026-11-07,19.2,18.36,20.25,2026-10-09,Chronos
562000,2026-11-08,19.18,18.34,20.26,2026-10-09,Chronos
562007,2026-10-10,159.96,158.0,162.57,2026-10-09,Chronos
562007,2026-10-11,160.18,157.54,163.14,2026-10-09,Chronos
562007,2026-10-12,160.25,157.37,163.54,2026-10-09,Chronos
562007,2026-10-13,160.2,157.39,164.01,2026-10-09,Chronos
562007,2026-10-14,160.7,157.16,165.01,2026-10-09,Chronos
562007,2026-10-15,160.84,156.88,165.93,2026-10-09,Chronos
562007,2026-10-16,161.46,157.47,166.75,2026-10-09,Chronos
562007,2026-10-17,162.05,157.26,167.94,2026-10-09,Chronos
562007,2026-10-18,162.74,157.63,168.68,2026-10-09,Chronos
562007,2026-10-19,162.85,157.77,170.18,2026-10-09,Chronos
562007,2026-10-20,163.08,157.41,170.48,2026-10-09,Chronos
562007,2026-10-21,162.98,156.99,171.22,2026-10-09,Chronos
562007,2026-10-22,162.47,156.52,172.07,2026-10-09,Chronos
562007,2026-10-23,163.04,156.62,171.33,2026-10-09,Chronos
562007,2026-10-24,163.33,156.11,172.8,2026-10-09,Chronos
562007,2026-10-25,163.48,156.4,174.09,2026-10-09,Chronos
562007,2026-10-26,162.9,156.15,171.63,2026-10-09,Chronos
562007,2026-10-27,163.1,156.07,172.23,2026-10-09,Chronos
562007,2026-10-28,163.32,155.18,172.74,2026-10-09,Chronos
562007,2026-10-29,162.84,155.56,173.29,2026-10-09,Chronos
562007,2026-10-30,162.99,154.51,174.28,2026-10-09,Chronos
562007,2026-10-31,162.76,153.89,174.34,2026-10-09,Chronos
562007,2026-11-01,162.82,153.92,174.66,2026-10-09,Chronos
562007,2026-11-02,163.32,153.59,175.55,2026-10-09,Chronos
562007,2026-11-03,163.66,153.64,176.01,2026-10-09,Chronos
562007,2026-11-04,163.45,153.26,176.57,2026-10-09,Chronos
562007,2026-11-05,163.43,153.0,176.63,2026-10-09,Chronos
562007,2026-11-06,162.87,152.04,176.87,2026-10-09,Chronos
562007,2026-11-07,161.96,151.02,177.14,2026-10-09,Chronos
562007,2026-11-08,162.1,150.4,176.15,2026-10-09,Chronos
562021,2026-10-10,338.66,336.59,341.04,2026-10-09,Chronos
562021,2026-10-11,338.48,335.36,341.66,2026-10-09,Chronos
562021,2026-10-12,338.3,334.59,341.72,2026-10-09,Chronos
562021,2026-10-13,337.67,334.04,341.82,2026-10-09,Chronos
562021,2026-10-14,337.59,332.98,342.43,2026-10-09,Chronos
562021,2026-10-15,337.73,332.72,343.23,2026-10-09,Chronos
562021,2026-10-16,337.81,332.39,343.74,2026-10-09,Chronos
562021,2026-10-17,337.89,331.47,344.29,2026-10-09,Chronos
562021,2026-10-18,338.15,331.6,344.77,2026-10-09,Chronos
562021,2026-10-19,337.93,331.07,345.76,2026-10-09,Chronos
562021,2026-10-20,337.75,330.68,345.43,2026-10-09,Chronos
562021,2026-10-21,337.7,329.8,345.72,2026-10-09,Chronos
562021,2026-10-22,337.05,328.92,346.18,2026-10-09,Chronos
562021,2026-10-23,337.26,328.83,345.48,2026-10-09,Chronos
562021,2026-10-24,337.39,327.75,347.08,2026-10-09,Chronos
562021,2026-10-25,336.96,327.73,347.36,2026-10-09,Chronos
562021,2026-10-26,338.14,328.34,346.53,2026-10-09,Chronos
562021,2026-10-27,337.92,328.03,347.16,2026-10-09,Chronos
562021,2026-10-28,337.5,326.17,347.24,2026-10-09,Chronos
562021,2026-10-29,336.96,326.51,347.79,2026-10-09,Chronos
562021,2026-10-30,336.84,324.8,348.87,2026-10-09,Chronos
562021,2026-10-31,336.92,323.85,349.11,2026-10-09,Chronos
562021,2026-11-01,336.95,323.68,349.82,2026-10-09,Chronos
562021,2026-11-02,337.15,322.92,350.44,2026-10-09,Chronos
562021,2026-11-03,337.57,322.35,351.26,2026-10-09,Chronos
562021,2026-11-04,337.33,321.92,352.22,2026-10-09,Chronos
562021,2026-11-05,337.12,320.52,352.18,2026-10-09,Chronos
562021,2026-11-06,336.94,320.07,352.51,2026-10-09,Chronos
562021,2026-11-07,336.31,318.7,353.28,2026-10-09,Chronos
562021,2026-11-08,336.33,317.01,353.05,2026-10-09,Chronos
590822,2026-10-10,53.04,51.8,54.0,2026-10-09,Chronos
590822,2026-10-11,52.95,51.29,54.16,2026-10-09,Chronos
590822,2026-10-12,52.74,50.65,54.36,2026-10-09,Chronos
590822,2026-10-13,52.61,50.32,54.61,2026-10-09,Chronos
590822,2026-10-14,52.5,49.97,54.86,2026-10-09,Chronos
590822,2026-10-15,52.51,49.61,54.94,2026-10-09,Chronos
590822,2026-10-16,52.47,49.42,55.13,2026-10-09,Chronos
590822,2026-10-17,52.43,49.13,55.36,2026-10-09,Chronos
590822,2026-10-18,52.5,48.93,55.51,2026-10-09,Chronos
590822,2026-10-19,52.39,48.7,55.63,2026-10-09,Chronos
590822,2026-10-20,52.19,47.99,55.73,2026-10-09,Chronos
590822,2026-10-21,52.14,47.8,55.86,2026-10-09,Chronos
590822,2026-10-22,51.95,47.07,55.95,2026-10-09,Chronos
590822,2026-10-23,51.96,45.99,56.07,2026-10-09,Chronos
590822,2026-10-24,51.76,45.68,56.09,2026-10-09,Chronos
590822,2026-10-25,51.47,45.3,56.08,2026-10-09,Chronos
590822,2026-10-26,51.31,44.39,56.03,2026-10-09,Chronos
590822,2026-10-27,51.21,43.92,56.09,2026-10-09,Chronos
590822,2026-10-28,51.0,43.53,56.05,2026-10-09,Chronos
590822,2026-10-29,50.85,43.01,56.35,2026-10-09,Chronos
590822,2026-10-30,50.9,42.48,56.3,2026-10-09,Chronos
590822,2026-10-31,50.7,41.67,56.41,2026-10-09,Chronos
590822,2026-11-01,50.65,40.8,56.38,2026-10-09,Chronos
590822,2026-11-02,50.58,40.36,56.58,2026-10-09,Chronos
590822,2026-11-03,50.55,40.31,56.63,2026-10-09,Chronos
590822,2026-11-04,50.61,39.92,56.88,2026-10-09,Chronos
590822,2026-11-05,50.49,39.54,57.18,2026-10-09,Chronos
590822,2026-11-06,50.45,39.07,57.46,2026-10-09,Chronos
590822,2026-11-07,50.3,38.34,57.6,2026-10-09,Chronos
590822,2026-11-08,50.35,37.8,57.64,2026-10-09,Chronos
591994,2026-10-10,36.51,36.17,36.82,2026-10-09,Chronos
591994,2026-10-11,36.48,36.12,36.9,2026-10-09,Chronos
591994,2026-10-12,36.51,35.97,36.96,2026-10-09,Chronos
591994,2026-10-13,36.45,35.88,37.07,2026-10-09,Chronos
591994,2026-10-14,36.42,35.79,37.2,2026-10-09,Chronos
591994,2026-10-15,36.46,35.71,37.34,2026-10-09,Chronos
591994,2026-10-16,36.46,35.64,37.37,2026-10-09,Chronos
591994,2026-10-17,36.45,35.57,37.49,2026-10-09,Chronos
591994,2026-10-18,36.45,35.52,37.57,2026-10-09,Chronos
591994,2026-10-19,36.45,35.47,37.68,2026-10-09,Chronos
591994,2026-10-20,36.47,35.43,37.72,2026-10-09,Chronos
591994,2026-10-21,36.49,35.39,37.86,2026-10-09,Chronos
591994,2026-10-22,36.49,35.35,37.97,2026-10-09,Chronos
591994,2026-10-23,36.48,35.28,38.08,2026-10-09,Chronos
591994,2026-10-24,36.47,35.21,38.15,2026-10-09,Chronos
591994,2026-10-25,36.46,35.22,38.08,2026-10-09,Chronos
591994,2026-10-26,36.57,35.22,38.56,2026-10-09,Chronos
591994,2026-10-27,36.56,35.12,38.52,2026-10-09,Chronos
591994,2026-10-28,36.57,35.0,38.66,2026-10-09,Chronos
591994,2026-10-29,36.52,34.95,38.8,2026-10-09,Chronos
591994,2026-10-30,36.51,34.82,39.11,2026-10-09,Chronos
591994,2026-10-31,36.58,34.8,39.12,2026-10-09,Chronos
591994,2026-11-01,36.58,34.78,39.24,2026-10-09,Chronos
591994,2026-11-02,36.55,34.69,39.52,2026-10-09,Chronos
591994,2026-11-03,36.57,34.61,39.63,2026-10-09,Chronos
591994,2026-11-04,36.61,34.58,39.79,2026-10-09,Chronos
591994,2026-11-05,36.61,34.46,40.09,2026-10-09,Chronos
591994,2026-11-06,36.65,34.46,40.37,2026-10-09,Chronos
591994,2026-11-07,36.68,34.38,40.7,2026-10-09,Chronos
591994,2026-11-08,36.66,34.19,41.04,2026-10-09,Chronos
591998,2026-10-10,104.08,103.2,104.8,2026-10-09,Chronos
591998,2026-10-11,104.14,103.04,105.06,2026-10-09,Chronos
591998,2026-10-12,104.17,102.9,105.2,2026-10-09,Chronos
591998,2026-10-13,104.13,102.9,105.44,2026-10-09,Chronos
591998,2026-10-14,104.24,102.68,105.84,2026-10-09,Chronos
591998,2026-10-15,104.31,102.57,106.11,2026-10-09,Chronos
591998,2026-10-16,104.46,102.63,106.38,2026-10-09,Chronos
591998,2026-10-17,104.51,102.39,106.61,2026-10-09,Chronos
591998,2026-10-18,104.68,102.4,106.88,2026-10-09,Chronos
591998,2026-10-19,104.75,102.38,107.13,2026-10-09,Chronos
591998,2026-10-20,104.78,102.25,107.34,2026-10-09,Chronos
591998,2026-10-21,104.84,102.11,107.51,2026-10-09,Chronos
591998,2026-10-22,104.69,101.91,107.75,2026-10-09,Chronos
591998,2026-10-23,104.9,101.75,107.79,2026-10-09,Chronos
591998,2026-10-24,105.11,101.8,108.07,2026-10-09,Chronos
591998,2026-10-25,104.93,101.95,108.33,2026-10-09,Chronos
591998,2026-10-26,105.57,102.49,108.87,2026-10-09,Chronos
591998,2026-10-27,105.53,102.26,108.99,2026-10-09,Chronos
591998,2026-10-28,105.5,101.81,109.09,2026-10-09,Chronos
591998,2026-10-29,105.44,101.91,109.51,2026-10-09,Chronos
591998,2026-10-30,105.56,101.64,109.64,2026-10-09,Chronos
591998,2026-10-31,105.56,101.52,110.0,2026-10-09,Chronos
591998,2026-11-01,105.71,101.52,110.31,2026-10-09,Chronos
591998,2026-11-02,105.78,101.29,110.54,2026-10-09,Chronos
591998,2026-11-03,106.0,101.15,110.96,2026-10-09,Chronos
591998,2026-11-04,106.03,101.02,111.03,2026-10-09,Chronos
591998,2026-11-05,106.1,100.63,111.35,2026-10-09,Chronos
591998,2026-11-06,106.07,100.76,111.73,2026-10-09,Chronos
591998,2026-11-07,105.91,100.58,111.98,2026-10-09,Chronos
591998,2026-11-08,106.08,100.11,111.91,2026-10-09,Chronos
591999,2026-10-10,114.51,113.57,115.27,2026-10-09,Chronos
591999,2026-10-11,114.56,113.31,115.61,2026-10-09,Chronos
591999,2026-10-12,114.59,113.09,115.74,2026-10-09,Chronos
591999,2026-10-13,114.32,112.84,115.82,2026-10-09,Chronos
591999,2026-10-14,114.45,112.57,116.26,2026-10-09,Chronos
591999,2026-10-15,114.46,112.36,116.67,2026-10-09,Chronos
591999,2026-10-16,114.58,112.37,116.92,2026-10-09,Chronos
591999,2026-10-17,114.65,112.02,117.22,2026-10-09,Chronos
591999,2026-10-18,114.93,112.11,117.57,2026-10-09,Chronos
591999,2026-10-19,114.96,112.05,118.08,2026-10-09,Chronos
591999,2026-10-20,114.96,111.84,118.01,2026-10-09,Chronos
591999,2026-10-21,114.95,111.55,118.23,2026-10-09,Chronos
591999,2026-10-22,114.76,111.22,118.61,2026-10-09,Chronos
591999,2026-10-23,114.9,110.96,118.32,2026-10-09,Chronos
591999,2026-10-24,114.95,110.84,118.81,2026-10-09,Chronos
591999,2026-10-25,114.67,110.81,118.96,2026-10-09,Chronos
591999,2026-10-26,115.19,111.02,118.82,2026-10-09,Chronos
591999,2026-10-27,115.18,110.82,119.04,2026-10-09,Chronos
591999,2026-10-28,115.19,110.25,119.16,2026-10-09,Chronos
591999,2026-10-29,115.01,110.36,119.43,2026-10-09,Chronos
591999,2026-10-30,115.15,109.95,119.95,2026-10-09,Chronos
591999,2026-10-31,115.13,109.72,120.19,2026-10-09,Chronos
591999,2026-11-01,115.17,109.63,120.42,2026-10-09,Chronos
591999,2026-11-02,115.41,109.42,120.91,2026-10-09,Chronos
591999,2026-11-03,115.69,109.21,121.33,2026-10-09,Chronos
591999,2026-11-04,115.67,109.12,121.5,2026-10-09,Chronos
591999,2026-11-05,115.71,108.62,121.78,2026-10-09,Chronos
591999,2026-11-06,115.54,108.57,121.78,2026-10-09,Chronos
591999,2026-11-07,115.29,108.26,122.07,2026-10-09,Chronos
591999,2026-11-08,115.41,107.5,121.92,2026-10-09,Chronos
592000,2026-10-10,55.5,54.94,56.03,2026-10-09,Chronos
592000,2026-10-11,55.52,54.77,56.19,2026-10-09,Chronos
592000,2026-10-12,55.5,54.67,56.23,2026-10-09,Chronos
592000,2026-10-13,55.44,54.63,56.33,2026-10-09,Chronos
592000,2026-10-14,55.55,54.52,56.6,2026-10-09,Chronos
592000,2026-10-15,55.62,54.45,56.87,2026-10-09,Chronos
592000,2026-10-16,55.62,54.45,56.93,2026-10-09,Chronos
592000,2026-10-17,55.72,54.31,57.14,2026-10-09,Chronos
592000,2026-10-18,55.85,54.35,57.34,2026-10-09,Chronos
592000,2026-10-19,55.84,54.29,57.63,2026-10-09,Chronos
592000,2026-10-20,55.86,54.18,57.62,2026-10-09,Chronos
592000,2026-10-21,55.84,54.03,57.7,2026-10-09,Chronos
592000,2026-10-22,55.75,53.89,57.93,2026-10-09,Chronos
592000,2026-10-23,55.88,53.74,57.87,2026-10-09,Chronos
592000,2026-10-24,55.9,53.67,58.09,2026-10-09,Chronos
592000,2026-10-25,55.88,53.77,58.32,2026-10-09,Chronos
592000,2026-10-26,56.04,53.61,58.31,2026-10-09,Chronos
592000,2026-10-27,56.06,53.46,58.46,2026-10-09,Chronos
592000,2026-10-28,56.07,53.14,58.58,2026-10-09,Chronos
592000,2026-10-29,55.99,53.16,58.81,2026-10-09,Chronos
592000,2026-10-30,56.08,52.99,59.05,2026-10-09,Chronos
592000,2026-10-31,56.08,52.8,59.24,2026-10-09,Chronos
592000,2026-11-01,55.97,52.72,59.23,2026-10-09,Chronos
592000,2026-11-02,56.12,52.59,59.49,2026-10-09,Chronos
592000,2026-11-03,56.2,52.35,59.7,2026-10-09,Chronos
592000,2026-11-04,56.17,52.27,59.74,2026-10-09,Chronos
592000,2026-11-05,56.14,51.84,59.99,2026-10-09,Chronos
592000,2026-11-06,56.01,51.89,59.96,2026-10-09,Chronos
592000,2026-11-07,55.85,51.69,60.13,2026-10-09,Chronos
592000,2026-11-08,55.86,51.21,60.02,2026-10-09,Chronos
592001,2026-10-10,30.57,30.39,30.72,2026-10-09,Chronos
592001,2026-10-11,30.59,30.32,30.77,2026-10-09,Chronos
592001,2026-10-12,30.6,30.3,30.84,2026-10-09,Chronos
592001,2026-10-13,30.61,30.28,30.88,2026-10-09,Chronos
592001,2026-10-14,30.62,30.25,30.95,2026-10-09,Chronos
592001,2026-10-15,30.62,30.18,30.98,2026-10-09,Chronos
592001,2026-10-16,30.62,30.16,31.04,2026-10-09,Chronos
592001,2026-10-17,30.61,30.07,31.08,2026-10-09,Chronos
592001,2026-10-18,30.62,30.01,31.14,2026-10-09,Chronos
592001,2026-10-19,30.62,29.96,31.16,2026-10-09,Chronos
592001,2026-10-20,30.61,29.88,31.21,2026-10-09,Chronos
592001,2026-10-21,30.62,29.86,31.23,2026-10-09,Chronos
592001,2026-10-22,30.62,29.8,31.27,2026-10-09,Chronos
592001,2026-10-23,30.6,29.73,31.3,2026-10-09,Chronos
592001,2026-10-24,30.61,29.62,31.4,2026-10-09,Chronos
592001,2026-10-25,30.6,29.55,31.36,2026-10-09,Chronos
592001,2026-10-26,30.67,29.46,31.59,2026-10-09,Chronos
592001,2026-10-27,30.65,29.39,31.65,2026-10-09,Chronos
592001,2026-10-28,30.63,29.28,31.69,2026-10-09,Chronos
592001,2026-10-29,30.62,29.15,31.75,2026-10-09,Chronos
592001,2026-10-30,30.61,29.11,31.82,2026-10-09,Chronos
592001,2026-10-31,30.6,29.02,31.84,2026-10-09,Chronos
592001,2026-11-01,30.57,28.9,31.91,2026-10-09,Chronos
592001,2026-11-02,30.56,28.82,31.98,2026-10-09,Chronos
592001,2026-11-03,30.53,28.7,31.99,2026-10-09,Chronos
592001,2026-11-04,30.53,28.63,32.01,2026-10-09,Chronos
592001,2026-11-05,30.48,28.44,32.07,2026-10-09,Chronos
592001,2026-11-06,30.47,28.38,32.1,2026-10-09,Chronos
592001,2026-11-07,30.46,28.31,32.19,2026-10-09,Chronos
592001,2026-11-08,30.43,28.21,32.3,2026-10-09,Chronos
592012,2026-10-10,81.96,81.34,82.49,2026-10-09,Chronos
592012,2026-10-11,81.93,81.02,82.67,2026-10-09,Chronos
592012,2026-10-12,81.96,80.9,82.74,2026-10-09,Chronos
592012,2026-10-13,81.72,80.79,82.8,2026-10-09,Chronos
592012,2026-10-14,81.77,80.47,83.0,2026-10-09,Chronos
592012,2026-10-15,81.77,80.28,83.23,2026-10-09,Chronos
592012,2026-10-16,81.77,80.23,83.3,2026-10-09,Chronos
592012,2026-10-17,81.82,79.97,83.49,2026-10-09,Chronos
592012,2026-10-18,81.95,79.95,83.68,2026-10-09,Chronos
592012,2026-10-19,81.9,79.84,83.94,2026-10-09,Chronos
592012,2026-10-20,81.84,79.55,83.89,2026-10-09,Chronos
592012,2026-10-21,81.81,79.41,83.92,2026-10-09,Chronos
592012,2026-10-22,81.62,79.15,84.12,2026-10-09,Chronos
592012,2026-10-23,81.64,78.9,83.87,2026-10-09,Chronos
592012,2026-10-24,81.67,78.8,84.22,2026-10-09,Chronos
592012,2026-10-25,81.48,78.73,84.36,2026-10-09,Chronos
592012,2026-10-26,81.28,78.6,83.43,2026-10-09,Chronos
592012,2026-10-27,81.21,78.36,83.48,2026-10-09,Chronos
592012,2026-10-28,81.15,77.91,83.53,2026-10-09,Chronos
592012,2026-10-29,80.94,77.86,83.58,2026-10-09,Chronos
592012,2026-10-30,80.91,77.43,83.84,2026-10-09,Chronos
592012,2026-10-31,80.88,77.15,83.94,2026-10-09,Chronos
592012,2026-11-01,80.79,77.0,84.02,2026-10-09,Chronos
592012,2026-11-02,80.92,76.8,84.25,2026-10-09,Chronos
592012,2026-11-03,81.01,76.48,84.46,2026-10-09,Chronos
592012,2026-11-04,80.94,76.36,84.75,2026-10-09,Chronos
592012,2026-11-05,80.87,75.77,84.75,2026-10-09,Chronos
592012,2026-11-06,80.73,75.79,84.63,2026-10-09,Chronos
592012,2026-11-07,80.5,75.42,84.78,2026-10-09,Chronos
592012,2026-11-08,80.49,74.87,84.58,2026-10-09,Chronos
592013,2026-10-10,48.68,48.29,48.87,2026-10-09,Chronos
592013,2026-10-11,48.73,48.25,49.15,2026-10-09,Chronos
592013,2026-10-12,48.79,48.02,49.38,2026-10-09,Chronos
592013,2026-10-13,48.78,47.91,49.62,2026-10-09,Chronos
592013,2026-10-14,48.79,47.78,49.86,2026-10-09,Chronos
592013,2026-10-15,48.89,47.64,50.08,2026-10-09,Chronos
592013,2026-10-16,48.92,47.52,50.23,2026-10-09,Chronos
592013,2026-10-17,48.89,47.36,50.44,2026-10-09,Chronos
592013,2026-10-18,48.9,47.25,50.63,2026-10-09,Chronos
592013,2026-10-19,48.97,47.12,50.9,2026-10-09,Chronos
592013,2026-10-20,48.99,47.01,51.3,2026-10-09,Chronos
592013,2026-10-21,49.03,46.86,51.43,2026-10-09,Chronos
592013,2026-10-22,49.11,46.86,51.75,2026-10-09,Chronos
592013,2026-10-23,49.11,46.61,52.08,2026-10-09,Chronos
592013,2026-10-24,49.16,46.67,52.17,2026-10-09,Chronos
592013,2026-10-25,49.17,46.59,52.39,2026-10-09,Chronos
592013,2026-10-26,49.39,46.21,52.43,2026-10-09,Chronos
592013,2026-10-27,49.45,46.08,52.58,2026-10-09,Chronos
592013,2026-10-28,49.41,45.91,52.7,2026-10-09,Chronos
592013,2026-10-29,49.48,45.76,52.99,2026-10-09,Chronos
592013,2026-10-30,49.44,45.67,53.14,2026-10-09,Chronos
592013,2026-10-31,49.49,45.65,53.13,2026-10-09,Chronos
592013,2026-11-01,49.53,45.59,53.27,2026-10-09,Chronos
592013,2026-11-02,49.5,45.44,53.5,2026-10-09,Chronos
592013,2026-11-03,49.56,45.28,53.68,2026-10-09,Chronos
592013,2026-11-04,49.63,45.19,53.66,2026-10-09,Chronos
592013,2026-11-05,49.61,45.11,53.97,2026-10-09,Chronos
592013,2026-11-06,49.55,44.86,54.15,2026-10-09,Chronos
592013,2026-11-07,49.57,44.86,54.35,2026-10-09,Chronos
592013,2026-11-08,49.6,44.63,54.54,2026-10-09,Chronos
592014,2026-10-10,49.81,49.28,50.37,2026-10-09,Chronos
592014,2026-10-11,49.81,49.02,50.42,2026-10-09,Chronos
592014,2026-10-12,49.85,48.93,50.55,2026-10-09,Chronos
592014,2026-10-13,49.82,48.87,50.62,2026-10-09,Chronos
592014,2026-10-14,49.87,48.71,50.82,2026-10-09,Chronos
592014,2026-10-15,49.83,48.59,50.92,2026-10-09,Chronos
592014,2026-10-16,49.97,48.65,51.13,2026-10-09,Chronos
592014,2026-10-17,50.02,48.52,51.32,2026-10-09,Chronos
592014,2026-10-18,50.11,48.51,51.46,2026-10-09,Chronos
592014,2026-10-19,50.1,48.41,51.59,2026-10-09,Chronos
592014,2026-10-20,50.09,48.31,51.6,2026-10-09,Chronos
592014,2026-10-21,50.09,48.19,51.7,2026-10-09,Chronos
592014,2026-10-22,49.99,48.02,51.83,2026-10-09,Chronos
592014,2026-10-23,50.05,47.81,51.81,2026-10-09,Chronos
592014,2026-10-24,50.18,47.86,52.08,2026-10-09,Chronos
592014,2026-10-25,50.1,47.99,52.18,2026-10-09,Chronos
592014,2026-10-26,50.17,47.79,52.32,2026-10-09,Chronos
592014,2026-10-27,50.18,47.76,52.28,2026-10-09,Chronos
592014,2026-10-28,50.12,47.39,52.34,2026-10-09,Chronos
592014,2026-10-29,50.11,47.37,52.5,2026-10-09,Chronos
592014,2026-10-30,50.16,47.25,52.54,2026-10-09,Chronos
592014,2026-10-31,50.05,47.06,52.62,2026-10-09,Chronos
592014,2026-11-01,50.16,47.1,52.84,2026-10-09,Chronos
592014,2026-11-02,50.18,46.99,52.98,2026-10-09,Chronos
592014,2026-11-03,50.29,46.8,53.19,2026-10-09,Chronos
592014,2026-11-04,50.27,46.72,53.17,2026-10-09,Chronos
592014,2026-11-05,50.22,46.42,53.36,2026-10-09,Chronos
592014,2026-11-06,50.19,46.48,53.36,2026-10-09,Chronos
592014,2026-11-07,50.04,46.29,53.38,2026-10-09,Chronos
592014,2026-11-08,50.09,45.97,53.24,2026-10-09,Chronos
592030,2026-10-10,74.43,73.29,75.28,2026-10-09,Chronos
592030,2026-10-11,74.35,72.6,75.29,2026-10-09,Chronos
592030,2026-10-12,74.37,72.24,75.55,2026-10-09,Chronos
592030,2026-10-13,74.2,72.13,75.87,2026-10-09,Chronos
592030,2026-10-14,74.21,71.46,76.18,2026-10-09,Chronos
592030,2026-10-15,74.15,71.0,76.4,2026-10-09,Chronos
592030,2026-10-16,74.09,70.5,76.67,2026-10-09,Chronos
592030,2026-10-17,74.18,70.11,76.9,2026-10-09,Chronos
592030,2026-10-18,74.26,69.85,76.99,2026-10-09,Chronos
592030,2026-10-19,74.15,69.69,77.12,2026-10-09,Chronos
592030,2026-10-20,74.17,68.67,77.44,2026-10-09,Chronos
592030,2026-10-21,74.09,68.14,77.5,2026-10-09,Chronos
592030,2026-10-22,73.82,67.12,77.59,2026-10-09,Chronos
592030,2026-10-23,73.81,66.03,77.5,2026-10-09,Chronos
592030,2026-10-24,73.95,65.45,77.76,2026-10-09,Chronos
592030,2026-10-25,73.63,64.75,77.92,2026-10-09,Chronos
592030,2026-10-26,73.8,64.81,77.83,2026-10-09,Chronos
592030,2026-10-27,73.69,64.25,78.03,2026-10-09,Chronos
592030,2026-10-28,73.62,63.66,78.23,2026-10-09,Chronos
592030,2026-10-29,73.42,63.1,78.38,2026-10-09,Chronos
592030,2026-10-30,73.42,62.41,78.47,2026-10-09,Chronos
592030,2026-10-31,73.32,61.57,78.79,2026-10-09,Chronos
592030,2026-11-01,73.19,60.47,79.01,2026-10-09,Chronos
592030,2026-11-02,73.18,60.04,79.15,2026-10-09,Chronos
592030,2026-11-03,73.18,59.92,79.22,2026-10-09,Chronos
592030,2026-11-04,72.96,59.05,79.31,2026-10-09,Chronos
592030,2026-11-05,73.14,58.65,79.58,2026-10-09,Chronos
592030,2026-11-06,72.9,57.47,79.58,2026-10-09,Chronos
592030,2026-11-07,72.6,56.4,79.61,2026-10-09,Chronos
592030,2026-11-08,72.42,55.97,79.34,2026-10-09,Chronos
592031,2026-10-10,87.56,87.01,88.03,2026-10-09,Chronos
592031,2026-10-11,87.63,86.85,88.31,2026-10-09,Chronos
592031,2026-10-12,87.57,86.73,88.36,2026-10-09,Chronos
592031,2026-10-13,87.45,86.52,88.43,2026-10-09,Chronos
592031,2026-10-14,87.42,86.39,88.59,2026-10-09,Chronos
592031,2026-10-15,87.42,86.18,88.65,2026-10-09,Chronos
592031,2026-10-16,87.36,86.06,88.7,2026-10-09,Chronos
592031,2026-10-17,87.3,85.86,88.79,2026-10-09,Chronos
592031,2026-10-18,87.3,85.65,88.91,2026-10-09,Chronos
592031,2026-10-19,87.24,85.5,89.04,2026-10-09,Chronos
592031,2026-10-20,87.21,85.3,89.19,2026-10-09,Chronos
592031,2026-10-21,87.15,85.06,89.25,2026-10-09,Chronos
592031,2026-10-22,87.07,84.8,89.42,2026-10-09,Chronos
592031,2026-10-23,87.05,84.49,89.72,2026-10-09,Chronos
592031,2026-10-24,86.88,84.37,89.67,2026-10-09,Chronos
592031,2026-10-25,86.81,84.16,89.53,2026-10-09,Chronos
592031,2026-10-26,87.12,84.36,89.84,2026-10-09,Chronos
592031,2026-10-27,87.09,83.93,89.94,2026-10-09,Chronos
592031,2026-10-28,86.92,83.77,90.05,2026-10-09,Chronos
592031,2026-10-29,86.92,83.59,90.22,2026-10-09,Chronos
592031,2026-10-30,86.78,83.06,90.44,2026-10-09,Chronos
592031,2026-10-31,86.67,82.99,90.37,2026-10-09,Chronos
592031,2026-11-01,86.67,82.62,90.67,2026-10-09,Chronos
592031,2026-11-02,86.62,82.19,90.81,2026-10-09,Chronos
592031,2026-11-03,86.52,82.07,90.96,2026-10-09,Chronos
592031,2026-11-04,86.49,81.68,91.05,2026-10-09,Chronos
592031,2026-11-05,86.43,81.48,91.32,2026-10-09,Chronos
592031,2026-11-06,86.32,81.12,91.43,2026-10-09,Chronos
592031,2026-11-07,86.26,80.47,91.72,2026-10-09,Chronos
592031,2026-11-08,86.14,80.01,91.87,2026-10-09,Chronos
592032,2026-10-10,61.51,60.89,62.05,2026-10-09,Chronos
592032,2026-10-11,61.56,60.66,62.24,2026-10-09,Chronos
592032,2026-10-12,61.6,60.61,62.37,2026-10-09,Chronos
592032,2026-10-13,61.55,60.52,62.45,2026-10-09,Chronos
592032,2026-10-14,61.65,60.36,62.73,2026-10-09,Chronos
592032,2026-10-15,61.66,60.26,62.97,2026-10-09,Chronos
592032,2026-10-16,61.83,60.32,63.2,2026-10-09,Chronos
592032,2026-10-17,61.91,60.16,63.45,2026-10-09,Chronos
592032,2026-10-18,62.08,60.21,63.66,2026-10-09,Chronos
592032,2026-10-19,62.11,60.13,63.99,2026-10-09,Chronos
592032,2026-10-20,62.14,60.02,64.02,2026-10-09,Chronos
592032,2026-10-21,62.15,59.92,64.09,2026-10-09,Chronos
592032,2026-10-22,62.03,59.73,64.3,2026-10-09,Chronos
592032,2026-10-23,62.19,59.66,64.27,2026-10-09,Chronos
592032,2026-10-24,62.3,59.59,64.64,2026-10-09,Chronos
592032,2026-10-25,62.21,59.67,64.8,2026-10-09,Chronos
592032,2026-10-26,62.52,59.28,65.61,2026-10-09,Chronos
592032,2026-10-27,62.59,59.25,65.71,2026-10-09,Chronos
592032,2026-10-28,62.6,58.78,65.86,2026-10-09,Chronos
592032,2026-10-29,62.54,58.73,66.09,2026-10-09,Chronos
592032,2026-10-30,62.57,58.53,66.2,2026-10-09,Chronos
592032,2026-10-31,62.47,58.23,66.3,2026-10-09,Chronos
592032,2026-11-01,62.61,58.3,66.6,2026-10-09,Chronos
592032,2026-11-02,62.7,58.16,66.86,2026-10-09,Chronos
592032,2026-11-03,62.84,57.91,67.13,2026-10-09,Chronos
592032,2026-11-04,62.81,57.77,67.17,2026-10-09,Chronos
592032,2026-11-05,62.8,57.37,67.48,2026-10-09,Chronos
592032,2026-11-06,62.73,57.45,67.49,2026-10-09,Chronos
592032,2026-11-07,62.57,57.3,67.63,2026-10-09,Chronos
592032,2026-11-08,62.74,56.94,67.56,2026-10-09,Chronos
592034,2026-10-10,29.94,29.72,30.14,2026-10-09,Chronos
592034,2026-10-11,29.94,29.71,30.19,2026-10-09,Chronos
592034,2026-10-12,29.96,29.64,30.22,2026-10-09,Chronos
592034,2026-10-13,29.95,29.63,30.27,2026-10-09,Chronos
592034,2026-10-14,29.94,29.59,30.32,2026-10-09,Chronos
592034,2026-10-15,29.95,29.55,30.36,2026-10-09,Chronos
592034,2026-10-16,29.96,29.52,30.4,2026-10-09,Chronos
592034,2026-10-17,29.94,29.48,30.43,2026-10-09,Chronos
592034,2026-10-18,29.93,29.43,30.46,2026-10-09,Chronos
592034,2026-10-19,29.92,29.36,30.5,2026-10-09,Chronos
592034,2026-10-20,29.92,29.35,30.5,2026-10-09,Chronos
592034,2026-10-21,29.93,29.33,30.57,2026-10-09,Chronos
592034,2026-10-22,29.94,29.31,30.63,2026-10-09,Chronos
592034,2026-10-23,29.91,29.25,30.69,2026-10-09,Chronos
592034,2026-10-24,29.9,29.22,30.75,2026-10-09,Chronos
592034,2026-10-25,29.91,29.24,30.82,2026-10-09,Chronos
592034,2026-10-26,29.95,29.16,30.81,2026-10-09,Chronos
592034,2026-10-27,29.96,29.09,30.83,2026-10-09,Chronos
592034,2026-10-28,29.94,29.02,30.84,2026-10-09,Chronos
592034,2026-10-29,29.93,28.96,30.89,2026-10-09,Chronos
592034,2026-10-30,29.92,28.96,30.94,2026-10-09,Chronos
592034,2026-10-31,29.93,28.91,30.96,2026-10-09,Chronos
592034,2026-11-01,29.93,28.84,31.0,2026-10-09,Chronos
592034,2026-11-02,29.92,28.84,31.07,2026-10-09,Chronos
592034,2026-11-03,29.92,28.79,31.07,2026-10-09,Chronos
592034,2026-11-04,29.9,28.72,31.1,2026-10-09,Chronos
592034,2026-11-05,29.9,28.68,31.2,2026-10-09,Chronos
592034,2026-11-06,29.89,28.63,31.17,2026-10-09,Chronos
592034,2026-11-07,29.91,28.64,31.23,2026-10-09,Chronos
592034,2026-11-08,29.87,28.5,31.26,2026-10-09,Chronos
592036,2026-10-10,45.86,45.7,46.15,2026-10-09,Chronos
592036,2026-10-11,45.84,45.6,46.25,2026-10-09,Chronos
592036,2026-10-12,45.84,45.49,46.38,2026-10-09,Chronos
592036,2026-10-13,45.87,45.34,46.56,2026-10-09,Chronos
592036,2026-10-14,45.87,45.17,46.8,2026-10-09,Chronos
592036,2026-10-15,45.89,45.07,46.92,2026-10-09,Chronos
592036,2026-10-16,45.92,44.94,47.11,2026-10-09,Chronos
592036,2026-10-17,45.91,44.85,47.35,2026-10-09,Chronos
592036,2026-10-18,45.92,44.75,47.51,2026-10-09,Chronos
592036,2026-10-19,45.94,44.64,47.64,2026-10-09,Chronos
592036,2026-10-20,45.94,44.53,47.81,2026-10-09,Chronos
592036,2026-10-21,45.94,44.42,48.05,2026-10-09,Chronos
592036,2026-10-22,45.97,44.31,48.25,2026-10-09,Chronos
592036,2026-10-23,45.93,44.01,48.32,2026-10-09,Chronos
592036,2026-10-24,45.97,43.81,48.42,2026-10-09,Chronos
592036,2026-10-25,45.95,43.72,48.48,2026-10-09,Chronos
592036,2026-10-26,45.93,43.54,48.61,2026-10-09,Chronos
592036,2026-10-27,45.94,43.46,48.62,2026-10-09,Chronos
592036,2026-10-28,45.89,43.17,48.7,2026-10-09,Chronos
592036,2026-10-29,45.89,42.98,48.95,2026-10-09,Chronos
592036,2026-10-30,45.92,42.92,49.16,2026-10-09,Chronos
592036,2026-10-31,45.93,42.78,49.14,2026-10-09,Chronos
592036,2026-11-01,45.9,42.49,49.27,2026-10-09,Chronos
592036,2026-11-02,45.9,42.42,49.28,2026-10-09,Chronos
592036,2026-11-03,45.92,42.26,49.31,2026-10-09,Chronos
592036,2026-11-04,45.94,42.04,49.41,2026-10-09,Chronos
592036,2026-11-05,45.9,41.78,49.56,2026-10-09,Chronos
592036,2026-11-06,45.89,41.62,49.6,2026-10-09,Chronos
592036,2026-11-07,45.91,41.45,49.72,2026-10-09,Chronos
592036,2026-11-08,45.84,41.06,49.79,2026-10-09,Chronos
592037,2026-10-10,156.18,154.53,157.91,2026-10-09,Chronos
592037,2026-10-11,156.11,153.71,158.3,2026-10-09,Chronos
592037,2026-10-12,156.07,153.37,158.49,2026-10-09,Chronos
592037,2026-10-13,155.72,153.01,158.74,2026-10-09,Chronos
592037,2026-10-14,155.99,152.51,159.61,2026-10-09,Chronos
592037,2026-10-15,155.88,151.95,160.23,2026-10-09,Chronos
592037,2026-10-16,156.29,152.21,160.88,2026-10-09,Chronos
592037,2026-10-17,156.46,151.5,161.68,2026-10-09,Chronos
592037,2026-10-18,156.93,151.63,162.24,2026-10-09,Chronos
592037,2026-10-19,156.91,151.46,163.48,2026-10-09,Chronos
592037,2026-10-20,156.94,151.1,163.41,2026-10-09,Chronos
592037,2026-10-21,156.93,150.51,164.01,2026-10-09,Chronos
592037,2026-10-22,156.45,149.92,164.72,2026-10-09,Chronos
592037,2026-10-23,156.9,149.58,164.22,2026-10-09,Chronos
592037,2026-10-24,157.07,149.13,165.35,2026-10-09,Chronos
592037,2026-10-25,156.6,149.13,165.9,2026-10-09,Chronos
592037,2026-10-26,157.59,149.91,165.23,2026-10-09,Chronos
592037,2026-10-27,157.5,149.57,165.55,2026-10-09,Chronos
592037,2026-10-28,157.39,148.38,165.77,2026-10-09,Chronos
592037,2026-10-29,157.05,148.98,166.38,2026-10-09,Chronos
592037,2026-10-30,157.21,147.63,167.51,2026-10-09,Chronos
592037,2026-10-31,157.04,146.9,167.71,2026-10-09,Chronos
592037,2026-11-01,157.43,147.09,168.59,2026-10-09,Chronos
592037,2026-11-02,157.87,146.56,169.68,2026-10-09,Chronos
592037,2026-11-03,158.42,146.4,170.43,2026-10-09,Chronos
592037,2026-11-04,158.31,145.9,171.37,2026-10-09,Chronos
592037,2026-11-05,158.57,145.26,172.49,2026-10-09,Chronos
592037,2026-11-06,158.4,145.11,173.25,2026-10-09,Chronos
592037,2026-11-07,157.85,144.5,174.13,2026-10-09,Chronos
592037,2026-11-08,158.21,143.42,173.9,2026-10-09,Chronos
592038,2026-10-10,50.83,50.41,51.21,2026-10-09,Chronos
592038,2026-10-11,50.81,50.18,51.31,2026-10-09,Chronos
592038,2026-10-12,50.76,49.98,51.35,2026-10-09,Chronos
592038,2026-10-13,50.66,49.92,51.42,2026-10-09,Chronos
592038,2026-10-14,50.67,49.65,51.59,2026-10-09,Chronos
592038,2026-10-15,50.62,49.47,51.71,2026-10-09,Chronos
592038,2026-10-16,50.67,49.45,51.83,2026-10-09,Chronos
592038,2026-10-17,50.64,49.22,51.93,2026-10-09,Chronos
592038,2026-10-18,50.71,49.1,52.05,2026-10-09,Chronos
592038,2026-10-19,50.65,49.0,52.24,2026-10-09,Chronos
592038,2026-10-20,50.59,48.76,52.19,2026-10-09,Chronos
592038,2026-10-21,50.53,48.61,52.19,2026-10-09,Chronos
592038,2026-10-22,50.42,48.37,52.34,2026-10-09,Chronos
592038,2026-10-23,50.45,48.09,52.26,2026-10-09,Chronos
592038,2026-10-24,50.49,48.0,52.49,2026-10-09,Chronos
592038,2026-10-25,50.34,47.93,52.61,2026-10-09,Chronos
592038,2026-10-26,50.45,47.83,52.41,2026-10-09,Chronos
592038,2026-10-27,50.39,47.65,52.43,2026-10-09,Chronos
592038,2026-10-28,50.3,47.26,52.53,2026-10-09,Chronos
592038,2026-10-29,50.25,47.01,52.71,2026-10-09,Chronos
592038,2026-10-30,50.27,46.86,52.85,2026-10-09,Chronos
592038,2026-10-31,50.17,46.7,52.92,2026-10-09,Chronos
592038,2026-11-01,50.21,46.37,53.12,2026-10-09,Chronos
592038,2026-11-02,50.21,46.21,53.21,2026-10-09,Chronos
592038,2026-11-03,50.28,45.94,53.45,2026-10-09,Chronos
592038,2026-11-04,50.2,45.93,53.52,2026-10-09,Chronos
592038,2026-11-05,50.17,45.26,53.69,2026-10-09,Chronos
592038,2026-11-06,50.12,44.9,53.76,2026-10-09,Chronos
592038,2026-11-07,50.06,44.4,53.96,2026-10-09,Chronos
592038,2026-11-08,49.97,44.05,53.84,2026-10-09,Chronos
592040,2026-10-10,61.55,61.08,61.88,2026-10-09,Chronos
592040,2026-10-11,61.51,60.74,62.11,2026-10-09,Chronos
592040,2026-10-12,61.43,60.47,62.22,2026-10-09,Chronos
592040,2026-10-13,61.3,60.31,62.28,2026-10-09,Chronos
592040,2026-10-14,61.37,60.13,62.56,2026-10-09,Chronos
592040,2026-10-15,61.33,59.91,62.78,2026-10-09,Chronos
592040,2026-10-16,61.35,59.86,62.9,2026-10-09,Chronos
592040,2026-10-17,61.39,59.63,63.11,2026-10-09,Chronos
592040,2026-10-18,61.46,59.59,63.21,2026-10-09,Chronos
592040,2026-10-19,61.45,59.5,63.57,2026-10-09,Chronos
592040,2026-10-20,61.44,59.34,63.5,2026-10-09,Chronos
592040,2026-10-21,61.34,59.16,63.62,2026-10-09,Chronos
592040,2026-10-22,61.31,59.03,63.9,2026-10-09,Chronos
592040,2026-10-23,61.33,58.73,63.91,2026-10-09,Chronos
592040,2026-10-24,61.27,58.63,64.08,2026-10-09,Chronos
592040,2026-10-25,61.19,58.58,64.23,2026-10-09,Chronos
592040,2026-10-26,61.85,59.04,64.52,2026-10-09,Chronos
592040,2026-10-27,61.8,58.57,64.72,2026-10-09,Chronos
592040,2026-10-28,61.75,58.34,64.89,2026-10-09,Chronos
592040,2026-10-29,61.65,58.23,65.01,2026-10-09,Chronos
592040,2026-10-30,61.66,58.08,65.32,2026-10-09,Chronos
592040,2026-10-31,61.54,57.77,65.37,2026-10-09,Chronos
592040,2026-11-01,61.5,57.68,65.46,2026-10-09,Chronos
592040,2026-11-02,61.61,57.52,65.69,2026-10-09,Chronos
592040,2026-11-03,61.66,57.24,65.85,2026-10-09,Chronos
592040,2026-11-04,61.61,57.09,66.18,2026-10-09,Chronos
592040,2026-11-05,61.63,56.62,66.24,2026-10-09,Chronos
592040,2026-11-06,61.5,56.73,66.41,2026-10-09,Chronos
592040,2026-11-07,61.39,56.44,66.68,2026-10-09,Chronos
592040,2026-11-08,61.38,55.76,66.7,2026-10-09,Chronos
593162,2026-10-10,24.3,24.11,24.42,2026-10-09,Chronos
593162,2026-10-11,24.35,24.06,24.6,2026-10-09,Chronos
593162,2026-10-12,24.36,23.98,24.71,2026-10-09,Chronos
593162,2026-10-13,24.4,23.99,24.84,2026-10-09,Chronos
593162,2026-10-14,24.44,23.9,24.91,2026-10-09,Chronos
593162,2026-10-15,24.45,23.86,25.02,2026-10-09,Chronos
593162,2026-10-16,24.49,23.8,25.16,2026-10-09,Chronos
593162,2026-10-17,24.51,23.75,25.28,2026-10-09,Chronos
593162,2026-10-18,24.54,23.67,25.36,2026-10-09,Chronos
593162,2026-10-19,24.55,23.64,25.54,2026-10-09,Chronos
593162,2026-10-20,24.57,23.54,25.65,2026-10-09,Chronos
593162,2026-10-21,24.61,23.51,25.7,2026-10-09,Chronos
593162,2026-10-22,24.65,23.4,25.78,2026-10-09,Chronos
593162,2026-10-23,24.64,23.37,25.93,2026-10-09,Chronos
593162,2026-10-24,24.66,23.27,25.98,2026-10-09,Chronos
593162,2026-10-25,24.66,23.23,25.97,2026-10-09,Chronos
593162,2026-10-26,24.65,23.24,25.97,2026-10-09,Chronos
593162,2026-10-27,24.69,23.15,26.14,2026-10-09,Chronos
593162,2026-10-28,24.66,22.96,26.25,2026-10-09,Chronos
593162,2026-10-29,24.72,22.85,26.39,2026-10-09,Chronos
593162,2026-10-30,24.72,22.77,26.61,2026-10-09,Chronos
593162,2026-10-31,24.74,22.68,26.63,2026-10-09,Chronos
593162,2026-11-01,24.76,22.56,26.73,2026-10-09,Chronos
593162,2026-11-02,24.79,22.56,26.82,2026-10-09,Chronos
593162,2026-11-03,24.81,22.53,26.92,2026-10-09,Chronos
593162,2026-11-04,24.82,22.46,27.04,2026-10-09,Chronos
593162,2026-11-05,24.81,22.32,27.17,2026-10-09,Chronos
593162,2026-11-06,24.85,22.3,27.28,2026-10-09,Chronos
593162,2026-11-07,24.81,22.22,27.29,2026-10-09,Chronos
593162,2026-11-08,24.82,22.16,27.45,2026-10-09,Chronos
619733,2026-10-10,242.79,241.27,244.99,2026-10-09,Chronos
619733,2026-10-11,242.76,240.31,245.17,2026-10-09,Chronos
619733,2026-10-12,242.8,240.13,245.34,2026-10-09,Chronos
619733,2026-10-13,242.36,239.75,245.84,2026-10-09,Chronos
619733,2026-10-14,242.64,239.0,246.62,2026-10-09,Chronos
619733,2026-10-15,242.38,238.44,247.04,2026-10-09,Chronos
619733,2026-10-16,242.84,238.53,247.69,2026-10-09,Chronos
619733,2026-10-17,242.96,238.04,248.36,2026-10-09,Chronos
619733,2026-10-18,243.46,238.17,249.05,2026-10-09,Chronos
619733,2026-10-19,243.33,237.84,249.89,2026-10-09,Chronos
619733,2026-10-20,243.16,237.19,249.69,2026-10-09,Chronos
619733,2026-10-21,243.03,236.39,249.85,2026-10-09,Chronos
619733,2026-10-22,242.37,235.75,250.34,2026-10-09,Chronos
619733,2026-10-23,242.75,235.81,249.34,2026-10-09,Chronos
619733,2026-10-24,243.13,235.04,250.75,2026-10-09,Chronos
619733,2026-10-25,242.66,235.06,251.71,2026-10-09,Chronos
619733,2026-10-26,243.1,235.22,250.66,2026-10-09,Chronos
619733,2026-10-27,243.15,234.66,250.72,2026-10-09,Chronos
619733,2026-10-28,243.35,234.03,250.94,2026-10-09,Chronos
619733,2026-10-29,242.89,234.48,251.75,2026-10-09,Chronos
619733,2026-10-30,242.98,232.74,252.14,2026-10-09,Chronos
619733,2026-10-31,242.65,231.97,252.42,2026-10-09,Chronos
619733,2026-11-01,242.86,231.9,252.99,2026-10-09,Chronos
619733,2026-11-02,242.99,231.31,253.82,2026-10-09,Chronos
619733,2026-11-03,243.53,230.84,254.58,2026-10-09,Chronos
619733,2026-11-04,243.46,230.7,254.85,2026-10-09,Chronos
619733,2026-11-05,243.18,229.7,255.41,2026-10-09,Chronos
619733,2026-11-06,242.97,229.34,255.22,2026-10-09,Chronos
619733,2026-11-07,242.01,228.21,255.44,2026-10-09,Chronos
619733,2026-11-08,242.31,227.29,254.49,2026-10-09,Chronos
619734,2026-10-10,76.23,75.92,76.43,2026-10-09,Chronos
619734,2026-10-11,76.23,75.82,76.47,2026-10-09,Chronos
619734,2026-10-12,76.24,75.81,76.52,2026-10-09,Chronos
619734,2026-10-13,76.23,75.8,76.56,2026-10-09,Chronos
619734,2026-10-14,76.2,75.69,76.62,2026-10-09,Chronos
619734,2026-10-15,76.25,75.67,76.64,2026-10-09,Chronos
619734,2026-10-16,76.28,75.65,76.71,2026-10-09,Chronos
619734,2026-10-17,76.25,75.56,76.74,2026-10-09,Chronos
619734,2026-10-18,76.24,75.48,76.75,2026-10-09,Chronos
619734,2026-10-19,76.26,75.42,76.78,2026-10-09,Chronos
619734,2026-10-20,76.23,75.37,76.8,2026-10-09,Chronos
619734,2026-10-21,76.26,75.37,76.84,2026-10-09,Chronos
619734,2026-10-22,76.2,75.25,76.87,2026-10-09,Chronos
619734,2026-10-23,76.24,75.18,76.91,2026-10-09,Chronos
619734,2026-10-24,76.24,75.17,76.96,2026-10-09,Chronos
619734,2026-10-25,76.25,75.26,77.01,2026-10-09,Chronos
619734,2026-10-26,76.34,74.94,77.12,2026-10-09,Chronos
619734,2026-10-27,76.35,75.03,77.09,2026-10-09,Chronos
619734,2026-10-28,76.34,74.77,77.16,2026-10-09,Chronos
619734,2026-10-29,76.32,74.52,77.24,2026-10-09,Chronos
619734,2026-10-30,76.3,74.56,77.27,2026-10-09,Chronos
619734,2026-10-31,76.32,74.53,77.27,2026-10-09,Chronos
619734,2026-11-01,76.35,74.33,77.42,2026-10-09,Chronos
619734,2026-11-02,76.34,74.18,77.45,2026-10-09,Chronos
619734,2026-11-03,76.32,74.01,77.45,2026-10-09,Chronos
619734,2026-11-04,76.34,74.09,77.45,2026-10-09,Chronos
619734,2026-11-05,76.29,73.59,77.46,2026-10-09,Chronos
619734,2026-11-06,76.32,73.39,77.59,2026-10-09,Chronos
619734,2026-11-07,76.24,72.9,77.6,2026-10-09,Chronos
619734,2026-11-08,76.29,72.59,77.61,2026-10-09,Chronos
619735,2026-10-10,92.76,92.14,93.13,2026-10-09,Chronos
619735,2026-10-11,92.53,91.61,93.23,2026-10-09,Chronos
619735,2026-10-12,92.4,91.39,93.23,2026-10-09,Chronos
619735,2026-10-13,92.45,91.25,93.43,2026-10-09,Chronos
619735,2026-10-14,92.33,90.96,93.45,2026-10-09,Chronos
619735,2026-10-15,92.22,90.73,93.62,2026-10-09,Chronos
619735,2026-10-16,92.13,90.47,93.61,2026-10-09,Chronos
619735,2026-10-17,92.16,90.32,93.83,2026-10-09,Chronos
619735,2026-10-18,92.04,90.04,93.95,2026-10-09,Chronos
619735,2026-10-19,92.01,89.74,94.06,2026-10-09,Chronos
619735,2026-10-20,91.97,89.62,94.22,2026-10-09,Chronos
619735,2026-10-21,91.96,89.39,94.22,2026-10-09,Chronos
619735,2026-10-22,91.88,88.85,94.32,2026-10-09,Chronos
619735,2026-10-23,91.8,88.66,94.42,2026-10-09,Chronos
619735,2026-10-24,91.66,88.34,94.61,2026-10-09,Chronos
619735,2026-10-25,91.63,88.2,94.33,2026-10-09,Chronos
619735,2026-10-26,91.86,88.75,94.5,2026-10-09,Chronos
619735,2026-10-27,91.74,88.64,94.61,2026-10-09,Chronos
619735,2026-10-28,91.6,88.44,94.61,2026-10-09,Chronos
619735,2026-10-29,91.67,88.45,94.78,2026-10-09,Chronos
619735,2026-10-30,91.64,88.0,94.98,2026-10-09,Chronos
619735,2026-10-31,91.54,88.0,95.01,2026-10-09,Chronos
619735,2026-11-01,91.43,87.84,95.07,2026-10-09,Chronos
619735,2026-11-02,91.5,87.55,95.03,2026-10-09,Chronos
619735,2026-11-03,91.33,87.44,95.15,2026-10-09,Chronos
619735,2026-11-04,91.41,87.24,95.33,2026-10-09,Chronos
619735,2026-11-05,91.41,87.15,95.59,2026-10-09,Chronos
619735,2026-11-06,91.4,87.06,95.55,2026-10-09,Chronos
619735,2026-11-07,91.34,86.52,95.85,2026-10-09,Chronos
619735,2026-11-08,91.28,86.43,96.01,2026-10-09,Chronos
619736,2026-10-10,88.13,87.48,88.72,2026-10-09,Chronos
619736,2026-10-11,88.03,87.09,88.81,2026-10-09,Chronos
619736,2026-10-12,87.93,86.85,88.8,2026-10-09,Chronos
619736,2026-10-13,87.67,86.63,88.75,2026-10-09,Chronos
619736,2026-10-14,87.55,86.17,88.87,2026-10-09,Chronos
619736,2026-10-15,87.44,85.85,88.96,2026-10-09,Chronos
619736,2026-10-16,87.44,85.78,89.04,2026-10-09,Chronos
619736,2026-10-17,87.38,85.42,89.18,2026-10-09,Chronos
619736,2026-10-18,87.37,85.23,89.3,2026-10-09,Chronos
619736,2026-10-19,87.23,85.01,89.42,2026-10-09,Chronos
619736,2026-10-20,87.07,84.74,89.31,2026-10-09,Chronos
619736,2026-10-21,86.94,84.42,89.25,2026-10-09,Chronos
619736,2026-10-22,86.65,84.02,89.22,2026-10-09,Chronos
619736,2026-10-23,86.55,83.65,89.02,2026-10-09,Chronos
619736,2026-10-24,86.44,83.44,89.29,2026-10-09,Chronos
619736,2026-10-25,86.18,83.09,89.27,2026-10-09,Chronos
619736,2026-10-26,86.0,82.72,88.66,2026-10-09,Chronos
619736,2026-10-27,85.88,82.36,88.69,2026-10-09,Chronos
619736,2026-10-28,85.73,81.89,88.69,2026-10-09,Chronos
619736,2026-10-29,85.52,81.66,88.67,2026-10-09,Chronos
619736,2026-10-30,85.37,81.32,88.81,2026-10-09,Chronos
619736,2026-10-31,85.26,80.95,88.73,2026-10-09,Chronos
619736,2026-11-01,85.19,80.85,88.85,2026-10-09,Chronos
619736,2026-11-02,85.21,80.6,88.96,2026-10-09,Chronos
619736,2026-11-03,85.16,80.15,89.09,2026-10-09,Chronos
619736,2026-11-04,85.03,79.99,89.31,2026-10-09,Chronos
619736,2026-11-05,84.89,79.31,89.13,2026-10-09,Chronos
619736,2026-11-06,84.7,79.32,89.02,2026-10-09,Chronos
619736,2026-11-07,84.46,78.84,89.0,2026-10-09,Chronos
619736,2026-11-08,84.33,78.24,88.83,2026-10-09,Chronos
619737,2026-10-10,153.87,151.27,156.57,2026-10-09,Chronos
619737,2026-10-11,154.2,151.21,157.08,2026-10-09,Chronos
619737,2026-10-12,154.32,150.81,157.51,2026-10-09,Chronos
619737,2026-10-13,154.35,150.86,158.02,2026-10-09,Chronos
619737,2026-10-14,154.65,150.47,158.73,2026-10-09,Chronos
619737,2026-10-15,154.48,150.01,158.94,2026-10-09,Chronos
619737,2026-10-16,155.01,150.34,159.76,2026-10-09,Chronos
619737,2026-10-17,155.31,150.2,160.51,2026-10-09,Chronos
619737,2026-10-18,155.84,150.32,161.39,2026-10-09,Chronos
619737,2026-10-19,156.08,150.41,162.03,2026-10-09,Chronos
619737,2026-10-20,156.29,150.37,162.37,2026-10-09,Chronos
619737,2026-10-21,156.44,150.07,162.82,2026-10-09,Chronos
619737,2026-10-22,156.18,149.7,163.28,2026-10-09,Chronos
619737,2026-10-23,156.64,149.48,163.13,2026-10-09,Chronos
619737,2026-10-24,156.85,149.44,164.09,2026-10-09,Chronos
619737,2026-10-25,156.8,149.83,164.78,2026-10-09,Chronos
619737,2026-10-26,157.83,150.33,165.91,2026-10-09,Chronos
619737,2026-10-27,158.07,150.34,166.22,2026-10-09,Chronos
619737,2026-10-28,158.24,149.54,166.72,2026-10-09,Chronos
619737,2026-10-29,158.43,149.93,167.76,2026-10-09,Chronos
619737,2026-10-30,158.8,149.49,168.03,2026-10-09,Chronos
619737,2026-10-31,158.48,149.08,168.28,2026-10-09,Chronos
619737,2026-11-01,158.95,149.28,169.08,2026-10-09,Chronos
619737,2026-11-02,159.52,149.41,170.18,2026-10-09,Chronos
619737,2026-11-03,160.14,149.24,171.14,2026-10-09,Chronos
619737,2026-11-04,160.15,149.04,171.01,2026-10-09,Chronos
619737,2026-11-05,160.17,148.63,171.84,2026-10-09,Chronos
619737,2026-11-06,160.07,148.39,171.95,2026-10-09,Chronos
619737,2026-11-07,159.52,147.95,172.08,2026-10-09,Chronos
619737,2026-11-08,159.96,147.22,171.65,2026-10-09,Chronos
619738,2026-10-10,101.03,100.3,101.53,2026-10-09,Chronos
619738,2026-10-11,101.0,100.08,101.68,2026-10-09,Chronos
619738,2026-10-12,100.94,99.85,101.84,2026-10-09,Chronos
619738,2026-10-13,100.94,99.71,101.92,2026-10-09,Chronos
619738,2026-10-14,100.92,99.51,102.24,2026-10-09,Chronos
619738,2026-10-15,101.01,99.36,102.37,2026-10-09,Chronos
619738,2026-10-16,101.01,99.32,102.53,2026-10-09,Chronos
619738,2026-10-17,100.98,99.15,102.65,2026-10-09,Chronos
619738,2026-10-18,100.98,98.9,102.82,2026-10-09,Chronos
619738,2026-10-19,101.0,98.76,103.01,2026-10-09,Chronos
619738,2026-10-20,100.91,98.41,103.23,2026-10-09,Chronos
619738,2026-10-21,100.98,98.48,103.54,2026-10-09,Chronos
619738,2026-10-22,100.95,98.19,103.79,2026-10-09,Chronos
619738,2026-10-23,100.93,97.83,103.92,2026-10-09,Chronos
619738,2026-10-24,100.96,97.78,103.9,2026-10-09,Chronos
619738,2026-10-25,100.88,97.77,103.96,2026-10-09,Chronos
619738,2026-10-26,101.25,97.75,104.06,2026-10-09,Chronos
619738,2026-10-27,101.14,97.43,104.12,2026-10-09,Chronos
619738,2026-10-28,101.13,97.22,104.35,2026-10-09,Chronos
619738,2026-10-29,101.18,96.74,104.61,2026-10-09,Chronos
619738,2026-10-30,101.14,96.61,104.8,2026-10-09,Chronos
619738,2026-10-31,101.17,96.62,104.85,2026-10-09,Chronos
619738,2026-11-01,101.21,96.25,105.07,2026-10-09,Chronos
619738,2026-11-02,101.2,96.15,105.14,2026-10-09,Chronos
619738,2026-11-03,101.19,95.92,105.34,2026-10-09,Chronos
619738,2026-11-04,101.21,96.06,105.42,2026-10-09,Chronos
619738,2026-11-05,101.17,95.29,105.7,2026-10-09,Chronos
619738,2026-11-06,101.21,95.05,106.31,2026-10-09,Chronos
619738,2026-11-07,101.23,94.53,106.62,2026-10-09,Chronos
619738,2026-11-08,101.18,94.33,106.57,2026-10-09,Chronos
619739,2026-10-10,71.38,71.07,71.53,2026-10-09,Chronos
619739,2026-10-11,71.41,71.02,71.68,2026-10-09,Chronos
619739,2026-10-12,71.44,70.91,71.87,2026-10-09,Chronos
619739,2026-10-13,71.51,70.88,72.05,2026-10-09,Chronos
619739,2026-10-14,71.52,70.77,72.3,2026-10-09,Chronos
619739,2026-10-15,71.56,70.68,72.39,2026-10-09,Chronos
619739,2026-10-16,71.59,70.64,72.51,2026-10-09,Chronos
619739,2026-10-17,71.51,70.48,72.52,2026-10-09,Chronos
619739,2026-10-18,71.44,70.22,72.61,2026-10-09,Chronos
619739,2026-10-19,71.37,70.05,72.52,2026-10-09,Chronos
619739,2026-10-20,71.26,69.78,72.52,2026-10-09,Chronos
619739,2026-10-21,71.2,69.75,72.53,2026-10-09,Chronos
619739,2026-10-22,71.09,69.51,72.52,2026-10-09,Chronos
619739,2026-10-23,71.08,69.24,72.55,2026-10-09,Chronos
619739,2026-10-24,71.08,69.24,72.6,2026-10-09,Chronos
619739,2026-10-25,71.06,69.04,72.66,2026-10-09,Chronos
619739,2026-10-26,71.39,69.42,72.8,2026-10-09,Chronos
619739,2026-10-27,71.33,69.25,72.83,2026-10-09,Chronos
619739,2026-10-28,71.29,69.3,72.84,2026-10-09,Chronos
619739,2026-10-29,71.28,69.15,72.93,2026-10-09,Chronos
619739,2026-10-30,71.24,69.0,72.94,2026-10-09,Chronos
619739,2026-10-31,71.23,68.96,72.99,2026-10-09,Chronos
619739,2026-11-01,71.28,68.82,73.11,2026-10-09,Chronos
619739,2026-11-02,71.24,68.71,73.14,2026-10-09,Chronos
619739,2026-11-03,71.24,68.63,73.25,2026-10-09,Chronos
619739,2026-11-04,71.26,68.65,73.26,2026-10-09,Chronos
619739,2026-11-05,71.29,68.34,73.42,2026-10-09,Chronos
619739,2026-11-06,71.31,68.17,73.63,2026-10-09,Chronos
619739,2026-11-07,71.32,67.86,73.79,2026-10-09,Chronos
619739,2026-11-08,71.31,67.8,73.82,2026-10-09,Chronos
619740,2026-10-10,107.07,106.31,107.77,2026-10-09,Chronos
619740,2026-10-11,107.15,106.4,108.07,2026-10-09,Chronos
619740,2026-10-12,107.15,106.21,108.28,2026-10-09,Chronos
619740,2026-10-13,107.3,106.1,108.58,2026-10-09,Chronos
619740,2026-10-14,107.44,106.11,108.96,2026-10-09,Chronos
619740,2026-10-15,107.64,106.08,109.25,2026-10-09,Chronos
619740,2026-10-16,107.71,106.11,109.5,2026-10-09,Chronos
619740,2026-10-17,107.83,105.96,109.79,2026-10-09,Chronos
619740,2026-10-18,108.01,105.92,110.09,2026-10-09,Chronos
619740,2026-10-19,108.07,105.92,110.4,2026-10-09,Chronos
619740,2026-10-20,108.18,105.8,110.75,2026-10-09,Chronos
619740,2026-10-21,108.43,105.88,111.05,2026-10-09,Chronos
619740,2026-10-22,108.52,105.87,111.33,2026-10-09,Chronos
619740,2026-10-23,108.63,105.87,111.94,2026-10-09,Chronos
619740,2026-10-24,108.81,105.82,112.31,2026-10-09,Chronos
619740,2026-10-25,108.94,105.79,112.45,2026-10-09,Chronos
619740,2026-10-26,109.71,106.4,113.22,2026-10-09,Chronos
619740,2026-10-27,109.98,106.5,113.61,2026-10-09,Chronos
619740,2026-10-28,110.1,106.36,113.93,2026-10-09,Chronos
619740,2026-10-29,110.34,106.42,114.43,2026-10-09,Chronos
619740,2026-10-30,110.53,106.4,115.16,2026-10-09,Chronos
619740,2026-10-31,110.73,106.39,115.43,2026-10-09,Chronos
619740,2026-11-01,110.86,106.41,115.8,2026-10-09,Chronos
619740,2026-11-02,111.05,106.24,116.42,2026-10-09,Chronos
619740,2026-11-03,111.16,106.28,116.62,2026-10-09,Chronos
619740,2026-11-04,111.3,106.24,116.68,2026-10-09,Chronos
619740,2026-11-05,111.47,106.22,116.95,2026-10-09,Chronos
619740,2026-11-06,111.68,106.35,117.47,2026-10-09,Chronos
619740,2026-11-07,111.76,106.13,117.8,2026-10-09,Chronos
619740,2026-11-08,111.83,106.2,118.15,2026-10-09,Chronos
619741,2026-10-10,110.93,110.01,111.72,2026-10-09,Chronos
619741,2026-10-11,110.92,109.46,111.87,2026-10-09,Chronos
619741,2026-10-12,111.04,109.38,112.07,2026-10-09,Chronos
619741,2026-10-13,110.84,109.33,112.34,2026-10-09,Chronos
619741,2026-10-14,110.98,108.75,112.71,2026-10-09,Chronos
619741,2026-10-15,110.89,108.36,112.98,2026-10-09,Chronos
619741,2026-10-16,111.13,108.46,113.33,2026-10-09,Chronos
619741,2026-10-17,111.25,108.18,113.67,2026-10-09,Chronos
619741,2026-10-18,111.56,108.1,114.17,2026-10-09,Chronos
619741,2026-10-19,111.61,108.04,114.56,2026-10-09,Chronos
619741,2026-10-20,111.56,107.63,114.67,2026-10-09,Chronos
619741,2026-10-21,111.48,107.31,114.62,2026-10-09,Chronos
619741,2026-10-22,111.09,106.8,114.87,2026-10-09,Chronos
619741,2026-10-23,111.23,106.34,114.67,2026-10-09,Chronos
619741,2026-10-24,111.43,106.25,115.17,2026-10-09,Chronos
619741,2026-10-25,111.15,106.46,115.33,2026-10-09,Chronos
619741,2026-10-26,111.13,105.03,115.32,2026-10-09,Chronos
619741,2026-10-27,111.27,104.1,115.21,2026-10-09,Chronos
619741,2026-10-28,111.14,103.04,115.46,2026-10-09,Chronos
619741,2026-10-29,110.74,102.15,115.54,2026-10-09,Chronos
619741,2026-10-30,110.56,101.63,115.73,2026-10-09,Chronos
619741,2026-10-31,110.19,100.59,115.95,2026-10-09,Chronos
619741,2026-11-01,110.12,99.79,116.27,2026-10-09,Chronos
619741,2026-11-02,110.13,99.07,116.48,2026-10-09,Chronos
619741,2026-11-03,110.31,98.17,116.71,2026-10-09,Chronos
619741,2026-11-04,109.96,98.23,116.87,2026-10-09,Chronos
619741,2026-11-05,109.92,95.98,117.5,2026-10-09,Chronos
619741,2026-11-06,109.76,94.61,117.36,2026-10-09,Chronos
619741,2026-11-07,109.22,92.82,117.52,2026-10-09,Chronos
619741,2026-11-08,109.24,91.67,116.89,2026-10-09,Chronos
619742,2026-10-10,58.5,58.2,58.61,2026-10-09,Chronos
619742,2026-10-11,58.52,58.1,58.79,2026-10-09,Chronos
619742,2026-10-12,58.51,57.95,58.97,2026-10-09,Chronos
619742,2026-10-13,58.59,57.9,59.06,2026-10-09,Chronos
619742,2026-10-14,58.62,57.83,59.32,2026-10-09,Chronos
619742,2026-10-15,58.72,57.77,59.46,2026-10-09,Chronos
619742,2026-10-16,58.74,57.76,59.59,2026-10-09,Chronos
619742,2026-10-17,58.77,57.69,59.68,2026-10-09,Chronos
619742,2026-10-18,58.77,57.51,59.82,2026-10-09,Chronos
619742,2026-10-19,58.84,57.49,59.99,2026-10-09,Chronos
619742,2026-10-20,58.83,57.24,60.12,2026-10-09,Chronos
619742,2026-10-21,58.92,57.29,60.33,2026-10-09,Chronos
619742,2026-10-22,58.96,57.08,60.53,2026-10-09,Chronos
619742,2026-10-23,58.99,56.95,60.67,2026-10-09,Chronos
619742,2026-10-24,59.04,56.72,60.75,2026-10-09,Chronos
619742,2026-10-25,59.0,56.66,60.79,2026-10-09,Chronos
619742,2026-10-26,59.21,56.91,61.02,2026-10-09,Chronos
619742,2026-10-27,59.21,56.77,61.16,2026-10-09,Chronos
619742,2026-10-28,59.22,56.66,61.34,2026-10-09,Chronos
619742,2026-10-29,59.3,56.46,61.54,2026-10-09,Chronos
619742,2026-10-30,59.28,56.37,61.71,2026-10-09,Chronos
619742,2026-10-31,59.35,56.38,61.77,2026-10-09,Chronos
619742,2026-11-01,59.39,56.19,61.92,2026-10-09,Chronos
619742,2026-11-02,59.43,56.21,62.01,2026-10-09,Chronos
619742,2026-11-03,59.43,56.15,62.19,2026-10-09,Chronos
619742,2026-11-04,59.53,56.31,62.28,2026-10-09,Chronos
619742,2026-11-05,59.54,55.93,62.49,2026-10-09,Chronos
619742,2026-11-06,59.61,55.85,62.81,2026-10-09,Chronos
619742,2026-11-07,59.61,55.55,63.0,2026-10-09,Chronos
619742,2026-11-08,59.62,55.65,63.04,2026-10-09,Chronos
619743,2026-10-10,69.63,68.34,70.62,2026-10-09,Chronos
619743,2026-10-11,69.27,67.48,70.84,2026-10-09,Chronos
619743,2026-10-12,68.99,66.58,71.08,2026-10-09,Chronos
619743,2026-10-13,68.86,65.87,71.43,2026-10-09,Chronos
619743,2026-10-14,68.64,65.07,71.64,2026-10-09,Chronos
619743,2026-10-15,68.46,64.5,71.83,2026-10-09,Chronos
619743,2026-10-16,68.19,63.87,71.87,2026-10-09,Chronos
619743,2026-10-17,67.94,63.17,72.06,2026-10-09,Chronos
619743,2026-10-18,67.7,62.66,72.08,2026-10-09,Chronos
619743,2026-10-19,67.46,61.97,72.34,2026-10-09,Chronos
619743,2026-10-20,67.17,61.39,72.31,2026-10-09,Chronos
619743,2026-10-21,67.01,60.88,72.32,2026-10-09,Chronos
619743,2026-10-22,66.79,60.25,72.51,2026-10-09,Chronos
619743,2026-10-23,66.5,59.72,72.69,2026-10-09,Chronos
619743,2026-10-24,66.36,59.36,72.8,2026-10-09,Chronos
619743,2026-10-25,66.26,58.96,72.59,2026-10-09,Chronos
619743,2026-10-26,65.59,57.05,72.78,2026-10-09,Chronos
619743,2026-10-27,65.48,56.67,72.72,2026-10-09,Chronos
619743,2026-10-28,65.18,56.31,72.45,2026-10-09,Chronos
619743,2026-10-29,64.96,55.86,72.52,2026-10-09,Chronos
619743,2026-10-30,64.83,55.59,72.72,2026-10-09,Chronos
619743,2026-10-31,64.71,55.09,72.64,2026-10-09,Chronos
619743,2026-11-01,64.46,54.65,72.55,2026-10-09,Chronos
619743,2026-11-02,64.2,54.47,72.56,2026-10-09,Chronos
619743,2026-11-03,64.21,53.97,72.51,2026-10-09,Chronos
619743,2026-11-04,64.16,53.73,72.65,2026-10-09,Chronos
619743,2026-11-05,64.01,53.24,72.64,2026-10-09,Chronos
619743,2026-11-06,63.83,53.12,72.67,2026-10-09,Chronos
619743,2026-11-07,63.67,53.05,72.6,2026-10-09,Chronos
619743,2026-11-08,63.42,52.6,72.54,2026-10-09,Chronos
619744,2026-10-10,36.68,36.35,36.91,2026-10-09,Chronos
619744,2026-10-11,36.57,36.1,37.03,2026-10-09,Chronos
619744,2026-10-12,36.47,35.88,37.04,2026-10-09,Chronos
619744,2026-10-13,36.35,35.67,37.02,2026-10-09,Chronos
619744,2026-10-14,36.26,35.47,37.04,2026-10-09,Chronos
619744,2026-10-15,36.17,35.24,37.06,2026-10-09,Chronos
619744,2026-10-16,36.05,34.98,37.13,2026-10-09,Chronos
619744,2026-10-17,35.95,34.78,37.17,2026-10-09,Chronos
619744,2026-10-18,35.91,34.6,37.28,2026-10-09,Chronos
619744,2026-10-19,35.8,34.43,37.26,2026-10-09,Chronos
619744,2026-10-20,35.65,34.05,37.34,2026-10-09,Chronos
619744,2026-10-21,35.56,33.87,37.35,2026-10-09,Chronos
619744,2026-10-22,35.44,33.61,37.41,2026-10-09,Chronos
619744,2026-10-23,35.25,33.31,37.4,2026-10-09,Chronos
619744,2026-10-24,35.11,33.1,37.31,2026-10-09,Chronos
619744,2026-10-25,35.04,32.93,37.26,2026-10-09,Chronos
619744,2026-10-26,34.69,32.23,37.22,2026-10-09,Chronos
619744,2026-10-27,34.62,32.11,37.1,2026-10-09,Chronos
619744,2026-10-28,34.43,31.85,37.04,2026-10-09,Chronos
619744,2026-10-29,34.29,31.66,37.05,2026-10-09,Chronos
619744,2026-10-30,34.26,31.45,37.11,2026-10-09,Chronos
619744,2026-10-31,34.17,31.3,37.2,2026-10-09,Chronos
619744,2026-11-01,34.06,31.12,37.25,2026-10-09,Chronos
619744,2026-11-02,33.95,30.97,37.2,2026-10-09,Chronos
619744,2026-11-03,33.87,30.82,37.14,2026-10-09,Chronos
619744,2026-11-04,33.8,30.7,37.11,2026-10-09,Chronos
619744,2026-11-05,33.74,30.49,37.16,2026-10-09,Chronos
619744,2026-11-06,33.65,30.4,37.14,2026-10-09,Chronos
619744,2026-11-07,33.6,30.26,37.2,2026-10-09,Chronos
619744,2026-11-08,33.43,30.09,37.19,2026-10-09,Chronos
619745,2026-10-10,174.5,171.47,177.65,2026-10-09,Chronos
619745,2026-10-11,174.74,171.5,178.04,2026-10-09,Chronos
619745,2026-10-12,174.96,171.2,178.43,2026-10-09,Chronos
619745,2026-10-13,175.2,171.37,179.1,2026-10-09,Chronos
619745,2026-10-14,175.78,171.33,180.06,2026-10-09,Chronos
619745,2026-10-15,175.81,171.19,180.6,2026-10-09,Chronos
619745,2026-10-16,176.73,171.97,181.57,2026-10-09,Chronos
619745,2026-10-17,177.26,172.15,182.48,2026-10-09,Chronos
619745,2026-10-18,177.92,172.55,183.4,2026-10-09,Chronos
619745,2026-10-19,178.2,172.71,184.1,2026-10-09,Chronos
619745,2026-10-20,178.72,173.02,184.71,2026-10-09,Chronos
619745,2026-10-21,179.04,172.77,185.13,2026-10-09,Chronos
619745,2026-10-22,178.96,172.68,185.87,2026-10-09,Chronos
619745,2026-10-23,180.07,173.54,186.33,2026-10-09,Chronos
619745,2026-10-24,180.77,173.57,187.81,2026-10-09,Chronos
619745,2026-10-25,181.4,174.4,189.23,2026-10-09,Chronos
619745,2026-10-26,183.73,175.63,191.49,2026-10-09,Chronos
619745,2026-10-27,184.43,176.38,192.35,2026-10-09,Chronos
619745,2026-10-28,185.15,176.29,193.15,2026-10-09,Chronos
619745,2026-10-29,186.01,177.76,194.58,2026-10-09,Chronos
619745,2026-10-30,186.97,177.39,196.1,2026-10-09,Chronos
619745,2026-10-31,187.08,177.4,196.35,2026-10-09,Chronos
619745,2026-11-01,187.99,178.16,197.48,2026-10-09,Chronos
619745,2026-11-02,188.68,178.48,198.64,2026-10-09,Chronos
619745,2026-11-03,189.5,178.85,199.71,2026-10-09,Chronos
619745,2026-11-04,189.75,178.95,200.13,2026-10-09,Chronos
619745,2026-11-05,190.21,179.17,200.67,2026-10-09,Chronos
619745,2026-11-06,190.37,178.9,200.99,2026-10-09,Chronos
619745,2026-11-07,189.93,178.47,201.21,2026-10-09,Chronos
619745,2026-11-08,190.99,178.91,201.6,2026-10-09,Chronos
619746,2026-10-10,36.62,36.41,36.75,2026-10-09,Chronos
619746,2026-10-11,36.62,36.34,36.81,2026-10-09,Chronos
619746,2026-10-12,36.61,36.27,36.88,2026-10-09,Chronos
619746,2026-10-13,36.62,36.22,36.94,2026-10-09,Chronos
619746,2026-10-14,36.6,36.15,37.04,2026-10-09,Chronos
619746,2026-10-15,36.63,36.11,37.08,2026-10-09,Chronos
619746,2026-10-16,36.64,36.08,37.15,2026-10-09,Chronos
619746,2026-10-17,36.61,36.02,37.17,2026-10-09,Chronos
619746,2026-10-18,36.61,35.97,37.22,2026-10-09,Chronos
619746,2026-10-19,36.61,35.9,37.25,2026-10-09,Chronos
619746,2026-10-20,36.58,35.82,37.31,2026-10-09,Chronos
619746,2026-10-21,36.59,35.82,37.38,2026-10-09,Chronos
619746,2026-10-22,36.56,35.71,37.44,2026-10-09,Chronos
619746,2026-10-23,36.56,35.56,37.52,2026-10-09,Chronos
619746,2026-10-24,36.57,35.44,37.55,2026-10-09,Chronos
619746,2026-10-25,36.53,35.34,37.59,2026-10-09,Chronos
619746,2026-10-26,36.66,35.34,37.6,2026-10-09,Chronos
619746,2026-10-27,36.61,35.24,37.61,2026-10-09,Chronos
619746,2026-10-28,36.6,35.15,37.68,2026-10-09,Chronos
619746,2026-10-29,36.61,34.99,37.78,2026-10-09,Chronos
619746,2026-10-30,36.58,34.93,37.82,2026-10-09,Chronos
619746,2026-10-31,36.56,34.88,37.82,2026-10-09,Chronos
619746,2026-11-01,36.56,34.69,37.9,2026-10-09,Chronos
619746,2026-11-02,36.53,34.58,37.91,2026-10-09,Chronos
619746,2026-11-03,36.5,34.37,37.99,2026-10-09,Chronos
619746,2026-11-04,36.49,34.31,38.02,2026-10-09,Chronos
619746,2026-11-05,36.47,34.0,38.15,2026-10-09,Chronos
619746,2026-11-06,36.46,33.76,38.37,2026-10-09,Chronos
619746,2026-11-07,36.4,33.4,38.46,2026-10-09,Chronos
619746,2026-11-08,36.37,33.38,38.45,2026-10-09,Chronos
619747,2026-10-10,133.53,132.01,134.84,2026-10-09,Chronos
619747,2026-10-11,133.26,131.32,135.2,2026-10-09,Chronos
619747,2026-10-12,133.3,130.36,135.35,2026-10-09,Chronos
619747,2026-10-13,132.89,129.75,135.85,2026-10-09,Chronos
619747,2026-10-14,132.64,129.18,136.5,2026-10-09,Chronos
619747,2026-10-15,132.77,128.62,137.0,2026-10-09,Chronos
619747,2026-10-16,132.73,128.51,136.92,2026-10-09,Chronos
619747,2026-10-17,132.59,127.89,137.45,2026-10-09,Chronos
619747,2026-10-18,132.51,127.4,137.62,2026-10-09,Chronos
619747,2026-10-19,132.42,127.01,137.8,2026-10-09,Chronos
619747,2026-10-20,132.43,126.69,137.81,2026-10-09,Chronos
619747,2026-10-21,132.44,126.3,138.39,2026-10-09,Chronos
619747,2026-10-22,132.37,125.95,138.94,2026-10-09,Chronos
619747,2026-10-23,132.2,125.71,138.97,2026-10-09,Chronos
619747,2026-10-24,132.15,125.38,139.5,2026-10-09,Chronos
619747,2026-10-25,131.97,125.15,139.0,2026-10-09,Chronos
619747,2026-10-26,132.15,123.45,140.46,2026-10-09,Chronos
619747,2026-10-27,132.02,123.2,140.17,2026-10-09,Chronos
619747,2026-10-28,132.12,122.76,140.49,2026-10-09,Chronos
619747,2026-10-29,131.82,122.59,140.78,2026-10-09,Chronos
619747,2026-10-30,131.72,121.84,140.73,2026-10-09,Chronos
619747,2026-10-31,131.92,121.53,141.65,2026-10-09,Chronos
619747,2026-11-01,131.96,121.77,141.73,2026-10-09,Chronos
619747,2026-11-02,131.92,121.19,142.08,2026-10-09,Chronos
619747,2026-11-03,131.85,120.61,142.46,2026-10-09,Chronos
619747,2026-11-04,131.91,120.49,142.91,2026-10-09,Chronos
619747,2026-11-05,132.03,119.91,142.99,2026-10-09,Chronos
619747,2026-11-06,131.96,119.89,143.55,2026-10-09,Chronos
619747,2026-11-07,131.98,119.57,144.19,2026-10-09,Chronos
619747,2026-11-08,131.75,119.06,144.12,2026-10-09,Chronos
619748,2026-10-10,279.72,274.45,284.46,2026-10-09,Chronos
619748,2026-10-11,280.49,273.92,286.44,2026-10-09,Chronos
619748,2026-10-12,281.06,273.07,287.71,2026-10-09,Chronos
619748,2026-10-13,280.96,273.36,289.03,2026-10-09,Chronos
619748,2026-10-14,281.46,271.53,291.26,2026-10-09,Chronos
619748,2026-10-15,281.62,270.16,292.72,2026-10-09,Chronos
619748,2026-10-16,282.22,270.48,294.17,2026-10-09,Chronos
619748,2026-10-17,283.15,269.76,296.27,2026-10-09,Chronos
619748,2026-10-18,283.91,269.26,297.8,2026-10-09,Chronos
619748,2026-10-19,283.92,268.38,299.29,2026-10-09,Chronos
619748,2026-10-20,284.28,267.32,300.58,2026-10-09,Chronos
619748,2026-10-21,284.13,266.59,301.57,2026-10-09,Chronos
619748,2026-10-22,283.22,264.98,303.36,2026-10-09,Chronos
619748,2026-10-23,284.33,262.96,303.88,2026-10-09,Chronos
619748,2026-10-24,285.15,262.0,304.79,2026-10-09,Chronos
619748,2026-10-25,284.55,263.81,306.65,2026-10-09,Chronos
619748,2026-10-26,286.4,261.03,308.84,2026-10-09,Chronos
619748,2026-10-27,286.93,261.93,309.66,2026-10-09,Chronos
619748,2026-10-28,287.1,260.22,310.2,2026-10-09,Chronos
619748,2026-10-29,287.0,258.79,312.7,2026-10-09,Chronos
619748,2026-10-30,286.99,257.81,312.04,2026-10-09,Chronos
619748,2026-10-31,286.32,257.29,313.24,2026-10-09,Chronos
619748,2026-11-01,286.89,256.3,314.06,2026-10-09,Chronos
619748,2026-11-02,288.44,256.2,316.3,2026-10-09,Chronos
619748,2026-11-03,289.21,254.61,316.94,2026-10-09,Chronos
619748,2026-11-04,289.02,255.25,317.19,2026-10-09,Chronos
619748,2026-11-05,289.45,251.72,319.24,2026-10-09,Chronos
619748,2026-11-06,288.89,251.14,319.58,2026-10-09,Chronos
619748,2026-11-07,287.55,248.11,320.03,2026-10-09,Chronos
619748,2026-11-08,288.45,246.74,319.95,2026-10-09,Chronos
619749,2026-10-10,381.78,363.56,401.49,2026-10-09,Chronos
619749,2026-10-11,382.66,361.84,403.65,2026-10-09,Chronos
619749,2026-10-12,383.83,360.0,406.31,2026-10-09,Chronos
619749,2026-10-13,385.17,361.71,411.07,2026-10-09,Chronos
619749,2026-10-14,386.34,357.92,413.88,2026-10-09,Chronos
619749,2026-10-15,384.62,355.09,414.8,2026-10-09,Chronos
619749,2026-10-16,387.01,355.43,419.11,2026-10-09,Chronos
619749,2026-10-17,388.06,355.04,423.08,2026-10-09,Chronos
619749,2026-10-18,390.51,354.65,427.23,2026-10-09,Chronos
619749,2026-10-19,390.18,353.14,429.07,2026-10-09,Chronos
619749,2026-10-20,390.45,351.57,429.55,2026-10-09,Chronos
619749,2026-10-21,390.83,349.56,432.94,2026-10-09,Chronos
619749,2026-10-22,388.0,347.12,432.69,2026-10-09,Chronos
619749,2026-10-23,390.42,345.18,432.78,2026-10-09,Chronos
619749,2026-10-24,394.17,348.24,440.44,2026-10-09,Chronos
619749,2026-10-25,394.03,349.67,443.43,2026-10-09,Chronos
619749,2026-10-26,397.92,346.72,449.48,2026-10-09,Chronos
619749,2026-10-27,398.33,344.83,450.0,2026-10-09,Chronos
619749,2026-10-28,398.9,342.0,452.92,2026-10-09,Chronos
619749,2026-10-29,400.63,340.35,458.84,2026-10-09,Chronos
619749,2026-10-30,402.3,341.3,460.68,2026-10-09,Chronos
619749,2026-10-31,399.57,338.23,460.27,2026-10-09,Chronos
619749,2026-11-01,402.53,339.35,465.94,2026-10-09,Chronos
619749,2026-11-02,404.53,339.64,470.8,2026-10-09,Chronos
619749,2026-11-03,408.3,336.49,477.11,2026-10-09,Chronos
619749,2026-11-04,408.97,336.33,478.78,2026-10-09,Chronos
619749,2026-11-05,410.0,332.44,482.03,2026-10-09,Chronos
619749,2026-11-06,410.48,333.98,486.77,2026-10-09,Chronos
619749,2026-11-07,409.23,333.66,488.06,2026-10-09,Chronos
619749,2026-11-08,413.18,328.53,488.1,2026-10-09,Chronos
619750,2026-10-10,46.08,45.74,46.3,2026-10-09,Chronos
619750,2026-10-11,46.06,45.64,46.36,2026-10-09,Chronos
619750,2026-10-12,46.0,45.46,46.39,2026-10-09,Chronos
619750,2026-10-13,45.96,45.41,46.44,2026-10-09,Chronos
619750,2026-10-14,45.96,45.27,46.53,2026-10-09,Chronos
619750,2026-10-15,45.94,45.16,46.59,2026-10-09,Chronos
619750,2026-10-16,45.95,45.13,46.67,2026-10-09,Chronos
619750,2026-10-17,45.95,45.03,46.73,2026-10-09,Chronos
619750,2026-10-18,45.96,44.91,46.79,2026-10-09,Chronos
619750,2026-10-19,45.93,44.87,46.87,2026-10-09,Chronos
619750,2026-10-20,45.9,44.7,46.86,2026-10-09,Chronos
619750,2026-10-21,45.88,44.72,46.89,2026-10-09,Chronos
619750,2026-10-22,45.83,44.63,46.95,2026-10-09,Chronos
619750,2026-10-23,45.85,44.45,46.92,2026-10-09,Chronos
619750,2026-10-24,45.82,44.37,47.01,2026-10-09,Chronos
619750,2026-10-25,45.74,44.24,47.01,2026-10-09,Chronos
619750,2026-10-26,46.01,44.28,47.25,2026-10-09,Chronos
619750,2026-10-27,45.95,44.17,47.24,2026-10-09,Chronos
619750,2026-10-28,45.9,44.12,47.26,2026-10-09,Chronos
619750,2026-10-29,45.88,43.98,47.36,2026-10-09,Chronos
619750,2026-10-30,45.88,43.85,47.39,2026-10-09,Chronos
619750,2026-10-31,45.84,43.79,47.41,2026-10-09,Chronos
619750,2026-11-01,45.85,43.65,47.5,2026-10-09,Chronos
619750,2026-11-02,45.85,43.56,47.56,2026-10-09,Chronos
619750,2026-11-03,45.85,43.44,47.67,2026-10-09,Chronos
619750,2026-11-04,45.84,43.41,47.65,2026-10-09,Chronos
619750,2026-11-05,45.82,43.21,47.7,2026-10-09,Chronos
619750,2026-11-06,45.79,43.09,47.72,2026-10-09,Chronos
619750,2026-11-07,45.75,42.91,47.77,2026-10-09,Chronos
619750,2026-11-08,45.75,42.85,47.71,2026-10-09,Chronos
631975,2026-10-10,73.42,72.9,73.71,2026-10-09,Chronos
631975,2026-10-11,73.52,72.74,74.14,2026-10-09,Chronos
631975,2026-10-12,73.6,72.56,74.42,2026-10-09,Chronos
631975,2026-10-13,73.62,72.53,74.68,2026-10-09,Chronos
631975,2026-10-14,73.74,72.36,75.06,2026-10-09,Chronos
631975,2026-10-15,73.82,72.23,75.35,2026-10-09,Chronos
631975,2026-10-16,74.02,72.35,75.66,2026-10-09,Chronos
631975,2026-10-17,74.17,72.22,75.98,2026-10-09,Chronos
631975,2026-10-18,74.41,72.33,76.3,2026-10-09,Chronos
631975,2026-10-19,74.51,72.35,76.71,2026-10-09,Chronos
631975,2026-10-20,74.57,72.28,76.79,2026-10-09,Chronos
631975,2026-10-21,74.65,72.21,76.92,2026-10-09,Chronos
631975,2026-10-22,74.58,72.05,77.18,2026-10-09,Chronos
631975,2026-10-23,74.83,72.08,77.2,2026-10-09,Chronos
631975,2026-10-24,75.06,72.07,77.71,2026-10-09,Chronos
631975,2026-10-25,75.0,72.26,78.04,2026-10-09,Chronos
631975,2026-10-26,75.97,72.73,78.73,2026-10-09,Chronos
631975,2026-10-27,76.02,72.64,79.05,2026-10-09,Chronos
631975,2026-10-28,76.08,72.26,79.27,2026-10-09,Chronos
631975,2026-10-29,76.12,72.34,79.63,2026-10-09,Chronos
631975,2026-10-30,76.27,72.22,79.99,2026-10-09,Chronos
631975,2026-10-31,76.26,72.0,80.21,2026-10-09,Chronos
631975,2026-11-01,76.5,72.14,80.63,2026-10-09,Chronos
631975,2026-11-02,76.67,72.0,80.96,2026-10-09,Chronos
631975,2026-11-03,76.94,71.98,81.38,2026-10-09,Chronos
631975,2026-11-04,76.99,71.89,81.55,2026-10-09,Chronos
631975,2026-11-05,77.04,71.56,81.87,2026-10-09,Chronos
631975,2026-11-06,77.05,71.7,81.98,2026-10-09,Chronos
631975,2026-11-07,76.96,71.58,82.24,2026-10-09,Chronos
631975,2026-11-08,77.17,71.33,82.18,2026-10-09,Chronos
631988,2026-10-10,80.09,79.68,80.39,2026-10-09,Chronos
631988,2026-10-11,80.1,79.49,80.48,2026-10-09,Chronos
631988,2026-10-12,80.07,79.43,80.51,2026-10-09,Chronos
631988,2026-10-13,80.02,79.35,80.64,2026-10-09,Chronos
631988,2026-10-14,80.03,79.18,80.71,2026-10-09,Chronos
631988,2026-10-15,80.03,78.98,80.8,2026-10-09,Chronos
631988,2026-10-16,80.0,78.98,80.78,2026-10-09,Chronos
631988,2026-10-17,79.98,78.79,80.9,2026-10-09,Chronos
631988,2026-10-18,80.0,78.55,81.01,2026-10-09,Chronos
631988,2026-10-19,79.96,78.46,81.02,2026-10-09,Chronos
631988,2026-10-20,79.99,78.33,81.09,2026-10-09,Chronos
631988,2026-10-21,79.97,78.14,81.15,2026-10-09,Chronos
631988,2026-10-22,79.97,77.96,81.18,2026-10-09,Chronos
631988,2026-10-23,79.91,77.61,81.24,2026-10-09,Chronos
631988,2026-10-24,79.84,77.38,81.3,2026-10-09,Chronos
631988,2026-10-25,79.79,77.11,81.24,2026-10-09,Chronos
631988,2026-10-26,79.46,76.38,81.42,2026-10-09,Chronos
631988,2026-10-27,79.52,76.08,81.68,2026-10-09,Chronos
631988,2026-10-28,79.37,75.44,81.78,2026-10-09,Chronos
631988,2026-10-29,79.31,75.07,81.93,2026-10-09,Chronos
631988,2026-10-30,79.22,74.48,82.07,2026-10-09,Chronos
631988,2026-10-31,79.2,74.49,82.12,2026-10-09,Chronos
631988,2026-11-01,79.12,73.99,82.07,2026-10-09,Chronos
631988,2026-11-02,79.03,73.54,82.1,2026-10-09,Chronos
631988,2026-11-03,78.97,73.06,82.33,2026-10-09,Chronos
631988,2026-11-04,78.87,72.63,82.45,2026-10-09,Chronos
631988,2026-11-05,78.8,71.91,82.84,2026-10-09,Chronos
631988,2026-11-06,78.77,71.35,82.79,2026-10-09,Chronos
631988,2026-11-07,78.64,69.91,83.46,2026-10-09,Chronos
631988,2026-11-08,78.53,69.41,83.77,2026-10-09,Chronos
631989,2026-10-10,38.71,38.01,39.54,2026-10-09,Chronos
631989,2026-10-11,38.9,37.81,40.14,2026-10-09,Chronos
631989,2026-10-12,38.89,37.43,40.62,2026-10-09,Chronos
631989,2026-10-13,39.16,37.02,41.39,2026-10-09,Chronos
631989,2026-10-14,39.23,36.75,41.77,2026-10-09,Chronos
631989,2026-10-15,39.27,36.67,42.07,2026-10-09,Chronos
631989,2026-10-16,39.4,36.4,42.46,2026-10-09,Chronos
631989,2026-10-17,39.48,36.3,42.67,2026-10-09,Chronos
631989,2026-10-18,39.55,36.24,42.9,2026-10-09,Chronos
631989,2026-10-19,39.64,36.0,43.28,2026-10-09,Chronos
631989,2026-10-20,39.72,35.95,43.64,2026-10-09,Chronos
631989,2026-10-21,39.81,35.91,43.87,2026-10-09,Chronos
631989,2026-10-22,39.89,35.6,44.14,2026-10-09,Chronos
631989,2026-10-23,39.91,35.59,44.47,2026-10-09,Chronos
631989,2026-10-24,39.94,35.41,44.58,2026-10-09,Chronos
631989,2026-10-25,40.01,35.57,44.8,2026-10-09,Chronos
631989,2026-10-26,40.17,35.54,45.21,2026-10-09,Chronos
631989,2026-10-27,40.2,35.46,45.57,2026-10-09,Chronos
631989,2026-10-28,40.18,35.33,45.84,2026-10-09,Chronos
631989,2026-10-29,40.32,35.17,46.15,2026-10-09,Chronos
631989,2026-10-30,40.3,35.01,46.48,2026-10-09,Chronos
631989,2026-10-31,40.31,34.94,46.56,2026-10-09,Chronos
631989,2026-11-01,40.35,34.71,46.76,2026-10-09,Chronos
631989,2026-11-02,40.4,34.77,46.79,2026-10-09,Chronos
631989,2026-11-03,40.43,34.69,47.07,2026-10-09,Chronos
631989,2026-11-04,40.48,34.49,47.38,2026-10-09,Chronos
631989,2026-11-05,40.52,34.32,47.74,2026-10-09,Chronos
631989,2026-11-06,40.59,34.4,48.02,2026-10-09,Chronos
631989,2026-11-07,40.6,34.13,48.06,2026-10-09,Chronos
631989,2026-11-08,40.57,34.02,48.31,2026-10-09,Chronos
631990,2026-10-10,41.95,41.32,42.56,2026-10-09,Chronos
631990,2026-10-11,41.82,41.06,42.46,2026-10-09,Chronos
631990,2026-10-12,41.75,40.81,42.4,2026-10-09,Chronos
631990,2026-10-13,41.63,40.67,42.37,2026-10-09,Chronos
631990,2026-10-14,41.44,40.52,42.5,2026-10-09,Chronos
631990,2026-10-15,41.45,40.28,42.42,2026-10-09,Chronos
631990,2026-10-16,41.41,40.24,42.41,2026-10-09,Chronos
631990,2026-10-17,41.28,40.06,42.44,2026-10-09,Chronos
631990,2026-10-18,41.13,39.86,42.4,2026-10-09,Chronos
631990,2026-10-19,41.12,39.68,42.33,2026-10-09,Chronos
631990,2026-10-20,41.01,39.56,42.3,2026-10-09,Chronos
631990,2026-10-21,40.97,39.41,42.38,2026-10-09,Chronos
631990,2026-10-22,40.87,39.22,42.36,2026-10-09,Chronos
631990,2026-10-23,40.77,39.03,42.35,2026-10-09,Chronos
631990,2026-10-24,40.58,38.83,42.21,2026-10-09,Chronos
631990,2026-10-25,40.55,38.76,42.17,2026-10-09,Chronos
631990,2026-10-26,40.67,38.3,42.73,2026-10-09,Chronos
631990,2026-10-27,40.55,38.11,42.63,2026-10-09,Chronos
631990,2026-10-28,40.48,37.89,42.58,2026-10-09,Chronos
631990,2026-10-29,40.36,37.81,42.52,2026-10-09,Chronos
631990,2026-10-30,40.19,37.54,42.56,2026-10-09,Chronos
631990,2026-10-31,40.22,37.29,42.64,2026-10-09,Chronos
631990,2026-11-01,40.16,37.15,42.64,2026-10-09,Chronos
631990,2026-11-02,40.01,36.97,42.65,2026-10-09,Chronos
631990,2026-11-03,39.89,36.74,42.7,2026-10-09,Chronos
631990,2026-11-04,39.85,36.52,42.6,2026-10-09,Chronos
631990,2026-11-05,39.75,36.35,42.59,2026-10-09,Chronos
631990,2026-11-06,39.68,36.16,42.68,2026-10-09,Chronos
631990,2026-11-07,39.6,35.95,42.72,2026-10-09,Chronos
631990,2026-11-08,39.46,35.67,42.6,2026-10-09,Chronos
631992,2026-10-10,345.44,336.2,351.47,2026-10-09,Chronos
631992,2026-10-11,345.17,332.73,351.86,2026-10-09,Chronos
631992,2026-10-12,343.59,328.7,352.35,2026-10-09,Chronos
631992,2026-10-13,342.38,328.19,353.91,2026-10-09,Chronos
631992,2026-10-14,341.57,323.85,355.55,2026-10-09,Chronos
631992,2026-10-15,341.3,321.38,356.72,2026-10-09,Chronos
631992,2026-10-16,341.17,319.24,358.51,2026-10-09,Chronos
631992,2026-10-17,341.11,316.4,360.81,2026-10-09,Chronos
631992,2026-10-18,341.82,314.23,361.65,2026-10-09,Chronos
631992,2026-10-19,341.06,313.26,364.13,2026-10-09,Chronos
631992,2026-10-20,340.01,308.0,362.61,2026-10-09,Chronos
631992,2026-10-21,339.05,304.91,362.54,2026-10-09,Chronos
631992,2026-10-22,336.82,298.77,363.25,2026-10-09,Chronos
631992,2026-10-23,337.53,292.59,361.47,2026-10-09,Chronos
631992,2026-10-24,336.25,292.62,364.94,2026-10-09,Chronos
631992,2026-10-25,333.54,287.97,365.57,2026-10-09,Chronos
631992,2026-10-26,334.48,295.42,362.73,2026-10-09,Chronos
631992,2026-10-27,334.06,292.92,362.87,2026-10-09,Chronos
631992,2026-10-28,332.13,291.84,362.53,2026-10-09,Chronos
631992,2026-10-29,331.28,287.2,365.61,2026-10-09,Chronos
631992,2026-10-30,330.96,282.94,365.45,2026-10-09,Chronos
631992,2026-10-31,330.64,279.76,366.36,2026-10-09,Chronos
631992,2026-11-01,330.34,274.71,367.09,2026-10-09,Chronos
631992,2026-11-02,329.85,270.63,369.93,2026-10-09,Chronos
631992,2026-11-03,329.42,270.22,370.63,2026-10-09,Chronos
631992,2026-11-04,330.03,268.01,371.73,2026-10-09,Chronos
631992,2026-11-05,329.2,266.56,370.65,2026-10-09,Chronos
631992,2026-11-06,327.79,260.83,371.7,2026-10-09,Chronos
631992,2026-11-07,325.84,254.84,371.85,2026-10-09,Chronos
631992,2026-11-08,326.06,252.18,371.02,2026-10-09,Chronos
632208,2026-10-10,73.26,72.33,73.93,2026-10-09,Chronos
632208,2026-10-11,73.41,72.46,74.3,2026-10-09,Chronos
632208,2026-10-12,73.49,72.25,74.59,2026-10-09,Chronos
632208,2026-10-13,73.62,72.39,74.97,2026-10-09,Chronos
632208,2026-10-14,73.83,72.27,75.47,2026-10-09,Chronos
632208,2026-10-15,74.0,72.33,75.85,2026-10-09,Chronos
632208,2026-10-16,74.23,72.4,76.22,2026-10-09,Chronos
632208,2026-10-17,74.42,72.31,76.61,2026-10-09,Chronos
632208,2026-10-18,74.74,72.6,77.08,2026-10-09,Chronos
632208,2026-10-19,74.84,72.48,77.4,2026-10-09,Chronos
632208,2026-10-20,74.97,72.49,77.74,2026-10-09,Chronos
632208,2026-10-21,75.07,72.35,78.05,2026-10-09,Chronos
632208,2026-10-22,75.16,72.28,78.55,2026-10-09,Chronos
632208,2026-10-23,75.45,72.31,78.66,2026-10-09,Chronos
632208,2026-10-24,75.7,72.3,78.98,2026-10-09,Chronos
632208,2026-10-25,75.73,72.67,79.4,2026-10-09,Chronos
632208,2026-10-26,76.57,72.74,80.81,2026-10-09,Chronos
632208,2026-10-27,76.59,72.6,81.11,2026-10-09,Chronos
632208,2026-10-28,76.59,72.06,81.37,2026-10-09,Chronos
632208,2026-10-29,76.57,72.03,81.85,2026-10-09,Chronos
632208,2026-10-30,76.78,72.12,81.98,2026-10-09,Chronos
632208,2026-10-31,76.65,71.59,82.44,2026-10-09,Chronos
632208,2026-11-01,76.85,71.63,82.82,2026-10-09,Chronos
632208,2026-11-02,76.86,71.33,83.06,2026-10-09,Chronos
632208,2026-11-03,77.2,71.17,83.48,2026-10-09,Chronos
632208,2026-11-04,77.14,70.98,83.8,2026-10-09,Chronos
632208,2026-11-05,77.29,70.35,84.66,2026-10-09,Chronos
632208,2026-11-06,77.22,70.16,85.18,2026-10-09,Chronos
632208,2026-11-07,77.04,69.51,85.69,2026-10-09,Chronos
632208,2026-11-08,77.17,69.15,85.28,2026-10-09,Chronos
632228,2026-10-10,131.18,130.44,131.56,2026-10-09,Chronos
632228,2026-10-11,131.16,129.99,132.16,2026-10-09,Chronos
632228,2026-10-12,131.09,129.51,132.56,2026-10-09,Chronos
632228,2026-10-13,131.12,129.19,132.93,2026-10-09,Chronos
632228,2026-10-14,131.1,128.83,133.58,2026-10-09,Chronos
632228,2026-10-15,131.24,128.54,133.98,2026-10-09,Chronos
632228,2026-10-16,131.25,128.34,134.31,2026-10-09,Chronos
632228,2026-10-17,131.25,127.98,134.57,2026-10-09,Chronos
632228,2026-10-18,131.21,127.65,134.94,2026-10-09,Chronos
632228,2026-10-19,131.23,127.3,135.32,2026-10-09,Chronos
632228,2026-10-20,131.18,126.98,135.86,2026-10-09,Chronos
632228,2026-10-21,131.23,126.96,136.41,2026-10-09,Chronos
632228,2026-10-22,131.13,126.55,137.01,2026-10-09,Chronos
632228,2026-10-23,131.18,125.88,137.45,2026-10-09,Chronos
632228,2026-10-24,131.24,125.59,137.55,2026-10-09,Chronos
632228,2026-10-25,131.18,125.17,138.0,2026-10-09,Chronos
632228,2026-10-26,131.7,125.87,138.08,2026-10-09,Chronos
632228,2026-10-27,131.43,124.98,138.43,2026-10-09,Chronos
632228,2026-10-28,131.33,124.54,138.78,2026-10-09,Chronos
632228,2026-10-29,131.37,124.02,139.52,2026-10-09,Chronos
632228,2026-10-30,131.23,123.49,139.84,2026-10-09,Chronos
632228,2026-10-31,131.35,123.55,140.37,2026-10-09,Chronos
632228,2026-11-01,131.38,122.88,140.73,2026-10-09,Chronos
632228,2026-11-02,131.41,122.51,141.01,2026-10-09,Chronos
632228,2026-11-03,131.44,122.01,141.47,2026-10-09,Chronos
632228,2026-11-04,131.43,121.83,141.74,2026-10-09,Chronos
632228,2026-11-05,131.44,120.81,142.52,2026-10-09,Chronos
632228,2026-11-06,131.28,120.32,143.51,2026-10-09,Chronos
632228,2026-11-07,131.13,119.04,144.21,2026-10-09,Chronos
632228,2026-11-08,131.0,119.0,144.28,2026-10-09,Chronos
632245,2026-10-10,131.91,129.94,133.58,2026-10-09,Chronos
632245,2026-10-11,131.75,129.1,133.59,2026-10-09,Chronos
632245,2026-10-12,131.54,128.38,133.7,2026-10-09,Chronos
632245,2026-10-13,131.22,128.22,133.82,2026-10-09,Chronos
632245,2026-10-14,131.19,127.28,134.45,2026-10-09,Chronos
632245,2026-10-15,130.92,126.54,134.61,2026-10-09,Chronos
632245,2026-10-16,130.96,126.38,134.95,2026-10-09,Chronos
632245,2026-10-17,130.93,125.81,135.27,2026-10-09,Chronos
632245,2026-10-18,131.09,125.2,135.73,2026-10-09,Chronos
632245,2026-10-19,130.88,124.95,136.06,2026-10-09,Chronos
632245,2026-10-20,130.74,124.06,136.05,2026-10-09,Chronos
632245,2026-10-21,130.51,123.73,136.06,2026-10-09,Chronos
632245,2026-10-22,130.03,122.89,136.33,2026-10-09,Chronos
632245,2026-10-23,129.98,121.59,135.97,2026-10-09,Chronos
632245,2026-10-24,129.99,120.53,136.63,2026-10-09,Chronos
632245,2026-10-25,129.37,119.8,136.95,2026-10-09,Chronos
632245,2026-10-26,130.44,119.39,138.21,2026-10-09,Chronos
632245,2026-10-27,130.15,119.25,137.97,2026-10-09,Chronos
632245,2026-10-28,129.87,118.22,138.33,2026-10-09,Chronos
632245,2026-10-29,129.61,117.06,138.82,2026-10-09,Chronos
632245,2026-10-30,129.43,116.42,138.81,2026-10-09,Chronos
632245,2026-10-31,128.97,115.3,138.98,2026-10-09,Chronos
632245,2026-11-01,128.93,114.35,139.43,2026-10-09,Chronos
632245,2026-11-02,128.9,113.8,139.69,2026-10-09,Chronos
632245,2026-11-03,128.91,112.88,140.24,2026-10-09,Chronos
632245,2026-11-04,128.51,112.98,140.02,2026-10-09,Chronos
632245,2026-11-05,128.35,111.01,140.57,2026-10-09,Chronos
632245,2026-11-06,127.97,110.05,140.62,2026-10-09,Chronos
632245,2026-11-07,127.5,108.59,140.92,2026-10-09,Chronos
632245,2026-11-08,127.34,107.35,140.58,2026-10-09,Chronos
632251,2026-10-10,108.56,106.17,110.77,2026-10-09,Chronos
632251,2026-10-11,108.78,105.77,111.34,2026-10-09,Chronos
632251,2026-10-12,108.97,105.35,111.84,2026-10-09,Chronos
632251,2026-10-13,109.15,105.58,112.59,2026-10-09,Chronos
632251,2026-10-14,109.35,104.91,113.22,2026-10-09,Chronos
632251,2026-10-15,109.28,104.46,113.62,2026-10-09,Chronos
632251,2026-10-16,109.82,104.8,114.32,2026-10-09,Chronos
632251,2026-10-17,110.2,104.46,115.32,2026-10-09,Chronos
632251,2026-10-18,110.6,104.54,115.89,2026-10-09,Chronos
632251,2026-10-19,110.58,104.19,116.37,2026-10-09,Chronos
632251,2026-10-20,110.74,104.0,116.74,2026-10-09,Chronos
632251,2026-10-21,110.83,103.81,117.0,2026-10-09,Chronos
632251,2026-10-22,110.48,103.26,117.47,2026-10-09,Chronos
632251,2026-10-23,110.95,102.7,117.49,2026-10-09,Chronos
632251,2026-10-24,111.6,102.37,118.74,2026-10-09,Chronos
632251,2026-10-25,111.57,103.31,119.5,2026-10-09,Chronos
632251,2026-10-26,113.26,104.41,121.69,2026-10-09,Chronos
632251,2026-10-27,113.48,104.56,121.96,2026-10-09,Chronos
632251,2026-10-28,113.6,103.7,122.55,2026-10-09,Chronos
632251,2026-10-29,113.81,103.62,123.51,2026-10-09,Chronos
632251,2026-10-30,114.0,103.53,123.69,2026-10-09,Chronos
632251,2026-10-31,113.73,102.96,124.07,2026-10-09,Chronos
632251,2026-11-01,114.11,103.18,124.79,2026-10-09,Chronos
632251,2026-11-02,114.6,102.95,125.9,2026-10-09,Chronos
632251,2026-11-03,115.11,102.5,126.69,2026-10-09,Chronos
632251,2026-11-04,114.98,102.16,126.63,2026-10-09,Chronos
632251,2026-11-05,115.01,101.4,127.53,2026-10-09,Chronos
632251,2026-11-06,114.89,101.62,127.56,2026-10-09,Chronos
632251,2026-11-07,114.46,101.12,127.83,2026-10-09,Chronos
632251,2026-11-08,114.95,100.11,127.59,2026-10-09,Chronos
632252,2026-10-10,71.17,68.47,72.36,2026-10-09,Chronos
632252,2026-10-11,71.32,67.82,72.62,2026-10-09,Chronos
632252,2026-10-12,71.32,67.66,72.94,2026-10-09,Chronos
632252,2026-10-13,71.22,67.23,73.42,2026-10-09,Chronos
632252,2026-10-14,71.45,66.8,74.08,2026-10-09,Chronos
632252,2026-10-15,71.65,65.95,74.39,2026-10-09,Chronos
632252,2026-10-16,71.76,65.05,74.83,2026-10-09,Chronos
632252,2026-10-17,72.16,64.3,75.64,2026-10-09,Chronos
632252,2026-10-18,72.39,64.4,75.75,2026-10-09,Chronos
632252,2026-10-19,72.29,63.95,76.25,2026-10-09,Chronos
632252,2026-10-20,72.33,63.41,76.66,2026-10-09,Chronos
632252,2026-10-21,72.47,62.35,76.89,2026-10-09,Chronos
632252,2026-10-22,72.43,61.08,77.56,2026-10-09,Chronos
632252,2026-10-23,72.64,60.39,77.33,2026-10-09,Chronos
632252,2026-10-24,72.64,59.57,77.89,2026-10-09,Chronos
632252,2026-10-25,72.39,59.5,77.75,2026-10-09,Chronos
632252,2026-10-26,72.55,59.38,77.31,2026-10-09,Chronos
632252,2026-10-27,72.78,58.62,77.45,2026-10-09,Chronos
632252,2026-10-28,72.67,58.32,77.55,2026-10-09,Chronos
632252,2026-10-29,72.66,58.0,77.93,2026-10-09,Chronos
632252,2026-10-30,73.15,57.9,78.17,2026-10-09,Chronos
632252,2026-10-31,73.0,57.08,78.43,2026-10-09,Chronos
632252,2026-11-01,73.14,56.23,78.54,2026-10-09,Chronos
632252,2026-11-02,73.37,55.88,79.39,2026-10-09,Chronos
632252,2026-11-03,73.8,56.42,79.26,2026-10-09,Chronos
632252,2026-11-04,73.72,55.55,79.87,2026-10-09,Chronos
632252,2026-11-05,73.85,56.0,80.3,2026-10-09,Chronos
632252,2026-11-06,74.01,55.19,80.52,2026-10-09,Chronos
632252,2026-11-07,74.06,54.6,81.16,2026-10-09,Chronos
632252,2026-11-08,74.33,54.41,80.73,2026-10-09,Chronos
632684,2026-10-10,115.65,114.56,116.59,2026-10-09,Chronos
632684,2026-10-11,115.83,114.26,117.25,2026-10-09,Chronos
632684,2026-10-12,115.85,113.91,117.56,2026-10-09,Chronos
632684,2026-10-13,115.94,113.82,117.94,2026-10-09,Chronos
632684,2026-10-14,116.12,113.69,118.39,2026-10-09,Chronos
632684,2026-10-15,116.23,113.52,118.74,2026-10-09,Chronos
632684,2026-10-16,116.32,113.36,119.02,2026-10-09,Chronos
632684,2026-10-17,116.29,112.99,119.1,2026-10-09,Chronos
632684,2026-10-18,116.52,112.81,119.69,2026-10-09,Chronos
632684,2026-10-19,116.68,112.64,119.92,2026-10-09,Chronos
632684,2026-10-20,116.69,112.43,120.2,2026-10-09,Chronos
632684,2026-10-21,116.9,112.37,120.7,2026-10-09,Chronos
632684,2026-10-22,116.94,112.05,121.06,2026-10-09,Chronos
632684,2026-10-23,116.94,112.2,121.4,2026-10-09,Chronos
632684,2026-10-24,117.06,111.89,121.5,2026-10-09,Chronos
632684,2026-10-25,117.13,111.93,122.04,2026-10-09,Chronos
632684,2026-10-26,117.51,112.06,122.31,2026-10-09,Chronos
632684,2026-10-27,117.75,111.82,122.61,2026-10-09,Chronos
632684,2026-10-28,117.77,111.58,122.87,2026-10-09,Chronos
632684,2026-10-29,118.0,111.43,123.27,2026-10-09,Chronos
632684,2026-10-30,118.02,111.4,123.49,2026-10-09,Chronos
632684,2026-10-31,118.22,111.26,123.92,2026-10-09,Chronos
632684,2026-11-01,118.32,111.14,124.28,2026-10-09,Chronos
632684,2026-11-02,118.35,110.75,124.54,2026-10-09,Chronos
632684,2026-11-03,118.41,110.64,124.84,2026-10-09,Chronos
632684,2026-11-04,118.69,110.58,125.19,2026-10-09,Chronos
632684,2026-11-05,118.79,110.39,125.42,2026-10-09,Chronos
632684,2026-11-06,118.94,110.38,125.77,2026-10-09,Chronos
632684,2026-11-07,118.77,109.85,126.17,2026-10-09,Chronos
632684,2026-11-08,118.83,109.75,126.36,2026-10-09,Chronos
632686,2026-10-10,139.02,137.81,139.85,2026-10-09,Chronos
632686,2026-10-11,139.15,137.27,140.41,2026-10-09,Chronos
632686,2026-10-12,139.26,137.04,140.75,2026-10-09,Chronos
632686,2026-10-13,139.15,137.13,141.13,2026-10-09,Chronos
632686,2026-10-14,139.29,136.39,141.83,2026-10-09,Chronos
632686,2026-10-15,139.28,135.89,142.37,2026-10-09,Chronos
632686,2026-10-16,139.5,136.0,142.75,2026-10-09,Chronos
632686,2026-10-17,139.72,135.43,143.38,2026-10-09,Chronos
632686,2026-10-18,139.98,135.15,143.82,2026-10-09,Chronos
632686,2026-10-19,139.87,134.9,144.28,2026-10-09,Chronos
632686,2026-10-20,139.8,134.31,144.39,2026-10-09,Chronos
632686,2026-10-21,139.77,134.04,144.53,2026-10-09,Chronos
632686,2026-10-22,139.34,133.34,145.03,2026-10-09,Chronos
632686,2026-10-23,139.64,132.66,145.18,2026-10-09,Chronos
632686,2026-10-24,139.84,131.99,145.7,2026-10-09,Chronos
632686,2026-10-25,139.56,132.47,146.21,2026-10-09,Chronos
632686,2026-10-26,140.02,130.45,148.0,2026-10-09,Chronos
632686,2026-10-27,140.26,130.69,148.47,2026-10-09,Chronos
632686,2026-10-28,140.32,129.74,148.9,2026-10-09,Chronos
632686,2026-10-29,140.03,129.08,149.58,2026-10-09,Chronos
632686,2026-10-30,139.95,128.48,149.19,2026-10-09,Chronos
632686,2026-10-31,139.28,127.63,149.58,2026-10-09,Chronos
632686,2026-11-01,138.92,126.25,149.43,2026-10-09,Chronos
632686,2026-11-02,138.82,125.72,149.54,2026-10-09,Chronos
632686,2026-11-03,138.76,124.66,149.95,2026-10-09,Chronos
632686,2026-11-04,138.62,124.67,150.02,2026-10-09,Chronos
632686,2026-11-05,138.57,123.19,150.77,2026-10-09,Chronos
632686,2026-11-06,138.3,122.47,150.63,2026-10-09,Chronos
632686,2026-11-07,137.88,120.9,151.31,2026-10-09,Chronos
632686,2026-11-08,137.92,120.51,151.19,2026-10-09,Chronos
632720,2026-10-10,318.17,313.34,321.83,2026-10-09,Chronos
632720,2026-10-11,318.2,311.07,323.55,2026-10-09,Chronos
632720,2026-10-12,318.09,309.1,325.18,2026-10-09,Chronos
632720,2026-10-13,318.14,308.94,326.3,2026-10-09,Chronos
632720,2026-10-14,318.23,307.7,327.83,2026-10-09,Chronos
632720,2026-10-15,317.75,306.32,328.36,2026-10-09,Chronos
632720,2026-10-16,318.08,305.63,329.52,2026-10-09,Chronos
632720,2026-10-17,318.21,304.71,330.4,2026-10-09,Chronos
632720,2026-10-18,318.47,303.41,331.81,2026-10-09,Chronos
632720,2026-10-19,318.34,302.7,332.29,2026-10-09,Chronos
632720,2026-10-20,318.37,300.95,333.38,2026-10-09,Chronos
632720,2026-10-21,318.28,299.7,333.88,2026-10-09,Chronos
632720,2026-10-22,317.9,298.13,334.68,2026-10-09,Chronos
632720,2026-10-23,317.87,297.28,334.77,2026-10-09,Chronos
632720,2026-10-24,317.7,296.26,335.47,2026-10-09,Chronos
632720,2026-10-25,317.76,295.92,336.2,2026-10-09,Chronos
632720,2026-10-26,318.02,295.12,339.39,2026-10-09,Chronos
632720,2026-10-27,318.03,294.2,339.5,2026-10-09,Chronos
632720,2026-10-28,317.85,293.85,339.65,2026-10-09,Chronos
632720,2026-10-29,317.81,293.54,341.64,2026-10-09,Chronos
632720,2026-10-30,317.49,291.88,341.48,2026-10-09,Chronos
632720,2026-10-31,317.72,291.72,342.78,2026-10-09,Chronos
632720,2026-11-01,317.54,290.92,343.05,2026-10-09,Chronos
632720,2026-11-02,317.54,290.06,343.69,2026-10-09,Chronos
632720,2026-11-03,317.84,289.27,345.11,2026-10-09,Chronos
632720,2026-11-04,317.93,288.65,345.82,2026-10-09,Chronos
632720,2026-11-05,317.91,287.56,347.08,2026-10-09,Chronos
632720,2026-11-06,317.48,286.18,347.87,2026-10-09,Chronos
632720,2026-11-07,317.26,284.91,348.58,2026-10-09,Chronos
632720,2026-11-08,316.91,284.79,347.94,2026-10-09,Chronos
633053,2026-10-10,174.87,173.85,175.95,2026-10-09,Chronos
633053,2026-10-11,174.86,173.19,176.34,2026-10-09,Chronos
633053,2026-10-12,174.92,172.92,176.6,2026-10-09,Chronos
633053,2026-10-13,174.91,172.99,177.1,2026-10-09,Chronos
633053,2026-10-14,175.11,172.43,177.68,2026-10-09,Chronos
633053,2026-10-15,175.14,172.37,178.13,2026-10-09,Chronos
633053,2026-10-16,175.57,172.45,178.7,2026-10-09,Chronos
633053,2026-10-17,175.71,172.11,179.22,2026-10-09,Chronos
633053,2026-10-18,176.16,172.24,179.77,2026-10-09,Chronos
633053,2026-10-19,176.15,171.85,180.39,2026-10-09,Chronos
633053,2026-10-20,176.22,171.62,180.7,2026-10-09,Chronos
633053,2026-10-21,176.36,171.37,180.89,2026-10-09,Chronos
633053,2026-10-22,176.17,170.82,181.45,2026-10-09,Chronos
633053,2026-10-23,176.46,170.52,181.33,2026-10-09,Chronos
633053,2026-10-24,177.02,170.13,182.34,2026-10-09,Chronos
633053,2026-10-25,176.73,170.87,182.85,2026-10-09,Chronos
633053,2026-10-26,177.96,171.72,184.03,2026-10-09,Chronos
633053,2026-10-27,178.06,171.56,184.42,2026-10-09,Chronos
633053,2026-10-28,177.97,170.56,184.65,2026-10-09,Chronos
633053,2026-10-29,177.96,170.35,185.41,2026-10-09,Chronos
633053,2026-10-30,178.14,170.33,185.68,2026-10-09,Chronos
633053,2026-10-31,178.04,169.85,186.01,2026-10-09,Chronos
633053,2026-11-01,178.4,170.09,186.68,2026-10-09,Chronos
633053,2026-11-02,178.61,169.71,187.13,2026-10-09,Chronos
633053,2026-11-03,179.21,169.48,187.93,2026-10-09,Chronos
633053,2026-11-04,179.04,168.97,188.12,2026-10-09,Chronos
633053,2026-11-05,179.03,167.67,188.64,2026-10-09,Chronos
633053,2026-11-06,178.98,167.6,189.04,2026-10-09,Chronos
633053,2026-11-07,178.68,166.73,189.5,2026-10-09,Chronos
633053,2026-11-08,178.96,166.3,189.38,2026-10-09,Chronos
633098,2026-10-10,181.3,180.08,182.34,2026-10-09,Chronos
633098,2026-10-11,181.22,179.32,182.69,2026-10-09,Chronos
633098,2026-10-12,181.06,178.55,182.99,2026-10-09,Chronos
633098,2026-10-13,180.92,178.43,183.43,2026-10-09,Chronos
633098,2026-10-14,180.91,177.77,183.95,2026-10-09,Chronos
633098,2026-10-15,180.96,177.39,184.27,2026-10-09,Chronos
633098,2026-10-16,181.06,177.2,184.79,2026-10-09,Chronos
633098,2026-10-17,180.96,176.66,185.01,2026-10-09,Chronos
633098,2026-10-18,181.13,176.37,185.5,2026-10-09,Chronos
633098,2026-10-19,180.98,175.92,185.65,2026-10-09,Chronos
633098,2026-10-20,180.82,175.19,186.07,2026-10-09,Chronos
633098,2026-10-21,180.73,175.05,186.55,2026-10-09,Chronos
633098,2026-10-22,180.46,174.46,187.04,2026-10-09,Chronos
633098,2026-10-23,180.53,173.56,187.13,2026-10-09,Chronos
633098,2026-10-24,180.65,172.87,187.37,2026-10-09,Chronos
633098,2026-10-25,180.3,172.7,187.51,2026-10-09,Chronos
633098,2026-10-26,181.51,175.06,187.1,2026-10-09,Chronos
633098,2026-10-27,181.33,174.57,187.28,2026-10-09,Chronos
633098,2026-10-28,181.08,173.76,187.63,2026-10-09,Chronos
633098,2026-10-29,181.01,173.33,188.11,2026-10-09,Chronos
633098,2026-10-30,181.01,173.25,188.52,2026-10-09,Chronos
633098,2026-10-31,180.93,172.63,188.91,2026-10-09,Chronos
633098,2026-11-01,181.14,171.93,189.56,2026-10-09,Chronos
633098,2026-11-02,181.1,171.67,189.76,2026-10-09,Chronos
633098,2026-11-03,181.26,171.31,190.41,2026-10-09,Chronos
633098,2026-11-04,181.12,171.11,190.56,2026-10-09,Chronos
633098,2026-11-05,181.0,169.67,191.16,2026-10-09,Chronos
633098,2026-11-06,180.82,169.18,191.6,2026-10-09,Chronos
633098,2026-11-07,180.64,168.07,192.16,2026-10-09,Chronos
633098,2026-11-08,180.65,167.22,192.2,2026-10-09,Chronos
633099,2026-10-10,235.77,232.91,238.47,2026-10-09,Chronos
633099,2026-10-11,235.56,231.41,238.53,2026-10-09,Chronos
633099,2026-10-12,235.65,230.89,238.67,2026-10-09,Chronos
633099,2026-10-13,234.72,230.43,238.97,2026-10-09,Chronos
633099,2026-10-14,235.09,229.02,239.84,2026-10-09,Chronos
633099,2026-10-15,234.97,228.12,240.64,2026-10-09,Chronos
633099,2026-10-16,234.88,227.8,240.86,2026-10-09,Chronos
633099,2026-10-17,234.96,226.71,241.6,2026-10-09,Chronos
633099,2026-10-18,235.57,226.38,242.42,2026-10-09,Chronos
633099,2026-10-19,235.32,225.97,243.39,2026-10-09,Chronos
633099,2026-10-20,234.91,224.72,242.9,2026-10-09,Chronos
633099,2026-10-21,234.46,223.42,242.74,2026-10-09,Chronos
633099,2026-10-22,233.33,221.68,243.31,2026-10-09,Chronos
633099,2026-10-23,233.58,220.45,242.75,2026-10-09,Chronos
633099,2026-10-24,233.72,219.87,243.64,2026-10-09,Chronos
633099,2026-10-25,232.89,220.56,244.16,2026-10-09,Chronos
633099,2026-10-26,233.88,212.38,247.22,2026-10-09,Chronos
633099,2026-10-27,233.43,210.14,246.33,2026-10-09,Chronos
633099,2026-10-28,233.64,206.66,248.11,2026-10-09,Chronos
633099,2026-10-29,232.35,202.11,248.56,2026-10-09,Chronos
633099,2026-10-30,232.0,200.62,249.08,2026-10-09,Chronos
633099,2026-10-31,230.92,194.7,249.53,2026-10-09,Chronos
633099,2026-11-01,229.95,190.72,250.09,2026-10-09,Chronos
633099,2026-11-02,229.95,188.17,250.26,2026-10-09,Chronos
633099,2026-11-03,229.78,185.52,250.41,2026-10-09,Chronos
633099,2026-11-04,228.33,181.28,250.81,2026-10-09,Chronos
633099,2026-11-05,228.12,177.33,252.1,2026-10-09,Chronos
633099,2026-11-06,227.35,171.35,251.39,2026-10-09,Chronos
633099,2026-11-07,225.87,165.86,251.81,2026-10-09,Chronos
633099,2026-11-08,225.18,162.93,250.2,2026-10-09,Chronos
633103,2026-10-10,293.32,286.48,300.93,2026-10-09,Chronos
633103,2026-10-11,293.77,284.59,302.1,2026-10-09,Chronos
633103,2026-10-12,293.82,283.34,303.05,2026-10-09,Chronos
633103,2026-10-13,293.87,283.5,304.33,2026-10-09,Chronos
633103,2026-10-14,294.08,280.92,305.87,2026-10-09,Chronos
633103,2026-10-15,293.17,278.89,306.43,2026-10-09,Chronos
633103,2026-10-16,293.84,279.14,307.81,2026-10-09,Chronos
633103,2026-10-17,294.1,277.75,309.58,2026-10-09,Chronos
633103,2026-10-18,294.63,276.88,311.13,2026-10-09,Chronos
633103,2026-10-19,293.94,275.26,311.33,2026-10-09,Chronos
633103,2026-10-20,293.39,273.59,311.23,2026-10-09,Chronos
633103,2026-10-21,293.16,272.46,312.2,2026-10-09,Chronos
633103,2026-10-22,292.1,270.89,313.2,2026-10-09,Chronos
633103,2026-10-23,293.05,268.5,313.17,2026-10-09,Chronos
633103,2026-10-24,294.19,267.53,316.58,2026-10-09,Chronos
633103,2026-10-25,293.14,269.65,316.82,2026-10-09,Chronos
633103,2026-10-26,297.53,270.2,323.23,2026-10-09,Chronos
633103,2026-10-27,297.93,269.93,323.56,2026-10-09,Chronos
633103,2026-10-28,297.86,267.89,325.05,2026-10-09,Chronos
633103,2026-10-29,298.17,266.95,327.37,2026-10-09,Chronos
633103,2026-10-30,298.41,266.52,327.65,2026-10-09,Chronos
633103,2026-10-31,297.3,264.52,328.05,2026-10-09,Chronos
633103,2026-11-01,297.62,264.04,329.57,2026-10-09,Chronos
633103,2026-11-02,298.55,263.81,331.76,2026-10-09,Chronos
633103,2026-11-03,299.08,260.56,333.9,2026-10-09,Chronos
633103,2026-11-04,298.27,259.71,332.84,2026-10-09,Chronos
633103,2026-11-05,297.59,255.7,334.3,2026-10-09,Chronos
633103,2026-11-06,297.07,255.13,335.08,2026-10-09,Chronos
633103,2026-11-07,296.37,252.32,336.1,2026-10-09,Chronos
633103,2026-11-08,297.32,250.5,335.69,2026-10-09,Chronos
633104,2026-10-10,434.01,420.95,448.25,2026-10-09,Chronos
633104,2026-10-11,433.67,416.95,448.72,2026-10-09,Chronos
633104,2026-10-12,433.52,413.6,449.22,2026-10-09,Chronos
633104,2026-10-13,432.56,413.93,451.46,2026-10-09,Chronos
633104,2026-10-14,433.21,410.13,454.1,2026-10-09,Chronos
633104,2026-10-15,432.92,407.67,455.27,2026-10-09,Chronos
633104,2026-10-16,434.42,408.31,458.39,2026-10-09,Chronos
633104,2026-10-17,433.98,405.61,460.41,2026-10-09,Chronos
633104,2026-10-18,436.06,405.21,462.85,2026-10-09,Chronos
633104,2026-10-19,435.52,403.18,463.23,2026-10-09,Chronos
633104,2026-10-20,434.86,401.29,465.6,2026-10-09,Chronos
633104,2026-10-21,434.26,399.05,465.06,2026-10-09,Chronos
633104,2026-10-22,431.96,396.0,465.89,2026-10-09,Chronos
633104,2026-10-23,432.75,393.08,464.2,2026-10-09,Chronos
633104,2026-10-24,434.0,391.43,467.54,2026-10-09,Chronos
633104,2026-10-25,432.08,394.57,469.24,2026-10-09,Chronos
633104,2026-10-26,438.7,391.67,477.69,2026-10-09,Chronos
633104,2026-10-27,438.96,392.13,477.05,2026-10-09,Chronos
633104,2026-10-28,439.02,387.45,478.64,2026-10-09,Chronos
633104,2026-10-29,438.34,383.48,480.3,2026-10-09,Chronos
633104,2026-10-30,438.79,383.82,480.1,2026-10-09,Chronos
633104,2026-10-31,437.06,379.95,482.02,2026-10-09,Chronos
633104,2026-11-01,437.68,375.23,484.8,2026-10-09,Chronos
633104,2026-11-02,438.5,373.73,487.05,2026-10-09,Chronos
633104,2026-11-03,440.25,371.46,487.02,2026-10-09,Chronos
633104,2026-11-04,438.48,373.08,487.57,2026-10-09,Chronos
633104,2026-11-05,437.7,364.05,491.05,2026-10-09,Chronos
633104,2026-11-06,436.9,358.57,490.97,2026-10-09,Chronos
633104,2026-11-07,434.27,353.76,490.87,2026-10-09,Chronos
633104,2026-11-08,435.54,352.55,489.94,2026-10-09,Chronos
647656,2026-10-10,17.14,16.95,17.31,2026-10-09,Chronos
647656,2026-10-11,17.13,16.84,17.36,2026-10-09,Chronos
647656,2026-10-12,17.12,16.79,17.39,2026-10-09,Chronos
647656,2026-10-13,17.09,16.79,17.45,2026-10-09,Chronos
647656,2026-10-14,17.12,16.68,17.54,2026-10-09,Chronos
647656,2026-10-15,17.11,16.62,17.61,2026-10-09,Chronos
647656,2026-10-16,17.18,16.68,17.69,2026-10-09,Chronos
647656,2026-10-17,17.23,16.62,17.8,2026-10-09,Chronos
647656,2026-10-18,17.29,16.6,17.87,2026-10-09,Chronos
647656,2026-10-19,17.29,16.59,18.01,2026-10-09,Chronos
647656,2026-10-20,17.31,16.53,18.03,2026-10-09,Chronos
647656,2026-10-21,17.33,16.52,18.07,2026-10-09,Chronos
647656,2026-10-22,17.28,16.45,18.16,2026-10-09,Chronos
647656,2026-10-23,17.34,16.41,18.1,2026-10-09,Chronos
647656,2026-10-24,17.39,16.41,18.22,2026-10-09,Chronos
647656,2026-10-25,17.32,16.41,18.3,2026-10-09,Chronos
647656,2026-10-26,17.5,16.39,18.54,2026-10-09,Chronos
647656,2026-10-27,17.51,16.32,18.56,2026-10-09,Chronos
647656,2026-10-28,17.49,16.16,18.58,2026-10-09,Chronos
647656,2026-10-29,17.46,16.11,18.71,2026-10-09,Chronos
647656,2026-10-30,17.48,16.07,18.77,2026-10-09,Chronos
647656,2026-10-31,17.46,15.99,18.78,2026-10-09,Chronos
647656,2026-11-01,17.52,16.06,18.89,2026-10-09,Chronos
647656,2026-11-02,17.56,15.99,18.97,2026-10-09,Chronos
647656,2026-11-03,17.63,15.91,19.04,2026-10-09,Chronos
647656,2026-11-04,17.61,15.86,19.09,2026-10-09,Chronos
647656,2026-11-05,17.61,15.64,19.19,2026-10-09,Chronos
647656,2026-11-06,17.61,15.65,19.26,2026-10-09,Chronos
647656,2026-11-07,17.56,15.59,19.36,2026-10-09,Chronos
647656,2026-11-08,17.62,15.44,19.32,2026-10-09,Chronos
647657,2026-10-10,7.08,6.89,7.2,2026-10-09,Chronos
647657,2026-10-11,7.11,6.85,7.29,2026-10-09,Chronos
647657,2026-10-12,7.1,6.79,7.34,2026-10-09,Chronos
647657,2026-10-13,7.13,6.76,7.42,2026-10-09,Chronos
647657,2026-10-14,7.13,6.73,7.47,2026-10-09,Chronos
647657,2026-10-15,7.13,6.69,7.53,2026-10-09,Chronos
647657,2026-10-16,7.11,6.57,7.55,2026-10-09,Chronos
647657,2026-10-17,7.1,6.5,7.59,2026-10-09,Chronos
647657,2026-10-18,7.08,6.46,7.59,2026-10-09,Chronos
647657,2026-10-19,7.07,6.42,7.63,2026-10-09,Chronos
647657,2026-10-20,7.06,6.37,7.67,2026-10-09,Chronos
647657,2026-10-21,7.05,6.34,7.62,2026-10-09,Chronos
647657,2026-10-22,7.05,6.31,7.63,2026-10-09,Chronos
647657,2026-10-23,7.06,6.34,7.67,2026-10-09,Chronos
647657,2026-10-24,7.08,6.28,7.74,2026-10-09,Chronos
647657,2026-10-25,7.08,6.25,7.72,2026-10-09,Chronos
647657,2026-10-26,7.11,6.15,7.85,2026-10-09,Chronos
647657,2026-10-27,7.13,6.14,7.9,2026-10-09,Chronos
647657,2026-10-28,7.12,6.05,7.93,2026-10-09,Chronos
647657,2026-10-29,7.15,6.03,7.98,2026-10-09,Chronos
647657,2026-10-30,7.17,6.03,8.06,2026-10-09,Chronos
647657,2026-10-31,7.22,6.05,8.11,2026-10-09,Chronos
647657,2026-11-01,7.24,6.01,8.16,2026-10-09,Chronos
647657,2026-11-02,7.29,6.04,8.26,2026-10-09,Chronos
647657,2026-11-03,7.32,6.02,8.3,2026-10-09,Chronos
647657,2026-11-04,7.33,5.97,8.41,2026-10-09,Chronos
647657,2026-11-05,7.31,5.9,8.46,2026-10-09,Chronos
647657,2026-11-06,7.31,5.83,8.48,2026-10-09,Chronos
647657,2026-11-07,7.28,5.78,8.48,2026-10-09,Chronos
647657,2026-11-08,7.26,5.73,8.52,2026-10-09,Chronos
647659,2026-10-10,8.7,8.53,8.83,2026-10-09,Chronos
647659,2026-10-11,8.7,8.52,8.89,2026-10-09,Chronos
647659,2026-10-12,8.71,8.46,8.94,2026-10-09,Chronos
647659,2026-10-13,8.73,8.46,9.0,2026-10-09,Chronos
647659,2026-10-14,8.75,8.42,9.09,2026-10-09,Chronos
647659,2026-10-15,8.76,8.4,9.15,2026-10-09,Chronos
647659,2026-10-16,8.8,8.41,9.22,2026-10-09,Chronos
647659,2026-10-17,8.82,8.37,9.29,2026-10-09,Chronos
647659,2026-10-18,8.84,8.38,9.35,2026-10-09,Chronos
647659,2026-10-19,8.86,8.35,9.43,2026-10-09,Chronos
647659,2026-10-20,8.88,8.34,9.49,2026-10-09,Chronos
647659,2026-10-21,8.9,8.33,9.55,2026-10-09,Chronos
647659,2026-10-22,8.89,8.29,9.62,2026-10-09,Chronos
647659,2026-10-23,8.93,8.26,9.65,2026-10-09,Chronos
647659,2026-10-24,8.96,8.28,9.69,2026-10-09,Chronos
647659,2026-10-25,8.95,8.3,9.77,2026-10-09,Chronos
647659,2026-10-26,9.09,8.41,9.99,2026-10-09,Chronos
647659,2026-10-27,9.07,8.33,10.03,2026-10-09,Chronos
647659,2026-10-28,9.05,8.25,10.07,2026-10-09,Chronos
647659,2026-10-29,9.06,8.25,10.16,2026-10-09,Chronos
647659,2026-10-30,9.08,8.23,10.19,2026-10-09,Chronos
647659,2026-10-31,9.06,8.19,10.25,2026-10-09,Chronos
647659,2026-11-01,9.11,8.2,10.32,2026-10-09,Chronos
647659,2026-11-02,9.12,8.17,10.38,2026-10-09,Chronos
647659,2026-11-03,9.15,8.13,10.46,2026-10-09,Chronos
647659,2026-11-04,9.15,8.1,10.49,2026-10-09,Chronos
647659,2026-11-05,9.16,8.02,10.56,2026-10-09,Chronos
647659,2026-11-06,9.15,8.04,10.62,2026-10-09,Chronos
647659,2026-11-07,9.15,8.0,10.7,2026-10-09,Chronos
647659,2026-11-08,9.18,7.94,10.69,2026-10-09,Chronos
647660,2026-10-10,54.3,53.29,55.33,2026-10-09,Chronos
647660,2026-10-11,54.33,52.86,55.52,2026-10-09,Chronos
647660,2026-10-12,54.32,52.6,55.73,2026-10-09,Chronos
647660,2026-10-13,54.22,52.56,56.03,2026-10-09,Chronos
647660,2026-10-14,54.28,52.03,56.38,2026-10-09,Chronos
647660,2026-10-15,54.14,51.7,56.57,2026-10-09,Chronos
647660,2026-10-16,54.4,51.75,56.98,2026-10-09,Chronos
647660,2026-10-17,54.48,51.41,57.42,2026-10-09,Chronos
647660,2026-10-18,54.68,51.28,57.75,2026-10-09,Chronos
647660,2026-10-19,54.63,51.11,58.11,2026-10-09,Chronos
647660,2026-10-20,54.56,50.77,58.17,2026-10-09,Chronos
647660,2026-10-21,54.52,50.51,58.32,2026-10-09,Chronos
647660,2026-10-22,54.23,50.1,58.58,2026-10-09,Chronos
647660,2026-10-23,54.41,49.72,58.31,2026-10-09,Chronos
647660,2026-10-24,54.6,49.7,58.9,2026-10-09,Chronos
647660,2026-10-25,54.32,49.92,59.19,2026-10-09,Chronos
647660,2026-10-26,55.01,49.83,60.13,2026-10-09,Chronos
647660,2026-10-27,55.09,49.59,60.27,2026-10-09,Chronos
647660,2026-10-28,54.98,48.8,60.38,2026-10-09,Chronos
647660,2026-10-29,54.87,48.6,60.84,2026-10-09,Chronos
647660,2026-10-30,54.97,48.42,60.84,2026-10-09,Chronos
647660,2026-10-31,54.75,48.12,61.09,2026-10-09,Chronos
647660,2026-11-01,54.89,48.06,61.41,2026-10-09,Chronos
647660,2026-11-02,55.04,47.83,61.82,2026-10-09,Chronos
647660,2026-11-03,55.34,47.45,62.36,2026-10-09,Chronos
647660,2026-11-04,55.25,47.31,62.38,2026-10-09,Chronos
647660,2026-11-05,55.15,46.55,62.72,2026-10-09,Chronos
647660,2026-11-06,55.02,46.61,62.71,2026-10-09,Chronos
647660,2026-11-07,54.89,46.47,63.07,2026-10-09,Chronos
647660,2026-11-08,55.07,45.83,62.69,2026-10-09,Chronos
647663,2026-10-10,3953.43,3877.6,4040.69,2026-10-09,Chronos
647663,2026-10-11,3954.63,3863.69,4041.88,2026-10-09,Chronos
647663,2026-10-12,3957.14,3863.11,4045.56,2026-10-09,Chronos
647663,2026-10-13,3960.19,3869.65,4063.92,2026-10-09,Chronos
647663,2026-10-14,3973.26,3857.54,4082.12,2026-10-09,Chronos
647663,2026-10-15,3969.82,3851.35,4091.07,2026-10-09,Chronos
647663,2026-10-16,3985.98,3866.32,4107.95,2026-10-09,Chronos
647663,2026-10-17,3993.69,3859.98,4125.58,2026-10-09,Chronos
647663,2026-10-18,4003.41,3867.21,4138.66,2026-10-09,Chronos
647663,2026-10-19,4004.15,3862.71,4150.26,2026-10-09,Chronos
647663,2026-10-20,4005.8,3856.09,4150.21,2026-10-09,Chronos
647663,2026-10-21,4003.71,3841.14,4153.94,2026-10-09,Chronos
647663,2026-10-22,3990.77,3829.89,4166.23,2026-10-09,Chronos
647663,2026-10-23,4003.99,3833.63,4163.95,2026-10-09,Chronos
647663,2026-10-24,4016.84,3832.2,4193.62,2026-10-09,Chronos
647663,2026-10-25,4009.44,3827.77,4193.46,2026-10-09,Chronos
647663,2026-10-26,4032.83,3806.41,4244.48,2026-10-09,Chronos
647663,2026-10-27,4032.11,3798.39,4237.96,2026-10-09,Chronos
647663,2026-10-28,4030.53,3778.19,4240.9,2026-10-09,Chronos
647663,2026-10-29,4032.07,3800.96,4258.61,2026-10-09,Chronos
647663,2026-10-30,4042.6,3770.7,4283.64,2026-10-09,Chronos
647663,2026-10-31,4038.18,3763.51,4288.57,2026-10-09,Chronos
647663,2026-11-01,4048.66,3768.54,4306.74,2026-10-09,Chronos
647663,2026-11-02,4058.85,3763.17,4329.16,2026-10-09,Chronos
647663,2026-11-03,4075.04,3758.03,4348.71,2026-10-09,Chronos
647663,2026-11-04,4071.64,3754.73,4361.39,2026-10-09,Chronos
647663,2026-11-05,4072.89,3742.57,4357.7,2026-10-09,Chronos
647663,2026-11-06,4061.69,3723.17,4356.8,2026-10-09,Chronos
647663,2026-11-07,4033.45,3695.91,4350.15,2026-10-09,Chronos
647663,2026-11-08,4041.95,3684.07,4344.44,2026-10-09,Chronos
649230,2026-10-10,563.62,556.77,571.79,2026-10-09,Chronos
649230,2026-10-11,563.77,553.58,574.06,2026-10-09,Chronos
649230,2026-10-12,564.89,552.57,575.52,2026-10-09,Chronos
649230,2026-10-13,563.44,552.26,577.0,2026-10-09,Chronos
649230,2026-10-14,564.7,549.93,580.31,2026-10-09,Chronos
649230,2026-10-15,564.16,548.48,582.51,2026-10-09,Chronos
649230,2026-10-16,566.38,549.85,584.84,2026-10-09,Chronos
649230,2026-10-17,567.84,548.53,588.0,2026-10-09,Chronos
649230,2026-10-18,569.21,548.36,588.79,2026-10-09,Chronos
649230,2026-10-19,567.97,547.03,591.8,2026-10-09,Chronos
649230,2026-10-20,566.87,544.3,591.08,2026-10-09,Chronos
649230,2026-10-21,565.31,540.89,589.93,2026-10-09,Chronos
649230,2026-10-22,561.25,536.66,589.3,2026-10-09,Chronos
649230,2026-10-23,561.17,533.97,586.28,2026-10-09,Chronos
649230,2026-10-24,561.33,531.71,589.69,2026-10-09,Chronos
649230,2026-10-25,557.98,530.56,590.15,2026-10-09,Chronos
649230,2026-10-26,558.95,531.16,587.38,2026-10-09,Chronos
649230,2026-10-27,557.25,528.68,586.81,2026-10-09,Chronos
649230,2026-10-28,555.71,521.84,585.76,2026-10-09,Chronos
649230,2026-10-29,553.31,522.7,586.72,2026-10-09,Chronos
649230,2026-10-30,553.21,518.15,588.51,2026-10-09,Chronos
649230,2026-10-31,551.75,515.94,589.31,2026-10-09,Chronos
649230,2026-11-01,552.91,515.44,590.87,2026-10-09,Chronos
649230,2026-11-02,553.47,513.47,592.85,2026-10-09,Chronos
649230,2026-11-03,555.17,512.85,594.69,2026-10-09,Chronos
649230,2026-11-04,554.27,511.46,596.03,2026-10-09,Chronos
649230,2026-11-05,553.57,508.28,597.49,2026-10-09,Chronos
649230,2026-11-06,552.79,507.24,596.32,2026-10-09,Chronos
649230,2026-11-07,551.09,505.05,598.34,2026-10-09,Chronos
649230,2026-11-08,551.71,502.54,596.43,2026-10-09,Chronos
649231,2026-10-10,236.44,234.27,238.8,2026-10-09,Chronos
649231,2026-10-11,235.54,232.15,238.46,2026-10-09,Chronos
649231,2026-10-12,234.83,230.45,238.43,2026-10-09,Chronos
649231,2026-10-13,234.02,229.34,238.37,2026-10-09,Chronos
649231,2026-10-14,233.62,228.13,238.89,2026-10-09,Chronos
649231,2026-10-15,233.22,226.87,239.15,2026-10-09,Chronos
649231,2026-10-16,232.92,226.24,239.4,2026-10-09,Chronos
649231,2026-10-17,232.57,224.89,239.74,2026-10-09,Chronos
649231,2026-10-18,232.2,224.0,239.78,2026-10-09,Chronos
649231,2026-10-19,231.59,222.99,240.46,2026-10-09,Chronos
649231,2026-10-20,231.07,221.82,239.68,2026-10-09,Chronos
649231,2026-10-21,230.47,220.92,239.7,2026-10-09,Chronos
649231,2026-10-22,229.77,219.69,240.12,2026-10-09,Chronos
649231,2026-10-23,229.53,218.32,239.95,2026-10-09,Chronos
649231,2026-10-24,229.04,217.77,240.75,2026-10-09,Chronos
649231,2026-10-25,228.28,216.81,240.53,2026-10-09,Chronos
649231,2026-10-26,229.52,217.5,240.67,2026-10-09,Chronos
649231,2026-10-27,228.6,215.4,240.55,2026-10-09,Chronos
649231,2026-10-28,227.77,213.62,240.51,2026-10-09,Chronos
649231,2026-10-29,227.37,212.82,240.7,2026-10-09,Chronos
649231,2026-10-30,226.66,211.92,241.43,2026-10-09,Chronos
649231,2026-10-31,226.19,210.46,241.02,2026-10-09,Chronos
649231,2026-11-01,225.72,209.66,241.24,2026-10-09,Chronos
649231,2026-11-02,225.32,208.37,241.45,2026-10-09,Chronos
649231,2026-11-03,224.74,206.31,241.8,2026-10-09,Chronos
649231,2026-11-04,224.34,205.45,242.26,2026-10-09,Chronos
649231,2026-11-05,223.82,203.14,242.04,2026-10-09,Chronos
649231,2026-11-06,223.28,203.17,242.06,2026-10-09,Chronos
649231,2026-11-07,222.3,201.02,242.34,2026-10-09,Chronos
649231,2026-11-08,221.5,198.78,242.59,2026-10-09,Chronos
649236,2026-10-10,188.73,186.75,189.93,2026-10-09,Chronos
649236,2026-10-11,188.69,186.36,190.46,2026-10-09,Chronos
649236,2026-10-12,188.48,185.6,190.85,2026-10-09,Chronos
649236,2026-10-13,188.54,185.31,191.08,2026-10-09,Chronos
649236,2026-10-14,188.39,184.74,191.87,2026-10-09,Chronos
649236,2026-10-15,188.6,184.37,192.21,2026-10-09,Chronos
649236,2026-10-16,188.58,184.17,192.58,2026-10-09,Chronos
649236,2026-10-17,188.5,183.78,192.78,2026-10-09,Chronos
649236,2026-10-18,188.37,183.13,193.13,2026-10-09,Chronos
649236,2026-10-19,188.48,182.84,193.42,2026-10-09,Chronos
649236,2026-10-20,188.29,182.05,194.0,2026-10-09,Chronos
649236,2026-10-21,188.46,182.18,194.38,2026-10-09,Chronos
649236,2026-10-22,188.27,181.49,194.97,2026-10-09,Chronos
649236,2026-10-23,188.38,180.63,195.6,2026-10-09,Chronos
649236,2026-10-24,188.46,179.95,195.68,2026-10-09,Chronos
649236,2026-10-25,188.3,179.74,195.96,2026-10-09,Chronos
649236,2026-10-26,188.82,177.82,196.37,2026-10-09,Chronos
649236,2026-10-27,188.87,176.93,197.07,2026-10-09,Chronos
649236,2026-10-28,188.85,176.55,197.78,2026-10-09,Chronos
649236,2026-10-29,189.18,175.86,198.61,2026-10-09,Chronos
649236,2026-10-30,189.03,175.12,199.74,2026-10-09,Chronos
649236,2026-10-31,189.71,175.17,200.37,2026-10-09,Chronos
649236,2026-11-01,189.98,174.96,201.12,2026-10-09,Chronos
649236,2026-11-02,190.07,173.88,201.5,2026-10-09,Chronos
649236,2026-11-03,190.34,174.25,202.35,2026-10-09,Chronos
649236,2026-11-04,190.98,174.6,202.66,2026-10-09,Chronos
649236,2026-11-05,191.43,173.7,204.07,2026-10-09,Chronos
649236,2026-11-06,191.99,173.23,205.7,2026-10-09,Chronos
649236,2026-11-07,192.2,172.67,206.75,2026-10-09,Chronos
649236,2026-11-08,192.67,173.0,206.9,2026-10-09,Chronos
650141,2026-10-10,9.99,9.82,10.14,2026-10-09,Chronos
650141,2026-10-11,10.02,9.79,10.21,2026-10-09,Chronos
650141,2026-10-12,10.05,9.76,10.28,2026-10-09,Chronos
650141,2026-10-13,10.06,9.78,10.33,2026-10-09,Chronos
650141,2026-10-14,10.08,9.71,10.42,2026-10-09,Chronos
650141,2026-10-15,10.08,9.67,10.48,2026-10-09,Chronos
650141,2026-10-16,10.13,9.7,10.55,2026-10-09,Chronos
650141,2026-10-17,10.17,9.65,10.66,2026-10-09,Chronos
650141,2026-10-18,10.22,9.67,10.71,2026-10-09,Chronos
650141,2026-10-19,10.23,9.65,10.81,2026-10-09,Chronos
650141,2026-10-20,10.25,9.63,10.83,2026-10-09,Chronos
650141,2026-10-21,10.27,9.61,10.89,2026-10-09,Chronos
650141,2026-10-22,10.24,9.56,10.95,2026-10-09,Chronos
650141,2026-10-23,10.29,9.53,10.94,2026-10-09,Chronos
650141,2026-10-24,10.33,9.53,11.07,2026-10-09,Chronos
650141,2026-10-25,10.32,9.58,11.14,2026-10-09,Chronos
650141,2026-10-26,10.49,9.57,11.42,2026-10-09,Chronos
650141,2026-10-27,10.49,9.53,11.45,2026-10-09,Chronos
650141,2026-10-28,10.48,9.41,11.5,2026-10-09,Chronos
650141,2026-10-29,10.49,9.41,11.57,2026-10-09,Chronos
650141,2026-10-30,10.51,9.38,11.64,2026-10-09,Chronos
650141,2026-10-31,10.48,9.3,11.65,2026-10-09,Chronos
650141,2026-11-01,10.52,9.33,11.74,2026-10-09,Chronos
650141,2026-11-02,10.57,9.3,11.85,2026-10-09,Chronos
650141,2026-11-03,10.61,9.24,11.92,2026-10-09,Chronos
650141,2026-11-04,10.61,9.22,11.96,2026-10-09,Chronos
650141,2026-11-05,10.63,9.13,12.04,2026-10-09,Chronos
650141,2026-11-06,10.61,9.15,12.07,2026-10-09,Chronos
650141,2026-11-07,10.58,9.11,12.12,2026-10-09,Chronos
650141,2026-11-08,10.62,9.0,12.07,2026-10-09,Chronos
650142,2026-10-10,31.58,31.26,31.69,2026-10-09,Chronos
650142,2026-10-11,31.54,31.06,31.8,2026-10-09,Chronos
650142,2026-10-12,31.47,30.85,31.93,2026-10-09,Chronos
650142,2026-10-13,31.45,30.74,32.0,2026-10-09,Chronos
650142,2026-10-14,31.41,30.53,32.19,2026-10-09,Chronos
650142,2026-10-15,31.41,30.35,32.29,2026-10-09,Chronos
650142,2026-10-16,31.42,30.3,32.41,2026-10-09,Chronos
650142,2026-10-17,31.36,30.11,32.5,2026-10-09,Chronos
650142,2026-10-18,31.34,29.89,32.6,2026-10-09,Chronos
650142,2026-10-19,31.31,29.77,32.73,2026-10-09,Chronos
650142,2026-10-20,31.28,29.52,32.9,2026-10-09,Chronos
650142,2026-10-21,31.27,29.53,33.01,2026-10-09,Chronos
650142,2026-10-22,31.2,29.32,33.16,2026-10-09,Chronos
650142,2026-10-23,31.21,29.07,33.27,2026-10-09,Chronos
650142,2026-10-24,31.19,28.87,33.35,2026-10-09,Chronos
650142,2026-10-25,31.1,28.68,33.4,2026-10-09,Chronos
650142,2026-10-26,31.0,28.28,33.53,2026-10-09,Chronos
650142,2026-10-27,30.92,28.05,33.64,2026-10-09,Chronos
650142,2026-10-28,30.9,27.92,33.8,2026-10-09,Chronos
650142,2026-10-29,30.9,27.65,34.04,2026-10-09,Chronos
650142,2026-10-30,30.78,27.31,34.24,2026-10-09,Chronos
650142,2026-10-31,30.78,27.23,34.29,2026-10-09,Chronos
650142,2026-11-01,30.79,27.08,34.43,2026-10-09,Chronos
650142,2026-11-02,30.69,26.83,34.51,2026-10-09,Chronos
650142,2026-11-03,30.7,26.75,34.72,2026-10-09,Chronos
650142,2026-11-04,30.65,26.59,34.89,2026-10-09,Chronos
650142,2026-11-05,30.62,26.24,35.3,2026-10-09,Chronos
650142,2026-11-06,30.63,25.99,35.64,2026-10-09,Chronos
650142,2026-11-07,30.56,25.56,35.89,2026-10-09,Chronos
650142,2026-11-08,30.49,25.7,36.03,2026-10-09,Chronos
650143,2026-10-10,22.94,22.63,23.11,2026-10-09,Chronos
650143,2026-10-11,22.9,22.45,23.18,2026-10-09,Chronos
650143,2026-10-12,22.85,22.31,23.27,2026-10-09,Chronos
650143,2026-10-13,22.81,22.23,23.35,2026-10-09,Chronos
650143,2026-10-14,22.8,22.02,23.51,2026-10-09,Chronos
650143,2026-10-15,22.81,21.91,23.63,2026-10-09,Chronos
650143,2026-10-16,22.87,21.91,23.77,2026-10-09,Chronos
650143,2026-10-17,22.86,21.76,23.89,2026-10-09,Chronos
650143,2026-10-18,22.89,21.63,24.01,2026-10-09,Chronos
650143,2026-10-19,22.85,21.53,24.17,2026-10-09,Chronos
650143,2026-10-20,22.83,21.36,24.29,2026-10-09,Chronos
650143,2026-10-21,22.84,21.32,24.47,2026-10-09,Chronos
650143,2026-10-22,22.76,21.17,24.65,2026-10-09,Chronos
650143,2026-10-23,22.8,20.99,24.66,2026-10-09,Chronos
650143,2026-10-24,22.85,20.89,24.76,2026-10-09,Chronos
650143,2026-10-25,22.75,20.81,24.9,2026-10-09,Chronos
650143,2026-10-26,22.95,20.9,25.03,2026-10-09,Chronos
650143,2026-10-27,22.87,20.66,25.05,2026-10-09,Chronos
650143,2026-10-28,22.84,20.43,25.21,2026-10-09,Chronos
650143,2026-10-29,22.84,20.27,25.5,2026-10-09,Chronos
650143,2026-10-30,22.85,20.18,25.67,2026-10-09,Chronos
650143,2026-10-31,22.81,20.1,25.75,2026-10-09,Chronos
650143,2026-11-01,22.85,19.92,25.98,2026-10-09,Chronos
650143,2026-11-02,22.89,19.83,26.11,2026-10-09,Chronos
650143,2026-11-03,22.93,19.63,26.38,2026-10-09,Chronos
650143,2026-11-04,22.88,19.6,26.42,2026-10-09,Chronos
650143,2026-11-05,22.88,19.15,26.68,2026-10-09,Chronos
650143,2026-11-06,22.86,18.97,27.05,2026-10-09,Chronos
650143,2026-11-07,22.8,18.73,27.28,2026-10-09,Chronos
650143,2026-11-08,22.79,18.61,27.15,2026-10-09,Chronos
650145,2026-10-10,8.53,8.32,8.64,2026-10-09,Chronos
650145,2026-10-11,8.52,8.27,8.69,2026-10-09,Chronos
650145,2026-10-12,8.49,8.14,8.75,2026-10-09,Chronos
650145,2026-10-13,8.49,8.13,8.82,2026-10-09,Chronos
650145,2026-10-14,8.5,8.04,8.91,2026-10-09,Chronos
650145,2026-10-15,8.5,7.98,8.95,2026-10-09,Chronos
650145,2026-10-16,8.51,7.95,9.02,2026-10-09,Chronos
650145,2026-10-17,8.51,7.9,9.07,2026-10-09,Chronos
650145,2026-10-18,8.52,7.82,9.14,2026-10-09,Chronos
650145,2026-10-19,8.52,7.79,9.17,2026-10-09,Chronos
650145,2026-10-20,8.52,7.69,9.24,2026-10-09,Chronos
650145,2026-10-21,8.52,7.71,9.25,2026-10-09,Chronos
650145,2026-10-22,8.51,7.67,9.31,2026-10-09,Chronos
650145,2026-10-23,8.52,7.59,9.31,2026-10-09,Chronos
650145,2026-10-24,8.53,7.52,9.36,2026-10-09,Chronos
650145,2026-10-25,8.49,7.45,9.41,2026-10-09,Chronos
650145,2026-10-26,8.54,7.46,9.49,2026-10-09,Chronos
650145,2026-10-27,8.49,7.36,9.5,2026-10-09,Chronos
650145,2026-10-28,8.47,7.3,9.55,2026-10-09,Chronos
650145,2026-10-29,8.47,7.22,9.66,2026-10-09,Chronos
650145,2026-10-30,8.47,7.13,9.67,2026-10-09,Chronos
650145,2026-10-31,8.44,7.1,9.69,2026-10-09,Chronos
650145,2026-11-01,8.44,7.03,9.74,2026-10-09,Chronos
650145,2026-11-02,8.42,6.94,9.77,2026-10-09,Chronos
650145,2026-11-03,8.43,6.9,9.82,2026-10-09,Chronos
650145,2026-11-04,8.42,6.87,9.82,2026-10-09,Chronos
650145,2026-11-05,8.41,6.76,9.9,2026-10-09,Chronos
650145,2026-11-06,8.4,6.69,9.93,2026-10-09,Chronos
650145,2026-11-07,8.37,6.56,9.95,2026-10-09,Chronos
650145,2026-11-08,8.35,6.61,9.91,2026-10-09,Chronos
650147,2026-10-10,12.53,12.43,12.62,2026-10-09,Chronos
650147,2026-10-11,12.52,12.3,12.66,2026-10-09,Chronos
650147,2026-10-12,12.5,12.22,12.71,2026-10-09,Chronos
650147,2026-10-13,12.47,12.2,12.75,2026-10-09,Chronos
650147,2026-10-14,12.46,12.1,12.81,2026-10-09,Chronos
650147,2026-10-15,12.47,12.05,12.84,2026-10-09,Chronos
650147,2026-10-16,12.48,12.04,12.89,2026-10-09,Chronos
650147,2026-10-17,12.46,11.98,12.91,2026-10-09,Chronos
650147,2026-10-18,12.47,11.91,12.95,2026-10-09,Chronos
650147,2026-10-19,12.47,11.91,12.98,2026-10-09,Chronos
650147,2026-10-20,12.46,11.81,13.03,2026-10-09,Chronos
650147,2026-10-21,12.45,11.81,13.06,2026-10-09,Chronos
650147,2026-10-22,12.4,11.72,13.07,2026-10-09,Chronos
650147,2026-10-23,12.41,11.64,13.06,2026-10-09,Chronos
650147,2026-10-24,12.42,11.62,13.08,2026-10-09,Chronos
650147,2026-10-25,12.38,11.63,13.1,2026-10-09,Chronos
650147,2026-10-26,12.43,11.66,13.12,2026-10-09,Chronos
650147,2026-10-27,12.41,11.63,13.12,2026-10-09,Chronos
650147,2026-10-28,12.39,11.54,13.14,2026-10-09,Chronos
650147,2026-10-29,12.36,11.47,13.17,2026-10-09,Chronos
650147,2026-10-30,12.36,11.48,13.2,2026-10-09,Chronos
650147,2026-10-31,12.35,11.44,13.2,2026-10-09,Chronos
650147,2026-11-01,12.37,11.47,13.24,2026-10-09,Chronos
650147,2026-11-02,12.35,11.39,13.24,2026-10-09,Chronos
650147,2026-11-03,12.36,11.3,13.3,2026-10-09,Chronos
650147,2026-11-04,12.36,11.28,13.29,2026-10-09,Chronos
650147,2026-11-05,12.34,11.16,13.32,2026-10-09,Chronos
650147,2026-11-06,12.33,11.18,13.35,2026-10-09,Chronos
650147,2026-11-07,12.3,11.12,13.39,2026-10-09,Chronos
650147,2026-11-08,12.29,11.02,13.34,2026-10-09,Chronos
650149,2026-10-10,9.94,9.83,10.02,2026-10-09,Chronos
650149,2026-10-11,9.9,9.7,10.09,2026-10-09,Chronos
650149,2026-10-12,9.85,9.55,10.14,2026-10-09,Chronos
650149,2026-10-13,9.83,9.48,10.19,2026-10-09,Chronos
650149,2026-10-14,9.81,9.39,10.28,2026-10-09,Chronos
650149,2026-10-15,9.8,9.31,10.32,2026-10-09,Chronos
650149,2026-10-16,9.78,9.24,10.35,2026-10-09,Chronos
650149,2026-10-17,9.75,9.17,10.39,2026-10-09,Chronos
650149,2026-10-18,9.74,9.07,10.46,2026-10-09,Chronos
650149,2026-10-19,9.73,9.02,10.51,2026-10-09,Chronos
650149,2026-10-20,9.71,8.92,10.61,2026-10-09,Chronos
650149,2026-10-21,9.7,8.94,10.68,2026-10-09,Chronos
650149,2026-10-22,9.65,8.83,10.74,2026-10-09,Chronos
650149,2026-10-23,9.65,8.74,10.77,2026-10-09,Chronos
650149,2026-10-24,9.61,8.65,10.75,2026-10-09,Chronos
650149,2026-10-25,9.59,8.59,10.77,2026-10-09,Chronos
650149,2026-10-26,9.68,8.5,11.03,2026-10-09,Chronos
650149,2026-10-27,9.65,8.39,11.08,2026-10-09,Chronos
650149,2026-10-28,9.64,8.33,11.09,2026-10-09,Chronos
650149,2026-10-29,9.61,8.27,11.21,2026-10-09,Chronos
650149,2026-10-30,9.59,8.17,11.23,2026-10-09,Chronos
650149,2026-10-31,9.61,8.16,11.3,2026-10-09,Chronos
650149,2026-11-01,9.58,8.08,11.33,2026-10-09,Chronos
650149,2026-11-02,9.57,8.02,11.36,2026-10-09,Chronos
650149,2026-11-03,9.57,7.98,11.44,2026-10-09,Chronos
650149,2026-11-04,9.58,7.94,11.47,2026-10-09,Chronos
650149,2026-11-05,9.57,7.87,11.56,2026-10-09,Chronos
650149,2026-11-06,9.58,7.86,11.65,2026-10-09,Chronos
650149,2026-11-07,9.56,7.77,11.69,2026-10-09,Chronos
650149,2026-11-08,9.52,7.82,11.65,2026-10-09,Chronos
650150,2026-10-10,10.19,10.09,10.25,2026-10-09,Chronos
650150,2026-10-11,10.19,10.02,10.31,2026-10-09,Chronos
650150,2026-10-12,10.18,9.93,10.38,2026-10-09,Chronos
650150,2026-10-13,10.19,9.9,10.43,2026-10-09,Chronos
650150,2026-10-14,10.19,9.84,10.51,2026-10-09,Chronos
650150,2026-10-15,10.2,9.8,10.57,2026-10-09,Chronos
650150,2026-10-16,10.22,9.79,10.63,2026-10-09,Chronos
650150,2026-10-17,10.21,9.73,10.66,2026-10-09,Chronos
650150,2026-10-18,10.23,9.7,10.73,2026-10-09,Chronos
650150,2026-10-19,10.24,9.68,10.78,2026-10-09,Chronos
650150,2026-10-20,10.25,9.61,10.86,2026-10-09,Chronos
650150,2026-10-21,10.26,9.58,10.94,2026-10-09,Chronos
650150,2026-10-22,10.25,9.55,11.01,2026-10-09,Chronos
650150,2026-10-23,10.27,9.49,11.04,2026-10-09,Chronos
650150,2026-10-24,10.29,9.45,11.06,2026-10-09,Chronos
650150,2026-10-25,10.26,9.4,11.08,2026-10-09,Chronos
650150,2026-10-26,10.4,9.56,11.26,2026-10-09,Chronos
650150,2026-10-27,10.38,9.51,11.3,2026-10-09,Chronos
650150,2026-10-28,10.38,9.48,11.35,2026-10-09,Chronos
650150,2026-10-29,10.39,9.46,11.45,2026-10-09,Chronos
650150,2026-10-30,10.39,9.42,11.45,2026-10-09,Chronos
650150,2026-10-31,10.39,9.4,11.52,2026-10-09,Chronos
650150,2026-11-01,10.42,9.4,11.57,2026-10-09,Chronos
650150,2026-11-02,10.42,9.35,11.6,2026-10-09,Chronos
650150,2026-11-03,10.45,9.35,11.66,2026-10-09,Chronos
650150,2026-11-04,10.45,9.34,11.68,2026-10-09,Chronos
650150,2026-11-05,10.46,9.27,11.76,2026-10-09,Chronos
650150,2026-11-06,10.45,9.25,11.83,2026-10-09,Chronos
650150,2026-11-07,10.44,9.19,11.88,2026-10-09,Chronos
650150,2026-11-08,10.46,9.19,11.86,2026-10-09,Chronos
650151,2026-10-10,11.93,11.78,12.01,2026-10-09,Chronos
650151,2026-10-11,11.91,11.69,12.04,2026-10-09,Chronos
650151,2026-10-12,11.89,11.63,12.08,2026-10-09,Chronos
650151,2026-10-13,11.88,11.62,12.11,2026-10-09,Chronos
650151,2026-10-14,11.88,11.53,12.18,2026-10-09,Chronos
650151,2026-10-15,11.88,11.48,12.22,2026-10-09,Chronos
650151,2026-10-16,11.91,11.49,12.27,2026-10-09,Chronos
650151,2026-10-17,11.91,11.44,12.3,2026-10-09,Chronos
650151,2026-10-18,11.92,11.39,12.34,2026-10-09,Chronos
650151,2026-10-19,11.91,11.36,12.39,2026-10-09,Chronos
650151,2026-10-20,11.91,11.29,12.45,2026-10-09,Chronos
650151,2026-10-21,11.92,11.29,12.5,2026-10-09,Chronos
650151,2026-10-22,11.89,11.23,12.55,2026-10-09,Chronos
650151,2026-10-23,11.91,11.16,12.56,2026-10-09,Chronos
650151,2026-10-24,11.94,11.14,12.6,2026-10-09,Chronos
650151,2026-10-25,11.9,11.14,12.64,2026-10-09,Chronos
650151,2026-10-26,11.98,11.01,12.77,2026-10-09,Chronos
650151,2026-10-27,11.95,11.0,12.78,2026-10-09,Chronos
650151,2026-10-28,11.93,10.92,12.81,2026-10-09,Chronos
650151,2026-10-29,11.92,10.81,12.88,2026-10-09,Chronos
650151,2026-10-30,11.92,10.76,12.93,2026-10-09,Chronos
650151,2026-10-31,11.91,10.76,12.95,2026-10-09,Chronos
650151,2026-11-01,11.94,10.71,13.04,2026-10-09,Chronos
650151,2026-11-02,11.95,10.64,13.08,2026-10-09,Chronos
650151,2026-11-03,11.98,10.57,13.19,2026-10-09,Chronos
650151,2026-11-04,11.96,10.63,13.19,2026-10-09,Chronos
650151,2026-11-05,11.97,10.43,13.26,2026-10-09,Chronos
650151,2026-11-06,11.96,10.38,13.35,2026-10-09,Chronos
650151,2026-11-07,11.95,10.26,13.45,2026-10-09,Chronos
650151,2026-11-08,11.96,10.23,13.4,2026-10-09,Chronos
650152,2026-10-10,13.03,12.87,13.14,2026-10-09,Chronos
650152,2026-10-11,13.03,12.84,13.18,2026-10-09,Chronos
650152,2026-10-12,13.02,12.77,13.22,2026-10-09,Chronos
650152,2026-10-13,13.01,12.75,13.25,2026-10-09,Chronos
650152,2026-10-14,13.01,12.69,13.31,2026-10-09,Chronos
650152,2026-10-15,13.02,12.65,13.34,2026-10-09,Chronos
650152,2026-10-16,13.03,12.65,13.39,2026-10-09,Chronos
650152,2026-10-17,13.03,12.6,13.41,2026-10-09,Chronos
650152,2026-10-18,13.03,12.55,13.45,2026-10-09,Chronos
650152,2026-10-19,13.02,12.52,13.48,2026-10-09,Chronos
650152,2026-10-20,13.02,12.46,13.51,2026-10-09,Chronos
650152,2026-10-21,13.03,12.46,13.53,2026-10-09,Chronos
650152,2026-10-22,13.0,12.41,13.55,2026-10-09,Chronos
650152,2026-10-23,13.02,12.35,13.56,2026-10-09,Chronos
650152,2026-10-24,13.02,12.31,13.61,2026-10-09,Chronos
650152,2026-10-25,12.99,12.26,13.65,2026-10-09,Chronos
650152,2026-10-26,13.07,12.16,13.77,2026-10-09,Chronos
650152,2026-10-27,13.04,12.1,13.79,2026-10-09,Chronos
650152,2026-10-28,13.02,12.05,13.83,2026-10-09,Chronos
650152,2026-10-29,13.01,11.96,13.89,2026-10-09,Chronos
650152,2026-10-30,13.02,11.9,13.92,2026-10-09,Chronos
650152,2026-10-31,13.0,11.89,13.94,2026-10-09,Chronos
650152,2026-11-01,13.01,11.83,13.98,2026-10-09,Chronos
650152,2026-11-02,13.0,11.78,13.99,2026-10-09,Chronos
650152,2026-11-03,13.01,11.72,14.04,2026-10-09,Chronos
650152,2026-11-04,12.99,11.71,14.04,2026-10-09,Chronos
650152,2026-11-05,12.99,11.58,14.11,2026-10-09,Chronos
650152,2026-11-06,12.98,11.51,14.15,2026-10-09,Chronos
650152,2026-11-07,12.95,11.38,14.18,2026-10-09,Chronos
650152,2026-11-08,12.94,11.38,14.15,2026-10-09,Chronos
650153,2026-10-10,20.14,19.8,20.54,2026-10-09,Chronos
650153,2026-10-11,20.13,19.63,20.55,2026-10-09,Chronos
650153,2026-10-12,20.09,19.53,20.56,2026-10-09,Chronos
650153,2026-10-13,20.02,19.5,20.6,2026-10-09,Chronos
650153,2026-10-14,20.01,19.27,20.65,2026-10-09,Chronos
650153,2026-10-15,19.95,19.2,20.69,2026-10-09,Chronos
650153,2026-10-16,20.0,19.18,20.77,2026-10-09,Chronos
650153,2026-10-17,20.02,19.09,20.89,2026-10-09,Chronos
650153,2026-10-18,20.07,19.09,20.96,2026-10-09,Chronos
650153,2026-10-19,20.01,18.95,21.0,2026-10-09,Chronos
650153,2026-10-20,20.0,18.9,21.04,2026-10-09,Chronos
650153,2026-10-21,19.97,18.78,21.05,2026-10-09,Chronos
650153,2026-10-22,19.89,18.65,21.12,2026-10-09,Chronos
650153,2026-10-23,19.92,18.59,21.06,2026-10-09,Chronos
650153,2026-10-24,19.98,18.55,21.2,2026-10-09,Chronos
650153,2026-10-25,19.91,18.63,21.31,2026-10-09,Chronos
650153,2026-10-26,20.15,18.77,21.41,2026-10-09,Chronos
650153,2026-10-27,20.12,18.61,21.34,2026-10-09,Chronos
650153,2026-10-28,20.07,18.31,21.41,2026-10-09,Chronos
650153,2026-10-29,20.05,18.22,21.56,2026-10-09,Chronos
650153,2026-10-30,20.05,18.13,21.6,2026-10-09,Chronos
650153,2026-10-31,20.0,17.97,21.67,2026-10-09,Chronos
650153,2026-11-01,19.96,17.91,21.72,2026-10-09,Chronos
650153,2026-11-02,19.99,17.8,21.8,2026-10-09,Chronos
650153,2026-11-03,20.06,17.61,21.92,2026-10-09,Chronos
650153,2026-11-04,19.98,17.54,21.9,2026-10-09,Chronos
650153,2026-11-05,19.96,17.2,22.06,2026-10-09,Chronos
650153,2026-11-06,19.9,17.07,21.98,2026-10-09,Chronos
650153,2026-11-07,19.8,16.77,22.02,2026-10-09,Chronos
650153,2026-11-08,19.77,16.63,21.86,2026-10-09,Chronos
650154,2026-10-10,8.54,8.37,8.66,2026-10-09,Chronos
650154,2026-10-11,8.55,8.35,8.72,2026-10-09,Chronos
650154,2026-10-12,8.56,8.31,8.76,2026-10-09,Chronos
650154,2026-10-13,8.57,8.35,8.81,2026-10-09,Chronos
650154,2026-10-14,8.59,8.27,8.88,2026-10-09,Chronos
650154,2026-10-15,8.61,8.26,8.94,2026-10-09,Chronos
650154,2026-10-16,8.64,8.27,9.0,2026-10-09,Chronos
650154,2026-10-17,8.66,8.22,9.05,2026-10-09,Chronos
650154,2026-10-18,8.7,8.23,9.12,2026-10-09,Chronos
650154,2026-10-19,8.71,8.21,9.19,2026-10-09,Chronos
650154,2026-10-20,8.73,8.17,9.24,2026-10-09,Chronos
650154,2026-10-21,8.73,8.15,9.28,2026-10-09,Chronos
650154,2026-10-22,8.71,8.09,9.36,2026-10-09,Chronos
650154,2026-10-23,8.75,8.04,9.36,2026-10-09,Chronos
650154,2026-10-24,8.78,8.0,9.4,2026-10-09,Chronos
650154,2026-10-25,8.74,8.05,9.47,2026-10-09,Chronos
650154,2026-10-26,8.82,7.79,9.7,2026-10-09,Chronos
650154,2026-10-27,8.8,7.76,9.72,2026-10-09,Chronos
650154,2026-10-28,8.78,7.65,9.77,2026-10-09,Chronos
650154,2026-10-29,8.78,7.57,9.86,2026-10-09,Chronos
650154,2026-10-30,8.81,7.61,9.93,2026-10-09,Chronos
650154,2026-10-31,8.79,7.51,9.97,2026-10-09,Chronos
650154,2026-11-01,8.82,7.46,10.05,2026-10-09,Chronos
650154,2026-11-02,8.81,7.38,10.05,2026-10-09,Chronos
650154,2026-11-03,8.86,7.34,10.12,2026-10-09,Chronos
650154,2026-11-04,8.85,7.37,10.18,2026-10-09,Chronos
650154,2026-11-05,8.86,7.16,10.32,2026-10-09,Chronos
650154,2026-11-06,8.85,7.07,10.41,2026-10-09,Chronos
650154,2026-11-07,8.83,6.95,10.5,2026-10-09,Chronos
650154,2026-11-08,8.84,6.89,10.44,2026-10-09,Chronos
650155,2026-10-10,10.36,10.16,10.5,2026-10-09,Chronos
650155,2026-10-11,10.36,10.02,10.61,2026-10-09,Chronos
650155,2026-10-12,10.34,9.88,10.71,2026-10-09,Chronos
650155,2026-10-13,10.33,9.8,10.83,2026-10-09,Chronos
650155,2026-10-14,10.32,9.62,11.0,2026-10-09,Chronos
650155,2026-10-15,10.29,9.48,11.07,2026-10-09,Chronos
650155,2026-10-16,10.34,9.48,11.2,2026-10-09,Chronos
650155,2026-10-17,10.35,9.38,11.29,2026-10-09,Chronos
650155,2026-10-18,10.39,9.25,11.39,2026-10-09,Chronos
650155,2026-10-19,10.35,9.19,11.46,2026-10-09,Chronos
650155,2026-10-20,10.37,9.01,11.65,2026-10-09,Chronos
650155,2026-10-21,10.35,8.86,11.81,2026-10-09,Chronos
650155,2026-10-22,10.32,8.66,11.97,2026-10-09,Chronos
650155,2026-10-23,10.34,8.49,11.95,2026-10-09,Chronos
650155,2026-10-24,10.36,8.42,11.99,2026-10-09,Chronos
650155,2026-10-25,10.25,8.3,11.96,2026-10-09,Chronos
650155,2026-10-26,10.52,8.78,12.39,2026-10-09,Chronos
650155,2026-10-27,10.48,8.68,12.43,2026-10-09,Chronos
650155,2026-10-28,10.44,8.54,12.5,2026-10-09,Chronos
650155,2026-10-29,10.4,8.47,12.62,2026-10-09,Chronos
650155,2026-10-30,10.41,8.27,12.61,2026-10-09,Chronos
650155,2026-10-31,10.33,8.16,12.76,2026-10-09,Chronos
650155,2026-11-01,10.37,8.1,12.9,2026-10-09,Chronos
650155,2026-11-02,10.37,8.03,12.95,2026-10-09,Chronos
650155,2026-11-03,10.44,8.02,13.0,2026-10-09,Chronos
650155,2026-11-04,10.39,7.9,13.1,2026-10-09,Chronos
650155,2026-11-05,10.44,7.87,13.29,2026-10-09,Chronos
650155,2026-11-06,10.37,7.71,13.37,2026-10-09,Chronos
650155,2026-11-07,10.33,7.61,13.44,2026-10-09,Chronos
650155,2026-11-08,10.36,7.65,13.36,2026-10-09,Chronos
650156,2026-10-10,45.45,44.39,46.33,2026-10-09,Chronos
650156,2026-10-11,45.54,43.75,46.71,2026-10-09,Chronos
650156,2026-10-12,45.53,43.39,47.13,2026-10-09,Chronos
650156,2026-10-13,45.49,43.27,47.56,2026-10-09,Chronos
650156,2026-10-14,45.56,42.48,48.24,2026-10-09,Chronos
650156,2026-10-15,45.52,42.01,48.69,2026-10-09,Chronos
650156,2026-10-16,45.86,42.14,49.33,2026-10-09,Chronos
650156,2026-10-17,45.93,41.68,49.87,2026-10-09,Chronos
650156,2026-10-18,46.23,41.4,50.48,2026-10-09,Chronos
650156,2026-10-19,46.17,41.0,50.87,2026-10-09,Chronos
650156,2026-10-20,46.2,40.5,51.24,2026-10-09,Chronos
650156,2026-10-21,46.17,40.26,51.59,2026-10-09,Chronos
650156,2026-10-22,45.95,39.65,52.14,2026-10-09,Chronos
650156,2026-10-23,46.2,38.59,52.26,2026-10-09,Chronos
650156,2026-10-24,46.56,37.83,52.82,2026-10-09,Chronos
650156,2026-10-25,46.01,37.52,53.2,2026-10-09,Chronos
650156,2026-10-26,46.51,36.18,54.01,2026-10-09,Chronos
650156,2026-10-27,46.43,35.77,54.22,2026-10-09,Chronos
650156,2026-10-28,46.34,34.9,54.9,2026-10-09,Chronos
650156,2026-10-29,46.15,33.87,55.4,2026-10-09,Chronos
650156,2026-10-30,46.26,32.72,55.51,2026-10-09,Chronos
650156,2026-10-31,45.93,31.91,56.23,2026-10-09,Chronos
650156,2026-11-01,45.75,31.08,56.42,2026-10-09,Chronos
650156,2026-11-02,45.99,30.67,56.99,2026-10-09,Chronos
650156,2026-11-03,46.21,30.28,57.15,2026-10-09,Chronos
650156,2026-11-04,45.69,29.65,57.47,2026-10-09,Chronos
650156,2026-11-05,45.68,28.32,58.2,2026-10-09,Chronos
650156,2026-11-06,45.54,26.97,58.7,2026-10-09,Chronos
650156,2026-11-07,45.34,25.89,59.14,2026-10-09,Chronos
650156,2026-11-08,45.22,25.85,58.56,2026-10-09,Chronos
650157,2026-10-10,8.78,8.63,8.89,2026-10-09,Chronos
650157,2026-10-11,8.78,8.59,8.93,2026-10-09,Chronos
650157,2026-10-12,8.76,8.51,8.98,2026-10-09,Chronos
650157,2026-10-13,8.75,8.49,9.0,2026-10-09,Chronos
650157,2026-10-14,8.75,8.43,9.07,2026-10-09,Chronos
650157,2026-10-15,8.76,8.4,9.1,2026-10-09,Chronos
650157,2026-10-16,8.77,8.39,9.14,2026-10-09,Chronos
650157,2026-10-17,8.77,8.35,9.17,2026-10-09,Chronos
650157,2026-10-18,8.77,8.33,9.22,2026-10-09,Chronos
650157,2026-10-19,8.78,8.3,9.28,2026-10-09,Chronos
650157,2026-10-20,8.78,8.25,9.33,2026-10-09,Chronos
650157,2026-10-21,8.79,8.25,9.39,2026-10-09,Chronos
650157,2026-10-22,8.78,8.21,9.45,2026-10-09,Chronos
650157,2026-10-23,8.79,8.18,9.47,2026-10-09,Chronos
650157,2026-10-24,8.79,8.14,9.5,2026-10-09,Chronos
650157,2026-10-25,8.78,8.14,9.52,2026-10-09,Chronos
650157,2026-10-26,8.87,8.02,9.74,2026-10-09,Chronos
650157,2026-10-27,8.84,7.96,9.76,2026-10-09,Chronos
650157,2026-10-28,8.83,7.9,9.81,2026-10-09,Chronos
650157,2026-10-29,8.83,7.82,9.88,2026-10-09,Chronos
650157,2026-10-30,8.83,7.81,9.95,2026-10-09,Chronos
650157,2026-10-31,8.83,7.8,9.96,2026-10-09,Chronos
650157,2026-11-01,8.83,7.76,10.01,2026-10-09,Chronos
650157,2026-11-02,8.84,7.72,10.02,2026-10-09,Chronos
650157,2026-11-03,8.84,7.64,10.09,2026-10-09,Chronos
650157,2026-11-04,8.85,7.67,10.15,2026-10-09,Chronos
650157,2026-11-05,8.85,7.53,10.23,2026-10-09,Chronos
650157,2026-11-06,8.84,7.5,10.32,2026-10-09,Chronos
650157,2026-11-07,8.82,7.4,10.37,2026-10-09,Chronos
650157,2026-11-08,8.83,7.39,10.34,2026-10-09,Chronos
651106,2026-10-10,3129.44,3023.0,3239.52,2026-10-09,Chronos
651106,2026-10-11,3137.16,3013.92,3259.04,2026-10-09,Chronos
651106,2026-10-12,3147.7,3005.14,3281.28,2026-10-09,Chronos
651106,2026-10-13,3168.61,3021.17,3317.32,2026-10-09,Chronos
651106,2026-10-14,3185.89,3009.87,3351.59,2026-10-09,Chronos
651106,2026-10-15,3184.08,2995.3,3372.87,2026-10-09,Chronos
651106,2026-10-16,3210.22,3014.42,3404.88,2026-10-09,Chronos
651106,2026-10-17,3231.86,3017.35,3448.93,2026-10-09,Chronos
651106,2026-10-18,3251.23,3019.43,3482.8,2026-10-09,Chronos
651106,2026-10-19,3256.81,3017.84,3506.54,2026-10-09,Chronos
651106,2026-10-20,3273.97,3020.42,3523.83,2026-10-09,Chronos
651106,2026-10-21,3282.33,3013.73,3549.19,2026-10-09,Chronos
651106,2026-10-22,3270.55,2993.43,3570.34,2026-10-09,Chronos
651106,2026-10-23,3296.62,2987.7,3580.53,2026-10-09,Chronos
651106,2026-10-24,3312.11,2999.24,3633.18,2026-10-09,Chronos
651106,2026-10-25,3330.33,3028.25,3671.35,2026-10-09,Chronos
651106,2026-10-26,3434.95,3108.03,3771.43,2026-10-09,Chronos
651106,2026-10-27,3472.04,3122.72,3819.09,2026-10-09,Chronos
651106,2026-10-28,3521.2,3130.56,3890.9,2026-10-09,Chronos
651106,2026-10-29,3550.33,3156.75,3945.53,2026-10-09,Chronos
651106,2026-10-30,3575.13,3156.15,3988.74,2026-10-09,Chronos
651106,2026-10-31,3566.67,3140.43,3985.89,2026-10-09,Chronos
651106,2026-11-01,3594.53,3166.99,4030.51,2026-10-09,Chronos
651106,2026-11-02,3616.75,3167.23,4075.17,2026-10-09,Chronos
651106,2026-11-03,3639.05,3156.19,4126.16,2026-10-09,Chronos
651106,2026-11-04,3645.4,3151.63,4136.64,2026-10-09,Chronos
651106,2026-11-05,3668.7,3145.24,4168.07,2026-10-09,Chronos
651106,2026-11-06,3669.08,3141.52,4191.99,2026-10-09,Chronos
651106,2026-11-07,3652.51,3124.47,4205.1,2026-10-09,Chronos
651106,2026-11-08,3690.19,3104.98,4214.78,2026-10-09,Chronos
651107,2026-10-10,1404.94,1389.19,1424.18,2026-10-09,Chronos
651107,2026-10-11,1405.93,1382.84,1427.74,2026-10-09,Chronos
651107,2026-10-12,1407.83,1384.48,1429.96,2026-10-09,Chronos
651107,2026-10-13,1405.54,1385.16,1435.63,2026-10-09,Chronos
651107,2026-10-14,1407.81,1378.47,1440.34,2026-10-09,Chronos
651107,2026-10-15,1406.76,1377.58,1444.66,2026-10-09,Chronos
651107,2026-10-16,1411.95,1380.38,1449.95,2026-10-09,Chronos
651107,2026-10-17,1414.41,1376.85,1455.45,2026-10-09,Chronos
651107,2026-10-18,1418.92,1379.33,1459.58,2026-10-09,Chronos
651107,2026-10-19,1418.82,1379.0,1469.87,2026-10-09,Chronos
651107,2026-10-20,1419.6,1375.25,1470.07,2026-10-09,Chronos
651107,2026-10-21,1420.02,1372.64,1473.37,2026-10-09,Chronos
651107,2026-10-22,1414.79,1368.35,1479.77,2026-10-09,Chronos
651107,2026-10-23,1419.67,1369.58,1472.45,2026-10-09,Chronos
651107,2026-10-24,1425.36,1368.9,1486.27,2026-10-09,Chronos
651107,2026-10-25,1420.65,1366.72,1492.05,2026-10-09,Chronos
651107,2026-10-26,1430.25,1366.36,1499.71,2026-10-09,Chronos
651107,2026-10-27,1430.83,1362.12,1501.83,2026-10-09,Chronos
651107,2026-10-28,1430.51,1356.41,1501.35,2026-10-09,Chronos
651107,2026-10-29,1427.25,1363.27,1509.25,2026-10-09,Chronos
651107,2026-10-30,1428.32,1350.35,1516.5,2026-10-09,Chronos
651107,2026-10-31,1426.7,1348.56,1515.76,2026-10-09,Chronos
651107,2026-11-01,1431.72,1350.51,1522.16,2026-10-09,Chronos
651107,2026-11-02,1433.81,1346.23,1526.39,2026-10-09,Chronos
651107,2026-11-03,1440.1,1347.47,1531.73,2026-10-09,Chronos
651107,2026-11-04,1440.13,1347.17,1541.42,2026-10-09,Chronos
651107,2026-11-05,1440.36,1343.3,1546.53,2026-10-09,Chronos
651107,2026-11-06,1440.18,1341.77,1553.37,2026-10-09,Chronos
651107,2026-11-07,1433.31,1335.0,1561.07,2026-10-09,Chronos
651107,2026-11-08,1439.0,1331.54,1555.95,2026-10-09,Chronos
651108,2026-10-10,368.36,361.3,374.83,2026-10-09,Chronos
651108,2026-10-11,368.37,359.67,375.61,2026-10-09,Chronos
651108,2026-10-12,368.44,358.48,376.68,2026-10-09,Chronos
651108,2026-10-13,368.44,358.28,378.15,2026-10-09,Chronos
651108,2026-10-14,369.05,356.57,379.93,2026-10-09,Chronos
651108,2026-10-15,368.55,354.89,381.32,2026-10-09,Chronos
651108,2026-10-16,369.85,355.45,383.23,2026-10-09,Chronos
651108,2026-10-17,370.32,353.95,385.48,2026-10-09,Chronos
651108,2026-10-18,371.23,353.71,386.99,2026-10-09,Chronos
651108,2026-10-19,370.85,352.47,388.48,2026-10-09,Chronos
651108,2026-10-20,370.81,351.67,388.59,2026-10-09,Chronos
651108,2026-10-21,370.57,350.07,388.93,2026-10-09,Chronos
651108,2026-10-22,369.03,348.03,389.82,2026-10-09,Chronos
651108,2026-10-23,369.93,346.46,389.45,2026-10-09,Chronos
651108,2026-10-24,371.25,347.01,392.89,2026-10-09,Chronos
651108,2026-10-25,370.41,347.93,393.91,2026-10-09,Chronos
651108,2026-10-26,373.33,347.71,397.72,2026-10-09,Chronos
651108,2026-10-27,373.43,347.07,397.75,2026-10-09,Chronos
651108,2026-10-28,372.8,343.15,398.46,2026-10-09,Chronos
651108,2026-10-29,372.8,343.31,400.65,2026-10-09,Chronos
651108,2026-10-30,373.11,341.26,401.93,2026-10-09,Chronos
651108,2026-10-31,371.99,338.99,402.6,2026-10-09,Chronos
651108,2026-11-01,373.33,339.24,405.45,2026-10-09,Chronos
651108,2026-11-02,373.82,337.66,407.61,2026-10-09,Chronos
651108,2026-11-03,375.05,335.58,410.36,2026-10-09,Chronos
651108,2026-11-04,374.87,334.67,410.8,2026-10-09,Chronos
651108,2026-11-05,375.0,331.9,413.48,2026-10-09,Chronos
651108,2026-11-06,374.97,332.7,414.34,2026-10-09,Chronos
651108,2026-11-07,373.28,330.46,414.79,2026-10-09,Chronos
651108,2026-11-08,374.07,327.02,413.37,2026-10-09,Chronos
651110,2026-10-10,311.18,306.16,315.38,2026-10-09,Chronos
651110,2026-10-11,311.28,304.23,316.27,2026-10-09,Chronos
651110,2026-10-12,311.45,303.42,316.9,2026-10-09,Chronos
651110,2026-10-13,311.1,304.24,318.75,2026-10-09,Chronos
651110,2026-10-14,311.59,301.6,320.2,2026-10-09,Chronos
651110,2026-10-15,311.14,300.48,321.11,2026-10-09,Chronos
651110,2026-10-16,312.22,300.82,322.48,2026-10-09,Chronos
651110,2026-10-17,312.72,299.36,324.09,2026-10-09,Chronos
651110,2026-10-18,313.51,298.43,325.04,2026-10-09,Chronos
651110,2026-10-19,313.11,297.92,326.87,2026-10-09,Chronos
651110,2026-10-20,312.78,295.84,326.53,2026-10-09,Chronos
651110,2026-10-21,312.56,294.79,326.46,2026-10-09,Chronos
651110,2026-10-22,310.51,292.19,326.75,2026-10-09,Chronos
651110,2026-10-23,311.23,290.21,325.72,2026-10-09,Chronos
651110,2026-10-24,312.73,289.25,328.79,2026-10-09,Chronos
651110,2026-10-25,311.15,289.79,329.77,2026-10-09,Chronos
651110,2026-10-26,312.25,284.33,330.39,2026-10-09,Chronos
651110,2026-10-27,312.48,284.94,330.59,2026-10-09,Chronos
651110,2026-10-28,311.95,281.53,331.09,2026-10-09,Chronos
651110,2026-10-29,311.55,279.23,333.33,2026-10-09,Chronos
651110,2026-10-30,311.9,279.11,333.31,2026-10-09,Chronos
651110,2026-10-31,311.03,276.86,334.3,2026-10-09,Chronos
651110,2026-11-01,312.29,275.51,336.65,2026-10-09,Chronos
651110,2026-11-02,312.67,272.99,338.18,2026-10-09,Chronos
651110,2026-11-03,313.33,270.9,339.54,2026-10-09,Chronos
651110,2026-11-04,312.82,272.04,340.27,2026-10-09,Chronos
651110,2026-11-05,312.94,265.11,341.81,2026-10-09,Chronos
651110,2026-11-06,313.07,260.21,343.05,2026-10-09,Chronos
651110,2026-11-07,311.61,256.34,344.13,2026-10-09,Chronos
651110,2026-11-08,312.66,255.89,342.96,2026-10-09,Chronos
651111,2026-10-10,190.13,188.31,192.01,2026-10-09,Chronos
651111,2026-10-11,189.98,187.32,192.41,2026-10-09,Chronos
651111,2026-10-12,189.89,186.73,192.61,2026-10-09,Chronos
651111,2026-10-13,189.49,186.42,193.17,2026-10-09,Chronos
651111,2026-10-14,189.64,185.63,193.99,2026-10-09,Chronos
651111,2026-10-15,189.75,185.32,194.72,2026-10-09,Chronos
651111,2026-10-16,190.08,185.34,195.4,2026-10-09,Chronos
651111,2026-10-17,190.24,184.61,196.17,2026-10-09,Chronos
651111,2026-10-18,190.8,184.87,196.79,2026-10-09,Chronos
651111,2026-10-19,190.59,184.45,197.53,2026-10-09,Chronos
651111,2026-10-20,190.52,184.14,197.9,2026-10-09,Chronos
651111,2026-10-21,190.44,183.42,198.38,2026-10-09,Chronos
651111,2026-10-22,189.64,182.46,199.1,2026-10-09,Chronos
651111,2026-10-23,189.76,182.07,198.46,2026-10-09,Chronos
651111,2026-10-24,189.98,181.37,199.01,2026-10-09,Chronos
651111,2026-10-25,189.18,181.37,199.61,2026-10-09,Chronos
651111,2026-10-26,189.69,181.43,198.86,2026-10-09,Chronos
651111,2026-10-27,189.63,181.16,199.24,2026-10-09,Chronos
651111,2026-10-28,189.48,179.53,199.27,2026-10-09,Chronos
651111,2026-10-29,188.86,179.51,199.91,2026-10-09,Chronos
651111,2026-10-30,188.88,178.58,200.11,2026-10-09,Chronos
651111,2026-10-31,188.63,177.94,200.44,2026-10-09,Chronos
651111,2026-11-01,188.83,178.02,200.97,2026-10-09,Chronos
651111,2026-11-02,188.97,177.31,201.34,2026-10-09,Chronos
651111,2026-11-03,189.43,177.08,201.97,2026-10-09,Chronos
651111,2026-11-04,189.12,176.54,201.97,2026-10-09,Chronos
651111,2026-11-05,188.86,175.57,202.37,2026-10-09,Chronos
651111,2026-11-06,188.64,175.56,202.72,2026-10-09,Chronos
651111,2026-11-07,187.89,174.71,203.21,2026-10-09,Chronos
651111,2026-11-08,188.0,173.79,202.63,2026-10-09,Chronos
651112,2026-10-10,690.71,684.57,697.94,2026-10-09,Chronos
651112,2026-10-11,690.68,679.76,698.84,2026-10-09,Chronos
651112,2026-10-12,690.72,679.67,699.37,2026-10-09,Chronos
651112,2026-10-13,688.84,679.91,701.22,2026-10-09,Chronos
651112,2026-10-14,689.61,674.94,704.85,2026-10-09,Chronos
651112,2026-10-15,689.09,673.79,706.82,2026-10-09,Chronos
651112,2026-10-16,690.35,673.33,708.65,2026-10-09,Chronos
651112,2026-10-17,691.19,671.05,711.33,2026-10-09,Chronos
651112,2026-10-18,693.29,670.81,713.67,2026-10-09,Chronos
651112,2026-10-19,692.57,670.31,719.48,2026-10-09,Chronos
651112,2026-10-20,692.2,667.16,719.52,2026-10-09,Chronos
651112,2026-10-21,691.56,664.37,721.98,2026-10-09,Chronos
651112,2026-10-22,688.03,660.66,725.66,2026-10-09,Chronos
651112,2026-10-23,689.86,658.45,721.53,2026-10-09,Chronos
651112,2026-10-24,691.85,657.28,727.63,2026-10-09,Chronos
651112,2026-10-25,688.92,658.09,730.66,2026-10-09,Chronos
651112,2026-10-26,687.78,654.04,719.85,2026-10-09,Chronos
651112,2026-10-27,687.13,650.09,719.09,2026-10-09,Chronos
651112,2026-10-28,686.72,645.9,719.89,2026-10-09,Chronos
651112,2026-10-29,684.78,646.39,725.18,2026-10-09,Chronos
651112,2026-10-30,684.97,640.57,727.44,2026-10-09,Chronos
651112,2026-10-31,684.0,638.67,727.9,2026-10-09,Chronos
651112,2026-11-01,684.96,638.48,730.66,2026-10-09,Chronos
651112,2026-11-02,685.68,635.5,732.53,2026-10-09,Chronos
651112,2026-11-03,687.83,632.49,736.37,2026-10-09,Chronos
651112,2026-11-04,685.99,631.32,737.81,2026-10-09,Chronos
651112,2026-11-05,684.98,623.94,740.52,2026-10-09,Chronos
651112,2026-11-06,683.33,623.47,744.5,2026-10-09,Chronos
651112,2026-11-07,678.83,618.37,748.21,2026-10-09,Chronos
651112,2026-11-08,679.64,613.74,744.17,2026-10-09,Chronos
651113,2026-10-10,246.19,244.1,248.12,2026-10-09,Chronos
651113,2026-10-11,246.61,243.72,249.03,2026-10-09,Chronos
651113,2026-10-12,246.76,243.5,249.66,2026-10-09,Chronos
651113,2026-10-13,246.59,242.82,249.95,2026-10-09,Chronos
651113,2026-10-14,247.08,242.49,251.35,2026-10-09,Chronos
651113,2026-10-15,247.21,242.1,252.57,2026-10-09,Chronos
651113,2026-10-16,247.84,242.32,253.66,2026-10-09,Chronos
651113,2026-10-17,248.37,241.54,255.04,2026-10-09,Chronos
651113,2026-10-18,249.01,241.94,255.87,2026-10-09,Chronos
651113,2026-10-19,249.11,241.55,257.29,2026-10-09,Chronos
651113,2026-10-20,249.32,241.32,257.36,2026-10-09,Chronos
651113,2026-10-21,249.26,240.38,258.09,2026-10-09,Chronos
651113,2026-10-22,248.85,239.56,259.16,2026-10-09,Chronos
651113,2026-10-23,249.65,239.36,258.7,2026-10-09,Chronos
651113,2026-10-24,249.88,238.85,260.51,2026-10-09,Chronos
651113,2026-10-25,249.49,239.09,261.22,2026-10-09,Chronos
651113,2026-10-26,251.45,237.06,264.22,2026-10-09,Chronos
651113,2026-10-27,251.6,236.59,264.9,2026-10-09,Chronos
651113,2026-10-28,251.65,234.5,265.73,2026-10-09,Chronos
651113,2026-10-29,251.24,234.24,266.44,2026-10-09,Chronos
651113,2026-10-30,251.31,233.13,266.98,2026-10-09,Chronos
651113,2026-10-31,250.79,231.63,267.54,2026-10-09,Chronos
651113,2026-11-01,251.37,231.98,268.77,2026-10-09,Chronos
651113,2026-11-02,251.83,231.13,270.18,2026-10-09,Chronos
651113,2026-11-03,252.29,229.93,271.1,2026-10-09,Chronos
651113,2026-11-04,252.21,229.62,271.68,2026-10-09,Chronos
651113,2026-11-05,252.35,227.68,272.8,2026-10-09,Chronos
651113,2026-11-06,252.22,228.08,273.05,2026-10-09,Chronos
651113,2026-11-07,251.5,227.04,273.6,2026-10-09,Chronos
651113,2026-11-08,252.11,225.51,272.73,2026-10-09,Chronos
651114,2026-10-10,247.33,245.2,248.93,2026-10-09,Chronos
651114,2026-10-11,247.15,243.73,249.2,2026-10-09,Chronos
651114,2026-10-12,246.91,243.09,249.14,2026-10-09,Chronos
651114,2026-10-13,246.15,242.88,249.47,2026-10-09,Chronos
651114,2026-10-14,246.16,241.39,249.86,2026-10-09,Chronos
651114,2026-10-15,246.07,240.68,250.43,2026-10-09,Chronos
651114,2026-10-16,246.13,240.54,250.68,2026-10-09,Chronos
651114,2026-10-17,246.11,239.47,251.1,2026-10-09,Chronos
651114,2026-10-18,246.42,238.8,251.42,2026-10-09,Chronos
651114,2026-10-19,246.21,238.59,252.18,2026-10-09,Chronos
651114,2026-10-20,245.85,237.16,252.33,2026-10-09,Chronos
651114,2026-10-21,245.57,236.52,251.94,2026-10-09,Chronos
651114,2026-10-22,244.51,235.2,251.88,2026-10-09,Chronos
651114,2026-10-23,244.8,234.55,251.2,2026-10-09,Chronos
651114,2026-10-24,245.08,234.25,252.12,2026-10-09,Chronos
651114,2026-10-25,244.37,234.85,252.74,2026-10-09,Chronos
651114,2026-10-26,245.46,234.4,253.45,2026-10-09,Chronos
651114,2026-10-27,245.37,233.98,253.24,2026-10-09,Chronos
651114,2026-10-28,245.09,232.17,253.38,2026-10-09,Chronos
651114,2026-10-29,244.53,230.63,254.18,2026-10-09,Chronos
651114,2026-10-30,244.6,231.19,253.95,2026-10-09,Chronos
651114,2026-10-31,244.46,230.6,254.29,2026-10-09,Chronos
651114,2026-11-01,244.67,230.82,255.01,2026-10-09,Chronos
651114,2026-11-02,244.72,229.74,255.34,2026-10-09,Chronos
651114,2026-11-03,245.12,228.21,255.77,2026-10-09,Chronos
651114,2026-11-04,244.82,228.29,255.82,2026-10-09,Chronos
651114,2026-11-05,244.57,225.24,256.11,2026-10-09,Chronos
651114,2026-11-06,244.29,224.74,256.2,2026-10-09,Chronos
651114,2026-11-07,243.24,223.46,255.92,2026-10-09,Chronos
651114,2026-11-08,243.42,221.67,255.2,2026-10-09,Chronos
651116,2026-10-10,570.58,567.1,574.45,2026-10-09,Chronos
651116,2026-10-11,570.32,564.69,574.17,2026-10-09,Chronos
651116,2026-10-12,570.5,564.62,573.96,2026-10-09,Chronos
651116,2026-10-13,568.7,564.73,575.13,2026-10-09,Chronos
651116,2026-10-14,568.9,562.16,575.51,2026-10-09,Chronos
651116,2026-10-15,568.22,561.56,575.82,2026-10-09,Chronos
651116,2026-10-16,568.45,560.87,575.69,2026-10-09,Chronos
651116,2026-10-17,569.06,560.0,576.84,2026-10-09,Chronos
651116,2026-10-18,569.76,559.82,577.11,2026-10-09,Chronos
651116,2026-10-19,569.02,559.82,578.35,2026-10-09,Chronos
651116,2026-10-20,568.61,557.94,578.26,2026-10-09,Chronos
651116,2026-10-21,568.17,556.72,577.1,2026-10-09,Chronos
651116,2026-10-22,566.21,554.79,578.04,2026-10-09,Chronos
651116,2026-10-23,566.4,553.89,575.65,2026-10-09,Chronos
651116,2026-10-24,567.16,552.77,577.69,2026-10-09,Chronos
651116,2026-10-25,565.52,552.3,577.74,2026-10-09,Chronos
651116,2026-10-26,567.19,550.57,578.55,2026-10-09,Chronos
651116,2026-10-27,566.95,548.82,577.99,2026-10-09,Chronos
651116,2026-10-28,566.89,547.84,577.46,2026-10-09,Chronos
651116,2026-10-29,565.03,549.28,578.38,2026-10-09,Chronos
651116,2026-10-30,565.16,545.22,579.39,2026-10-09,Chronos
651116,2026-10-31,564.67,544.07,578.99,2026-10-09,Chronos
651116,2026-11-01,564.81,543.72,579.23,2026-10-09,Chronos
651116,2026-11-02,565.4,542.56,580.3,2026-10-09,Chronos
651116,2026-11-03,566.45,541.54,580.69,2026-10-09,Chronos
651116,2026-11-04,565.56,541.59,582.24,2026-10-09,Chronos
651116,2026-11-05,564.73,537.83,581.32,2026-10-09,Chronos
651116,2026-11-06,563.91,536.03,579.7,2026-10-09,Chronos
651116,2026-11-07,561.62,532.95,580.46,2026-10-09,Chronos
651116,2026-11-08,561.71,531.19,578.2,2026-10-09,Chronos
651117,2026-10-10,277.35,275.34,278.53,2026-10-09,Chronos
651117,2026-10-11,277.03,274.09,279.1,2026-10-09,Chronos
651117,2026-10-12,276.66,273.16,279.68,2026-10-09,Chronos
651117,2026-10-13,276.51,272.52,279.88,2026-10-09,Chronos
651117,2026-10-14,276.19,271.65,280.8,2026-10-09,Chronos
651117,2026-10-15,276.16,270.8,281.15,2026-10-09,Chronos
651117,2026-10-16,275.88,270.31,281.52,2026-10-09,Chronos
651117,2026-10-17,275.49,269.58,281.83,2026-10-09,Chronos
651117,2026-10-18,275.16,268.4,282.32,2026-10-09,Chronos
651117,2026-10-19,275.08,267.85,282.93,2026-10-09,Chronos
651117,2026-10-20,274.66,266.6,283.55,2026-10-09,Chronos
651117,2026-10-21,274.35,266.48,284.18,2026-10-09,Chronos
651117,2026-10-22,273.98,265.13,284.96,2026-10-09,Chronos
651117,2026-10-23,273.76,263.88,285.67,2026-10-09,Chronos
651117,2026-10-24,273.55,262.64,285.62,2026-10-09,Chronos
651117,2026-10-25,273.58,262.12,285.4,2026-10-09,Chronos
651117,2026-10-26,272.85,259.43,286.5,2026-10-09,Chronos
651117,2026-10-27,272.44,258.52,286.95,2026-10-09,Chronos
651117,2026-10-28,272.36,257.33,287.68,2026-10-09,Chronos
651117,2026-10-29,272.17,256.27,288.37,2026-10-09,Chronos
651117,2026-10-30,271.56,254.78,289.39,2026-10-09,Chronos
651117,2026-10-31,271.65,254.55,289.53,2026-10-09,Chronos
651117,2026-11-01,271.37,253.52,289.72,2026-10-09,Chronos
651117,2026-11-02,271.12,252.35,290.37,2026-10-09,Chronos
651117,2026-11-03,270.9,251.15,291.19,2026-10-09,Chronos
651117,2026-11-04,270.79,250.74,292.45,2026-10-09,Chronos
651117,2026-11-05,270.64,248.63,293.74,2026-10-09,Chronos
651117,2026-11-06,270.45,247.06,295.2,2026-10-09,Chronos
651117,2026-11-07,270.33,245.15,296.44,2026-10-09,Chronos
651117,2026-11-08,269.95,244.69,297.28,2026-10-09,Chronos
651118,2026-10-10,185.57,183.4,187.42,2026-10-09,Chronos
651118,2026-10-11,185.64,182.73,187.81,2026-10-09,Chronos
651118,2026-10-12,185.72,182.64,188.04,2026-10-09,Chronos
651118,2026-10-13,185.48,182.84,188.54,2026-10-09,Chronos
651118,2026-10-14,185.66,181.64,189.17,2026-10-09,Chronos
651118,2026-10-15,185.67,181.56,189.72,2026-10-09,Chronos
651118,2026-10-16,186.11,181.52,190.41,2026-10-09,Chronos
651118,2026-10-17,186.21,180.66,190.98,2026-10-09,Chronos
651118,2026-10-18,186.83,180.98,191.61,2026-10-09,Chronos
651118,2026-10-19,186.71,180.36,192.62,2026-10-09,Chronos
651118,2026-10-20,186.74,179.76,193.02,2026-10-09,Chronos
651118,2026-10-21,186.75,179.21,193.18,2026-10-09,Chronos
651118,2026-10-22,186.32,178.37,193.95,2026-10-09,Chronos
651118,2026-10-23,186.64,178.03,193.49,2026-10-09,Chronos
651118,2026-10-24,187.15,178.03,194.38,2026-10-09,Chronos
651118,2026-10-25,186.61,178.68,195.15,2026-10-09,Chronos
651118,2026-10-26,188.7,177.17,199.09,2026-10-09,Chronos
651118,2026-10-27,188.61,176.55,199.07,2026-10-09,Chronos
651118,2026-10-28,188.49,175.13,199.17,2026-10-09,Chronos
651118,2026-10-29,188.1,174.39,200.16,2026-10-09,Chronos
651118,2026-10-30,188.41,174.42,200.56,2026-10-09,Chronos
651118,2026-10-31,188.21,173.08,201.43,2026-10-09,Chronos
651118,2026-11-01,188.67,173.21,202.26,2026-10-09,Chronos
651118,2026-11-02,188.78,172.09,202.57,2026-10-09,Chronos
651118,2026-11-03,189.77,171.58,203.2,2026-10-09,Chronos
651118,2026-11-04,189.24,170.99,203.73,2026-10-09,Chronos
651118,2026-11-05,189.42,168.56,205.31,2026-10-09,Chronos
651118,2026-11-06,189.36,167.24,206.86,2026-10-09,Chronos
651118,2026-11-07,188.88,165.73,208.13,2026-10-09,Chronos
651118,2026-11-08,189.05,163.92,207.34,2026-10-09,Chronos
651119,2026-10-10,535.39,529.44,539.54,2026-10-09,Chronos
651119,2026-10-11,535.4,527.86,539.96,2026-10-09,Chronos
651119,2026-10-12,535.82,527.62,540.53,2026-10-09,Chronos
651119,2026-10-13,534.95,527.75,542.03,2026-10-09,Chronos
651119,2026-10-14,535.42,524.9,543.59,2026-10-09,Chronos
651119,2026-10-15,535.05,523.79,544.44,2026-10-09,Chronos
651119,2026-10-16,535.96,523.85,545.81,2026-10-09,Chronos
651119,2026-10-17,536.38,522.26,547.23,2026-10-09,Chronos
651119,2026-10-18,537.25,520.8,548.51,2026-10-09,Chronos
651119,2026-10-19,537.23,520.62,549.65,2026-10-09,Chronos
651119,2026-10-20,536.82,517.69,550.56,2026-10-09,Chronos
651119,2026-10-21,536.4,516.54,549.51,2026-10-09,Chronos
651119,2026-10-22,534.36,512.98,550.22,2026-10-09,Chronos
651119,2026-10-23,535.2,509.57,549.18,2026-10-09,Chronos
651119,2026-10-24,536.62,507.16,551.38,2026-10-09,Chronos
651119,2026-10-25,535.1,507.31,553.08,2026-10-09,Chronos
651119,2026-10-26,537.35,500.07,563.58,2026-10-09,Chronos
651119,2026-10-27,537.0,500.67,562.66,2026-10-09,Chronos
651119,2026-10-28,536.93,497.72,563.71,2026-10-09,Chronos
651119,2026-10-29,535.72,493.52,565.81,2026-10-09,Chronos
651119,2026-10-30,536.03,491.99,566.15,2026-10-09,Chronos
651119,2026-10-31,535.13,488.34,568.4,2026-10-09,Chronos
651119,2026-11-01,535.75,486.43,569.57,2026-10-09,Chronos
651119,2026-11-02,536.03,483.14,570.14,2026-10-09,Chronos
651119,2026-11-03,537.84,482.81,570.73,2026-10-09,Chronos
651119,2026-11-04,536.42,484.43,572.26,2026-10-09,Chronos
651119,2026-11-05,536.9,477.3,575.66,2026-10-09,Chronos
651119,2026-11-06,536.29,472.26,578.38,2026-10-09,Chronos
651119,2026-11-07,535.5,465.65,581.62,2026-10-09,Chronos
651119,2026-11-08,535.88,459.18,578.44,2026-10-09,Chronos
651120,2026-10-10,199.19,196.11,201.53,2026-10-09,Chronos
651120,2026-10-11,199.33,194.5,201.76,2026-10-09,Chronos
651120,2026-10-12,199.5,194.87,202.34,2026-10-09,Chronos
651120,2026-10-13,199.24,195.24,203.23,2026-10-09,Chronos
651120,2026-10-14,199.25,193.15,204.31,2026-10-09,Chronos
651120,2026-10-15,199.35,191.7,204.64,2026-10-09,Chronos
651120,2026-10-16,199.69,190.44,205.54,2026-10-09,Chronos
651120,2026-10-17,199.81,189.64,206.82,2026-10-09,Chronos
651120,2026-10-18,200.7,189.92,207.47,2026-10-09,Chronos
651120,2026-10-19,200.26,188.72,208.4,2026-10-09,Chronos
651120,2026-10-20,200.27,187.39,208.51,2026-10-09,Chronos
651120,2026-10-21,200.38,186.04,209.2,2026-10-09,Chronos
651120,2026-10-22,199.35,182.24,210.16,2026-10-09,Chronos
651120,2026-10-23,199.8,179.79,210.23,2026-10-09,Chronos
651120,2026-10-24,200.82,177.68,211.58,2026-10-09,Chronos
651120,2026-10-25,199.49,177.88,211.82,2026-10-09,Chronos
651120,2026-10-26,200.49,178.46,211.47,2026-10-09,Chronos
651120,2026-10-27,200.55,179.26,211.15,2026-10-09,Chronos
651120,2026-10-28,200.17,177.39,210.9,2026-10-09,Chronos
651120,2026-10-29,199.71,174.38,211.68,2026-10-09,Chronos
651120,2026-10-30,199.87,171.63,212.36,2026-10-09,Chronos
651120,2026-10-31,199.66,167.34,212.4,2026-10-09,Chronos
651120,2026-11-01,199.45,161.49,212.47,2026-10-09,Chronos
651120,2026-11-02,200.17,158.53,213.73,2026-10-09,Chronos
651120,2026-11-03,200.22,158.49,213.21,2026-10-09,Chronos
651120,2026-11-04,199.87,154.08,214.12,2026-10-09,Chronos
651120,2026-11-05,199.95,155.31,214.2,2026-10-09,Chronos
651120,2026-11-06,200.55,152.46,215.02,2026-10-09,Chronos
651120,2026-11-07,199.24,148.46,215.6,2026-10-09,Chronos
651120,2026-11-08,199.8,145.03,214.4,2026-10-09,Chronos
651121,2026-10-10,349.68,346.91,352.49,2026-10-09,Chronos
651121,2026-10-11,349.48,345.95,352.77,2026-10-09,Chronos
651121,2026-10-12,349.29,345.36,352.49,2026-10-09,Chronos
651121,2026-10-13,348.68,345.15,352.95,2026-10-09,Chronos
651121,2026-10-14,348.82,344.26,353.87,2026-10-09,Chronos
651121,2026-10-15,348.98,344.12,354.77,2026-10-09,Chronos
651121,2026-10-16,349.59,344.43,355.35,2026-10-09,Chronos
651121,2026-10-17,349.95,343.99,356.28,2026-10-09,Chronos
651121,2026-10-18,350.65,343.99,357.08,2026-10-09,Chronos
651121,2026-10-19,350.58,344.07,357.88,2026-10-09,Chronos
651121,2026-10-20,350.08,343.11,357.82,2026-10-09,Chronos
651121,2026-10-21,349.87,342.3,357.45,2026-10-09,Chronos
651121,2026-10-22,348.61,341.0,357.65,2026-10-09,Chronos
651121,2026-10-23,348.79,340.31,356.98,2026-10-09,Chronos
651121,2026-10-24,349.16,339.8,358.06,2026-10-09,Chronos
651121,2026-10-25,348.64,340.27,358.88,2026-10-09,Chronos
651121,2026-10-26,348.82,339.21,358.28,2026-10-09,Chronos
651121,2026-10-27,348.98,339.44,358.52,2026-10-09,Chronos
651121,2026-10-28,349.2,337.99,358.37,2026-10-09,Chronos
651121,2026-10-29,347.84,338.49,358.1,2026-10-09,Chronos
651121,2026-10-30,347.63,336.55,358.43,2026-10-09,Chronos
651121,2026-10-31,346.56,335.35,357.83,2026-10-09,Chronos
651121,2026-11-01,346.0,334.54,357.18,2026-10-09,Chronos
651121,2026-11-02,345.48,333.39,356.71,2026-10-09,Chronos
651121,2026-11-03,345.38,332.12,356.93,2026-10-09,Chronos
651121,2026-11-04,344.58,331.48,356.36,2026-10-09,Chronos
651121,2026-11-05,343.44,329.44,356.08,2026-10-09,Chronos
651121,2026-11-06,342.37,328.82,354.42,2026-10-09,Chronos
651121,2026-11-07,340.51,326.92,353.75,2026-10-09,Chronos
651121,2026-11-08,339.15,324.37,351.95,2026-10-09,Chronos
651122,2026-10-10,255.25,253.22,257.13,2026-10-09,Chronos
651122,2026-10-11,255.02,252.09,257.43,2026-10-09,Chronos
651122,2026-10-12,254.81,251.57,257.51,2026-10-09,Chronos
651122,2026-10-13,254.17,250.94,257.91,2026-10-09,Chronos
651122,2026-10-14,253.99,249.76,258.28,2026-10-09,Chronos
651122,2026-10-15,253.87,249.09,258.74,2026-10-09,Chronos
651122,2026-10-16,254.04,248.97,259.05,2026-10-09,Chronos
651122,2026-10-17,253.85,247.8,259.44,2026-10-09,Chronos
651122,2026-10-18,253.87,247.36,259.5,2026-10-09,Chronos
651122,2026-10-19,253.47,246.64,260.23,2026-10-09,Chronos
651122,2026-10-20,253.05,245.99,260.21,2026-10-09,Chronos
651122,2026-10-21,252.92,245.05,260.02,2026-10-09,Chronos
651122,2026-10-22,252.05,243.84,260.3,2026-10-09,Chronos
651122,2026-10-23,252.13,242.93,259.7,2026-10-09,Chronos
651122,2026-10-24,252.21,242.75,260.86,2026-10-09,Chronos
651122,2026-10-25,251.64,242.76,260.96,2026-10-09,Chronos
651122,2026-10-26,252.33,241.89,261.3,2026-10-09,Chronos
651122,2026-10-27,252.08,241.57,261.43,2026-10-09,Chronos
651122,2026-10-28,251.58,239.21,261.51,2026-10-09,Chronos
651122,2026-10-29,251.04,238.87,262.05,2026-10-09,Chronos
651122,2026-10-30,250.84,237.82,262.74,2026-10-09,Chronos
651122,2026-10-31,250.53,236.72,262.57,2026-10-09,Chronos
651122,2026-11-01,250.79,236.74,263.34,2026-10-09,Chronos
651122,2026-11-02,250.75,235.59,263.7,2026-10-09,Chronos
651122,2026-11-03,250.76,234.23,264.12,2026-10-09,Chronos
651122,2026-11-04,250.39,233.7,264.81,2026-10-09,Chronos
651122,2026-11-05,249.89,231.58,265.04,2026-10-09,Chronos
651122,2026-11-06,249.88,232.22,264.9,2026-10-09,Chronos
651122,2026-11-07,249.11,230.93,265.22,2026-10-09,Chronos
651122,2026-11-08,249.07,229.27,264.6,2026-10-09,Chronos
651123,2026-10-10,762.31,749.78,773.74,2026-10-09,Chronos
651123,2026-10-11,762.12,744.09,775.23,2026-10-09,Chronos
651123,2026-10-12,762.05,741.99,777.05,2026-10-09,Chronos
651123,2026-10-13,760.81,742.29,780.5,2026-10-09,Chronos
651123,2026-10-14,762.47,736.8,784.92,2026-10-09,Chronos
651123,2026-10-15,762.73,735.29,788.33,2026-10-09,Chronos
651123,2026-10-16,765.52,736.38,792.41,2026-10-09,Chronos
651123,2026-10-17,766.78,733.09,796.93,2026-10-09,Chronos
651123,2026-10-18,770.07,733.18,801.55,2026-10-09,Chronos
651123,2026-10-19,770.93,732.33,806.36,2026-10-09,Chronos
651123,2026-10-20,771.2,729.79,808.12,2026-10-09,Chronos
651123,2026-10-21,771.58,727.82,809.2,2026-10-09,Chronos
651123,2026-10-22,768.87,723.46,812.67,2026-10-09,Chronos
651123,2026-10-23,771.03,720.54,809.54,2026-10-09,Chronos
651123,2026-10-24,773.95,719.94,816.36,2026-10-09,Chronos
651123,2026-10-25,770.81,722.2,821.0,2026-10-09,Chronos
651123,2026-10-26,780.45,719.17,831.24,2026-10-09,Chronos
651123,2026-10-27,781.53,717.25,831.55,2026-10-09,Chronos
651123,2026-10-28,782.07,711.05,834.57,2026-10-09,Chronos
651123,2026-10-29,782.0,707.83,840.43,2026-10-09,Chronos
651123,2026-10-30,784.12,708.61,842.31,2026-10-09,Chronos
651123,2026-10-31,783.76,706.01,844.85,2026-10-09,Chronos
651123,2026-11-01,786.62,708.7,849.66,2026-10-09,Chronos
651123,2026-11-02,789.09,707.0,855.15,2026-10-09,Chronos
651123,2026-11-03,793.56,702.27,859.65,2026-10-09,Chronos
651123,2026-11-04,793.33,702.99,861.52,2026-10-09,Chronos
651123,2026-11-05,793.73,693.37,865.49,2026-10-09,Chronos
651123,2026-11-06,792.93,695.02,864.2,2026-10-09,Chronos
651123,2026-11-07,789.09,689.34,865.95,2026-10-09,Chronos
651123,2026-11-08,791.78,683.42,861.42,2026-10-09,Chronos
657885,2026-10-10,1481.81,1465.48,1498.82,2026-10-09,Chronos
657885,2026-10-11,1482.48,1458.41,1503.56,2026-10-09,Chronos
657885,2026-10-12,1482.72,1457.57,1504.66,2026-10-09,Chronos
657885,2026-10-13,1480.89,1457.95,1509.45,2026-10-09,Chronos
657885,2026-10-14,1481.18,1449.15,1514.48,2026-10-09,Chronos
657885,2026-10-15,1479.66,1444.2,1518.44,2026-10-09,Chronos
657885,2026-10-16,1482.58,1445.74,1522.8,2026-10-09,Chronos
657885,2026-10-17,1484.08,1439.35,1528.53,2026-10-09,Chronos
657885,2026-10-18,1487.05,1438.1,1533.24,2026-10-09,Chronos
657885,2026-10-19,1486.34,1434.66,1541.27,2026-10-09,Chronos
657885,2026-10-20,1485.66,1429.75,1542.44,2026-10-09,Chronos
657885,2026-10-21,1485.0,1425.59,1544.87,2026-10-09,Chronos
657885,2026-10-22,1479.18,1418.34,1549.53,2026-10-09,Chronos
657885,2026-10-23,1482.09,1411.63,1548.11,2026-10-09,Chronos
657885,2026-10-24,1487.06,1413.44,1556.48,2026-10-09,Chronos
657885,2026-10-25,1483.01,1415.02,1563.28,2026-10-09,Chronos
657885,2026-10-26,1498.61,1411.13,1578.78,2026-10-09,Chronos
657885,2026-10-27,1499.04,1406.2,1580.72,2026-10-09,Chronos
657885,2026-10-28,1497.25,1391.64,1581.88,2026-10-09,Chronos
657885,2026-10-29,1493.78,1384.81,1590.89,2026-10-09,Chronos
657885,2026-10-30,1494.52,1381.58,1590.69,2026-10-09,Chronos
657885,2026-10-31,1492.16,1375.17,1595.81,2026-10-09,Chronos
657885,2026-11-01,1495.66,1377.45,1602.7,2026-10-09,Chronos
657885,2026-11-02,1495.56,1369.38,1605.84,2026-10-09,Chronos
657885,2026-11-03,1499.83,1357.15,1612.84,2026-10-09,Chronos
657885,2026-11-04,1499.08,1357.3,1614.79,2026-10-09,Chronos
657885,2026-11-05,1498.73,1336.96,1620.11,2026-10-09,Chronos
657885,2026-11-06,1496.41,1333.08,1625.58,2026-10-09,Chronos
657885,2026-11-07,1491.21,1321.63,1630.59,2026-10-09,Chronos
657885,2026-11-08,1493.69,1311.87,1628.02,2026-10-09,Chronos
657888,2026-10-10,2.97,2.91,3.02,2026-10-09,Chronos
657888,2026-10-11,2.97,2.89,3.04,2026-10-09,Chronos
657888,2026-10-12,2.97,2.87,3.07,2026-10-09,Chronos
657888,2026-10-13,2.97,2.86,3.09,2026-10-09,Chronos
657888,2026-10-14,2.97,2.84,3.13,2026-10-09,Chronos
657888,2026-10-15,2.98,2.84,3.14,2026-10-09,Chronos
657888,2026-10-16,2.98,2.81,3.15,2026-10-09,Chronos
657888,2026-10-17,2.98,2.8,3.17,2026-10-09,Chronos
657888,2026-10-18,2.98,2.78,3.19,2026-10-09,Chronos
657888,2026-10-19,2.98,2.77,3.2,2026-10-09,Chronos
657888,2026-10-20,2.97,2.75,3.22,2026-10-09,Chronos
657888,2026-10-21,2.97,2.74,3.24,2026-10-09,Chronos
657888,2026-10-22,2.97,2.72,3.24,2026-10-09,Chronos
657888,2026-10-23,2.96,2.72,3.25,2026-10-09,Chronos
657888,2026-10-24,2.95,2.68,3.24,2026-10-09,Chronos
657888,2026-10-25,2.95,2.67,3.25,2026-10-09,Chronos
657888,2026-10-26,2.95,2.64,3.27,2026-10-09,Chronos
657888,2026-10-27,2.94,2.63,3.27,2026-10-09,Chronos
657888,2026-10-28,2.93,2.61,3.27,2026-10-09,Chronos
657888,2026-10-29,2.93,2.6,3.28,2026-10-09,Chronos
657888,2026-10-30,2.93,2.59,3.29,2026-10-09,Chronos
657888,2026-10-31,2.93,2.59,3.29,2026-10-09,Chronos
657888,2026-11-01,2.93,2.57,3.3,2026-10-09,Chronos
657888,2026-11-02,2.93,2.56,3.3,2026-10-09,Chronos
657888,2026-11-03,2.93,2.56,3.31,2026-10-09,Chronos
657888,2026-11-04,2.92,2.54,3.31,2026-10-09,Chronos
657888,2026-11-05,2.92,2.54,3.32,2026-10-09,Chronos
657888,2026-11-06,2.92,2.52,3.33,2026-10-09,Chronos
657888,2026-11-07,2.92,2.52,3.33,2026-10-09,Chronos
657888,2026-11-08,2.92,2.51,3.34,2026-10-09,Chronos
657889,2026-10-10,1064.19,1053.22,1073.07,2026-10-09,Chronos
657889,2026-10-11,1063.78,1047.13,1075.04,2026-10-09,Chronos
657889,2026-10-12,1063.08,1044.17,1076.57,2026-10-09,Chronos
657889,2026-10-13,1061.43,1043.11,1078.86,2026-10-09,Chronos
657889,2026-10-14,1061.88,1036.99,1083.0,2026-10-09,Chronos
657889,2026-10-15,1060.88,1033.54,1085.87,2026-10-09,Chronos
657889,2026-10-16,1062.95,1033.73,1090.31,2026-10-09,Chronos
657889,2026-10-17,1063.52,1029.17,1094.06,2026-10-09,Chronos
657889,2026-10-18,1065.59,1026.38,1097.13,2026-10-09,Chronos
657889,2026-10-19,1064.99,1024.41,1102.15,2026-10-09,Chronos
657889,2026-10-20,1064.59,1019.49,1103.02,2026-10-09,Chronos
657889,2026-10-21,1063.94,1017.08,1103.36,2026-10-09,Chronos
657889,2026-10-22,1060.54,1011.59,1105.69,2026-10-09,Chronos
657889,2026-10-23,1062.23,1005.93,1104.04,2026-10-09,Chronos
657889,2026-10-24,1064.65,1002.37,1111.62,2026-10-09,Chronos
657889,2026-10-25,1060.64,1001.32,1114.27,2026-10-09,Chronos
657889,2026-10-26,1069.07,1001.79,1119.53,2026-10-09,Chronos
657889,2026-10-27,1068.3,999.7,1119.74,2026-10-09,Chronos
657889,2026-10-28,1067.03,993.0,1121.09,2026-10-09,Chronos
657889,2026-10-29,1066.13,989.4,1125.62,2026-10-09,Chronos
657889,2026-10-30,1066.46,987.75,1126.95,2026-10-09,Chronos
657889,2026-10-31,1065.05,983.59,1129.98,2026-10-09,Chronos
657889,2026-11-01,1067.2,978.88,1135.54,2026-10-09,Chronos
657889,2026-11-02,1067.74,974.12,1138.63,2026-10-09,Chronos
657889,2026-11-03,1069.65,970.12,1142.71,2026-10-09,Chronos
657889,2026-11-04,1068.93,971.79,1143.96,2026-10-09,Chronos
657889,2026-11-05,1068.69,957.75,1146.72,2026-10-09,Chronos
657889,2026-11-06,1067.69,953.02,1148.01,2026-10-09,Chronos
657889,2026-11-07,1064.54,945.15,1149.9,2026-10-09,Chronos
657889,2026-11-08,1065.99,933.18,1148.56,2026-10-09,Chronos
658215,2026-10-10,238.28,236.32,239.66,2026-10-09,Chronos
658215,2026-10-11,238.39,235.59,240.29,2026-10-09,Chronos
658215,2026-10-12,238.46,235.11,240.99,2026-10-09,Chronos
658215,2026-10-13,238.46,235.16,241.83,2026-10-09,Chronos
658215,2026-10-14,238.73,234.24,242.98,2026-10-09,Chronos
658215,2026-10-15,238.78,233.62,243.57,2026-10-09,Chronos
658215,2026-10-16,239.32,233.94,244.43,2026-10-09,Chronos
658215,2026-10-17,239.58,233.4,245.28,2026-10-09,Chronos
658215,2026-10-18,239.99,232.93,246.05,2026-10-09,Chronos
658215,2026-10-19,240.08,232.68,247.19,2026-10-09,Chronos
658215,2026-10-20,240.23,231.82,248.43,2026-10-09,Chronos
658215,2026-10-21,240.33,231.71,249.72,2026-10-09,Chronos
658215,2026-10-22,240.13,231.01,251.28,2026-10-09,Chronos
658215,2026-10-23,240.8,230.07,251.79,2026-10-09,Chronos
658215,2026-10-24,241.48,229.47,252.23,2026-10-09,Chronos
658215,2026-10-25,241.03,229.74,252.61,2026-10-09,Chronos
658215,2026-10-26,243.45,230.51,256.51,2026-10-09,Chronos
658215,2026-10-27,243.61,229.94,257.44,2026-10-09,Chronos
658215,2026-10-28,243.74,229.65,258.44,2026-10-09,Chronos
658215,2026-10-29,243.76,228.69,260.28,2026-10-09,Chronos
658215,2026-10-30,244.28,228.51,260.68,2026-10-09,Chronos
658215,2026-10-31,244.27,227.95,262.14,2026-10-09,Chronos
658215,2026-11-01,245.13,228.15,263.23,2026-10-09,Chronos
658215,2026-11-02,245.35,227.14,263.95,2026-10-09,Chronos
658215,2026-11-03,246.3,227.44,264.8,2026-10-09,Chronos
658215,2026-11-04,246.3,227.84,265.73,2026-10-09,Chronos
658215,2026-11-05,246.63,225.76,267.94,2026-10-09,Chronos
658215,2026-11-06,246.52,224.82,269.98,2026-10-09,Chronos
658215,2026-11-07,246.44,223.89,271.72,2026-10-09,Chronos
658215,2026-11-08,247.15,223.37,271.01,2026-10-09,Chronos
658217,2026-10-10,3.34,3.21,3.45,2026-10-09,Chronos
658217,2026-10-11,3.32,3.21,3.44,2026-10-09,Chronos
658217,2026-10-12,3.31,3.19,3.43,2026-10-09,Chronos
658217,2026-10-13,3.29,3.17,3.4,2026-10-09,Chronos
658217,2026-10-14,3.25,3.13,3.42,2026-10-09,Chronos
658217,2026-10-15,3.25,3.11,3.37,2026-10-09,Chronos
658217,2026-10-16,3.22,3.09,3.37,2026-10-09,Chronos
658217,2026-10-17,3.2,3.06,3.34,2026-10-09,Chronos
658217,2026-10-18,3.18,3.03,3.33,2026-10-09,Chronos
658217,2026-10-19,3.17,3.02,3.3,2026-10-09,Chronos
658217,2026-10-20,3.16,3.0,3.31,2026-10-09,Chronos
658217,2026-10-21,3.11,2.97,3.31,2026-10-09,Chronos
658217,2026-10-22,3.12,2.95,3.27,2026-10-09,Chronos
658217,2026-10-23,3.09,2.95,3.24,2026-10-09,Chronos
658217,2026-10-24,3.09,2.93,3.23,2026-10-09,Chronos
658217,2026-10-25,3.06,2.87,3.24,2026-10-09,Chronos
658217,2026-10-26,3.02,2.77,3.24,2026-10-09,Chronos
658217,2026-10-27,3.0,2.76,3.23,2026-10-09,Chronos
658217,2026-10-28,2.97,2.74,3.2,2026-10-09,Chronos
658217,2026-10-29,2.95,2.72,3.18,2026-10-09,Chronos
658217,2026-10-30,2.94,2.7,3.21,2026-10-09,Chronos
658217,2026-10-31,2.94,2.69,3.18,2026-10-09,Chronos
658217,2026-11-01,2.93,2.67,3.18,2026-10-09,Chronos
658217,2026-11-02,2.91,2.65,3.17,2026-10-09,Chronos
658217,2026-11-03,2.92,2.65,3.17,2026-10-09,Chronos
658217,2026-11-04,2.9,2.64,3.17,2026-10-09,Chronos
658217,2026-11-05,2.91,2.63,3.16,2026-10-09,Chronos
658217,2026-11-06,2.89,2.63,3.19,2026-10-09,Chronos
658217,2026-11-07,2.89,2.62,3.15,2026-10-09,Chronos
658217,2026-11-08,2.87,2.63,3.13,2026-10-09,Chronos
658323,2026-10-10,3.18,3.15,3.19,2026-10-09,Chronos
658323,2026-10-11,3.18,3.13,3.21,2026-10-09,Chronos
658323,2026-10-12,3.18,3.12,3.23,2026-10-09,Chronos
658323,2026-10-13,3.18,3.12,3.24,2026-10-09,Chronos
658323,2026-10-14,3.18,3.11,3.25,2026-10-09,Chronos
658323,2026-10-15,3.18,3.1,3.25,2026-10-09,Chronos
658323,2026-10-16,3.19,3.1,3.26,2026-10-09,Chronos
658323,2026-10-17,3.18,3.09,3.27,2026-10-09,Chronos
658323,2026-10-18,3.18,3.08,3.28,2026-10-09,Chronos
658323,2026-10-19,3.18,3.08,3.28,2026-10-09,Chronos
658323,2026-10-20,3.18,3.06,3.29,2026-10-09,Chronos
658323,2026-10-21,3.18,3.07,3.3,2026-10-09,Chronos
658323,2026-10-22,3.18,3.06,3.31,2026-10-09,Chronos
658323,2026-10-23,3.18,3.05,3.31,2026-10-09,Chronos
658323,2026-10-24,3.19,3.05,3.32,2026-10-09,Chronos
658323,2026-10-25,3.18,3.04,3.32,2026-10-09,Chronos
658323,2026-10-26,3.2,3.02,3.35,2026-10-09,Chronos
658323,2026-10-27,3.19,3.01,3.35,2026-10-09,Chronos
658323,2026-10-28,3.19,3.01,3.36,2026-10-09,Chronos
658323,2026-10-29,3.19,3.01,3.37,2026-10-09,Chronos
658323,2026-10-30,3.19,3.0,3.37,2026-10-09,Chronos
658323,2026-10-31,3.2,3.0,3.38,2026-10-09,Chronos
658323,2026-11-01,3.2,3.0,3.39,2026-10-09,Chronos
658323,2026-11-02,3.2,2.99,3.39,2026-10-09,Chronos
658323,2026-11-03,3.21,2.99,3.41,2026-10-09,Chronos
658323,2026-11-04,3.21,2.99,3.41,2026-10-09,Chronos
658323,2026-11-05,3.21,2.97,3.43,2026-10-09,Chronos
658323,2026-11-06,3.21,2.97,3.45,2026-10-09,Chronos
658323,2026-11-07,3.21,2.96,3.47,2026-10-09,Chronos
658323,2026-11-08,3.21,2.95,3.46,2026-10-09,Chronos
658449,2026-10-10,197.18,195.14,198.6,2026-10-09,Chronos
658449,2026-10-11,197.1,194.26,199.33,2026-10-09,Chronos
658449,2026-10-12,196.73,193.2,199.82,2026-10-09,Chronos
658449,2026-10-13,196.49,192.64,200.16,2026-10-09,Chronos
658449,2026-10-14,196.17,191.5,200.88,2026-10-09,Chronos
658449,2026-10-15,196.39,190.8,201.59,2026-10-09,Chronos
658449,2026-10-16,196.39,190.45,202.29,2026-10-09,Chronos
658449,2026-10-17,196.14,189.5,202.72,2026-10-09,Chronos
658449,2026-10-18,196.02,188.61,203.39,2026-10-09,Chronos
658449,2026-10-19,196.02,187.94,204.26,2026-10-09,Chronos
658449,2026-10-20,195.68,186.8,205.12,2026-10-09,Chronos
658449,2026-10-21,195.57,186.65,205.75,2026-10-09,Chronos
658449,2026-10-22,195.27,185.82,206.46,2026-10-09,Chronos
658449,2026-10-23,195.38,184.36,206.99,2026-10-09,Chronos
658449,2026-10-24,195.17,183.14,207.46,2026-10-09,Chronos
658449,2026-10-25,194.7,182.21,207.54,2026-10-09,Chronos
658449,2026-10-26,194.9,184.43,207.33,2026-10-09,Chronos
658449,2026-10-27,194.27,182.5,207.7,2026-10-09,Chronos
658449,2026-10-28,193.91,181.48,208.32,2026-10-09,Chronos
658449,2026-10-29,193.88,180.6,209.41,2026-10-09,Chronos
658449,2026-10-30,193.3,179.92,210.47,2026-10-09,Chronos
658449,2026-10-31,193.48,179.5,211.06,2026-10-09,Chronos
658449,2026-11-01,193.45,178.17,211.94,2026-10-09,Chronos
658449,2026-11-02,193.27,177.15,213.24,2026-10-09,Chronos
658449,2026-11-03,193.02,176.29,214.83,2026-10-09,Chronos
658449,2026-11-04,192.89,175.67,214.83,2026-10-09,Chronos
658449,2026-11-05,192.59,173.35,215.82,2026-10-09,Chronos
658449,2026-11-06,192.33,172.4,217.45,2026-10-09,Chronos
658449,2026-11-07,191.66,170.14,218.22,2026-10-09,Chronos
658449,2026-11-08,191.24,170.19,218.86,2026-10-09,Chronos
658884,2026-10-10,88.72,88.15,88.77,2026-10-09,Chronos
658884,2026-10-11,88.67,87.71,88.92,2026-10-09,Chronos
658884,2026-10-12,88.62,87.27,89.36,2026-10-09,Chronos
658884,2026-10-13,88.62,86.98,89.73,2026-10-09,Chronos
658884,2026-10-14,88.57,86.54,90.29,2026-10-09,Chronos
658884,2026-10-15,88.64,86.16,90.55,2026-10-09,Chronos
658884,2026-10-16,88.68,85.68,90.89,2026-10-09,Chronos
658884,2026-10-17,88.63,85.25,91.03,2026-10-09,Chronos
658884,2026-10-18,88.58,84.76,91.19,2026-10-09,Chronos
658884,2026-10-19,88.61,84.81,91.33,2026-10-09,Chronos
658884,2026-10-20,88.61,83.97,91.55,2026-10-09,Chronos
658884,2026-10-21,88.68,83.46,92.11,2026-10-09,Chronos
658884,2026-10-22,88.56,83.08,92.29,2026-10-09,Chronos
658884,2026-10-23,88.65,82.76,92.38,2026-10-09,Chronos
658884,2026-10-24,88.68,82.59,92.42,2026-10-09,Chronos
658884,2026-10-25,88.63,82.16,92.56,2026-10-09,Chronos
658884,2026-10-26,88.79,81.67,93.28,2026-10-09,Chronos
658884,2026-10-27,88.67,81.27,93.45,2026-10-09,Chronos
658884,2026-10-28,88.73,80.65,93.61,2026-10-09,Chronos
658884,2026-10-29,88.67,80.5,94.02,2026-10-09,Chronos
658884,2026-10-30,88.69,79.91,94.02,2026-10-09,Chronos
658884,2026-10-31,88.63,79.69,94.35,2026-10-09,Chronos
658884,2026-11-01,88.72,79.25,94.5,2026-10-09,Chronos
658884,2026-11-02,88.64,79.06,94.44,2026-10-09,Chronos
658884,2026-11-03,88.72,79.03,94.4,2026-10-09,Chronos
658884,2026-11-04,88.61,78.93,94.54,2026-10-09,Chronos
658884,2026-11-05,88.72,78.39,94.94,2026-10-09,Chronos
658884,2026-11-06,88.75,77.42,95.57,2026-10-09,Chronos
658884,2026-11-07,88.7,76.69,95.83,2026-10-09,Chronos
658884,2026-11-08,88.68,76.83,95.86,2026-10-09,Chronos
659443,2026-10-10,84.32,83.73,84.82,2026-10-09,Chronos
659443,2026-10-11,84.22,83.45,84.98,2026-10-09,Chronos
659443,2026-10-12,84.03,83.12,85.01,2026-10-09,Chronos
659443,2026-10-13,83.91,82.64,84.97,2026-10-09,Chronos
659443,2026-10-14,83.71,82.42,85.13,2026-10-09,Chronos
659443,2026-10-15,83.69,82.05,85.22,2026-10-09,Chronos
659443,2026-10-16,83.55,81.86,85.3,2026-10-09,Chronos
659443,2026-10-17,83.34,81.43,85.32,2026-10-09,Chronos
659443,2026-10-18,83.07,81.08,85.3,2026-10-09,Chronos
659443,2026-10-19,82.94,80.63,85.51,2026-10-09,Chronos
659443,2026-10-20,82.73,80.39,85.49,2026-10-09,Chronos
659443,2026-10-21,82.59,80.17,85.61,2026-10-09,Chronos
659443,2026-10-22,82.35,79.67,85.81,2026-10-09,Chronos
659443,2026-10-23,82.33,79.36,86.12,2026-10-09,Chronos
659443,2026-10-24,82.18,79.12,86.17,2026-10-09,Chronos
659443,2026-10-25,82.09,78.85,85.99,2026-10-09,Chronos
659443,2026-10-26,81.88,78.47,85.65,2026-10-09,Chronos
659443,2026-10-27,81.64,77.78,85.81,2026-10-09,Chronos
659443,2026-10-28,81.51,77.42,85.97,2026-10-09,Chronos
659443,2026-10-29,81.41,76.97,86.01,2026-10-09,Chronos
659443,2026-10-30,81.06,76.74,86.45,2026-10-09,Chronos
659443,2026-10-31,81.07,76.45,86.32,2026-10-09,Chronos
659443,2026-11-01,80.91,76.23,86.31,2026-10-09,Chronos
659443,2026-11-02,80.66,75.8,86.33,2026-10-09,Chronos
659443,2026-11-03,80.51,75.19,86.6,2026-10-09,Chronos
659443,2026-11-04,80.47,74.91,86.94,2026-10-09,Chronos
659443,2026-11-05,80.2,74.04,87.08,2026-10-09,Chronos
659443,2026-11-06,80.09,73.57,87.36,2026-10-09,Chronos
659443,2026-11-07,79.93,72.64,87.57,2026-10-09,Chronos
659443,2026-11-08,79.69,72.62,87.84,2026-10-09,Chronos
660011,2026-10-10,706.59,697.62,712.99,2026-10-09,Chronos
660011,2026-10-11,705.89,691.54,714.02,2026-10-09,Chronos
660011,2026-10-12,704.74,686.75,715.59,2026-10-09,Chronos
660011,2026-10-13,702.83,685.56,718.5,2026-10-09,Chronos
660011,2026-10-14,701.0,676.76,720.77,2026-10-09,Chronos
660011,2026-10-15,699.91,671.84,720.49,2026-10-09,Chronos
660011,2026-10-16,699.26,669.7,722.04,2026-10-09,Chronos
660011,2026-10-17,697.22,664.31,722.35,2026-10-09,Chronos
660011,2026-10-18,695.65,656.53,723.47,2026-10-09,Chronos
660011,2026-10-19,693.09,652.52,721.97,2026-10-09,Chronos
660011,2026-10-20,689.3,640.21,722.65,2026-10-09,Chronos
660011,2026-10-21,686.38,632.22,721.25,2026-10-09,Chronos
660011,2026-10-22,680.5,618.98,718.32,2026-10-09,Chronos
660011,2026-10-23,679.9,601.76,719.49,2026-10-09,Chronos
660011,2026-10-24,676.88,592.05,718.89,2026-10-09,Chronos
660011,2026-10-25,672.97,582.14,720.21,2026-10-09,Chronos
660011,2026-10-26,675.86,533.56,717.28,2026-10-09,Chronos
660011,2026-10-27,673.26,519.99,718.13,2026-10-09,Chronos
660011,2026-10-28,671.34,504.85,718.82,2026-10-09,Chronos
660011,2026-10-29,667.97,493.97,718.75,2026-10-09,Chronos
660011,2026-10-30,666.42,478.09,718.08,2026-10-09,Chronos
660011,2026-10-31,663.21,460.09,719.61,2026-10-09,Chronos
660011,2026-11-01,661.58,436.37,720.57,2026-10-09,Chronos
660011,2026-11-02,656.53,425.98,719.54,2026-10-09,Chronos
660011,2026-11-03,653.53,418.84,718.66,2026-10-09,Chronos
660011,2026-11-04,651.08,404.13,716.94,2026-10-09,Chronos
660011,2026-11-05,650.38,398.89,719.79,2026-10-09,Chronos
660011,2026-11-06,647.73,381.5,720.59,2026-10-09,Chronos
660011,2026-11-07,642.69,370.59,717.59,2026-10-09,Chronos
660011,2026-11-08,643.29,368.03,719.78,2026-10-09,Chronos
660012,2026-10-10,200.83,198.85,202.13,2026-10-09,Chronos
660012,2026-10-11,200.71,198.51,202.21,2026-10-09,Chronos
660012,2026-10-12,200.67,198.14,202.24,2026-10-09,Chronos
660012,2026-10-13,200.55,197.75,202.32,2026-10-09,Chronos
660012,2026-10-14,200.38,197.45,203.01,2026-10-09,Chronos
660012,2026-10-15,200.68,197.19,203.18,2026-10-09,Chronos
660012,2026-10-16,200.59,197.14,203.45,2026-10-09,Chronos
660012,2026-10-17,200.42,196.78,203.5,2026-10-09,Chronos
660012,2026-10-18,200.37,196.27,203.73,2026-10-09,Chronos
660012,2026-10-19,200.53,196.06,204.16,2026-10-09,Chronos
660012,2026-10-20,200.28,195.45,204.22,2026-10-09,Chronos
660012,2026-10-21,200.32,195.37,204.22,2026-10-09,Chronos
660012,2026-10-22,200.25,194.71,204.59,2026-10-09,Chronos
660012,2026-10-23,200.43,194.58,204.88,2026-10-09,Chronos
660012,2026-10-24,200.29,194.54,205.48,2026-10-09,Chronos
660012,2026-10-25,200.18,194.02,205.23,2026-10-09,Chronos
660012,2026-10-26,201.09,192.56,206.74,2026-10-09,Chronos
660012,2026-10-27,201.01,192.67,206.68,2026-10-09,Chronos
660012,2026-10-28,200.87,191.94,206.9,2026-10-09,Chronos
660012,2026-10-29,200.83,190.48,206.88,2026-10-09,Chronos
660012,2026-10-30,200.56,190.34,207.99,2026-10-09,Chronos
660012,2026-10-31,200.91,189.96,207.77,2026-10-09,Chronos
660012,2026-11-01,200.86,188.38,208.26,2026-10-09,Chronos
660012,2026-11-02,200.7,187.62,208.18,2026-10-09,Chronos
660012,2026-11-03,200.72,187.14,208.55,2026-10-09,Chronos
660012,2026-11-04,200.85,187.67,209.58,2026-10-09,Chronos
660012,2026-11-05,200.6,185.88,209.76,2026-10-09,Chronos
660012,2026-11-06,200.7,185.49,210.4,2026-10-09,Chronos
660012,2026-11-07,200.52,183.6,211.12,2026-10-09,Chronos
660012,2026-11-08,200.58,183.16,211.59,2026-10-09,Chronos
660013,2026-10-10,10.98,10.84,11.11,2026-10-09,Chronos
660013,2026-10-11,10.96,10.73,11.19,2026-10-09,Chronos
660013,2026-10-12,10.89,10.69,11.18,2026-10-09,Chronos
660013,2026-10-13,10.87,10.58,11.17,2026-10-09,Chronos
660013,2026-10-14,10.85,10.54,11.15,2026-10-09,Chronos
660013,2026-10-15,10.85,10.5,11.2,2026-10-09,Chronos
660013,2026-10-16,10.84,10.47,11.25,2026-10-09,Chronos
660013,2026-10-17,10.82,10.42,11.24,2026-10-09,Chronos
660013,2026-10-18,10.8,10.35,11.26,2026-10-09,Chronos
660013,2026-10-19,10.75,10.28,11.32,2026-10-09,Chronos
660013,2026-10-20,10.74,10.21,11.43,2026-10-09,Chronos
660013,2026-10-21,10.73,10.22,11.43,2026-10-09,Chronos
660013,2026-10-22,10.73,10.17,11.53,2026-10-09,Chronos
660013,2026-10-23,10.72,10.12,11.59,2026-10-09,Chronos
660013,2026-10-24,10.69,10.02,11.8,2026-10-09,Chronos
660013,2026-10-25,10.67,9.98,11.81,2026-10-09,Chronos
660013,2026-10-26,10.63,9.82,11.76,2026-10-09,Chronos
660013,2026-10-27,10.66,9.77,11.68,2026-10-09,Chronos
660013,2026-10-28,10.63,9.64,11.75,2026-10-09,Chronos
660013,2026-10-29,10.64,9.6,11.86,2026-10-09,Chronos
660013,2026-10-30,10.61,9.4,12.01,2026-10-09,Chronos
660013,2026-10-31,10.59,9.38,12.05,2026-10-09,Chronos
660013,2026-11-01,10.58,9.28,12.12,2026-10-09,Chronos
660013,2026-11-02,10.5,9.12,12.26,2026-10-09,Chronos
660013,2026-11-03,10.51,9.01,12.35,2026-10-09,Chronos
660013,2026-11-04,10.42,8.86,12.54,2026-10-09,Chronos
660013,2026-11-05,10.43,8.6,12.7,2026-10-09,Chronos
660013,2026-11-06,10.4,8.45,12.8,2026-10-09,Chronos
660013,2026-11-07,10.37,8.3,12.98,2026-10-09,Chronos
660013,2026-11-08,10.34,8.35,13.13,2026-10-09,Chronos
660026,2026-10-10,17.51,17.25,17.76,2026-10-09,Chronos
660026,2026-10-11,17.39,16.99,17.63,2026-10-09,Chronos
660026,2026-10-12,17.29,16.81,17.58,2026-10-09,Chronos
660026,2026-10-13,17.16,16.68,17.54,2026-10-09,Chronos
660026,2026-10-14,17.06,16.46,17.52,2026-10-09,Chronos
660026,2026-10-15,16.93,16.28,17.41,2026-10-09,Chronos
660026,2026-10-16,16.83,16.13,17.37,2026-10-09,Chronos
660026,2026-10-17,16.71,15.94,17.3,2026-10-09,Chronos
660026,2026-10-18,16.58,15.7,17.24,2026-10-09,Chronos
660026,2026-10-19,16.46,15.55,17.2,2026-10-09,Chronos
660026,2026-10-20,16.29,15.27,17.07,2026-10-09,Chronos
660026,2026-10-21,16.12,15.07,16.92,2026-10-09,Chronos
660026,2026-10-22,15.94,14.77,16.77,2026-10-09,Chronos
660026,2026-10-23,15.75,14.53,16.64,2026-10-09,Chronos
660026,2026-10-24,15.58,14.27,16.61,2026-10-09,Chronos
660026,2026-10-25,15.34,13.96,16.41,2026-10-09,Chronos
660026,2026-10-26,15.11,13.68,16.22,2026-10-09,Chronos
660026,2026-10-27,14.91,13.34,16.15,2026-10-09,Chronos
660026,2026-10-28,14.74,13.11,16.04,2026-10-09,Chronos
660026,2026-10-29,14.5,12.8,15.92,2026-10-09,Chronos
660026,2026-10-30,14.27,12.49,15.82,2026-10-09,Chronos
660026,2026-10-31,14.06,12.21,15.61,2026-10-09,Chronos
660026,2026-11-01,13.83,11.91,15.52,2026-10-09,Chronos
660026,2026-11-02,13.55,11.57,15.41,2026-10-09,Chronos
660026,2026-11-03,13.27,11.29,15.29,2026-10-09,Chronos
660026,2026-11-04,13.13,11.11,15.23,2026-10-09,Chronos
660026,2026-11-05,12.9,10.94,15.09,2026-10-09,Chronos
660026,2026-11-06,12.69,10.79,14.9,2026-10-09,Chronos
660026,2026-11-07,12.56,10.66,14.79,2026-10-09,Chronos
660026,2026-11-08,12.39,10.55,14.67,2026-10-09,Chronos
660027,2026-10-10,131.21,130.02,132.71,2026-10-09,Chronos
660027,2026-10-11,131.2,128.61,133.02,2026-10-09,Chronos
660027,2026-10-12,131.49,128.55,133.75,2026-10-09,Chronos
660027,2026-10-13,131.52,128.59,134.82,2026-10-09,Chronos
660027,2026-10-14,131.75,127.48,135.65,2026-10-09,Chronos
660027,2026-10-15,131.69,126.73,136.22,2026-10-09,Chronos
660027,2026-10-16,131.93,126.6,136.89,2026-10-09,Chronos
660027,2026-10-17,132.23,126.25,137.67,2026-10-09,Chronos
660027,2026-10-18,132.58,125.58,138.03,2026-10-09,Chronos
660027,2026-10-19,132.39,125.0,138.35,2026-10-09,Chronos
660027,2026-10-20,132.46,123.93,139.25,2026-10-09,Chronos
660027,2026-10-21,132.44,123.41,139.7,2026-10-09,Chronos
660027,2026-10-22,132.22,121.58,140.47,2026-10-09,Chronos
660027,2026-10-23,132.34,120.39,140.54,2026-10-09,Chronos
660027,2026-10-24,132.66,118.07,141.21,2026-10-09,Chronos
660027,2026-10-25,132.22,117.49,141.24,2026-10-09,Chronos
660027,2026-10-26,133.59,118.93,143.71,2026-10-09,Chronos
660027,2026-10-27,133.48,117.19,144.13,2026-10-09,Chronos
660027,2026-10-28,133.61,115.79,145.14,2026-10-09,Chronos
660027,2026-10-29,133.49,114.98,145.78,2026-10-09,Chronos
660027,2026-10-30,133.37,112.99,145.78,2026-10-09,Chronos
660027,2026-10-31,133.31,111.55,147.0,2026-10-09,Chronos
660027,2026-11-01,133.2,109.7,147.45,2026-10-09,Chronos
660027,2026-11-02,133.6,109.07,148.22,2026-10-09,Chronos
660027,2026-11-03,133.77,108.63,148.53,2026-10-09,Chronos
660027,2026-11-04,133.04,106.54,149.17,2026-10-09,Chronos
660027,2026-11-05,133.31,106.09,150.29,2026-10-09,Chronos
660027,2026-11-06,133.17,104.39,150.6,2026-10-09,Chronos
660027,2026-11-07,133.26,102.93,151.27,2026-10-09,Chronos
660027,2026-11-08,133.0,102.25,150.83,2026-10-09,Chronos
660028,2026-10-10,73.48,72.55,74.04,2026-10-09,Chronos
660028,2026-10-11,73.34,72.14,74.36,2026-10-09,Chronos
660028,2026-10-12,72.97,71.76,74.14,2026-10-09,Chronos
660028,2026-10-13,72.73,71.36,74.22,2026-10-09,Chronos
660028,2026-10-14,72.49,70.83,74.02,2026-10-09,Chronos
660028,2026-10-15,72.29,70.54,73.97,2026-10-09,Chronos
660028,2026-10-16,72.13,70.18,74.04,2026-10-09,Chronos
660028,2026-10-17,71.77,69.71,73.94,2026-10-09,Chronos
660028,2026-10-18,71.64,69.27,73.86,2026-10-09,Chronos
660028,2026-10-19,71.28,68.8,73.91,2026-10-09,Chronos
660028,2026-10-20,71.04,68.31,74.02,2026-10-09,Chronos
660028,2026-10-21,70.81,67.96,73.83,2026-10-09,Chronos
660028,2026-10-22,70.51,67.29,74.0,2026-10-09,Chronos
660028,2026-10-23,70.19,66.97,74.01,2026-10-09,Chronos
660028,2026-10-24,69.93,66.49,74.1,2026-10-09,Chronos
660028,2026-10-25,69.57,66.06,73.93,2026-10-09,Chronos
660028,2026-10-26,68.82,64.33,74.66,2026-10-09,Chronos
660028,2026-10-27,68.62,63.72,74.53,2026-10-09,Chronos
660028,2026-10-28,68.12,62.92,74.44,2026-10-09,Chronos
660028,2026-10-29,67.85,62.59,74.57,2026-10-09,Chronos
660028,2026-10-30,67.49,61.84,74.31,2026-10-09,Chronos
660028,2026-10-31,67.12,61.78,74.34,2026-10-09,Chronos
660028,2026-11-01,66.82,61.38,74.29,2026-10-09,Chronos
660028,2026-11-02,66.51,60.91,74.57,2026-10-09,Chronos
660028,2026-11-03,66.3,60.61,74.99,2026-10-09,Chronos
660028,2026-11-04,66.05,60.07,75.03,2026-10-09,Chronos
660028,2026-11-05,65.69,59.72,75.41,2026-10-09,Chronos
660028,2026-11-06,65.42,59.45,75.64,2026-10-09,Chronos
660028,2026-11-07,65.11,58.68,76.04,2026-10-09,Chronos
660028,2026-11-08,64.71,58.6,76.43,2026-10-09,Chronos
660029,2026-10-10,512.53,500.47,522.2,2026-10-09,Chronos
660029,2026-10-11,510.46,493.56,522.33,2026-10-09,Chronos
660029,2026-10-12,507.53,486.31,522.48,2026-10-09,Chronos
660029,2026-10-13,505.31,483.1,522.12,2026-10-09,Chronos
660029,2026-10-14,502.24,477.73,523.32,2026-10-09,Chronos
660029,2026-10-15,500.04,471.95,521.92,2026-10-09,Chronos
660029,2026-10-16,497.29,468.0,521.48,2026-10-09,Chronos
660029,2026-10-17,492.87,461.82,519.93,2026-10-09,Chronos
660029,2026-10-18,489.23,454.02,519.26,2026-10-09,Chronos
660029,2026-10-19,486.07,448.75,520.05,2026-10-09,Chronos
660029,2026-10-20,481.46,440.36,517.0,2026-10-09,Chronos
660029,2026-10-21,477.21,432.6,514.06,2026-10-09,Chronos
660029,2026-10-22,473.87,424.65,511.02,2026-10-09,Chronos
660029,2026-10-23,469.45,419.5,511.02,2026-10-09,Chronos
660029,2026-10-24,465.08,411.26,509.32,2026-10-09,Chronos
660029,2026-10-25,458.46,400.99,503.84,2026-10-09,Chronos
660029,2026-10-26,458.78,392.93,507.59,2026-10-09,Chronos
660029,2026-10-27,454.57,383.31,507.2,2026-10-09,Chronos
660029,2026-10-28,450.09,376.1,503.8,2026-10-09,Chronos
660029,2026-10-29,443.76,366.86,502.19,2026-10-09,Chronos
660029,2026-10-30,438.07,357.96,500.14,2026-10-09,Chronos
660029,2026-10-31,434.21,350.52,496.47,2026-10-09,Chronos
660029,2026-11-01,426.62,342.26,494.01,2026-10-09,Chronos
660029,2026-11-02,421.25,334.76,492.49,2026-10-09,Chronos
660029,2026-11-03,414.97,328.54,492.52,2026-10-09,Chronos
660029,2026-11-04,409.7,320.88,489.58,2026-10-09,Chronos
660029,2026-11-05,404.18,315.99,489.95,2026-10-09,Chronos
660029,2026-11-06,398.43,311.0,483.35,2026-10-09,Chronos
660029,2026-11-07,391.88,302.92,480.26,2026-10-09,Chronos
660029,2026-11-08,386.94,298.01,481.18,2026-10-09,Chronos
660030,2026-10-10,200.46,198.51,201.92,2026-10-09,Chronos
660030,2026-10-11,200.42,198.06,202.01,2026-10-09,Chronos
660030,2026-10-12,200.59,197.91,202.09,2026-10-09,Chronos
660030,2026-10-13,200.06,198.04,202.31,2026-10-09,Chronos
660030,2026-10-14,200.06,197.21,202.3,2026-10-09,Chronos
660030,2026-10-15,200.01,196.91,202.4,2026-10-09,Chronos
660030,2026-10-16,200.08,196.88,202.3,2026-10-09,Chronos
660030,2026-10-17,200.17,196.33,202.65,2026-10-09,Chronos
660030,2026-10-18,200.31,196.03,202.6,2026-10-09,Chronos
660030,2026-10-19,200.11,195.99,203.03,2026-10-09,Chronos
660030,2026-10-20,199.97,195.22,203.37,2026-10-09,Chronos
660030,2026-10-21,199.74,194.64,202.58,2026-10-09,Chronos
660030,2026-10-22,199.03,193.87,202.48,2026-10-09,Chronos
660030,2026-10-23,199.32,193.9,202.24,2026-10-09,Chronos
660030,2026-10-24,199.45,193.96,202.76,2026-10-09,Chronos
660030,2026-10-25,198.97,193.97,202.69,2026-10-09,Chronos
660030,2026-10-26,198.94,185.85,203.47,2026-10-09,Chronos
660030,2026-10-27,199.07,186.12,203.11,2026-10-09,Chronos
660030,2026-10-28,199.33,184.73,203.47,2026-10-09,Chronos
660030,2026-10-29,198.21,180.65,203.56,2026-10-09,Chronos
660030,2026-10-30,198.34,178.53,203.55,2026-10-09,Chronos
660030,2026-10-31,198.27,175.44,203.43,2026-10-09,Chronos
660030,2026-11-01,198.07,171.0,203.43,2026-10-09,Chronos
660030,2026-11-02,198.38,167.28,203.93,2026-10-09,Chronos
660030,2026-11-03,198.03,166.36,203.67,2026-10-09,Chronos
660030,2026-11-04,197.83,166.03,203.8,2026-10-09,Chronos
660030,2026-11-05,198.07,162.78,204.5,2026-10-09,Chronos
660030,2026-11-06,197.55,161.5,204.09,2026-10-09,Chronos
660030,2026-11-07,196.81,158.71,203.81,2026-10-09,Chronos
660030,2026-11-08,196.97,154.92,203.67,2026-10-09,Chronos
660031,2026-10-10,45.15,44.86,45.32,2026-10-09,Chronos
660031,2026-10-11,45.13,44.67,45.46,2026-10-09,Chronos
660031,2026-10-12,45.1,44.48,45.57,2026-10-09,Chronos
660031,2026-10-13,45.08,44.42,45.62,2026-10-09,Chronos
660031,2026-10-14,45.03,44.26,45.71,2026-10-09,Chronos
660031,2026-10-15,45.0,44.14,45.73,2026-10-09,Chronos
660031,2026-10-16,44.96,44.0,45.78,2026-10-09,Chronos
660031,2026-10-17,44.91,43.83,45.82,2026-10-09,Chronos
660031,2026-10-18,44.87,43.69,45.84,2026-10-09,Chronos
660031,2026-10-19,44.81,43.57,45.87,2026-10-09,Chronos
660031,2026-10-20,44.74,43.39,45.86,2026-10-09,Chronos
660031,2026-10-21,44.68,43.24,45.84,2026-10-09,Chronos
660031,2026-10-22,44.65,43.12,45.8,2026-10-09,Chronos
660031,2026-10-23,44.57,43.07,45.85,2026-10-09,Chronos
660031,2026-10-24,44.53,42.89,45.88,2026-10-09,Chronos
660031,2026-10-25,44.48,42.8,45.84,2026-10-09,Chronos
660031,2026-10-26,44.42,42.61,45.86,2026-10-09,Chronos
660031,2026-10-27,44.37,42.49,45.88,2026-10-09,Chronos
660031,2026-10-28,44.3,42.36,45.88,2026-10-09,Chronos
660031,2026-10-29,44.24,42.24,45.91,2026-10-09,Chronos
660031,2026-10-30,44.18,42.14,45.92,2026-10-09,Chronos
660031,2026-10-31,44.14,42.02,45.89,2026-10-09,Chronos
660031,2026-11-01,44.08,41.85,45.9,2026-10-09,Chronos
660031,2026-11-02,44.01,41.7,45.92,2026-10-09,Chronos
660031,2026-11-03,43.97,41.65,45.94,2026-10-09,Chronos
660031,2026-11-04,43.91,41.52,45.94,2026-10-09,Chronos
660031,2026-11-05,43.84,41.37,45.94,2026-10-09,Chronos
660031,2026-11-06,43.78,41.25,45.94,2026-10-09,Chronos
660031,2026-11-07,43.69,41.17,45.88,2026-10-09,Chronos
660031,2026-11-08,43.66,41.08,45.89,2026-10-09,Chronos
660035,2026-10-10,135.91,134.79,137.11,2026-10-09,Chronos
660035,2026-10-11,135.78,134.09,137.36,2026-10-09,Chronos
660035,2026-10-12,135.51,133.48,137.57,2026-10-09,Chronos
660035,2026-10-13,135.32,133.01,137.74,2026-10-09,Chronos
660035,2026-10-14,135.05,132.57,137.78,2026-10-09,Chronos
660035,2026-10-15,134.87,131.99,137.92,2026-10-09,Chronos
660035,2026-10-16,134.64,131.48,138.06,2026-10-09,Chronos
660035,2026-10-17,134.27,130.67,137.86,2026-10-09,Chronos
660035,2026-10-18,134.11,130.15,138.08,2026-10-09,Chronos
660035,2026-10-19,133.82,129.5,138.26,2026-10-09,Chronos
660035,2026-10-20,133.6,128.95,138.66,2026-10-09,Chronos
660035,2026-10-21,133.38,128.47,138.57,2026-10-09,Chronos
660035,2026-10-22,133.1,127.72,138.81,2026-10-09,Chronos
660035,2026-10-23,132.84,127.42,138.98,2026-10-09,Chronos
660035,2026-10-24,132.58,126.92,139.02,2026-10-09,Chronos
660035,2026-10-25,132.42,126.18,139.07,2026-10-09,Chronos
660035,2026-10-26,132.1,126.09,139.33,2026-10-09,Chronos
660035,2026-10-27,131.78,125.4,139.1,2026-10-09,Chronos
660035,2026-10-28,131.39,124.76,139.3,2026-10-09,Chronos
660035,2026-10-29,131.11,124.31,139.23,2026-10-09,Chronos
660035,2026-10-30,130.94,123.45,139.31,2026-10-09,Chronos
660035,2026-10-31,130.68,123.12,139.66,2026-10-09,Chronos
660035,2026-11-01,130.43,122.68,139.79,2026-10-09,Chronos
660035,2026-11-02,130.08,121.94,139.82,2026-10-09,Chronos
660035,2026-11-03,129.97,121.57,139.89,2026-10-09,Chronos
660035,2026-11-04,129.64,121.11,139.85,2026-10-09,Chronos
660035,2026-11-05,129.49,120.47,139.98,2026-10-09,Chronos
660035,2026-11-06,129.25,120.02,140.13,2026-10-09,Chronos
660035,2026-11-07,129.0,119.51,140.43,2026-10-09,Chronos
660035,2026-11-08,128.45,119.0,140.35,2026-10-09,Chronos
660041,2026-10-10,253.92,246.4,259.58,2026-10-09,Chronos
660041,2026-10-11,254.27,245.9,260.79,2026-10-09,Chronos
660041,2026-10-12,253.81,244.03,262.11,2026-10-09,Chronos
660041,2026-10-13,254.31,243.51,263.87,2026-10-09,Chronos
660041,2026-10-14,253.39,241.7,267.33,2026-10-09,Chronos
660041,2026-10-15,254.5,239.21,267.92,2026-10-09,Chronos
660041,2026-10-16,254.2,236.64,269.78,2026-10-09,Chronos
660041,2026-10-17,254.41,234.63,273.57,2026-10-09,Chronos
660041,2026-10-18,254.44,235.08,276.26,2026-10-09,Chronos
660041,2026-10-19,255.05,232.43,278.11,2026-10-09,Chronos
660041,2026-10-20,254.51,231.78,279.35,2026-10-09,Chronos
660041,2026-10-21,254.83,230.51,281.99,2026-10-09,Chronos
660041,2026-10-22,254.44,224.79,285.36,2026-10-09,Chronos
660041,2026-10-23,253.63,219.26,289.94,2026-10-09,Chronos
660041,2026-10-24,253.02,213.7,294.29,2026-10-09,Chronos
660041,2026-10-25,253.21,212.28,296.09,2026-10-09,Chronos
660041,2026-10-26,252.39,212.31,302.46,2026-10-09,Chronos
660041,2026-10-27,251.69,208.83,311.11,2026-10-09,Chronos
660041,2026-10-28,251.24,206.6,314.15,2026-10-09,Chronos
660041,2026-10-29,251.03,200.69,327.73,2026-10-09,Chronos
660041,2026-10-30,250.7,195.81,336.85,2026-10-09,Chronos
660041,2026-10-31,250.93,190.61,344.17,2026-10-09,Chronos
660041,2026-11-01,251.12,185.25,340.01,2026-10-09,Chronos
660041,2026-11-02,250.48,179.54,353.97,2026-10-09,Chronos
660041,2026-11-03,249.72,182.18,350.92,2026-10-09,Chronos
660041,2026-11-04,249.03,179.02,345.75,2026-10-09,Chronos
660041,2026-11-05,247.93,174.22,355.31,2026-10-09,Chronos
660041,2026-11-06,247.5,170.98,360.09,2026-10-09,Chronos
660041,2026-11-07,245.48,164.51,370.37,2026-10-09,Chronos
660041,2026-11-08,244.44,157.06,381.02,2026-10-09,Chronos
660042,2026-10-10,50.21,49.5,50.74,2026-10-09,Chronos
660042,2026-10-11,50.03,49.14,50.83,2026-10-09,Chronos
660042,2026-10-12,49.8,48.71,50.83,2026-10-09,Chronos
660042,2026-10-13,49.62,48.38,50.83,2026-10-09,Chronos
660042,2026-10-14,49.45,48.11,50.79,2026-10-09,Chronos
660042,2026-10-15,49.3,47.72,50.77,2026-10-09,Chronos
660042,2026-10-16,49.13,47.38,50.78,2026-10-09,Chronos
660042,2026-10-17,48.9,46.99,50.75,2026-10-09,Chronos
660042,2026-10-18,48.74,46.75,50.73,2026-10-09,Chronos
660042,2026-10-19,48.57,46.48,50.66,2026-10-09,Chronos
660042,2026-10-20,48.35,46.18,50.64,2026-10-09,Chronos
660042,2026-10-21,48.2,45.95,50.63,2026-10-09,Chronos
660042,2026-10-22,48.03,45.61,50.63,2026-10-09,Chronos
660042,2026-10-23,47.83,45.46,50.59,2026-10-09,Chronos
660042,2026-10-24,47.65,45.14,50.54,2026-10-09,Chronos
660042,2026-10-25,47.52,44.9,50.5,2026-10-09,Chronos
660042,2026-10-26,47.13,44.27,50.58,2026-10-09,Chronos
660042,2026-10-27,47.02,44.02,50.55,2026-10-09,Chronos
660042,2026-10-28,46.83,43.77,50.48,2026-10-09,Chronos
660042,2026-10-29,46.67,43.57,50.51,2026-10-09,Chronos
660042,2026-10-30,46.53,43.39,50.5,2026-10-09,Chronos
660042,2026-10-31,46.41,43.17,50.65,2026-10-09,Chronos
660042,2026-11-01,46.28,42.97,50.73,2026-10-09,Chronos
660042,2026-11-02,46.09,42.9,50.67,2026-10-09,Chronos
660042,2026-11-03,45.98,42.72,50.64,2026-10-09,Chronos
660042,2026-11-04,45.9,42.62,50.65,2026-10-09,Chronos
660042,2026-11-05,45.77,42.44,50.75,2026-10-09,Chronos
660042,2026-11-06,45.64,42.29,50.75,2026-10-09,Chronos
660042,2026-11-07,45.52,42.2,50.78,2026-10-09,Chronos
660042,2026-11-08,45.39,42.03,50.84,2026-10-09,Chronos
660043,2026-10-10,142.18,141.01,143.44,2026-10-09,Chronos
660043,2026-10-11,142.08,140.13,143.73,2026-10-09,Chronos
660043,2026-10-12,141.92,139.51,143.86,2026-10-09,Chronos
660043,2026-10-13,141.7,139.32,144.05,2026-10-09,Chronos
660043,2026-10-14,141.5,138.52,144.25,2026-10-09,Chronos
660043,2026-10-15,141.43,138.03,144.44,2026-10-09,Chronos
660043,2026-10-16,141.48,137.97,144.72,2026-10-09,Chronos
660043,2026-10-17,141.3,137.26,144.89,2026-10-09,Chronos
660043,2026-10-18,141.24,136.83,145.07,2026-10-09,Chronos
660043,2026-10-19,141.0,136.23,145.17,2026-10-09,Chronos
660043,2026-10-20,140.74,135.52,145.35,2026-10-09,Chronos
660043,2026-10-21,140.67,135.25,145.22,2026-10-09,Chronos
660043,2026-10-22,140.23,134.47,145.23,2026-10-09,Chronos
660043,2026-10-23,140.28,133.81,145.41,2026-10-09,Chronos
660043,2026-10-24,140.26,133.39,145.66,2026-10-09,Chronos
660043,2026-10-25,139.99,133.36,145.86,2026-10-09,Chronos
660043,2026-10-26,140.53,133.22,145.2,2026-10-09,Chronos
660043,2026-10-27,140.34,132.74,145.39,2026-10-09,Chronos
660043,2026-10-28,140.23,131.58,145.89,2026-10-09,Chronos
660043,2026-10-29,140.17,130.29,146.33,2026-10-09,Chronos
660043,2026-10-30,140.02,130.14,146.55,2026-10-09,Chronos
660043,2026-10-31,139.97,129.31,146.72,2026-10-09,Chronos
660043,2026-11-01,140.01,128.09,147.26,2026-10-09,Chronos
660043,2026-11-02,139.95,127.09,147.42,2026-10-09,Chronos
660043,2026-11-03,140.0,126.1,147.87,2026-10-09,Chronos
660043,2026-11-04,139.76,125.66,147.96,2026-10-09,Chronos
660043,2026-11-05,139.67,123.32,148.74,2026-10-09,Chronos
660043,2026-11-06,139.66,122.11,149.19,2026-10-09,Chronos
660043,2026-11-07,139.34,120.48,149.52,2026-10-09,Chronos
660043,2026-11-08,139.33,119.12,149.65,2026-10-09,Chronos
660044,2026-10-10,86.17,85.13,86.6,2026-10-09,Chronos
660044,2026-10-11,86.02,84.57,86.94,2026-10-09,Chronos
660044,2026-10-12,85.86,83.88,87.13,2026-10-09,Chronos
660044,2026-10-13,85.72,83.52,87.37,2026-10-09,Chronos
660044,2026-10-14,85.51,83.01,87.89,2026-10-09,Chronos
660044,2026-10-15,85.54,82.63,88.08,2026-10-09,Chronos
660044,2026-10-16,85.46,82.27,88.33,2026-10-09,Chronos
660044,2026-10-17,85.27,81.68,88.59,2026-10-09,Chronos
660044,2026-10-18,85.25,81.36,89.0,2026-10-09,Chronos
660044,2026-10-19,85.16,80.93,89.34,2026-10-09,Chronos
660044,2026-10-20,85.04,80.3,89.8,2026-10-09,Chronos
660044,2026-10-21,85.02,80.01,90.09,2026-10-09,Chronos
660044,2026-10-22,85.01,79.21,90.51,2026-10-09,Chronos
660044,2026-10-23,84.8,78.99,90.98,2026-10-09,Chronos
660044,2026-10-24,84.71,78.08,90.89,2026-10-09,Chronos
660044,2026-10-25,84.63,77.48,91.03,2026-10-09,Chronos
660044,2026-10-26,84.08,76.01,89.89,2026-10-09,Chronos
660044,2026-10-27,83.85,75.56,90.04,2026-10-09,Chronos
660044,2026-10-28,83.76,74.97,90.23,2026-10-09,Chronos
660044,2026-10-29,83.7,74.51,90.56,2026-10-09,Chronos
660044,2026-10-30,83.59,74.03,90.8,2026-10-09,Chronos
660044,2026-10-31,83.63,73.72,90.95,2026-10-09,Chronos
660044,2026-11-01,83.46,73.03,91.13,2026-10-09,Chronos
660044,2026-11-02,83.42,72.55,91.28,2026-10-09,Chronos
660044,2026-11-03,83.34,72.32,91.59,2026-10-09,Chronos
660044,2026-11-04,83.34,71.74,91.71,2026-10-09,Chronos
660044,2026-11-05,83.14,71.03,92.07,2026-10-09,Chronos
660044,2026-11-06,83.09,70.37,92.42,2026-10-09,Chronos
660044,2026-11-07,82.98,69.96,92.5,2026-10-09,Chronos
660044,2026-11-08,82.79,69.69,92.55,2026-10-09,Chronos
660173,2026-10-10,69.73,69.39,70.05,2026-10-09,Chronos
660173,2026-10-11,69.7,69.3,70.09,2026-10-09,Chronos
660173,2026-10-12,69.7,69.19,70.03,2026-10-09,Chronos
660173,2026-10-13,69.64,69.1,70.04,2026-10-09,Chronos
660173,2026-10-14,69.53,69.1,70.2,2026-10-09,Chronos
660173,2026-10-15,69.6,68.99,70.15,2026-10-09,Chronos
660173,2026-10-16,69.59,68.93,70.14,2026-10-09,Chronos
660173,2026-10-17,69.51,68.86,70.19,2026-10-09,Chronos
660173,2026-10-18,69.44,68.78,70.21,2026-10-09,Chronos
660173,2026-10-19,69.49,68.72,70.19,2026-10-09,Chronos
660173,2026-10-20,69.44,68.68,70.18,2026-10-09,Chronos
660173,2026-10-21,69.47,68.62,70.33,2026-10-09,Chronos
660173,2026-10-22,69.45,68.57,70.35,2026-10-09,Chronos
660173,2026-10-23,69.44,68.6,70.38,2026-10-09,Chronos
660173,2026-10-24,69.31,68.49,70.3,2026-10-09,Chronos
660173,2026-10-25,69.36,68.42,70.31,2026-10-09,Chronos
660173,2026-10-26,69.23,67.63,70.52,2026-10-09,Chronos
660173,2026-10-27,69.19,67.61,70.46,2026-10-09,Chronos
660173,2026-10-28,69.19,67.5,70.46,2026-10-09,Chronos
660173,2026-10-29,69.13,67.49,70.45,2026-10-09,Chronos
660173,2026-10-30,69.01,67.34,70.57,2026-10-09,Chronos
660173,2026-10-31,69.11,67.22,70.62,2026-10-09,Chronos
660173,2026-11-01,69.1,67.11,70.65,2026-10-09,Chronos
660173,2026-11-02,69.01,66.99,70.71,2026-10-09,Chronos
660173,2026-11-03,68.94,66.88,70.76,2026-10-09,Chronos
660173,2026-11-04,68.99,66.83,70.77,2026-10-09,Chronos
660173,2026-11-05,68.96,66.78,70.79,2026-10-09,Chronos
660173,2026-11-06,68.97,66.71,70.89,2026-10-09,Chronos
660173,2026-11-07,68.95,66.62,70.9,2026-10-09,Chronos
660173,2026-11-08,68.94,66.56,70.89,2026-10-09,Chronos
660188,2026-10-10,19.72,19.17,20.0,2026-10-09,Chronos
660188,2026-10-11,19.64,18.69,20.03,2026-10-09,Chronos
660188,2026-10-12,19.54,18.26,20.18,2026-10-09,Chronos
660188,2026-10-13,19.38,17.95,20.34,2026-10-09,Chronos
660188,2026-10-14,19.31,17.62,20.45,2026-10-09,Chronos
660188,2026-10-15,19.22,17.19,20.55,2026-10-09,Chronos
660188,2026-10-16,19.18,16.77,20.69,2026-10-09,Chronos
660188,2026-10-17,19.18,16.51,20.77,2026-10-09,Chronos
660188,2026-10-18,19.15,16.1,20.82,2026-10-09,Chronos
660188,2026-10-19,19.06,15.77,20.88,2026-10-09,Chronos
660188,2026-10-20,19.05,15.27,20.99,2026-10-09,Chronos
660188,2026-10-21,18.95,14.59,21.08,2026-10-09,Chronos
660188,2026-10-22,18.79,13.89,21.06,2026-10-09,Chronos
660188,2026-10-23,18.77,13.31,21.0,2026-10-09,Chronos
660188,2026-10-24,18.72,12.92,21.11,2026-10-09,Chronos
660188,2026-10-25,18.51,12.72,21.09,2026-10-09,Chronos
660188,2026-10-26,18.58,12.81,21.14,2026-10-09,Chronos
660188,2026-10-27,18.55,12.44,21.29,2026-10-09,Chronos
660188,2026-10-28,18.51,11.94,21.29,2026-10-09,Chronos
660188,2026-10-29,18.36,11.66,21.39,2026-10-09,Chronos
660188,2026-10-30,18.4,11.48,21.44,2026-10-09,Chronos
660188,2026-10-31,18.27,11.0,21.63,2026-10-09,Chronos
660188,2026-11-01,18.23,10.69,21.54,2026-10-09,Chronos
660188,2026-11-02,18.18,10.49,21.68,2026-10-09,Chronos
660188,2026-11-03,18.17,10.41,21.61,2026-10-09,Chronos
660188,2026-11-04,18.09,9.91,21.67,2026-10-09,Chronos
660188,2026-11-05,18.11,9.84,21.82,2026-10-09,Chronos
660188,2026-11-06,18.04,9.55,21.85,2026-10-09,Chronos
660188,2026-11-07,17.91,9.42,21.87,2026-10-09,Chronos
660188,2026-11-08,17.99,9.32,21.82,2026-10-09,Chronos
660189,2026-10-10,4.55,4.48,4.59,2026-10-09,Chronos
660189,2026-10-11,4.55,4.46,4.62,2026-10-09,Chronos
660189,2026-10-12,4.54,4.43,4.64,2026-10-09,Chronos
660189,2026-10-13,4.54,4.42,4.65,2026-10-09,Chronos
660189,2026-10-14,4.54,4.4,4.68,2026-10-09,Chronos
660189,2026-10-15,4.55,4.39,4.7,2026-10-09,Chronos
660189,2026-10-16,4.55,4.39,4.72,2026-10-09,Chronos
660189,2026-10-17,4.55,4.37,4.73,2026-10-09,Chronos
660189,2026-10-18,4.56,4.35,4.75,2026-10-09,Chronos
660189,2026-10-19,4.56,4.34,4.77,2026-10-09,Chronos
660189,2026-10-20,4.56,4.32,4.79,2026-10-09,Chronos
660189,2026-10-21,4.56,4.33,4.81,2026-10-09,Chronos
660189,2026-10-22,4.56,4.3,4.83,2026-10-09,Chronos
660189,2026-10-23,4.56,4.28,4.84,2026-10-09,Chronos
660189,2026-10-24,4.56,4.26,4.85,2026-10-09,Chronos
660189,2026-10-25,4.56,4.26,4.86,2026-10-09,Chronos
660189,2026-10-26,4.57,4.24,4.92,2026-10-09,Chronos
660189,2026-10-27,4.57,4.22,4.93,2026-10-09,Chronos
660189,2026-10-28,4.57,4.22,4.94,2026-10-09,Chronos
660189,2026-10-29,4.57,4.21,4.97,2026-10-09,Chronos
660189,2026-10-30,4.57,4.19,4.97,2026-10-09,Chronos
660189,2026-10-31,4.57,4.19,5.0,2026-10-09,Chronos
660189,2026-11-01,4.58,4.18,5.01,2026-10-09,Chronos
660189,2026-11-02,4.57,4.17,5.02,2026-10-09,Chronos
660189,2026-11-03,4.58,4.16,5.04,2026-10-09,Chronos
660189,2026-11-04,4.59,4.15,5.05,2026-10-09,Chronos
660189,2026-11-05,4.58,4.14,5.07,2026-10-09,Chronos
660189,2026-11-06,4.58,4.12,5.1,2026-10-09,Chronos
660189,2026-11-07,4.58,4.09,5.11,2026-10-09,Chronos
660189,2026-11-08,4.58,4.11,5.1,2026-10-09,Chronos
660190,2026-10-10,4.51,4.46,4.56,2026-10-09,Chronos
660190,2026-10-11,4.51,4.44,4.58,2026-10-09,Chronos
660190,2026-10-12,4.51,4.4,4.6,2026-10-09,Chronos
660190,2026-10-13,4.51,4.38,4.63,2026-10-09,Chronos
660190,2026-10-14,4.51,4.36,4.66,2026-10-09,Chronos
660190,2026-10-15,4.52,4.33,4.67,2026-10-09,Chronos
660190,2026-10-16,4.51,4.31,4.69,2026-10-09,Chronos
660190,2026-10-17,4.51,4.29,4.7,2026-10-09,Chronos
660190,2026-10-18,4.5,4.26,4.72,2026-10-09,Chronos
660190,2026-10-19,4.51,4.24,4.73,2026-10-09,Chronos
660190,2026-10-20,4.5,4.22,4.75,2026-10-09,Chronos
660190,2026-10-21,4.51,4.21,4.76,2026-10-09,Chronos
660190,2026-10-22,4.51,4.21,4.79,2026-10-09,Chronos
660190,2026-10-23,4.51,4.19,4.8,2026-10-09,Chronos
660190,2026-10-24,4.5,4.19,4.81,2026-10-09,Chronos
660190,2026-10-25,4.5,4.19,4.82,2026-10-09,Chronos
660190,2026-10-26,4.52,4.14,4.9,2026-10-09,Chronos
660190,2026-10-27,4.52,4.13,4.92,2026-10-09,Chronos
660190,2026-10-28,4.52,4.1,4.93,2026-10-09,Chronos
660190,2026-10-29,4.51,4.07,4.95,2026-10-09,Chronos
660190,2026-10-30,4.52,4.06,4.98,2026-10-09,Chronos
660190,2026-10-31,4.52,4.05,4.99,2026-10-09,Chronos
660190,2026-11-01,4.52,4.03,5.01,2026-10-09,Chronos
660190,2026-11-02,4.51,4.01,5.0,2026-10-09,Chronos
660190,2026-11-03,4.51,3.98,5.04,2026-10-09,Chronos
660190,2026-11-04,4.52,3.96,5.05,2026-10-09,Chronos
660190,2026-11-05,4.51,3.95,5.09,2026-10-09,Chronos
660190,2026-11-06,4.51,3.93,5.07,2026-10-09,Chronos
660190,2026-11-07,4.52,3.93,5.08,2026-10-09,Chronos
660190,2026-11-08,4.5,3.9,5.1,2026-10-09,Chronos
660191,2026-10-10,2.33,2.28,2.38,2026-10-09,Chronos
660191,2026-10-11,2.33,2.26,2.41,2026-10-09,Chronos
660191,2026-10-12,2.34,2.24,2.45,2026-10-09,Chronos
660191,2026-10-13,2.34,2.24,2.47,2026-10-09,Chronos
660191,2026-10-14,2.35,2.22,2.51,2026-10-09,Chronos
660191,2026-10-15,2.36,2.22,2.54,2026-10-09,Chronos
660191,2026-10-16,2.37,2.2,2.57,2026-10-09,Chronos
660191,2026-10-17,2.37,2.19,2.61,2026-10-09,Chronos
660191,2026-10-18,2.38,2.17,2.65,2026-10-09,Chronos
660191,2026-10-19,2.39,2.17,2.69,2026-10-09,Chronos
660191,2026-10-20,2.4,2.15,2.75,2026-10-09,Chronos
660191,2026-10-21,2.41,2.14,2.81,2026-10-09,Chronos
660191,2026-10-22,2.42,2.12,2.88,2026-10-09,Chronos
660191,2026-10-23,2.43,2.11,2.91,2026-10-09,Chronos
660191,2026-10-24,2.45,2.09,2.97,2026-10-09,Chronos
660191,2026-10-25,2.47,2.08,2.99,2026-10-09,Chronos
660191,2026-10-26,2.49,2.09,3.02,2026-10-09,Chronos
660191,2026-10-27,2.5,2.09,3.05,2026-10-09,Chronos
660191,2026-10-28,2.51,2.1,3.08,2026-10-09,Chronos
660191,2026-10-29,2.53,2.1,3.12,2026-10-09,Chronos
660191,2026-10-30,2.54,2.11,3.14,2026-10-09,Chronos
660191,2026-10-31,2.55,2.11,3.17,2026-10-09,Chronos
660191,2026-11-01,2.56,2.1,3.2,2026-10-09,Chronos
660191,2026-11-02,2.58,2.09,3.21,2026-10-09,Chronos
660191,2026-11-03,2.59,2.1,3.25,2026-10-09,Chronos
660191,2026-11-04,2.6,2.1,3.26,2026-10-09,Chronos
660191,2026-11-05,2.61,2.09,3.3,2026-10-09,Chronos
660191,2026-11-06,2.61,2.09,3.3,2026-10-09,Chronos
660191,2026-11-07,2.61,2.08,3.32,2026-10-09,Chronos
660191,2026-11-08,2.62,2.09,3.32,2026-10-09,Chronos
660268,2026-10-10,7.42,7.21,7.54,2026-10-09,Chronos
660268,2026-10-11,7.35,7.07,7.56,2026-10-09,Chronos
660268,2026-10-12,7.3,6.94,7.59,2026-10-09,Chronos
660268,2026-10-13,7.27,6.81,7.63,2026-10-09,Chronos
660268,2026-10-14,7.26,6.74,7.7,2026-10-09,Chronos
660268,2026-10-15,7.25,6.68,7.69,2026-10-09,Chronos
660268,2026-10-16,7.25,6.61,7.72,2026-10-09,Chronos
660268,2026-10-17,7.25,6.54,7.76,2026-10-09,Chronos
660268,2026-10-18,7.24,6.49,7.8,2026-10-09,Chronos
660268,2026-10-19,7.23,6.4,7.82,2026-10-09,Chronos
660268,2026-10-20,7.22,6.34,7.84,2026-10-09,Chronos
660268,2026-10-21,7.21,6.28,7.86,2026-10-09,Chronos
660268,2026-10-22,7.2,6.24,7.87,2026-10-09,Chronos
660268,2026-10-23,7.2,6.2,7.92,2026-10-09,Chronos
660268,2026-10-24,7.21,6.17,7.88,2026-10-09,Chronos
660268,2026-10-25,7.19,6.15,7.91,2026-10-09,Chronos
660268,2026-10-26,7.17,5.99,7.98,2026-10-09,Chronos
660268,2026-10-27,7.15,5.93,8.0,2026-10-09,Chronos
660268,2026-10-28,7.16,5.89,8.02,2026-10-09,Chronos
660268,2026-10-29,7.17,5.83,8.06,2026-10-09,Chronos
660268,2026-10-30,7.16,5.8,8.07,2026-10-09,Chronos
660268,2026-10-31,7.16,5.78,8.07,2026-10-09,Chronos
660268,2026-11-01,7.14,5.74,8.08,2026-10-09,Chronos
660268,2026-11-02,7.13,5.7,8.1,2026-10-09,Chronos
660268,2026-11-03,7.14,5.64,8.11,2026-10-09,Chronos
660268,2026-11-04,7.12,5.58,8.13,2026-10-09,Chronos
660268,2026-11-05,7.13,5.56,8.15,2026-10-09,Chronos
660268,2026-11-06,7.11,5.54,8.18,2026-10-09,Chronos
660268,2026-11-07,7.1,5.49,8.17,2026-10-09,Chronos
660268,2026-11-08,7.1,5.47,8.16,2026-10-09,Chronos
660269,2026-10-10,6.6,6.46,6.67,2026-10-09,Chronos
660269,2026-10-11,6.58,6.4,6.7,2026-10-09,Chronos
660269,2026-10-12,6.55,6.32,6.73,2026-10-09,Chronos
660269,2026-10-13,6.54,6.27,6.75,2026-10-09,Chronos
660269,2026-10-14,6.52,6.22,6.81,2026-10-09,Chronos
660269,2026-10-15,6.52,6.17,6.84,2026-10-09,Chronos
660269,2026-10-16,6.51,6.14,6.86,2026-10-09,Chronos
660269,2026-10-17,6.48,6.08,6.87,2026-10-09,Chronos
660269,2026-10-18,6.47,6.02,6.91,2026-10-09,Chronos
660269,2026-10-19,6.47,5.99,6.96,2026-10-09,Chronos
660269,2026-10-20,6.44,5.9,6.99,2026-10-09,Chronos
660269,2026-10-21,6.42,5.9,7.04,2026-10-09,Chronos
660269,2026-10-22,6.4,5.82,7.09,2026-10-09,Chronos
660269,2026-10-23,6.39,5.74,7.12,2026-10-09,Chronos
660269,2026-10-24,6.38,5.7,7.12,2026-10-09,Chronos
660269,2026-10-25,6.37,5.65,7.12,2026-10-09,Chronos
660269,2026-10-26,6.37,5.5,7.28,2026-10-09,Chronos
660269,2026-10-27,6.35,5.45,7.32,2026-10-09,Chronos
660269,2026-10-28,6.35,5.38,7.34,2026-10-09,Chronos
660269,2026-10-29,6.32,5.33,7.4,2026-10-09,Chronos
660269,2026-10-30,6.29,5.24,7.43,2026-10-09,Chronos
660269,2026-10-31,6.29,5.22,7.45,2026-10-09,Chronos
660269,2026-11-01,6.28,5.17,7.45,2026-10-09,Chronos
660269,2026-11-02,6.25,5.11,7.48,2026-10-09,Chronos
660269,2026-11-03,6.25,5.06,7.53,2026-10-09,Chronos
660269,2026-11-04,6.24,5.02,7.57,2026-10-09,Chronos
660269,2026-11-05,6.21,4.95,7.63,2026-10-09,Chronos
660269,2026-11-06,6.21,4.9,7.7,2026-10-09,Chronos
660269,2026-11-07,6.2,4.8,7.76,2026-10-09,Chronos
660269,2026-11-08,6.16,4.82,7.77,2026-10-09,Chronos
660270,2026-10-10,3.96,3.86,4.06,2026-10-09,Chronos
660270,2026-10-11,3.95,3.8,4.09,2026-10-09,Chronos
660270,2026-10-12,3.94,3.75,4.11,2026-10-09,Chronos
660270,2026-10-13,3.94,3.73,4.14,2026-10-09,Chronos
660270,2026-10-14,3.93,3.71,4.16,2026-10-09,Chronos
660270,2026-10-15,3.92,3.67,4.17,2026-10-09,Chronos
660270,2026-10-16,3.93,3.65,4.2,2026-10-09,Chronos
660270,2026-10-17,3.93,3.63,4.22,2026-10-09,Chronos
660270,2026-10-18,3.93,3.6,4.25,2026-10-09,Chronos
660270,2026-10-19,3.93,3.59,4.26,2026-10-09,Chronos
660270,2026-10-20,3.93,3.55,4.29,2026-10-09,Chronos
660270,2026-10-21,3.93,3.53,4.32,2026-10-09,Chronos
660270,2026-10-22,3.93,3.48,4.34,2026-10-09,Chronos
660270,2026-10-23,3.93,3.46,4.35,2026-10-09,Chronos
660270,2026-10-24,3.93,3.42,4.36,2026-10-09,Chronos
660270,2026-10-25,3.93,3.4,4.38,2026-10-09,Chronos
660270,2026-10-26,3.93,3.4,4.46,2026-10-09,Chronos
660270,2026-10-27,3.93,3.39,4.45,2026-10-09,Chronos
660270,2026-10-28,3.93,3.37,4.45,2026-10-09,Chronos
660270,2026-10-29,3.92,3.36,4.48,2026-10-09,Chronos
660270,2026-10-30,3.91,3.34,4.48,2026-10-09,Chronos
660270,2026-10-31,3.91,3.33,4.5,2026-10-09,Chronos
660270,2026-11-01,3.92,3.32,4.51,2026-10-09,Chronos
660270,2026-11-02,3.91,3.3,4.53,2026-10-09,Chronos
660270,2026-11-03,3.92,3.3,4.55,2026-10-09,Chronos
660270,2026-11-04,3.92,3.28,4.57,2026-10-09,Chronos
660270,2026-11-05,3.92,3.24,4.61,2026-10-09,Chronos
660270,2026-11-06,3.91,3.21,4.62,2026-10-09,Chronos
660270,2026-11-07,3.91,3.2,4.64,2026-10-09,Chronos
660270,2026-11-08,3.92,3.21,4.64,2026-10-09,Chronos
660271,2026-10-10,22.7,22.02,22.98,2026-10-09,Chronos
660271,2026-10-11,22.76,21.52,23.16,2026-10-09,Chronos
660271,2026-10-12,22.8,21.39,23.49,2026-10-09,Chronos
660271,2026-10-13,22.63,21.04,23.84,2026-10-09,Chronos
660271,2026-10-14,22.55,20.43,24.09,2026-10-09,Chronos
660271,2026-10-15,22.49,19.96,24.19,2026-10-09,Chronos
660271,2026-10-16,22.4,19.53,24.44,2026-10-09,Chronos
660271,2026-10-17,22.5,18.88,24.66,2026-10-09,Chronos
660271,2026-10-18,22.46,18.24,24.78,2026-10-09,Chronos
660271,2026-10-19,22.27,17.61,24.83,2026-10-09,Chronos
660271,2026-10-20,22.28,16.42,25.19,2026-10-09,Chronos
660271,2026-10-21,22.16,15.16,25.34,2026-10-09,Chronos
660271,2026-10-22,22.02,14.11,25.4,2026-10-09,Chronos
660271,2026-10-23,21.93,13.14,25.36,2026-10-09,Chronos
660271,2026-10-24,21.78,12.47,25.57,2026-10-09,Chronos
660271,2026-10-25,21.39,12.09,25.65,2026-10-09,Chronos
660271,2026-10-26,20.74,10.78,27.3,2026-10-09,Chronos
660271,2026-10-27,20.57,9.74,27.28,2026-10-09,Chronos
660271,2026-10-28,20.15,8.91,27.32,2026-10-09,Chronos
660271,2026-10-29,19.95,8.4,27.45,2026-10-09,Chronos
660271,2026-10-30,19.62,8.17,27.11,2026-10-09,Chronos
660271,2026-10-31,19.34,7.89,27.46,2026-10-09,Chronos
660271,2026-11-01,19.06,7.76,27.4,2026-10-09,Chronos
660271,2026-11-02,18.79,7.46,27.56,2026-10-09,Chronos
660271,2026-11-03,18.49,7.14,27.06,2026-10-09,Chronos
660271,2026-11-04,18.16,7.11,27.42,2026-10-09,Chronos
660271,2026-11-05,18.12,7.03,27.77,2026-10-09,Chronos
660271,2026-11-06,17.89,6.64,27.78,2026-10-09,Chronos
660271,2026-11-07,17.63,6.82,27.94,2026-10-09,Chronos
660271,2026-11-08,17.29,6.72,27.62,2026-10-09,Chronos
660272,2026-10-10,4.48,4.43,4.54,2026-10-09,Chronos
660272,2026-10-11,4.47,4.4,4.55,2026-10-09,Chronos
660272,2026-10-12,4.47,4.38,4.57,2026-10-09,Chronos
660272,2026-10-13,4.47,4.36,4.59,2026-10-09,Chronos
660272,2026-10-14,4.47,4.34,4.61,2026-10-09,Chronos
660272,2026-10-15,4.47,4.33,4.63,2026-10-09,Chronos
660272,2026-10-16,4.47,4.31,4.66,2026-10-09,Chronos
660272,2026-10-17,4.46,4.29,4.69,2026-10-09,Chronos
660272,2026-10-18,4.46,4.27,4.72,2026-10-09,Chronos
660272,2026-10-19,4.46,4.26,4.74,2026-10-09,Chronos
660272,2026-10-20,4.46,4.23,4.77,2026-10-09,Chronos
660272,2026-10-21,4.46,4.22,4.79,2026-10-09,Chronos
660272,2026-10-22,4.46,4.19,4.84,2026-10-09,Chronos
660272,2026-10-23,4.46,4.18,4.89,2026-10-09,Chronos
660272,2026-10-24,4.45,4.15,4.94,2026-10-09,Chronos
660272,2026-10-25,4.45,4.14,4.92,2026-10-09,Chronos
660272,2026-10-26,4.44,4.06,5.01,2026-10-09,Chronos
660272,2026-10-27,4.45,4.03,5.02,2026-10-09,Chronos
660272,2026-10-28,4.44,4.01,5.05,2026-10-09,Chronos
660272,2026-10-29,4.44,4.0,5.08,2026-10-09,Chronos
660272,2026-10-30,4.44,3.96,5.14,2026-10-09,Chronos
660272,2026-10-31,4.45,3.98,5.16,2026-10-09,Chronos
660272,2026-11-01,4.45,3.95,5.2,2026-10-09,Chronos
660272,2026-11-02,4.45,3.92,5.26,2026-10-09,Chronos
660272,2026-11-03,4.45,3.93,5.27,2026-10-09,Chronos
660272,2026-11-04,4.45,3.89,5.31,2026-10-09,Chronos
660272,2026-11-05,4.44,3.9,5.34,2026-10-09,Chronos
660272,2026-11-06,4.44,3.88,5.36,2026-10-09,Chronos
660272,2026-11-07,4.44,3.85,5.41,2026-10-09,Chronos
660272,2026-11-08,4.45,3.84,5.44,2026-10-09,Chronos
660359,2026-10-10,5.07,4.95,5.18,2026-10-09,Chronos
660359,2026-10-11,5.09,4.94,5.21,2026-10-09,Chronos
660359,2026-10-12,5.1,4.9,5.25,2026-10-09,Chronos
660359,2026-10-13,5.1,4.91,5.28,2026-10-09,Chronos
660359,2026-10-14,5.09,4.84,5.31,2026-10-09,Chronos
660359,2026-10-15,5.08,4.82,5.33,2026-10-09,Chronos
660359,2026-10-16,5.09,4.8,5.36,2026-10-09,Chronos
660359,2026-10-17,5.1,4.78,5.4,2026-10-09,Chronos
660359,2026-10-18,5.11,4.76,5.42,2026-10-09,Chronos
660359,2026-10-19,5.09,4.72,5.43,2026-10-09,Chronos
660359,2026-10-20,5.09,4.69,5.46,2026-10-09,Chronos
660359,2026-10-21,5.08,4.67,5.45,2026-10-09,Chronos
660359,2026-10-22,5.05,4.62,5.47,2026-10-09,Chronos
660359,2026-10-23,5.06,4.58,5.47,2026-10-09,Chronos
660359,2026-10-24,5.07,4.53,5.5,2026-10-09,Chronos
660359,2026-10-25,5.04,4.48,5.53,2026-10-09,Chronos
660359,2026-10-26,5.06,4.42,5.58,2026-10-09,Chronos
660359,2026-10-27,5.02,4.36,5.57,2026-10-09,Chronos
660359,2026-10-28,4.96,4.25,5.57,2026-10-09,Chronos
660359,2026-10-29,4.93,4.16,5.6,2026-10-09,Chronos
660359,2026-10-30,4.92,4.08,5.58,2026-10-09,Chronos
660359,2026-10-31,4.9,4.03,5.61,2026-10-09,Chronos
660359,2026-11-01,4.9,3.97,5.64,2026-10-09,Chronos
660359,2026-11-02,4.89,3.91,5.67,2026-10-09,Chronos
660359,2026-11-03,4.89,3.89,5.69,2026-10-09,Chronos
660359,2026-11-04,4.87,3.84,5.69,2026-10-09,Chronos
660359,2026-11-05,4.85,3.8,5.73,2026-10-09,Chronos
660359,2026-11-06,4.84,3.73,5.73,2026-10-09,Chronos
660359,2026-11-07,4.83,3.7,5.74,2026-10-09,Chronos
660359,2026-11-08,4.85,3.73,5.72,2026-10-09,Chronos
660362,2026-10-10,2.78,2.71,2.85,2026-10-09,Chronos
660362,2026-10-11,2.77,2.67,2.89,2026-10-09,Chronos
660362,2026-10-12,2.77,2.64,2.91,2026-10-09,Chronos
660362,2026-10-13,2.76,2.62,2.94,2026-10-09,Chronos
660362,2026-10-14,2.76,2.6,2.96,2026-10-09,Chronos
660362,2026-10-15,2.77,2.58,2.99,2026-10-09,Chronos
660362,2026-10-16,2.78,2.56,3.02,2026-10-09,Chronos
660362,2026-10-17,2.77,2.54,3.06,2026-10-09,Chronos
660362,2026-10-18,2.78,2.52,3.09,2026-10-09,Chronos
660362,2026-10-19,2.78,2.52,3.12,2026-10-09,Chronos
660362,2026-10-20,2.79,2.5,3.16,2026-10-09,Chronos
660362,2026-10-21,2.79,2.49,3.18,2026-10-09,Chronos
660362,2026-10-22,2.79,2.47,3.23,2026-10-09,Chronos
660362,2026-10-23,2.79,2.47,3.29,2026-10-09,Chronos
660362,2026-10-24,2.8,2.45,3.31,2026-10-09,Chronos
660362,2026-10-25,2.8,2.43,3.33,2026-10-09,Chronos
660362,2026-10-26,2.83,2.38,3.46,2026-10-09,Chronos
660362,2026-10-27,2.83,2.35,3.51,2026-10-09,Chronos
660362,2026-10-28,2.83,2.34,3.54,2026-10-09,Chronos
660362,2026-10-29,2.84,2.33,3.55,2026-10-09,Chronos
660362,2026-10-30,2.83,2.31,3.58,2026-10-09,Chronos
660362,2026-10-31,2.85,2.32,3.6,2026-10-09,Chronos
660362,2026-11-01,2.85,2.31,3.62,2026-10-09,Chronos
660362,2026-11-02,2.84,2.28,3.64,2026-10-09,Chronos
660362,2026-11-03,2.85,2.29,3.68,2026-10-09,Chronos
660362,2026-11-04,2.85,2.28,3.69,2026-10-09,Chronos
660362,2026-11-05,2.85,2.27,3.72,2026-10-09,Chronos
660362,2026-11-06,2.84,2.26,3.74,2026-10-09,Chronos
660362,2026-11-07,2.84,2.25,3.75,2026-10-09,Chronos
660362,2026-11-08,2.84,2.23,3.77,2026-10-09,Chronos
660363,2026-10-10,4.25,4.15,4.32,2026-10-09,Chronos
660363,2026-10-11,4.25,4.1,4.37,2026-10-09,Chronos
660363,2026-10-12,4.25,4.05,4.41,2026-10-09,Chronos
660363,2026-10-13,4.26,4.04,4.45,2026-10-09,Chronos
660363,2026-10-14,4.27,4.02,4.52,2026-10-09,Chronos
660363,2026-10-15,4.28,3.99,4.55,2026-10-09,Chronos
660363,2026-10-16,4.29,3.99,4.6,2026-10-09,Chronos
660363,2026-10-17,4.29,3.97,4.62,2026-10-09,Chronos
660363,2026-10-18,4.3,3.93,4.68,2026-10-09,Chronos
660363,2026-10-19,4.31,3.92,4.7,2026-10-09,Chronos
660363,2026-10-20,4.32,3.88,4.76,2026-10-09,Chronos
660363,2026-10-21,4.32,3.88,4.81,2026-10-09,Chronos
660363,2026-10-22,4.32,3.84,4.85,2026-10-09,Chronos
660363,2026-10-23,4.33,3.82,4.86,2026-10-09,Chronos
660363,2026-10-24,4.33,3.81,4.86,2026-10-09,Chronos
660363,2026-10-25,4.32,3.78,4.88,2026-10-09,Chronos
660363,2026-10-26,4.32,3.77,5.0,2026-10-09,Chronos
660363,2026-10-27,4.32,3.73,5.03,2026-10-09,Chronos
660363,2026-10-28,4.32,3.72,5.04,2026-10-09,Chronos
660363,2026-10-29,4.32,3.71,5.11,2026-10-09,Chronos
660363,2026-10-30,4.31,3.67,5.12,2026-10-09,Chronos
660363,2026-10-31,4.32,3.67,5.16,2026-10-09,Chronos
660363,2026-11-01,4.32,3.65,5.19,2026-10-09,Chronos
660363,2026-11-02,4.32,3.63,5.2,2026-10-09,Chronos
660363,2026-11-03,4.33,3.61,5.22,2026-10-09,Chronos
660363,2026-11-04,4.33,3.6,5.24,2026-10-09,Chronos
660363,2026-11-05,4.33,3.58,5.3,2026-10-09,Chronos
660363,2026-11-06,4.33,3.57,5.36,2026-10-09,Chronos
660363,2026-11-07,4.32,3.54,5.39,2026-10-09,Chronos
660363,2026-11-08,4.31,3.55,5.37,2026-10-09,Chronos
660364,2026-10-10,10.7,10.53,10.81,2026-10-09,Chronos
660364,2026-10-11,10.69,10.4,10.83,2026-10-09,Chronos
660364,2026-10-12,10.67,10.32,10.86,2026-10-09,Chronos
660364,2026-10-13,10.62,10.31,10.91,2026-10-09,Chronos
660364,2026-10-14,10.62,10.15,10.97,2026-10-09,Chronos
660364,2026-10-15,10.6,10.07,11.0,2026-10-09,Chronos
660364,2026-10-16,10.61,10.06,11.04,2026-10-09,Chronos
660364,2026-10-17,10.61,9.96,11.09,2026-10-09,Chronos
660364,2026-10-18,10.62,9.87,11.13,2026-10-09,Chronos
660364,2026-10-19,10.59,9.81,11.18,2026-10-09,Chronos
660364,2026-10-20,10.57,9.64,11.22,2026-10-09,Chronos
660364,2026-10-21,10.56,9.57,11.22,2026-10-09,Chronos
660364,2026-10-22,10.51,9.4,11.26,2026-10-09,Chronos
660364,2026-10-23,10.52,9.15,11.27,2026-10-09,Chronos
660364,2026-10-24,10.56,9.0,11.31,2026-10-09,Chronos
660364,2026-10-25,10.47,8.87,11.39,2026-10-09,Chronos
660364,2026-10-26,10.39,7.34,11.3,2026-10-09,Chronos
660364,2026-10-27,10.36,7.16,11.33,2026-10-09,Chronos
660364,2026-10-28,10.33,6.86,11.4,2026-10-09,Chronos
660364,2026-10-29,10.29,6.69,11.43,2026-10-09,Chronos
660364,2026-10-30,10.27,6.35,11.47,2026-10-09,Chronos
660364,2026-10-31,10.3,6.01,11.54,2026-10-09,Chronos
660364,2026-11-01,10.21,5.54,11.59,2026-10-09,Chronos
660364,2026-11-02,10.26,5.31,11.61,2026-10-09,Chronos
660364,2026-11-03,10.18,5.13,11.66,2026-10-09,Chronos
660364,2026-11-04,10.1,4.69,11.66,2026-10-09,Chronos
660364,2026-11-05,10.14,4.51,11.76,2026-10-09,Chronos
660364,2026-11-06,10.1,4.22,11.79,2026-10-09,Chronos
660364,2026-11-07,10.04,3.96,11.83,2026-10-09,Chronos
660364,2026-11-08,10.01,3.82,11.82,2026-10-09,Chronos
660365,2026-10-10,108.21,107.69,108.74,2026-10-09,Chronos
660365,2026-10-11,108.19,107.06,108.88,2026-10-09,Chronos
660365,2026-10-12,108.15,106.94,109.04,2026-10-09,Chronos
660365,2026-10-13,107.96,106.81,109.23,2026-10-09,Chronos
660365,2026-10-14,107.83,106.01,109.42,2026-10-09,Chronos
660365,2026-10-15,107.99,106.0,109.64,2026-10-09,Chronos
660365,2026-10-16,108.01,105.74,109.88,2026-10-09,Chronos
660365,2026-10-17,107.91,105.2,110.12,2026-10-09,Chronos
660365,2026-10-18,107.96,104.95,110.27,2026-10-09,Chronos
660365,2026-10-19,107.9,104.56,110.25,2026-10-09,Chronos
660365,2026-10-20,107.77,104.03,110.4,2026-10-09,Chronos
660365,2026-10-21,107.78,103.83,110.61,2026-10-09,Chronos
660365,2026-10-22,107.37,102.86,110.68,2026-10-09,Chronos
660365,2026-10-23,107.53,101.76,110.93,2026-10-09,Chronos
660365,2026-10-24,107.59,100.64,110.99,2026-10-09,Chronos
660365,2026-10-25,107.33,100.36,111.37,2026-10-09,Chronos
660365,2026-10-26,107.76,100.98,111.2,2026-10-09,Chronos
660365,2026-10-27,107.71,101.22,111.18,2026-10-09,Chronos
660365,2026-10-28,107.65,100.16,111.38,2026-10-09,Chronos
660365,2026-10-29,107.5,98.88,111.52,2026-10-09,Chronos
660365,2026-10-30,107.38,98.68,111.59,2026-10-09,Chronos
660365,2026-10-31,107.4,97.95,111.71,2026-10-09,Chronos
660365,2026-11-01,107.33,96.08,112.06,2026-10-09,Chronos
660365,2026-11-02,107.38,95.03,112.21,2026-10-09,Chronos
660365,2026-11-03,107.25,94.36,112.09,2026-10-09,Chronos
660365,2026-11-04,107.1,94.0,112.02,2026-10-09,Chronos
660365,2026-11-05,107.01,92.13,112.33,2026-10-09,Chronos
660365,2026-11-06,107.01,91.23,112.63,2026-10-09,Chronos
660365,2026-11-07,106.52,89.67,112.44,2026-10-09,Chronos
660365,2026-11-08,106.64,88.41,112.38,2026-10-09,Chronos
673068,2026-10-10,403.0,400.28,404.92,2026-10-09,Chronos
673068,2026-10-11,403.08,399.88,405.23,2026-10-09,Chronos
673068,2026-10-12,403.11,400.13,405.26,2026-10-09,Chronos
673068,2026-10-13,402.68,399.82,405.55,2026-10-09,Chronos
673068,2026-10-14,402.36,398.9,405.47,2026-10-09,Chronos
673068,2026-10-15,402.77,398.9,405.74,2026-10-09,Chronos
673068,2026-10-16,402.67,398.59,405.9,2026-10-09,Chronos
673068,2026-10-17,402.58,397.89,406.25,2026-10-09,Chronos
673068,2026-10-18,402.4,397.21,406.07,2026-10-09,Chronos
673068,2026-10-19,402.38,396.82,406.39,2026-10-09,Chronos
673068,2026-10-20,402.14,395.73,406.23,2026-10-09,Chronos
673068,2026-10-21,401.98,395.04,406.1,2026-10-09,Chronos
673068,2026-10-22,401.16,393.02,405.93,2026-10-09,Chronos
673068,2026-10-23,401.59,391.45,406.06,2026-10-09,Chronos
673068,2026-10-24,401.57,390.65,406.32,2026-10-09,Chronos
673068,2026-10-25,401.36,391.23,406.91,2026-10-09,Chronos
673068,2026-10-26,402.07,387.64,408.52,2026-10-09,Chronos
673068,2026-10-27,402.18,388.39,408.26,2026-10-09,Chronos
673068,2026-10-28,402.42,386.49,408.49,2026-10-09,Chronos
673068,2026-10-29,401.39,382.49,408.33,2026-10-09,Chronos
673068,2026-10-30,401.09,382.21,408.92,2026-10-09,Chronos
673068,2026-10-31,401.26,379.85,408.79,2026-10-09,Chronos
673068,2026-11-01,400.83,374.32,409.37,2026-10-09,Chronos
673068,2026-11-02,401.26,370.72,409.98,2026-10-09,Chronos
673068,2026-11-03,400.39,369.46,409.58,2026-10-09,Chronos
673068,2026-11-04,400.61,369.37,409.14,2026-10-09,Chronos
673068,2026-11-05,400.67,365.53,409.98,2026-10-09,Chronos
673068,2026-11-06,399.83,363.21,411.21,2026-10-09,Chronos
673068,2026-11-07,399.08,358.42,411.93,2026-10-09,Chronos
673068,2026-11-08,399.6,353.79,411.43,2026-10-09,Chronos
673298,2026-10-10,1060.27,1050.4,1067.06,2026-10-09,Chronos
673298,2026-10-11,1060.01,1046.26,1069.79,2026-10-09,Chronos
673298,2026-10-12,1059.27,1043.29,1072.22,2026-10-09,Chronos
673298,2026-10-13,1058.24,1041.97,1074.2,2026-10-09,Chronos
673298,2026-10-14,1058.77,1037.84,1078.36,2026-10-09,Chronos
673298,2026-10-15,1059.94,1035.84,1082.56,2026-10-09,Chronos
673298,2026-10-16,1061.84,1037.05,1086.39,2026-10-09,Chronos
673298,2026-10-17,1062.37,1034.13,1089.47,2026-10-09,Chronos
673298,2026-10-18,1064.69,1033.33,1092.67,2026-10-09,Chronos
673298,2026-10-19,1064.62,1031.47,1095.53,2026-10-09,Chronos
673298,2026-10-20,1065.13,1027.98,1098.41,2026-10-09,Chronos
673298,2026-10-21,1065.11,1026.24,1102.14,2026-10-09,Chronos
673298,2026-10-22,1063.15,1021.39,1105.63,2026-10-09,Chronos
673298,2026-10-23,1065.69,1015.11,1107.79,2026-10-09,Chronos
673298,2026-10-24,1069.02,1011.61,1111.3,2026-10-09,Chronos
673298,2026-10-25,1066.41,1012.27,1114.34,2026-10-09,Chronos
673298,2026-10-26,1074.54,1021.06,1114.43,2026-10-09,Chronos
673298,2026-10-27,1074.99,1020.65,1117.66,2026-10-09,Chronos
673298,2026-10-28,1074.1,1014.2,1121.34,2026-10-09,Chronos
673298,2026-10-29,1074.11,1009.44,1127.44,2026-10-09,Chronos
673298,2026-10-30,1075.5,1009.0,1133.36,2026-10-09,Chronos
673298,2026-10-31,1076.77,1003.66,1137.49,2026-10-09,Chronos
673298,2026-11-01,1078.98,1004.39,1143.95,2026-10-09,Chronos
673298,2026-11-02,1080.15,995.95,1146.54,2026-10-09,Chronos
673298,2026-11-03,1084.5,988.93,1152.56,2026-10-09,Chronos
673298,2026-11-04,1085.16,989.0,1157.69,2026-10-09,Chronos
673298,2026-11-05,1087.06,973.5,1167.26,2026-10-09,Chronos
673298,2026-11-06,1087.54,965.38,1180.27,2026-10-09,Chronos
673298,2026-11-07,1086.95,952.99,1189.42,2026-10-09,Chronos
673298,2026-11-08,1089.91,942.66,1188.06,2026-10-09,Chronos
673300,2026-10-10,1242.76,1232.94,1249.25,2026-10-09,Chronos
673300,2026-10-11,1242.66,1229.0,1251.61,2026-10-09,Chronos
673300,2026-10-12,1242.64,1228.19,1253.29,2026-10-09,Chronos
673300,2026-10-13,1241.28,1227.12,1254.93,2026-10-09,Chronos
673300,2026-10-14,1241.33,1222.65,1258.06,2026-10-09,Chronos
673300,2026-10-15,1242.77,1221.3,1262.15,2026-10-09,Chronos
673300,2026-10-16,1243.48,1220.86,1264.68,2026-10-09,Chronos
673300,2026-10-17,1243.73,1217.1,1267.59,2026-10-09,Chronos
673300,2026-10-18,1245.69,1216.32,1269.52,2026-10-09,Chronos
673300,2026-10-19,1245.91,1215.08,1273.45,2026-10-09,Chronos
673300,2026-10-20,1245.92,1211.81,1274.62,2026-10-09,Chronos
673300,2026-10-21,1245.77,1209.9,1277.42,2026-10-09,Chronos
673300,2026-10-22,1243.03,1205.37,1279.72,2026-10-09,Chronos
673300,2026-10-23,1244.73,1201.85,1280.49,2026-10-09,Chronos
673300,2026-10-24,1247.28,1200.73,1283.06,2026-10-09,Chronos
673300,2026-10-25,1244.54,1203.22,1285.59,2026-10-09,Chronos
673300,2026-10-26,1251.75,1195.57,1296.73,2026-10-09,Chronos
673300,2026-10-27,1250.93,1193.27,1297.47,2026-10-09,Chronos
673300,2026-10-28,1249.93,1186.59,1299.67,2026-10-09,Chronos
673300,2026-10-29,1248.72,1181.77,1305.01,2026-10-09,Chronos
673300,2026-10-30,1249.11,1181.33,1306.39,2026-10-09,Chronos
673300,2026-10-31,1250.0,1177.07,1310.1,2026-10-09,Chronos
673300,2026-11-01,1251.39,1175.51,1314.58,2026-10-09,Chronos
673300,2026-11-02,1251.66,1169.47,1315.68,2026-10-09,Chronos
673300,2026-11-03,1254.41,1164.03,1319.04,2026-10-09,Chronos
673300,2026-11-04,1253.59,1165.83,1320.58,2026-10-09,Chronos
673300,2026-11-05,1254.27,1152.54,1324.47,2026-10-09,Chronos
673300,2026-11-06,1253.81,1149.14,1331.82,2026-10-09,Chronos
673300,2026-11-07,1251.54,1140.47,1335.3,2026-10-09,Chronos
673300,2026-11-08,1252.68,1129.8,1333.43,2026-10-09,Chronos
675279,2026-10-10,578.12,566.78,586.62,2026-10-09,Chronos
675279,2026-10-11,575.96,561.3,588.98,2026-10-09,Chronos
675279,2026-10-12,573.72,554.75,590.45,2026-10-09,Chronos
675279,2026-10-13,571.28,549.09,591.38,2026-10-09,Chronos
675279,2026-10-14,568.34,544.36,595.41,2026-10-09,Chronos
675279,2026-10-15,566.73,539.77,595.47,2026-10-09,Chronos
675279,2026-10-16,565.07,536.97,596.22,2026-10-09,Chronos
675279,2026-10-17,561.34,531.18,597.27,2026-10-09,Chronos
675279,2026-10-18,559.59,526.73,598.63,2026-10-09,Chronos
675279,2026-10-19,556.1,520.9,601.61,2026-10-09,Chronos
675279,2026-10-20,552.25,514.07,602.28,2026-10-09,Chronos
675279,2026-10-21,549.4,511.01,602.34,2026-10-09,Chronos
675279,2026-10-22,549.07,506.86,604.53,2026-10-09,Chronos
675279,2026-10-23,546.68,501.57,609.58,2026-10-09,Chronos
675279,2026-10-24,543.38,493.71,608.43,2026-10-09,Chronos
675279,2026-10-25,541.93,488.63,604.15,2026-10-09,Chronos
675279,2026-10-26,532.25,472.63,606.61,2026-10-09,Chronos
675279,2026-10-27,530.49,467.48,608.48,2026-10-09,Chronos
675279,2026-10-28,527.23,463.33,612.27,2026-10-09,Chronos
675279,2026-10-29,526.7,457.54,611.75,2026-10-09,Chronos
675279,2026-10-30,523.51,450.93,616.94,2026-10-09,Chronos
675279,2026-10-31,522.48,448.73,613.75,2026-10-09,Chronos
675279,2026-11-01,520.58,443.21,614.39,2026-10-09,Chronos
675279,2026-11-02,519.52,436.75,616.51,2026-10-09,Chronos
675279,2026-11-03,518.51,433.58,619.21,2026-10-09,Chronos
675279,2026-11-04,515.83,429.26,622.23,2026-10-09,Chronos
675279,2026-11-05,515.29,423.78,627.2,2026-10-09,Chronos
675279,2026-11-06,513.34,421.02,628.77,2026-10-09,Chronos
675279,2026-11-07,512.61,416.3,631.32,2026-10-09,Chronos
675279,2026-11-08,510.52,414.4,637.19,2026-10-09,Chronos
675280,2026-10-10,9.87,9.75,9.95,2026-10-09,Chronos
675280,2026-10-11,9.83,9.66,10.01,2026-10-09,Chronos
675280,2026-10-12,9.81,9.59,10.04,2026-10-09,Chronos
675280,2026-10-13,9.8,9.52,10.09,2026-10-09,Chronos
675280,2026-10-14,9.79,9.44,10.14,2026-10-09,Chronos
675280,2026-10-15,9.78,9.38,10.16,2026-10-09,Chronos
675280,2026-10-16,9.78,9.34,10.23,2026-10-09,Chronos
675280,2026-10-17,9.77,9.29,10.29,2026-10-09,Chronos
675280,2026-10-18,9.77,9.24,10.33,2026-10-09,Chronos
675280,2026-10-19,9.76,9.2,10.37,2026-10-09,Chronos
675280,2026-10-20,9.75,9.15,10.43,2026-10-09,Chronos
675280,2026-10-21,9.76,9.1,10.5,2026-10-09,Chronos
675280,2026-10-22,9.75,9.08,10.56,2026-10-09,Chronos
675280,2026-10-23,9.75,9.03,10.59,2026-10-09,Chronos
675280,2026-10-24,9.76,9.0,10.6,2026-10-09,Chronos
675280,2026-10-25,9.76,8.98,10.64,2026-10-09,Chronos
675280,2026-10-26,9.77,8.85,10.77,2026-10-09,Chronos
675280,2026-10-27,9.77,8.79,10.81,2026-10-09,Chronos
675280,2026-10-28,9.77,8.72,10.84,2026-10-09,Chronos
675280,2026-10-29,9.78,8.71,10.91,2026-10-09,Chronos
675280,2026-10-30,9.79,8.68,10.94,2026-10-09,Chronos
675280,2026-10-31,9.78,8.65,10.97,2026-10-09,Chronos
675280,2026-11-01,9.78,8.61,11.0,2026-10-09,Chronos
675280,2026-11-02,9.78,8.59,11.07,2026-10-09,Chronos
675280,2026-11-03,9.77,8.54,11.05,2026-10-09,Chronos
675280,2026-11-04,9.78,8.51,11.11,2026-10-09,Chronos
675280,2026-11-05,9.79,8.49,11.15,2026-10-09,Chronos
675280,2026-11-06,9.78,8.44,11.18,2026-10-09,Chronos
675280,2026-11-07,9.79,8.46,11.18,2026-10-09,Chronos
675280,2026-11-08,9.78,8.43,11.21,2026-10-09,Chronos
675395,2026-10-10,166.27,163.82,167.68,2026-10-09,Chronos
675395,2026-10-11,166.25,162.44,168.47,2026-10-09,Chronos
675395,2026-10-12,166.19,160.65,169.86,2026-10-09,Chronos
675395,2026-10-13,166.39,160.65,171.56,2026-10-09,Chronos
675395,2026-10-14,166.58,159.17,172.99,2026-10-09,Chronos
675395,2026-10-15,166.89,158.36,174.12,2026-10-09,Chronos
675395,2026-10-16,166.89,157.74,175.0,2026-10-09,Chronos
675395,2026-10-17,167.07,156.69,175.77,2026-10-09,Chronos
675395,2026-10-18,167.22,155.39,176.5,2026-10-09,Chronos
675395,2026-10-19,167.18,155.01,176.83,2026-10-09,Chronos
675395,2026-10-20,167.46,152.21,177.82,2026-10-09,Chronos
675395,2026-10-21,167.33,150.25,178.96,2026-10-09,Chronos
675395,2026-10-22,167.05,147.81,179.27,2026-10-09,Chronos
675395,2026-10-23,167.15,145.09,179.37,2026-10-09,Chronos
675395,2026-10-24,167.16,143.93,180.69,2026-10-09,Chronos
675395,2026-10-25,166.98,142.31,180.94,2026-10-09,Chronos
675395,2026-10-26,167.19,142.98,181.08,2026-10-09,Chronos
675395,2026-10-27,167.1,141.79,182.14,2026-10-09,Chronos
675395,2026-10-28,166.8,140.55,182.63,2026-10-09,Chronos
675395,2026-10-29,166.54,139.37,183.8,2026-10-09,Chronos
675395,2026-10-30,166.46,137.77,183.64,2026-10-09,Chronos
675395,2026-10-31,166.07,136.48,185.19,2026-10-09,Chronos
675395,2026-11-01,165.5,134.53,185.1,2026-10-09,Chronos
675395,2026-11-02,164.81,132.72,185.69,2026-10-09,Chronos
675395,2026-11-03,164.73,131.24,186.01,2026-10-09,Chronos
675395,2026-11-04,164.02,128.0,186.47,2026-10-09,Chronos
675395,2026-11-05,164.09,125.69,187.37,2026-10-09,Chronos
675395,2026-11-06,163.27,121.77,187.6,2026-10-09,Chronos
675395,2026-11-07,162.05,119.21,187.86,2026-10-09,Chronos
675395,2026-11-08,159.87,115.86,188.13,2026-10-09,Chronos
675515,2026-10-10,710.15,701.94,715.82,2026-10-09,Chronos
675515,2026-10-11,709.23,698.26,717.0,2026-10-09,Chronos
675515,2026-10-12,708.56,694.84,719.39,2026-10-09,Chronos
675515,2026-10-13,708.29,691.28,721.44,2026-10-09,Chronos
675515,2026-10-14,706.98,688.32,726.72,2026-10-09,Chronos
675515,2026-10-15,707.95,685.46,729.45,2026-10-09,Chronos
675515,2026-10-16,707.59,683.7,732.07,2026-10-09,Chronos
675515,2026-10-17,705.74,680.25,733.97,2026-10-09,Chronos
675515,2026-10-18,705.67,676.36,737.91,2026-10-09,Chronos
675515,2026-10-19,706.26,673.58,743.03,2026-10-09,Chronos
675515,2026-10-20,705.23,669.52,747.21,2026-10-09,Chronos
675515,2026-10-21,704.96,669.15,752.6,2026-10-09,Chronos
675515,2026-10-22,704.19,664.67,758.72,2026-10-09,Chronos
675515,2026-10-23,704.91,659.83,764.3,2026-10-09,Chronos
675515,2026-10-24,704.11,655.13,766.42,2026-10-09,Chronos
675515,2026-10-25,704.2,652.14,767.38,2026-10-09,Chronos
675515,2026-10-26,701.32,642.32,772.83,2026-10-09,Chronos
675515,2026-10-27,698.59,638.5,775.58,2026-10-09,Chronos
675515,2026-10-28,698.24,633.86,780.39,2026-10-09,Chronos
675515,2026-10-29,698.12,627.75,784.76,2026-10-09,Chronos
675515,2026-10-30,696.7,620.93,791.76,2026-10-09,Chronos
675515,2026-10-31,699.3,623.45,795.53,2026-10-09,Chronos
675515,2026-11-01,698.61,617.0,798.92,2026-10-09,Chronos
675515,2026-11-02,697.13,609.45,803.96,2026-10-09,Chronos
675515,2026-11-03,696.67,607.26,809.83,2026-10-09,Chronos
675515,2026-11-04,695.85,605.39,814.08,2026-10-09,Chronos
675515,2026-11-05,695.52,596.74,821.32,2026-10-09,Chronos
675515,2026-11-06,694.92,592.31,830.67,2026-10-09,Chronos
675515,2026-11-07,695.53,583.72,837.19,2026-10-09,Chronos
675515,2026-11-08,694.03,583.25,838.13,2026-10-09,Chronos
677142,2026-10-10,5.77,5.62,5.9,2026-10-09,Chronos
677142,2026-10-11,5.71,5.49,5.9,2026-10-09,Chronos
677142,2026-10-12,5.67,5.39,5.91,2026-10-09,Chronos
677142,2026-10-13,5.66,5.34,5.95,2026-10-09,Chronos
677142,2026-10-14,5.65,5.29,5.98,2026-10-09,Chronos
677142,2026-10-15,5.65,5.23,6.02,2026-10-09,Chronos
677142,2026-10-16,5.64,5.17,6.07,2026-10-09,Chronos
677142,2026-10-17,5.61,5.08,6.07,2026-10-09,Chronos
677142,2026-10-18,5.63,5.04,6.15,2026-10-09,Chronos
677142,2026-10-19,5.62,4.96,6.19,2026-10-09,Chronos
677142,2026-10-20,5.62,4.91,6.25,2026-10-09,Chronos
677142,2026-10-21,5.62,4.85,6.31,2026-10-09,Chronos
677142,2026-10-22,5.62,4.78,6.34,2026-10-09,Chronos
677142,2026-10-23,5.63,4.75,6.41,2026-10-09,Chronos
677142,2026-10-24,5.63,4.72,6.51,2026-10-09,Chronos
677142,2026-10-25,5.65,4.73,6.6,2026-10-09,Chronos
677142,2026-10-26,5.69,4.55,6.72,2026-10-09,Chronos
677142,2026-10-27,5.68,4.54,6.7,2026-10-09,Chronos
677142,2026-10-28,5.68,4.51,6.73,2026-10-09,Chronos
677142,2026-10-29,5.7,4.48,6.81,2026-10-09,Chronos
677142,2026-10-30,5.69,4.42,6.85,2026-10-09,Chronos
677142,2026-10-31,5.72,4.44,6.92,2026-10-09,Chronos
677142,2026-11-01,5.7,4.38,6.97,2026-10-09,Chronos
677142,2026-11-02,5.69,4.33,7.07,2026-10-09,Chronos
677142,2026-11-03,5.7,4.32,7.07,2026-10-09,Chronos
677142,2026-11-04,5.69,4.26,7.12,2026-10-09,Chronos
677142,2026-11-05,5.69,4.22,7.13,2026-10-09,Chronos
677142,2026-11-06,5.7,4.19,7.18,2026-10-09,Chronos
677142,2026-11-07,5.7,4.11,7.2,2026-10-09,Chronos
677142,2026-11-08,5.68,4.07,7.23,2026-10-09,Chronos
677143,2026-10-10,15.6,15.33,15.76,2026-10-09,Chronos
677143,2026-10-11,15.6,15.21,16.03,2026-10-09,Chronos
677143,2026-10-12,15.63,15.07,16.17,2026-10-09,Chronos
677143,2026-10-13,15.62,14.97,16.3,2026-10-09,Chronos
677143,2026-10-14,15.64,14.88,16.44,2026-10-09,Chronos
677143,2026-10-15,15.67,14.79,16.54,2026-10-09,Chronos
677143,2026-10-16,15.71,14.75,16.7,2026-10-09,Chronos
677143,2026-10-17,15.75,14.68,16.88,2026-10-09,Chronos
677143,2026-10-18,15.8,14.67,17.04,2026-10-09,Chronos
677143,2026-10-19,15.86,14.64,17.14,2026-10-09,Chronos
677143,2026-10-20,15.92,14.64,17.34,2026-10-09,Chronos
677143,2026-10-21,15.99,14.57,17.53,2026-10-09,Chronos
677143,2026-10-22,16.06,14.61,17.66,2026-10-09,Chronos
677143,2026-10-23,16.14,14.61,17.77,2026-10-09,Chronos
677143,2026-10-24,16.21,14.63,17.85,2026-10-09,Chronos
677143,2026-10-25,16.28,14.62,17.96,2026-10-09,Chronos
677143,2026-10-26,16.38,14.35,18.37,2026-10-09,Chronos
677143,2026-10-27,16.45,14.34,18.54,2026-10-09,Chronos
677143,2026-10-28,16.49,14.34,18.61,2026-10-09,Chronos
677143,2026-10-29,16.55,14.33,18.74,2026-10-09,Chronos
677143,2026-10-30,16.59,14.32,18.79,2026-10-09,Chronos
677143,2026-10-31,16.64,14.34,18.89,2026-10-09,Chronos
677143,2026-11-01,16.69,14.34,18.94,2026-10-09,Chronos
677143,2026-11-02,16.72,14.31,18.98,2026-10-09,Chronos
677143,2026-11-03,16.73,14.34,19.04,2026-10-09,Chronos
677143,2026-11-04,16.75,14.29,19.04,2026-10-09,Chronos
677143,2026-11-05,16.79,14.34,19.13,2026-10-09,Chronos
677143,2026-11-06,16.79,14.29,19.16,2026-10-09,Chronos
677143,2026-11-07,16.81,14.28,19.15,2026-10-09,Chronos
677143,2026-11-08,16.8,14.31,19.17,2026-10-09,Chronos
677144,2026-10-10,14.83,14.67,14.9,2026-10-09,Chronos
677144,2026-10-11,14.83,14.59,14.96,2026-10-09,Chronos
677144,2026-10-12,14.82,14.49,15.04,2026-10-09,Chronos
677144,2026-10-13,14.82,14.43,15.11,2026-10-09,Chronos
677144,2026-10-14,14.79,14.37,15.19,2026-10-09,Chronos
677144,2026-10-15,14.78,14.29,15.22,2026-10-09,Chronos
677144,2026-10-16,14.78,14.16,15.27,2026-10-09,Chronos
677144,2026-10-17,14.74,14.04,15.31,2026-10-09,Chronos
677144,2026-10-18,14.71,13.96,15.38,2026-10-09,Chronos
677144,2026-10-19,14.71,13.88,15.41,2026-10-09,Chronos
677144,2026-10-20,14.69,13.78,15.49,2026-10-09,Chronos
677144,2026-10-21,14.69,13.67,15.56,2026-10-09,Chronos
677144,2026-10-22,14.69,13.58,15.62,2026-10-09,Chronos
677144,2026-10-23,14.69,13.57,15.65,2026-10-09,Chronos
677144,2026-10-24,14.7,13.49,15.66,2026-10-09,Chronos
677144,2026-10-25,14.73,13.47,15.72,2026-10-09,Chronos
677144,2026-10-26,14.69,13.07,15.94,2026-10-09,Chronos
677144,2026-10-27,14.69,13.02,15.97,2026-10-09,Chronos
677144,2026-10-28,14.7,12.91,15.99,2026-10-09,Chronos
677144,2026-10-29,14.69,12.87,16.09,2026-10-09,Chronos
677144,2026-10-30,14.66,12.78,16.08,2026-10-09,Chronos
677144,2026-10-31,14.67,12.71,16.12,2026-10-09,Chronos
677144,2026-11-01,14.66,12.65,16.15,2026-10-09,Chronos
677144,2026-11-02,14.66,12.56,16.19,2026-10-09,Chronos
677144,2026-11-03,14.66,12.53,16.19,2026-10-09,Chronos
677144,2026-11-04,14.67,12.49,16.25,2026-10-09,Chronos
677144,2026-11-05,14.66,12.39,16.3,2026-10-09,Chronos
677144,2026-11-06,14.69,12.33,16.35,2026-10-09,Chronos
677144,2026-11-07,14.67,12.25,16.41,2026-10-09,Chronos
677144,2026-11-08,14.66,12.26,16.38,2026-10-09,Chronos
677145,2026-10-10,7.11,6.99,7.21,2026-10-09,Chronos
677145,2026-10-11,7.09,6.87,7.26,2026-10-09,Chronos
677145,2026-10-12,7.08,6.78,7.31,2026-10-09,Chronos
677145,2026-10-13,7.06,6.69,7.38,2026-10-09,Chronos
677145,2026-10-14,7.05,6.64,7.41,2026-10-09,Chronos
677145,2026-10-15,7.02,6.53,7.44,2026-10-09,Chronos
677145,2026-10-16,7.02,6.41,7.49,2026-10-09,Chronos
677145,2026-10-17,6.99,6.33,7.51,2026-10-09,Chronos
677145,2026-10-18,6.97,6.25,7.53,2026-10-09,Chronos
677145,2026-10-19,6.95,6.15,7.56,2026-10-09,Chronos
677145,2026-10-20,6.92,6.06,7.6,2026-10-09,Chronos
677145,2026-10-21,6.91,5.95,7.65,2026-10-09,Chronos
677145,2026-10-22,6.89,5.86,7.67,2026-10-09,Chronos
677145,2026-10-23,6.87,5.8,7.68,2026-10-09,Chronos
677145,2026-10-24,6.86,5.75,7.69,2026-10-09,Chronos
677145,2026-10-25,6.85,5.72,7.7,2026-10-09,Chronos
677145,2026-10-26,6.85,5.61,7.76,2026-10-09,Chronos
677145,2026-10-27,6.85,5.57,7.8,2026-10-09,Chronos
677145,2026-10-28,6.84,5.47,7.79,2026-10-09,Chronos
677145,2026-10-29,6.83,5.44,7.84,2026-10-09,Chronos
677145,2026-10-30,6.8,5.38,7.84,2026-10-09,Chronos
677145,2026-10-31,6.79,5.32,7.89,2026-10-09,Chronos
677145,2026-11-01,6.78,5.27,7.9,2026-10-09,Chronos
677145,2026-11-02,6.76,5.22,7.92,2026-10-09,Chronos
677145,2026-11-03,6.74,5.17,7.88,2026-10-09,Chronos
677145,2026-11-04,6.73,5.08,7.91,2026-10-09,Chronos
677145,2026-11-05,6.7,5.07,7.93,2026-10-09,Chronos
677145,2026-11-06,6.69,5.05,7.93,2026-10-09,Chronos
677145,2026-11-07,6.67,5.0,7.96,2026-10-09,Chronos
677145,2026-11-08,6.66,4.97,7.95,2026-10-09,Chronos
677146,2026-10-10,4.78,4.73,4.82,2026-10-09,Chronos
677146,2026-10-11,4.79,4.72,4.83,2026-10-09,Chronos
677146,2026-10-12,4.79,4.72,4.85,2026-10-09,Chronos
677146,2026-10-13,4.79,4.71,4.87,2026-10-09,Chronos
677146,2026-10-14,4.79,4.7,4.89,2026-10-09,Chronos
677146,2026-10-15,4.8,4.7,4.89,2026-10-09,Chronos
677146,2026-10-16,4.82,4.72,4.91,2026-10-09,Chronos
677146,2026-10-17,4.81,4.7,4.9,2026-10-09,Chronos
677146,2026-10-18,4.82,4.7,4.92,2026-10-09,Chronos
677146,2026-10-19,4.83,4.7,4.95,2026-10-09,Chronos
677146,2026-10-20,4.84,4.7,4.97,2026-10-09,Chronos
677146,2026-10-21,4.85,4.72,4.97,2026-10-09,Chronos
677146,2026-10-22,4.86,4.72,4.99,2026-10-09,Chronos
677146,2026-10-23,4.87,4.74,5.0,2026-10-09,Chronos
677146,2026-10-24,4.88,4.73,5.03,2026-10-09,Chronos
677146,2026-10-25,4.89,4.74,5.04,2026-10-09,Chronos
677146,2026-10-26,4.92,4.75,5.18,2026-10-09,Chronos
677146,2026-10-27,4.93,4.74,5.19,2026-10-09,Chronos
677146,2026-10-28,4.93,4.74,5.2,2026-10-09,Chronos
677146,2026-10-29,4.95,4.75,5.21,2026-10-09,Chronos
677146,2026-10-30,4.95,4.75,5.26,2026-10-09,Chronos
677146,2026-10-31,4.96,4.75,5.25,2026-10-09,Chronos
677146,2026-11-01,4.97,4.77,5.29,2026-10-09,Chronos
677146,2026-11-02,4.98,4.76,5.31,2026-10-09,Chronos
677146,2026-11-03,4.99,4.76,5.37,2026-10-09,Chronos
677146,2026-11-04,5.0,4.77,5.42,2026-10-09,Chronos
677146,2026-11-05,5.01,4.78,5.41,2026-10-09,Chronos
677146,2026-11-06,5.02,4.79,5.42,2026-10-09,Chronos
677146,2026-11-07,5.03,4.8,5.45,2026-10-09,Chronos
677146,2026-11-08,5.03,4.82,5.45,2026-10-09,Chronos
677147,2026-10-10,6.78,6.65,6.85,2026-10-09,Chronos
677147,2026-10-11,6.76,6.6,6.86,2026-10-09,Chronos
677147,2026-10-12,6.74,6.52,6.89,2026-10-09,Chronos
677147,2026-10-13,6.72,6.47,6.91,2026-10-09,Chronos
677147,2026-10-14,6.7,6.41,6.95,2026-10-09,Chronos
677147,2026-10-15,6.69,6.37,6.94,2026-10-09,Chronos
677147,2026-10-16,6.68,6.34,6.96,2026-10-09,Chronos
677147,2026-10-17,6.66,6.29,6.97,2026-10-09,Chronos
677147,2026-10-18,6.65,6.21,7.0,2026-10-09,Chronos
677147,2026-10-19,6.64,6.17,7.06,2026-10-09,Chronos
677147,2026-10-20,6.63,6.08,7.07,2026-10-09,Chronos
677147,2026-10-21,6.63,6.08,7.09,2026-10-09,Chronos
677147,2026-10-22,6.64,5.98,7.13,2026-10-09,Chronos
677147,2026-10-23,6.63,5.98,7.17,2026-10-09,Chronos
677147,2026-10-24,6.63,5.95,7.23,2026-10-09,Chronos
677147,2026-10-25,6.64,5.92,7.25,2026-10-09,Chronos
677147,2026-10-26,6.62,5.66,7.28,2026-10-09,Chronos
677147,2026-10-27,6.59,5.6,7.32,2026-10-09,Chronos
677147,2026-10-28,6.6,5.51,7.36,2026-10-09,Chronos
677147,2026-10-29,6.59,5.44,7.36,2026-10-09,Chronos
677147,2026-10-30,6.57,5.37,7.45,2026-10-09,Chronos
677147,2026-10-31,6.56,5.3,7.41,2026-10-09,Chronos
677147,2026-11-01,6.55,5.21,7.4,2026-10-09,Chronos
677147,2026-11-02,6.54,5.16,7.44,2026-10-09,Chronos
677147,2026-11-03,6.53,5.12,7.48,2026-10-09,Chronos
677147,2026-11-04,6.52,5.02,7.53,2026-10-09,Chronos
677147,2026-11-05,6.51,4.95,7.57,2026-10-09,Chronos
677147,2026-11-06,6.51,4.85,7.62,2026-10-09,Chronos
677147,2026-11-07,6.49,4.76,7.65,2026-10-09,Chronos
677147,2026-11-08,6.47,4.76,7.68,2026-10-09,Chronos
677148,2026-10-10,9.06,8.82,9.21,2026-10-09,Chronos
677148,2026-10-11,9.08,8.73,9.34,2026-10-09,Chronos
677148,2026-10-12,9.09,8.63,9.46,2026-10-09,Chronos
677148,2026-10-13,9.11,8.59,9.56,2026-10-09,Chronos
677148,2026-10-14,9.13,8.5,9.73,2026-10-09,Chronos
677148,2026-10-15,9.14,8.42,9.8,2026-10-09,Chronos
677148,2026-10-16,9.18,8.4,9.91,2026-10-09,Chronos
677148,2026-10-17,9.19,8.35,9.98,2026-10-09,Chronos
677148,2026-10-18,9.23,8.27,10.12,2026-10-09,Chronos
677148,2026-10-19,9.23,8.23,10.17,2026-10-09,Chronos
677148,2026-10-20,9.24,8.05,10.32,2026-10-09,Chronos
677148,2026-10-21,9.24,7.94,10.44,2026-10-09,Chronos
677148,2026-10-22,9.23,7.85,10.55,2026-10-09,Chronos
677148,2026-10-23,9.25,7.8,10.55,2026-10-09,Chronos
677148,2026-10-24,9.25,7.72,10.58,2026-10-09,Chronos
677148,2026-10-25,9.18,7.61,10.6,2026-10-09,Chronos
677148,2026-10-26,9.13,6.96,11.1,2026-10-09,Chronos
677148,2026-10-27,9.1,6.84,11.15,2026-10-09,Chronos
677148,2026-10-28,9.05,6.69,11.15,2026-10-09,Chronos
677148,2026-10-29,9.03,6.66,11.27,2026-10-09,Chronos
677148,2026-10-30,8.98,6.61,11.25,2026-10-09,Chronos
677148,2026-10-31,8.95,6.57,11.33,2026-10-09,Chronos
677148,2026-11-01,8.92,6.48,11.37,2026-10-09,Chronos
677148,2026-11-02,8.9,6.4,11.37,2026-10-09,Chronos
677148,2026-11-03,8.87,6.35,11.35,2026-10-09,Chronos
677148,2026-11-04,8.83,6.27,11.4,2026-10-09,Chronos
677148,2026-11-05,8.78,6.14,11.5,2026-10-09,Chronos
677148,2026-11-06,8.74,6.01,11.5,2026-10-09,Chronos
677148,2026-11-07,8.67,5.93,11.5,2026-10-09,Chronos
677148,2026-11-08,8.61,5.92,11.45,2026-10-09,Chronos
677149,2026-10-10,6.37,6.28,6.38,2026-10-09,Chronos
677149,2026-10-11,6.36,6.21,6.43,2026-10-09,Chronos
677149,2026-10-12,6.35,6.15,6.46,2026-10-09,Chronos
677149,2026-10-13,6.34,6.12,6.5,2026-10-09,Chronos
677149,2026-10-14,6.33,6.06,6.56,2026-10-09,Chronos
677149,2026-10-15,6.33,6.02,6.58,2026-10-09,Chronos
677149,2026-10-16,6.33,5.93,6.61,2026-10-09,Chronos
677149,2026-10-17,6.31,5.86,6.64,2026-10-09,Chronos
677149,2026-10-18,6.3,5.82,6.68,2026-10-09,Chronos
677149,2026-10-19,6.29,5.76,6.7,2026-10-09,Chronos
677149,2026-10-20,6.27,5.7,6.72,2026-10-09,Chronos
677149,2026-10-21,6.27,5.61,6.74,2026-10-09,Chronos
677149,2026-10-22,6.26,5.54,6.76,2026-10-09,Chronos
677149,2026-10-23,6.24,5.51,6.79,2026-10-09,Chronos
677149,2026-10-24,6.24,5.46,6.77,2026-10-09,Chronos
677149,2026-10-25,6.22,5.41,6.79,2026-10-09,Chronos
677149,2026-10-26,6.27,5.28,6.83,2026-10-09,Chronos
677149,2026-10-27,6.25,5.23,6.84,2026-10-09,Chronos
677149,2026-10-28,6.24,5.15,6.86,2026-10-09,Chronos
677149,2026-10-29,6.23,5.09,6.89,2026-10-09,Chronos
677149,2026-10-30,6.2,5.03,6.9,2026-10-09,Chronos
677149,2026-10-31,6.2,5.0,6.89,2026-10-09,Chronos
677149,2026-11-01,6.18,4.94,6.9,2026-10-09,Chronos
677149,2026-11-02,6.15,4.87,6.9,2026-10-09,Chronos
677149,2026-11-03,6.15,4.85,6.92,2026-10-09,Chronos
677149,2026-11-04,6.15,4.76,6.92,2026-10-09,Chronos
677149,2026-11-05,6.12,4.72,6.94,2026-10-09,Chronos
677149,2026-11-06,6.11,4.66,6.96,2026-10-09,Chronos
677149,2026-11-07,6.1,4.59,6.95,2026-10-09,Chronos
677149,2026-11-08,6.09,4.57,6.96,2026-10-09,Chronos
677150,2026-10-10,14.06,13.87,14.14,2026-10-09,Chronos
677150,2026-10-11,14.06,13.82,14.2,2026-10-09,Chronos
677150,2026-10-12,14.06,13.76,14.28,2026-10-09,Chronos
677150,2026-10-13,14.07,13.74,14.31,2026-10-09,Chronos
677150,2026-10-14,14.06,13.66,14.41,2026-10-09,Chronos
677150,2026-10-15,14.09,13.62,14.45,2026-10-09,Chronos
677150,2026-10-16,14.11,13.61,14.52,2026-10-09,Chronos
677150,2026-10-17,14.09,13.56,14.54,2026-10-09,Chronos
677150,2026-10-18,14.09,13.47,14.61,2026-10-09,Chronos
677150,2026-10-19,14.1,13.44,14.68,2026-10-09,Chronos
677150,2026-10-20,14.09,13.32,14.76,2026-10-09,Chronos
677150,2026-10-21,14.1,13.31,14.87,2026-10-09,Chronos
677150,2026-10-22,14.11,13.17,14.96,2026-10-09,Chronos
677150,2026-10-23,14.12,13.1,15.02,2026-10-09,Chronos
677150,2026-10-24,14.14,13.03,15.13,2026-10-09,Chronos
677150,2026-10-25,14.12,12.95,15.24,2026-10-09,Chronos
677150,2026-10-26,14.13,12.48,15.29,2026-10-09,Chronos
677150,2026-10-27,14.1,12.4,15.34,2026-10-09,Chronos
677150,2026-10-28,14.1,12.25,15.43,2026-10-09,Chronos
677150,2026-10-29,14.12,12.15,15.54,2026-10-09,Chronos
677150,2026-10-30,14.11,12.0,15.63,2026-10-09,Chronos
677150,2026-10-31,14.13,11.9,15.69,2026-10-09,Chronos
677150,2026-11-01,14.14,11.7,15.78,2026-10-09,Chronos
677150,2026-11-02,14.12,11.57,15.84,2026-10-09,Chronos
677150,2026-11-03,14.14,11.51,15.96,2026-10-09,Chronos
677150,2026-11-04,14.15,11.38,16.02,2026-10-09,Chronos
677150,2026-11-05,14.15,11.18,16.16,2026-10-09,Chronos
677150,2026-11-06,14.14,10.99,16.39,2026-10-09,Chronos
677150,2026-11-07,14.12,10.77,16.52,2026-10-09,Chronos
677150,2026-11-08,14.1,10.73,16.46,2026-10-09,Chronos
677151,2026-10-10,5.14,5.05,5.19,2026-10-09,Chronos
677151,2026-10-11,5.14,5.03,5.23,2026-10-09,Chronos
677151,2026-10-12,5.14,4.99,5.26,2026-10-09,Chronos
677151,2026-10-13,5.14,4.97,5.29,2026-10-09,Chronos
677151,2026-10-14,5.13,4.94,5.34,2026-10-09,Chronos
677151,2026-10-15,5.14,4.93,5.36,2026-10-09,Chronos
677151,2026-10-16,5.15,4.92,5.38,2026-10-09,Chronos
677151,2026-10-17,5.14,4.89,5.4,2026-10-09,Chronos
677151,2026-10-18,5.14,4.86,5.43,2026-10-09,Chronos
677151,2026-10-19,5.14,4.85,5.46,2026-10-09,Chronos
677151,2026-10-20,5.14,4.81,5.5,2026-10-09,Chronos
677151,2026-10-21,5.14,4.81,5.53,2026-10-09,Chronos
677151,2026-10-22,5.14,4.76,5.57,2026-10-09,Chronos
677151,2026-10-23,5.14,4.76,5.6,2026-10-09,Chronos
677151,2026-10-24,5.14,4.72,5.6,2026-10-09,Chronos
677151,2026-10-25,5.15,4.71,5.63,2026-10-09,Chronos
677151,2026-10-26,5.15,4.63,5.79,2026-10-09,Chronos
677151,2026-10-27,5.15,4.6,5.82,2026-10-09,Chronos
677151,2026-10-28,5.15,4.57,5.86,2026-10-09,Chronos
677151,2026-10-29,5.15,4.55,5.92,2026-10-09,Chronos
677151,2026-10-30,5.14,4.51,5.94,2026-10-09,Chronos
677151,2026-10-31,5.15,4.5,5.98,2026-10-09,Chronos
677151,2026-11-01,5.14,4.47,6.02,2026-10-09,Chronos
677151,2026-11-02,5.14,4.44,6.02,2026-10-09,Chronos
677151,2026-11-03,5.15,4.43,6.05,2026-10-09,Chronos
677151,2026-11-04,5.15,4.41,6.1,2026-10-09,Chronos
677151,2026-11-05,5.15,4.39,6.15,2026-10-09,Chronos
677151,2026-11-06,5.16,4.38,6.22,2026-10-09,Chronos
677151,2026-11-07,5.15,4.34,6.27,2026-10-09,Chronos
677151,2026-11-08,5.15,4.33,6.26,2026-10-09,Chronos
677152,2026-10-10,15.35,15.16,15.52,2026-10-09,Chronos
677152,2026-10-11,15.33,15.05,15.64,2026-10-09,Chronos
677152,2026-10-12,15.32,14.93,15.71,2026-10-09,Chronos
677152,2026-10-13,15.33,14.89,15.85,2026-10-09,Chronos
677152,2026-10-14,15.34,14.78,15.97,2026-10-09,Chronos
677152,2026-10-15,15.37,14.77,16.11,2026-10-09,Chronos
677152,2026-10-16,15.38,14.72,16.24,2026-10-09,Chronos
677152,2026-10-17,15.39,14.65,16.47,2026-10-09,Chronos
677152,2026-10-18,15.41,14.54,16.75,2026-10-09,Chronos
677152,2026-10-19,15.39,14.46,16.86,2026-10-09,Chronos
677152,2026-10-20,15.42,14.34,17.1,2026-10-09,Chronos
677152,2026-10-21,15.43,14.31,17.25,2026-10-09,Chronos
677152,2026-10-22,15.47,14.11,17.54,2026-10-09,Chronos
677152,2026-10-23,15.47,14.05,17.73,2026-10-09,Chronos
677152,2026-10-24,15.48,13.87,18.0,2026-10-09,Chronos
677152,2026-10-25,15.49,13.82,18.1,2026-10-09,Chronos
677152,2026-10-26,15.43,13.24,18.18,2026-10-09,Chronos
677152,2026-10-27,15.51,13.29,18.38,2026-10-09,Chronos
677152,2026-10-28,15.47,13.13,18.54,2026-10-09,Chronos
677152,2026-10-29,15.54,13.04,18.64,2026-10-09,Chronos
677152,2026-10-30,15.53,12.91,18.97,2026-10-09,Chronos
677152,2026-10-31,15.52,12.89,19.06,2026-10-09,Chronos
677152,2026-11-01,15.54,12.79,19.09,2026-10-09,Chronos
677152,2026-11-02,15.55,12.67,19.22,2026-10-09,Chronos
677152,2026-11-03,15.57,12.55,19.45,2026-10-09,Chronos
677152,2026-11-04,15.53,12.44,19.48,2026-10-09,Chronos
677152,2026-11-05,15.54,12.23,19.83,2026-10-09,Chronos
677152,2026-11-06,15.54,12.19,19.97,2026-10-09,Chronos
677152,2026-11-07,15.54,12.05,20.21,2026-10-09,Chronos
677152,2026-11-08,15.54,11.96,20.22,2026-10-09,Chronos
677153,2026-10-10,4.64,4.54,4.72,2026-10-09,Chronos
677153,2026-10-11,4.65,4.54,4.75,2026-10-09,Chronos
677153,2026-10-12,4.65,4.51,4.78,2026-10-09,Chronos
677153,2026-10-13,4.67,4.51,4.81,2026-10-09,Chronos
677153,2026-10-14,4.67,4.5,4.85,2026-10-09,Chronos
677153,2026-10-15,4.68,4.49,4.88,2026-10-09,Chronos
677153,2026-10-16,4.7,4.49,4.91,2026-10-09,Chronos
677153,2026-10-17,4.7,4.48,4.94,2026-10-09,Chronos
677153,2026-10-18,4.71,4.48,4.97,2026-10-09,Chronos
677153,2026-10-19,4.73,4.48,5.0,2026-10-09,Chronos
677153,2026-10-20,4.73,4.47,5.04,2026-10-09,Chronos
677153,2026-10-21,4.75,4.48,5.07,2026-10-09,Chronos
677153,2026-10-22,4.76,4.47,5.11,2026-10-09,Chronos
677153,2026-10-23,4.77,4.46,5.13,2026-10-09,Chronos
677153,2026-10-24,4.79,4.46,5.16,2026-10-09,Chronos
677153,2026-10-25,4.8,4.47,5.2,2026-10-09,Chronos
677153,2026-10-26,4.87,4.5,5.27,2026-10-09,Chronos
677153,2026-10-27,4.89,4.53,5.29,2026-10-09,Chronos
677153,2026-10-28,4.9,4.54,5.32,2026-10-09,Chronos
677153,2026-10-29,4.92,4.53,5.35,2026-10-09,Chronos
677153,2026-10-30,4.92,4.54,5.35,2026-10-09,Chronos
677153,2026-10-31,4.9,4.52,5.37,2026-10-09,Chronos
677153,2026-11-01,4.91,4.52,5.38,2026-10-09,Chronos
677153,2026-11-02,4.9,4.5,5.38,2026-10-09,Chronos
677153,2026-11-03,4.91,4.48,5.4,2026-10-09,Chronos
677153,2026-11-04,4.9,4.47,5.39,2026-10-09,Chronos
677153,2026-11-05,4.87,4.42,5.38,2026-10-09,Chronos
677153,2026-11-06,4.77,4.3,5.3,2026-10-09,Chronos
677153,2026-11-07,4.71,4.22,5.25,2026-10-09,Chronos
677153,2026-11-08,4.68,4.21,5.24,2026-10-09,Chronos
677154,2026-10-10,27.2,26.2,28.14,2026-10-09,Chronos
677154,2026-10-11,27.19,25.29,28.53,2026-10-09,Chronos
677154,2026-10-12,27.22,24.99,29.08,2026-10-09,Chronos
677154,2026-10-13,27.08,24.48,29.68,2026-10-09,Chronos
677154,2026-10-14,26.99,23.8,30.02,2026-10-09,Chronos
677154,2026-10-15,26.74,22.98,30.18,2026-10-09,Chronos
677154,2026-10-16,26.65,22.45,30.57,2026-10-09,Chronos
677154,2026-10-17,26.66,21.97,30.88,2026-10-09,Chronos
677154,2026-10-18,26.77,21.46,31.15,2026-10-09,Chronos
677154,2026-10-19,26.52,21.01,31.46,2026-10-09,Chronos
677154,2026-10-20,26.5,20.03,32.12,2026-10-09,Chronos
677154,2026-10-21,26.41,19.09,32.55,2026-10-09,Chronos
677154,2026-10-22,26.27,18.17,32.94,2026-10-09,Chronos
677154,2026-10-23,26.21,17.63,32.76,2026-10-09,Chronos
677154,2026-10-24,26.13,17.13,33.02,2026-10-09,Chronos
677154,2026-10-25,25.7,16.6,33.01,2026-10-09,Chronos
677154,2026-10-26,26.55,17.3,34.66,2026-10-09,Chronos
677154,2026-10-27,26.36,16.61,34.9,2026-10-09,Chronos
677154,2026-10-28,26.27,16.02,35.22,2026-10-09,Chronos
677154,2026-10-29,25.96,15.55,35.75,2026-10-09,Chronos
677154,2026-10-30,25.94,15.06,35.9,2026-10-09,Chronos
677154,2026-10-31,25.69,14.48,36.44,2026-10-09,Chronos
677154,2026-11-01,25.51,13.81,36.68,2026-10-09,Chronos
677154,2026-11-02,25.42,13.45,36.9,2026-10-09,Chronos
677154,2026-11-03,25.52,13.22,36.88,2026-10-09,Chronos
677154,2026-11-04,25.26,12.56,37.45,2026-10-09,Chronos
677154,2026-11-05,25.09,12.14,38.15,2026-10-09,Chronos
677154,2026-11-06,24.92,11.6,38.2,2026-10-09,Chronos
677154,2026-11-07,24.64,11.19,38.52,2026-10-09,Chronos
677154,2026-11-08,24.57,10.95,38.29,2026-10-09,Chronos
677155,2026-10-10,6.04,5.95,6.09,2026-10-09,Chronos
677155,2026-10-11,6.03,5.89,6.14,2026-10-09,Chronos
677155,2026-10-12,6.01,5.84,6.16,2026-10-09,Chronos
677155,2026-10-13,6.0,5.8,6.18,2026-10-09,Chronos
677155,2026-10-14,5.99,5.74,6.23,2026-10-09,Chronos
677155,2026-10-15,5.99,5.71,6.25,2026-10-09,Chronos
677155,2026-10-16,5.99,5.67,6.28,2026-10-09,Chronos
677155,2026-10-17,5.99,5.63,6.31,2026-10-09,Chronos
677155,2026-10-18,5.98,5.6,6.34,2026-10-09,Chronos
677155,2026-10-19,5.97,5.58,6.38,2026-10-09,Chronos
677155,2026-10-20,5.97,5.53,6.42,2026-10-09,Chronos
677155,2026-10-21,5.97,5.51,6.43,2026-10-09,Chronos
677155,2026-10-22,5.96,5.46,6.45,2026-10-09,Chronos
677155,2026-10-23,5.95,5.44,6.49,2026-10-09,Chronos
677155,2026-10-24,5.96,5.38,6.51,2026-10-09,Chronos
677155,2026-10-25,5.95,5.35,6.52,2026-10-09,Chronos
677155,2026-10-26,5.93,5.09,6.61,2026-10-09,Chronos
677155,2026-10-27,5.93,5.07,6.64,2026-10-09,Chronos
677155,2026-10-28,5.91,5.0,6.68,2026-10-09,Chronos
677155,2026-10-29,5.93,4.96,6.7,2026-10-09,Chronos
677155,2026-10-30,5.92,4.91,6.76,2026-10-09,Chronos
677155,2026-10-31,5.91,4.88,6.74,2026-10-09,Chronos
677155,2026-11-01,5.91,4.85,6.76,2026-10-09,Chronos
677155,2026-11-02,5.9,4.81,6.77,2026-10-09,Chronos
677155,2026-11-03,5.91,4.77,6.8,2026-10-09,Chronos
677155,2026-11-04,5.9,4.71,6.83,2026-10-09,Chronos
677155,2026-11-05,5.89,4.63,6.87,2026-10-09,Chronos
677155,2026-11-06,5.88,4.58,6.91,2026-10-09,Chronos
677155,2026-11-07,5.88,4.52,6.92,2026-10-09,Chronos
677155,2026-11-08,5.87,4.48,6.96,2026-10-09,Chronos
677156,2026-10-10,5.13,5.08,5.16,2026-10-09,Chronos
677156,2026-10-11,5.13,5.07,5.18,2026-10-09,Chronos
677156,2026-10-12,5.13,5.06,5.2,2026-10-09,Chronos
677156,2026-10-13,5.14,5.05,5.21,2026-10-09,Chronos
677156,2026-10-14,5.13,5.04,5.23,2026-10-09,Chronos
677156,2026-10-15,5.14,5.03,5.24,2026-10-09,Chronos
677156,2026-10-16,5.14,5.03,5.25,2026-10-09,Chronos
677156,2026-10-17,5.14,5.02,5.25,2026-10-09,Chronos
677156,2026-10-18,5.14,5.01,5.27,2026-10-09,Chronos
677156,2026-10-19,5.15,5.01,5.27,2026-10-09,Chronos
677156,2026-10-20,5.15,5.0,5.28,2026-10-09,Chronos
677156,2026-10-21,5.15,5.01,5.29,2026-10-09,Chronos
677156,2026-10-22,5.15,5.0,5.29,2026-10-09,Chronos
677156,2026-10-23,5.15,4.99,5.3,2026-10-09,Chronos
677156,2026-10-24,5.15,4.98,5.3,2026-10-09,Chronos
677156,2026-10-25,5.15,4.97,5.31,2026-10-09,Chronos
677156,2026-10-26,5.15,4.91,5.34,2026-10-09,Chronos
677156,2026-10-27,5.15,4.91,5.34,2026-10-09,Chronos
677156,2026-10-28,5.15,4.9,5.35,2026-10-09,Chronos
677156,2026-10-29,5.15,4.9,5.37,2026-10-09,Chronos
677156,2026-10-30,5.15,4.88,5.36,2026-10-09,Chronos
677156,2026-10-31,5.16,4.9,5.37,2026-10-09,Chronos
677156,2026-11-01,5.16,4.89,5.38,2026-10-09,Chronos
677156,2026-11-02,5.16,4.88,5.38,2026-10-09,Chronos
677156,2026-11-03,5.16,4.87,5.39,2026-10-09,Chronos
677156,2026-11-04,5.16,4.86,5.4,2026-10-09,Chronos
677156,2026-11-05,5.17,4.85,5.42,2026-10-09,Chronos
677156,2026-11-06,5.16,4.83,5.43,2026-10-09,Chronos
677156,2026-11-07,5.16,4.81,5.45,2026-10-09,Chronos
677156,2026-11-08,5.16,4.82,5.44,2026-10-09,Chronos
677157,2026-10-10,7.7,7.64,7.72,2026-10-09,Chronos
677157,2026-10-11,7.69,7.56,7.8,2026-10-09,Chronos
677157,2026-10-12,7.67,7.49,7.83,2026-10-09,Chronos
677157,2026-10-13,7.67,7.45,7.89,2026-10-09,Chronos
677157,2026-10-14,7.67,7.4,7.97,2026-10-09,Chronos
677157,2026-10-15,7.67,7.37,8.0,2026-10-09,Chronos
677157,2026-10-16,7.68,7.35,8.06,2026-10-09,Chronos
677157,2026-10-17,7.67,7.3,8.11,2026-10-09,Chronos
677157,2026-10-18,7.67,7.24,8.18,2026-10-09,Chronos
677157,2026-10-19,7.67,7.2,8.28,2026-10-09,Chronos
677157,2026-10-20,7.67,7.11,8.37,2026-10-09,Chronos
677157,2026-10-21,7.69,7.08,8.45,2026-10-09,Chronos
677157,2026-10-22,7.7,7.0,8.55,2026-10-09,Chronos
677157,2026-10-23,7.69,7.06,8.64,2026-10-09,Chronos
677157,2026-10-24,7.7,6.96,8.72,2026-10-09,Chronos
677157,2026-10-25,7.73,6.94,8.82,2026-10-09,Chronos
677157,2026-10-26,7.76,6.97,9.13,2026-10-09,Chronos
677157,2026-10-27,7.77,6.98,9.18,2026-10-09,Chronos
677157,2026-10-28,7.77,6.96,9.23,2026-10-09,Chronos
677157,2026-10-29,7.79,6.97,9.27,2026-10-09,Chronos
677157,2026-10-30,7.79,6.93,9.4,2026-10-09,Chronos
677157,2026-10-31,7.81,6.98,9.47,2026-10-09,Chronos
677157,2026-11-01,7.81,6.95,9.52,2026-10-09,Chronos
677157,2026-11-02,7.83,6.92,9.61,2026-10-09,Chronos
677157,2026-11-03,7.84,6.92,9.73,2026-10-09,Chronos
677157,2026-11-04,7.84,6.9,9.75,2026-10-09,Chronos
677157,2026-11-05,7.85,6.82,9.82,2026-10-09,Chronos
677157,2026-11-06,7.87,6.88,9.88,2026-10-09,Chronos
677157,2026-11-07,7.87,6.84,9.94,2026-10-09,Chronos
677157,2026-11-08,7.87,6.9,9.95,2026-10-09,Chronos
677158,2026-10-10,157.87,154.89,159.74,2026-10-09,Chronos
677158,2026-10-11,157.36,152.76,160.33,2026-10-09,Chronos
677158,2026-10-12,157.15,151.19,161.06,2026-10-09,Chronos
677158,2026-10-13,156.57,149.52,161.8,2026-10-09,Chronos
677158,2026-10-14,156.38,148.48,162.45,2026-10-09,Chronos
677158,2026-10-15,156.11,146.75,162.78,2026-10-09,Chronos
677158,2026-10-16,156.01,145.72,163.13,2026-10-09,Chronos
677158,2026-10-17,155.61,143.92,163.61,2026-10-09,Chronos
677158,2026-10-18,155.29,143.32,164.08,2026-10-09,Chronos
677158,2026-10-19,155.15,141.91,164.08,2026-10-09,Chronos
677158,2026-10-20,154.59,140.79,164.37,2026-10-09,Chronos
677158,2026-10-21,154.44,139.46,164.66,2026-10-09,Chronos
677158,2026-10-22,154.27,138.72,164.81,2026-10-09,Chronos
677158,2026-10-23,154.02,137.83,165.16,2026-10-09,Chronos
677158,2026-10-24,153.75,137.4,164.93,2026-10-09,Chronos
677158,2026-10-25,153.31,136.06,165.19,2026-10-09,Chronos
677158,2026-10-26,152.91,134.97,165.14,2026-10-09,Chronos
677158,2026-10-27,152.46,133.98,165.31,2026-10-09,Chronos
677158,2026-10-28,152.59,133.43,165.21,2026-10-09,Chronos
677158,2026-10-29,152.12,132.35,165.59,2026-10-09,Chronos
677158,2026-10-30,152.27,131.62,165.67,2026-10-09,Chronos
677158,2026-10-31,152.12,131.2,166.38,2026-10-09,Chronos
677158,2026-11-01,151.85,130.46,166.8,2026-10-09,Chronos
677158,2026-11-02,151.92,129.85,166.69,2026-10-09,Chronos
677158,2026-11-03,151.96,129.93,166.54,2026-10-09,Chronos
677158,2026-11-04,151.97,129.07,166.7,2026-10-09,Chronos
677158,2026-11-05,151.7,128.62,166.95,2026-10-09,Chronos
677158,2026-11-06,151.5,127.93,167.18,2026-10-09,Chronos
677158,2026-11-07,151.38,127.55,167.45,2026-10-09,Chronos
677158,2026-11-08,151.25,126.62,167.46,2026-10-09,Chronos
677159,2026-10-10,246.85,244.5,248.31,2026-10-09,Chronos
677159,2026-10-11,246.64,243.64,248.97,2026-10-09,Chronos
677159,2026-10-12,246.18,242.14,249.71,2026-10-09,Chronos
677159,2026-10-13,245.88,241.27,250.01,2026-10-09,Chronos
677159,2026-10-14,245.65,240.34,251.02,2026-10-09,Chronos
677159,2026-10-15,245.6,239.4,251.77,2026-10-09,Chronos
677159,2026-10-16,245.56,239.01,252.47,2026-10-09,Chronos
677159,2026-10-17,245.22,238.02,252.98,2026-10-09,Chronos
677159,2026-10-18,245.11,237.21,253.87,2026-10-09,Chronos
677159,2026-10-19,245.14,236.35,254.9,2026-10-09,Chronos
677159,2026-10-20,244.94,235.37,256.14,2026-10-09,Chronos
677159,2026-10-21,244.77,235.17,257.5,2026-10-09,Chronos
677159,2026-10-22,244.4,234.27,258.67,2026-10-09,Chronos
677159,2026-10-23,244.67,232.74,259.78,2026-10-09,Chronos
677159,2026-10-24,244.27,231.37,260.26,2026-10-09,Chronos
677159,2026-10-25,244.1,230.73,260.85,2026-10-09,Chronos
677159,2026-10-26,244.24,229.95,258.75,2026-10-09,Chronos
677159,2026-10-27,243.78,228.47,259.42,2026-10-09,Chronos
677159,2026-10-28,243.56,227.7,260.1,2026-10-09,Chronos
677159,2026-10-29,243.37,226.6,261.4,2026-10-09,Chronos
677159,2026-10-30,242.77,224.62,261.62,2026-10-09,Chronos
677159,2026-10-31,242.92,224.49,262.6,2026-10-09,Chronos
677159,2026-11-01,242.92,223.5,263.19,2026-10-09,Chronos
677159,2026-11-02,242.55,222.0,263.81,2026-10-09,Chronos
677159,2026-11-03,242.41,221.15,264.72,2026-10-09,Chronos
677159,2026-11-04,242.27,220.63,264.98,2026-10-09,Chronos
677159,2026-11-05,241.95,218.43,266.33,2026-10-09,Chronos
677159,2026-11-06,241.68,217.63,267.84,2026-10-09,Chronos
677159,2026-11-07,241.4,215.81,268.39,2026-10-09,Chronos
677159,2026-11-08,240.94,215.32,268.3,2026-10-09,Chronos
677160,2026-10-10,264.26,262.9,265.69,2026-10-09,Chronos
677160,2026-10-11,264.16,262.28,265.85,2026-10-09,Chronos
677160,2026-10-12,264.11,262.36,265.91,2026-10-09,Chronos
677160,2026-10-13,263.96,261.77,265.87,2026-10-09,Chronos
677160,2026-10-14,263.65,261.55,266.02,2026-10-09,Chronos
677160,2026-10-15,263.87,261.41,266.14,2026-10-09,Chronos
677160,2026-10-16,263.86,261.35,266.33,2026-10-09,Chronos
677160,2026-10-17,263.56,260.85,266.4,2026-10-09,Chronos
677160,2026-10-18,263.45,260.88,266.46,2026-10-09,Chronos
677160,2026-10-19,263.44,260.36,266.51,2026-10-09,Chronos
677160,2026-10-20,263.05,260.4,266.7,2026-10-09,Chronos
677160,2026-10-21,263.13,259.84,266.47,2026-10-09,Chronos
677160,2026-10-22,262.9,259.28,266.53,2026-10-09,Chronos
677160,2026-10-23,262.93,259.1,266.62,2026-10-09,Chronos
677160,2026-10-24,262.86,258.97,267.08,2026-10-09,Chronos
677160,2026-10-25,262.9,258.76,267.25,2026-10-09,Chronos
677160,2026-10-26,263.01,257.36,268.63,2026-10-09,Chronos
677160,2026-10-27,262.97,257.04,268.75,2026-10-09,Chronos
677160,2026-10-28,262.83,256.35,269.08,2026-10-09,Chronos
677160,2026-10-29,262.77,255.58,269.55,2026-10-09,Chronos
677160,2026-10-30,262.47,255.47,270.02,2026-10-09,Chronos
677160,2026-10-31,262.65,254.89,269.71,2026-10-09,Chronos
677160,2026-11-01,262.63,254.98,270.18,2026-10-09,Chronos
677160,2026-11-02,262.39,254.37,270.1,2026-10-09,Chronos
677160,2026-11-03,262.29,253.79,270.46,2026-10-09,Chronos
677160,2026-11-04,262.34,253.26,270.39,2026-10-09,Chronos
677160,2026-11-05,262.06,252.17,270.94,2026-10-09,Chronos
677160,2026-11-06,262.03,252.27,272.07,2026-10-09,Chronos
677160,2026-11-07,261.84,251.11,272.6,2026-10-09,Chronos
677160,2026-11-08,261.8,249.36,272.91,2026-10-09,Chronos
677161,2026-10-10,219.22,217.8,220.05,2026-10-09,Chronos
677161,2026-10-11,219.17,217.12,220.77,2026-10-09,Chronos
677161,2026-10-12,219.02,216.1,221.77,2026-10-09,Chronos
677161,2026-10-13,219.08,215.39,222.33,2026-10-09,Chronos
677161,2026-10-14,218.86,214.59,223.39,2026-10-09,Chronos
677161,2026-10-15,218.89,213.73,223.98,2026-10-09,Chronos
677161,2026-10-16,218.84,213.34,224.53,2026-10-09,Chronos
677161,2026-10-17,218.44,212.44,224.82,2026-10-09,Chronos
677161,2026-10-18,218.28,211.55,225.41,2026-10-09,Chronos
677161,2026-10-19,218.16,210.71,225.62,2026-10-09,Chronos
677161,2026-10-20,217.84,209.57,226.62,2026-10-09,Chronos
677161,2026-10-21,217.67,209.41,227.81,2026-10-09,Chronos
677161,2026-10-22,217.42,208.23,228.74,2026-10-09,Chronos
677161,2026-10-23,217.25,206.56,229.0,2026-10-09,Chronos
677161,2026-10-24,217.18,205.55,228.85,2026-10-09,Chronos
677161,2026-10-25,216.82,204.69,229.16,2026-10-09,Chronos
677161,2026-10-26,217.42,204.44,235.04,2026-10-09,Chronos
677161,2026-10-27,217.04,203.56,235.25,2026-10-09,Chronos
677161,2026-10-28,216.96,202.94,236.01,2026-10-09,Chronos
677161,2026-10-29,216.98,201.72,237.37,2026-10-09,Chronos
677161,2026-10-30,216.8,200.61,237.68,2026-10-09,Chronos
677161,2026-10-31,216.56,200.83,238.56,2026-10-09,Chronos
677161,2026-11-01,216.61,199.4,239.53,2026-10-09,Chronos
677161,2026-11-02,216.2,198.6,239.23,2026-10-09,Chronos
677161,2026-11-03,216.19,197.68,240.0,2026-10-09,Chronos
677161,2026-11-04,216.2,197.8,240.89,2026-10-09,Chronos
677161,2026-11-05,215.99,195.59,242.37,2026-10-09,Chronos
677161,2026-11-06,215.75,194.62,244.4,2026-10-09,Chronos
677161,2026-11-07,215.52,193.18,246.1,2026-10-09,Chronos
677161,2026-11-08,215.37,193.09,245.14,2026-10-09,Chronos
677162,2026-10-10,123.5,122.41,124.28,2026-10-09,Chronos
677162,2026-10-11,123.58,121.88,124.67,2026-10-09,Chronos
677162,2026-10-12,123.5,121.34,125.2,2026-10-09,Chronos
677162,2026-10-13,123.55,121.06,125.66,2026-10-09,Chronos
677162,2026-10-14,123.55,120.68,126.5,2026-10-09,Chronos
677162,2026-10-15,123.61,120.4,126.79,2026-10-09,Chronos
677162,2026-10-16,123.68,120.26,127.2,2026-10-09,Chronos
677162,2026-10-17,123.57,119.88,127.55,2026-10-09,Chronos
677162,2026-10-18,123.65,119.46,128.03,2026-10-09,Chronos
677162,2026-10-19,123.66,119.2,128.67,2026-10-09,Chronos
677162,2026-10-20,123.57,118.51,129.11,2026-10-09,Chronos
677162,2026-10-21,123.73,118.7,129.52,2026-10-09,Chronos
677162,2026-10-22,123.74,117.85,129.99,2026-10-09,Chronos
677162,2026-10-23,123.65,117.38,130.55,2026-10-09,Chronos
677162,2026-10-24,123.75,116.73,130.65,2026-10-09,Chronos
677162,2026-10-25,124.02,116.59,131.01,2026-10-09,Chronos
677162,2026-10-26,123.36,114.56,131.95,2026-10-09,Chronos
677162,2026-10-27,123.39,114.5,132.1,2026-10-09,Chronos
677162,2026-10-28,123.46,114.25,132.57,2026-10-09,Chronos
677162,2026-10-29,123.5,113.85,132.84,2026-10-09,Chronos
677162,2026-10-30,123.4,113.43,133.34,2026-10-09,Chronos
677162,2026-10-31,123.61,113.54,133.34,2026-10-09,Chronos
677162,2026-11-01,123.55,113.08,133.57,2026-10-09,Chronos
677162,2026-11-02,123.63,112.74,133.79,2026-10-09,Chronos
677162,2026-11-03,123.63,112.4,134.43,2026-10-09,Chronos
677162,2026-11-04,123.67,112.25,134.9,2026-10-09,Chronos
677162,2026-11-05,123.66,111.46,135.42,2026-10-09,Chronos
677162,2026-11-06,123.76,111.11,135.95,2026-10-09,Chronos
677162,2026-11-07,123.83,110.5,136.35,2026-10-09,Chronos
677162,2026-11-08,123.71,110.21,136.85,2026-10-09,Chronos
677163,2026-10-10,154.54,153.51,155.26,2026-10-09,Chronos
677163,2026-10-11,154.56,153.21,155.51,2026-10-09,Chronos
677163,2026-10-12,154.58,153.15,155.68,2026-10-09,Chronos
677163,2026-10-13,154.43,153.02,155.93,2026-10-09,Chronos
677163,2026-10-14,154.41,152.61,156.12,2026-10-09,Chronos
677163,2026-10-15,154.49,152.4,156.33,2026-10-09,Chronos
677163,2026-10-16,154.61,152.52,156.56,2026-10-09,Chronos
677163,2026-10-17,154.59,152.15,156.76,2026-10-09,Chronos
677163,2026-10-18,154.68,152.0,156.92,2026-10-09,Chronos
677163,2026-10-19,154.72,151.89,157.19,2026-10-09,Chronos
677163,2026-10-20,154.6,151.66,157.25,2026-10-09,Chronos
677163,2026-10-21,154.6,151.47,157.42,2026-10-09,Chronos
677163,2026-10-22,154.29,151.02,157.41,2026-10-09,Chronos
677163,2026-10-23,154.44,150.75,157.47,2026-10-09,Chronos
677163,2026-10-24,154.61,150.66,157.74,2026-10-09,Chronos
677163,2026-10-25,154.51,150.81,158.04,2026-10-09,Chronos
677163,2026-10-26,154.77,149.51,158.4,2026-10-09,Chronos
677163,2026-10-27,154.81,149.75,158.41,2026-10-09,Chronos
677163,2026-10-28,154.71,149.02,158.67,2026-10-09,Chronos
677163,2026-10-29,154.58,148.37,158.97,2026-10-09,Chronos
677163,2026-10-30,154.51,148.45,159.22,2026-10-09,Chronos
677163,2026-10-31,154.67,148.17,159.5,2026-10-09,Chronos
677163,2026-11-01,154.63,148.12,159.81,2026-10-09,Chronos
677163,2026-11-02,154.67,147.58,159.82,2026-10-09,Chronos
677163,2026-11-03,154.67,147.07,159.98,2026-10-09,Chronos
677163,2026-11-04,154.66,146.97,160.06,2026-10-09,Chronos
677163,2026-11-05,154.8,145.73,160.42,2026-10-09,Chronos
677163,2026-11-06,154.76,145.08,161.1,2026-10-09,Chronos
677163,2026-11-07,154.51,144.02,161.32,2026-10-09,Chronos
677163,2026-11-08,154.62,143.35,161.19,2026-10-09,Chronos
677164,2026-10-10,90.68,90.05,91.13,2026-10-09,Chronos
677164,2026-10-11,90.6,89.69,91.37,2026-10-09,Chronos
677164,2026-10-12,90.51,89.5,91.46,2026-10-09,Chronos
677164,2026-10-13,90.52,89.39,91.71,2026-10-09,Chronos
677164,2026-10-14,90.47,89.19,91.84,2026-10-09,Chronos
677164,2026-10-15,90.43,89.03,92.04,2026-10-09,Chronos
677164,2026-10-16,90.37,88.77,92.19,2026-10-09,Chronos
677164,2026-10-17,90.35,88.44,92.5,2026-10-09,Chronos
677164,2026-10-18,90.27,88.29,92.73,2026-10-09,Chronos
677164,2026-10-19,90.28,88.1,92.85,2026-10-09,Chronos
677164,2026-10-20,90.24,87.86,93.25,2026-10-09,Chronos
677164,2026-10-21,90.2,87.66,93.6,2026-10-09,Chronos
677164,2026-10-22,90.23,87.44,94.08,2026-10-09,Chronos
677164,2026-10-23,90.23,87.25,94.32,2026-10-09,Chronos
677164,2026-10-24,90.23,86.96,94.34,2026-10-09,Chronos
677164,2026-10-25,90.15,86.75,94.27,2026-10-09,Chronos
677164,2026-10-26,90.14,85.33,94.55,2026-10-09,Chronos
677164,2026-10-27,90.07,85.09,94.76,2026-10-09,Chronos
677164,2026-10-28,89.95,84.82,94.67,2026-10-09,Chronos
677164,2026-10-29,89.91,84.45,94.91,2026-10-09,Chronos
677164,2026-10-30,89.89,84.46,95.06,2026-10-09,Chronos
677164,2026-10-31,89.9,84.35,95.1,2026-10-09,Chronos
677164,2026-11-01,89.8,84.11,95.21,2026-10-09,Chronos
677164,2026-11-02,89.81,83.95,95.57,2026-10-09,Chronos
677164,2026-11-03,89.81,83.69,95.76,2026-10-09,Chronos
677164,2026-11-04,89.85,83.67,95.79,2026-10-09,Chronos
677164,2026-11-05,89.83,83.34,96.05,2026-10-09,Chronos
677164,2026-11-06,89.7,83.26,96.33,2026-10-09,Chronos
677164,2026-11-07,89.74,83.18,96.88,2026-10-09,Chronos
677164,2026-11-08,89.72,82.97,97.24,2026-10-09,Chronos
677165,2026-10-10,265.53,262.34,266.8,2026-10-09,Chronos
677165,2026-10-11,265.37,261.2,267.97,2026-10-09,Chronos
677165,2026-10-12,265.17,259.13,269.6,2026-10-09,Chronos
677165,2026-10-13,265.43,258.17,270.61,2026-10-09,Chronos
677165,2026-10-14,265.19,256.87,272.62,2026-10-09,Chronos
677165,2026-10-15,265.88,255.84,273.58,2026-10-09,Chronos
677165,2026-10-16,266.17,255.67,275.1,2026-10-09,Chronos
677165,2026-10-17,265.85,254.56,275.74,2026-10-09,Chronos
677165,2026-10-18,266.13,252.54,277.39,2026-10-09,Chronos
677165,2026-10-19,266.55,252.3,278.09,2026-10-09,Chronos
677165,2026-10-20,266.56,248.99,279.78,2026-10-09,Chronos
677165,2026-10-21,266.83,247.57,282.56,2026-10-09,Chronos
677165,2026-10-22,266.86,244.43,284.49,2026-10-09,Chronos
677165,2026-10-23,267.24,241.58,285.3,2026-10-09,Chronos
677165,2026-10-24,267.54,239.53,285.8,2026-10-09,Chronos
677165,2026-10-25,267.19,238.07,286.05,2026-10-09,Chronos
677165,2026-10-26,268.06,230.98,292.63,2026-10-09,Chronos
677165,2026-10-27,267.48,229.09,293.38,2026-10-09,Chronos
677165,2026-10-28,267.5,226.95,294.86,2026-10-09,Chronos
677165,2026-10-29,267.54,225.28,297.23,2026-10-09,Chronos
677165,2026-10-30,267.61,222.24,297.43,2026-10-09,Chronos
677165,2026-10-31,267.32,220.26,298.98,2026-10-09,Chronos
677165,2026-11-01,267.57,216.13,300.63,2026-10-09,Chronos
677165,2026-11-02,266.61,213.21,300.41,2026-10-09,Chronos
677165,2026-11-03,267.04,210.35,300.68,2026-10-09,Chronos
677165,2026-11-04,266.38,206.87,302.55,2026-10-09,Chronos
677165,2026-11-05,266.4,202.53,304.62,2026-10-09,Chronos
677165,2026-11-06,266.02,197.31,307.48,2026-10-09,Chronos
677165,2026-11-07,265.51,193.75,309.47,2026-10-09,Chronos
677165,2026-11-08,265.35,192.26,308.35,2026-10-09,Chronos
677166,2026-10-10,195.87,193.65,197.41,2026-10-09,Chronos
677166,2026-10-11,196.18,193.57,198.24,2026-10-09,Chronos
677166,2026-10-12,196.31,193.14,198.76,2026-10-09,Chronos
677166,2026-10-13,196.4,193.17,199.56,2026-10-09,Chronos
677166,2026-10-14,196.82,192.71,200.58,2026-10-09,Chronos
677166,2026-10-15,196.92,192.4,201.38,2026-10-09,Chronos
677166,2026-10-16,197.56,192.7,202.2,2026-10-09,Chronos
677166,2026-10-17,197.95,192.41,203.01,2026-10-09,Chronos
677166,2026-10-18,198.6,192.52,204.03,2026-10-09,Chronos
677166,2026-10-19,198.99,192.64,204.88,2026-10-09,Chronos
677166,2026-10-20,199.3,192.52,205.65,2026-10-09,Chronos
677166,2026-10-21,199.64,192.46,205.98,2026-10-09,Chronos
677166,2026-10-22,199.58,192.21,206.78,2026-10-09,Chronos
677166,2026-10-23,200.48,192.33,206.99,2026-10-09,Chronos
677166,2026-10-24,200.98,192.42,208.08,2026-10-09,Chronos
677166,2026-10-25,201.12,193.33,209.4,2026-10-09,Chronos
677166,2026-10-26,203.36,194.35,210.61,2026-10-09,Chronos
677166,2026-10-27,203.81,194.54,211.11,2026-10-09,Chronos
677166,2026-10-28,203.97,193.83,211.54,2026-10-09,Chronos
677166,2026-10-29,204.06,193.94,212.62,2026-10-09,Chronos
677166,2026-10-30,204.6,193.75,213.12,2026-10-09,Chronos
677166,2026-10-31,204.58,193.3,213.6,2026-10-09,Chronos
677166,2026-11-01,205.11,193.91,214.27,2026-10-09,Chronos
677166,2026-11-02,205.45,193.58,215.0,2026-10-09,Chronos
677166,2026-11-03,206.13,193.23,215.79,2026-10-09,Chronos
677166,2026-11-04,206.12,193.17,216.01,2026-10-09,Chronos
677166,2026-11-05,206.16,192.09,216.57,2026-10-09,Chronos
677166,2026-11-06,206.03,192.08,216.43,2026-10-09,Chronos
677166,2026-11-07,205.48,191.13,216.52,2026-10-09,Chronos
677166,2026-11-08,205.81,189.88,216.07,2026-10-09,Chronos
677167,2026-10-10,229.59,227.62,230.71,2026-10-09,Chronos
677167,2026-10-11,229.36,226.84,230.78,2026-10-09,Chronos
677167,2026-10-12,229.26,226.24,231.39,2026-10-09,Chronos
677167,2026-10-13,229.31,225.82,231.87,2026-10-09,Chronos
677167,2026-10-14,229.18,225.33,232.82,2026-10-09,Chronos
677167,2026-10-15,229.23,224.84,233.03,2026-10-09,Chronos
677167,2026-10-16,229.2,224.78,233.41,2026-10-09,Chronos
677167,2026-10-17,228.87,224.05,233.48,2026-10-09,Chronos
677167,2026-10-18,228.83,223.28,233.85,2026-10-09,Chronos
677167,2026-10-19,228.84,222.9,234.61,2026-10-09,Chronos
677167,2026-10-20,228.56,222.02,235.18,2026-10-09,Chronos
677167,2026-10-21,228.61,222.13,235.65,2026-10-09,Chronos
677167,2026-10-22,228.65,221.38,236.55,2026-10-09,Chronos
677167,2026-10-23,228.65,220.11,237.35,2026-10-09,Chronos
677167,2026-10-24,228.78,219.53,238.04,2026-10-09,Chronos
677167,2026-10-25,228.97,219.33,238.15,2026-10-09,Chronos
677167,2026-10-26,228.65,216.52,239.41,2026-10-09,Chronos
677167,2026-10-27,228.67,216.04,240.17,2026-10-09,Chronos
677167,2026-10-28,228.64,215.5,240.78,2026-10-09,Chronos
677167,2026-10-29,228.6,214.55,241.18,2026-10-09,Chronos
677167,2026-10-30,228.41,213.62,242.62,2026-10-09,Chronos
677167,2026-10-31,228.78,214.05,242.5,2026-10-09,Chronos
677167,2026-11-01,228.74,213.0,242.94,2026-10-09,Chronos
677167,2026-11-02,228.62,212.02,243.47,2026-10-09,Chronos
677167,2026-11-03,228.74,211.68,244.18,2026-10-09,Chronos
677167,2026-11-04,228.63,211.57,245.54,2026-10-09,Chronos
677167,2026-11-05,228.64,210.01,246.73,2026-10-09,Chronos
677167,2026-11-06,228.57,209.18,248.06,2026-10-09,Chronos
677167,2026-11-07,228.87,207.46,249.72,2026-10-09,Chronos
677167,2026-11-08,228.61,206.7,251.11,2026-10-09,Chronos
677168,2026-10-10,102.85,101.78,103.73,2026-10-09,Chronos
677168,2026-10-11,102.6,101.18,103.8,2026-10-09,Chronos
677168,2026-10-12,102.15,100.62,103.65,2026-10-09,Chronos
677168,2026-10-13,101.8,100.09,103.74,2026-10-09,Chronos
677168,2026-10-14,101.41,99.22,103.36,2026-10-09,Chronos
677168,2026-10-15,101.01,98.56,103.3,2026-10-09,Chronos
677168,2026-10-16,100.71,98.01,103.36,2026-10-09,Chronos
677168,2026-10-17,100.3,97.36,103.24,2026-10-09,Chronos
677168,2026-10-18,99.89,96.52,103.2,2026-10-09,Chronos
677168,2026-10-19,99.53,95.88,103.21,2026-10-09,Chronos
677168,2026-10-20,99.05,94.95,103.35,2026-10-09,Chronos
677168,2026-10-21,98.66,94.09,103.29,2026-10-09,Chronos
677168,2026-10-22,98.34,93.23,103.58,2026-10-09,Chronos
677168,2026-10-23,97.95,92.51,103.65,2026-10-09,Chronos
677168,2026-10-24,97.61,91.73,103.85,2026-10-09,Chronos
677168,2026-10-25,97.26,91.14,103.67,2026-10-09,Chronos
677168,2026-10-26,96.22,88.98,103.78,2026-10-09,Chronos
677168,2026-10-27,96.1,88.48,103.58,2026-10-09,Chronos
677168,2026-10-28,95.66,87.82,103.7,2026-10-09,Chronos
677168,2026-10-29,95.3,87.17,103.89,2026-10-09,Chronos
677168,2026-10-30,95.03,86.39,104.2,2026-10-09,Chronos
677168,2026-10-31,94.78,86.08,104.12,2026-10-09,Chronos
677168,2026-11-01,94.44,85.47,104.35,2026-10-09,Chronos
677168,2026-11-02,94.11,84.75,104.61,2026-10-09,Chronos
677168,2026-11-03,93.97,84.24,104.56,2026-10-09,Chronos
677168,2026-11-04,93.7,83.64,104.76,2026-10-09,Chronos
677168,2026-11-05,93.44,82.73,105.0,2026-10-09,Chronos
677168,2026-11-06,93.18,82.19,105.26,2026-10-09,Chronos
677168,2026-11-07,93.0,81.75,105.48,2026-10-09,Chronos
677168,2026-11-08,92.56,81.1,105.67,2026-10-09,Chronos
677169,2026-10-10,283.86,281.09,286.12,2026-10-09,Chronos
677169,2026-10-11,284.26,281.11,286.92,2026-10-09,Chronos
677169,2026-10-12,284.49,280.77,287.49,2026-10-09,Chronos
677169,2026-10-13,284.35,280.71,287.88,2026-10-09,Chronos
677169,2026-10-14,284.67,280.17,288.78,2026-10-09,Chronos
677169,2026-10-15,284.87,279.98,289.66,2026-10-09,Chronos
677169,2026-10-16,285.13,279.95,290.12,2026-10-09,Chronos
677169,2026-10-17,285.36,279.25,290.86,2026-10-09,Chronos
677169,2026-10-18,285.71,279.27,291.28,2026-10-09,Chronos
677169,2026-10-19,285.66,278.85,292.2,2026-10-09,Chronos
677169,2026-10-20,285.88,278.64,292.44,2026-10-09,Chronos
677169,2026-10-21,285.79,278.2,292.57,2026-10-09,Chronos
677169,2026-10-22,285.48,277.7,293.18,2026-10-09,Chronos
677169,2026-10-23,286.05,277.35,293.28,2026-10-09,Chronos
677169,2026-10-24,286.48,277.17,294.09,2026-10-09,Chronos
677169,2026-10-25,286.3,278.08,294.65,2026-10-09,Chronos
677169,2026-10-26,287.17,276.25,296.5,2026-10-09,Chronos
677169,2026-10-27,287.13,275.86,296.74,2026-10-09,Chronos
677169,2026-10-28,286.96,274.68,297.26,2026-10-09,Chronos
677169,2026-10-29,286.91,274.22,297.91,2026-10-09,Chronos
677169,2026-10-30,287.17,274.15,298.37,2026-10-09,Chronos
677169,2026-10-31,287.26,273.73,299.28,2026-10-09,Chronos
677169,2026-11-01,287.68,273.44,300.11,2026-10-09,Chronos
677169,2026-11-02,288.09,273.09,301.15,2026-10-09,Chronos
677169,2026-11-03,289.01,273.01,302.34,2026-10-09,Chronos
677169,2026-11-04,289.42,273.5,303.2,2026-10-09,Chronos
677169,2026-11-05,290.2,272.57,304.87,2026-10-09,Chronos
677169,2026-11-06,290.13,272.83,305.31,2026-10-09,Chronos
677169,2026-11-07,289.95,272.47,305.83,2026-10-09,Chronos
677169,2026-11-08,290.5,271.74,305.64,2026-10-09,Chronos
677170,2026-10-10,111.46,110.23,112.8,2026-10-09,Chronos
677170,2026-10-11,111.14,109.9,112.89,2026-10-09,Chronos
677170,2026-10-12,111.1,109.29,113.29,2026-10-09,Chronos
677170,2026-10-13,110.94,108.79,113.68,2026-10-09,Chronos
677170,2026-10-14,110.86,108.33,114.32,2026-10-09,Chronos
677170,2026-10-15,110.8,107.84,114.57,2026-10-09,Chronos
677170,2026-10-16,110.89,107.54,115.48,2026-10-09,Chronos
677170,2026-10-17,110.88,107.26,116.78,2026-10-09,Chronos
677170,2026-10-18,110.98,106.97,118.08,2026-10-09,Chronos
677170,2026-10-19,111.02,106.64,118.37,2026-10-09,Chronos
677170,2026-10-20,111.05,106.27,119.95,2026-10-09,Chronos
677170,2026-10-21,111.0,105.81,120.99,2026-10-09,Chronos
677170,2026-10-22,110.97,105.59,121.87,2026-10-09,Chronos
677170,2026-10-23,110.95,104.86,122.87,2026-10-09,Chronos
677170,2026-10-24,111.03,104.5,123.35,2026-10-09,Chronos
677170,2026-10-25,111.05,104.08,124.21,2026-10-09,Chronos
677170,2026-10-26,110.9,104.15,125.07,2026-10-09,Chronos
677170,2026-10-27,110.9,103.79,126.26,2026-10-09,Chronos
677170,2026-10-28,111.0,103.38,126.95,2026-10-09,Chronos
677170,2026-10-29,111.13,103.28,128.51,2026-10-09,Chronos
677170,2026-10-30,111.27,103.09,129.51,2026-10-09,Chronos
677170,2026-10-31,111.34,102.9,130.22,2026-10-09,Chronos
677170,2026-11-01,111.36,102.47,130.26,2026-10-09,Chronos
677170,2026-11-02,111.54,102.55,130.76,2026-10-09,Chronos
677170,2026-11-03,111.61,102.43,130.94,2026-10-09,Chronos
677170,2026-11-04,111.82,102.21,131.02,2026-10-09,Chronos
677170,2026-11-05,111.68,101.85,132.39,2026-10-09,Chronos
677170,2026-11-06,111.77,101.42,132.9,2026-10-09,Chronos
677170,2026-11-07,111.66,101.39,133.42,2026-10-09,Chronos
677170,2026-11-08,111.61,101.11,134.27,2026-10-09,Chronos
677171,2026-10-10,101.47,99.27,103.62,2026-10-09,Chronos
677171,2026-10-11,100.91,97.9,103.92,2026-10-09,Chronos
677171,2026-10-12,100.4,96.72,104.14,2026-10-09,Chronos
677171,2026-10-13,99.89,96.04,104.1,2026-10-09,Chronos
677171,2026-10-14,99.31,94.63,104.09,2026-10-09,Chronos
677171,2026-10-15,98.77,93.93,103.79,2026-10-09,Chronos
677171,2026-10-16,98.23,92.96,103.97,2026-10-09,Chronos
677171,2026-10-17,97.68,92.02,103.77,2026-10-09,Chronos
677171,2026-10-18,97.16,91.15,103.58,2026-10-09,Chronos
677171,2026-10-19,96.68,90.46,103.35,2026-10-09,Chronos
677171,2026-10-20,96.08,89.39,103.28,2026-10-09,Chronos
677171,2026-10-21,95.71,88.8,102.99,2026-10-09,Chronos
677171,2026-10-22,95.17,88.27,102.78,2026-10-09,Chronos
677171,2026-10-23,94.76,87.46,103.09,2026-10-09,Chronos
677171,2026-10-24,94.32,86.65,103.07,2026-10-09,Chronos
677171,2026-10-25,93.79,86.19,102.58,2026-10-09,Chronos
677171,2026-10-26,92.25,82.4,102.26,2026-10-09,Chronos
677171,2026-10-27,91.77,81.47,101.84,2026-10-09,Chronos
677171,2026-10-28,91.48,80.5,101.7,2026-10-09,Chronos
677171,2026-10-29,91.09,79.85,101.68,2026-10-09,Chronos
677171,2026-10-30,90.41,79.3,101.45,2026-10-09,Chronos
677171,2026-10-31,90.2,78.67,101.28,2026-10-09,Chronos
677171,2026-11-01,89.7,77.83,101.4,2026-10-09,Chronos
677171,2026-11-02,89.24,77.21,101.28,2026-10-09,Chronos
677171,2026-11-03,88.85,76.31,101.29,2026-10-09,Chronos
677171,2026-11-04,88.46,75.79,100.77,2026-10-09,Chronos
677171,2026-11-05,88.17,75.05,101.18,2026-10-09,Chronos
677171,2026-11-06,87.83,74.24,101.04,2026-10-09,Chronos
677171,2026-11-07,87.54,73.91,101.21,2026-10-09,Chronos
677171,2026-11-08,87.05,72.98,101.35,2026-10-09,Chronos
690215,2026-10-10,3.08,2.99,3.18,2026-10-09,Chronos
690215,2026-10-11,3.08,2.97,3.19,2026-10-09,Chronos
690215,2026-10-12,3.08,2.93,3.22,2026-10-09,Chronos
690215,2026-10-13,3.07,2.91,3.24,2026-10-09,Chronos
690215,2026-10-14,3.05,2.88,3.26,2026-10-09,Chronos
690215,2026-10-15,3.06,2.85,3.29,2026-10-09,Chronos
690215,2026-10-16,3.05,2.83,3.3,2026-10-09,Chronos
690215,2026-10-17,3.04,2.81,3.34,2026-10-09,Chronos
690215,2026-10-18,3.04,2.79,3.38,2026-10-09,Chronos
690215,2026-10-19,3.05,2.77,3.41,2026-10-09,Chronos
690215,2026-10-20,3.05,2.76,3.46,2026-10-09,Chronos
690215,2026-10-21,3.06,2.76,3.49,2026-10-09,Chronos
690215,2026-10-22,3.06,2.75,3.56,2026-10-09,Chronos
690215,2026-10-23,3.06,2.73,3.62,2026-10-09,Chronos
690215,2026-10-24,3.05,2.72,3.68,2026-10-09,Chronos
690215,2026-10-25,3.05,2.72,3.71,2026-10-09,Chronos
690215,2026-10-26,3.06,2.67,4.02,2026-10-09,Chronos
690215,2026-10-27,3.07,2.66,4.09,2026-10-09,Chronos
690215,2026-10-28,3.07,2.64,4.13,2026-10-09,Chronos
690215,2026-10-29,3.06,2.64,4.2,2026-10-09,Chronos
690215,2026-10-30,3.07,2.62,4.29,2026-10-09,Chronos
690215,2026-10-31,3.07,2.61,4.39,2026-10-09,Chronos
690215,2026-11-01,3.07,2.61,4.36,2026-10-09,Chronos
690215,2026-11-02,3.05,2.59,4.41,2026-10-09,Chronos
690215,2026-11-03,3.06,2.57,4.44,2026-10-09,Chronos
690215,2026-11-04,3.07,2.56,4.4,2026-10-09,Chronos
690215,2026-11-05,3.06,2.55,4.48,2026-10-09,Chronos
690215,2026-11-06,3.06,2.54,4.5,2026-10-09,Chronos
690215,2026-11-07,3.05,2.52,4.51,2026-10-09,Chronos
690215,2026-11-08,3.05,2.51,4.53,2026-10-09,Chronos
690216,2026-10-10,3619.87,3609.06,3629.7,2026-10-09,Chronos
690216,2026-10-11,3619.6,3605.75,3629.23,2026-10-09,Chronos
690216,2026-10-12,3619.96,3608.83,3629.58,2026-10-09,Chronos
690216,2026-10-13,3618.86,3607.19,3629.18,2026-10-09,Chronos
690216,2026-10-14,3617.56,3606.02,3629.8,2026-10-09,Chronos
690216,2026-10-15,3618.84,3607.16,3630.46,2026-10-09,Chronos
690216,2026-10-16,3620.01,3606.68,3629.61,2026-10-09,Chronos
690216,2026-10-17,3618.74,3605.84,3630.15,2026-10-09,Chronos
690216,2026-10-18,3617.88,3603.73,3628.97,2026-10-09,Chronos
690216,2026-10-19,3618.91,3603.39,3629.44,2026-10-09,Chronos
690216,2026-10-20,3617.68,3606.07,3630.07,2026-10-09,Chronos
690216,2026-10-21,3618.82,3604.24,3630.88,2026-10-09,Chronos
690216,2026-10-22,3618.2,3601.15,3631.41,2026-10-09,Chronos
690216,2026-10-23,3618.85,3602.63,3631.75,2026-10-09,Chronos
690216,2026-10-24,3618.28,3602.89,3633.22,2026-10-09,Chronos
690216,2026-10-25,3618.9,3602.15,3631.53,2026-10-09,Chronos
690216,2026-10-26,3618.23,3596.43,3634.8,2026-10-09,Chronos
690216,2026-10-27,3617.94,3593.9,3634.28,2026-10-09,Chronos
690216,2026-10-28,3618.62,3596.34,3633.79,2026-10-09,Chronos
690216,2026-10-29,3617.68,3597.27,3633.86,2026-10-09,Chronos
690216,2026-10-30,3615.96,3593.58,3634.87,2026-10-09,Chronos
690216,2026-10-31,3617.42,3593.6,3633.39,2026-10-09,Chronos
690216,2026-11-01,3618.28,3594.47,3633.81,2026-10-09,Chronos
690216,2026-11-02,3617.44,3592.92,3634.9,2026-10-09,Chronos
690216,2026-11-03,3617.02,3589.52,3633.96,2026-10-09,Chronos
690216,2026-11-04,3618.13,3589.23,3634.56,2026-10-09,Chronos
690216,2026-11-05,3617.13,3588.38,3635.38,2026-10-09,Chronos
690216,2026-11-06,3618.53,3588.81,3635.36,2026-10-09,Chronos
690216,2026-11-07,3617.76,3584.41,3636.23,2026-10-09,Chronos
690216,2026-11-08,3617.68,3586.85,3636.72,2026-10-09,Chronos
690217,2026-10-10,1691.89,1670.51,1705.62,2026-10-09,Chronos
690217,2026-10-11,1691.16,1660.31,1707.31,2026-10-09,Chronos
690217,2026-10-12,1685.89,1651.05,1711.2,2026-10-09,Chronos
690217,2026-10-13,1682.89,1644.72,1712.88,2026-10-09,Chronos
690217,2026-10-14,1678.62,1632.83,1715.05,2026-10-09,Chronos
690217,2026-10-15,1675.97,1625.24,1716.2,2026-10-09,Chronos
690217,2026-10-16,1675.67,1615.51,1721.1,2026-10-09,Chronos
690217,2026-10-17,1672.03,1604.75,1723.62,2026-10-09,Chronos
690217,2026-10-18,1667.57,1595.81,1721.25,2026-10-09,Chronos
690217,2026-10-19,1665.19,1584.98,1726.22,2026-10-09,Chronos
690217,2026-10-20,1662.22,1574.41,1729.82,2026-10-09,Chronos
690217,2026-10-21,1658.6,1558.72,1724.61,2026-10-09,Chronos
690217,2026-10-22,1656.31,1549.2,1726.14,2026-10-09,Chronos
690217,2026-10-23,1655.23,1544.59,1730.59,2026-10-09,Chronos
690217,2026-10-24,1651.82,1533.32,1734.12,2026-10-09,Chronos
690217,2026-10-25,1649.05,1519.23,1732.35,2026-10-09,Chronos
690217,2026-10-26,1640.27,1488.65,1734.14,2026-10-09,Chronos
690217,2026-10-27,1638.31,1477.44,1739.14,2026-10-09,Chronos
690217,2026-10-28,1635.46,1468.24,1739.44,2026-10-09,Chronos
690217,2026-10-29,1634.52,1460.38,1740.57,2026-10-09,Chronos
690217,2026-10-30,1628.62,1446.71,1747.6,2026-10-09,Chronos
690217,2026-10-31,1628.96,1442.7,1745.52,2026-10-09,Chronos
690217,2026-11-01,1625.96,1428.38,1747.54,2026-10-09,Chronos
690217,2026-11-02,1623.46,1413.4,1749.43,2026-10-09,Chronos
690217,2026-11-03,1618.36,1405.28,1749.33,2026-10-09,Chronos
690217,2026-11-04,1617.36,1391.9,1752.16,2026-10-09,Chronos
690217,2026-11-05,1618.11,1388.39,1757.29,2026-10-09,Chronos
690217,2026-11-06,1613.96,1374.36,1753.79,2026-10-09,Chronos
690217,2026-11-07,1611.93,1356.93,1755.42,2026-10-09,Chronos
690217,2026-11-08,1610.67,1355.52,1761.61,2026-10-09,Chronos
690555,2026-10-10,1.43,1.39,1.46,2026-10-09,Chronos
690555,2026-10-11,1.43,1.38,1.48,2026-10-09,Chronos
690555,2026-10-12,1.43,1.36,1.5,2026-10-09,Chronos
690555,2026-10-13,1.43,1.35,1.52,2026-10-09,Chronos
690555,2026-10-14,1.43,1.33,1.54,2026-10-09,Chronos
690555,2026-10-15,1.43,1.32,1.55,2026-10-09,Chronos
690555,2026-10-16,1.44,1.31,1.58,2026-10-09,Chronos
690555,2026-10-17,1.44,1.3,1.6,2026-10-09,Chronos
690555,2026-10-18,1.44,1.29,1.62,2026-10-09,Chronos
690555,2026-10-19,1.44,1.28,1.63,2026-10-09,Chronos
690555,2026-10-20,1.44,1.27,1.65,2026-10-09,Chronos
690555,2026-10-21,1.44,1.26,1.67,2026-10-09,Chronos
690555,2026-10-22,1.45,1.26,1.7,2026-10-09,Chronos
690555,2026-10-23,1.45,1.25,1.72,2026-10-09,Chronos
690555,2026-10-24,1.45,1.24,1.72,2026-10-09,Chronos
690555,2026-10-25,1.45,1.24,1.73,2026-10-09,Chronos
690555,2026-10-26,1.45,1.16,1.81,2026-10-09,Chronos
690555,2026-10-27,1.45,1.15,1.82,2026-10-09,Chronos
690555,2026-10-28,1.45,1.15,1.82,2026-10-09,Chronos
690555,2026-10-29,1.45,1.14,1.83,2026-10-09,Chronos
690555,2026-10-30,1.45,1.13,1.83,2026-10-09,Chronos
690555,2026-10-31,1.45,1.13,1.83,2026-10-09,Chronos
690555,2026-11-01,1.45,1.13,1.84,2026-10-09,Chronos
690555,2026-11-02,1.45,1.11,1.86,2026-10-09,Chronos
690555,2026-11-03,1.45,1.11,1.87,2026-10-09,Chronos
690555,2026-11-04,1.45,1.1,1.87,2026-10-09,Chronos
690555,2026-11-05,1.45,1.1,1.89,2026-10-09,Chronos
690555,2026-11-06,1.45,1.08,1.9,2026-10-09,Chronos
690555,2026-11-07,1.45,1.08,1.9,2026-10-09,Chronos
690555,2026-11-08,1.46,1.08,1.92,2026-10-09,Chronos
690556,2026-10-10,64.92,64.28,65.43,2026-10-09,Chronos
690556,2026-10-11,64.79,64.07,65.75,2026-10-09,Chronos
690556,2026-10-12,64.79,63.64,65.66,2026-10-09,Chronos
690556,2026-10-13,64.57,63.5,66.01,2026-10-09,Chronos
690556,2026-10-14,64.6,63.23,66.07,2026-10-09,Chronos
690556,2026-10-15,64.54,63.11,66.36,2026-10-09,Chronos
690556,2026-10-16,64.5,63.15,66.52,2026-10-09,Chronos
690556,2026-10-17,64.49,62.8,67.11,2026-10-09,Chronos
690556,2026-10-18,64.55,62.56,67.58,2026-10-09,Chronos
690556,2026-10-19,64.4,62.56,67.83,2026-10-09,Chronos
690556,2026-10-20,64.55,62.28,68.03,2026-10-09,Chronos
690556,2026-10-21,64.6,62.34,68.97,2026-10-09,Chronos
690556,2026-10-22,64.61,62.25,70.25,2026-10-09,Chronos
690556,2026-10-23,64.5,62.03,71.48,2026-10-09,Chronos
690556,2026-10-24,64.55,61.93,72.32,2026-10-09,Chronos
690556,2026-10-25,64.34,61.6,72.41,2026-10-09,Chronos
690556,2026-10-26,64.45,60.62,74.55,2026-10-09,Chronos
690556,2026-10-27,64.47,60.7,74.24,2026-10-09,Chronos
690556,2026-10-28,64.36,60.51,75.28,2026-10-09,Chronos
690556,2026-10-29,64.27,60.7,76.07,2026-10-09,Chronos
690556,2026-10-30,64.24,60.41,77.87,2026-10-09,Chronos
690556,2026-10-31,64.33,60.27,78.98,2026-10-09,Chronos
690556,2026-11-01,64.25,60.15,79.28,2026-10-09,Chronos
690556,2026-11-02,64.27,59.97,80.4,2026-10-09,Chronos
690556,2026-11-03,64.16,59.94,80.77,2026-10-09,Chronos
690556,2026-11-04,64.22,59.87,81.25,2026-10-09,Chronos
690556,2026-11-05,64.21,59.75,81.86,2026-10-09,Chronos
690556,2026-11-06,64.44,60.01,82.74,2026-10-09,Chronos
690556,2026-11-07,64.33,59.97,83.87,2026-10-09,Chronos
690556,2026-11-08,64.27,59.62,84.3,2026-10-09,Chronos
690747,2026-10-10,270.1,256.17,278.73,2026-10-09,Chronos
690747,2026-10-11,268.45,253.85,277.56,2026-10-09,Chronos
690747,2026-10-12,267.83,250.18,277.68,2026-10-09,Chronos
690747,2026-10-13,266.23,248.61,278.32,2026-10-09,Chronos
690747,2026-10-14,264.55,243.95,280.09,2026-10-09,Chronos
690747,2026-10-15,264.64,240.6,280.53,2026-10-09,Chronos
690747,2026-10-16,263.91,237.54,280.93,2026-10-09,Chronos
690747,2026-10-17,262.39,234.7,281.45,2026-10-09,Chronos
690747,2026-10-18,261.43,231.2,282.01,2026-10-09,Chronos
690747,2026-10-19,260.82,228.1,282.34,2026-10-09,Chronos
690747,2026-10-20,259.9,225.07,282.55,2026-10-09,Chronos
690747,2026-10-21,259.0,222.12,283.77,2026-10-09,Chronos
690747,2026-10-22,257.81,218.79,284.14,2026-10-09,Chronos
690747,2026-10-23,256.85,213.04,285.62,2026-10-09,Chronos
690747,2026-10-24,255.59,209.98,286.86,2026-10-09,Chronos
690747,2026-10-25,255.36,208.0,284.02,2026-10-09,Chronos
690747,2026-10-26,257.67,198.03,298.96,2026-10-09,Chronos
690747,2026-10-27,256.64,196.31,296.78,2026-10-09,Chronos
690747,2026-10-28,256.1,193.38,298.25,2026-10-09,Chronos
690747,2026-10-29,254.35,190.25,299.38,2026-10-09,Chronos
690747,2026-10-30,253.42,185.92,300.29,2026-10-09,Chronos
690747,2026-10-31,254.01,182.23,303.38,2026-10-09,Chronos
690747,2026-11-01,253.37,179.81,304.79,2026-10-09,Chronos
690747,2026-11-02,251.83,175.18,307.25,2026-10-09,Chronos
690747,2026-11-03,251.3,171.4,308.35,2026-10-09,Chronos
690747,2026-11-04,251.13,169.25,310.45,2026-10-09,Chronos
690747,2026-11-05,250.26,165.6,309.9,2026-10-09,Chronos
690747,2026-11-06,250.21,160.21,314.08,2026-10-09,Chronos
690747,2026-11-07,249.73,155.51,317.9,2026-10-09,Chronos
690747,2026-11-08,247.84,146.63,322.82,2026-10-09,Chronos
692088,2026-10-10,2.0,1.93,2.06,2026-10-09,Chronos
692088,2026-10-11,1.99,1.9,2.08,2026-10-09,Chronos
692088,2026-10-12,2.0,1.87,2.11,2026-10-09,Chronos
692088,2026-10-13,2.0,1.85,2.14,2026-10-09,Chronos
692088,2026-10-14,2.0,1.83,2.17,2026-10-09,Chronos
692088,2026-10-15,2.0,1.82,2.18,2026-10-09,Chronos
692088,2026-10-16,2.0,1.79,2.2,2026-10-09,Chronos
692088,2026-10-17,2.0,1.77,2.22,2026-10-09,Chronos
692088,2026-10-18,2.0,1.75,2.24,2026-10-09,Chronos
692088,2026-10-19,2.0,1.74,2.25,2026-10-09,Chronos
692088,2026-10-20,1.99,1.71,2.27,2026-10-09,Chronos
692088,2026-10-21,2.0,1.68,2.3,2026-10-09,Chronos
692088,2026-10-22,2.0,1.67,2.32,2026-10-09,Chronos
692088,2026-10-23,1.99,1.66,2.33,2026-10-09,Chronos
692088,2026-10-24,2.0,1.65,2.34,2026-10-09,Chronos
692088,2026-10-25,2.0,1.65,2.36,2026-10-09,Chronos
692088,2026-10-26,2.01,1.54,2.5,2026-10-09,Chronos
692088,2026-10-27,2.01,1.52,2.5,2026-10-09,Chronos
692088,2026-10-28,2.01,1.51,2.5,2026-10-09,Chronos
692088,2026-10-29,2.01,1.5,2.52,2026-10-09,Chronos
692088,2026-10-30,2.0,1.49,2.53,2026-10-09,Chronos
692088,2026-10-31,2.0,1.48,2.53,2026-10-09,Chronos
692088,2026-11-01,2.0,1.47,2.55,2026-10-09,Chronos
692088,2026-11-02,2.0,1.46,2.55,2026-10-09,Chronos
692088,2026-11-03,2.0,1.45,2.55,2026-10-09,Chronos
692088,2026-11-04,2.0,1.44,2.58,2026-10-09,Chronos
692088,2026-11-05,1.99,1.44,2.58,2026-10-09,Chronos
692088,2026-11-06,1.99,1.43,2.6,2026-10-09,Chronos
692088,2026-11-07,1.99,1.42,2.62,2026-10-09,Chronos
692088,2026-11-08,1.99,1.42,2.62,2026-10-09,Chronos
692089,2026-10-10,54.11,53.77,54.4,2026-10-09,Chronos
692089,2026-10-11,54.04,53.66,54.41,2026-10-09,Chronos
692089,2026-10-12,54.02,53.44,54.32,2026-10-09,Chronos
692089,2026-10-13,53.86,53.37,54.41,2026-10-09,Chronos
692089,2026-10-14,53.81,53.21,54.49,2026-10-09,Chronos
692089,2026-10-15,53.77,53.07,54.57,2026-10-09,Chronos
692089,2026-10-16,53.72,53.03,54.46,2026-10-09,Chronos
692089,2026-10-17,53.71,52.88,54.56,2026-10-09,Chronos
692089,2026-10-18,53.69,52.73,54.6,2026-10-09,Chronos
692089,2026-10-19,53.63,52.69,54.67,2026-10-09,Chronos
692089,2026-10-20,53.66,52.55,54.71,2026-10-09,Chronos
692089,2026-10-21,53.64,52.53,54.84,2026-10-09,Chronos
692089,2026-10-22,53.62,52.54,55.03,2026-10-09,Chronos
692089,2026-10-23,53.57,52.51,54.86,2026-10-09,Chronos
692089,2026-10-24,53.5,52.27,54.86,2026-10-09,Chronos
692089,2026-10-25,53.4,52.14,54.91,2026-10-09,Chronos
692089,2026-10-26,53.5,51.09,55.93,2026-10-09,Chronos
692089,2026-10-27,53.41,50.99,55.79,2026-10-09,Chronos
692089,2026-10-28,53.38,50.77,55.75,2026-10-09,Chronos
692089,2026-10-29,53.22,50.84,55.87,2026-10-09,Chronos
692089,2026-10-30,53.16,50.48,56.03,2026-10-09,Chronos
692089,2026-10-31,53.16,50.39,56.11,2026-10-09,Chronos
692089,2026-11-01,53.1,50.31,56.15,2026-10-09,Chronos
692089,2026-11-02,53.08,50.16,56.3,2026-10-09,Chronos
692089,2026-11-03,53.07,49.97,56.62,2026-10-09,Chronos
692089,2026-11-04,53.0,49.97,56.8,2026-10-09,Chronos
692089,2026-11-05,53.03,49.75,56.8,2026-10-09,Chronos
692089,2026-11-06,52.98,49.74,57.18,2026-10-09,Chronos
692089,2026-11-07,52.93,49.73,57.6,2026-10-09,Chronos
692089,2026-11-08,52.9,49.6,57.86,2026-10-09,Chronos
692090,2026-10-10,70.32,69.63,71.14,2026-10-09,Chronos
692090,2026-10-11,70.19,69.34,71.17,2026-10-09,Chronos
692090,2026-10-12,70.17,68.89,70.91,2026-10-09,Chronos
692090,2026-10-13,69.81,68.76,71.18,2026-10-09,Chronos
692090,2026-10-14,69.78,68.55,71.45,2026-10-09,Chronos
692090,2026-10-15,69.75,68.28,71.6,2026-10-09,Chronos
692090,2026-10-16,69.66,68.14,71.38,2026-10-09,Chronos
692090,2026-10-17,69.68,67.96,71.64,2026-10-09,Chronos
692090,2026-10-18,69.66,67.67,71.79,2026-10-09,Chronos
692090,2026-10-19,69.51,67.51,71.92,2026-10-09,Chronos
692090,2026-10-20,69.6,67.3,71.97,2026-10-09,Chronos
692090,2026-10-21,69.55,67.25,72.32,2026-10-09,Chronos
692090,2026-10-22,69.55,67.3,72.78,2026-10-09,Chronos
692090,2026-10-23,69.43,67.15,72.46,2026-10-09,Chronos
692090,2026-10-24,69.27,66.76,72.34,2026-10-09,Chronos
692090,2026-10-25,69.08,66.55,72.47,2026-10-09,Chronos
692090,2026-10-26,69.42,65.45,74.18,2026-10-09,Chronos
692090,2026-10-27,69.26,65.32,73.64,2026-10-09,Chronos
692090,2026-10-28,69.28,64.93,73.65,2026-10-09,Chronos
692090,2026-10-29,68.89,64.95,74.01,2026-10-09,Chronos
692090,2026-10-30,68.89,64.66,74.47,2026-10-09,Chronos
692090,2026-10-31,68.95,64.54,74.76,2026-10-09,Chronos
692090,2026-11-01,68.83,64.66,74.64,2026-10-09,Chronos
692090,2026-11-02,68.91,64.3,75.02,2026-10-09,Chronos
692090,2026-11-03,68.94,64.07,75.59,2026-10-09,Chronos
692090,2026-11-04,68.8,64.09,75.79,2026-10-09,Chronos
692090,2026-11-05,68.88,63.94,75.81,2026-10-09,Chronos
692090,2026-11-06,68.79,63.77,76.49,2026-10-09,Chronos
692090,2026-11-07,68.79,63.79,77.22,2026-10-09,Chronos
692090,2026-11-08,68.73,63.66,77.35,2026-10-09,Chronos
692091,2026-10-10,85.1,83.79,85.99,2026-10-09,Chronos
692091,2026-10-11,84.94,83.36,86.44,2026-10-09,Chronos
692091,2026-10-12,85.05,82.66,86.73,2026-10-09,Chronos
692091,2026-10-13,84.71,82.42,87.2,2026-10-09,Chronos
692091,2026-10-14,84.51,81.72,87.53,2026-10-09,Chronos
692091,2026-10-15,84.32,81.09,87.94,2026-10-09,Chronos
692091,2026-10-16,84.13,80.49,87.9,2026-10-09,Chronos
692091,2026-10-17,84.05,80.11,88.23,2026-10-09,Chronos
692091,2026-10-18,83.97,79.54,88.5,2026-10-09,Chronos
692091,2026-10-19,83.67,79.16,88.86,2026-10-09,Chronos
692091,2026-10-20,83.71,78.71,89.21,2026-10-09,Chronos
692091,2026-10-21,83.75,78.69,90.14,2026-10-09,Chronos
692091,2026-10-22,83.67,78.19,91.12,2026-10-09,Chronos
692091,2026-10-23,83.53,77.71,91.93,2026-10-09,Chronos
692091,2026-10-24,83.37,77.05,93.18,2026-10-09,Chronos
692091,2026-10-25,83.41,76.94,94.58,2026-10-09,Chronos
692091,2026-10-26,83.01,74.28,97.28,2026-10-09,Chronos
692091,2026-10-27,83.06,73.67,98.34,2026-10-09,Chronos
692091,2026-10-28,83.14,72.62,99.32,2026-10-09,Chronos
692091,2026-10-29,82.71,72.38,100.43,2026-10-09,Chronos
692091,2026-10-30,82.68,71.12,102.71,2026-10-09,Chronos
692091,2026-10-31,82.8,70.88,103.78,2026-10-09,Chronos
692091,2026-11-01,82.81,70.62,104.4,2026-10-09,Chronos
692091,2026-11-02,82.65,70.04,106.57,2026-10-09,Chronos
692091,2026-11-03,83.13,69.84,108.35,2026-10-09,Chronos
692091,2026-11-04,83.19,69.56,108.71,2026-10-09,Chronos
692091,2026-11-05,83.26,68.8,111.59,2026-10-09,Chronos
692091,2026-11-06,83.56,68.67,113.5,2026-10-09,Chronos
692091,2026-11-07,83.57,68.3,114.4,2026-10-09,Chronos
692091,2026-11-08,83.51,67.56,115.55,2026-10-09,Chronos
692203,2026-10-10,7.08,6.92,7.12,2026-10-09,Chronos
692203,2026-10-11,7.05,6.89,7.21,2026-10-09,Chronos
692203,2026-10-12,7.05,6.79,7.25,2026-10-09,Chronos
692203,2026-10-13,7.03,6.71,7.32,2026-10-09,Chronos
692203,2026-10-14,7.02,6.64,7.39,2026-10-09,Chronos
692203,2026-10-15,7.02,6.59,7.47,2026-10-09,Chronos
692203,2026-10-16,7.03,6.57,7.51,2026-10-09,Chronos
692203,2026-10-17,7.02,6.51,7.6,2026-10-09,Chronos
692203,2026-10-18,7.04,6.47,7.7,2026-10-09,Chronos
692203,2026-10-19,7.06,6.46,7.78,2026-10-09,Chronos
692203,2026-10-20,7.06,6.45,7.8,2026-10-09,Chronos
692203,2026-10-21,7.09,6.44,7.9,2026-10-09,Chronos
692203,2026-10-22,7.12,6.44,8.02,2026-10-09,Chronos
692203,2026-10-23,7.13,6.43,8.13,2026-10-09,Chronos
692203,2026-10-24,7.13,6.43,8.23,2026-10-09,Chronos
692203,2026-10-25,7.14,6.43,8.34,2026-10-09,Chronos
692203,2026-10-26,7.24,6.31,8.61,2026-10-09,Chronos
692203,2026-10-27,7.24,6.32,8.7,2026-10-09,Chronos
692203,2026-10-28,7.26,6.31,8.73,2026-10-09,Chronos
692203,2026-10-29,7.25,6.32,8.78,2026-10-09,Chronos
692203,2026-10-30,7.26,6.28,8.94,2026-10-09,Chronos
692203,2026-10-31,7.26,6.25,9.04,2026-10-09,Chronos
692203,2026-11-01,7.27,6.26,9.03,2026-10-09,Chronos
692203,2026-11-02,7.25,6.21,9.14,2026-10-09,Chronos
692203,2026-11-03,7.25,6.2,9.23,2026-10-09,Chronos
692203,2026-11-04,7.27,6.17,9.2,2026-10-09,Chronos
692203,2026-11-05,7.26,6.17,9.26,2026-10-09,Chronos
692203,2026-11-06,7.28,6.18,9.3,2026-10-09,Chronos
692203,2026-11-07,7.27,6.14,9.36,2026-10-09,Chronos
692203,2026-11-08,7.26,6.13,9.45,2026-10-09,Chronos
692204,2026-10-10,4.79,4.6,4.91,2026-10-09,Chronos
692204,2026-10-11,4.84,4.57,5.12,2026-10-09,Chronos
692204,2026-10-12,4.9,4.48,5.27,2026-10-09,Chronos
692204,2026-10-13,4.91,4.45,5.41,2026-10-09,Chronos
692204,2026-10-14,4.93,4.4,5.53,2026-10-09,Chronos
692204,2026-10-15,4.96,4.35,5.65,2026-10-09,Chronos
692204,2026-10-16,5.0,4.34,5.71,2026-10-09,Chronos
692204,2026-10-17,4.97,4.29,5.74,2026-10-09,Chronos
692204,2026-10-18,4.96,4.22,5.85,2026-10-09,Chronos
692204,2026-10-19,4.98,4.2,5.92,2026-10-09,Chronos
692204,2026-10-20,4.96,4.15,5.97,2026-10-09,Chronos
692204,2026-10-21,4.97,4.14,6.11,2026-10-09,Chronos
692204,2026-10-22,4.97,4.09,6.22,2026-10-09,Chronos
692204,2026-10-23,4.94,4.01,6.29,2026-10-09,Chronos
692204,2026-10-24,4.89,3.99,6.29,2026-10-09,Chronos
692204,2026-10-25,4.88,3.96,6.36,2026-10-09,Chronos
692204,2026-10-26,4.82,3.78,6.53,2026-10-09,Chronos
692204,2026-10-27,4.81,3.74,6.66,2026-10-09,Chronos
692204,2026-10-28,4.83,3.71,6.72,2026-10-09,Chronos
692204,2026-10-29,4.81,3.72,6.75,2026-10-09,Chronos
692204,2026-10-30,4.84,3.71,6.96,2026-10-09,Chronos
692204,2026-10-31,4.85,3.68,6.99,2026-10-09,Chronos
692204,2026-11-01,4.88,3.73,7.02,2026-10-09,Chronos
692204,2026-11-02,4.87,3.7,7.13,2026-10-09,Chronos
692204,2026-11-03,4.91,3.69,7.2,2026-10-09,Chronos
692204,2026-11-04,4.95,3.68,7.37,2026-10-09,Chronos
692204,2026-11-05,4.95,3.69,7.51,2026-10-09,Chronos
692204,2026-11-06,5.0,3.71,7.72,2026-10-09,Chronos
692204,2026-11-07,5.04,3.69,7.97,2026-10-09,Chronos
692204,2026-11-08,5.06,3.65,8.22,2026-10-09,Chronos
692205,2026-10-10,1.4,1.34,1.46,2026-10-09,Chronos
692205,2026-10-11,1.4,1.33,1.48,2026-10-09,Chronos
692205,2026-10-12,1.4,1.32,1.5,2026-10-09,Chronos
692205,2026-10-13,1.4,1.3,1.51,2026-10-09,Chronos
692205,2026-10-14,1.39,1.29,1.52,2026-10-09,Chronos
692205,2026-10-15,1.39,1.27,1.53,2026-10-09,Chronos
692205,2026-10-16,1.39,1.26,1.54,2026-10-09,Chronos
692205,2026-10-17,1.38,1.25,1.55,2026-10-09,Chronos
692205,2026-10-18,1.38,1.23,1.55,2026-10-09,Chronos
692205,2026-10-19,1.37,1.22,1.55,2026-10-09,Chronos
692205,2026-10-20,1.37,1.21,1.56,2026-10-09,Chronos
692205,2026-10-21,1.36,1.2,1.57,2026-10-09,Chronos
692205,2026-10-22,1.36,1.19,1.57,2026-10-09,Chronos
692205,2026-10-23,1.36,1.18,1.58,2026-10-09,Chronos
692205,2026-10-24,1.35,1.18,1.58,2026-10-09,Chronos
692205,2026-10-25,1.35,1.17,1.59,2026-10-09,Chronos
692205,2026-10-26,1.33,1.12,1.6,2026-10-09,Chronos
692205,2026-10-27,1.33,1.1,1.61,2026-10-09,Chronos
692205,2026-10-28,1.32,1.09,1.61,2026-10-09,Chronos
692205,2026-10-29,1.32,1.08,1.61,2026-10-09,Chronos
692205,2026-10-30,1.32,1.07,1.6,2026-10-09,Chronos
692205,2026-10-31,1.31,1.06,1.61,2026-10-09,Chronos
692205,2026-11-01,1.31,1.06,1.61,2026-10-09,Chronos
692205,2026-11-02,1.3,1.05,1.61,2026-10-09,Chronos
692205,2026-11-03,1.3,1.04,1.62,2026-10-09,Chronos
692205,2026-11-04,1.3,1.04,1.62,2026-10-09,Chronos
692205,2026-11-05,1.3,1.03,1.62,2026-10-09,Chronos
692205,2026-11-06,1.3,1.03,1.64,2026-10-09,Chronos
692205,2026-11-07,1.3,1.02,1.64,2026-10-09,Chronos
692205,2026-11-08,1.3,1.01,1.64,2026-10-09,Chronos
692206,2026-10-10,1.56,1.48,1.64,2026-10-09,Chronos
692206,2026-10-11,1.55,1.45,1.66,2026-10-09,Chronos
692206,2026-10-12,1.54,1.41,1.68,2026-10-09,Chronos
692206,2026-10-13,1.54,1.36,1.71,2026-10-09,Chronos
692206,2026-10-14,1.53,1.33,1.73,2026-10-09,Chronos
692206,2026-10-15,1.53,1.3,1.75,2026-10-09,Chronos
692206,2026-10-16,1.53,1.28,1.77,2026-10-09,Chronos
692206,2026-10-17,1.53,1.25,1.8,2026-10-09,Chronos
692206,2026-10-18,1.53,1.23,1.82,2026-10-09,Chronos
692206,2026-10-19,1.53,1.21,1.84,2026-10-09,Chronos
692206,2026-10-20,1.53,1.2,1.87,2026-10-09,Chronos
692206,2026-10-21,1.53,1.17,1.89,2026-10-09,Chronos
692206,2026-10-22,1.54,1.17,1.91,2026-10-09,Chronos
692206,2026-10-23,1.54,1.16,1.93,2026-10-09,Chronos
692206,2026-10-24,1.54,1.15,1.93,2026-10-09,Chronos
692206,2026-10-25,1.54,1.12,1.95,2026-10-09,Chronos
692206,2026-10-26,1.54,1.04,1.98,2026-10-09,Chronos
692206,2026-10-27,1.54,1.03,1.99,2026-10-09,Chronos
692206,2026-10-28,1.53,1.03,1.98,2026-10-09,Chronos
692206,2026-10-29,1.53,1.01,2.0,2026-10-09,Chronos
692206,2026-10-30,1.53,1.01,2.01,2026-10-09,Chronos
692206,2026-10-31,1.54,1.01,2.02,2026-10-09,Chronos
692206,2026-11-01,1.54,1.01,2.02,2026-10-09,Chronos
692206,2026-11-02,1.56,1.0,2.05,2026-10-09,Chronos
692206,2026-11-03,1.57,1.02,2.07,2026-10-09,Chronos
692206,2026-11-04,1.59,1.01,2.08,2026-10-09,Chronos
692206,2026-11-05,1.6,1.02,2.1,2026-10-09,Chronos
692206,2026-11-06,1.6,1.01,2.12,2026-10-09,Chronos
692206,2026-11-07,1.62,1.02,2.12,2026-10-09,Chronos
692206,2026-11-08,1.61,1.01,2.12,2026-10-09,Chronos
692207,2026-10-10,1.34,1.29,1.39,2026-10-09,Chronos
692207,2026-10-11,1.34,1.28,1.4,2026-10-09,Chronos
692207,2026-10-12,1.34,1.26,1.41,2026-10-09,Chronos
692207,2026-10-13,1.33,1.25,1.42,2026-10-09,Chronos
692207,2026-10-14,1.33,1.23,1.43,2026-10-09,Chronos
692207,2026-10-15,1.33,1.22,1.44,2026-10-09,Chronos
692207,2026-10-16,1.32,1.2,1.44,2026-10-09,Chronos
692207,2026-10-17,1.32,1.2,1.45,2026-10-09,Chronos
692207,2026-10-18,1.32,1.18,1.46,2026-10-09,Chronos
692207,2026-10-19,1.31,1.17,1.47,2026-10-09,Chronos
692207,2026-10-20,1.31,1.16,1.47,2026-10-09,Chronos
692207,2026-10-21,1.31,1.16,1.47,2026-10-09,Chronos
692207,2026-10-22,1.31,1.15,1.49,2026-10-09,Chronos
692207,2026-10-23,1.3,1.14,1.49,2026-10-09,Chronos
692207,2026-10-24,1.3,1.13,1.5,2026-10-09,Chronos
692207,2026-10-25,1.3,1.13,1.51,2026-10-09,Chronos
692207,2026-10-26,1.29,1.08,1.54,2026-10-09,Chronos
692207,2026-10-27,1.29,1.07,1.54,2026-10-09,Chronos
692207,2026-10-28,1.29,1.06,1.55,2026-10-09,Chronos
692207,2026-10-29,1.28,1.05,1.55,2026-10-09,Chronos
692207,2026-10-30,1.28,1.04,1.57,2026-10-09,Chronos
692207,2026-10-31,1.28,1.04,1.56,2026-10-09,Chronos
692207,2026-11-01,1.27,1.03,1.57,2026-10-09,Chronos
692207,2026-11-02,1.27,1.02,1.58,2026-10-09,Chronos
692207,2026-11-03,1.27,1.01,1.58,2026-10-09,Chronos
692207,2026-11-04,1.27,1.01,1.6,2026-10-09,Chronos
692207,2026-11-05,1.27,1.0,1.6,2026-10-09,Chronos
692207,2026-11-06,1.27,1.0,1.61,2026-10-09,Chronos
692207,2026-11-07,1.27,0.99,1.63,2026-10-09,Chronos
692207,2026-11-08,1.26,0.97,1.63,2026-10-09,Chronos
692208,2026-10-10,6.01,5.75,6.16,2026-10-09,Chronos
692208,2026-10-11,5.99,5.67,6.33,2026-10-09,Chronos
692208,2026-10-12,5.99,5.56,6.35,2026-10-09,Chronos
692208,2026-10-13,6.0,5.51,6.47,2026-10-09,Chronos
692208,2026-10-14,6.03,5.46,6.58,2026-10-09,Chronos
692208,2026-10-15,6.07,5.41,6.65,2026-10-09,Chronos
692208,2026-10-16,6.08,5.39,6.79,2026-10-09,Chronos
692208,2026-10-17,6.1,5.35,6.87,2026-10-09,Chronos
692208,2026-10-18,6.13,5.31,7.0,2026-10-09,Chronos
692208,2026-10-19,6.18,5.34,7.14,2026-10-09,Chronos
692208,2026-10-20,6.21,5.31,7.24,2026-10-09,Chronos
692208,2026-10-21,6.28,5.34,7.48,2026-10-09,Chronos
692208,2026-10-22,6.34,5.32,7.74,2026-10-09,Chronos
692208,2026-10-23,6.39,5.29,8.07,2026-10-09,Chronos
692208,2026-10-24,6.44,5.3,8.47,2026-10-09,Chronos
692208,2026-10-25,6.55,5.35,8.91,2026-10-09,Chronos
692208,2026-10-26,6.72,4.93,8.89,2026-10-09,Chronos
692208,2026-10-27,6.75,4.94,8.96,2026-10-09,Chronos
692208,2026-10-28,6.81,4.9,9.11,2026-10-09,Chronos
692208,2026-10-29,6.87,4.9,9.33,2026-10-09,Chronos
692208,2026-10-30,6.93,4.87,9.59,2026-10-09,Chronos
692208,2026-10-31,7.0,4.88,9.69,2026-10-09,Chronos
692208,2026-11-01,7.05,4.88,9.88,2026-10-09,Chronos
692208,2026-11-02,7.04,4.82,10.1,2026-10-09,Chronos
692208,2026-11-03,7.08,4.81,10.25,2026-10-09,Chronos
692208,2026-11-04,7.1,4.79,10.18,2026-10-09,Chronos
692208,2026-11-05,7.11,4.76,10.25,2026-10-09,Chronos
692208,2026-11-06,7.1,4.7,10.31,2026-10-09,Chronos
692208,2026-11-07,7.09,4.7,10.42,2026-10-09,Chronos
692208,2026-11-08,7.07,4.65,10.65,2026-10-09,Chronos
692209,2026-10-10,2.61,2.53,2.68,2026-10-09,Chronos
692209,2026-10-11,2.61,2.51,2.71,2026-10-09,Chronos
692209,2026-10-12,2.62,2.49,2.74,2026-10-09,Chronos
692209,2026-10-13,2.62,2.48,2.76,2026-10-09,Chronos
692209,2026-10-14,2.62,2.46,2.78,2026-10-09,Chronos
692209,2026-10-15,2.62,2.46,2.79,2026-10-09,Chronos
692209,2026-10-16,2.63,2.45,2.81,2026-10-09,Chronos
692209,2026-10-17,2.63,2.44,2.82,2026-10-09,Chronos
692209,2026-10-18,2.63,2.42,2.84,2026-10-09,Chronos
692209,2026-10-19,2.64,2.42,2.85,2026-10-09,Chronos
692209,2026-10-20,2.63,2.41,2.86,2026-10-09,Chronos
692209,2026-10-21,2.64,2.4,2.87,2026-10-09,Chronos
692209,2026-10-22,2.64,2.39,2.88,2026-10-09,Chronos
692209,2026-10-23,2.64,2.39,2.89,2026-10-09,Chronos
692209,2026-10-24,2.64,2.38,2.9,2026-10-09,Chronos
692209,2026-10-25,2.65,2.37,2.92,2026-10-09,Chronos
692209,2026-10-26,2.65,2.34,2.96,2026-10-09,Chronos
692209,2026-10-27,2.65,2.33,2.96,2026-10-09,Chronos
692209,2026-10-28,2.66,2.33,2.96,2026-10-09,Chronos
692209,2026-10-29,2.65,2.33,2.98,2026-10-09,Chronos
692209,2026-10-30,2.65,2.32,2.98,2026-10-09,Chronos
692209,2026-10-31,2.66,2.32,2.99,2026-10-09,Chronos
692209,2026-11-01,2.66,2.32,2.99,2026-10-09,Chronos
692209,2026-11-02,2.66,2.31,3.0,2026-10-09,Chronos
692209,2026-11-03,2.67,2.31,3.02,2026-10-09,Chronos
692209,2026-11-04,2.67,2.31,3.02,2026-10-09,Chronos
692209,2026-11-05,2.66,2.3,3.04,2026-10-09,Chronos
692209,2026-11-06,2.66,2.29,3.04,2026-10-09,Chronos
692209,2026-11-07,2.67,2.28,3.05,2026-10-09,Chronos
692209,2026-11-08,2.67,2.29,3.05,2026-10-09,Chronos
692210,2026-10-10,0.99,0.94,1.03,2026-10-09,Chronos
692210,2026-10-11,0.98,0.93,1.05,2026-10-09,Chronos
692210,2026-10-12,0.99,0.91,1.06,2026-10-09,Chronos
692210,2026-10-13,0.99,0.9,1.08,2026-10-09,Chronos
692210,2026-10-14,0.98,0.88,1.09,2026-10-09,Chronos
692210,2026-10-15,0.99,0.87,1.11,2026-10-09,Chronos
692210,2026-10-16,0.99,0.86,1.12,2026-10-09,Chronos
692210,2026-10-17,0.99,0.86,1.13,2026-10-09,Chronos
692210,2026-10-18,0.99,0.85,1.14,2026-10-09,Chronos
692210,2026-10-19,0.99,0.84,1.15,2026-10-09,Chronos
692210,2026-10-20,0.99,0.84,1.16,2026-10-09,Chronos
692210,2026-10-21,0.99,0.83,1.17,2026-10-09,Chronos
692210,2026-10-22,0.99,0.82,1.18,2026-10-09,Chronos
692210,2026-10-23,0.99,0.82,1.19,2026-10-09,Chronos
692210,2026-10-24,0.99,0.82,1.19,2026-10-09,Chronos
692210,2026-10-25,0.99,0.81,1.2,2026-10-09,Chronos
692210,2026-10-26,0.98,0.76,1.23,2026-10-09,Chronos
692210,2026-10-27,0.98,0.75,1.24,2026-10-09,Chronos
692210,2026-10-28,0.98,0.75,1.24,2026-10-09,Chronos
692210,2026-10-29,0.98,0.74,1.25,2026-10-09,Chronos
692210,2026-10-30,0.98,0.74,1.25,2026-10-09,Chronos
692210,2026-10-31,0.98,0.73,1.26,2026-10-09,Chronos
692210,2026-11-01,0.98,0.73,1.26,2026-10-09,Chronos
692210,2026-11-02,0.98,0.73,1.27,2026-10-09,Chronos
692210,2026-11-03,0.98,0.72,1.28,2026-10-09,Chronos
692210,2026-11-04,0.98,0.71,1.28,2026-10-09,Chronos
692210,2026-11-05,0.98,0.71,1.29,2026-10-09,Chronos
692210,2026-11-06,0.98,0.7,1.29,2026-10-09,Chronos
692210,2026-11-07,0.98,0.7,1.3,2026-10-09,Chronos
692210,2026-11-08,0.98,0.7,1.31,2026-10-09,Chronos
692211,2026-10-10,1.91,1.85,1.98,2026-10-09,Chronos
692211,2026-10-11,1.92,1.84,2.02,2026-10-09,Chronos
692211,2026-10-12,1.93,1.83,2.05,2026-10-09,Chronos
692211,2026-10-13,1.93,1.81,2.07,2026-10-09,Chronos
692211,2026-10-14,1.91,1.78,2.07,2026-10-09,Chronos
692211,2026-10-15,1.9,1.77,2.07,2026-10-09,Chronos
692211,2026-10-16,1.91,1.76,2.1,2026-10-09,Chronos
692211,2026-10-17,1.91,1.75,2.13,2026-10-09,Chronos
692211,2026-10-18,1.92,1.75,2.17,2026-10-09,Chronos
692211,2026-10-19,1.93,1.74,2.18,2026-10-09,Chronos
692211,2026-10-20,1.92,1.73,2.21,2026-10-09,Chronos
692211,2026-10-21,1.92,1.72,2.23,2026-10-09,Chronos
692211,2026-10-22,1.91,1.71,2.24,2026-10-09,Chronos
692211,2026-10-23,1.9,1.7,2.26,2026-10-09,Chronos
692211,2026-10-24,1.91,1.7,2.25,2026-10-09,Chronos
692211,2026-10-25,1.92,1.7,2.28,2026-10-09,Chronos
692211,2026-10-26,1.94,1.67,2.35,2026-10-09,Chronos
692211,2026-10-27,1.94,1.66,2.37,2026-10-09,Chronos
692211,2026-10-28,1.94,1.66,2.38,2026-10-09,Chronos
692211,2026-10-29,1.93,1.65,2.37,2026-10-09,Chronos
692211,2026-10-30,1.93,1.64,2.38,2026-10-09,Chronos
692211,2026-10-31,1.93,1.64,2.39,2026-10-09,Chronos
692211,2026-11-01,1.93,1.63,2.4,2026-10-09,Chronos
692211,2026-11-02,1.93,1.62,2.41,2026-10-09,Chronos
692211,2026-11-03,1.92,1.61,2.43,2026-10-09,Chronos
692211,2026-11-04,1.92,1.61,2.43,2026-10-09,Chronos
692211,2026-11-05,1.92,1.6,2.46,2026-10-09,Chronos
692211,2026-11-06,1.92,1.59,2.46,2026-10-09,Chronos
692211,2026-11-07,1.93,1.59,2.48,2026-10-09,Chronos
692211,2026-11-08,1.93,1.59,2.51,2026-10-09,Chronos
692212,2026-10-10,1.53,1.46,1.58,2026-10-09,Chronos
692212,2026-10-11,1.51,1.44,1.59,2026-10-09,Chronos
692212,2026-10-12,1.51,1.41,1.6,2026-10-09,Chronos
692212,2026-10-13,1.49,1.38,1.6,2026-10-09,Chronos
692212,2026-10-14,1.48,1.35,1.6,2026-10-09,Chronos
692212,2026-10-15,1.48,1.33,1.62,2026-10-09,Chronos
692212,2026-10-16,1.47,1.3,1.63,2026-10-09,Chronos
692212,2026-10-17,1.46,1.27,1.64,2026-10-09,Chronos
692212,2026-10-18,1.45,1.24,1.66,2026-10-09,Chronos
692212,2026-10-19,1.45,1.22,1.68,2026-10-09,Chronos
692212,2026-10-20,1.45,1.2,1.72,2026-10-09,Chronos
692212,2026-10-21,1.45,1.16,1.76,2026-10-09,Chronos
692212,2026-10-22,1.45,1.16,1.79,2026-10-09,Chronos
692212,2026-10-23,1.45,1.14,1.83,2026-10-09,Chronos
692212,2026-10-24,1.45,1.11,1.84,2026-10-09,Chronos
692212,2026-10-25,1.45,1.09,1.87,2026-10-09,Chronos
692212,2026-10-26,1.44,1.02,1.88,2026-10-09,Chronos
692212,2026-10-27,1.45,1.0,1.91,2026-10-09,Chronos
692212,2026-10-28,1.45,1.0,1.92,2026-10-09,Chronos
692212,2026-10-29,1.46,0.99,1.94,2026-10-09,Chronos
692212,2026-10-30,1.47,0.99,1.97,2026-10-09,Chronos
692212,2026-10-31,1.49,0.97,1.99,2026-10-09,Chronos
692212,2026-11-01,1.49,0.97,1.99,2026-10-09,Chronos
692212,2026-11-02,1.5,0.96,2.01,2026-10-09,Chronos
692212,2026-11-03,1.51,0.96,2.03,2026-10-09,Chronos
692212,2026-11-04,1.52,0.95,2.05,2026-10-09,Chronos
692212,2026-11-05,1.53,0.94,2.08,2026-10-09,Chronos
692212,2026-11-06,1.54,0.92,2.09,2026-10-09,Chronos
692212,2026-11-07,1.55,0.91,2.09,2026-10-09,Chronos
692212,2026-11-08,1.56,0.91,2.11,2026-10-09,Chronos
692213,2026-10-10,1.55,1.52,1.57,2026-10-09,Chronos
692213,2026-10-11,1.55,1.51,1.59,2026-10-09,Chronos
692213,2026-10-12,1.55,1.5,1.61,2026-10-09,Chronos
692213,2026-10-13,1.55,1.49,1.62,2026-10-09,Chronos
692213,2026-10-14,1.55,1.48,1.64,2026-10-09,Chronos
692213,2026-10-15,1.55,1.47,1.65,2026-10-09,Chronos
692213,2026-10-16,1.56,1.46,1.67,2026-10-09,Chronos
692213,2026-10-17,1.55,1.44,1.69,2026-10-09,Chronos
692213,2026-10-18,1.56,1.43,1.71,2026-10-09,Chronos
692213,2026-10-19,1.56,1.42,1.73,2026-10-09,Chronos
692213,2026-10-20,1.56,1.41,1.76,2026-10-09,Chronos
692213,2026-10-21,1.56,1.4,1.78,2026-10-09,Chronos
692213,2026-10-22,1.56,1.4,1.8,2026-10-09,Chronos
692213,2026-10-23,1.56,1.39,1.82,2026-10-09,Chronos
692213,2026-10-24,1.56,1.38,1.82,2026-10-09,Chronos
692213,2026-10-25,1.57,1.37,1.83,2026-10-09,Chronos
692213,2026-10-26,1.57,1.34,1.91,2026-10-09,Chronos
692213,2026-10-27,1.57,1.33,1.9,2026-10-09,Chronos
692213,2026-10-28,1.57,1.33,1.9,2026-10-09,Chronos
692213,2026-10-29,1.57,1.33,1.91,2026-10-09,Chronos
692213,2026-10-30,1.58,1.32,1.91,2026-10-09,Chronos
692213,2026-10-31,1.57,1.32,1.91,2026-10-09,Chronos
692213,2026-11-01,1.58,1.32,1.91,2026-10-09,Chronos
692213,2026-11-02,1.58,1.31,1.94,2026-10-09,Chronos
692213,2026-11-03,1.58,1.29,1.94,2026-10-09,Chronos
692213,2026-11-04,1.58,1.3,1.96,2026-10-09,Chronos
692213,2026-11-05,1.59,1.29,1.98,2026-10-09,Chronos
692213,2026-11-06,1.58,1.28,2.0,2026-10-09,Chronos
692213,2026-11-07,1.59,1.29,2.01,2026-10-09,Chronos
692213,2026-11-08,1.58,1.28,2.02,2026-10-09,Chronos
692214,2026-10-10,5.75,5.55,5.91,2026-10-09,Chronos
692214,2026-10-11,5.72,5.44,5.96,2026-10-09,Chronos
692214,2026-10-12,5.68,5.31,5.98,2026-10-09,Chronos
692214,2026-10-13,5.65,5.24,6.01,2026-10-09,Chronos
692214,2026-10-14,5.6,5.14,6.06,2026-10-09,Chronos
692214,2026-10-15,5.57,5.05,6.06,2026-10-09,Chronos
692214,2026-10-16,5.55,4.91,6.08,2026-10-09,Chronos
692214,2026-10-17,5.5,4.81,6.11,2026-10-09,Chronos
692214,2026-10-18,5.47,4.71,6.14,2026-10-09,Chronos
692214,2026-10-19,5.43,4.61,6.19,2026-10-09,Chronos
692214,2026-10-20,5.4,4.47,6.24,2026-10-09,Chronos
692214,2026-10-21,5.38,4.36,6.28,2026-10-09,Chronos
692214,2026-10-22,5.37,4.26,6.33,2026-10-09,Chronos
692214,2026-10-23,5.34,4.19,6.39,2026-10-09,Chronos
692214,2026-10-24,5.31,4.09,6.37,2026-10-09,Chronos
692214,2026-10-25,5.25,4.0,6.39,2026-10-09,Chronos
692214,2026-10-26,5.26,3.67,6.57,2026-10-09,Chronos
692214,2026-10-27,5.23,3.56,6.6,2026-10-09,Chronos
692214,2026-10-28,5.17,3.45,6.63,2026-10-09,Chronos
692214,2026-10-29,5.16,3.36,6.65,2026-10-09,Chronos
692214,2026-10-30,5.12,3.26,6.7,2026-10-09,Chronos
692214,2026-10-31,5.1,3.18,6.7,2026-10-09,Chronos
692214,2026-11-01,5.06,3.06,6.72,2026-10-09,Chronos
692214,2026-11-02,5.04,3.01,6.77,2026-10-09,Chronos
692214,2026-11-03,5.02,2.92,6.83,2026-10-09,Chronos
692214,2026-11-04,4.99,2.86,6.91,2026-10-09,Chronos
692214,2026-11-05,4.97,2.81,6.99,2026-10-09,Chronos
692214,2026-11-06,4.93,2.74,7.05,2026-10-09,Chronos
692214,2026-11-07,4.92,2.68,7.07,2026-10-09,Chronos
692214,2026-11-08,4.89,2.61,7.1,2026-10-09,Chronos
692215,2026-10-10,2.59,2.45,2.7,2026-10-09,Chronos
692215,2026-10-11,2.52,2.38,2.68,2026-10-09,Chronos
692215,2026-10-12,2.49,2.29,2.68,2026-10-09,Chronos
692215,2026-10-13,2.44,2.19,2.68,2026-10-09,Chronos
692215,2026-10-14,2.41,2.12,2.67,2026-10-09,Chronos
692215,2026-10-15,2.39,2.05,2.68,2026-10-09,Chronos
692215,2026-10-16,2.38,1.99,2.71,2026-10-09,Chronos
692215,2026-10-17,2.36,1.93,2.73,2026-10-09,Chronos
692215,2026-10-18,2.34,1.87,2.76,2026-10-09,Chronos
692215,2026-10-19,2.33,1.82,2.78,2026-10-09,Chronos
692215,2026-10-20,2.32,1.77,2.84,2026-10-09,Chronos
692215,2026-10-21,2.34,1.73,2.9,2026-10-09,Chronos
692215,2026-10-22,2.34,1.72,2.94,2026-10-09,Chronos
692215,2026-10-23,2.35,1.71,2.99,2026-10-09,Chronos
692215,2026-10-24,2.37,1.69,3.04,2026-10-09,Chronos
692215,2026-10-25,2.4,1.69,3.11,2026-10-09,Chronos
692215,2026-10-26,2.44,1.48,3.26,2026-10-09,Chronos
692215,2026-10-27,2.45,1.48,3.32,2026-10-09,Chronos
692215,2026-10-28,2.46,1.47,3.33,2026-10-09,Chronos
692215,2026-10-29,2.48,1.46,3.38,2026-10-09,Chronos
692215,2026-10-30,2.5,1.46,3.41,2026-10-09,Chronos
692215,2026-10-31,2.52,1.42,3.44,2026-10-09,Chronos
692215,2026-11-01,2.53,1.42,3.45,2026-10-09,Chronos
692215,2026-11-02,2.55,1.4,3.49,2026-10-09,Chronos
692215,2026-11-03,2.57,1.42,3.52,2026-10-09,Chronos
692215,2026-11-04,2.59,1.41,3.55,2026-10-09,Chronos
692215,2026-11-05,2.62,1.41,3.6,2026-10-09,Chronos
692215,2026-11-06,2.65,1.37,3.63,2026-10-09,Chronos
692215,2026-11-07,2.67,1.39,3.65,2026-10-09,Chronos
692215,2026-11-08,2.69,1.39,3.7,2026-10-09,Chronos
692216,2026-10-10,1.84,1.71,1.95,2026-10-09,Chronos
692216,2026-10-11,1.83,1.66,2.02,2026-10-09,Chronos
692216,2026-10-12,1.83,1.59,2.07,2026-10-09,Chronos
692216,2026-10-13,1.81,1.53,2.1,2026-10-09,Chronos
692216,2026-10-14,1.81,1.48,2.14,2026-10-09,Chronos
692216,2026-10-15,1.8,1.44,2.16,2026-10-09,Chronos
692216,2026-10-16,1.8,1.39,2.21,2026-10-09,Chronos
692216,2026-10-17,1.8,1.35,2.26,2026-10-09,Chronos
692216,2026-10-18,1.79,1.31,2.3,2026-10-09,Chronos
692216,2026-10-19,1.79,1.29,2.32,2026-10-09,Chronos
692216,2026-10-20,1.78,1.24,2.37,2026-10-09,Chronos
692216,2026-10-21,1.78,1.19,2.42,2026-10-09,Chronos
692216,2026-10-22,1.79,1.17,2.48,2026-10-09,Chronos
692216,2026-10-23,1.78,1.16,2.51,2026-10-09,Chronos
692216,2026-10-24,1.77,1.11,2.52,2026-10-09,Chronos
692216,2026-10-25,1.76,1.08,2.55,2026-10-09,Chronos
692216,2026-10-26,1.75,0.97,2.64,2026-10-09,Chronos
692216,2026-10-27,1.76,0.95,2.7,2026-10-09,Chronos
692216,2026-10-28,1.74,0.93,2.7,2026-10-09,Chronos
692216,2026-10-29,1.74,0.9,2.73,2026-10-09,Chronos
692216,2026-10-30,1.75,0.87,2.76,2026-10-09,Chronos
692216,2026-10-31,1.75,0.84,2.77,2026-10-09,Chronos
692216,2026-11-01,1.74,0.83,2.77,2026-10-09,Chronos
692216,2026-11-02,1.74,0.8,2.81,2026-10-09,Chronos
692216,2026-11-03,1.74,0.79,2.82,2026-10-09,Chronos
692216,2026-11-04,1.74,0.78,2.83,2026-10-09,Chronos
692216,2026-11-05,1.74,0.75,2.89,2026-10-09,Chronos
692216,2026-11-06,1.75,0.7,2.91,2026-10-09,Chronos
692216,2026-11-07,1.75,0.68,2.91,2026-10-09,Chronos
692216,2026-11-08,1.75,0.68,2.94,2026-10-09,Chronos
692217,2026-10-10,156.33,154.48,158.14,2026-10-09,Chronos
692217,2026-10-11,156.09,154.18,157.93,2026-10-09,Chronos
692217,2026-10-12,156.1,153.4,157.58,2026-10-09,Chronos
692217,2026-10-13,155.5,153.2,157.95,2026-10-09,Chronos
692217,2026-10-14,155.31,152.64,158.58,2026-10-09,Chronos
692217,2026-10-15,155.32,152.12,158.77,2026-10-09,Chronos
692217,2026-10-16,155.09,152.04,158.33,2026-10-09,Chronos
692217,2026-10-17,155.12,151.51,158.89,2026-10-09,Chronos
692217,2026-10-18,155.12,151.18,159.23,2026-10-09,Chronos
692217,2026-10-19,154.9,150.79,159.51,2026-10-09,Chronos
692217,2026-10-20,155.03,150.54,159.82,2026-10-09,Chronos
692217,2026-10-21,155.01,150.43,160.53,2026-10-09,Chronos
692217,2026-10-22,155.08,150.44,161.3,2026-10-09,Chronos
692217,2026-10-23,154.81,150.29,160.62,2026-10-09,Chronos
692217,2026-10-24,154.47,149.56,160.4,2026-10-09,Chronos
692217,2026-10-25,154.18,149.16,160.81,2026-10-09,Chronos
692217,2026-10-26,155.14,145.25,164.89,2026-10-09,Chronos
692217,2026-10-27,154.84,145.14,164.09,2026-10-09,Chronos
692217,2026-10-28,154.88,144.54,164.07,2026-10-09,Chronos
692217,2026-10-29,154.24,145.09,164.33,2026-10-09,Chronos
692217,2026-10-30,154.12,143.92,165.1,2026-10-09,Chronos
692217,2026-10-31,154.27,143.61,165.5,2026-10-09,Chronos
692217,2026-11-01,154.03,143.72,165.83,2026-10-09,Chronos
692217,2026-11-02,154.22,143.21,167.28,2026-10-09,Chronos
692217,2026-11-03,154.27,142.77,168.87,2026-10-09,Chronos
692217,2026-11-04,154.02,142.81,169.22,2026-10-09,Chronos
692217,2026-11-05,154.2,142.48,168.7,2026-10-09,Chronos
692217,2026-11-06,154.09,142.75,170.15,2026-10-09,Chronos
692217,2026-11-07,154.11,142.6,172.28,2026-10-09,Chronos
692217,2026-11-08,153.95,142.31,173.93,2026-10-09,Chronos
692218,2026-10-10,76.68,74.28,77.94,2026-10-09,Chronos
692218,2026-10-11,76.45,73.69,77.81,2026-10-09,Chronos
692218,2026-10-12,76.26,73.07,77.81,2026-10-09,Chronos
692218,2026-10-13,76.07,72.62,77.86,2026-10-09,Chronos
692218,2026-10-14,75.96,72.09,77.93,2026-10-09,Chronos
692218,2026-10-15,75.85,71.42,77.96,2026-10-09,Chronos
692218,2026-10-16,75.76,70.88,78.09,2026-10-09,Chronos
692218,2026-10-17,75.67,70.54,78.08,2026-10-09,Chronos
692218,2026-10-18,75.62,69.87,78.28,2026-10-09,Chronos
692218,2026-10-19,75.51,69.41,78.4,2026-10-09,Chronos
692218,2026-10-20,75.5,68.65,78.47,2026-10-09,Chronos
692218,2026-10-21,75.41,67.86,78.46,2026-10-09,Chronos
692218,2026-10-22,75.32,67.19,78.57,2026-10-09,Chronos
692218,2026-10-23,75.12,66.57,78.48,2026-10-09,Chronos
692218,2026-10-24,75.06,66.21,78.64,2026-10-09,Chronos
692218,2026-10-25,75.08,66.21,78.71,2026-10-09,Chronos
692218,2026-10-26,75.52,66.28,79.43,2026-10-09,Chronos
692218,2026-10-27,75.47,65.67,79.31,2026-10-09,Chronos
692218,2026-10-28,75.38,65.36,79.49,2026-10-09,Chronos
692218,2026-10-29,75.24,64.82,79.63,2026-10-09,Chronos
692218,2026-10-30,75.23,64.09,79.81,2026-10-09,Chronos
692218,2026-10-31,75.09,63.36,79.92,2026-10-09,Chronos
692218,2026-11-01,75.04,62.51,80.11,2026-10-09,Chronos
692218,2026-11-02,74.9,61.74,80.21,2026-10-09,Chronos
692218,2026-11-03,74.74,60.69,80.58,2026-10-09,Chronos
692218,2026-11-04,74.62,60.29,80.87,2026-10-09,Chronos
692218,2026-11-05,74.6,59.52,81.23,2026-10-09,Chronos
692218,2026-11-06,74.64,58.74,81.47,2026-10-09,Chronos
692218,2026-11-07,74.64,57.8,81.71,2026-10-09,Chronos
692218,2026-11-08,74.45,57.76,81.73,2026-10-09,Chronos
692219,2026-10-10,56.1,55.91,56.24,2026-10-09,Chronos
692219,2026-10-11,56.09,55.89,56.26,2026-10-09,Chronos
692219,2026-10-12,56.11,55.87,56.24,2026-10-09,Chronos
692219,2026-10-13,56.09,55.87,56.26,2026-10-09,Chronos
692219,2026-10-14,56.06,55.87,56.32,2026-10-09,Chronos
692219,2026-10-15,56.11,55.86,56.32,2026-10-09,Chronos
692219,2026-10-16,56.11,55.87,56.32,2026-10-09,Chronos
692219,2026-10-17,56.1,55.85,56.35,2026-10-09,Chronos
692219,2026-10-18,56.07,55.84,56.36,2026-10-09,Chronos
692219,2026-10-19,56.11,55.83,56.36,2026-10-09,Chronos
692219,2026-10-20,56.11,55.83,56.35,2026-10-09,Chronos
692219,2026-10-21,56.13,55.84,56.44,2026-10-09,Chronos
692219,2026-10-22,56.12,55.83,56.44,2026-10-09,Chronos
692219,2026-10-23,56.13,55.83,56.45,2026-10-09,Chronos
692219,2026-10-24,56.07,55.8,56.4,2026-10-09,Chronos
692219,2026-10-25,56.07,55.79,56.4,2026-10-09,Chronos
692219,2026-10-26,56.11,55.67,56.53,2026-10-09,Chronos
692219,2026-10-27,56.09,55.69,56.51,2026-10-09,Chronos
692219,2026-10-28,56.09,55.65,56.48,2026-10-09,Chronos
692219,2026-10-29,56.07,55.67,56.49,2026-10-09,Chronos
692219,2026-10-30,56.03,55.66,56.53,2026-10-09,Chronos
692219,2026-10-31,56.08,55.64,56.55,2026-10-09,Chronos
692219,2026-11-01,56.07,55.66,56.53,2026-10-09,Chronos
692219,2026-11-02,56.05,55.63,56.55,2026-10-09,Chronos
692219,2026-11-03,56.02,55.6,56.57,2026-10-09,Chronos
692219,2026-11-04,56.05,55.61,56.6,2026-10-09,Chronos
692219,2026-11-05,56.04,55.62,56.62,2026-10-09,Chronos
692219,2026-11-06,56.06,55.61,56.72,2026-10-09,Chronos
692219,2026-11-07,56.07,55.61,56.75,2026-10-09,Chronos
692219,2026-11-08,56.08,55.62,56.82,2026-10-09,Chronos
692220,2026-10-10,302.07,298.05,303.81,2026-10-09,Chronos
692220,2026-10-11,301.82,297.03,304.38,2026-10-09,Chronos
692220,2026-10-12,302.13,296.23,304.83,2026-10-09,Chronos
692220,2026-10-13,301.99,296.36,305.77,2026-10-09,Chronos
692220,2026-10-14,301.68,295.24,307.02,2026-10-09,Chronos
692220,2026-10-15,302.06,294.38,307.51,2026-10-09,Chronos
692220,2026-10-16,301.9,294.31,307.76,2026-10-09,Chronos
692220,2026-10-17,301.85,293.19,308.45,2026-10-09,Chronos
692220,2026-10-18,301.59,292.32,308.84,2026-10-09,Chronos
692220,2026-10-19,301.59,291.71,309.11,2026-10-09,Chronos
692220,2026-10-20,301.53,290.82,309.77,2026-10-09,Chronos
692220,2026-10-21,301.6,290.56,311.11,2026-10-09,Chronos
692220,2026-10-22,301.48,289.49,312.03,2026-10-09,Chronos
692220,2026-10-23,301.26,287.99,312.99,2026-10-09,Chronos
692220,2026-10-24,300.84,286.52,313.62,2026-10-09,Chronos
692220,2026-10-25,300.68,286.16,312.47,2026-10-09,Chronos
692220,2026-10-26,300.73,281.85,317.18,2026-10-09,Chronos
692220,2026-10-27,300.44,281.18,316.25,2026-10-09,Chronos
692220,2026-10-28,300.3,280.02,317.13,2026-10-09,Chronos
692220,2026-10-29,299.58,279.11,317.92,2026-10-09,Chronos
692220,2026-10-30,299.24,277.39,319.24,2026-10-09,Chronos
692220,2026-10-31,299.87,276.69,320.56,2026-10-09,Chronos
692220,2026-11-01,299.36,275.97,322.33,2026-10-09,Chronos
692220,2026-11-02,299.47,275.39,326.41,2026-10-09,Chronos
692220,2026-11-03,299.45,273.72,328.58,2026-10-09,Chronos
692220,2026-11-04,299.69,273.69,329.84,2026-10-09,Chronos
692220,2026-11-05,299.71,272.72,328.28,2026-10-09,Chronos
692220,2026-11-06,299.53,270.7,331.41,2026-10-09,Chronos
692220,2026-11-07,299.68,269.41,337.13,2026-10-09,Chronos
692220,2026-11-08,299.41,266.64,343.02,2026-10-09,Chronos
692221,2026-10-10,96.2,95.43,96.87,2026-10-09,Chronos
692221,2026-10-11,96.11,95.28,96.99,2026-10-09,Chronos
692221,2026-10-12,96.11,95.06,97.18,2026-10-09,Chronos
692221,2026-10-13,96.08,94.87,97.34,2026-10-09,Chronos
692221,2026-10-14,96.04,94.6,97.51,2026-10-09,Chronos
692221,2026-10-15,95.99,94.34,97.6,2026-10-09,Chronos
692221,2026-10-16,95.98,94.15,97.8,2026-10-09,Chronos
692221,2026-10-17,95.94,93.98,97.92,2026-10-09,Chronos
692221,2026-10-18,95.91,93.75,98.17,2026-10-09,Chronos
692221,2026-10-19,95.87,93.5,98.26,2026-10-09,Chronos
692221,2026-10-20,95.86,93.33,98.57,2026-10-09,Chronos
692221,2026-10-21,95.82,93.0,98.81,2026-10-09,Chronos
692221,2026-10-22,95.79,92.84,99.11,2026-10-09,Chronos
692221,2026-10-23,95.7,92.53,99.29,2026-10-09,Chronos
692221,2026-10-24,95.75,92.43,99.34,2026-10-09,Chronos
692221,2026-10-25,95.7,92.26,99.47,2026-10-09,Chronos
692221,2026-10-26,95.67,91.39,99.81,2026-10-09,Chronos
692221,2026-10-27,95.62,91.18,99.84,2026-10-09,Chronos
692221,2026-10-28,95.65,91.0,99.97,2026-10-09,Chronos
692221,2026-10-29,95.67,90.82,100.27,2026-10-09,Chronos
692221,2026-10-30,95.64,90.6,100.54,2026-10-09,Chronos
692221,2026-10-31,95.65,90.47,100.65,2026-10-09,Chronos
692221,2026-11-01,95.66,90.38,100.78,2026-10-09,Chronos
692221,2026-11-02,95.63,90.23,101.08,2026-10-09,Chronos
692221,2026-11-03,95.63,89.84,101.37,2026-10-09,Chronos
692221,2026-11-04,95.67,89.74,101.42,2026-10-09,Chronos
692221,2026-11-05,95.62,89.66,101.6,2026-10-09,Chronos
692221,2026-11-06,95.59,89.37,101.97,2026-10-09,Chronos
692221,2026-11-07,95.53,89.26,102.36,2026-10-09,Chronos
692221,2026-11-08,95.49,89.06,102.55,2026-10-09,Chronos
692222,2026-10-10,48.39,47.85,49.0,2026-10-09,Chronos
692222,2026-10-11,48.27,47.65,48.95,2026-10-09,Chronos
692222,2026-10-12,48.24,47.35,48.97,2026-10-09,Chronos
692222,2026-10-13,48.05,47.15,49.09,2026-10-09,Chronos
692222,2026-10-14,47.95,46.92,49.24,2026-10-09,Chronos
692222,2026-10-15,47.92,46.73,49.38,2026-10-09,Chronos
692222,2026-10-16,47.86,46.56,49.39,2026-10-09,Chronos
692222,2026-10-17,47.79,46.35,49.53,2026-10-09,Chronos
692222,2026-10-18,47.73,46.13,49.67,2026-10-09,Chronos
692222,2026-10-19,47.64,45.98,49.9,2026-10-09,Chronos
692222,2026-10-20,47.59,45.8,49.96,2026-10-09,Chronos
692222,2026-10-21,47.53,45.7,50.28,2026-10-09,Chronos
692222,2026-10-22,47.45,45.49,50.66,2026-10-09,Chronos
692222,2026-10-23,47.35,45.31,51.0,2026-10-09,Chronos
692222,2026-10-24,47.24,45.06,51.18,2026-10-09,Chronos
692222,2026-10-25,47.19,44.97,51.33,2026-10-09,Chronos
692222,2026-10-26,47.4,44.19,52.36,2026-10-09,Chronos
692222,2026-10-27,47.37,43.98,52.47,2026-10-09,Chronos
692222,2026-10-28,47.36,43.68,52.68,2026-10-09,Chronos
692222,2026-10-29,47.18,43.62,52.85,2026-10-09,Chronos
692222,2026-10-30,47.19,43.29,53.61,2026-10-09,Chronos
692222,2026-10-31,47.22,43.18,53.71,2026-10-09,Chronos
692222,2026-11-01,47.14,43.0,53.96,2026-10-09,Chronos
692222,2026-11-02,47.08,42.8,54.6,2026-10-09,Chronos
692222,2026-11-03,47.14,42.6,54.91,2026-10-09,Chronos
692222,2026-11-04,47.07,42.57,54.9,2026-10-09,Chronos
692222,2026-11-05,47.05,42.37,55.13,2026-10-09,Chronos
692222,2026-11-06,47.07,42.38,55.64,2026-10-09,Chronos
692222,2026-11-07,47.08,42.15,56.23,2026-10-09,Chronos
692222,2026-11-08,47.01,41.93,56.7,2026-10-09,Chronos
692223,2026-10-10,92.4,89.98,93.57,2026-10-09,Chronos
692223,2026-10-11,92.17,89.34,94.13,2026-10-09,Chronos
692223,2026-10-12,91.54,88.45,94.08,2026-10-09,Chronos
692223,2026-10-13,91.17,87.8,94.32,2026-10-09,Chronos
692223,2026-10-14,91.01,86.83,94.1,2026-10-09,Chronos
692223,2026-10-15,90.62,86.05,94.37,2026-10-09,Chronos
692223,2026-10-16,90.39,85.56,94.31,2026-10-09,Chronos
692223,2026-10-17,90.21,84.93,94.43,2026-10-09,Chronos
692223,2026-10-18,90.08,84.19,94.62,2026-10-09,Chronos
692223,2026-10-19,90.03,83.88,95.4,2026-10-09,Chronos
692223,2026-10-20,89.8,82.99,96.14,2026-10-09,Chronos
692223,2026-10-21,89.78,82.37,97.66,2026-10-09,Chronos
692223,2026-10-22,89.43,81.54,99.18,2026-10-09,Chronos
692223,2026-10-23,89.15,80.22,101.75,2026-10-09,Chronos
692223,2026-10-24,89.06,79.17,104.76,2026-10-09,Chronos
692223,2026-10-25,89.19,77.75,108.02,2026-10-09,Chronos
692223,2026-10-26,86.83,73.87,105.84,2026-10-09,Chronos
692223,2026-10-27,86.91,73.16,107.75,2026-10-09,Chronos
692223,2026-10-28,86.83,72.92,108.59,2026-10-09,Chronos
692223,2026-10-29,87.13,72.61,111.09,2026-10-09,Chronos
692223,2026-10-30,87.24,72.05,113.88,2026-10-09,Chronos
692223,2026-10-31,87.32,71.37,116.63,2026-10-09,Chronos
692223,2026-11-01,88.0,70.55,117.97,2026-10-09,Chronos
692223,2026-11-02,88.09,69.61,121.61,2026-10-09,Chronos
692223,2026-11-03,88.45,69.55,123.47,2026-10-09,Chronos
692223,2026-11-04,89.07,68.69,125.86,2026-10-09,Chronos
692223,2026-11-05,89.4,68.27,126.95,2026-10-09,Chronos
692223,2026-11-06,90.06,67.81,128.91,2026-10-09,Chronos
692223,2026-11-07,90.25,68.16,129.16,2026-10-09,Chronos
692223,2026-11-08,89.89,67.57,129.42,2026-10-09,Chronos
692224,2026-10-10,71.84,70.75,72.59,2026-10-09,Chronos
692224,2026-10-11,71.78,70.53,73.13,2026-10-09,Chronos
692224,2026-10-12,71.76,69.97,73.63,2026-10-09,Chronos
692224,2026-10-13,71.77,69.58,74.11,2026-10-09,Chronos
692224,2026-10-14,71.73,69.11,74.42,2026-10-09,Chronos
692224,2026-10-15,71.73,68.59,74.86,2026-10-09,Chronos
692224,2026-10-16,71.69,68.04,75.16,2026-10-09,Chronos
692224,2026-10-17,71.65,67.83,75.52,2026-10-09,Chronos
692224,2026-10-18,71.62,67.33,76.0,2026-10-09,Chronos
692224,2026-10-19,71.66,66.94,76.46,2026-10-09,Chronos
692224,2026-10-20,71.59,66.45,77.17,2026-10-09,Chronos
692224,2026-10-21,71.5,66.1,77.38,2026-10-09,Chronos
692224,2026-10-22,71.47,65.97,77.8,2026-10-09,Chronos
692224,2026-10-23,71.42,65.44,78.59,2026-10-09,Chronos
692224,2026-10-24,71.55,65.41,78.9,2026-10-09,Chronos
692224,2026-10-25,71.62,65.17,79.48,2026-10-09,Chronos
692224,2026-10-26,71.81,65.04,80.44,2026-10-09,Chronos
692224,2026-10-27,71.78,64.52,80.89,2026-10-09,Chronos
692224,2026-10-28,71.73,63.95,81.34,2026-10-09,Chronos
692224,2026-10-29,71.85,63.58,82.15,2026-10-09,Chronos
692224,2026-10-30,71.76,63.22,82.53,2026-10-09,Chronos
692224,2026-10-31,71.78,62.96,83.14,2026-10-09,Chronos
692224,2026-11-01,71.74,62.59,83.54,2026-10-09,Chronos
692224,2026-11-02,71.71,62.26,84.38,2026-10-09,Chronos
692224,2026-11-03,71.72,61.83,84.82,2026-10-09,Chronos
692224,2026-11-04,71.63,61.56,84.94,2026-10-09,Chronos
692224,2026-11-05,71.62,61.28,85.61,2026-10-09,Chronos
692224,2026-11-06,71.54,60.71,86.27,2026-10-09,Chronos
692224,2026-11-07,71.54,60.68,86.83,2026-10-09,Chronos
692224,2026-11-08,71.45,60.38,87.48,2026-10-09,Chronos
692225,2026-10-10,107.6,106.03,108.94,2026-10-09,Chronos
692225,2026-10-11,107.27,105.52,108.85,2026-10-09,Chronos
692225,2026-10-12,107.18,104.77,108.86,2026-10-09,Chronos
692225,2026-10-13,106.76,104.33,109.04,2026-10-09,Chronos
692225,2026-10-14,106.43,103.77,109.35,2026-10-09,Chronos
692225,2026-10-15,106.38,103.3,109.61,2026-10-09,Chronos
692225,2026-10-16,106.13,102.84,109.44,2026-10-09,Chronos
692225,2026-10-17,105.88,102.33,109.63,2026-10-09,Chronos
692225,2026-10-18,105.67,101.84,109.87,2026-10-09,Chronos
692225,2026-10-19,105.44,101.36,110.22,2026-10-09,Chronos
692225,2026-10-20,105.33,101.08,110.54,2026-10-09,Chronos
692225,2026-10-21,105.19,100.66,111.43,2026-10-09,Chronos
692225,2026-10-22,104.94,100.3,111.99,2026-10-09,Chronos
692225,2026-10-23,104.68,99.87,112.45,2026-10-09,Chronos
692225,2026-10-24,104.29,99.18,113.26,2026-10-09,Chronos
692225,2026-10-25,104.2,98.96,113.14,2026-10-09,Chronos
692225,2026-10-26,105.03,96.69,126.11,2026-10-09,Chronos
692225,2026-10-27,105.33,96.29,126.96,2026-10-09,Chronos
692225,2026-10-28,104.74,95.71,128.51,2026-10-09,Chronos
692225,2026-10-29,104.64,95.99,130.35,2026-10-09,Chronos
692225,2026-10-30,104.61,95.23,134.71,2026-10-09,Chronos
692225,2026-10-31,104.72,94.59,137.77,2026-10-09,Chronos
692225,2026-11-01,104.4,94.42,138.27,2026-10-09,Chronos
692225,2026-11-02,104.4,94.07,141.87,2026-10-09,Chronos
692225,2026-11-03,104.17,93.64,143.37,2026-10-09,Chronos
692225,2026-11-04,104.2,93.45,143.6,2026-10-09,Chronos
692225,2026-11-05,104.0,92.88,147.09,2026-10-09,Chronos
692225,2026-11-06,104.06,93.14,150.6,2026-10-09,Chronos
692225,2026-11-07,104.05,92.69,152.7,2026-10-09,Chronos
692225,2026-11-08,104.09,92.2,154.99,2026-10-09,Chronos
692226,2026-10-10,46.73,46.32,47.1,2026-10-09,Chronos
692226,2026-10-11,46.62,46.14,47.3,2026-10-09,Chronos
692226,2026-10-12,46.69,45.77,47.39,2026-10-09,Chronos
692226,2026-10-13,46.46,45.63,47.72,2026-10-09,Chronos
692226,2026-10-14,46.42,45.4,47.92,2026-10-09,Chronos
692226,2026-10-15,46.4,45.25,48.32,2026-10-09,Chronos
692226,2026-10-16,46.4,45.17,48.38,2026-10-09,Chronos
692226,2026-10-17,46.4,44.95,48.91,2026-10-09,Chronos
692226,2026-10-18,46.46,44.75,49.41,2026-10-09,Chronos
692226,2026-10-19,46.4,44.68,49.68,2026-10-09,Chronos
692226,2026-10-20,46.49,44.53,49.78,2026-10-09,Chronos
692226,2026-10-21,46.52,44.51,50.61,2026-10-09,Chronos
692226,2026-10-22,46.54,44.48,51.79,2026-10-09,Chronos
692226,2026-10-23,46.46,44.4,52.98,2026-10-09,Chronos
692226,2026-10-24,46.46,44.02,53.95,2026-10-09,Chronos
692226,2026-10-25,46.39,43.89,54.69,2026-10-09,Chronos
692226,2026-10-26,46.26,42.99,55.2,2026-10-09,Chronos
692226,2026-10-27,46.38,42.92,55.51,2026-10-09,Chronos
692226,2026-10-28,46.25,42.67,56.66,2026-10-09,Chronos
692226,2026-10-29,46.3,42.98,57.55,2026-10-09,Chronos
692226,2026-10-30,46.37,42.67,59.6,2026-10-09,Chronos
692226,2026-10-31,46.49,42.52,60.51,2026-10-09,Chronos
692226,2026-11-01,46.47,42.47,60.79,2026-10-09,Chronos
692226,2026-11-02,46.55,42.22,62.09,2026-10-09,Chronos
692226,2026-11-03,46.51,42.19,62.3,2026-10-09,Chronos
692226,2026-11-04,46.63,42.18,62.46,2026-10-09,Chronos
692226,2026-11-05,46.62,41.82,63.93,2026-10-09,Chronos
692226,2026-11-06,46.69,41.98,65.23,2026-10-09,Chronos
692226,2026-11-07,46.67,41.84,65.7,2026-10-09,Chronos
692226,2026-11-08,46.7,41.68,66.28,2026-10-09,Chronos
692227,2026-10-10,58.42,57.92,58.85,2026-10-09,Chronos
692227,2026-10-11,58.41,57.95,58.82,2026-10-09,Chronos
692227,2026-10-12,58.4,57.83,58.7,2026-10-09,Chronos
692227,2026-10-13,58.26,57.88,58.76,2026-10-09,Chronos
692227,2026-10-14,58.29,57.83,58.84,2026-10-09,Chronos
692227,2026-10-15,58.26,57.75,58.85,2026-10-09,Chronos
692227,2026-10-16,58.25,57.78,58.73,2026-10-09,Chronos
692227,2026-10-17,58.3,57.75,58.81,2026-10-09,Chronos
692227,2026-10-18,58.33,57.73,58.82,2026-10-09,Chronos
692227,2026-10-19,58.31,57.76,58.89,2026-10-09,Chronos
692227,2026-10-20,58.38,57.69,58.87,2026-10-09,Chronos
692227,2026-10-21,58.38,57.76,58.91,2026-10-09,Chronos
692227,2026-10-22,58.4,57.84,59.08,2026-10-09,Chronos
692227,2026-10-23,58.38,57.76,58.94,2026-10-09,Chronos
692227,2026-10-24,58.36,57.71,58.87,2026-10-09,Chronos
692227,2026-10-25,58.22,57.64,58.89,2026-10-09,Chronos
692227,2026-10-26,58.34,57.52,59.06,2026-10-09,Chronos
692227,2026-10-27,58.32,57.55,59.03,2026-10-09,Chronos
692227,2026-10-28,58.31,57.45,58.92,2026-10-09,Chronos
692227,2026-10-29,58.18,57.53,58.97,2026-10-09,Chronos
692227,2026-10-30,58.22,57.45,59.06,2026-10-09,Chronos
692227,2026-10-31,58.2,57.4,59.08,2026-10-09,Chronos
692227,2026-11-01,58.19,57.47,58.97,2026-10-09,Chronos
692227,2026-11-02,58.23,57.4,59.05,2026-10-09,Chronos
692227,2026-11-03,58.26,57.37,59.04,2026-10-09,Chronos
692227,2026-11-04,58.23,57.44,59.08,2026-10-09,Chronos
692227,2026-11-05,58.27,57.35,59.05,2026-10-09,Chronos
692227,2026-11-06,58.26,57.37,59.11,2026-10-09,Chronos
692227,2026-11-07,58.28,57.47,59.25,2026-10-09,Chronos
692227,2026-11-08,58.26,57.39,59.09,2026-10-09,Chronos
692228,2026-10-10,106.71,106.2,107.03,2026-10-09,Chronos
692228,2026-10-11,106.7,106.25,107.12,2026-10-09,Chronos
692228,2026-10-12,106.71,106.1,107.17,2026-10-09,Chronos
692228,2026-10-13,106.62,105.95,107.26,2026-10-09,Chronos
692228,2026-10-14,106.55,105.84,107.37,2026-10-09,Chronos
692228,2026-10-15,106.53,105.68,107.47,2026-10-09,Chronos
692228,2026-10-16,106.48,105.53,107.46,2026-10-09,Chronos
692228,2026-10-17,106.37,105.41,107.5,2026-10-09,Chronos
692228,2026-10-18,106.28,105.26,107.51,2026-10-09,Chronos
692228,2026-10-19,106.22,105.07,107.54,2026-10-09,Chronos
692228,2026-10-20,106.19,105.04,107.57,2026-10-09,Chronos
692228,2026-10-21,106.17,104.88,107.75,2026-10-09,Chronos
692228,2026-10-22,106.14,104.73,107.98,2026-10-09,Chronos
692228,2026-10-23,106.07,104.6,108.13,2026-10-09,Chronos
692228,2026-10-24,106.0,104.54,108.1,2026-10-09,Chronos
692228,2026-10-25,105.98,104.49,108.0,2026-10-09,Chronos
692228,2026-10-26,105.46,103.89,108.62,2026-10-09,Chronos
692228,2026-10-27,105.43,103.75,108.65,2026-10-09,Chronos
692228,2026-10-28,105.43,103.58,108.75,2026-10-09,Chronos
692228,2026-10-29,105.36,103.56,108.73,2026-10-09,Chronos
692228,2026-10-30,105.29,103.38,109.17,2026-10-09,Chronos
692228,2026-10-31,105.28,103.3,109.17,2026-10-09,Chronos
692228,2026-11-01,105.28,103.21,109.37,2026-10-09,Chronos
692228,2026-11-02,105.2,103.15,109.87,2026-10-09,Chronos
692228,2026-11-03,105.15,102.94,110.36,2026-10-09,Chronos
692228,2026-11-04,105.11,102.83,110.12,2026-10-09,Chronos
692228,2026-11-05,105.11,102.73,110.43,2026-10-09,Chronos
692228,2026-11-06,105.12,102.74,110.71,2026-10-09,Chronos
692228,2026-11-07,105.09,102.53,111.1,2026-10-09,Chronos
692228,2026-11-08,104.98,102.3,111.52,2026-10-09,Chronos
692229,2026-10-10,83.94,82.28,85.83,2026-10-09,Chronos
692229,2026-10-11,83.77,81.85,85.9,2026-10-09,Chronos
692229,2026-10-12,83.77,81.02,85.68,2026-10-09,Chronos
692229,2026-10-13,83.15,80.71,85.95,2026-10-09,Chronos
692229,2026-10-14,83.14,80.26,86.5,2026-10-09,Chronos
692229,2026-10-15,83.09,79.93,86.96,2026-10-09,Chronos
692229,2026-10-16,82.94,79.7,86.7,2026-10-09,Chronos
692229,2026-10-17,82.97,79.17,87.28,2026-10-09,Chronos
692229,2026-10-18,83.08,78.84,87.52,2026-10-09,Chronos
692229,2026-10-19,82.92,78.72,87.83,2026-10-09,Chronos
692229,2026-10-20,83.02,78.28,88.0,2026-10-09,Chronos
692229,2026-10-21,82.93,78.18,88.47,2026-10-09,Chronos
692229,2026-10-22,82.93,78.11,89.25,2026-10-09,Chronos
692229,2026-10-23,82.76,77.93,89.1,2026-10-09,Chronos
692229,2026-10-24,82.49,77.08,89.52,2026-10-09,Chronos
692229,2026-10-25,82.28,76.8,89.02,2026-10-09,Chronos
692229,2026-10-26,82.82,74.37,93.21,2026-10-09,Chronos
692229,2026-10-27,82.58,74.31,92.61,2026-10-09,Chronos
692229,2026-10-28,82.69,73.55,92.9,2026-10-09,Chronos
692229,2026-10-29,82.19,73.77,93.31,2026-10-09,Chronos
692229,2026-10-30,82.19,73.06,93.9,2026-10-09,Chronos
692229,2026-10-31,82.32,72.94,94.8,2026-10-09,Chronos
692229,2026-11-01,82.13,73.13,94.75,2026-10-09,Chronos
692229,2026-11-02,82.2,72.37,95.73,2026-10-09,Chronos
692229,2026-11-03,82.42,71.92,96.98,2026-10-09,Chronos
692229,2026-11-04,82.51,71.97,97.63,2026-10-09,Chronos
692229,2026-11-05,82.43,71.55,97.02,2026-10-09,Chronos
692229,2026-11-06,82.35,71.91,98.35,2026-10-09,Chronos
692229,2026-11-07,82.33,71.47,100.36,2026-10-09,Chronos
692229,2026-11-08,82.22,70.97,102.18,2026-10-09,Chronos
692235,2026-10-10,2.73,2.63,2.82,2026-10-09,Chronos
692235,2026-10-11,2.72,2.61,2.85,2026-10-09,Chronos
692235,2026-10-12,2.72,2.55,2.87,2026-10-09,Chronos
692235,2026-10-13,2.71,2.52,2.89,2026-10-09,Chronos
692235,2026-10-14,2.7,2.48,2.91,2026-10-09,Chronos
692235,2026-10-15,2.7,2.46,2.95,2026-10-09,Chronos
692235,2026-10-16,2.7,2.43,2.97,2026-10-09,Chronos
692235,2026-10-17,2.69,2.41,2.99,2026-10-09,Chronos
692235,2026-10-18,2.69,2.38,3.02,2026-10-09,Chronos
692235,2026-10-19,2.7,2.37,3.08,2026-10-09,Chronos
692235,2026-10-20,2.7,2.34,3.15,2026-10-09,Chronos
692235,2026-10-21,2.7,2.31,3.22,2026-10-09,Chronos
692235,2026-10-22,2.71,2.29,3.28,2026-10-09,Chronos
692235,2026-10-23,2.7,2.27,3.37,2026-10-09,Chronos
692235,2026-10-24,2.7,2.24,3.43,2026-10-09,Chronos
692235,2026-10-25,2.7,2.22,3.48,2026-10-09,Chronos
692235,2026-10-26,2.8,2.13,3.51,2026-10-09,Chronos
692235,2026-10-27,2.8,2.1,3.56,2026-10-09,Chronos
692235,2026-10-28,2.8,2.08,3.58,2026-10-09,Chronos
692235,2026-10-29,2.82,2.07,3.62,2026-10-09,Chronos
692235,2026-10-30,2.82,2.05,3.64,2026-10-09,Chronos
692235,2026-10-31,2.83,2.04,3.66,2026-10-09,Chronos
692235,2026-11-01,2.85,2.03,3.72,2026-10-09,Chronos
692235,2026-11-02,2.85,2.02,3.76,2026-10-09,Chronos
692235,2026-11-03,2.85,2.02,3.79,2026-10-09,Chronos
692235,2026-11-04,2.86,2.0,3.82,2026-10-09,Chronos
692235,2026-11-05,2.87,1.99,3.87,2026-10-09,Chronos
692235,2026-11-06,2.87,1.96,3.91,2026-10-09,Chronos
692235,2026-11-07,2.87,1.97,3.93,2026-10-09,Chronos
692235,2026-11-08,2.87,1.95,3.98,2026-10-09,Chronos
