card_id,run_date,target_date,pred_price,conf_low,conf_high,model
510148,2026-03-08,2026-03-09,62.88,62.85,62.9,GRU-45
510148,2026-03-08,2026-03-10,62.92,62.87,62.99,GRU-45
510148,2026-03-08,2026-03-11,62.98,62.91,63.07,GRU-45
510148,2026-03-08,2026-03-12,63.03,62.93,63.15,GRU-45
510148,2026-03-08,2026-03-13,63.1,62.97,63.24,GRU-45
510148,2026-03-08,2026-03-14,63.16,63.0,63.33,GRU-45
510148,2026-03-08,2026-03-15,63.23,63.06,63.41,GRU-45
510148,2026-03-08,2026-03-16,63.32,63.12,63.49,GRU-45
510148,2026-03-08,2026-03-17,63.36,63.15,63.58,GRU-45
510148,2026-03-08,2026-03-18,63.44,63.21,63.65,GRU-45
510148,2026-03-08,2026-03-19,63.52,63.28,63.72,GRU-45
510148,2026-03-08,2026-03-20,63.59,63.32,63.76,GRU-45
510148,2026-03-08,2026-03-21,63.65,63.42,63.81,GRU-45
510148,2026-03-08,2026-03-22,63.72,63.47,63.87,GRU-45
510148,2026-03-08,2026-03-23,63.76,63.52,63.9,GRU-45
510148,2026-03-08,2026-03-24,63.79,63.56,63.92,GRU-45
510148,2026-03-08,2026-03-25,63.83,63.61,63.94,GRU-45
510148,2026-03-08,2026-03-26,63.89,63.67,63.97,GRU-45
510148,2026-03-08,2026-03-27,63.9,63.74,63.98,GRU-45
510148,2026-03-08,2026-03-28,63.95,63.76,64.0,GRU-45
510148,2026-03-08,2026-03-29,63.94,63.78,64.0,GRU-45
510148,2026-03-08,2026-03-30,63.96,63.8,64.0,GRU-45
510148,2026-03-08,2026-03-31,63.97,63.82,64.01,GRU-45
510148,2026-03-08,2026-04-01,63.98,63.84,64.01,GRU-45
510148,2026-03-08,2026-04-02,63.99,63.86,64.01,GRU-45
510148,2026-03-08,2026-04-03,63.99,63.89,64.02,GRU-45
510148,2026-03-08,2026-04-04,64.0,63.89,64.02,GRU-45
510148,2026-03-08,2026-04-05,64.0,63.92,64.02,GRU-45
510148,2026-03-08,2026-04-06,64.0,63.93,64.02,GRU-45
510148,2026-03-08,2026-04-07,64.01,63.91,64.02,GRU-45
510152,2026-03-08,2026-03-09,172.68,172.36,172.89,GRU-45
510152,2026-03-08,2026-03-10,173.28,172.7,173.8,GRU-45
510152,2026-03-08,2026-03-11,174.01,173.16,174.66,GRU-45
510152,2026-03-08,2026-03-12,174.66,173.64,175.58,GRU-45
510152,2026-03-08,2026-03-13,175.31,174.08,176.23,GRU-45
510152,2026-03-08,2026-03-14,175.92,174.68,176.93,GRU-45
510152,2026-03-08,2026-03-15,176.61,175.2,177.66,GRU-45
510152,2026-03-08,2026-03-16,177.08,175.87,178.09,GRU-45
510152,2026-03-08,2026-03-17,177.44,176.35,178.47,GRU-45
510152,2026-03-08,2026-03-18,178.12,176.92,178.88,GRU-45
510152,2026-03-08,2026-03-19,178.29,177.25,179.08,GRU-45
510152,2026-03-08,2026-03-20,178.56,177.33,179.26,GRU-45
510152,2026-03-08,2026-03-21,178.93,177.89,179.41,GRU-45
510152,2026-03-08,2026-03-22,179.1,178.19,179.48,GRU-45
510152,2026-03-08,2026-03-23,179.25,178.47,179.53,GRU-45
510152,2026-03-08,2026-03-24,179.32,178.59,179.55,GRU-45
510152,2026-03-08,2026-03-25,179.32,178.67,179.56,GRU-45
510152,2026-03-08,2026-03-26,179.5,179.06,179.59,GRU-45
510152,2026-03-08,2026-03-27,179.49,179.07,179.59,GRU-45
510152,2026-03-08,2026-03-28,179.54,179.28,179.6,GRU-45
510152,2026-03-08,2026-03-29,179.56,179.31,179.61,GRU-45
510152,2026-03-08,2026-03-30,179.56,179.32,179.6,GRU-45
510152,2026-03-08,2026-03-31,179.58,179.36,179.61,GRU-45
510152,2026-03-08,2026-04-01,179.57,179.39,179.61,GRU-45
510152,2026-03-08,2026-04-02,179.59,179.45,179.61,GRU-45
510152,2026-03-08,2026-04-03,179.6,179.49,179.61,GRU-45
510152,2026-03-08,2026-04-04,179.6,179.52,179.61,GRU-45
510152,2026-03-08,2026-04-05,179.6,179.52,179.61,GRU-45
510152,2026-03-08,2026-04-06,179.6,179.54,179.61,GRU-45
510152,2026-03-08,2026-04-07,179.6,179.54,179.61,GRU-45
510153,2026-03-08,2026-03-09,649.41,649.26,649.59,GRU-45
510153,2026-03-08,2026-03-10,649.2,648.86,649.51,GRU-45
510153,2026-03-08,2026-03-11,649.04,648.54,649.5,GRU-45
510153,2026-03-08,2026-03-12,648.85,648.15,649.47,GRU-45
510153,2026-03-08,2026-03-13,648.77,647.95,649.64,GRU-45
510153,2026-03-08,2026-03-14,648.67,647.65,649.77,GRU-45
510153,2026-03-08,2026-03-15,648.7,647.4,649.98,GRU-45
510153,2026-03-08,2026-03-16,648.79,647.13,650.25,GRU-45
510153,2026-03-08,2026-03-17,648.71,646.94,650.32,GRU-45
510153,2026-03-08,2026-03-18,648.78,646.82,650.49,GRU-45
510153,2026-03-08,2026-03-19,648.9,646.8,650.96,GRU-45
510153,2026-03-08,2026-03-20,649.49,647.61,651.55,GRU-45
510153,2026-03-08,2026-03-21,649.61,647.27,651.49,GRU-45
510153,2026-03-08,2026-03-22,649.74,647.12,652.32,GRU-45
510153,2026-03-08,2026-03-23,650.02,647.39,652.46,GRU-45
510153,2026-03-08,2026-03-24,649.66,646.1,652.96,GRU-45
510153,2026-03-08,2026-03-25,651.02,648.46,653.81,GRU-45
510153,2026-03-08,2026-03-26,650.51,647.6,653.66,GRU-45
510153,2026-03-08,2026-03-27,650.9,647.11,654.02,GRU-45
510153,2026-03-08,2026-03-28,652.74,649.36,656.53,GRU-45
510153,2026-03-08,2026-03-29,652.36,648.48,655.89,GRU-45
510153,2026-03-08,2026-03-30,652.52,647.64,656.12,GRU-45
510153,2026-03-08,2026-03-31,652.4,647.28,656.41,GRU-45
510153,2026-03-08,2026-04-01,652.97,648.87,657.21,GRU-45
510153,2026-03-08,2026-04-02,653.49,648.27,657.55,GRU-45
510153,2026-03-08,2026-04-03,654.36,648.99,658.6,GRU-45
510153,2026-03-08,2026-04-04,654.56,648.61,659.15,GRU-45
510153,2026-03-08,2026-04-05,654.35,650.04,659.05,GRU-45
510153,2026-03-08,2026-04-06,654.6,648.86,658.74,GRU-45
510153,2026-03-08,2026-04-07,654.7,648.96,658.81,GRU-45
510154,2026-03-08,2026-03-09,140.84,140.77,140.93,GRU-45
510154,2026-03-08,2026-03-10,140.9,140.76,141.05,GRU-45
510154,2026-03-08,2026-03-11,141.01,140.77,141.22,GRU-45
510154,2026-03-08,2026-03-12,141.08,140.78,141.38,GRU-45
510154,2026-03-08,2026-03-13,141.19,140.81,141.56,GRU-45
510154,2026-03-08,2026-03-14,141.28,140.89,141.72,GRU-45
510154,2026-03-08,2026-03-15,141.45,140.94,142.0,GRU-45
510154,2026-03-08,2026-03-16,141.59,141.12,142.17,GRU-45
510154,2026-03-08,2026-03-17,141.71,141.19,142.34,GRU-45
510154,2026-03-08,2026-03-18,141.9,141.22,142.61,GRU-45
510154,2026-03-08,2026-03-19,142.08,141.43,142.73,GRU-45
510154,2026-03-08,2026-03-20,142.23,141.48,142.85,GRU-45
510154,2026-03-08,2026-03-21,142.42,141.76,143.14,GRU-45
510154,2026-03-08,2026-03-22,142.52,141.82,143.21,GRU-45
510154,2026-03-08,2026-03-23,142.74,142.03,143.39,GRU-45
510154,2026-03-08,2026-03-24,142.78,142.17,143.46,GRU-45
510154,2026-03-08,2026-03-25,142.88,142.16,143.42,GRU-45
510154,2026-03-08,2026-03-26,143.05,142.27,143.65,GRU-45
510154,2026-03-08,2026-03-27,143.09,142.26,143.66,GRU-45
510154,2026-03-08,2026-03-28,143.25,142.41,143.77,GRU-45
510154,2026-03-08,2026-03-29,143.41,142.56,143.83,GRU-45
510154,2026-03-08,2026-03-30,143.32,142.52,143.78,GRU-45
510154,2026-03-08,2026-03-31,143.42,142.61,143.84,GRU-45
510154,2026-03-08,2026-04-01,143.47,142.8,143.86,GRU-45
510154,2026-03-08,2026-04-02,143.54,142.86,143.9,GRU-45
510154,2026-03-08,2026-04-03,143.58,142.83,143.92,GRU-45
510154,2026-03-08,2026-04-04,143.64,142.92,143.93,GRU-45
510154,2026-03-08,2026-04-05,143.67,143.08,143.94,GRU-45
510154,2026-03-08,2026-04-06,143.71,143.13,143.95,GRU-45
510154,2026-03-08,2026-04-07,143.7,142.95,143.96,GRU-45
510155,2026-03-08,2026-03-09,67.86,67.77,67.95,GRU-45
510155,2026-03-08,2026-03-10,68.02,67.83,68.2,GRU-45
510155,2026-03-08,2026-03-11,68.21,67.97,68.42,GRU-45
510155,2026-03-08,2026-03-12,68.39,68.07,68.7,GRU-45
510155,2026-03-08,2026-03-13,68.56,68.19,68.93,GRU-45
510155,2026-03-08,2026-03-14,68.77,68.34,69.18,GRU-45
510155,2026-03-08,2026-03-15,68.95,68.46,69.33,GRU-45
510155,2026-03-08,2026-03-16,69.15,68.69,69.53,GRU-45
510155,2026-03-08,2026-03-17,69.29,68.77,69.71,GRU-45
510155,2026-03-08,2026-03-18,69.49,68.99,69.82,GRU-45
510155,2026-03-08,2026-03-19,69.59,69.08,69.92,GRU-45
510155,2026-03-08,2026-03-20,69.68,69.24,70.0,GRU-45
510155,2026-03-08,2026-03-21,69.82,69.39,70.05,GRU-45
510155,2026-03-08,2026-03-22,69.9,69.51,70.09,GRU-45
510155,2026-03-08,2026-03-23,69.98,69.6,70.11,GRU-45
510155,2026-03-08,2026-03-24,70.0,69.71,70.13,GRU-45
510155,2026-03-08,2026-03-25,70.04,69.77,70.14,GRU-45
510155,2026-03-08,2026-03-26,70.1,69.88,70.16,GRU-45
510155,2026-03-08,2026-03-27,70.12,69.91,70.16,GRU-45
510155,2026-03-08,2026-03-28,70.13,69.96,70.16,GRU-45
510155,2026-03-08,2026-03-29,70.15,69.99,70.16,GRU-45
510155,2026-03-08,2026-03-30,70.14,70.05,70.16,GRU-45
510155,2026-03-08,2026-03-31,70.15,70.07,70.16,GRU-45
510155,2026-03-08,2026-04-01,70.15,70.08,70.17,GRU-45
510155,2026-03-08,2026-04-02,70.16,70.1,70.17,GRU-45
510155,2026-03-08,2026-04-03,70.16,70.11,70.17,GRU-45
510155,2026-03-08,2026-04-04,70.16,70.11,70.17,GRU-45
510155,2026-03-08,2026-04-05,70.16,70.13,70.17,GRU-45
510155,2026-03-08,2026-04-06,70.16,70.13,70.17,GRU-45
510155,2026-03-08,2026-04-07,70.16,70.13,70.17,GRU-45
510156,2026-03-08,2026-03-09,93.83,93.79,93.88,GRU-45
510156,2026-03-08,2026-03-10,93.82,93.72,93.92,GRU-45
510156,2026-03-08,2026-03-11,93.81,93.68,93.95,GRU-45
510156,2026-03-08,2026-03-12,93.84,93.63,94.0,GRU-45
510156,2026-03-08,2026-03-13,93.78,93.6,93.99,GRU-45
510156,2026-03-08,2026-03-14,93.84,93.59,94.04,GRU-45
510156,2026-03-08,2026-03-15,93.83,93.61,94.09,GRU-45
510156,2026-03-08,2026-03-16,93.88,93.67,94.1,GRU-45
510156,2026-03-08,2026-03-17,93.88,93.71,94.12,GRU-45
510156,2026-03-08,2026-03-18,93.87,93.66,94.19,GRU-45
510156,2026-03-08,2026-03-19,93.95,93.65,94.24,GRU-45
510156,2026-03-08,2026-03-20,93.96,93.72,94.3,GRU-45
510156,2026-03-08,2026-03-21,94.08,93.82,94.49,GRU-45
510156,2026-03-08,2026-03-22,94.11,93.78,94.57,GRU-45
510156,2026-03-08,2026-03-23,94.06,93.79,94.47,GRU-45
510156,2026-03-08,2026-03-24,94.12,93.82,94.6,GRU-45
510156,2026-03-08,2026-03-25,94.11,93.83,94.43,GRU-45
510156,2026-03-08,2026-03-26,94.08,93.67,94.66,GRU-45
510156,2026-03-08,2026-03-27,94.17,93.78,94.65,GRU-45
510156,2026-03-08,2026-03-28,94.1,93.71,94.69,GRU-45
510156,2026-03-08,2026-03-29,94.04,93.73,94.55,GRU-45
510156,2026-03-08,2026-03-30,94.03,93.73,94.51,GRU-45
510156,2026-03-08,2026-03-31,94.07,93.7,94.4,GRU-45
510156,2026-03-08,2026-04-01,94.03,93.77,94.39,GRU-45
510156,2026-03-08,2026-04-02,93.96,93.6,94.41,GRU-45
510156,2026-03-08,2026-04-03,93.98,93.66,94.35,GRU-45
510156,2026-03-08,2026-04-04,94.0,93.68,94.32,GRU-45
510156,2026-03-08,2026-04-05,93.92,93.56,94.4,GRU-45
510156,2026-03-08,2026-04-06,93.86,93.52,94.18,GRU-45
510156,2026-03-08,2026-04-07,93.93,93.52,94.33,GRU-45
510157,2026-03-08,2026-03-09,65.13,65.03,65.26,GRU-45
510157,2026-03-08,2026-03-10,65.36,65.15,65.6,GRU-45
510157,2026-03-08,2026-03-11,65.59,65.33,65.92,GRU-45
510157,2026-03-08,2026-03-12,65.82,65.49,66.19,GRU-45
510157,2026-03-08,2026-03-13,66.02,65.67,66.41,GRU-45
510157,2026-03-08,2026-03-14,66.21,65.87,66.57,GRU-45
510157,2026-03-08,2026-03-15,66.4,66.06,66.75,GRU-45
510157,2026-03-08,2026-03-16,66.59,66.2,66.83,GRU-45
510157,2026-03-08,2026-03-17,66.66,66.33,66.88,GRU-45
510157,2026-03-08,2026-03-18,66.8,66.52,66.94,GRU-45
510157,2026-03-08,2026-03-19,66.85,66.58,66.96,GRU-45
510157,2026-03-08,2026-03-20,66.89,66.67,66.98,GRU-45
510157,2026-03-08,2026-03-21,66.95,66.74,66.99,GRU-45
510157,2026-03-08,2026-03-22,66.97,66.82,67.0,GRU-45
510157,2026-03-08,2026-03-23,66.98,66.82,67.0,GRU-45
510157,2026-03-08,2026-03-24,66.98,66.88,67.0,GRU-45
510157,2026-03-08,2026-03-25,66.99,66.89,67.0,GRU-45
510157,2026-03-08,2026-03-26,67.0,66.95,67.0,GRU-45
510157,2026-03-08,2026-03-27,67.0,66.92,67.0,GRU-45
510157,2026-03-08,2026-03-28,67.0,66.97,67.0,GRU-45
510157,2026-03-08,2026-03-29,67.0,66.97,67.0,GRU-45
510157,2026-03-08,2026-03-30,67.0,66.97,67.0,GRU-45
510157,2026-03-08,2026-03-31,67.0,66.98,67.0,GRU-45
510157,2026-03-08,2026-04-01,67.0,66.98,67.0,GRU-45
510157,2026-03-08,2026-04-02,67.0,66.99,67.0,GRU-45
510157,2026-03-08,2026-04-03,67.0,66.99,67.0,GRU-45
510157,2026-03-08,2026-04-04,67.0,66.99,67.0,GRU-45
510157,2026-03-08,2026-04-05,67.0,67.0,67.0,GRU-45
510157,2026-03-08,2026-04-06,67.0,67.0,67.0,GRU-45
510157,2026-03-08,2026-04-07,67.0,67.0,67.0,GRU-45
510158,2026-03-08,2026-03-09,94.91,94.71,95.06,GRU-45
510158,2026-03-08,2026-03-10,95.28,94.91,95.58,GRU-45
510158,2026-03-08,2026-03-11,95.71,95.2,96.14,GRU-45
510158,2026-03-08,2026-03-12,96.1,95.51,96.67,GRU-45
510158,2026-03-08,2026-03-13,96.47,95.78,97.11,GRU-45
510158,2026-03-08,2026-03-14,96.97,96.21,97.57,GRU-45
510158,2026-03-08,2026-03-15,97.34,96.51,98.0,GRU-45
510158,2026-03-08,2026-03-16,97.78,96.9,98.34,GRU-45
510158,2026-03-08,2026-03-17,97.99,97.19,98.52,GRU-45
510158,2026-03-08,2026-03-18,98.38,97.49,98.83,GRU-45
510158,2026-03-08,2026-03-19,98.59,97.79,98.94,GRU-45
510158,2026-03-08,2026-03-20,98.72,98.08,99.02,GRU-45
510158,2026-03-08,2026-03-21,98.9,98.35,99.13,GRU-45
510158,2026-03-08,2026-03-22,99.0,98.57,99.19,GRU-45
510158,2026-03-08,2026-03-23,99.11,98.76,99.23,GRU-45
510158,2026-03-08,2026-03-24,99.13,98.8,99.24,GRU-45
510158,2026-03-08,2026-03-25,99.17,98.86,99.25,GRU-45
510158,2026-03-08,2026-03-26,99.23,99.08,99.27,GRU-45
510158,2026-03-08,2026-03-27,99.22,99.06,99.27,GRU-45
510158,2026-03-08,2026-03-28,99.25,99.13,99.27,GRU-45
510158,2026-03-08,2026-03-29,99.26,99.19,99.28,GRU-45
510158,2026-03-08,2026-03-30,99.26,99.15,99.28,GRU-45
510158,2026-03-08,2026-03-31,99.27,99.18,99.28,GRU-45
510158,2026-03-08,2026-04-01,99.27,99.21,99.28,GRU-45
510158,2026-03-08,2026-04-02,99.27,99.24,99.28,GRU-45
510158,2026-03-08,2026-04-03,99.28,99.25,99.28,GRU-45
510158,2026-03-08,2026-04-04,99.28,99.25,99.28,GRU-45
510158,2026-03-08,2026-04-05,99.28,99.26,99.28,GRU-45
510158,2026-03-08,2026-04-06,99.28,99.26,99.28,GRU-45
510158,2026-03-08,2026-04-07,99.28,99.26,99.28,GRU-45
510159,2026-03-08,2026-03-09,135.69,135.65,135.72,GRU-45
510159,2026-03-08,2026-03-10,135.63,135.55,135.69,GRU-45
510159,2026-03-08,2026-03-11,135.58,135.46,135.67,GRU-45
510159,2026-03-08,2026-03-12,135.51,135.36,135.65,GRU-45
510159,2026-03-08,2026-03-13,135.46,135.3,135.62,GRU-45
510159,2026-03-08,2026-03-14,135.45,135.21,135.64,GRU-45
510159,2026-03-08,2026-03-15,135.42,135.15,135.66,GRU-45
510159,2026-03-08,2026-03-16,135.43,135.09,135.74,GRU-45
510159,2026-03-08,2026-03-17,135.46,135.05,135.75,GRU-45
510159,2026-03-08,2026-03-18,135.43,134.99,135.75,GRU-45
510159,2026-03-08,2026-03-19,135.49,134.99,135.83,GRU-45
510159,2026-03-08,2026-03-20,135.46,135.09,135.82,GRU-45
510159,2026-03-08,2026-03-21,135.61,135.04,135.99,GRU-45
510159,2026-03-08,2026-03-22,135.57,135.01,136.04,GRU-45
510159,2026-03-08,2026-03-23,135.65,134.97,136.27,GRU-45
510159,2026-03-08,2026-03-24,135.64,134.9,136.39,GRU-45
510159,2026-03-08,2026-03-25,135.84,135.31,136.31,GRU-45
510159,2026-03-08,2026-03-26,135.77,135.02,136.29,GRU-45
510159,2026-03-08,2026-03-27,135.75,134.83,136.39,GRU-45
510159,2026-03-08,2026-03-28,135.98,135.51,136.53,GRU-45
510159,2026-03-08,2026-03-29,136.06,135.1,136.71,GRU-45
510159,2026-03-08,2026-03-30,135.98,135.07,136.8,GRU-45
510159,2026-03-08,2026-03-31,135.97,134.84,136.75,GRU-45
510159,2026-03-08,2026-04-01,136.16,135.32,136.84,GRU-45
510159,2026-03-08,2026-04-02,136.1,135.35,136.89,GRU-45
510159,2026-03-08,2026-04-03,136.31,135.51,137.02,GRU-45
510159,2026-03-08,2026-04-04,136.57,135.49,137.32,GRU-45
510159,2026-03-08,2026-04-05,136.34,135.59,137.25,GRU-45
510159,2026-03-08,2026-04-06,136.32,135.46,137.18,GRU-45
510159,2026-03-08,2026-04-07,136.16,135.24,137.27,GRU-45
510161,2026-03-08,2026-03-09,177.91,177.88,177.97,GRU-45
510161,2026-03-08,2026-03-10,177.71,177.64,177.81,GRU-45
510161,2026-03-08,2026-03-11,177.5,177.38,177.65,GRU-45
510161,2026-03-08,2026-03-12,177.28,177.13,177.48,GRU-45
510161,2026-03-08,2026-03-13,177.06,176.87,177.33,GRU-45
510161,2026-03-08,2026-03-14,176.85,176.61,177.16,GRU-45
510161,2026-03-08,2026-03-15,176.65,176.39,176.99,GRU-45
510161,2026-03-08,2026-03-16,176.41,176.11,176.84,GRU-45
510161,2026-03-08,2026-03-17,176.19,175.88,176.63,GRU-45
510161,2026-03-08,2026-03-18,176.03,175.76,176.52,GRU-45
510161,2026-03-08,2026-03-19,175.87,175.6,176.36,GRU-45
510161,2026-03-08,2026-03-20,175.7,175.49,176.18,GRU-45
510161,2026-03-08,2026-03-21,175.55,175.38,175.99,GRU-45
510161,2026-03-08,2026-03-22,175.47,175.32,175.87,GRU-45
510161,2026-03-08,2026-03-23,175.33,175.25,175.72,GRU-45
510161,2026-03-08,2026-03-24,175.31,175.22,175.54,GRU-45
510161,2026-03-08,2026-03-25,175.26,175.21,175.41,GRU-45
510161,2026-03-08,2026-03-26,175.24,175.21,175.39,GRU-45
510161,2026-03-08,2026-03-27,175.22,175.2,175.34,GRU-45
510161,2026-03-08,2026-03-28,175.22,175.2,175.31,GRU-45
510161,2026-03-08,2026-03-29,175.21,175.19,175.27,GRU-45
510161,2026-03-08,2026-03-30,175.2,175.19,175.26,GRU-45
510161,2026-03-08,2026-03-31,175.2,175.19,175.27,GRU-45
510161,2026-03-08,2026-04-01,175.2,175.19,175.25,GRU-45
510161,2026-03-08,2026-04-02,175.2,175.19,175.25,GRU-45
510161,2026-03-08,2026-04-03,175.2,175.19,175.23,GRU-45
510161,2026-03-08,2026-04-04,175.2,175.19,175.23,GRU-45
510161,2026-03-08,2026-04-05,175.2,175.19,175.22,GRU-45
510161,2026-03-08,2026-04-06,175.2,175.19,175.23,GRU-45
510161,2026-03-08,2026-04-07,175.19,175.19,175.22,GRU-45
510162,2026-03-08,2026-03-09,101.62,101.58,101.67,GRU-45
510162,2026-03-08,2026-03-10,101.55,101.47,101.63,GRU-45
510162,2026-03-08,2026-03-11,101.49,101.38,101.63,GRU-45
510162,2026-03-08,2026-03-12,101.44,101.29,101.61,GRU-45
510162,2026-03-08,2026-03-13,101.41,101.23,101.62,GRU-45
510162,2026-03-08,2026-03-14,101.43,101.16,101.73,GRU-45
510162,2026-03-08,2026-03-15,101.38,101.1,101.71,GRU-45
510162,2026-03-08,2026-03-16,101.52,101.07,102.08,GRU-45
510162,2026-03-08,2026-03-17,101.38,100.95,101.91,GRU-45
510162,2026-03-08,2026-03-18,101.51,101.03,102.19,GRU-45
510162,2026-03-08,2026-03-19,101.54,101.0,102.3,GRU-45
510162,2026-03-08,2026-03-20,101.53,101.14,102.16,GRU-45
510162,2026-03-08,2026-03-21,101.79,101.08,102.78,GRU-45
510162,2026-03-08,2026-03-22,101.77,101.07,102.83,GRU-45
510162,2026-03-08,2026-03-23,102.17,101.15,103.41,GRU-45
510162,2026-03-08,2026-03-24,101.83,100.83,103.2,GRU-45
510162,2026-03-08,2026-03-25,101.9,101.38,103.02,GRU-45
510162,2026-03-08,2026-03-26,102.05,101.06,103.52,GRU-45
510162,2026-03-08,2026-03-27,102.14,100.99,103.62,GRU-45
510162,2026-03-08,2026-03-28,102.42,101.55,103.57,GRU-45
510162,2026-03-08,2026-03-29,102.4,101.26,104.05,GRU-45
510162,2026-03-08,2026-03-30,102.14,101.06,103.64,GRU-45
510162,2026-03-08,2026-03-31,102.03,100.84,103.61,GRU-45
510162,2026-03-08,2026-04-01,102.18,101.36,103.79,GRU-45
510162,2026-03-08,2026-04-02,102.34,101.24,104.03,GRU-45
510162,2026-03-08,2026-04-03,102.86,101.52,104.38,GRU-45
510162,2026-03-08,2026-04-04,102.83,101.44,104.48,GRU-45
510162,2026-03-08,2026-04-05,102.99,101.74,104.45,GRU-45
510162,2026-03-08,2026-04-06,102.9,101.46,104.54,GRU-45
510162,2026-03-08,2026-04-07,102.55,101.26,104.22,GRU-45
510163,2026-03-08,2026-03-09,152.3,151.86,152.79,GRU-45
510163,2026-03-08,2026-03-10,153.31,152.22,154.22,GRU-45
510163,2026-03-08,2026-03-11,154.38,152.85,155.58,GRU-45
510163,2026-03-08,2026-03-12,155.41,153.5,156.76,GRU-45
510163,2026-03-08,2026-03-13,156.4,154.22,157.98,GRU-45
510163,2026-03-08,2026-03-14,157.53,155.33,159.09,GRU-45
510163,2026-03-08,2026-03-15,158.55,156.13,160.11,GRU-45
510163,2026-03-08,2026-03-16,159.35,157.62,160.92,GRU-45
510163,2026-03-08,2026-03-17,160.12,157.77,161.1,GRU-45
510163,2026-03-08,2026-03-18,160.78,158.81,161.79,GRU-45
510163,2026-03-08,2026-03-19,161.26,159.63,162.0,GRU-45
510163,2026-03-08,2026-03-20,161.62,159.87,162.19,GRU-45
510163,2026-03-08,2026-03-21,161.89,160.85,162.36,GRU-45
510163,2026-03-08,2026-03-22,162.09,161.22,162.41,GRU-45
510163,2026-03-08,2026-03-23,162.24,161.53,162.47,GRU-45
510163,2026-03-08,2026-03-24,162.27,161.68,162.47,GRU-45
510163,2026-03-08,2026-03-25,162.32,161.75,162.47,GRU-45
510163,2026-03-08,2026-03-26,162.43,162.09,162.5,GRU-45
510163,2026-03-08,2026-03-27,162.43,162.11,162.5,GRU-45
510163,2026-03-08,2026-03-28,162.46,162.24,162.5,GRU-45
510163,2026-03-08,2026-03-29,162.48,162.35,162.5,GRU-45
510163,2026-03-08,2026-03-30,162.48,162.29,162.5,GRU-45
510163,2026-03-08,2026-03-31,162.48,162.36,162.5,GRU-45
510163,2026-03-08,2026-04-01,162.49,162.39,162.5,GRU-45
510163,2026-03-08,2026-04-02,162.5,162.44,162.5,GRU-45
510163,2026-03-08,2026-04-03,162.5,162.45,162.5,GRU-45
510163,2026-03-08,2026-04-04,162.5,162.45,162.5,GRU-45
510163,2026-03-08,2026-04-05,162.5,162.48,162.5,GRU-45
510163,2026-03-08,2026-04-06,162.5,162.49,162.5,GRU-45
510163,2026-03-08,2026-04-07,162.5,162.46,162.5,GRU-45
527797,2026-03-08,2026-03-09,32.53,32.5,32.57,GRU-45
527797,2026-03-08,2026-03-10,32.6,32.55,32.66,GRU-45
527797,2026-03-08,2026-03-11,32.67,32.6,32.76,GRU-45
527797,2026-03-08,2026-03-12,32.74,32.64,32.85,GRU-45
527797,2026-03-08,2026-03-13,32.81,32.7,32.94,GRU-45
527797,2026-03-08,2026-03-14,32.87,32.74,33.0,GRU-45
527797,2026-03-08,2026-03-15,32.94,32.81,33.06,GRU-45
527797,2026-03-08,2026-03-16,32.98,32.86,33.09,GRU-45
527797,2026-03-08,2026-03-17,33.04,32.9,33.12,GRU-45
527797,2026-03-08,2026-03-18,33.07,32.96,33.14,GRU-45
527797,2026-03-08,2026-03-19,33.1,32.98,33.15,GRU-45
527797,2026-03-08,2026-03-20,33.12,33.02,33.16,GRU-45
527797,2026-03-08,2026-03-21,33.14,33.05,33.17,GRU-45
527797,2026-03-08,2026-03-22,33.15,33.08,33.17,GRU-45
527797,2026-03-08,2026-03-23,33.16,33.1,33.17,GRU-45
527797,2026-03-08,2026-03-24,33.16,33.1,33.17,GRU-45
527797,2026-03-08,2026-03-25,33.16,33.12,33.17,GRU-45
527797,2026-03-08,2026-03-26,33.17,33.14,33.17,GRU-45
527797,2026-03-08,2026-03-27,33.17,33.14,33.17,GRU-45
527797,2026-03-08,2026-03-28,33.17,33.16,33.17,GRU-45
527797,2026-03-08,2026-03-29,33.17,33.16,33.17,GRU-45
527797,2026-03-08,2026-03-30,33.17,33.15,33.17,GRU-45
527797,2026-03-08,2026-03-31,33.17,33.16,33.17,GRU-45
527797,2026-03-08,2026-04-01,33.17,33.16,33.17,GRU-45
527797,2026-03-08,2026-04-02,33.17,33.17,33.17,GRU-45
527797,2026-03-08,2026-04-03,33.17,33.17,33.17,GRU-45
527797,2026-03-08,2026-04-04,33.17,33.17,33.17,GRU-45
527797,2026-03-08,2026-04-05,33.17,33.17,33.17,GRU-45
527797,2026-03-08,2026-04-06,33.17,33.17,33.17,GRU-45
527797,2026-03-08,2026-04-07,33.17,33.17,33.17,GRU-45
527798,2026-03-08,2026-03-09,24.58,24.54,24.62,GRU-45
527798,2026-03-08,2026-03-10,24.64,24.56,24.72,GRU-45
527798,2026-03-08,2026-03-11,24.72,24.6,24.84,GRU-45
527798,2026-03-08,2026-03-12,24.79,24.64,24.95,GRU-45
527798,2026-03-08,2026-03-13,24.89,24.68,25.05,GRU-45
527798,2026-03-08,2026-03-14,24.97,24.74,25.19,GRU-45
527798,2026-03-08,2026-03-15,25.08,24.8,25.29,GRU-45
527798,2026-03-08,2026-03-16,25.21,24.9,25.41,GRU-45
527798,2026-03-08,2026-03-17,25.28,24.96,25.53,GRU-45
527798,2026-03-08,2026-03-18,25.38,24.99,25.62,GRU-45
527798,2026-03-08,2026-03-19,25.47,25.12,25.73,GRU-45
527798,2026-03-08,2026-03-20,25.56,25.24,25.79,GRU-45
527798,2026-03-08,2026-03-21,25.62,25.33,25.84,GRU-45
527798,2026-03-08,2026-03-22,25.71,25.4,25.88,GRU-45
527798,2026-03-08,2026-03-23,25.78,25.51,25.92,GRU-45
527798,2026-03-08,2026-03-24,25.78,25.53,25.92,GRU-45
527798,2026-03-08,2026-03-25,25.82,25.56,25.95,GRU-45
527798,2026-03-08,2026-03-26,25.9,25.68,25.98,GRU-45
527798,2026-03-08,2026-03-27,25.92,25.73,25.98,GRU-45
527798,2026-03-08,2026-03-28,25.95,25.77,26.0,GRU-45
527798,2026-03-08,2026-03-29,25.96,25.8,26.0,GRU-45
527798,2026-03-08,2026-03-30,25.95,25.78,26.0,GRU-45
527798,2026-03-08,2026-03-31,25.96,25.84,26.0,GRU-45
527798,2026-03-08,2026-04-01,25.97,25.86,26.0,GRU-45
527798,2026-03-08,2026-04-02,25.98,25.87,26.0,GRU-45
527798,2026-03-08,2026-04-03,25.99,25.92,26.0,GRU-45
527798,2026-03-08,2026-04-04,25.99,25.93,26.0,GRU-45
527798,2026-03-08,2026-04-05,26.0,25.94,26.0,GRU-45
527798,2026-03-08,2026-04-06,26.0,25.94,26.0,GRU-45
527798,2026-03-08,2026-04-07,26.0,25.94,26.0,GRU-45
527799,2026-03-08,2026-03-09,68.17,68.15,68.19,GRU-45
527799,2026-03-08,2026-03-10,68.12,68.1,68.17,GRU-45
527799,2026-03-08,2026-03-11,68.08,68.04,68.13,GRU-45
527799,2026-03-08,2026-03-12,68.02,67.98,68.09,GRU-45
527799,2026-03-08,2026-03-13,67.99,67.92,68.07,GRU-45
527799,2026-03-08,2026-03-14,67.93,67.87,68.03,GRU-45
527799,2026-03-08,2026-03-15,67.9,67.82,68.0,GRU-45
527799,2026-03-08,2026-03-16,67.86,67.76,67.98,GRU-45
527799,2026-03-08,2026-03-17,67.81,67.7,67.95,GRU-45
527799,2026-03-08,2026-03-18,67.75,67.62,67.93,GRU-45
527799,2026-03-08,2026-03-19,67.65,67.51,67.84,GRU-45
527799,2026-03-08,2026-03-20,67.57,67.41,67.78,GRU-45
527799,2026-03-08,2026-03-21,67.46,67.28,67.69,GRU-45
527799,2026-03-08,2026-03-22,67.27,67.12,67.55,GRU-45
527799,2026-03-08,2026-03-23,67.16,67.03,67.42,GRU-45
527799,2026-03-08,2026-03-24,67.04,66.95,67.3,GRU-45
527799,2026-03-08,2026-03-25,67.0,66.94,67.17,GRU-45
527799,2026-03-08,2026-03-26,66.94,66.92,67.07,GRU-45
527799,2026-03-08,2026-03-27,66.94,66.92,67.07,GRU-45
527799,2026-03-08,2026-03-28,66.93,66.92,67.02,GRU-45
527799,2026-03-08,2026-03-29,66.93,66.92,67.03,GRU-45
527799,2026-03-08,2026-03-30,66.92,66.91,66.98,GRU-45
527799,2026-03-08,2026-03-31,66.92,66.91,66.99,GRU-45
527799,2026-03-08,2026-04-01,66.92,66.91,67.0,GRU-45
527799,2026-03-08,2026-04-02,66.92,66.91,66.97,GRU-45
527799,2026-03-08,2026-04-03,66.92,66.91,66.97,GRU-45
527799,2026-03-08,2026-04-04,66.92,66.91,66.96,GRU-45
527799,2026-03-08,2026-04-05,66.92,66.91,66.94,GRU-45
527799,2026-03-08,2026-04-06,66.92,66.91,66.96,GRU-45
527799,2026-03-08,2026-04-07,66.92,66.91,66.94,GRU-45
527800,2026-03-08,2026-03-09,35.25,35.22,35.27,GRU-45
527800,2026-03-08,2026-03-10,35.29,35.23,35.36,GRU-45
527800,2026-03-08,2026-03-11,35.33,35.25,35.41,GRU-45
527800,2026-03-08,2026-03-12,35.38,35.27,35.5,GRU-45
527800,2026-03-08,2026-03-13,35.43,35.29,35.58,GRU-45
527800,2026-03-08,2026-03-14,35.49,35.32,35.66,GRU-45
527800,2026-03-08,2026-03-15,35.55,35.36,35.75,GRU-45
527800,2026-03-08,2026-03-16,35.6,35.43,35.8,GRU-45
527800,2026-03-08,2026-03-17,35.68,35.49,35.91,GRU-45
527800,2026-03-08,2026-03-18,35.75,35.5,36.0,GRU-45
527800,2026-03-08,2026-03-19,35.84,35.61,36.08,GRU-45
527800,2026-03-08,2026-03-20,35.9,35.64,36.16,GRU-45
527800,2026-03-08,2026-03-21,35.95,35.71,36.22,GRU-45
527800,2026-03-08,2026-03-22,36.04,35.8,36.28,GRU-45
527800,2026-03-08,2026-03-23,36.09,35.85,36.33,GRU-45
527800,2026-03-08,2026-03-24,36.15,35.88,36.37,GRU-45
527800,2026-03-08,2026-03-25,36.21,35.92,36.46,GRU-45
527800,2026-03-08,2026-03-26,36.29,35.99,36.5,GRU-45
527800,2026-03-08,2026-03-27,36.32,36.05,36.53,GRU-45
527800,2026-03-08,2026-03-28,36.41,36.07,36.59,GRU-45
527800,2026-03-08,2026-03-29,36.44,36.19,36.6,GRU-45
527800,2026-03-08,2026-03-30,36.48,36.19,36.63,GRU-45
527800,2026-03-08,2026-03-31,36.51,36.18,36.63,GRU-45
527800,2026-03-08,2026-04-01,36.52,36.29,36.65,GRU-45
527800,2026-03-08,2026-04-02,36.56,36.29,36.65,GRU-45
527800,2026-03-08,2026-04-03,36.58,36.37,36.66,GRU-45
527800,2026-03-08,2026-04-04,36.58,36.38,36.66,GRU-45
527800,2026-03-08,2026-04-05,36.61,36.43,36.67,GRU-45
527800,2026-03-08,2026-04-06,36.61,36.43,36.68,GRU-45
527800,2026-03-08,2026-04-07,36.62,36.44,36.68,GRU-45
527802,2026-03-08,2026-03-09,148.28,147.91,148.63,GRU-45
527802,2026-03-08,2026-03-10,148.82,148.2,149.54,GRU-45
527802,2026-03-08,2026-03-11,149.46,148.54,150.4,GRU-45
527802,2026-03-08,2026-03-12,150.11,148.9,151.34,GRU-45
527802,2026-03-08,2026-03-13,150.76,149.33,152.26,GRU-45
527802,2026-03-08,2026-03-14,151.4,149.88,153.08,GRU-45
527802,2026-03-08,2026-03-15,152.29,150.47,154.11,GRU-45
527802,2026-03-08,2026-03-16,152.86,151.04,154.77,GRU-45
527802,2026-03-08,2026-03-17,153.66,151.37,155.69,GRU-45
527802,2026-03-08,2026-03-18,154.28,152.12,156.35,GRU-45
527802,2026-03-08,2026-03-19,155.03,152.55,156.91,GRU-45
527802,2026-03-08,2026-03-20,155.76,153.33,157.41,GRU-45
527802,2026-03-08,2026-03-21,156.18,153.82,157.64,GRU-45
527802,2026-03-08,2026-03-22,156.64,154.55,158.1,GRU-45
527802,2026-03-08,2026-03-23,157.1,155.21,158.25,GRU-45
527802,2026-03-08,2026-03-24,157.38,155.45,158.38,GRU-45
527802,2026-03-08,2026-03-25,157.74,155.68,158.6,GRU-45
527802,2026-03-08,2026-03-26,158.16,156.78,158.76,GRU-45
527802,2026-03-08,2026-03-27,158.18,156.76,158.79,GRU-45
527802,2026-03-08,2026-03-28,158.45,157.34,158.87,GRU-45
527802,2026-03-08,2026-03-29,158.51,157.47,158.9,GRU-45
527802,2026-03-08,2026-03-30,158.6,157.49,158.92,GRU-45
527802,2026-03-08,2026-03-31,158.72,157.93,158.94,GRU-45
527802,2026-03-08,2026-04-01,158.75,157.86,158.95,GRU-45
527802,2026-03-08,2026-04-02,158.81,158.05,158.96,GRU-45
527802,2026-03-08,2026-04-03,158.85,158.37,158.97,GRU-45
527802,2026-03-08,2026-04-04,158.87,158.35,158.97,GRU-45
527802,2026-03-08,2026-04-05,158.91,158.48,158.97,GRU-45
527802,2026-03-08,2026-04-06,158.91,158.52,158.98,GRU-45
527802,2026-03-08,2026-04-07,158.93,158.57,158.98,GRU-45
528107,2026-03-08,2026-03-09,26.45,26.4,26.49,GRU-45
528107,2026-03-08,2026-03-10,26.53,26.42,26.6,GRU-45
528107,2026-03-08,2026-03-11,26.62,26.47,26.73,GRU-45
528107,2026-03-08,2026-03-12,26.73,26.52,26.86,GRU-45
528107,2026-03-08,2026-03-13,26.82,26.54,27.0,GRU-45
528107,2026-03-08,2026-03-14,26.93,26.62,27.12,GRU-45
528107,2026-03-08,2026-03-15,27.04,26.62,27.25,GRU-45
528107,2026-03-08,2026-03-16,27.13,26.76,27.35,GRU-45
528107,2026-03-08,2026-03-17,27.22,26.86,27.42,GRU-45
528107,2026-03-08,2026-03-18,27.33,26.95,27.53,GRU-45
528107,2026-03-08,2026-03-19,27.41,27.06,27.61,GRU-45
528107,2026-03-08,2026-03-20,27.49,27.13,27.69,GRU-45
528107,2026-03-08,2026-03-21,27.55,27.24,27.72,GRU-45
528107,2026-03-08,2026-03-22,27.64,27.31,27.8,GRU-45
528107,2026-03-08,2026-03-23,27.68,27.34,27.82,GRU-45
528107,2026-03-08,2026-03-24,27.71,27.37,27.84,GRU-45
528107,2026-03-08,2026-03-25,27.77,27.46,27.87,GRU-45
528107,2026-03-08,2026-03-26,27.83,27.57,27.9,GRU-45
528107,2026-03-08,2026-03-27,27.84,27.59,27.9,GRU-45
528107,2026-03-08,2026-03-28,27.88,27.64,27.92,GRU-45
528107,2026-03-08,2026-03-29,27.88,27.66,27.92,GRU-45
528107,2026-03-08,2026-03-30,27.89,27.7,27.92,GRU-45
528107,2026-03-08,2026-03-31,27.9,27.71,27.93,GRU-45
528107,2026-03-08,2026-04-01,27.9,27.78,27.93,GRU-45
528107,2026-03-08,2026-04-02,27.91,27.78,27.93,GRU-45
528107,2026-03-08,2026-04-03,27.92,27.81,27.93,GRU-45
528107,2026-03-08,2026-04-04,27.92,27.81,27.93,GRU-45
528107,2026-03-08,2026-04-05,27.92,27.85,27.93,GRU-45
528107,2026-03-08,2026-04-06,27.92,27.85,27.93,GRU-45
528107,2026-03-08,2026-04-07,27.93,27.86,27.93,GRU-45
528108,2026-03-08,2026-03-09,24.7,24.69,24.71,GRU-45
528108,2026-03-08,2026-03-10,24.67,24.65,24.69,GRU-45
528108,2026-03-08,2026-03-11,24.63,24.61,24.66,GRU-45
528108,2026-03-08,2026-03-12,24.59,24.56,24.63,GRU-45
528108,2026-03-08,2026-03-13,24.56,24.52,24.61,GRU-45
528108,2026-03-08,2026-03-14,24.53,24.48,24.59,GRU-45
528108,2026-03-08,2026-03-15,24.5,24.45,24.57,GRU-45
528108,2026-03-08,2026-03-16,24.47,24.4,24.58,GRU-45
528108,2026-03-08,2026-03-17,24.44,24.36,24.55,GRU-45
528108,2026-03-08,2026-03-18,24.41,24.34,24.54,GRU-45
528108,2026-03-08,2026-03-19,24.39,24.29,24.52,GRU-45
528108,2026-03-08,2026-03-20,24.37,24.26,24.51,GRU-45
528108,2026-03-08,2026-03-21,24.33,24.19,24.48,GRU-45
528108,2026-03-08,2026-03-22,24.28,24.15,24.47,GRU-45
528108,2026-03-08,2026-03-23,24.3,24.15,24.54,GRU-45
528108,2026-03-08,2026-03-24,24.23,24.04,24.37,GRU-45
528108,2026-03-08,2026-03-25,24.17,24.01,24.36,GRU-45
528108,2026-03-08,2026-03-26,24.18,24.01,24.34,GRU-45
528108,2026-03-08,2026-03-27,24.12,23.96,24.35,GRU-45
528108,2026-03-08,2026-03-28,24.11,23.95,24.31,GRU-45
528108,2026-03-08,2026-03-29,24.16,23.99,24.38,GRU-45
528108,2026-03-08,2026-03-30,24.12,23.95,24.3,GRU-45
528108,2026-03-08,2026-03-31,24.08,23.9,24.34,GRU-45
528108,2026-03-08,2026-04-01,24.07,23.86,24.34,GRU-45
528108,2026-03-08,2026-04-02,24.01,23.84,24.29,GRU-45
528108,2026-03-08,2026-04-03,24.11,23.88,24.33,GRU-45
528108,2026-03-08,2026-04-04,24.0,23.8,24.2,GRU-45
528108,2026-03-08,2026-04-05,24.02,23.85,24.24,GRU-45
528108,2026-03-08,2026-04-06,24.07,23.86,24.34,GRU-45
528108,2026-03-08,2026-04-07,24.0,23.83,24.23,GRU-45
528109,2026-03-08,2026-03-09,26.83,26.61,27.05,GRU-45
528109,2026-03-08,2026-03-10,27.4,26.97,27.72,GRU-45
528109,2026-03-08,2026-03-11,27.93,27.42,28.33,GRU-45
528109,2026-03-08,2026-03-12,28.37,27.8,28.77,GRU-45
528109,2026-03-08,2026-03-13,28.73,28.15,29.07,GRU-45
528109,2026-03-08,2026-03-14,28.99,28.47,29.25,GRU-45
528109,2026-03-08,2026-03-15,29.2,28.7,29.37,GRU-45
528109,2026-03-08,2026-03-16,29.32,28.89,29.42,GRU-45
528109,2026-03-08,2026-03-17,29.38,29.09,29.45,GRU-45
528109,2026-03-08,2026-03-18,29.44,29.26,29.48,GRU-45
528109,2026-03-08,2026-03-19,29.46,29.32,29.48,GRU-45
528109,2026-03-08,2026-03-20,29.47,29.34,29.49,GRU-45
528109,2026-03-08,2026-03-21,29.48,29.4,29.49,GRU-45
528109,2026-03-08,2026-03-22,29.49,29.43,29.49,GRU-45
528109,2026-03-08,2026-03-23,29.49,29.46,29.49,GRU-45
528109,2026-03-08,2026-03-24,29.49,29.47,29.49,GRU-45
528109,2026-03-08,2026-03-25,29.49,29.47,29.49,GRU-45
528109,2026-03-08,2026-03-26,29.49,29.49,29.49,GRU-45
528109,2026-03-08,2026-03-27,29.49,29.49,29.49,GRU-45
528109,2026-03-08,2026-03-28,29.49,29.49,29.49,GRU-45
528109,2026-03-08,2026-03-29,29.49,29.49,29.49,GRU-45
528109,2026-03-08,2026-03-30,29.49,29.49,29.49,GRU-45
528109,2026-03-08,2026-03-31,29.49,29.49,29.49,GRU-45
528109,2026-03-08,2026-04-01,29.49,29.49,29.49,GRU-45
528109,2026-03-08,2026-04-02,29.49,29.49,29.49,GRU-45
528109,2026-03-08,2026-04-03,29.49,29.49,29.49,GRU-45
528109,2026-03-08,2026-04-04,29.49,29.49,29.49,GRU-45
528109,2026-03-08,2026-04-05,29.49,29.49,29.49,GRU-45
528109,2026-03-08,2026-04-06,29.49,29.49,29.49,GRU-45
528109,2026-03-08,2026-04-07,29.49,29.49,29.49,GRU-45
528110,2026-03-08,2026-03-09,45.13,45.12,45.14,GRU-45
528110,2026-03-08,2026-03-10,45.13,45.12,45.15,GRU-45
528110,2026-03-08,2026-03-11,45.13,45.11,45.16,GRU-45
528110,2026-03-08,2026-03-12,45.13,45.11,45.17,GRU-45
528110,2026-03-08,2026-03-13,45.14,45.11,45.18,GRU-45
528110,2026-03-08,2026-03-14,45.14,45.1,45.2,GRU-45
528110,2026-03-08,2026-03-15,45.15,45.1,45.21,GRU-45
528110,2026-03-08,2026-03-16,45.16,45.09,45.23,GRU-45
528110,2026-03-08,2026-03-17,45.16,45.08,45.23,GRU-45
528110,2026-03-08,2026-03-18,45.18,45.09,45.26,GRU-45
528110,2026-03-08,2026-03-19,45.19,45.09,45.28,GRU-45
528110,2026-03-08,2026-03-20,45.21,45.11,45.28,GRU-45
528110,2026-03-08,2026-03-21,45.2,45.08,45.31,GRU-45
528110,2026-03-08,2026-03-22,45.22,45.08,45.33,GRU-45
528110,2026-03-08,2026-03-23,45.25,45.11,45.35,GRU-45
528110,2026-03-08,2026-03-24,45.23,45.07,45.35,GRU-45
528110,2026-03-08,2026-03-25,45.27,45.14,45.37,GRU-45
528110,2026-03-08,2026-03-26,45.32,45.18,45.41,GRU-45
528110,2026-03-08,2026-03-27,45.3,45.12,45.41,GRU-45
528110,2026-03-08,2026-03-28,45.35,45.21,45.44,GRU-45
528110,2026-03-08,2026-03-29,45.34,45.17,45.43,GRU-45
528110,2026-03-08,2026-03-30,45.34,45.14,45.43,GRU-45
528110,2026-03-08,2026-03-31,45.36,45.17,45.45,GRU-45
528110,2026-03-08,2026-04-01,45.37,45.2,45.45,GRU-45
528110,2026-03-08,2026-04-02,45.4,45.26,45.47,GRU-45
528110,2026-03-08,2026-04-03,45.41,45.27,45.48,GRU-45
528110,2026-03-08,2026-04-04,45.4,45.21,45.47,GRU-45
528110,2026-03-08,2026-04-05,45.43,45.3,45.48,GRU-45
528110,2026-03-08,2026-04-06,45.43,45.27,45.48,GRU-45
528110,2026-03-08,2026-04-07,45.43,45.26,45.48,GRU-45
528111,2026-03-08,2026-03-09,92.04,91.98,92.11,GRU-45
528111,2026-03-08,2026-03-10,91.88,91.78,92.02,GRU-45
528111,2026-03-08,2026-03-11,91.75,91.6,91.93,GRU-45
528111,2026-03-08,2026-03-12,91.61,91.39,91.86,GRU-45
528111,2026-03-08,2026-03-13,91.44,91.19,91.8,GRU-45
528111,2026-03-08,2026-03-14,91.35,91.02,91.75,GRU-45
528111,2026-03-08,2026-03-15,91.25,90.85,91.71,GRU-45
528111,2026-03-08,2026-03-16,91.21,90.66,91.74,GRU-45
528111,2026-03-08,2026-03-17,91.12,90.49,91.67,GRU-45
528111,2026-03-08,2026-03-18,90.97,90.35,91.66,GRU-45
528111,2026-03-08,2026-03-19,90.99,90.23,91.63,GRU-45
528111,2026-03-08,2026-03-20,90.74,89.96,91.64,GRU-45
528111,2026-03-08,2026-03-21,90.74,89.84,91.53,GRU-45
528111,2026-03-08,2026-03-22,90.69,89.84,91.7,GRU-45
528111,2026-03-08,2026-03-23,90.82,89.65,91.91,GRU-45
528111,2026-03-08,2026-03-24,90.52,89.48,91.7,GRU-45
528111,2026-03-08,2026-03-25,90.2,89.06,91.52,GRU-45
528111,2026-03-08,2026-03-26,90.2,88.79,91.68,GRU-45
528111,2026-03-08,2026-03-27,90.03,88.6,91.39,GRU-45
528111,2026-03-08,2026-03-28,90.17,88.59,91.66,GRU-45
528111,2026-03-08,2026-03-29,90.31,88.95,91.82,GRU-45
528111,2026-03-08,2026-03-30,90.25,88.82,91.85,GRU-45
528111,2026-03-08,2026-03-31,90.25,88.66,91.95,GRU-45
528111,2026-03-08,2026-04-01,89.79,88.37,92.03,GRU-45
528111,2026-03-08,2026-04-02,89.97,88.48,92.07,GRU-45
528111,2026-03-08,2026-04-03,90.38,88.93,92.65,GRU-45
528111,2026-03-08,2026-04-04,90.25,88.38,92.25,GRU-45
528111,2026-03-08,2026-04-05,89.91,88.2,92.47,GRU-45
528111,2026-03-08,2026-04-06,90.03,88.59,92.52,GRU-45
528111,2026-03-08,2026-04-07,90.21,88.57,92.37,GRU-45
528112,2026-03-08,2026-03-09,34.77,34.7,34.84,GRU-45
528112,2026-03-08,2026-03-10,34.94,34.81,35.05,GRU-45
528112,2026-03-08,2026-03-11,35.1,34.92,35.25,GRU-45
528112,2026-03-08,2026-03-12,35.26,35.05,35.43,GRU-45
528112,2026-03-08,2026-03-13,35.39,35.13,35.53,GRU-45
528112,2026-03-08,2026-03-14,35.49,35.24,35.61,GRU-45
528112,2026-03-08,2026-03-15,35.57,35.34,35.67,GRU-45
528112,2026-03-08,2026-03-16,35.63,35.43,35.69,GRU-45
528112,2026-03-08,2026-03-17,35.67,35.51,35.72,GRU-45
528112,2026-03-08,2026-03-18,35.7,35.58,35.73,GRU-45
528112,2026-03-08,2026-03-19,35.72,35.6,35.74,GRU-45
528112,2026-03-08,2026-03-20,35.73,35.63,35.74,GRU-45
528112,2026-03-08,2026-03-21,35.73,35.66,35.74,GRU-45
528112,2026-03-08,2026-03-22,35.74,35.69,35.74,GRU-45
528112,2026-03-08,2026-03-23,35.74,35.69,35.74,GRU-45
528112,2026-03-08,2026-03-24,35.74,35.71,35.74,GRU-45
528112,2026-03-08,2026-03-25,35.74,35.72,35.74,GRU-45
528112,2026-03-08,2026-03-26,35.74,35.73,35.74,GRU-45
528112,2026-03-08,2026-03-27,35.74,35.73,35.74,GRU-45
528112,2026-03-08,2026-03-28,35.74,35.74,35.74,GRU-45
528112,2026-03-08,2026-03-29,35.74,35.74,35.74,GRU-45
528112,2026-03-08,2026-03-30,35.74,35.74,35.74,GRU-45
528112,2026-03-08,2026-03-31,35.74,35.74,35.74,GRU-45
528112,2026-03-08,2026-04-01,35.74,35.74,35.74,GRU-45
528112,2026-03-08,2026-04-02,35.74,35.74,35.74,GRU-45
528112,2026-03-08,2026-04-03,35.74,35.74,35.74,GRU-45
528112,2026-03-08,2026-04-04,35.74,35.74,35.74,GRU-45
528112,2026-03-08,2026-04-05,35.74,35.74,35.74,GRU-45
528112,2026-03-08,2026-04-06,35.74,35.74,35.74,GRU-45
528112,2026-03-08,2026-04-07,35.74,35.74,35.74,GRU-45
528113,2026-03-08,2026-03-09,32.37,32.35,32.39,GRU-45
528113,2026-03-08,2026-03-10,32.33,32.3,32.37,GRU-45
528113,2026-03-08,2026-03-11,32.29,32.24,32.34,GRU-45
528113,2026-03-08,2026-03-12,32.24,32.18,32.32,GRU-45
528113,2026-03-08,2026-03-13,32.21,32.13,32.3,GRU-45
528113,2026-03-08,2026-03-14,32.17,32.06,32.3,GRU-45
528113,2026-03-08,2026-03-15,32.15,32.02,32.29,GRU-45
528113,2026-03-08,2026-03-16,32.11,31.92,32.3,GRU-45
528113,2026-03-08,2026-03-17,32.06,31.88,32.26,GRU-45
528113,2026-03-08,2026-03-18,32.03,31.86,32.26,GRU-45
528113,2026-03-08,2026-03-19,31.99,31.78,32.25,GRU-45
528113,2026-03-08,2026-03-20,32.01,31.8,32.25,GRU-45
528113,2026-03-08,2026-03-21,31.88,31.65,32.19,GRU-45
528113,2026-03-08,2026-03-22,31.85,31.6,32.2,GRU-45
528113,2026-03-08,2026-03-23,31.87,31.59,32.29,GRU-45
528113,2026-03-08,2026-03-24,31.8,31.49,32.14,GRU-45
528113,2026-03-08,2026-03-25,31.81,31.54,32.22,GRU-45
528113,2026-03-08,2026-03-26,31.89,31.6,32.19,GRU-45
528113,2026-03-08,2026-03-27,31.76,31.45,32.18,GRU-45
528113,2026-03-08,2026-03-28,31.84,31.52,32.2,GRU-45
528113,2026-03-08,2026-03-29,31.76,31.46,32.15,GRU-45
528113,2026-03-08,2026-03-30,31.76,31.44,32.22,GRU-45
528113,2026-03-08,2026-03-31,31.72,31.34,32.32,GRU-45
528113,2026-03-08,2026-04-01,31.7,31.32,32.21,GRU-45
528113,2026-03-08,2026-04-02,31.68,31.33,32.21,GRU-45
528113,2026-03-08,2026-04-03,31.85,31.44,32.46,GRU-45
528113,2026-03-08,2026-04-04,31.73,31.29,32.33,GRU-45
528113,2026-03-08,2026-04-05,31.78,31.39,32.39,GRU-45
528113,2026-03-08,2026-04-06,31.88,31.45,32.43,GRU-45
528113,2026-03-08,2026-04-07,31.71,31.38,32.34,GRU-45
539156,2026-03-08,2026-03-09,50.36,50.35,50.38,GRU-45
539156,2026-03-08,2026-03-10,50.28,50.25,50.31,GRU-45
539156,2026-03-08,2026-03-11,50.2,50.15,50.25,GRU-45
539156,2026-03-08,2026-03-12,50.12,50.05,50.19,GRU-45
539156,2026-03-08,2026-03-13,50.05,49.96,50.13,GRU-45
539156,2026-03-08,2026-03-14,49.97,49.86,50.09,GRU-45
539156,2026-03-08,2026-03-15,49.91,49.77,50.05,GRU-45
539156,2026-03-08,2026-03-16,49.83,49.66,50.05,GRU-45
539156,2026-03-08,2026-03-17,49.77,49.58,50.0,GRU-45
539156,2026-03-08,2026-03-18,49.71,49.5,49.93,GRU-45
539156,2026-03-08,2026-03-19,49.65,49.43,49.93,GRU-45
539156,2026-03-08,2026-03-20,49.63,49.38,49.84,GRU-45
539156,2026-03-08,2026-03-21,49.55,49.27,49.83,GRU-45
539156,2026-03-08,2026-03-22,49.46,49.19,49.78,GRU-45
539156,2026-03-08,2026-03-23,49.38,49.02,49.74,GRU-45
539156,2026-03-08,2026-03-24,49.25,48.94,49.76,GRU-45
539156,2026-03-08,2026-03-25,49.26,48.93,49.72,GRU-45
539156,2026-03-08,2026-03-26,49.13,48.75,49.55,GRU-45
539156,2026-03-08,2026-03-27,49.06,48.68,49.47,GRU-45
539156,2026-03-08,2026-03-28,49.06,48.71,49.47,GRU-45
539156,2026-03-08,2026-03-29,49.0,48.66,49.45,GRU-45
539156,2026-03-08,2026-03-30,48.93,48.61,49.46,GRU-45
539156,2026-03-08,2026-03-31,48.89,48.56,49.33,GRU-45
539156,2026-03-08,2026-04-01,48.86,48.55,49.47,GRU-45
539156,2026-03-08,2026-04-02,48.87,48.54,49.48,GRU-45
539156,2026-03-08,2026-04-03,48.87,48.5,49.36,GRU-45
539156,2026-03-08,2026-04-04,48.78,48.51,49.29,GRU-45
539156,2026-03-08,2026-04-05,48.76,48.47,49.28,GRU-45
539156,2026-03-08,2026-04-06,48.8,48.46,49.34,GRU-45
539156,2026-03-08,2026-04-07,48.69,48.44,49.39,GRU-45
539157,2026-03-08,2026-03-09,20.34,20.33,20.35,GRU-45
539157,2026-03-08,2026-03-10,20.35,20.33,20.37,GRU-45
539157,2026-03-08,2026-03-11,20.36,20.33,20.39,GRU-45
539157,2026-03-08,2026-03-12,20.36,20.32,20.4,GRU-45
539157,2026-03-08,2026-03-13,20.38,20.32,20.42,GRU-45
539157,2026-03-08,2026-03-14,20.39,20.31,20.44,GRU-45
539157,2026-03-08,2026-03-15,20.4,20.32,20.47,GRU-45
539157,2026-03-08,2026-03-16,20.4,20.31,20.48,GRU-45
539157,2026-03-08,2026-03-17,20.42,20.32,20.51,GRU-45
539157,2026-03-08,2026-03-18,20.45,20.33,20.54,GRU-45
539157,2026-03-08,2026-03-19,20.46,20.33,20.56,GRU-45
539157,2026-03-08,2026-03-20,20.5,20.38,20.59,GRU-45
539157,2026-03-08,2026-03-21,20.5,20.35,20.6,GRU-45
539157,2026-03-08,2026-03-22,20.53,20.37,20.65,GRU-45
539157,2026-03-08,2026-03-23,20.55,20.38,20.64,GRU-45
539157,2026-03-08,2026-03-24,20.54,20.37,20.67,GRU-45
539157,2026-03-08,2026-03-25,20.61,20.44,20.71,GRU-45
539157,2026-03-08,2026-03-26,20.63,20.44,20.74,GRU-45
539157,2026-03-08,2026-03-27,20.64,20.4,20.76,GRU-45
539157,2026-03-08,2026-03-28,20.71,20.49,20.81,GRU-45
539157,2026-03-08,2026-03-29,20.69,20.46,20.78,GRU-45
539157,2026-03-08,2026-03-30,20.71,20.48,20.82,GRU-45
539157,2026-03-08,2026-03-31,20.72,20.44,20.82,GRU-45
539157,2026-03-08,2026-04-01,20.74,20.53,20.83,GRU-45
539157,2026-03-08,2026-04-02,20.75,20.55,20.84,GRU-45
539157,2026-03-08,2026-04-03,20.78,20.56,20.86,GRU-45
539157,2026-03-08,2026-04-04,20.77,20.51,20.86,GRU-45
539157,2026-03-08,2026-04-05,20.79,20.6,20.86,GRU-45
539157,2026-03-08,2026-04-06,20.8,20.6,20.87,GRU-45
539157,2026-03-08,2026-04-07,20.79,20.59,20.87,GRU-45
539158,2026-03-08,2026-03-09,45.97,45.9,46.05,GRU-45
539158,2026-03-08,2026-03-10,45.94,45.83,46.09,GRU-45
539158,2026-03-08,2026-03-11,45.92,45.77,46.15,GRU-45
539158,2026-03-08,2026-03-12,45.9,45.69,46.19,GRU-45
539158,2026-03-08,2026-03-13,45.91,45.65,46.26,GRU-45
539158,2026-03-08,2026-03-14,45.92,45.57,46.34,GRU-45
539158,2026-03-08,2026-03-15,45.94,45.54,46.4,GRU-45
539158,2026-03-08,2026-03-16,45.97,45.47,46.58,GRU-45
539158,2026-03-08,2026-03-17,45.99,45.46,46.63,GRU-45
539158,2026-03-08,2026-03-18,46.05,45.52,46.76,GRU-45
539158,2026-03-08,2026-03-19,46.14,45.47,46.93,GRU-45
539158,2026-03-08,2026-03-20,46.29,45.64,47.05,GRU-45
539158,2026-03-08,2026-03-21,46.36,45.56,47.28,GRU-45
539158,2026-03-08,2026-03-22,46.51,45.59,47.4,GRU-45
539158,2026-03-08,2026-03-23,46.6,45.73,47.55,GRU-45
539158,2026-03-08,2026-03-24,46.49,45.49,47.63,GRU-45
539158,2026-03-08,2026-03-25,47.01,45.94,47.94,GRU-45
539158,2026-03-08,2026-03-26,47.15,46.13,48.21,GRU-45
539158,2026-03-08,2026-03-27,47.08,45.84,48.32,GRU-45
539158,2026-03-08,2026-03-28,47.94,46.52,48.98,GRU-45
539158,2026-03-08,2026-03-29,47.53,46.21,48.7,GRU-45
539158,2026-03-08,2026-03-30,47.81,46.25,48.9,GRU-45
539158,2026-03-08,2026-03-31,47.63,45.96,48.96,GRU-45
539158,2026-03-08,2026-04-01,47.96,46.21,49.06,GRU-45
539158,2026-03-08,2026-04-02,47.96,46.71,49.23,GRU-45
539158,2026-03-08,2026-04-03,48.16,46.72,49.4,GRU-45
539158,2026-03-08,2026-04-04,48.32,46.81,49.55,GRU-45
539158,2026-03-08,2026-04-05,48.51,47.03,49.63,GRU-45
539158,2026-03-08,2026-04-06,48.57,46.89,49.76,GRU-45
539158,2026-03-08,2026-04-07,48.25,46.94,49.54,GRU-45
539159,2026-03-08,2026-03-09,37.38,37.38,37.39,GRU-45
539159,2026-03-08,2026-03-10,37.37,37.36,37.38,GRU-45
539159,2026-03-08,2026-03-11,37.35,37.34,37.37,GRU-45
539159,2026-03-08,2026-03-12,37.34,37.32,37.35,GRU-45
539159,2026-03-08,2026-03-13,37.32,37.3,37.34,GRU-45
539159,2026-03-08,2026-03-14,37.31,37.27,37.33,GRU-45
539159,2026-03-08,2026-03-15,37.29,37.26,37.32,GRU-45
539159,2026-03-08,2026-03-16,37.27,37.24,37.31,GRU-45
539159,2026-03-08,2026-03-17,37.26,37.21,37.3,GRU-45
539159,2026-03-08,2026-03-18,37.24,37.2,37.28,GRU-45
539159,2026-03-08,2026-03-19,37.22,37.18,37.27,GRU-45
539159,2026-03-08,2026-03-20,37.2,37.17,37.25,GRU-45
539159,2026-03-08,2026-03-21,37.18,37.15,37.22,GRU-45
539159,2026-03-08,2026-03-22,37.16,37.14,37.2,GRU-45
539159,2026-03-08,2026-03-23,37.14,37.13,37.19,GRU-45
539159,2026-03-08,2026-03-24,37.13,37.12,37.16,GRU-45
539159,2026-03-08,2026-03-25,37.13,37.12,37.15,GRU-45
539159,2026-03-08,2026-03-26,37.13,37.12,37.15,GRU-45
539159,2026-03-08,2026-03-27,37.12,37.12,37.14,GRU-45
539159,2026-03-08,2026-03-28,37.12,37.12,37.14,GRU-45
539159,2026-03-08,2026-03-29,37.12,37.12,37.13,GRU-45
539159,2026-03-08,2026-03-30,37.12,37.12,37.13,GRU-45
539159,2026-03-08,2026-03-31,37.12,37.12,37.13,GRU-45
539159,2026-03-08,2026-04-01,37.12,37.12,37.13,GRU-45
539159,2026-03-08,2026-04-02,37.12,37.12,37.13,GRU-45
539159,2026-03-08,2026-04-03,37.12,37.12,37.13,GRU-45
539159,2026-03-08,2026-04-04,37.12,37.12,37.12,GRU-45
539159,2026-03-08,2026-04-05,37.12,37.12,37.12,GRU-45
539159,2026-03-08,2026-04-06,37.12,37.12,37.13,GRU-45
539159,2026-03-08,2026-04-07,37.12,37.12,37.12,GRU-45
539162,2026-03-08,2026-03-09,32.09,32.09,32.1,GRU-45
539162,2026-03-08,2026-03-10,32.08,32.08,32.09,GRU-45
539162,2026-03-08,2026-03-11,32.08,32.06,32.09,GRU-45
539162,2026-03-08,2026-03-12,32.07,32.05,32.09,GRU-45
539162,2026-03-08,2026-03-13,32.06,32.04,32.08,GRU-45
539162,2026-03-08,2026-03-14,32.06,32.03,32.07,GRU-45
539162,2026-03-08,2026-03-15,32.05,32.02,32.07,GRU-45
539162,2026-03-08,2026-03-16,32.04,32.01,32.07,GRU-45
539162,2026-03-08,2026-03-17,32.03,31.99,32.07,GRU-45
539162,2026-03-08,2026-03-18,32.02,31.98,32.06,GRU-45
539162,2026-03-08,2026-03-19,32.02,31.97,32.06,GRU-45
539162,2026-03-08,2026-03-20,32.01,31.95,32.06,GRU-45
539162,2026-03-08,2026-03-21,32.0,31.93,32.05,GRU-45
539162,2026-03-08,2026-03-22,31.99,31.9,32.05,GRU-45
539162,2026-03-08,2026-03-23,31.97,31.89,32.05,GRU-45
539162,2026-03-08,2026-03-24,31.95,31.87,32.02,GRU-45
539162,2026-03-08,2026-03-25,31.93,31.84,32.01,GRU-45
539162,2026-03-08,2026-03-26,31.91,31.84,32.0,GRU-45
539162,2026-03-08,2026-03-27,31.89,31.82,31.97,GRU-45
539162,2026-03-08,2026-03-28,31.91,31.83,31.99,GRU-45
539162,2026-03-08,2026-03-29,31.89,31.82,31.98,GRU-45
539162,2026-03-08,2026-03-30,31.87,31.81,31.95,GRU-45
539162,2026-03-08,2026-03-31,31.87,31.81,31.95,GRU-45
539162,2026-03-08,2026-04-01,31.85,31.8,31.94,GRU-45
539162,2026-03-08,2026-04-02,31.85,31.81,31.95,GRU-45
539162,2026-03-08,2026-04-03,31.85,31.81,31.96,GRU-45
539162,2026-03-08,2026-04-04,31.86,31.8,31.93,GRU-45
539162,2026-03-08,2026-04-05,31.84,31.8,31.91,GRU-45
539162,2026-03-08,2026-04-06,31.84,31.8,31.93,GRU-45
539162,2026-03-08,2026-04-07,31.83,31.8,31.91,GRU-45
539163,2026-03-08,2026-03-09,64.69,64.68,64.7,GRU-45
539163,2026-03-08,2026-03-10,64.63,64.61,64.65,GRU-45
539163,2026-03-08,2026-03-11,64.58,64.54,64.61,GRU-45
539163,2026-03-08,2026-03-12,64.53,64.48,64.57,GRU-45
539163,2026-03-08,2026-03-13,64.48,64.42,64.53,GRU-45
539163,2026-03-08,2026-03-14,64.44,64.35,64.51,GRU-45
539163,2026-03-08,2026-03-15,64.4,64.31,64.48,GRU-45
539163,2026-03-08,2026-03-16,64.36,64.23,64.49,GRU-45
539163,2026-03-08,2026-03-17,64.32,64.19,64.46,GRU-45
539163,2026-03-08,2026-03-18,64.28,64.14,64.42,GRU-45
539163,2026-03-08,2026-03-19,64.26,64.12,64.43,GRU-45
539163,2026-03-08,2026-03-20,64.25,64.09,64.41,GRU-45
539163,2026-03-08,2026-03-21,64.24,64.04,64.43,GRU-45
539163,2026-03-08,2026-03-22,64.21,64.02,64.43,GRU-45
539163,2026-03-08,2026-03-23,64.22,63.98,64.46,GRU-45
539163,2026-03-08,2026-03-24,64.2,63.96,64.51,GRU-45
539163,2026-03-08,2026-03-25,64.22,63.99,64.46,GRU-45
539163,2026-03-08,2026-03-26,64.18,63.98,64.39,GRU-45
539163,2026-03-08,2026-03-27,64.05,63.8,64.36,GRU-45
539163,2026-03-08,2026-03-28,64.17,64.0,64.34,GRU-45
539163,2026-03-08,2026-03-29,64.12,63.85,64.36,GRU-45
539163,2026-03-08,2026-03-30,64.13,63.87,64.41,GRU-45
539163,2026-03-08,2026-03-31,64.04,63.78,64.38,GRU-45
539163,2026-03-08,2026-04-01,64.06,63.84,64.39,GRU-45
539163,2026-03-08,2026-04-02,64.13,63.88,64.43,GRU-45
539163,2026-03-08,2026-04-03,64.11,63.89,64.42,GRU-45
539163,2026-03-08,2026-04-04,64.07,63.82,64.42,GRU-45
539163,2026-03-08,2026-04-05,64.07,63.84,64.32,GRU-45
539163,2026-03-08,2026-04-06,64.04,63.84,64.44,GRU-45
539163,2026-03-08,2026-04-07,64.07,63.85,64.4,GRU-45
539164,2026-03-08,2026-03-09,62.66,62.61,62.69,GRU-45
539164,2026-03-08,2026-03-10,62.49,62.42,62.55,GRU-45
539164,2026-03-08,2026-03-11,62.34,62.23,62.43,GRU-45
539164,2026-03-08,2026-03-12,62.19,62.03,62.3,GRU-45
539164,2026-03-08,2026-03-13,62.05,61.86,62.17,GRU-45
539164,2026-03-08,2026-03-14,61.94,61.68,62.13,GRU-45
539164,2026-03-08,2026-03-15,61.84,61.51,62.01,GRU-45
539164,2026-03-08,2026-03-16,61.77,61.33,62.08,GRU-45
539164,2026-03-08,2026-03-17,61.66,61.21,61.95,GRU-45
539164,2026-03-08,2026-03-18,61.53,61.03,61.82,GRU-45
539164,2026-03-08,2026-03-19,61.51,60.98,61.85,GRU-45
539164,2026-03-08,2026-03-20,61.42,60.9,61.87,GRU-45
539164,2026-03-08,2026-03-21,61.42,60.76,61.86,GRU-45
539164,2026-03-08,2026-03-22,61.43,60.66,61.9,GRU-45
539164,2026-03-08,2026-03-23,61.5,60.72,62.11,GRU-45
539164,2026-03-08,2026-03-24,61.33,60.49,61.92,GRU-45
539164,2026-03-08,2026-03-25,61.33,60.57,62.06,GRU-45
539164,2026-03-08,2026-03-26,61.17,60.57,61.78,GRU-45
539164,2026-03-08,2026-03-27,60.99,60.02,61.87,GRU-45
539164,2026-03-08,2026-03-28,61.16,60.54,61.73,GRU-45
539164,2026-03-08,2026-03-29,61.06,60.25,61.82,GRU-45
539164,2026-03-08,2026-03-30,61.1,60.32,61.59,GRU-45
539164,2026-03-08,2026-03-31,60.98,60.0,61.65,GRU-45
539164,2026-03-08,2026-04-01,60.88,60.01,61.94,GRU-45
539164,2026-03-08,2026-04-02,60.85,60.23,61.59,GRU-45
539164,2026-03-08,2026-04-03,61.01,60.25,62.02,GRU-45
539164,2026-03-08,2026-04-04,60.77,60.12,61.77,GRU-45
539164,2026-03-08,2026-04-05,60.75,59.98,61.67,GRU-45
539164,2026-03-08,2026-04-06,60.69,59.98,61.51,GRU-45
539164,2026-03-08,2026-04-07,60.92,60.21,61.47,GRU-45
539165,2026-03-08,2026-03-09,15.17,15.15,15.18,GRU-45
539165,2026-03-08,2026-03-10,15.17,15.14,15.19,GRU-45
539165,2026-03-08,2026-03-11,15.17,15.13,15.21,GRU-45
539165,2026-03-08,2026-03-12,15.18,15.12,15.24,GRU-45
539165,2026-03-08,2026-03-13,15.19,15.12,15.25,GRU-45
539165,2026-03-08,2026-03-14,15.2,15.11,15.28,GRU-45
539165,2026-03-08,2026-03-15,15.22,15.12,15.31,GRU-45
539165,2026-03-08,2026-03-16,15.24,15.1,15.33,GRU-45
539165,2026-03-08,2026-03-17,15.25,15.12,15.36,GRU-45
539165,2026-03-08,2026-03-18,15.29,15.14,15.41,GRU-45
539165,2026-03-08,2026-03-19,15.31,15.14,15.45,GRU-45
539165,2026-03-08,2026-03-20,15.36,15.21,15.47,GRU-45
539165,2026-03-08,2026-03-21,15.38,15.21,15.52,GRU-45
539165,2026-03-08,2026-03-22,15.41,15.23,15.56,GRU-45
539165,2026-03-08,2026-03-23,15.43,15.23,15.6,GRU-45
539165,2026-03-08,2026-03-24,15.45,15.2,15.64,GRU-45
539165,2026-03-08,2026-03-25,15.54,15.36,15.69,GRU-45
539165,2026-03-08,2026-03-26,15.57,15.35,15.76,GRU-45
539165,2026-03-08,2026-03-27,15.57,15.31,15.77,GRU-45
539165,2026-03-08,2026-03-28,15.71,15.5,15.89,GRU-45
539165,2026-03-08,2026-03-29,15.65,15.4,15.85,GRU-45
539165,2026-03-08,2026-03-30,15.72,15.47,15.9,GRU-45
539165,2026-03-08,2026-03-31,15.71,15.45,15.9,GRU-45
539165,2026-03-08,2026-04-01,15.78,15.53,15.94,GRU-45
539165,2026-03-08,2026-04-02,15.8,15.55,15.96,GRU-45
539165,2026-03-08,2026-04-03,15.8,15.54,15.98,GRU-45
539165,2026-03-08,2026-04-04,15.83,15.58,16.0,GRU-45
539165,2026-03-08,2026-04-05,15.86,15.63,16.02,GRU-45
539165,2026-03-08,2026-04-06,15.89,15.63,16.03,GRU-45
539165,2026-03-08,2026-04-07,15.89,15.64,16.03,GRU-45
539166,2026-03-08,2026-03-09,24.82,24.81,24.84,GRU-45
539166,2026-03-08,2026-03-10,24.78,24.76,24.8,GRU-45
539166,2026-03-08,2026-03-11,24.74,24.7,24.77,GRU-45
539166,2026-03-08,2026-03-12,24.7,24.65,24.74,GRU-45
539166,2026-03-08,2026-03-13,24.66,24.61,24.71,GRU-45
539166,2026-03-08,2026-03-14,24.62,24.54,24.69,GRU-45
539166,2026-03-08,2026-03-15,24.58,24.5,24.66,GRU-45
539166,2026-03-08,2026-03-16,24.55,24.41,24.68,GRU-45
539166,2026-03-08,2026-03-17,24.52,24.39,24.65,GRU-45
539166,2026-03-08,2026-03-18,24.48,24.36,24.62,GRU-45
539166,2026-03-08,2026-03-19,24.46,24.3,24.62,GRU-45
539166,2026-03-08,2026-03-20,24.45,24.33,24.6,GRU-45
539166,2026-03-08,2026-03-21,24.41,24.24,24.62,GRU-45
539166,2026-03-08,2026-03-22,24.41,24.19,24.6,GRU-45
539166,2026-03-08,2026-03-23,24.4,24.18,24.67,GRU-45
539166,2026-03-08,2026-03-24,24.34,24.11,24.65,GRU-45
539166,2026-03-08,2026-03-25,24.36,24.2,24.61,GRU-45
539166,2026-03-08,2026-03-26,24.43,24.19,24.6,GRU-45
539166,2026-03-08,2026-03-27,24.29,24.07,24.58,GRU-45
539166,2026-03-08,2026-03-28,24.37,24.23,24.58,GRU-45
539166,2026-03-08,2026-03-29,24.31,24.09,24.6,GRU-45
539166,2026-03-08,2026-03-30,24.28,24.06,24.57,GRU-45
539166,2026-03-08,2026-03-31,24.21,24.0,24.56,GRU-45
539166,2026-03-08,2026-04-01,24.22,24.03,24.59,GRU-45
539166,2026-03-08,2026-04-02,24.22,24.07,24.55,GRU-45
539166,2026-03-08,2026-04-03,24.25,24.06,24.6,GRU-45
539166,2026-03-08,2026-04-04,24.28,24.02,24.56,GRU-45
539166,2026-03-08,2026-04-05,24.23,24.08,24.53,GRU-45
539166,2026-03-08,2026-04-06,24.24,24.03,24.49,GRU-45
539166,2026-03-08,2026-04-07,24.25,24.08,24.54,GRU-45
539167,2026-03-08,2026-03-09,17.22,17.17,17.27,GRU-45
539167,2026-03-08,2026-03-10,17.31,17.23,17.38,GRU-45
539167,2026-03-08,2026-03-11,17.41,17.3,17.52,GRU-45
539167,2026-03-08,2026-03-12,17.52,17.36,17.65,GRU-45
539167,2026-03-08,2026-03-13,17.61,17.42,17.76,GRU-45
539167,2026-03-08,2026-03-14,17.72,17.5,17.86,GRU-45
539167,2026-03-08,2026-03-15,17.82,17.58,17.94,GRU-45
539167,2026-03-08,2026-03-16,17.9,17.68,18.01,GRU-45
539167,2026-03-08,2026-03-17,17.95,17.71,18.04,GRU-45
539167,2026-03-08,2026-03-18,18.01,17.8,18.08,GRU-45
539167,2026-03-08,2026-03-19,18.05,17.84,18.1,GRU-45
539167,2026-03-08,2026-03-20,18.07,17.92,18.11,GRU-45
539167,2026-03-08,2026-03-21,18.09,17.99,18.12,GRU-45
539167,2026-03-08,2026-03-22,18.1,18.0,18.12,GRU-45
539167,2026-03-08,2026-03-23,18.11,18.05,18.12,GRU-45
539167,2026-03-08,2026-03-24,18.12,18.05,18.12,GRU-45
539167,2026-03-08,2026-03-25,18.12,18.08,18.13,GRU-45
539167,2026-03-08,2026-03-26,18.12,18.1,18.13,GRU-45
539167,2026-03-08,2026-03-27,18.12,18.1,18.13,GRU-45
539167,2026-03-08,2026-03-28,18.13,18.1,18.13,GRU-45
539167,2026-03-08,2026-03-29,18.13,18.12,18.13,GRU-45
539167,2026-03-08,2026-03-30,18.13,18.11,18.13,GRU-45
539167,2026-03-08,2026-03-31,18.13,18.12,18.13,GRU-45
539167,2026-03-08,2026-04-01,18.13,18.12,18.13,GRU-45
539167,2026-03-08,2026-04-02,18.13,18.12,18.13,GRU-45
539167,2026-03-08,2026-04-03,18.13,18.12,18.13,GRU-45
539167,2026-03-08,2026-04-04,18.13,18.12,18.13,GRU-45
539167,2026-03-08,2026-04-05,18.13,18.13,18.13,GRU-45
539167,2026-03-08,2026-04-06,18.13,18.13,18.13,GRU-45
539167,2026-03-08,2026-04-07,18.13,18.13,18.13,GRU-45
539168,2026-03-08,2026-03-09,45.58,45.57,45.59,GRU-45
539168,2026-03-08,2026-03-10,45.55,45.54,45.56,GRU-45
539168,2026-03-08,2026-03-11,45.53,45.51,45.54,GRU-45
539168,2026-03-08,2026-03-12,45.5,45.48,45.52,GRU-45
539168,2026-03-08,2026-03-13,45.48,45.45,45.5,GRU-45
539168,2026-03-08,2026-03-14,45.46,45.42,45.49,GRU-45
539168,2026-03-08,2026-03-15,45.44,45.39,45.48,GRU-45
539168,2026-03-08,2026-03-16,45.44,45.36,45.49,GRU-45
539168,2026-03-08,2026-03-17,45.42,45.34,45.48,GRU-45
539168,2026-03-08,2026-03-18,45.39,45.32,45.46,GRU-45
539168,2026-03-08,2026-03-19,45.39,45.3,45.47,GRU-45
539168,2026-03-08,2026-03-20,45.38,45.29,45.45,GRU-45
539168,2026-03-08,2026-03-21,45.39,45.27,45.48,GRU-45
539168,2026-03-08,2026-03-22,45.38,45.26,45.47,GRU-45
539168,2026-03-08,2026-03-23,45.39,45.26,45.5,GRU-45
539168,2026-03-08,2026-03-24,45.38,45.23,45.49,GRU-45
539168,2026-03-08,2026-03-25,45.38,45.25,45.49,GRU-45
539168,2026-03-08,2026-03-26,45.34,45.23,45.44,GRU-45
539168,2026-03-08,2026-03-27,45.33,45.15,45.47,GRU-45
539168,2026-03-08,2026-03-28,45.33,45.23,45.43,GRU-45
539168,2026-03-08,2026-03-29,45.35,45.17,45.45,GRU-45
539168,2026-03-08,2026-03-30,45.33,45.19,45.45,GRU-45
539168,2026-03-08,2026-03-31,45.31,45.15,45.46,GRU-45
539168,2026-03-08,2026-04-01,45.32,45.15,45.46,GRU-45
539168,2026-03-08,2026-04-02,45.29,45.19,45.44,GRU-45
539168,2026-03-08,2026-04-03,45.32,45.18,45.46,GRU-45
539168,2026-03-08,2026-04-04,45.29,45.13,45.44,GRU-45
539168,2026-03-08,2026-04-05,45.29,45.15,45.4,GRU-45
539168,2026-03-08,2026-04-06,45.25,45.12,45.39,GRU-45
539168,2026-03-08,2026-04-07,45.3,45.17,45.45,GRU-45
539169,2026-03-08,2026-03-09,14.43,14.37,14.5,GRU-45
539169,2026-03-08,2026-03-10,14.57,14.44,14.68,GRU-45
539169,2026-03-08,2026-03-11,14.69,14.53,14.83,GRU-45
539169,2026-03-08,2026-03-12,14.81,14.62,14.96,GRU-45
539169,2026-03-08,2026-03-13,14.89,14.7,15.02,GRU-45
539169,2026-03-08,2026-03-14,14.97,14.8,15.07,GRU-45
539169,2026-03-08,2026-03-15,15.05,14.89,15.13,GRU-45
539169,2026-03-08,2026-03-16,15.08,14.97,15.14,GRU-45
539169,2026-03-08,2026-03-17,15.12,15.02,15.16,GRU-45
539169,2026-03-08,2026-03-18,15.14,15.06,15.17,GRU-45
539169,2026-03-08,2026-03-19,15.15,15.09,15.17,GRU-45
539169,2026-03-08,2026-03-20,15.16,15.12,15.17,GRU-45
539169,2026-03-08,2026-03-21,15.17,15.15,15.18,GRU-45
539169,2026-03-08,2026-03-22,15.17,15.16,15.18,GRU-45
539169,2026-03-08,2026-03-23,15.17,15.16,15.18,GRU-45
539169,2026-03-08,2026-03-24,15.17,15.17,15.18,GRU-45
539169,2026-03-08,2026-03-25,15.18,15.17,15.18,GRU-45
539169,2026-03-08,2026-03-26,15.18,15.17,15.18,GRU-45
539169,2026-03-08,2026-03-27,15.18,15.17,15.18,GRU-45
539169,2026-03-08,2026-03-28,15.18,15.18,15.18,GRU-45
539169,2026-03-08,2026-03-29,15.18,15.18,15.18,GRU-45
539169,2026-03-08,2026-03-30,15.18,15.18,15.18,GRU-45
539169,2026-03-08,2026-03-31,15.18,15.18,15.18,GRU-45
539169,2026-03-08,2026-04-01,15.18,15.18,15.18,GRU-45
539169,2026-03-08,2026-04-02,15.18,15.18,15.18,GRU-45
539169,2026-03-08,2026-04-03,15.18,15.18,15.18,GRU-45
539169,2026-03-08,2026-04-04,15.18,15.18,15.18,GRU-45
539169,2026-03-08,2026-04-05,15.18,15.18,15.18,GRU-45
539169,2026-03-08,2026-04-06,15.18,15.18,15.18,GRU-45
539169,2026-03-08,2026-04-07,15.18,15.18,15.18,GRU-45
539171,2026-03-08,2026-03-09,60.85,60.75,60.95,GRU-45
539171,2026-03-08,2026-03-10,60.52,60.34,60.69,GRU-45
539171,2026-03-08,2026-03-11,60.21,59.9,60.48,GRU-45
539171,2026-03-08,2026-03-12,59.87,59.47,60.21,GRU-45
539171,2026-03-08,2026-03-13,59.6,59.13,60.0,GRU-45
539171,2026-03-08,2026-03-14,59.24,58.56,59.84,GRU-45
539171,2026-03-08,2026-03-15,58.96,58.26,59.6,GRU-45
539171,2026-03-08,2026-03-16,58.6,57.57,59.68,GRU-45
539171,2026-03-08,2026-03-17,58.39,57.3,59.38,GRU-45
539171,2026-03-08,2026-03-18,58.14,57.03,59.19,GRU-45
539171,2026-03-08,2026-03-19,57.9,56.66,59.05,GRU-45
539171,2026-03-08,2026-03-20,57.72,56.73,59.02,GRU-45
539171,2026-03-08,2026-03-21,57.43,56.08,58.88,GRU-45
539171,2026-03-08,2026-03-22,57.31,55.72,58.64,GRU-45
539171,2026-03-08,2026-03-23,57.14,55.5,59.42,GRU-45
539171,2026-03-08,2026-03-24,56.92,55.28,58.51,GRU-45
539171,2026-03-08,2026-03-25,57.07,55.5,59.05,GRU-45
539171,2026-03-08,2026-03-26,57.17,55.83,58.95,GRU-45
539171,2026-03-08,2026-03-27,56.27,54.76,58.51,GRU-45
539171,2026-03-08,2026-03-28,56.71,55.43,58.79,GRU-45
539171,2026-03-08,2026-03-29,56.33,54.81,58.25,GRU-45
539171,2026-03-08,2026-03-30,56.25,54.91,58.32,GRU-45
539171,2026-03-08,2026-03-31,55.75,54.2,57.82,GRU-45
539171,2026-03-08,2026-04-01,55.71,54.11,58.17,GRU-45
539171,2026-03-08,2026-04-02,55.9,54.57,58.05,GRU-45
539171,2026-03-08,2026-04-03,56.47,54.73,58.51,GRU-45
539171,2026-03-08,2026-04-04,55.82,54.19,58.07,GRU-45
539171,2026-03-08,2026-04-05,55.77,54.35,58.32,GRU-45
539171,2026-03-08,2026-04-06,55.81,54.29,58.01,GRU-45
539171,2026-03-08,2026-04-07,55.97,54.54,57.42,GRU-45
539173,2026-03-08,2026-03-09,55.93,55.78,56.08,GRU-45
539173,2026-03-08,2026-03-10,56.11,55.83,56.43,GRU-45
539173,2026-03-08,2026-03-11,56.37,55.91,56.78,GRU-45
539173,2026-03-08,2026-03-12,56.58,56.02,57.21,GRU-45
539173,2026-03-08,2026-03-13,56.91,56.14,57.57,GRU-45
539173,2026-03-08,2026-03-14,57.33,56.23,58.09,GRU-45
539173,2026-03-08,2026-03-15,57.57,56.45,58.54,GRU-45
539173,2026-03-08,2026-03-16,58.15,56.66,59.12,GRU-45
539173,2026-03-08,2026-03-17,58.24,56.79,59.26,GRU-45
539173,2026-03-08,2026-03-18,58.89,57.23,59.95,GRU-45
539173,2026-03-08,2026-03-19,59.29,57.46,60.22,GRU-45
539173,2026-03-08,2026-03-20,59.54,57.69,60.61,GRU-45
539173,2026-03-08,2026-03-21,60.07,58.37,61.07,GRU-45
539173,2026-03-08,2026-03-22,60.43,58.59,61.22,GRU-45
539173,2026-03-08,2026-03-23,60.9,59.16,61.6,GRU-45
539173,2026-03-08,2026-03-24,60.65,59.03,61.6,GRU-45
539173,2026-03-08,2026-03-25,60.95,59.8,61.74,GRU-45
539173,2026-03-08,2026-03-26,61.47,59.87,61.92,GRU-45
539173,2026-03-08,2026-03-27,61.53,60.18,61.95,GRU-45
539173,2026-03-08,2026-03-28,61.66,60.74,62.01,GRU-45
539173,2026-03-08,2026-03-29,61.75,60.63,62.03,GRU-45
539173,2026-03-08,2026-03-30,61.75,60.56,62.02,GRU-45
539173,2026-03-08,2026-03-31,61.82,60.59,62.03,GRU-45
539173,2026-03-08,2026-04-01,61.83,61.12,62.06,GRU-45
539173,2026-03-08,2026-04-02,61.94,61.16,62.08,GRU-45
539173,2026-03-08,2026-04-03,62.0,61.25,62.09,GRU-45
539173,2026-03-08,2026-04-04,61.99,61.25,62.09,GRU-45
539173,2026-03-08,2026-04-05,62.03,61.52,62.1,GRU-45
539173,2026-03-08,2026-04-06,62.03,61.58,62.1,GRU-45
539173,2026-03-08,2026-04-07,62.03,61.55,62.1,GRU-45
539273,2026-03-08,2026-03-09,32.18,32.05,32.27,GRU-45
539273,2026-03-08,2026-03-10,32.34,32.12,32.53,GRU-45
539273,2026-03-08,2026-03-11,32.54,32.24,32.79,GRU-45
539273,2026-03-08,2026-03-12,32.75,32.33,33.13,GRU-45
539273,2026-03-08,2026-03-13,32.94,32.4,33.38,GRU-45
539273,2026-03-08,2026-03-14,33.19,32.64,33.68,GRU-45
539273,2026-03-08,2026-03-15,33.4,32.69,33.94,GRU-45
539273,2026-03-08,2026-03-16,33.69,32.99,34.24,GRU-45
539273,2026-03-08,2026-03-17,33.81,33.07,34.52,GRU-45
539273,2026-03-08,2026-03-18,34.2,33.28,34.81,GRU-45
539273,2026-03-08,2026-03-19,34.41,33.59,35.0,GRU-45
539273,2026-03-08,2026-03-20,34.59,33.68,35.15,GRU-45
539273,2026-03-08,2026-03-21,34.87,34.05,35.34,GRU-45
539273,2026-03-08,2026-03-22,35.01,34.22,35.44,GRU-45
539273,2026-03-08,2026-03-23,35.21,34.54,35.56,GRU-45
539273,2026-03-08,2026-03-24,35.31,34.56,35.6,GRU-45
539273,2026-03-08,2026-03-25,35.36,34.77,35.66,GRU-45
539273,2026-03-08,2026-03-26,35.55,34.93,35.73,GRU-45
539273,2026-03-08,2026-03-27,35.54,34.98,35.74,GRU-45
539273,2026-03-08,2026-03-28,35.64,35.09,35.78,GRU-45
539273,2026-03-08,2026-03-29,35.67,35.29,35.79,GRU-45
539273,2026-03-08,2026-03-30,35.69,35.33,35.8,GRU-45
539273,2026-03-08,2026-03-31,35.72,35.34,35.8,GRU-45
539273,2026-03-08,2026-04-01,35.74,35.44,35.81,GRU-45
539273,2026-03-08,2026-04-02,35.76,35.48,35.81,GRU-45
539273,2026-03-08,2026-04-03,35.78,35.57,35.82,GRU-45
539273,2026-03-08,2026-04-04,35.78,35.57,35.82,GRU-45
539273,2026-03-08,2026-04-05,35.8,35.63,35.82,GRU-45
539273,2026-03-08,2026-04-06,35.8,35.68,35.82,GRU-45
539273,2026-03-08,2026-04-07,35.8,35.66,35.82,GRU-45
539274,2026-03-08,2026-03-09,31.46,31.44,31.49,GRU-45
539274,2026-03-08,2026-03-10,31.5,31.45,31.55,GRU-45
539274,2026-03-08,2026-03-11,31.54,31.48,31.62,GRU-45
539274,2026-03-08,2026-03-12,31.59,31.5,31.69,GRU-45
539274,2026-03-08,2026-03-13,31.64,31.54,31.75,GRU-45
539274,2026-03-08,2026-03-14,31.71,31.58,31.84,GRU-45
539274,2026-03-08,2026-03-15,31.77,31.62,31.9,GRU-45
539274,2026-03-08,2026-03-16,31.85,31.67,32.01,GRU-45
539274,2026-03-08,2026-03-17,31.89,31.71,32.04,GRU-45
539274,2026-03-08,2026-03-18,31.97,31.76,32.11,GRU-45
539274,2026-03-08,2026-03-19,32.02,31.82,32.16,GRU-45
539274,2026-03-08,2026-03-20,32.07,31.87,32.18,GRU-45
539274,2026-03-08,2026-03-21,32.13,31.93,32.23,GRU-45
539274,2026-03-08,2026-03-22,32.16,31.98,32.24,GRU-45
539274,2026-03-08,2026-03-23,32.2,32.01,32.27,GRU-45
539274,2026-03-08,2026-03-24,32.2,32.01,32.27,GRU-45
539274,2026-03-08,2026-03-25,32.22,32.08,32.27,GRU-45
539274,2026-03-08,2026-03-26,32.25,32.13,32.28,GRU-45
539274,2026-03-08,2026-03-27,32.26,32.13,32.28,GRU-45
539274,2026-03-08,2026-03-28,32.27,32.15,32.29,GRU-45
539274,2026-03-08,2026-03-29,32.27,32.2,32.29,GRU-45
539274,2026-03-08,2026-03-30,32.27,32.19,32.29,GRU-45
539274,2026-03-08,2026-03-31,32.28,32.2,32.29,GRU-45
539274,2026-03-08,2026-04-01,32.28,32.22,32.29,GRU-45
539274,2026-03-08,2026-04-02,32.28,32.23,32.29,GRU-45
539274,2026-03-08,2026-04-03,32.29,32.25,32.29,GRU-45
539274,2026-03-08,2026-04-04,32.29,32.24,32.29,GRU-45
539274,2026-03-08,2026-04-05,32.29,32.25,32.29,GRU-45
539274,2026-03-08,2026-04-06,32.29,32.26,32.29,GRU-45
539274,2026-03-08,2026-04-07,32.29,32.26,32.29,GRU-45
539275,2026-03-08,2026-03-09,21.52,21.5,21.53,GRU-45
539275,2026-03-08,2026-03-10,21.52,21.49,21.55,GRU-45
539275,2026-03-08,2026-03-11,21.52,21.48,21.57,GRU-45
539275,2026-03-08,2026-03-12,21.53,21.47,21.59,GRU-45
539275,2026-03-08,2026-03-13,21.53,21.47,21.61,GRU-45
539275,2026-03-08,2026-03-14,21.55,21.46,21.64,GRU-45
539275,2026-03-08,2026-03-15,21.56,21.46,21.66,GRU-45
539275,2026-03-08,2026-03-16,21.56,21.43,21.68,GRU-45
539275,2026-03-08,2026-03-17,21.6,21.45,21.73,GRU-45
539275,2026-03-08,2026-03-18,21.62,21.47,21.77,GRU-45
539275,2026-03-08,2026-03-19,21.64,21.47,21.8,GRU-45
539275,2026-03-08,2026-03-20,21.66,21.49,21.84,GRU-45
539275,2026-03-08,2026-03-21,21.69,21.48,21.86,GRU-45
539275,2026-03-08,2026-03-22,21.7,21.49,21.9,GRU-45
539275,2026-03-08,2026-03-23,21.73,21.48,21.93,GRU-45
539275,2026-03-08,2026-03-24,21.74,21.48,21.97,GRU-45
539275,2026-03-08,2026-03-25,21.85,21.57,22.05,GRU-45
539275,2026-03-08,2026-03-26,21.87,21.63,22.11,GRU-45
539275,2026-03-08,2026-03-27,21.86,21.52,22.15,GRU-45
539275,2026-03-08,2026-03-28,22.05,21.74,22.27,GRU-45
539275,2026-03-08,2026-03-29,21.98,21.63,22.23,GRU-45
539275,2026-03-08,2026-03-30,22.04,21.64,22.32,GRU-45
539275,2026-03-08,2026-03-31,22.01,21.59,22.28,GRU-45
539275,2026-03-08,2026-04-01,22.1,21.74,22.33,GRU-45
539275,2026-03-08,2026-04-02,22.16,21.73,22.36,GRU-45
539275,2026-03-08,2026-04-03,22.18,21.78,22.41,GRU-45
539275,2026-03-08,2026-04-04,22.22,21.88,22.44,GRU-45
539275,2026-03-08,2026-04-05,22.24,21.87,22.42,GRU-45
539275,2026-03-08,2026-04-06,22.24,21.82,22.47,GRU-45
539275,2026-03-08,2026-04-07,22.22,21.88,22.45,GRU-45
539276,2026-03-08,2026-03-09,53.04,53.02,53.05,GRU-45
539276,2026-03-08,2026-03-10,52.99,52.97,53.01,GRU-45
539276,2026-03-08,2026-03-11,52.96,52.91,53.0,GRU-45
539276,2026-03-08,2026-03-12,52.92,52.86,52.97,GRU-45
539276,2026-03-08,2026-03-13,52.88,52.81,52.96,GRU-45
539276,2026-03-08,2026-03-14,52.85,52.75,52.93,GRU-45
539276,2026-03-08,2026-03-15,52.81,52.7,52.89,GRU-45
539276,2026-03-08,2026-03-16,52.81,52.65,52.94,GRU-45
539276,2026-03-08,2026-03-17,52.77,52.6,52.93,GRU-45
539276,2026-03-08,2026-03-18,52.75,52.57,52.9,GRU-45
539276,2026-03-08,2026-03-19,52.74,52.51,52.92,GRU-45
539276,2026-03-08,2026-03-20,52.69,52.48,52.91,GRU-45
539276,2026-03-08,2026-03-21,52.69,52.42,52.88,GRU-45
539276,2026-03-08,2026-03-22,52.63,52.32,52.87,GRU-45
539276,2026-03-08,2026-03-23,52.64,52.32,52.99,GRU-45
539276,2026-03-08,2026-03-24,52.52,52.18,52.82,GRU-45
539276,2026-03-08,2026-03-25,52.53,52.14,52.89,GRU-45
539276,2026-03-08,2026-03-26,52.45,52.09,52.78,GRU-45
539276,2026-03-08,2026-03-27,52.43,52.03,52.73,GRU-45
539276,2026-03-08,2026-03-28,52.31,51.92,52.79,GRU-45
539276,2026-03-08,2026-03-29,52.37,51.94,52.8,GRU-45
539276,2026-03-08,2026-03-30,52.27,51.91,52.61,GRU-45
539276,2026-03-08,2026-03-31,52.26,51.87,52.59,GRU-45
539276,2026-03-08,2026-04-01,52.18,51.86,52.58,GRU-45
539276,2026-03-08,2026-04-02,52.19,51.82,52.59,GRU-45
539276,2026-03-08,2026-04-03,52.3,51.88,52.75,GRU-45
539276,2026-03-08,2026-04-04,52.24,51.81,52.69,GRU-45
539276,2026-03-08,2026-04-05,52.08,51.76,52.56,GRU-45
539276,2026-03-08,2026-04-06,52.16,51.81,52.65,GRU-45
539276,2026-03-08,2026-04-07,52.12,51.77,52.48,GRU-45
550535,2026-03-08,2026-03-09,57.96,57.96,57.98,GRU-45
550535,2026-03-08,2026-03-10,57.94,57.92,57.97,GRU-45
550535,2026-03-08,2026-03-11,57.91,57.88,57.95,GRU-45
550535,2026-03-08,2026-03-12,57.88,57.84,57.93,GRU-45
550535,2026-03-08,2026-03-13,57.86,57.82,57.92,GRU-45
550535,2026-03-08,2026-03-14,57.85,57.79,57.92,GRU-45
550535,2026-03-08,2026-03-15,57.83,57.77,57.91,GRU-45
550535,2026-03-08,2026-03-16,57.84,57.75,57.92,GRU-45
550535,2026-03-08,2026-03-17,57.84,57.75,57.94,GRU-45
550535,2026-03-08,2026-03-18,57.83,57.73,57.94,GRU-45
550535,2026-03-08,2026-03-19,57.85,57.73,57.96,GRU-45
550535,2026-03-08,2026-03-20,57.86,57.76,57.97,GRU-45
550535,2026-03-08,2026-03-21,57.88,57.75,58.02,GRU-45
550535,2026-03-08,2026-03-22,57.89,57.74,58.04,GRU-45
550535,2026-03-08,2026-03-23,57.9,57.72,58.05,GRU-45
550535,2026-03-08,2026-03-24,57.9,57.71,58.06,GRU-45
550535,2026-03-08,2026-03-25,57.98,57.81,58.1,GRU-45
550535,2026-03-08,2026-03-26,57.88,57.72,58.07,GRU-45
550535,2026-03-08,2026-03-27,57.93,57.69,58.16,GRU-45
550535,2026-03-08,2026-03-28,57.94,57.83,58.13,GRU-45
550535,2026-03-08,2026-03-29,57.96,57.72,58.15,GRU-45
550535,2026-03-08,2026-03-30,57.96,57.73,58.19,GRU-45
550535,2026-03-08,2026-03-31,57.92,57.68,58.16,GRU-45
550535,2026-03-08,2026-04-01,58.01,57.82,58.19,GRU-45
550535,2026-03-08,2026-04-02,58.0,57.79,58.17,GRU-45
550535,2026-03-08,2026-04-03,57.96,57.79,58.2,GRU-45
550535,2026-03-08,2026-04-04,58.0,57.8,58.23,GRU-45
550535,2026-03-08,2026-04-05,58.0,57.84,58.25,GRU-45
550535,2026-03-08,2026-04-06,57.97,57.8,58.17,GRU-45
550535,2026-03-08,2026-04-07,58.01,57.81,58.22,GRU-45
550536,2026-03-08,2026-03-09,12.35,12.35,12.36,GRU-45
550536,2026-03-08,2026-03-10,12.34,12.33,12.35,GRU-45
550536,2026-03-08,2026-03-11,12.33,12.31,12.34,GRU-45
550536,2026-03-08,2026-03-12,12.31,12.29,12.33,GRU-45
550536,2026-03-08,2026-03-13,12.3,12.28,12.32,GRU-45
550536,2026-03-08,2026-03-14,12.29,12.26,12.31,GRU-45
550536,2026-03-08,2026-03-15,12.27,12.25,12.3,GRU-45
550536,2026-03-08,2026-03-16,12.27,12.22,12.31,GRU-45
550536,2026-03-08,2026-03-17,12.25,12.21,12.29,GRU-45
550536,2026-03-08,2026-03-18,12.25,12.21,12.3,GRU-45
550536,2026-03-08,2026-03-19,12.24,12.19,12.29,GRU-45
550536,2026-03-08,2026-03-20,12.24,12.19,12.28,GRU-45
550536,2026-03-08,2026-03-21,12.23,12.17,12.3,GRU-45
550536,2026-03-08,2026-03-22,12.22,12.16,12.3,GRU-45
550536,2026-03-08,2026-03-23,12.23,12.16,12.32,GRU-45
550536,2026-03-08,2026-03-24,12.21,12.12,12.31,GRU-45
550536,2026-03-08,2026-03-25,12.22,12.14,12.29,GRU-45
550536,2026-03-08,2026-03-26,12.24,12.16,12.31,GRU-45
550536,2026-03-08,2026-03-27,12.2,12.11,12.3,GRU-45
550536,2026-03-08,2026-03-28,12.23,12.17,12.3,GRU-45
550536,2026-03-08,2026-03-29,12.21,12.12,12.3,GRU-45
550536,2026-03-08,2026-03-30,12.2,12.11,12.29,GRU-45
550536,2026-03-08,2026-03-31,12.17,12.07,12.28,GRU-45
550536,2026-03-08,2026-04-01,12.17,12.07,12.27,GRU-45
550536,2026-03-08,2026-04-02,12.18,12.09,12.29,GRU-45
550536,2026-03-08,2026-04-03,12.2,12.1,12.29,GRU-45
550536,2026-03-08,2026-04-04,12.21,12.1,12.32,GRU-45
550536,2026-03-08,2026-04-05,12.19,12.11,12.3,GRU-45
550536,2026-03-08,2026-04-06,12.19,12.09,12.29,GRU-45
550536,2026-03-08,2026-04-07,12.18,12.1,12.28,GRU-45
550537,2026-03-08,2026-03-09,32.97,32.96,32.98,GRU-45
550537,2026-03-08,2026-03-10,32.92,32.9,32.94,GRU-45
550537,2026-03-08,2026-03-11,32.86,32.82,32.89,GRU-45
550537,2026-03-08,2026-03-12,32.8,32.75,32.84,GRU-45
550537,2026-03-08,2026-03-13,32.74,32.69,32.79,GRU-45
550537,2026-03-08,2026-03-14,32.68,32.62,32.74,GRU-45
550537,2026-03-08,2026-03-15,32.62,32.57,32.69,GRU-45
550537,2026-03-08,2026-03-16,32.57,32.5,32.64,GRU-45
550537,2026-03-08,2026-03-17,32.52,32.46,32.59,GRU-45
550537,2026-03-08,2026-03-18,32.48,32.43,32.54,GRU-45
550537,2026-03-08,2026-03-19,32.44,32.4,32.5,GRU-45
550537,2026-03-08,2026-03-20,32.41,32.39,32.46,GRU-45
550537,2026-03-08,2026-03-21,32.39,32.37,32.43,GRU-45
550537,2026-03-08,2026-03-22,32.38,32.36,32.4,GRU-45
550537,2026-03-08,2026-03-23,32.37,32.36,32.38,GRU-45
550537,2026-03-08,2026-03-24,32.36,32.36,32.37,GRU-45
550537,2026-03-08,2026-03-25,32.36,32.36,32.37,GRU-45
550537,2026-03-08,2026-03-26,32.36,32.36,32.36,GRU-45
550537,2026-03-08,2026-03-27,32.36,32.36,32.36,GRU-45
550537,2026-03-08,2026-03-28,32.36,32.36,32.36,GRU-45
550537,2026-03-08,2026-03-29,32.36,32.36,32.36,GRU-45
550537,2026-03-08,2026-03-30,32.36,32.36,32.36,GRU-45
550537,2026-03-08,2026-03-31,32.36,32.36,32.36,GRU-45
550537,2026-03-08,2026-04-01,32.36,32.36,32.36,GRU-45
550537,2026-03-08,2026-04-02,32.36,32.36,32.36,GRU-45
550537,2026-03-08,2026-04-03,32.36,32.36,32.36,GRU-45
550537,2026-03-08,2026-04-04,32.36,32.36,32.36,GRU-45
550537,2026-03-08,2026-04-05,32.36,32.36,32.36,GRU-45
550537,2026-03-08,2026-04-06,32.36,32.36,32.36,GRU-45
550537,2026-03-08,2026-04-07,32.36,32.36,32.36,GRU-45
550538,2026-03-08,2026-03-09,26.26,26.19,26.32,GRU-45
550538,2026-03-08,2026-03-10,26.37,26.25,26.49,GRU-45
550538,2026-03-08,2026-03-11,26.49,26.33,26.65,GRU-45
550538,2026-03-08,2026-03-12,26.61,26.41,26.84,GRU-45
550538,2026-03-08,2026-03-13,26.71,26.45,26.98,GRU-45
550538,2026-03-08,2026-03-14,26.87,26.59,27.18,GRU-45
550538,2026-03-08,2026-03-15,27.04,26.74,27.35,GRU-45
550538,2026-03-08,2026-03-16,27.15,26.83,27.47,GRU-45
550538,2026-03-08,2026-03-17,27.3,26.96,27.58,GRU-45
550538,2026-03-08,2026-03-18,27.45,27.06,27.78,GRU-45
550538,2026-03-08,2026-03-19,27.58,27.21,27.85,GRU-45
550538,2026-03-08,2026-03-20,27.67,27.32,27.93,GRU-45
550538,2026-03-08,2026-03-21,27.77,27.39,28.03,GRU-45
550538,2026-03-08,2026-03-22,27.87,27.5,28.09,GRU-45
550538,2026-03-08,2026-03-23,27.96,27.6,28.16,GRU-45
550538,2026-03-08,2026-03-24,27.98,27.6,28.16,GRU-45
550538,2026-03-08,2026-03-25,28.07,27.72,28.2,GRU-45
550538,2026-03-08,2026-03-26,28.14,27.9,28.24,GRU-45
550538,2026-03-08,2026-03-27,28.15,27.88,28.25,GRU-45
550538,2026-03-08,2026-03-28,28.19,27.99,28.26,GRU-45
550538,2026-03-08,2026-03-29,28.22,28.06,28.27,GRU-45
550538,2026-03-08,2026-03-30,28.22,28.06,28.27,GRU-45
550538,2026-03-08,2026-03-31,28.23,28.08,28.27,GRU-45
550538,2026-03-08,2026-04-01,28.25,28.12,28.28,GRU-45
550538,2026-03-08,2026-04-02,28.26,28.16,28.28,GRU-45
550538,2026-03-08,2026-04-03,28.27,28.16,28.29,GRU-45
550538,2026-03-08,2026-04-04,28.27,28.19,28.29,GRU-45
550538,2026-03-08,2026-04-05,28.28,28.21,28.29,GRU-45
550538,2026-03-08,2026-04-06,28.28,28.21,28.29,GRU-45
550538,2026-03-08,2026-04-07,28.28,28.22,28.29,GRU-45
550540,2026-03-08,2026-03-09,23.96,23.96,23.97,GRU-45
550540,2026-03-08,2026-03-10,23.95,23.94,23.95,GRU-45
550540,2026-03-08,2026-03-11,23.93,23.92,23.94,GRU-45
550540,2026-03-08,2026-03-12,23.92,23.9,23.93,GRU-45
550540,2026-03-08,2026-03-13,23.9,23.88,23.92,GRU-45
550540,2026-03-08,2026-03-14,23.89,23.86,23.91,GRU-45
550540,2026-03-08,2026-03-15,23.88,23.85,23.9,GRU-45
550540,2026-03-08,2026-03-16,23.87,23.82,23.91,GRU-45
550540,2026-03-08,2026-03-17,23.86,23.81,23.9,GRU-45
550540,2026-03-08,2026-03-18,23.85,23.79,23.89,GRU-45
550540,2026-03-08,2026-03-19,23.85,23.78,23.89,GRU-45
550540,2026-03-08,2026-03-20,23.84,23.79,23.89,GRU-45
550540,2026-03-08,2026-03-21,23.84,23.78,23.9,GRU-45
550540,2026-03-08,2026-03-22,23.84,23.77,23.9,GRU-45
550540,2026-03-08,2026-03-23,23.84,23.76,23.92,GRU-45
550540,2026-03-08,2026-03-24,23.83,23.75,23.92,GRU-45
550540,2026-03-08,2026-03-25,23.84,23.78,23.91,GRU-45
550540,2026-03-08,2026-03-26,23.83,23.77,23.89,GRU-45
550540,2026-03-08,2026-03-27,23.8,23.73,23.9,GRU-45
550540,2026-03-08,2026-03-28,23.84,23.79,23.9,GRU-45
550540,2026-03-08,2026-03-29,23.81,23.74,23.9,GRU-45
550540,2026-03-08,2026-03-30,23.81,23.74,23.9,GRU-45
550540,2026-03-08,2026-03-31,23.78,23.7,23.89,GRU-45
550540,2026-03-08,2026-04-01,23.81,23.74,23.9,GRU-45
550540,2026-03-08,2026-04-02,23.82,23.74,23.9,GRU-45
550540,2026-03-08,2026-04-03,23.82,23.74,23.89,GRU-45
550540,2026-03-08,2026-04-04,23.81,23.7,23.91,GRU-45
550540,2026-03-08,2026-04-05,23.8,23.73,23.91,GRU-45
550540,2026-03-08,2026-04-06,23.79,23.71,23.88,GRU-45
550540,2026-03-08,2026-04-07,23.8,23.72,23.89,GRU-45
550541,2026-03-08,2026-03-09,28.11,28.06,28.16,GRU-45
550541,2026-03-08,2026-03-10,28.21,28.12,28.29,GRU-45
550541,2026-03-08,2026-03-11,28.31,28.17,28.43,GRU-45
550541,2026-03-08,2026-03-12,28.42,28.22,28.57,GRU-45
550541,2026-03-08,2026-03-13,28.51,28.28,28.69,GRU-45
550541,2026-03-08,2026-03-14,28.64,28.38,28.83,GRU-45
550541,2026-03-08,2026-03-15,28.76,28.41,28.96,GRU-45
550541,2026-03-08,2026-03-16,28.87,28.53,29.08,GRU-45
550541,2026-03-08,2026-03-17,28.97,28.65,29.2,GRU-45
550541,2026-03-08,2026-03-18,29.1,28.74,29.33,GRU-45
550541,2026-03-08,2026-03-19,29.18,28.87,29.4,GRU-45
550541,2026-03-08,2026-03-20,29.27,28.94,29.47,GRU-45
550541,2026-03-08,2026-03-21,29.36,29.03,29.54,GRU-45
550541,2026-03-08,2026-03-22,29.44,29.06,29.59,GRU-45
550541,2026-03-08,2026-03-23,29.5,29.16,29.63,GRU-45
550541,2026-03-08,2026-03-24,29.53,29.25,29.64,GRU-45
550541,2026-03-08,2026-03-25,29.56,29.28,29.67,GRU-45
550541,2026-03-08,2026-03-26,29.63,29.37,29.7,GRU-45
550541,2026-03-08,2026-03-27,29.64,29.36,29.7,GRU-45
550541,2026-03-08,2026-03-28,29.67,29.43,29.71,GRU-45
550541,2026-03-08,2026-03-29,29.69,29.5,29.72,GRU-45
550541,2026-03-08,2026-03-30,29.68,29.47,29.72,GRU-45
550541,2026-03-08,2026-03-31,29.7,29.53,29.72,GRU-45
550541,2026-03-08,2026-04-01,29.7,29.57,29.73,GRU-45
550541,2026-03-08,2026-04-02,29.71,29.59,29.73,GRU-45
550541,2026-03-08,2026-04-03,29.72,29.6,29.73,GRU-45
550541,2026-03-08,2026-04-04,29.72,29.62,29.73,GRU-45
550541,2026-03-08,2026-04-05,29.72,29.66,29.73,GRU-45
550541,2026-03-08,2026-04-06,29.72,29.64,29.73,GRU-45
550541,2026-03-08,2026-04-07,29.72,29.67,29.73,GRU-45
550542,2026-03-08,2026-03-09,37.74,37.73,37.75,GRU-45
550542,2026-03-08,2026-03-10,37.73,37.72,37.75,GRU-45
550542,2026-03-08,2026-03-11,37.73,37.71,37.75,GRU-45
550542,2026-03-08,2026-03-12,37.72,37.69,37.75,GRU-45
550542,2026-03-08,2026-03-13,37.72,37.68,37.76,GRU-45
550542,2026-03-08,2026-03-14,37.72,37.67,37.77,GRU-45
550542,2026-03-08,2026-03-15,37.72,37.66,37.78,GRU-45
550542,2026-03-08,2026-03-16,37.73,37.66,37.81,GRU-45
550542,2026-03-08,2026-03-17,37.72,37.65,37.8,GRU-45
550542,2026-03-08,2026-03-18,37.75,37.65,37.83,GRU-45
550542,2026-03-08,2026-03-19,37.74,37.65,37.86,GRU-45
550542,2026-03-08,2026-03-20,37.78,37.68,37.86,GRU-45
550542,2026-03-08,2026-03-21,37.78,37.67,37.91,GRU-45
550542,2026-03-08,2026-03-22,37.8,37.67,37.94,GRU-45
550542,2026-03-08,2026-03-23,37.84,37.67,37.99,GRU-45
550542,2026-03-08,2026-03-24,37.79,37.63,37.96,GRU-45
550542,2026-03-08,2026-03-25,37.84,37.72,37.98,GRU-45
550542,2026-03-08,2026-03-26,37.86,37.7,38.03,GRU-45
550542,2026-03-08,2026-03-27,37.87,37.67,38.04,GRU-45
550542,2026-03-08,2026-03-28,37.95,37.78,38.09,GRU-45
550542,2026-03-08,2026-03-29,37.92,37.71,38.12,GRU-45
550542,2026-03-08,2026-03-30,37.89,37.71,38.11,GRU-45
550542,2026-03-08,2026-03-31,37.9,37.67,38.11,GRU-45
550542,2026-03-08,2026-04-01,37.94,37.75,38.13,GRU-45
550542,2026-03-08,2026-04-02,37.98,37.74,38.16,GRU-45
550542,2026-03-08,2026-04-03,38.03,37.77,38.21,GRU-45
550542,2026-03-08,2026-04-04,38.03,37.75,38.21,GRU-45
550542,2026-03-08,2026-04-05,38.04,37.81,38.22,GRU-45
550542,2026-03-08,2026-04-06,38.06,37.77,38.24,GRU-45
550542,2026-03-08,2026-04-07,37.99,37.75,38.2,GRU-45
550544,2026-03-08,2026-03-09,36.61,36.6,36.61,GRU-45
550544,2026-03-08,2026-03-10,36.59,36.58,36.6,GRU-45
550544,2026-03-08,2026-03-11,36.57,36.55,36.59,GRU-45
550544,2026-03-08,2026-03-12,36.55,36.53,36.57,GRU-45
550544,2026-03-08,2026-03-13,36.53,36.51,36.56,GRU-45
550544,2026-03-08,2026-03-14,36.52,36.49,36.55,GRU-45
550544,2026-03-08,2026-03-15,36.51,36.48,36.54,GRU-45
550544,2026-03-08,2026-03-16,36.51,36.47,36.56,GRU-45
550544,2026-03-08,2026-03-17,36.5,36.46,36.55,GRU-45
550544,2026-03-08,2026-03-18,36.5,36.44,36.54,GRU-45
550544,2026-03-08,2026-03-19,36.5,36.45,36.56,GRU-45
550544,2026-03-08,2026-03-20,36.51,36.48,36.56,GRU-45
550544,2026-03-08,2026-03-21,36.52,36.46,36.59,GRU-45
550544,2026-03-08,2026-03-22,36.51,36.45,36.59,GRU-45
550544,2026-03-08,2026-03-23,36.52,36.45,36.62,GRU-45
550544,2026-03-08,2026-03-24,36.51,36.41,36.61,GRU-45
550544,2026-03-08,2026-03-25,36.55,36.5,36.62,GRU-45
550544,2026-03-08,2026-03-26,36.5,36.42,36.57,GRU-45
550544,2026-03-08,2026-03-27,36.52,36.42,36.62,GRU-45
550544,2026-03-08,2026-03-28,36.54,36.5,36.59,GRU-45
550544,2026-03-08,2026-03-29,36.53,36.44,36.62,GRU-45
550544,2026-03-08,2026-03-30,36.51,36.42,36.62,GRU-45
550544,2026-03-08,2026-03-31,36.5,36.39,36.6,GRU-45
550544,2026-03-08,2026-04-01,36.54,36.47,36.62,GRU-45
550544,2026-03-08,2026-04-02,36.52,36.43,36.58,GRU-45
550544,2026-03-08,2026-04-03,36.51,36.45,36.59,GRU-45
550544,2026-03-08,2026-04-04,36.53,36.44,36.63,GRU-45
550544,2026-03-08,2026-04-05,36.53,36.46,36.61,GRU-45
550544,2026-03-08,2026-04-06,36.51,36.44,36.58,GRU-45
550544,2026-03-08,2026-04-07,36.52,36.43,36.6,GRU-45
550549,2026-03-08,2026-03-09,81.52,81.25,81.81,GRU-45
550549,2026-03-08,2026-03-10,82.11,81.54,82.62,GRU-45
550549,2026-03-08,2026-03-11,82.69,82.05,83.4,GRU-45
550549,2026-03-08,2026-03-12,83.32,82.45,84.17,GRU-45
550549,2026-03-08,2026-03-13,83.86,82.76,84.71,GRU-45
550549,2026-03-08,2026-03-14,84.49,83.41,85.33,GRU-45
550549,2026-03-08,2026-03-15,85.01,83.79,85.9,GRU-45
550549,2026-03-08,2026-03-16,85.53,84.45,86.17,GRU-45
550549,2026-03-08,2026-03-17,85.67,84.66,86.4,GRU-45
550549,2026-03-08,2026-03-18,86.23,85.33,86.65,GRU-45
550549,2026-03-08,2026-03-19,86.37,85.57,86.75,GRU-45
550549,2026-03-08,2026-03-20,86.49,85.7,86.82,GRU-45
550549,2026-03-08,2026-03-21,86.69,86.09,86.88,GRU-45
550549,2026-03-08,2026-03-22,86.76,86.31,86.9,GRU-45
550549,2026-03-08,2026-03-23,86.84,86.43,86.92,GRU-45
550549,2026-03-08,2026-03-24,86.85,86.51,86.92,GRU-45
550549,2026-03-08,2026-03-25,86.86,86.58,86.92,GRU-45
550549,2026-03-08,2026-03-26,86.91,86.73,86.93,GRU-45
550549,2026-03-08,2026-03-27,86.9,86.72,86.93,GRU-45
550549,2026-03-08,2026-03-28,86.92,86.82,86.93,GRU-45
550549,2026-03-08,2026-03-29,86.93,86.85,86.93,GRU-45
550549,2026-03-08,2026-03-30,86.92,86.84,86.93,GRU-45
550549,2026-03-08,2026-03-31,86.93,86.88,86.93,GRU-45
550549,2026-03-08,2026-04-01,86.93,86.89,86.93,GRU-45
550549,2026-03-08,2026-04-02,86.93,86.91,86.93,GRU-45
550549,2026-03-08,2026-04-03,86.93,86.92,86.93,GRU-45
550549,2026-03-08,2026-04-04,86.93,86.91,86.93,GRU-45
550549,2026-03-08,2026-04-05,86.93,86.92,86.93,GRU-45
550549,2026-03-08,2026-04-06,86.93,86.92,86.93,GRU-45
550549,2026-03-08,2026-04-07,86.93,86.92,86.93,GRU-45
550674,2026-03-08,2026-03-09,32.27,32.21,32.34,GRU-45
550674,2026-03-08,2026-03-10,32.4,32.26,32.51,GRU-45
550674,2026-03-08,2026-03-11,32.53,32.35,32.69,GRU-45
550674,2026-03-08,2026-03-12,32.66,32.43,32.87,GRU-45
550674,2026-03-08,2026-03-13,32.75,32.48,33.0,GRU-45
550674,2026-03-08,2026-03-14,32.89,32.6,33.16,GRU-45
550674,2026-03-08,2026-03-15,33.04,32.69,33.29,GRU-45
550674,2026-03-08,2026-03-16,33.14,32.84,33.37,GRU-45
550674,2026-03-08,2026-03-17,33.23,32.91,33.47,GRU-45
550674,2026-03-08,2026-03-18,33.34,33.09,33.55,GRU-45
550674,2026-03-08,2026-03-19,33.41,33.12,33.6,GRU-45
550674,2026-03-08,2026-03-20,33.46,33.14,33.64,GRU-45
550674,2026-03-08,2026-03-21,33.54,33.26,33.67,GRU-45
550674,2026-03-08,2026-03-22,33.59,33.34,33.69,GRU-45
550674,2026-03-08,2026-03-23,33.62,33.41,33.7,GRU-45
550674,2026-03-08,2026-03-24,33.64,33.46,33.71,GRU-45
550674,2026-03-08,2026-03-25,33.66,33.49,33.71,GRU-45
550674,2026-03-08,2026-03-26,33.69,33.57,33.72,GRU-45
550674,2026-03-08,2026-03-27,33.7,33.58,33.72,GRU-45
550674,2026-03-08,2026-03-28,33.71,33.63,33.73,GRU-45
550674,2026-03-08,2026-03-29,33.72,33.64,33.73,GRU-45
550674,2026-03-08,2026-03-30,33.72,33.66,33.73,GRU-45
550674,2026-03-08,2026-03-31,33.72,33.66,33.73,GRU-45
550674,2026-03-08,2026-04-01,33.72,33.67,33.73,GRU-45
550674,2026-03-08,2026-04-02,33.72,33.69,33.73,GRU-45
550674,2026-03-08,2026-04-03,33.73,33.69,33.73,GRU-45
550674,2026-03-08,2026-04-04,33.73,33.7,33.73,GRU-45
550674,2026-03-08,2026-04-05,33.73,33.71,33.73,GRU-45
550674,2026-03-08,2026-04-06,33.73,33.72,33.73,GRU-45
550674,2026-03-08,2026-04-07,33.73,33.71,33.73,GRU-45
550718,2026-03-08,2026-03-09,27.9,27.87,27.93,GRU-45
550718,2026-03-08,2026-03-10,27.95,27.89,28.0,GRU-45
550718,2026-03-08,2026-03-11,28.01,27.94,28.09,GRU-45
550718,2026-03-08,2026-03-12,28.08,27.97,28.19,GRU-45
550718,2026-03-08,2026-03-13,28.13,28.0,28.29,GRU-45
550718,2026-03-08,2026-03-14,28.22,28.06,28.39,GRU-45
550718,2026-03-08,2026-03-15,28.28,28.09,28.48,GRU-45
550718,2026-03-08,2026-03-16,28.38,28.17,28.59,GRU-45
550718,2026-03-08,2026-03-17,28.46,28.25,28.66,GRU-45
550718,2026-03-08,2026-03-18,28.53,28.31,28.76,GRU-45
550718,2026-03-08,2026-03-19,28.61,28.36,28.84,GRU-45
550718,2026-03-08,2026-03-20,28.67,28.43,28.9,GRU-45
550718,2026-03-08,2026-03-21,28.76,28.53,28.96,GRU-45
550718,2026-03-08,2026-03-22,28.81,28.59,29.01,GRU-45
550718,2026-03-08,2026-03-23,28.88,28.69,29.04,GRU-45
550718,2026-03-08,2026-03-24,28.91,28.66,29.05,GRU-45
550718,2026-03-08,2026-03-25,28.95,28.74,29.08,GRU-45
550718,2026-03-08,2026-03-26,29.01,28.83,29.1,GRU-45
550718,2026-03-08,2026-03-27,29.02,28.84,29.1,GRU-45
550718,2026-03-08,2026-03-28,29.05,28.9,29.12,GRU-45
550718,2026-03-08,2026-03-29,29.08,28.95,29.12,GRU-45
550718,2026-03-08,2026-03-30,29.08,28.91,29.12,GRU-45
550718,2026-03-08,2026-03-31,29.09,28.96,29.13,GRU-45
550718,2026-03-08,2026-04-01,29.09,28.99,29.13,GRU-45
550718,2026-03-08,2026-04-02,29.1,29.0,29.13,GRU-45
550718,2026-03-08,2026-04-03,29.12,29.04,29.13,GRU-45
550718,2026-03-08,2026-04-04,29.12,29.04,29.13,GRU-45
550718,2026-03-08,2026-04-05,29.12,29.06,29.13,GRU-45
550718,2026-03-08,2026-04-06,29.12,29.06,29.13,GRU-45
550718,2026-03-08,2026-04-07,29.12,29.06,29.13,GRU-45
550719,2026-03-08,2026-03-09,13.5,13.5,13.5,GRU-45
550719,2026-03-08,2026-03-10,13.49,13.49,13.5,GRU-45
550719,2026-03-08,2026-03-11,13.48,13.48,13.49,GRU-45
550719,2026-03-08,2026-03-12,13.47,13.47,13.48,GRU-45
550719,2026-03-08,2026-03-13,13.47,13.46,13.48,GRU-45
550719,2026-03-08,2026-03-14,13.46,13.45,13.47,GRU-45
550719,2026-03-08,2026-03-15,13.45,13.44,13.47,GRU-45
550719,2026-03-08,2026-03-16,13.45,13.43,13.47,GRU-45
550719,2026-03-08,2026-03-17,13.44,13.42,13.46,GRU-45
550719,2026-03-08,2026-03-18,13.44,13.41,13.46,GRU-45
550719,2026-03-08,2026-03-19,13.43,13.41,13.46,GRU-45
550719,2026-03-08,2026-03-20,13.43,13.4,13.46,GRU-45
550719,2026-03-08,2026-03-21,13.43,13.39,13.46,GRU-45
550719,2026-03-08,2026-03-22,13.42,13.39,13.45,GRU-45
550719,2026-03-08,2026-03-23,13.43,13.38,13.47,GRU-45
550719,2026-03-08,2026-03-24,13.42,13.38,13.47,GRU-45
550719,2026-03-08,2026-03-25,13.43,13.39,13.46,GRU-45
550719,2026-03-08,2026-03-26,13.42,13.39,13.45,GRU-45
550719,2026-03-08,2026-03-27,13.41,13.35,13.45,GRU-45
550719,2026-03-08,2026-03-28,13.42,13.39,13.45,GRU-45
550719,2026-03-08,2026-03-29,13.41,13.36,13.45,GRU-45
550719,2026-03-08,2026-03-30,13.41,13.36,13.46,GRU-45
550719,2026-03-08,2026-03-31,13.4,13.35,13.45,GRU-45
550719,2026-03-08,2026-04-01,13.4,13.36,13.46,GRU-45
550719,2026-03-08,2026-04-02,13.4,13.36,13.46,GRU-45
550719,2026-03-08,2026-04-03,13.41,13.37,13.45,GRU-45
550719,2026-03-08,2026-04-04,13.4,13.36,13.45,GRU-45
550719,2026-03-08,2026-04-05,13.4,13.36,13.44,GRU-45
550719,2026-03-08,2026-04-06,13.39,13.36,13.44,GRU-45
550719,2026-03-08,2026-04-07,13.4,13.36,13.44,GRU-45
550721,2026-03-08,2026-03-09,27.79,27.76,27.8,GRU-45
550721,2026-03-08,2026-03-10,27.8,27.76,27.83,GRU-45
550721,2026-03-08,2026-03-11,27.82,27.76,27.87,GRU-45
550721,2026-03-08,2026-03-12,27.84,27.75,27.91,GRU-45
550721,2026-03-08,2026-03-13,27.87,27.77,27.97,GRU-45
550721,2026-03-08,2026-03-14,27.91,27.78,28.04,GRU-45
550721,2026-03-08,2026-03-15,27.94,27.79,28.08,GRU-45
550721,2026-03-08,2026-03-16,28.01,27.83,28.18,GRU-45
550721,2026-03-08,2026-03-17,27.99,27.84,28.19,GRU-45
550721,2026-03-08,2026-03-18,28.09,27.85,28.3,GRU-45
550721,2026-03-08,2026-03-19,28.13,27.9,28.36,GRU-45
550721,2026-03-08,2026-03-20,28.2,28.0,28.41,GRU-45
550721,2026-03-08,2026-03-21,28.3,28.02,28.52,GRU-45
550721,2026-03-08,2026-03-22,28.35,28.06,28.58,GRU-45
550721,2026-03-08,2026-03-23,28.47,28.12,28.69,GRU-45
550721,2026-03-08,2026-03-24,28.42,28.05,28.68,GRU-45
550721,2026-03-08,2026-03-25,28.47,28.21,28.71,GRU-45
550721,2026-03-08,2026-03-26,28.59,28.25,28.8,GRU-45
550721,2026-03-08,2026-03-27,28.62,28.29,28.82,GRU-45
550721,2026-03-08,2026-03-28,28.73,28.39,28.87,GRU-45
550721,2026-03-08,2026-03-29,28.72,28.43,28.89,GRU-45
550721,2026-03-08,2026-03-30,28.71,28.38,28.88,GRU-45
550721,2026-03-08,2026-03-31,28.73,28.41,28.9,GRU-45
550721,2026-03-08,2026-04-01,28.77,28.49,28.9,GRU-45
550721,2026-03-08,2026-04-02,28.8,28.53,28.91,GRU-45
550721,2026-03-08,2026-04-03,28.85,28.61,28.95,GRU-45
550721,2026-03-08,2026-04-04,28.85,28.61,28.95,GRU-45
550721,2026-03-08,2026-04-05,28.88,28.67,28.95,GRU-45
550721,2026-03-08,2026-04-06,28.87,28.65,28.96,GRU-45
550721,2026-03-08,2026-04-07,28.86,28.62,28.95,GRU-45
550838,2026-03-08,2026-03-09,13.27,13.27,13.27,GRU-45
550838,2026-03-08,2026-03-10,13.26,13.25,13.27,GRU-45
550838,2026-03-08,2026-03-11,13.25,13.24,13.26,GRU-45
550838,2026-03-08,2026-03-12,13.24,13.23,13.26,GRU-45
550838,2026-03-08,2026-03-13,13.23,13.22,13.25,GRU-45
550838,2026-03-08,2026-03-14,13.23,13.21,13.26,GRU-45
550838,2026-03-08,2026-03-15,13.22,13.2,13.25,GRU-45
550838,2026-03-08,2026-03-16,13.22,13.19,13.27,GRU-45
550838,2026-03-08,2026-03-17,13.21,13.18,13.25,GRU-45
550838,2026-03-08,2026-03-18,13.21,13.18,13.26,GRU-45
550838,2026-03-08,2026-03-19,13.21,13.17,13.26,GRU-45
550838,2026-03-08,2026-03-20,13.21,13.19,13.26,GRU-45
550838,2026-03-08,2026-03-21,13.22,13.17,13.28,GRU-45
550838,2026-03-08,2026-03-22,13.21,13.16,13.28,GRU-45
550838,2026-03-08,2026-03-23,13.23,13.17,13.31,GRU-45
550838,2026-03-08,2026-03-24,13.2,13.13,13.31,GRU-45
550838,2026-03-08,2026-03-25,13.23,13.18,13.29,GRU-45
550838,2026-03-08,2026-03-26,13.24,13.17,13.31,GRU-45
550838,2026-03-08,2026-03-27,13.22,13.14,13.32,GRU-45
550838,2026-03-08,2026-03-28,13.25,13.2,13.33,GRU-45
550838,2026-03-08,2026-03-29,13.24,13.17,13.34,GRU-45
550838,2026-03-08,2026-03-30,13.23,13.15,13.33,GRU-45
550838,2026-03-08,2026-03-31,13.21,13.13,13.32,GRU-45
550838,2026-03-08,2026-04-01,13.23,13.15,13.31,GRU-45
550838,2026-03-08,2026-04-02,13.24,13.15,13.34,GRU-45
550838,2026-03-08,2026-04-03,13.26,13.18,13.37,GRU-45
550838,2026-03-08,2026-04-04,13.27,13.16,13.41,GRU-45
550838,2026-03-08,2026-04-05,13.27,13.2,13.36,GRU-45
550838,2026-03-08,2026-04-06,13.27,13.18,13.39,GRU-45
550838,2026-03-08,2026-04-07,13.24,13.16,13.35,GRU-45
550839,2026-03-08,2026-03-09,48.91,48.89,48.92,GRU-45
550839,2026-03-08,2026-03-10,48.86,48.83,48.89,GRU-45
550839,2026-03-08,2026-03-11,48.82,48.78,48.86,GRU-45
550839,2026-03-08,2026-03-12,48.77,48.72,48.83,GRU-45
550839,2026-03-08,2026-03-13,48.74,48.68,48.81,GRU-45
550839,2026-03-08,2026-03-14,48.71,48.63,48.81,GRU-45
550839,2026-03-08,2026-03-15,48.69,48.59,48.8,GRU-45
550839,2026-03-08,2026-03-16,48.68,48.55,48.84,GRU-45
550839,2026-03-08,2026-03-17,48.66,48.53,48.81,GRU-45
550839,2026-03-08,2026-03-18,48.64,48.5,48.81,GRU-45
550839,2026-03-08,2026-03-19,48.64,48.49,48.84,GRU-45
550839,2026-03-08,2026-03-20,48.69,48.58,48.86,GRU-45
550839,2026-03-08,2026-03-21,48.68,48.49,48.92,GRU-45
550839,2026-03-08,2026-03-22,48.66,48.46,48.93,GRU-45
550839,2026-03-08,2026-03-23,48.74,48.47,49.01,GRU-45
550839,2026-03-08,2026-03-24,48.65,48.36,48.98,GRU-45
550839,2026-03-08,2026-03-25,48.77,48.58,48.99,GRU-45
550839,2026-03-08,2026-03-26,48.69,48.41,48.95,GRU-45
550839,2026-03-08,2026-03-27,48.68,48.36,49.03,GRU-45
550839,2026-03-08,2026-03-28,48.8,48.65,49.0,GRU-45
550839,2026-03-08,2026-03-29,48.75,48.45,49.08,GRU-45
550839,2026-03-08,2026-03-30,48.69,48.4,49.02,GRU-45
550839,2026-03-08,2026-03-31,48.66,48.33,49.01,GRU-45
550839,2026-03-08,2026-04-01,48.75,48.52,49.08,GRU-45
550839,2026-03-08,2026-04-02,48.73,48.49,49.06,GRU-45
550839,2026-03-08,2026-04-03,48.74,48.52,49.11,GRU-45
550839,2026-03-08,2026-04-04,48.77,48.39,49.19,GRU-45
550839,2026-03-08,2026-04-05,48.84,48.61,49.16,GRU-45
550839,2026-03-08,2026-04-06,48.78,48.46,49.13,GRU-45
550839,2026-03-08,2026-04-07,48.78,48.46,49.12,GRU-45
550844,2026-03-08,2026-03-09,24.33,24.32,24.34,GRU-45
550844,2026-03-08,2026-03-10,24.33,24.31,24.34,GRU-45
550844,2026-03-08,2026-03-11,24.32,24.3,24.35,GRU-45
550844,2026-03-08,2026-03-12,24.32,24.29,24.35,GRU-45
550844,2026-03-08,2026-03-13,24.32,24.28,24.36,GRU-45
550844,2026-03-08,2026-03-14,24.32,24.27,24.37,GRU-45
550844,2026-03-08,2026-03-15,24.33,24.27,24.38,GRU-45
550844,2026-03-08,2026-03-16,24.34,24.26,24.4,GRU-45
550844,2026-03-08,2026-03-17,24.35,24.27,24.42,GRU-45
550844,2026-03-08,2026-03-18,24.36,24.26,24.44,GRU-45
550844,2026-03-08,2026-03-19,24.37,24.27,24.47,GRU-45
550844,2026-03-08,2026-03-20,24.4,24.31,24.5,GRU-45
550844,2026-03-08,2026-03-21,24.41,24.31,24.52,GRU-45
550844,2026-03-08,2026-03-22,24.43,24.31,24.54,GRU-45
550844,2026-03-08,2026-03-23,24.46,24.3,24.58,GRU-45
550844,2026-03-08,2026-03-24,24.43,24.27,24.59,GRU-45
550844,2026-03-08,2026-03-25,24.52,24.39,24.65,GRU-45
550844,2026-03-08,2026-03-26,24.51,24.34,24.64,GRU-45
550844,2026-03-08,2026-03-27,24.53,24.34,24.68,GRU-45
550844,2026-03-08,2026-03-28,24.64,24.46,24.82,GRU-45
550844,2026-03-08,2026-03-29,24.62,24.38,24.77,GRU-45
550844,2026-03-08,2026-03-30,24.64,24.41,24.8,GRU-45
550844,2026-03-08,2026-03-31,24.62,24.41,24.8,GRU-45
550844,2026-03-08,2026-04-01,24.69,24.48,24.85,GRU-45
550844,2026-03-08,2026-04-02,24.69,24.47,24.87,GRU-45
550844,2026-03-08,2026-04-03,24.77,24.53,24.95,GRU-45
550844,2026-03-08,2026-04-04,24.79,24.53,24.94,GRU-45
550844,2026-03-08,2026-04-05,24.79,24.56,24.95,GRU-45
550844,2026-03-08,2026-04-06,24.81,24.54,24.95,GRU-45
550844,2026-03-08,2026-04-07,24.75,24.51,24.92,GRU-45
551943,2026-03-08,2026-03-09,39.78,39.75,39.8,GRU-45
551943,2026-03-08,2026-03-10,39.64,39.6,39.69,GRU-45
551943,2026-03-08,2026-03-11,39.53,39.46,39.6,GRU-45
551943,2026-03-08,2026-03-12,39.4,39.32,39.49,GRU-45
551943,2026-03-08,2026-03-13,39.3,39.21,39.4,GRU-45
551943,2026-03-08,2026-03-14,39.21,39.07,39.37,GRU-45
551943,2026-03-08,2026-03-15,39.12,38.95,39.28,GRU-45
551943,2026-03-08,2026-03-16,39.07,38.83,39.37,GRU-45
551943,2026-03-08,2026-03-17,39.02,38.78,39.3,GRU-45
551943,2026-03-08,2026-03-18,38.94,38.7,39.21,GRU-45
551943,2026-03-08,2026-03-19,38.94,38.65,39.28,GRU-45
551943,2026-03-08,2026-03-20,39.01,38.7,39.28,GRU-45
551943,2026-03-08,2026-03-21,39.0,38.58,39.39,GRU-45
551943,2026-03-08,2026-03-22,38.91,38.51,39.34,GRU-45
551943,2026-03-08,2026-03-23,38.98,38.46,39.48,GRU-45
551943,2026-03-08,2026-03-24,38.86,38.32,39.42,GRU-45
551943,2026-03-08,2026-03-25,39.06,38.6,39.54,GRU-45
551943,2026-03-08,2026-03-26,38.78,38.38,39.23,GRU-45
551943,2026-03-08,2026-03-27,38.8,38.14,39.47,GRU-45
551943,2026-03-08,2026-03-28,38.99,38.69,39.39,GRU-45
551943,2026-03-08,2026-03-29,38.87,38.31,39.46,GRU-45
551943,2026-03-08,2026-03-30,38.74,38.18,39.29,GRU-45
551943,2026-03-08,2026-03-31,38.65,37.99,39.27,GRU-45
551943,2026-03-08,2026-04-01,38.7,38.16,39.44,GRU-45
551943,2026-03-08,2026-04-02,38.73,38.23,39.37,GRU-45
551943,2026-03-08,2026-04-03,38.68,38.2,39.3,GRU-45
551943,2026-03-08,2026-04-04,38.77,38.19,39.44,GRU-45
551943,2026-03-08,2026-04-05,38.81,38.34,39.34,GRU-45
551943,2026-03-08,2026-04-06,38.65,38.28,39.27,GRU-45
551943,2026-03-08,2026-04-07,38.78,38.34,39.32,GRU-45
551944,2026-03-08,2026-03-09,45.11,45.07,45.16,GRU-45
551944,2026-03-08,2026-03-10,45.08,44.98,45.19,GRU-45
551944,2026-03-08,2026-03-11,45.08,44.94,45.23,GRU-45
551944,2026-03-08,2026-03-12,45.12,44.89,45.31,GRU-45
551944,2026-03-08,2026-03-13,45.05,44.85,45.26,GRU-45
551944,2026-03-08,2026-03-14,45.11,44.84,45.35,GRU-45
551944,2026-03-08,2026-03-15,45.1,44.85,45.41,GRU-45
551944,2026-03-08,2026-03-16,45.15,44.91,45.41,GRU-45
551944,2026-03-08,2026-03-17,45.15,44.96,45.42,GRU-45
551944,2026-03-08,2026-03-18,45.16,44.9,45.49,GRU-45
551944,2026-03-08,2026-03-19,45.22,44.9,45.62,GRU-45
551944,2026-03-08,2026-03-20,45.26,44.91,45.63,GRU-45
551944,2026-03-08,2026-03-21,45.38,45.03,45.82,GRU-45
551944,2026-03-08,2026-03-22,45.37,44.98,45.86,GRU-45
551944,2026-03-08,2026-03-23,45.34,45.0,45.77,GRU-45
551944,2026-03-08,2026-03-24,45.4,45.01,45.9,GRU-45
551944,2026-03-08,2026-03-25,45.35,45.03,45.71,GRU-45
551944,2026-03-08,2026-03-26,45.38,44.82,45.99,GRU-45
551944,2026-03-08,2026-03-27,45.41,45.05,45.97,GRU-45
551944,2026-03-08,2026-03-28,45.4,44.83,45.98,GRU-45
551944,2026-03-08,2026-03-29,45.37,44.89,45.83,GRU-45
551944,2026-03-08,2026-03-30,45.25,44.84,45.83,GRU-45
551944,2026-03-08,2026-03-31,45.33,44.89,45.64,GRU-45
551944,2026-03-08,2026-04-01,45.29,44.95,45.69,GRU-45
551944,2026-03-08,2026-04-02,45.21,44.81,45.67,GRU-45
551944,2026-03-08,2026-04-03,45.2,44.79,45.62,GRU-45
551944,2026-03-08,2026-04-04,45.29,44.91,45.65,GRU-45
551944,2026-03-08,2026-04-05,45.14,44.69,45.69,GRU-45
551944,2026-03-08,2026-04-06,45.12,44.64,45.4,GRU-45
551944,2026-03-08,2026-04-07,45.13,44.69,45.6,GRU-45
559716,2026-03-08,2026-03-09,36.24,36.22,36.26,GRU-45
559716,2026-03-08,2026-03-10,36.26,36.23,36.3,GRU-45
559716,2026-03-08,2026-03-11,36.3,36.26,36.35,GRU-45
559716,2026-03-08,2026-03-12,36.33,36.27,36.4,GRU-45
559716,2026-03-08,2026-03-13,36.37,36.29,36.46,GRU-45
559716,2026-03-08,2026-03-14,36.42,36.33,36.53,GRU-45
559716,2026-03-08,2026-03-15,36.47,36.35,36.59,GRU-45
559716,2026-03-08,2026-03-16,36.54,36.42,36.68,GRU-45
559716,2026-03-08,2026-03-17,36.56,36.44,36.7,GRU-45
559716,2026-03-08,2026-03-18,36.63,36.49,36.78,GRU-45
559716,2026-03-08,2026-03-19,36.7,36.55,36.84,GRU-45
559716,2026-03-08,2026-03-20,36.73,36.6,36.89,GRU-45
559716,2026-03-08,2026-03-21,36.8,36.63,36.92,GRU-45
559716,2026-03-08,2026-03-22,36.86,36.69,36.98,GRU-45
559716,2026-03-08,2026-03-23,36.92,36.72,37.02,GRU-45
559716,2026-03-08,2026-03-24,36.92,36.75,37.03,GRU-45
559716,2026-03-08,2026-03-25,36.95,36.76,37.05,GRU-45
559716,2026-03-08,2026-03-26,37.0,36.85,37.09,GRU-45
559716,2026-03-08,2026-03-27,37.01,36.86,37.09,GRU-45
559716,2026-03-08,2026-03-28,37.05,36.9,37.11,GRU-45
559716,2026-03-08,2026-03-29,37.07,36.93,37.12,GRU-45
559716,2026-03-08,2026-03-30,37.07,36.94,37.13,GRU-45
559716,2026-03-08,2026-03-31,37.08,36.98,37.13,GRU-45
559716,2026-03-08,2026-04-01,37.09,36.98,37.13,GRU-45
559716,2026-03-08,2026-04-02,37.11,37.01,37.14,GRU-45
559716,2026-03-08,2026-04-03,37.12,37.05,37.15,GRU-45
559716,2026-03-08,2026-04-04,37.12,37.04,37.15,GRU-45
559716,2026-03-08,2026-04-05,37.13,37.06,37.15,GRU-45
559716,2026-03-08,2026-04-06,37.13,37.07,37.15,GRU-45
559716,2026-03-08,2026-04-07,37.13,37.06,37.15,GRU-45
561976,2026-03-08,2026-03-09,30.1,30.06,30.16,GRU-45
561976,2026-03-08,2026-03-10,30.19,30.1,30.28,GRU-45
561976,2026-03-08,2026-03-11,30.3,30.17,30.42,GRU-45
561976,2026-03-08,2026-03-12,30.38,30.23,30.55,GRU-45
561976,2026-03-08,2026-03-13,30.48,30.29,30.68,GRU-45
561976,2026-03-08,2026-03-14,30.59,30.39,30.81,GRU-45
561976,2026-03-08,2026-03-15,30.71,30.45,30.94,GRU-45
561976,2026-03-08,2026-03-16,30.8,30.56,31.05,GRU-45
561976,2026-03-08,2026-03-17,30.94,30.68,31.17,GRU-45
561976,2026-03-08,2026-03-18,31.05,30.76,31.28,GRU-45
561976,2026-03-08,2026-03-19,31.16,30.86,31.37,GRU-45
561976,2026-03-08,2026-03-20,31.24,30.95,31.45,GRU-45
561976,2026-03-08,2026-03-21,31.28,31.05,31.49,GRU-45
561976,2026-03-08,2026-03-22,31.38,31.12,31.56,GRU-45
561976,2026-03-08,2026-03-23,31.44,31.2,31.58,GRU-45
561976,2026-03-08,2026-03-24,31.49,31.28,31.63,GRU-45
561976,2026-03-08,2026-03-25,31.55,31.31,31.66,GRU-45
561976,2026-03-08,2026-03-26,31.6,31.38,31.69,GRU-45
561976,2026-03-08,2026-03-27,31.62,31.44,31.71,GRU-45
561976,2026-03-08,2026-03-28,31.66,31.47,31.73,GRU-45
561976,2026-03-08,2026-03-29,31.68,31.54,31.73,GRU-45
561976,2026-03-08,2026-03-30,31.69,31.57,31.74,GRU-45
561976,2026-03-08,2026-03-31,31.7,31.58,31.74,GRU-45
561976,2026-03-08,2026-04-01,31.71,31.61,31.74,GRU-45
561976,2026-03-08,2026-04-02,31.72,31.63,31.75,GRU-45
561976,2026-03-08,2026-04-03,31.73,31.66,31.75,GRU-45
561976,2026-03-08,2026-04-04,31.73,31.67,31.75,GRU-45
561976,2026-03-08,2026-04-05,31.74,31.69,31.75,GRU-45
561976,2026-03-08,2026-04-06,31.74,31.7,31.75,GRU-45
561976,2026-03-08,2026-04-07,31.74,31.7,31.75,GRU-45
561977,2026-03-08,2026-03-09,25.4,25.39,25.42,GRU-45
561977,2026-03-08,2026-03-10,25.42,25.39,25.45,GRU-45
561977,2026-03-08,2026-03-11,25.44,25.4,25.49,GRU-45
561977,2026-03-08,2026-03-12,25.46,25.41,25.52,GRU-45
561977,2026-03-08,2026-03-13,25.49,25.42,25.56,GRU-45
561977,2026-03-08,2026-03-14,25.53,25.45,25.6,GRU-45
561977,2026-03-08,2026-03-15,25.57,25.46,25.66,GRU-45
561977,2026-03-08,2026-03-16,25.59,25.49,25.7,GRU-45
561977,2026-03-08,2026-03-17,25.63,25.52,25.73,GRU-45
561977,2026-03-08,2026-03-18,25.67,25.56,25.78,GRU-45
561977,2026-03-08,2026-03-19,25.71,25.58,25.83,GRU-45
561977,2026-03-08,2026-03-20,25.76,25.6,25.86,GRU-45
561977,2026-03-08,2026-03-21,25.78,25.64,25.88,GRU-45
561977,2026-03-08,2026-03-22,25.83,25.65,25.93,GRU-45
561977,2026-03-08,2026-03-23,25.85,25.71,25.96,GRU-45
561977,2026-03-08,2026-03-24,25.89,25.74,26.01,GRU-45
561977,2026-03-08,2026-03-25,25.93,25.77,26.02,GRU-45
561977,2026-03-08,2026-03-26,25.95,25.77,26.08,GRU-45
561977,2026-03-08,2026-03-27,25.99,25.8,26.1,GRU-45
561977,2026-03-08,2026-03-28,26.05,25.86,26.16,GRU-45
561977,2026-03-08,2026-03-29,26.05,25.91,26.15,GRU-45
561977,2026-03-08,2026-03-30,26.09,25.95,26.19,GRU-45
561977,2026-03-08,2026-03-31,26.12,25.94,26.19,GRU-45
561977,2026-03-08,2026-04-01,26.13,25.98,26.2,GRU-45
561977,2026-03-08,2026-04-02,26.14,25.99,26.22,GRU-45
561977,2026-03-08,2026-04-03,26.17,26.02,26.23,GRU-45
561977,2026-03-08,2026-04-04,26.17,26.06,26.24,GRU-45
561977,2026-03-08,2026-04-05,26.19,26.05,26.24,GRU-45
561977,2026-03-08,2026-04-06,26.2,26.08,26.25,GRU-45
561977,2026-03-08,2026-04-07,26.19,26.06,26.24,GRU-45
561978,2026-03-08,2026-03-09,17.62,17.62,17.63,GRU-45
561978,2026-03-08,2026-03-10,17.61,17.6,17.62,GRU-45
561978,2026-03-08,2026-03-11,17.58,17.57,17.6,GRU-45
561978,2026-03-08,2026-03-12,17.57,17.55,17.59,GRU-45
561978,2026-03-08,2026-03-13,17.55,17.52,17.57,GRU-45
561978,2026-03-08,2026-03-14,17.52,17.5,17.56,GRU-45
561978,2026-03-08,2026-03-15,17.5,17.48,17.54,GRU-45
561978,2026-03-08,2026-03-16,17.48,17.46,17.52,GRU-45
561978,2026-03-08,2026-03-17,17.46,17.44,17.5,GRU-45
561978,2026-03-08,2026-03-18,17.44,17.42,17.48,GRU-45
561978,2026-03-08,2026-03-19,17.43,17.41,17.46,GRU-45
561978,2026-03-08,2026-03-20,17.41,17.39,17.44,GRU-45
561978,2026-03-08,2026-03-21,17.39,17.38,17.41,GRU-45
561978,2026-03-08,2026-03-22,17.38,17.37,17.4,GRU-45
561978,2026-03-08,2026-03-23,17.37,17.37,17.38,GRU-45
561978,2026-03-08,2026-03-24,17.37,17.37,17.38,GRU-45
561978,2026-03-08,2026-03-25,17.37,17.37,17.38,GRU-45
561978,2026-03-08,2026-03-26,17.37,17.37,17.37,GRU-45
561978,2026-03-08,2026-03-27,17.37,17.37,17.37,GRU-45
561978,2026-03-08,2026-03-28,17.37,17.37,17.37,GRU-45
561978,2026-03-08,2026-03-29,17.37,17.37,17.37,GRU-45
561978,2026-03-08,2026-03-30,17.37,17.37,17.37,GRU-45
561978,2026-03-08,2026-03-31,17.37,17.37,17.37,GRU-45
561978,2026-03-08,2026-04-01,17.37,17.36,17.37,GRU-45
561978,2026-03-08,2026-04-02,17.37,17.37,17.37,GRU-45
561978,2026-03-08,2026-04-03,17.37,17.36,17.37,GRU-45
561978,2026-03-08,2026-04-04,17.37,17.36,17.37,GRU-45
561978,2026-03-08,2026-04-05,17.37,17.36,17.37,GRU-45
561978,2026-03-08,2026-04-06,17.37,17.36,17.37,GRU-45
561978,2026-03-08,2026-04-07,17.37,17.36,17.37,GRU-45
561979,2026-03-08,2026-03-09,20.11,20.1,20.12,GRU-45
561979,2026-03-08,2026-03-10,20.12,20.1,20.15,GRU-45
561979,2026-03-08,2026-03-11,20.13,20.1,20.17,GRU-45
561979,2026-03-08,2026-03-12,20.13,20.1,20.17,GRU-45
561979,2026-03-08,2026-03-13,20.15,20.1,20.2,GRU-45
561979,2026-03-08,2026-03-14,20.16,20.11,20.22,GRU-45
561979,2026-03-08,2026-03-15,20.18,20.12,20.25,GRU-45
561979,2026-03-08,2026-03-16,20.2,20.14,20.26,GRU-45
561979,2026-03-08,2026-03-17,20.21,20.15,20.28,GRU-45
561979,2026-03-08,2026-03-18,20.25,20.17,20.34,GRU-45
561979,2026-03-08,2026-03-19,20.27,20.2,20.35,GRU-45
561979,2026-03-08,2026-03-20,20.3,20.2,20.39,GRU-45
561979,2026-03-08,2026-03-21,20.31,20.24,20.39,GRU-45
561979,2026-03-08,2026-03-22,20.35,20.25,20.45,GRU-45
561979,2026-03-08,2026-03-23,20.36,20.27,20.44,GRU-45
561979,2026-03-08,2026-03-24,20.4,20.3,20.48,GRU-45
561979,2026-03-08,2026-03-25,20.42,20.3,20.5,GRU-45
561979,2026-03-08,2026-03-26,20.43,20.3,20.56,GRU-45
561979,2026-03-08,2026-03-27,20.48,20.36,20.59,GRU-45
561979,2026-03-08,2026-03-28,20.5,20.36,20.63,GRU-45
561979,2026-03-08,2026-03-29,20.49,20.37,20.6,GRU-45
561979,2026-03-08,2026-03-30,20.57,20.41,20.69,GRU-45
561979,2026-03-08,2026-03-31,20.59,20.4,20.69,GRU-45
561979,2026-03-08,2026-04-01,20.59,20.43,20.7,GRU-45
561979,2026-03-08,2026-04-02,20.61,20.46,20.75,GRU-45
561979,2026-03-08,2026-04-03,20.64,20.47,20.77,GRU-45
561979,2026-03-08,2026-04-04,20.65,20.48,20.78,GRU-45
561979,2026-03-08,2026-04-05,20.66,20.49,20.79,GRU-45
561979,2026-03-08,2026-04-06,20.65,20.49,20.8,GRU-45
561979,2026-03-08,2026-04-07,20.69,20.53,20.8,GRU-45
561980,2026-03-08,2026-03-09,50.56,50.55,50.57,GRU-45
561980,2026-03-08,2026-03-10,50.52,50.5,50.54,GRU-45
561980,2026-03-08,2026-03-11,50.49,50.46,50.51,GRU-45
561980,2026-03-08,2026-03-12,50.45,50.42,50.48,GRU-45
561980,2026-03-08,2026-03-13,50.42,50.38,50.46,GRU-45
561980,2026-03-08,2026-03-14,50.4,50.35,50.44,GRU-45
561980,2026-03-08,2026-03-15,50.37,50.32,50.42,GRU-45
561980,2026-03-08,2026-03-16,50.38,50.3,50.44,GRU-45
561980,2026-03-08,2026-03-17,50.35,50.27,50.42,GRU-45
561980,2026-03-08,2026-03-18,50.33,50.24,50.41,GRU-45
561980,2026-03-08,2026-03-19,50.33,50.22,50.41,GRU-45
561980,2026-03-08,2026-03-20,50.3,50.19,50.41,GRU-45
561980,2026-03-08,2026-03-21,50.32,50.17,50.43,GRU-45
561980,2026-03-08,2026-03-22,50.3,50.18,50.43,GRU-45
561980,2026-03-08,2026-03-23,50.31,50.13,50.45,GRU-45
561980,2026-03-08,2026-03-24,50.28,50.09,50.43,GRU-45
561980,2026-03-08,2026-03-25,50.17,50.01,50.39,GRU-45
561980,2026-03-08,2026-03-26,50.15,49.94,50.36,GRU-45
561980,2026-03-08,2026-03-27,50.15,49.96,50.38,GRU-45
561980,2026-03-08,2026-03-28,50.06,49.88,50.29,GRU-45
561980,2026-03-08,2026-03-29,50.17,49.99,50.39,GRU-45
561980,2026-03-08,2026-03-30,50.16,49.98,50.38,GRU-45
561980,2026-03-08,2026-03-31,50.14,49.89,50.35,GRU-45
561980,2026-03-08,2026-04-01,50.13,49.93,50.36,GRU-45
561980,2026-03-08,2026-04-02,50.05,49.82,50.31,GRU-45
561980,2026-03-08,2026-04-03,50.09,49.89,50.31,GRU-45
561980,2026-03-08,2026-04-04,50.0,49.74,50.31,GRU-45
561980,2026-03-08,2026-04-05,50.01,49.82,50.27,GRU-45
561980,2026-03-08,2026-04-06,50.05,49.82,50.28,GRU-45
561980,2026-03-08,2026-04-07,50.06,49.84,50.28,GRU-45
561981,2026-03-08,2026-03-09,39.92,39.9,39.93,GRU-45
561981,2026-03-08,2026-03-10,39.86,39.83,39.89,GRU-45
561981,2026-03-08,2026-03-11,39.79,39.75,39.83,GRU-45
561981,2026-03-08,2026-03-12,39.72,39.67,39.78,GRU-45
561981,2026-03-08,2026-03-13,39.66,39.59,39.73,GRU-45
561981,2026-03-08,2026-03-14,39.59,39.51,39.68,GRU-45
561981,2026-03-08,2026-03-15,39.51,39.42,39.61,GRU-45
561981,2026-03-08,2026-03-16,39.44,39.35,39.57,GRU-45
561981,2026-03-08,2026-03-17,39.37,39.26,39.51,GRU-45
561981,2026-03-08,2026-03-18,39.3,39.2,39.45,GRU-45
561981,2026-03-08,2026-03-19,39.24,39.14,39.39,GRU-45
561981,2026-03-08,2026-03-20,39.15,39.08,39.32,GRU-45
561981,2026-03-08,2026-03-21,39.08,39.03,39.2,GRU-45
561981,2026-03-08,2026-03-22,39.04,39.0,39.13,GRU-45
561981,2026-03-08,2026-03-23,39.0,38.99,39.07,GRU-45
561981,2026-03-08,2026-03-24,39.0,38.99,39.03,GRU-45
561981,2026-03-08,2026-03-25,38.99,38.99,39.0,GRU-45
561981,2026-03-08,2026-03-26,38.99,38.99,39.0,GRU-45
561981,2026-03-08,2026-03-27,38.99,38.99,38.99,GRU-45
561981,2026-03-08,2026-03-28,38.99,38.99,38.99,GRU-45
561981,2026-03-08,2026-03-29,38.99,38.99,38.99,GRU-45
561981,2026-03-08,2026-03-30,38.99,38.99,38.99,GRU-45
561981,2026-03-08,2026-03-31,38.99,38.99,38.99,GRU-45
561981,2026-03-08,2026-04-01,38.99,38.99,38.99,GRU-45
561981,2026-03-08,2026-04-02,38.99,38.99,38.99,GRU-45
561981,2026-03-08,2026-04-03,38.99,38.99,38.99,GRU-45
561981,2026-03-08,2026-04-04,38.99,38.99,38.99,GRU-45
561981,2026-03-08,2026-04-05,38.99,38.99,38.99,GRU-45
561981,2026-03-08,2026-04-06,38.99,38.99,38.99,GRU-45
561981,2026-03-08,2026-04-07,38.99,38.99,38.99,GRU-45
561982,2026-03-08,2026-03-09,54.68,54.58,54.76,GRU-45
561982,2026-03-08,2026-03-10,54.3,54.15,54.47,GRU-45
561982,2026-03-08,2026-03-11,53.91,53.63,54.16,GRU-45
561982,2026-03-08,2026-03-12,53.5,53.18,53.87,GRU-45
561982,2026-03-08,2026-03-13,53.11,52.7,53.58,GRU-45
561982,2026-03-08,2026-03-14,52.72,52.23,53.3,GRU-45
561982,2026-03-08,2026-03-15,52.31,51.87,52.97,GRU-45
561982,2026-03-08,2026-03-16,51.91,51.36,52.74,GRU-45
561982,2026-03-08,2026-03-17,51.47,50.9,52.33,GRU-45
561982,2026-03-08,2026-03-18,51.09,50.5,51.92,GRU-45
561982,2026-03-08,2026-03-19,50.66,50.19,51.61,GRU-45
561982,2026-03-08,2026-03-20,50.28,49.76,51.04,GRU-45
561982,2026-03-08,2026-03-21,49.85,49.51,50.46,GRU-45
561982,2026-03-08,2026-03-22,49.58,49.37,50.14,GRU-45
561982,2026-03-08,2026-03-23,49.4,49.28,49.76,GRU-45
561982,2026-03-08,2026-03-24,49.3,49.26,49.58,GRU-45
561982,2026-03-08,2026-03-25,49.27,49.24,49.4,GRU-45
561982,2026-03-08,2026-03-26,49.25,49.24,49.31,GRU-45
561982,2026-03-08,2026-03-27,49.24,49.24,49.31,GRU-45
561982,2026-03-08,2026-03-28,49.24,49.24,49.28,GRU-45
561982,2026-03-08,2026-03-29,49.24,49.24,49.27,GRU-45
561982,2026-03-08,2026-03-30,49.24,49.24,49.25,GRU-45
561982,2026-03-08,2026-03-31,49.24,49.24,49.26,GRU-45
561982,2026-03-08,2026-04-01,49.24,49.24,49.26,GRU-45
561982,2026-03-08,2026-04-02,49.24,49.24,49.26,GRU-45
561982,2026-03-08,2026-04-03,49.24,49.24,49.25,GRU-45
561982,2026-03-08,2026-04-04,49.24,49.24,49.25,GRU-45
561982,2026-03-08,2026-04-05,49.24,49.24,49.24,GRU-45
561982,2026-03-08,2026-04-06,49.24,49.24,49.25,GRU-45
561982,2026-03-08,2026-04-07,49.24,49.24,49.24,GRU-45
561983,2026-03-08,2026-03-09,89.12,89.07,89.16,GRU-45
561983,2026-03-08,2026-03-10,88.98,88.9,89.07,GRU-45
561983,2026-03-08,2026-03-11,88.79,88.69,88.92,GRU-45
561983,2026-03-08,2026-03-12,88.62,88.48,88.81,GRU-45
561983,2026-03-08,2026-03-13,88.46,88.27,88.67,GRU-45
561983,2026-03-08,2026-03-14,88.29,88.09,88.55,GRU-45
561983,2026-03-08,2026-03-15,88.12,87.91,88.42,GRU-45
561983,2026-03-08,2026-03-16,87.94,87.72,88.28,GRU-45
561983,2026-03-08,2026-03-17,87.78,87.57,88.13,GRU-45
561983,2026-03-08,2026-03-18,87.67,87.48,88.01,GRU-45
561983,2026-03-08,2026-03-19,87.51,87.37,87.83,GRU-45
561983,2026-03-08,2026-03-20,87.39,87.3,87.62,GRU-45
561983,2026-03-08,2026-03-21,87.31,87.26,87.49,GRU-45
561983,2026-03-08,2026-03-22,87.26,87.25,87.34,GRU-45
561983,2026-03-08,2026-03-23,87.25,87.24,87.28,GRU-45
561983,2026-03-08,2026-03-24,87.24,87.24,87.26,GRU-45
561983,2026-03-08,2026-03-25,87.24,87.24,87.25,GRU-45
561983,2026-03-08,2026-03-26,87.24,87.24,87.24,GRU-45
561983,2026-03-08,2026-03-27,87.24,87.24,87.24,GRU-45
561983,2026-03-08,2026-03-28,87.24,87.24,87.24,GRU-45
561983,2026-03-08,2026-03-29,87.24,87.24,87.24,GRU-45
561983,2026-03-08,2026-03-30,87.24,87.24,87.24,GRU-45
561983,2026-03-08,2026-03-31,87.24,87.24,87.24,GRU-45
561983,2026-03-08,2026-04-01,87.24,87.24,87.24,GRU-45
561983,2026-03-08,2026-04-02,87.24,87.24,87.24,GRU-45
561983,2026-03-08,2026-04-03,87.24,87.24,87.24,GRU-45
561983,2026-03-08,2026-04-04,87.24,87.24,87.24,GRU-45
561983,2026-03-08,2026-04-05,87.24,87.24,87.24,GRU-45
561983,2026-03-08,2026-04-06,87.24,87.24,87.24,GRU-45
561983,2026-03-08,2026-04-07,87.24,87.24,87.24,GRU-45
561984,2026-03-08,2026-03-09,65.34,65.28,65.4,GRU-45
561984,2026-03-08,2026-03-10,65.08,64.96,65.17,GRU-45
561984,2026-03-08,2026-03-11,64.75,64.59,64.91,GRU-45
561984,2026-03-08,2026-03-12,64.45,64.23,64.64,GRU-45
561984,2026-03-08,2026-03-13,64.15,63.88,64.37,GRU-45
561984,2026-03-08,2026-03-14,63.85,63.52,64.13,GRU-45
561984,2026-03-08,2026-03-15,63.55,63.19,63.87,GRU-45
561984,2026-03-08,2026-03-16,63.29,62.86,63.62,GRU-45
561984,2026-03-08,2026-03-17,62.93,62.55,63.33,GRU-45
561984,2026-03-08,2026-03-18,62.68,62.29,63.1,GRU-45
561984,2026-03-08,2026-03-19,62.4,62.08,62.82,GRU-45
561984,2026-03-08,2026-03-20,62.08,61.88,62.53,GRU-45
561984,2026-03-08,2026-03-21,61.86,61.73,62.17,GRU-45
561984,2026-03-08,2026-03-22,61.74,61.66,61.98,GRU-45
561984,2026-03-08,2026-03-23,61.65,61.62,61.78,GRU-45
561984,2026-03-08,2026-03-24,61.63,61.62,61.71,GRU-45
561984,2026-03-08,2026-03-25,61.62,61.61,61.68,GRU-45
561984,2026-03-08,2026-03-26,61.62,61.61,61.63,GRU-45
561984,2026-03-08,2026-03-27,61.61,61.61,61.63,GRU-45
561984,2026-03-08,2026-03-28,61.61,61.61,61.62,GRU-45
561984,2026-03-08,2026-03-29,61.61,61.61,61.62,GRU-45
561984,2026-03-08,2026-03-30,61.61,61.61,61.62,GRU-45
561984,2026-03-08,2026-03-31,61.61,61.61,61.62,GRU-45
561984,2026-03-08,2026-04-01,61.61,61.61,61.62,GRU-45
561984,2026-03-08,2026-04-02,61.61,61.61,61.62,GRU-45
561984,2026-03-08,2026-04-03,61.61,61.61,61.61,GRU-45
561984,2026-03-08,2026-04-04,61.61,61.61,61.61,GRU-45
561984,2026-03-08,2026-04-05,61.61,61.61,61.61,GRU-45
561984,2026-03-08,2026-04-06,61.61,61.61,61.61,GRU-45
561984,2026-03-08,2026-04-07,61.61,61.61,61.61,GRU-45
561991,2026-03-08,2026-03-09,105.53,105.44,105.63,GRU-45
561991,2026-03-08,2026-03-10,105.23,105.1,105.39,GRU-45
561991,2026-03-08,2026-03-11,104.94,104.71,105.22,GRU-45
561991,2026-03-08,2026-03-12,104.63,104.34,104.98,GRU-45
561991,2026-03-08,2026-03-13,104.36,103.95,104.74,GRU-45
561991,2026-03-08,2026-03-14,104.04,103.58,104.5,GRU-45
561991,2026-03-08,2026-03-15,103.87,103.29,104.38,GRU-45
561991,2026-03-08,2026-03-16,103.49,102.91,104.09,GRU-45
561991,2026-03-08,2026-03-17,103.22,102.58,104.03,GRU-45
561991,2026-03-08,2026-03-18,102.85,102.13,103.66,GRU-45
561991,2026-03-08,2026-03-19,102.31,101.61,103.08,GRU-45
561991,2026-03-08,2026-03-20,101.82,101.1,102.72,GRU-45
561991,2026-03-08,2026-03-21,101.27,100.61,102.27,GRU-45
561991,2026-03-08,2026-03-22,100.67,100.3,101.53,GRU-45
561991,2026-03-08,2026-03-23,100.33,99.96,101.02,GRU-45
561991,2026-03-08,2026-03-24,100.09,99.85,100.62,GRU-45
561991,2026-03-08,2026-03-25,99.92,99.78,100.27,GRU-45
561991,2026-03-08,2026-03-26,99.82,99.76,100.12,GRU-45
561991,2026-03-08,2026-03-27,99.81,99.75,100.06,GRU-45
561991,2026-03-08,2026-03-28,99.78,99.75,100.06,GRU-45
561991,2026-03-08,2026-03-29,99.77,99.75,99.97,GRU-45
561991,2026-03-08,2026-03-30,99.76,99.74,99.88,GRU-45
561991,2026-03-08,2026-03-31,99.76,99.74,99.86,GRU-45
561991,2026-03-08,2026-04-01,99.76,99.74,99.88,GRU-45
561991,2026-03-08,2026-04-02,99.75,99.74,99.84,GRU-45
561991,2026-03-08,2026-04-03,99.75,99.74,99.84,GRU-45
561991,2026-03-08,2026-04-04,99.75,99.74,99.82,GRU-45
561991,2026-03-08,2026-04-05,99.75,99.74,99.79,GRU-45
561991,2026-03-08,2026-04-06,99.75,99.74,99.83,GRU-45
561991,2026-03-08,2026-04-07,99.74,99.74,99.78,GRU-45
561992,2026-03-08,2026-03-09,38.94,38.91,38.96,GRU-45
561992,2026-03-08,2026-03-10,38.97,38.91,39.01,GRU-45
561992,2026-03-08,2026-03-11,39.0,38.92,39.06,GRU-45
561992,2026-03-08,2026-03-12,39.03,38.92,39.1,GRU-45
561992,2026-03-08,2026-03-13,39.07,38.94,39.15,GRU-45
561992,2026-03-08,2026-03-14,39.13,38.96,39.21,GRU-45
561992,2026-03-08,2026-03-15,39.17,38.96,39.27,GRU-45
561992,2026-03-08,2026-03-16,39.22,39.01,39.31,GRU-45
561992,2026-03-08,2026-03-17,39.26,39.06,39.37,GRU-45
561992,2026-03-08,2026-03-18,39.32,39.09,39.47,GRU-45
561992,2026-03-08,2026-03-19,39.38,39.13,39.5,GRU-45
561992,2026-03-08,2026-03-20,39.43,39.16,39.55,GRU-45
561992,2026-03-08,2026-03-21,39.45,39.23,39.57,GRU-45
561992,2026-03-08,2026-03-22,39.52,39.23,39.66,GRU-45
561992,2026-03-08,2026-03-23,39.53,39.28,39.71,GRU-45
561992,2026-03-08,2026-03-24,39.6,39.34,39.77,GRU-45
561992,2026-03-08,2026-03-25,39.62,39.37,39.82,GRU-45
561992,2026-03-08,2026-03-26,39.69,39.39,39.85,GRU-45
561992,2026-03-08,2026-03-27,39.7,39.4,39.88,GRU-45
561992,2026-03-08,2026-03-28,39.77,39.42,39.93,GRU-45
561992,2026-03-08,2026-03-29,39.79,39.47,39.95,GRU-45
561992,2026-03-08,2026-03-30,39.86,39.54,39.99,GRU-45
561992,2026-03-08,2026-03-31,39.88,39.57,40.01,GRU-45
561992,2026-03-08,2026-04-01,39.9,39.62,40.01,GRU-45
561992,2026-03-08,2026-04-02,39.92,39.64,40.04,GRU-45
561992,2026-03-08,2026-04-03,39.96,39.64,40.05,GRU-45
561992,2026-03-08,2026-04-04,39.98,39.64,40.06,GRU-45
561992,2026-03-08,2026-04-05,39.99,39.72,40.07,GRU-45
561992,2026-03-08,2026-04-06,40.01,39.72,40.07,GRU-45
561992,2026-03-08,2026-04-07,40.0,39.76,40.08,GRU-45
561993,2026-03-08,2026-03-09,39.64,39.59,39.67,GRU-45
561993,2026-03-08,2026-03-10,39.64,39.47,39.7,GRU-45
561993,2026-03-08,2026-03-11,39.57,39.37,39.66,GRU-45
561993,2026-03-08,2026-03-12,39.47,39.26,39.58,GRU-45
561993,2026-03-08,2026-03-13,39.44,39.17,39.6,GRU-45
561993,2026-03-08,2026-03-14,39.37,39.12,39.55,GRU-45
561993,2026-03-08,2026-03-15,39.32,39.03,39.55,GRU-45
561993,2026-03-08,2026-03-16,39.31,39.07,39.52,GRU-45
561993,2026-03-08,2026-03-17,39.29,39.03,39.54,GRU-45
561993,2026-03-08,2026-03-18,39.29,38.94,39.65,GRU-45
561993,2026-03-08,2026-03-19,39.29,38.98,39.58,GRU-45
561993,2026-03-08,2026-03-20,39.3,38.94,39.63,GRU-45
561993,2026-03-08,2026-03-21,39.32,38.97,39.57,GRU-45
561993,2026-03-08,2026-03-22,39.33,38.85,39.68,GRU-45
561993,2026-03-08,2026-03-23,39.29,38.89,39.62,GRU-45
561993,2026-03-08,2026-03-24,39.28,38.76,39.62,GRU-45
561993,2026-03-08,2026-03-25,39.15,38.65,39.55,GRU-45
561993,2026-03-08,2026-03-26,38.95,38.4,39.51,GRU-45
561993,2026-03-08,2026-03-27,39.17,38.56,39.69,GRU-45
561993,2026-03-08,2026-03-28,38.93,38.28,39.46,GRU-45
561993,2026-03-08,2026-03-29,39.17,38.56,39.5,GRU-45
561993,2026-03-08,2026-03-30,39.17,38.56,39.7,GRU-45
561993,2026-03-08,2026-03-31,39.13,38.54,39.6,GRU-45
561993,2026-03-08,2026-04-01,39.17,38.49,39.62,GRU-45
561993,2026-03-08,2026-04-02,39.06,38.17,39.64,GRU-45
561993,2026-03-08,2026-04-03,39.06,38.3,39.57,GRU-45
561993,2026-03-08,2026-04-04,38.86,37.96,39.46,GRU-45
561993,2026-03-08,2026-04-05,38.96,38.18,39.45,GRU-45
561993,2026-03-08,2026-04-06,39.05,38.31,39.52,GRU-45
561993,2026-03-08,2026-04-07,39.19,38.37,39.64,GRU-45
561994,2026-03-08,2026-03-09,37.95,37.94,37.95,GRU-45
561994,2026-03-08,2026-03-10,37.94,37.93,37.95,GRU-45
561994,2026-03-08,2026-03-11,37.93,37.92,37.95,GRU-45
561994,2026-03-08,2026-03-12,37.92,37.9,37.95,GRU-45
561994,2026-03-08,2026-03-13,37.92,37.89,37.95,GRU-45
561994,2026-03-08,2026-03-14,37.92,37.89,37.96,GRU-45
561994,2026-03-08,2026-03-15,37.92,37.88,37.97,GRU-45
561994,2026-03-08,2026-03-16,37.95,37.91,37.99,GRU-45
561994,2026-03-08,2026-03-17,37.95,37.9,37.99,GRU-45
561994,2026-03-08,2026-03-18,37.94,37.89,38.0,GRU-45
561994,2026-03-08,2026-03-19,37.96,37.91,38.02,GRU-45
561994,2026-03-08,2026-03-20,37.96,37.9,38.03,GRU-45
561994,2026-03-08,2026-03-21,37.99,37.94,38.05,GRU-45
561994,2026-03-08,2026-03-22,38.0,37.93,38.07,GRU-45
561994,2026-03-08,2026-03-23,38.01,37.96,38.08,GRU-45
561994,2026-03-08,2026-03-24,38.03,37.97,38.1,GRU-45
561994,2026-03-08,2026-03-25,38.01,37.95,38.08,GRU-45
561994,2026-03-08,2026-03-26,37.98,37.9,38.08,GRU-45
561994,2026-03-08,2026-03-27,38.02,37.97,38.11,GRU-45
561994,2026-03-08,2026-03-28,37.98,37.89,38.11,GRU-45
561994,2026-03-08,2026-03-29,38.04,37.97,38.15,GRU-45
561994,2026-03-08,2026-03-30,38.06,37.96,38.17,GRU-45
561994,2026-03-08,2026-03-31,38.07,37.98,38.2,GRU-45
561994,2026-03-08,2026-04-01,38.05,37.95,38.16,GRU-45
561994,2026-03-08,2026-04-02,38.04,37.93,38.17,GRU-45
561994,2026-03-08,2026-04-03,38.08,37.95,38.22,GRU-45
561994,2026-03-08,2026-04-04,38.09,37.96,38.23,GRU-45
561994,2026-03-08,2026-04-05,38.08,37.94,38.22,GRU-45
561994,2026-03-08,2026-04-06,38.06,37.92,38.21,GRU-45
561994,2026-03-08,2026-04-07,38.1,37.99,38.24,GRU-45
561995,2026-03-08,2026-03-09,24.69,24.68,24.71,GRU-45
561995,2026-03-08,2026-03-10,24.67,24.63,24.7,GRU-45
561995,2026-03-08,2026-03-11,24.65,24.6,24.69,GRU-45
561995,2026-03-08,2026-03-12,24.62,24.57,24.69,GRU-45
561995,2026-03-08,2026-03-13,24.61,24.54,24.69,GRU-45
561995,2026-03-08,2026-03-14,24.62,24.53,24.71,GRU-45
561995,2026-03-08,2026-03-15,24.61,24.51,24.73,GRU-45
561995,2026-03-08,2026-03-16,24.66,24.54,24.78,GRU-45
561995,2026-03-08,2026-03-17,24.67,24.53,24.8,GRU-45
561995,2026-03-08,2026-03-18,24.67,24.52,24.82,GRU-45
561995,2026-03-08,2026-03-19,24.72,24.55,24.88,GRU-45
561995,2026-03-08,2026-03-20,24.7,24.53,24.86,GRU-45
561995,2026-03-08,2026-03-21,24.76,24.59,24.94,GRU-45
561995,2026-03-08,2026-03-22,24.77,24.57,24.97,GRU-45
561995,2026-03-08,2026-03-23,24.8,24.6,25.0,GRU-45
561995,2026-03-08,2026-03-24,24.84,24.64,25.06,GRU-45
561995,2026-03-08,2026-03-25,24.79,24.6,25.0,GRU-45
561995,2026-03-08,2026-03-26,24.72,24.47,25.02,GRU-45
561995,2026-03-08,2026-03-27,24.81,24.57,25.11,GRU-45
561995,2026-03-08,2026-03-28,24.81,24.57,25.14,GRU-45
561995,2026-03-08,2026-03-29,24.93,24.64,25.22,GRU-45
561995,2026-03-08,2026-03-30,24.93,24.6,25.25,GRU-45
561995,2026-03-08,2026-03-31,24.97,24.67,25.32,GRU-45
561995,2026-03-08,2026-04-01,24.94,24.67,25.29,GRU-45
561995,2026-03-08,2026-04-02,24.99,24.69,25.38,GRU-45
561995,2026-03-08,2026-04-03,25.02,24.67,25.44,GRU-45
561995,2026-03-08,2026-04-04,25.04,24.66,25.51,GRU-45
561995,2026-03-08,2026-04-05,25.05,24.67,25.49,GRU-45
561995,2026-03-08,2026-04-06,25.05,24.69,25.49,GRU-45
561995,2026-03-08,2026-04-07,25.2,24.86,25.6,GRU-45
562000,2026-03-08,2026-03-09,15.1,15.1,15.1,GRU-45
562000,2026-03-08,2026-03-10,15.08,15.08,15.09,GRU-45
562000,2026-03-08,2026-03-11,15.07,15.06,15.08,GRU-45
562000,2026-03-08,2026-03-12,15.05,15.04,15.06,GRU-45
562000,2026-03-08,2026-03-13,15.04,15.02,15.05,GRU-45
562000,2026-03-08,2026-03-14,15.02,15.0,15.04,GRU-45
562000,2026-03-08,2026-03-15,15.01,14.98,15.03,GRU-45
562000,2026-03-08,2026-03-16,15.0,14.96,15.03,GRU-45
562000,2026-03-08,2026-03-17,14.99,14.95,15.02,GRU-45
562000,2026-03-08,2026-03-18,14.97,14.93,15.01,GRU-45
562000,2026-03-08,2026-03-19,14.96,14.92,15.0,GRU-45
562000,2026-03-08,2026-03-20,14.95,14.9,15.01,GRU-45
562000,2026-03-08,2026-03-21,14.94,14.89,14.99,GRU-45
562000,2026-03-08,2026-03-22,14.92,14.86,14.99,GRU-45
562000,2026-03-08,2026-03-23,14.91,14.85,15.0,GRU-45
562000,2026-03-08,2026-03-24,14.9,14.83,14.98,GRU-45
562000,2026-03-08,2026-03-25,14.9,14.82,14.99,GRU-45
562000,2026-03-08,2026-03-26,14.91,14.83,14.99,GRU-45
562000,2026-03-08,2026-03-27,14.87,14.79,14.97,GRU-45
562000,2026-03-08,2026-03-28,14.85,14.78,14.96,GRU-45
562000,2026-03-08,2026-03-29,14.86,14.79,14.96,GRU-45
562000,2026-03-08,2026-03-30,14.88,14.79,14.96,GRU-45
562000,2026-03-08,2026-03-31,14.85,14.77,14.95,GRU-45
562000,2026-03-08,2026-04-01,14.85,14.77,14.96,GRU-45
562000,2026-03-08,2026-04-02,14.82,14.75,14.95,GRU-45
562000,2026-03-08,2026-04-03,14.85,14.76,14.95,GRU-45
562000,2026-03-08,2026-04-04,14.8,14.73,14.95,GRU-45
562000,2026-03-08,2026-04-05,14.83,14.76,14.95,GRU-45
562000,2026-03-08,2026-04-06,14.85,14.77,14.95,GRU-45
562000,2026-03-08,2026-04-07,14.84,14.76,14.92,GRU-45
562007,2026-03-08,2026-03-09,64.15,64.12,64.2,GRU-45
562007,2026-03-08,2026-03-10,64.1,64.04,64.21,GRU-45
562007,2026-03-08,2026-03-11,64.04,63.95,64.19,GRU-45
562007,2026-03-08,2026-03-12,63.99,63.86,64.19,GRU-45
562007,2026-03-08,2026-03-13,63.94,63.78,64.18,GRU-45
562007,2026-03-08,2026-03-14,63.91,63.72,64.15,GRU-45
562007,2026-03-08,2026-03-15,63.85,63.63,64.15,GRU-45
562007,2026-03-08,2026-03-16,63.87,63.62,64.11,GRU-45
562007,2026-03-08,2026-03-17,63.84,63.53,64.17,GRU-45
562007,2026-03-08,2026-03-18,63.79,63.45,64.21,GRU-45
562007,2026-03-08,2026-03-19,63.74,63.34,64.13,GRU-45
562007,2026-03-08,2026-03-20,63.7,63.23,64.12,GRU-45
562007,2026-03-08,2026-03-21,63.59,63.06,63.98,GRU-45
562007,2026-03-08,2026-03-22,63.38,62.81,63.79,GRU-45
562007,2026-03-08,2026-03-23,63.22,62.63,63.81,GRU-45
562007,2026-03-08,2026-03-24,62.9,62.33,63.49,GRU-45
562007,2026-03-08,2026-03-25,62.66,62.01,63.3,GRU-45
562007,2026-03-08,2026-03-26,62.37,61.83,62.9,GRU-45
562007,2026-03-08,2026-03-27,62.24,61.8,62.91,GRU-45
562007,2026-03-08,2026-03-28,62.08,61.63,62.7,GRU-45
562007,2026-03-08,2026-03-29,62.18,61.64,62.92,GRU-45
562007,2026-03-08,2026-03-30,61.91,61.57,62.64,GRU-45
562007,2026-03-08,2026-03-31,61.94,61.55,62.57,GRU-45
562007,2026-03-08,2026-04-01,61.91,61.51,62.53,GRU-45
562007,2026-03-08,2026-04-02,61.79,61.45,62.26,GRU-45
562007,2026-03-08,2026-04-03,61.86,61.51,62.45,GRU-45
562007,2026-03-08,2026-04-04,61.72,61.45,62.32,GRU-45
562007,2026-03-08,2026-04-05,61.66,61.43,62.32,GRU-45
562007,2026-03-08,2026-04-06,61.78,61.48,62.43,GRU-45
562007,2026-03-08,2026-04-07,61.61,61.41,62.26,GRU-45
562021,2026-03-08,2026-03-09,133.58,133.55,133.62,GRU-45
562021,2026-03-08,2026-03-10,133.43,133.38,133.51,GRU-45
562021,2026-03-08,2026-03-11,133.34,133.26,133.45,GRU-45
562021,2026-03-08,2026-03-12,133.2,133.11,133.36,GRU-45
562021,2026-03-08,2026-03-13,133.12,132.98,133.31,GRU-45
562021,2026-03-08,2026-03-14,133.13,132.96,133.35,GRU-45
562021,2026-03-08,2026-03-15,133.06,132.86,133.33,GRU-45
562021,2026-03-08,2026-03-16,133.24,133.0,133.52,GRU-45
562021,2026-03-08,2026-03-17,133.19,132.96,133.46,GRU-45
562021,2026-03-08,2026-03-18,133.11,132.86,133.42,GRU-45
562021,2026-03-08,2026-03-19,133.26,132.98,133.58,GRU-45
562021,2026-03-08,2026-03-20,133.21,132.91,133.61,GRU-45
562021,2026-03-08,2026-03-21,133.44,133.13,133.81,GRU-45
562021,2026-03-08,2026-03-22,133.42,133.04,133.88,GRU-45
562021,2026-03-08,2026-03-23,133.49,133.06,133.93,GRU-45
562021,2026-03-08,2026-03-24,133.56,133.07,134.03,GRU-45
562021,2026-03-08,2026-03-25,133.34,132.92,133.83,GRU-45
562021,2026-03-08,2026-03-26,132.94,132.46,133.57,GRU-45
562021,2026-03-08,2026-03-27,133.38,132.81,133.95,GRU-45
562021,2026-03-08,2026-03-28,132.99,132.43,133.63,GRU-45
562021,2026-03-08,2026-03-29,133.56,133.01,134.15,GRU-45
562021,2026-03-08,2026-03-30,133.52,132.87,134.23,GRU-45
562021,2026-03-08,2026-03-31,133.67,132.95,134.34,GRU-45
562021,2026-03-08,2026-04-01,133.56,132.84,134.24,GRU-45
562021,2026-03-08,2026-04-02,133.45,132.86,134.18,GRU-45
562021,2026-03-08,2026-04-03,133.65,132.87,134.41,GRU-45
562021,2026-03-08,2026-04-04,133.52,132.63,134.63,GRU-45
562021,2026-03-08,2026-04-05,133.46,132.73,134.42,GRU-45
562021,2026-03-08,2026-04-06,133.42,132.59,134.53,GRU-45
562021,2026-03-08,2026-04-07,134.0,133.34,134.75,GRU-45
590822,2026-03-08,2026-03-09,24.11,24.1,24.13,GRU-45
590822,2026-03-08,2026-03-10,24.12,24.09,24.14,GRU-45
590822,2026-03-08,2026-03-11,24.14,24.09,24.17,GRU-45
590822,2026-03-08,2026-03-12,24.14,24.08,24.18,GRU-45
590822,2026-03-08,2026-03-13,24.16,24.09,24.21,GRU-45
590822,2026-03-08,2026-03-14,24.19,24.1,24.25,GRU-45
590822,2026-03-08,2026-03-15,24.21,24.1,24.28,GRU-45
590822,2026-03-08,2026-03-16,24.24,24.13,24.34,GRU-45
590822,2026-03-08,2026-03-17,24.24,24.12,24.33,GRU-45
590822,2026-03-08,2026-03-18,24.29,24.15,24.4,GRU-45
590822,2026-03-08,2026-03-19,24.32,24.17,24.43,GRU-45
590822,2026-03-08,2026-03-20,24.36,24.2,24.47,GRU-45
590822,2026-03-08,2026-03-21,24.39,24.23,24.51,GRU-45
590822,2026-03-08,2026-03-22,24.43,24.26,24.57,GRU-45
590822,2026-03-08,2026-03-23,24.49,24.29,24.62,GRU-45
590822,2026-03-08,2026-03-24,24.48,24.28,24.61,GRU-45
590822,2026-03-08,2026-03-25,24.52,24.32,24.63,GRU-45
590822,2026-03-08,2026-03-26,24.59,24.37,24.71,GRU-45
590822,2026-03-08,2026-03-27,24.61,24.37,24.72,GRU-45
590822,2026-03-08,2026-03-28,24.68,24.45,24.77,GRU-45
590822,2026-03-08,2026-03-29,24.68,24.41,24.79,GRU-45
590822,2026-03-08,2026-03-30,24.69,24.44,24.8,GRU-45
590822,2026-03-08,2026-03-31,24.7,24.46,24.8,GRU-45
590822,2026-03-08,2026-04-01,24.71,24.47,24.81,GRU-45
590822,2026-03-08,2026-04-02,24.75,24.5,24.83,GRU-45
590822,2026-03-08,2026-04-03,24.79,24.53,24.86,GRU-45
590822,2026-03-08,2026-04-04,24.79,24.54,24.86,GRU-45
590822,2026-03-08,2026-04-05,24.8,24.59,24.87,GRU-45
590822,2026-03-08,2026-04-06,24.82,24.58,24.88,GRU-45
590822,2026-03-08,2026-04-07,24.8,24.6,24.86,GRU-45
591994,2026-03-08,2026-03-09,53.84,53.81,53.87,GRU-45
591994,2026-03-08,2026-03-10,53.7,53.64,53.76,GRU-45
591994,2026-03-08,2026-03-11,53.54,53.46,53.62,GRU-45
591994,2026-03-08,2026-03-12,53.39,53.27,53.5,GRU-45
591994,2026-03-08,2026-03-13,53.23,53.08,53.37,GRU-45
591994,2026-03-08,2026-03-14,53.08,52.92,53.26,GRU-45
591994,2026-03-08,2026-03-15,52.95,52.77,53.14,GRU-45
591994,2026-03-08,2026-03-16,52.79,52.61,53.01,GRU-45
591994,2026-03-08,2026-03-17,52.65,52.49,52.88,GRU-45
591994,2026-03-08,2026-03-18,52.55,52.43,52.76,GRU-45
591994,2026-03-08,2026-03-19,52.47,52.35,52.64,GRU-45
591994,2026-03-08,2026-03-20,52.38,52.32,52.49,GRU-45
591994,2026-03-08,2026-03-21,52.32,52.29,52.41,GRU-45
591994,2026-03-08,2026-03-22,52.3,52.28,52.36,GRU-45
591994,2026-03-08,2026-03-23,52.28,52.27,52.31,GRU-45
591994,2026-03-08,2026-03-24,52.27,52.27,52.3,GRU-45
591994,2026-03-08,2026-03-25,52.27,52.27,52.28,GRU-45
591994,2026-03-08,2026-03-26,52.27,52.27,52.28,GRU-45
591994,2026-03-08,2026-03-27,52.27,52.27,52.27,GRU-45
591994,2026-03-08,2026-03-28,52.27,52.27,52.27,GRU-45
591994,2026-03-08,2026-03-29,52.27,52.27,52.27,GRU-45
591994,2026-03-08,2026-03-30,52.27,52.27,52.27,GRU-45
591994,2026-03-08,2026-03-31,52.27,52.27,52.27,GRU-45
591994,2026-03-08,2026-04-01,52.27,52.27,52.27,GRU-45
591994,2026-03-08,2026-04-02,52.27,52.27,52.27,GRU-45
591994,2026-03-08,2026-04-03,52.27,52.27,52.27,GRU-45
591994,2026-03-08,2026-04-04,52.27,52.27,52.27,GRU-45
591994,2026-03-08,2026-04-05,52.27,52.27,52.27,GRU-45
591994,2026-03-08,2026-04-06,52.27,52.27,52.27,GRU-45
591994,2026-03-08,2026-04-07,52.27,52.27,52.27,GRU-45
591998,2026-03-08,2026-03-09,61.15,61.11,61.18,GRU-45
591998,2026-03-08,2026-03-10,61.22,61.14,61.28,GRU-45
591998,2026-03-08,2026-03-11,61.29,61.18,61.4,GRU-45
591998,2026-03-08,2026-03-12,61.37,61.21,61.49,GRU-45
591998,2026-03-08,2026-03-13,61.46,61.27,61.6,GRU-45
591998,2026-03-08,2026-03-14,61.55,61.36,61.73,GRU-45
591998,2026-03-08,2026-03-15,61.64,61.4,61.84,GRU-45
591998,2026-03-08,2026-03-16,61.73,61.51,61.94,GRU-45
591998,2026-03-08,2026-03-17,61.85,61.58,62.09,GRU-45
591998,2026-03-08,2026-03-18,61.95,61.65,62.22,GRU-45
591998,2026-03-08,2026-03-19,62.07,61.78,62.32,GRU-45
591998,2026-03-08,2026-03-20,62.16,61.8,62.43,GRU-45
591998,2026-03-08,2026-03-21,62.24,61.91,62.5,GRU-45
591998,2026-03-08,2026-03-22,62.35,61.98,62.62,GRU-45
591998,2026-03-08,2026-03-23,62.4,62.09,62.65,GRU-45
591998,2026-03-08,2026-03-24,62.49,62.19,62.69,GRU-45
591998,2026-03-08,2026-03-25,62.54,62.14,62.76,GRU-45
591998,2026-03-08,2026-03-26,62.63,62.31,62.82,GRU-45
591998,2026-03-08,2026-03-27,62.67,62.32,62.84,GRU-45
591998,2026-03-08,2026-03-28,62.73,62.39,62.88,GRU-45
591998,2026-03-08,2026-03-29,62.74,62.48,62.9,GRU-45
591998,2026-03-08,2026-03-30,62.8,62.48,62.92,GRU-45
591998,2026-03-08,2026-03-31,62.84,62.57,62.92,GRU-45
591998,2026-03-08,2026-04-01,62.85,62.56,62.93,GRU-45
591998,2026-03-08,2026-04-02,62.85,62.61,62.94,GRU-45
591998,2026-03-08,2026-04-03,62.88,62.66,62.95,GRU-45
591998,2026-03-08,2026-04-04,62.88,62.68,62.95,GRU-45
591998,2026-03-08,2026-04-05,62.9,62.72,62.96,GRU-45
591998,2026-03-08,2026-04-06,62.91,62.71,62.96,GRU-45
591998,2026-03-08,2026-04-07,62.92,62.76,62.96,GRU-45
591999,2026-03-08,2026-03-09,54.67,54.64,54.7,GRU-45
591999,2026-03-08,2026-03-10,54.71,54.65,54.76,GRU-45
591999,2026-03-08,2026-03-11,54.75,54.68,54.83,GRU-45
591999,2026-03-08,2026-03-12,54.79,54.69,54.9,GRU-45
591999,2026-03-08,2026-03-13,54.84,54.72,54.96,GRU-45
591999,2026-03-08,2026-03-14,54.91,54.76,55.04,GRU-45
591999,2026-03-08,2026-03-15,54.97,54.79,55.12,GRU-45
591999,2026-03-08,2026-03-16,55.03,54.84,55.17,GRU-45
591999,2026-03-08,2026-03-17,55.08,54.88,55.25,GRU-45
591999,2026-03-08,2026-03-18,55.15,54.92,55.34,GRU-45
591999,2026-03-08,2026-03-19,55.22,54.99,55.41,GRU-45
591999,2026-03-08,2026-03-20,55.3,55.03,55.49,GRU-45
591999,2026-03-08,2026-03-21,55.34,55.11,55.5,GRU-45
591999,2026-03-08,2026-03-22,55.43,55.15,55.62,GRU-45
591999,2026-03-08,2026-03-23,55.48,55.19,55.66,GRU-45
591999,2026-03-08,2026-03-24,55.52,55.26,55.7,GRU-45
591999,2026-03-08,2026-03-25,55.6,55.29,55.77,GRU-45
591999,2026-03-08,2026-03-26,55.65,55.31,55.81,GRU-45
591999,2026-03-08,2026-03-27,55.68,55.35,55.83,GRU-45
591999,2026-03-08,2026-03-28,55.75,55.45,55.87,GRU-45
591999,2026-03-08,2026-03-29,55.77,55.48,55.89,GRU-45
591999,2026-03-08,2026-03-30,55.83,55.54,55.92,GRU-45
591999,2026-03-08,2026-03-31,55.82,55.51,55.92,GRU-45
591999,2026-03-08,2026-04-01,55.85,55.64,55.93,GRU-45
591999,2026-03-08,2026-04-02,55.86,55.63,55.94,GRU-45
591999,2026-03-08,2026-04-03,55.9,55.67,55.96,GRU-45
591999,2026-03-08,2026-04-04,55.91,55.71,55.95,GRU-45
591999,2026-03-08,2026-04-05,55.91,55.73,55.96,GRU-45
591999,2026-03-08,2026-04-06,55.93,55.76,55.96,GRU-45
591999,2026-03-08,2026-04-07,55.92,55.74,55.96,GRU-45
592000,2026-03-08,2026-03-09,24.85,24.84,24.87,GRU-45
592000,2026-03-08,2026-03-10,24.87,24.84,24.9,GRU-45
592000,2026-03-08,2026-03-11,24.9,24.86,24.94,GRU-45
592000,2026-03-08,2026-03-12,24.92,24.87,24.97,GRU-45
592000,2026-03-08,2026-03-13,24.96,24.89,25.03,GRU-45
592000,2026-03-08,2026-03-14,25.01,24.92,25.08,GRU-45
592000,2026-03-08,2026-03-15,25.04,24.93,25.14,GRU-45
592000,2026-03-08,2026-03-16,25.1,24.99,25.2,GRU-45
592000,2026-03-08,2026-03-17,25.13,25.01,25.24,GRU-45
592000,2026-03-08,2026-03-18,25.17,25.04,25.3,GRU-45
592000,2026-03-08,2026-03-19,25.25,25.1,25.36,GRU-45
592000,2026-03-08,2026-03-20,25.3,25.13,25.41,GRU-45
592000,2026-03-08,2026-03-21,25.36,25.18,25.47,GRU-45
592000,2026-03-08,2026-03-22,25.41,25.22,25.52,GRU-45
592000,2026-03-08,2026-03-23,25.47,25.26,25.57,GRU-45
592000,2026-03-08,2026-03-24,25.46,25.27,25.58,GRU-45
592000,2026-03-08,2026-03-25,25.51,25.34,25.6,GRU-45
592000,2026-03-08,2026-03-26,25.56,25.35,25.64,GRU-45
592000,2026-03-08,2026-03-27,25.57,25.4,25.66,GRU-45
592000,2026-03-08,2026-03-28,25.61,25.45,25.68,GRU-45
592000,2026-03-08,2026-03-29,25.63,25.45,25.69,GRU-45
592000,2026-03-08,2026-03-30,25.63,25.49,25.7,GRU-45
592000,2026-03-08,2026-03-31,25.65,25.5,25.7,GRU-45
592000,2026-03-08,2026-04-01,25.66,25.54,25.71,GRU-45
592000,2026-03-08,2026-04-02,25.66,25.55,25.71,GRU-45
592000,2026-03-08,2026-04-03,25.69,25.58,25.72,GRU-45
592000,2026-03-08,2026-04-04,25.68,25.55,25.72,GRU-45
592000,2026-03-08,2026-04-05,25.7,25.61,25.72,GRU-45
592000,2026-03-08,2026-04-06,25.7,25.6,25.72,GRU-45
592000,2026-03-08,2026-04-07,25.69,25.61,25.72,GRU-45
592001,2026-03-08,2026-03-09,26.46,26.41,26.51,GRU-45
592001,2026-03-08,2026-03-10,26.58,26.48,26.66,GRU-45
592001,2026-03-08,2026-03-11,26.7,26.57,26.81,GRU-45
592001,2026-03-08,2026-03-12,26.82,26.65,26.96,GRU-45
592001,2026-03-08,2026-03-13,26.93,26.73,27.11,GRU-45
592001,2026-03-08,2026-03-14,27.05,26.83,27.23,GRU-45
592001,2026-03-08,2026-03-15,27.18,26.91,27.37,GRU-45
592001,2026-03-08,2026-03-16,27.28,27.02,27.45,GRU-45
592001,2026-03-08,2026-03-17,27.37,27.11,27.55,GRU-45
592001,2026-03-08,2026-03-18,27.47,27.24,27.63,GRU-45
592001,2026-03-08,2026-03-19,27.53,27.32,27.68,GRU-45
592001,2026-03-08,2026-03-20,27.59,27.36,27.71,GRU-45
592001,2026-03-08,2026-03-21,27.64,27.46,27.75,GRU-45
592001,2026-03-08,2026-03-22,27.69,27.5,27.76,GRU-45
592001,2026-03-08,2026-03-23,27.71,27.57,27.78,GRU-45
592001,2026-03-08,2026-03-24,27.74,27.61,27.79,GRU-45
592001,2026-03-08,2026-03-25,27.75,27.64,27.79,GRU-45
592001,2026-03-08,2026-03-26,27.78,27.7,27.8,GRU-45
592001,2026-03-08,2026-03-27,27.79,27.71,27.81,GRU-45
592001,2026-03-08,2026-03-28,27.8,27.73,27.81,GRU-45
592001,2026-03-08,2026-03-29,27.8,27.75,27.81,GRU-45
592001,2026-03-08,2026-03-30,27.8,27.75,27.81,GRU-45
592001,2026-03-08,2026-03-31,27.8,27.77,27.81,GRU-45
592001,2026-03-08,2026-04-01,27.8,27.77,27.81,GRU-45
592001,2026-03-08,2026-04-02,27.81,27.78,27.81,GRU-45
592001,2026-03-08,2026-04-03,27.81,27.79,27.81,GRU-45
592001,2026-03-08,2026-04-04,27.81,27.79,27.81,GRU-45
592001,2026-03-08,2026-04-05,27.81,27.8,27.81,GRU-45
592001,2026-03-08,2026-04-06,27.81,27.8,27.81,GRU-45
592001,2026-03-08,2026-04-07,27.81,27.8,27.81,GRU-45
592012,2026-03-08,2026-03-09,32.78,32.76,32.79,GRU-45
592012,2026-03-08,2026-03-10,32.78,32.77,32.81,GRU-45
592012,2026-03-08,2026-03-11,32.8,32.77,32.83,GRU-45
592012,2026-03-08,2026-03-12,32.81,32.77,32.85,GRU-45
592012,2026-03-08,2026-03-13,32.82,32.77,32.87,GRU-45
592012,2026-03-08,2026-03-14,32.84,32.78,32.9,GRU-45
592012,2026-03-08,2026-03-15,32.86,32.78,32.93,GRU-45
592012,2026-03-08,2026-03-16,32.88,32.8,32.96,GRU-45
592012,2026-03-08,2026-03-17,32.91,32.82,32.99,GRU-45
592012,2026-03-08,2026-03-18,32.93,32.82,33.02,GRU-45
592012,2026-03-08,2026-03-19,32.96,32.86,33.05,GRU-45
592012,2026-03-08,2026-03-20,32.99,32.87,33.08,GRU-45
592012,2026-03-08,2026-03-21,33.01,32.9,33.11,GRU-45
592012,2026-03-08,2026-03-22,33.04,32.9,33.15,GRU-45
592012,2026-03-08,2026-03-23,33.07,32.91,33.17,GRU-45
592012,2026-03-08,2026-03-24,33.09,32.96,33.19,GRU-45
592012,2026-03-08,2026-03-25,33.13,32.98,33.23,GRU-45
592012,2026-03-08,2026-03-26,33.15,32.97,33.26,GRU-45
592012,2026-03-08,2026-03-27,33.16,32.99,33.28,GRU-45
592012,2026-03-08,2026-03-28,33.2,33.03,33.34,GRU-45
592012,2026-03-08,2026-03-29,33.22,33.05,33.33,GRU-45
592012,2026-03-08,2026-03-30,33.27,33.1,33.36,GRU-45
592012,2026-03-08,2026-03-31,33.26,33.07,33.37,GRU-45
592012,2026-03-08,2026-04-01,33.29,33.13,33.38,GRU-45
592012,2026-03-08,2026-04-02,33.3,33.14,33.39,GRU-45
592012,2026-03-08,2026-04-03,33.32,33.15,33.4,GRU-45
592012,2026-03-08,2026-04-04,33.33,33.17,33.41,GRU-45
592012,2026-03-08,2026-04-05,33.34,33.19,33.41,GRU-45
592012,2026-03-08,2026-04-06,33.36,33.2,33.42,GRU-45
592012,2026-03-08,2026-04-07,33.34,33.2,33.41,GRU-45
592013,2026-03-08,2026-03-09,46.0,45.93,46.07,GRU-45
592013,2026-03-08,2026-03-10,46.0,45.87,46.15,GRU-45
592013,2026-03-08,2026-03-11,46.04,45.84,46.25,GRU-45
592013,2026-03-08,2026-03-12,46.06,45.81,46.33,GRU-45
592013,2026-03-08,2026-03-13,46.11,45.78,46.43,GRU-45
592013,2026-03-08,2026-03-14,46.21,45.78,46.58,GRU-45
592013,2026-03-08,2026-03-15,46.26,45.82,46.76,GRU-45
592013,2026-03-08,2026-03-16,46.37,45.9,46.9,GRU-45
592013,2026-03-08,2026-03-17,46.49,45.94,47.0,GRU-45
592013,2026-03-08,2026-03-18,46.55,45.97,47.16,GRU-45
592013,2026-03-08,2026-03-19,46.76,46.13,47.35,GRU-45
592013,2026-03-08,2026-03-20,46.89,46.22,47.56,GRU-45
592013,2026-03-08,2026-03-21,47.01,46.29,47.66,GRU-45
592013,2026-03-08,2026-03-22,47.27,46.38,47.99,GRU-45
592013,2026-03-08,2026-03-23,47.47,46.43,48.1,GRU-45
592013,2026-03-08,2026-03-24,47.45,46.6,48.26,GRU-45
592013,2026-03-08,2026-03-25,47.83,46.88,48.47,GRU-45
592013,2026-03-08,2026-03-26,47.84,46.86,48.75,GRU-45
592013,2026-03-08,2026-03-27,48.02,46.85,48.86,GRU-45
592013,2026-03-08,2026-03-28,48.49,47.22,49.35,GRU-45
592013,2026-03-08,2026-03-29,48.39,47.26,49.36,GRU-45
592013,2026-03-08,2026-03-30,48.82,47.46,49.61,GRU-45
592013,2026-03-08,2026-03-31,48.8,47.47,49.68,GRU-45
592013,2026-03-08,2026-04-01,48.92,47.78,49.69,GRU-45
592013,2026-03-08,2026-04-02,48.94,47.83,49.84,GRU-45
592013,2026-03-08,2026-04-03,49.18,47.88,50.14,GRU-45
592013,2026-03-08,2026-04-04,49.33,48.08,50.18,GRU-45
592013,2026-03-08,2026-04-05,49.34,48.09,50.19,GRU-45
592013,2026-03-08,2026-04-06,49.56,48.21,50.24,GRU-45
592013,2026-03-08,2026-04-07,49.43,48.24,50.18,GRU-45
592014,2026-03-08,2026-03-09,28.05,28.04,28.06,GRU-45
592014,2026-03-08,2026-03-10,28.01,27.99,28.02,GRU-45
592014,2026-03-08,2026-03-11,27.97,27.95,27.99,GRU-45
592014,2026-03-08,2026-03-12,27.93,27.9,27.96,GRU-45
592014,2026-03-08,2026-03-13,27.9,27.86,27.94,GRU-45
592014,2026-03-08,2026-03-14,27.86,27.81,27.92,GRU-45
592014,2026-03-08,2026-03-15,27.83,27.78,27.89,GRU-45
592014,2026-03-08,2026-03-16,27.81,27.72,27.9,GRU-45
592014,2026-03-08,2026-03-17,27.77,27.69,27.87,GRU-45
592014,2026-03-08,2026-03-18,27.75,27.66,27.85,GRU-45
592014,2026-03-08,2026-03-19,27.72,27.63,27.84,GRU-45
592014,2026-03-08,2026-03-20,27.72,27.62,27.83,GRU-45
592014,2026-03-08,2026-03-21,27.69,27.57,27.82,GRU-45
592014,2026-03-08,2026-03-22,27.65,27.54,27.82,GRU-45
592014,2026-03-08,2026-03-23,27.66,27.53,27.84,GRU-45
592014,2026-03-08,2026-03-24,27.64,27.47,27.84,GRU-45
592014,2026-03-08,2026-03-25,27.65,27.5,27.83,GRU-45
592014,2026-03-08,2026-03-26,27.67,27.55,27.82,GRU-45
592014,2026-03-08,2026-03-27,27.59,27.44,27.79,GRU-45
592014,2026-03-08,2026-03-28,27.61,27.47,27.8,GRU-45
592014,2026-03-08,2026-03-29,27.57,27.43,27.78,GRU-45
592014,2026-03-08,2026-03-30,27.57,27.42,27.79,GRU-45
592014,2026-03-08,2026-03-31,27.52,27.36,27.79,GRU-45
592014,2026-03-08,2026-04-01,27.53,27.34,27.78,GRU-45
592014,2026-03-08,2026-04-02,27.52,27.34,27.74,GRU-45
592014,2026-03-08,2026-04-03,27.56,27.36,27.76,GRU-45
592014,2026-03-08,2026-04-04,27.5,27.34,27.73,GRU-45
592014,2026-03-08,2026-04-05,27.54,27.36,27.8,GRU-45
592014,2026-03-08,2026-04-06,27.54,27.35,27.72,GRU-45
592014,2026-03-08,2026-04-07,27.52,27.37,27.73,GRU-45
592030,2026-03-08,2026-03-09,37.95,37.95,37.96,GRU-45
592030,2026-03-08,2026-03-10,37.95,37.94,37.97,GRU-45
592030,2026-03-08,2026-03-11,37.95,37.94,37.97,GRU-45
592030,2026-03-08,2026-03-12,37.95,37.93,37.98,GRU-45
592030,2026-03-08,2026-03-13,37.96,37.93,37.99,GRU-45
592030,2026-03-08,2026-03-14,37.97,37.93,38.0,GRU-45
592030,2026-03-08,2026-03-15,37.98,37.93,38.02,GRU-45
592030,2026-03-08,2026-03-16,38.0,37.96,38.03,GRU-45
592030,2026-03-08,2026-03-17,38.01,37.96,38.04,GRU-45
592030,2026-03-08,2026-03-18,38.02,37.96,38.06,GRU-45
592030,2026-03-08,2026-03-19,38.04,37.98,38.09,GRU-45
592030,2026-03-08,2026-03-20,38.06,37.99,38.11,GRU-45
592030,2026-03-08,2026-03-21,38.08,38.03,38.13,GRU-45
592030,2026-03-08,2026-03-22,38.1,38.03,38.16,GRU-45
592030,2026-03-08,2026-03-23,38.13,38.06,38.19,GRU-45
592030,2026-03-08,2026-03-24,38.14,38.07,38.2,GRU-45
592030,2026-03-08,2026-03-25,38.15,38.08,38.22,GRU-45
592030,2026-03-08,2026-03-26,38.15,38.06,38.24,GRU-45
592030,2026-03-08,2026-03-27,38.21,38.11,38.28,GRU-45
592030,2026-03-08,2026-03-28,38.21,38.08,38.32,GRU-45
592030,2026-03-08,2026-03-29,38.24,38.11,38.32,GRU-45
592030,2026-03-08,2026-03-30,38.27,38.14,38.37,GRU-45
592030,2026-03-08,2026-03-31,38.29,38.17,38.38,GRU-45
592030,2026-03-08,2026-04-01,38.29,38.17,38.38,GRU-45
592030,2026-03-08,2026-04-02,38.29,38.17,38.39,GRU-45
592030,2026-03-08,2026-04-03,38.33,38.15,38.43,GRU-45
592030,2026-03-08,2026-04-04,38.35,38.18,38.45,GRU-45
592030,2026-03-08,2026-04-05,38.35,38.2,38.44,GRU-45
592030,2026-03-08,2026-04-06,38.36,38.2,38.46,GRU-45
592030,2026-03-08,2026-04-07,38.36,38.22,38.47,GRU-45
592031,2026-03-08,2026-03-09,63.17,63.1,63.22,GRU-45
592031,2026-03-08,2026-03-10,63.12,62.91,63.24,GRU-45
592031,2026-03-08,2026-03-11,62.99,62.77,63.17,GRU-45
592031,2026-03-08,2026-03-12,62.85,62.58,63.05,GRU-45
592031,2026-03-08,2026-03-13,62.8,62.46,63.06,GRU-45
592031,2026-03-08,2026-03-14,62.73,62.4,63.02,GRU-45
592031,2026-03-08,2026-03-15,62.67,62.28,63.02,GRU-45
592031,2026-03-08,2026-03-16,62.68,62.4,63.05,GRU-45
592031,2026-03-08,2026-03-17,62.68,62.36,63.12,GRU-45
592031,2026-03-08,2026-03-18,62.7,62.22,63.24,GRU-45
592031,2026-03-08,2026-03-19,62.72,62.36,63.25,GRU-45
592031,2026-03-08,2026-03-20,62.87,62.35,63.35,GRU-45
592031,2026-03-08,2026-03-21,62.91,62.56,63.42,GRU-45
592031,2026-03-08,2026-03-22,63.03,62.58,63.64,GRU-45
592031,2026-03-08,2026-03-23,63.05,62.59,63.58,GRU-45
592031,2026-03-08,2026-03-24,63.08,62.66,63.79,GRU-45
592031,2026-03-08,2026-03-25,63.28,62.77,63.79,GRU-45
592031,2026-03-08,2026-03-26,62.96,62.34,63.69,GRU-45
592031,2026-03-08,2026-03-27,63.17,62.59,64.06,GRU-45
592031,2026-03-08,2026-03-28,63.17,62.51,63.83,GRU-45
592031,2026-03-08,2026-03-29,63.27,62.7,63.82,GRU-45
592031,2026-03-08,2026-03-30,63.37,62.75,64.21,GRU-45
592031,2026-03-08,2026-03-31,63.25,62.58,64.02,GRU-45
592031,2026-03-08,2026-04-01,63.52,62.8,64.17,GRU-45
592031,2026-03-08,2026-04-02,63.33,62.46,64.09,GRU-45
592031,2026-03-08,2026-04-03,63.42,62.59,64.3,GRU-45
592031,2026-03-08,2026-04-04,63.58,62.8,64.63,GRU-45
592031,2026-03-08,2026-04-05,63.54,62.76,64.33,GRU-45
592031,2026-03-08,2026-04-06,63.48,62.64,64.51,GRU-45
592031,2026-03-08,2026-04-07,63.62,62.89,64.33,GRU-45
592032,2026-03-08,2026-03-09,27.25,27.24,27.27,GRU-45
592032,2026-03-08,2026-03-10,27.27,27.24,27.31,GRU-45
592032,2026-03-08,2026-03-11,27.3,27.25,27.34,GRU-45
592032,2026-03-08,2026-03-12,27.31,27.25,27.37,GRU-45
592032,2026-03-08,2026-03-13,27.34,27.26,27.4,GRU-45
592032,2026-03-08,2026-03-14,27.38,27.28,27.45,GRU-45
592032,2026-03-08,2026-03-15,27.41,27.29,27.5,GRU-45
592032,2026-03-08,2026-03-16,27.45,27.33,27.54,GRU-45
592032,2026-03-08,2026-03-17,27.47,27.35,27.58,GRU-45
592032,2026-03-08,2026-03-18,27.52,27.37,27.64,GRU-45
592032,2026-03-08,2026-03-19,27.55,27.41,27.68,GRU-45
592032,2026-03-08,2026-03-20,27.6,27.43,27.73,GRU-45
592032,2026-03-08,2026-03-21,27.62,27.48,27.76,GRU-45
592032,2026-03-08,2026-03-22,27.69,27.52,27.83,GRU-45
592032,2026-03-08,2026-03-23,27.73,27.54,27.85,GRU-45
592032,2026-03-08,2026-03-24,27.73,27.55,27.89,GRU-45
592032,2026-03-08,2026-03-25,27.8,27.63,27.93,GRU-45
592032,2026-03-08,2026-03-26,27.83,27.59,27.97,GRU-45
592032,2026-03-08,2026-03-27,27.87,27.67,28.01,GRU-45
592032,2026-03-08,2026-03-28,27.94,27.72,28.07,GRU-45
592032,2026-03-08,2026-03-29,27.94,27.72,28.07,GRU-45
592032,2026-03-08,2026-03-30,27.97,27.8,28.09,GRU-45
592032,2026-03-08,2026-03-31,28.0,27.77,28.11,GRU-45
592032,2026-03-08,2026-04-01,28.01,27.83,28.11,GRU-45
592032,2026-03-08,2026-04-02,28.03,27.82,28.12,GRU-45
592032,2026-03-08,2026-04-03,28.05,27.88,28.14,GRU-45
592032,2026-03-08,2026-04-04,28.07,27.88,28.15,GRU-45
592032,2026-03-08,2026-04-05,28.08,27.89,28.15,GRU-45
592032,2026-03-08,2026-04-06,28.09,27.93,28.16,GRU-45
592032,2026-03-08,2026-04-07,28.08,27.92,28.16,GRU-45
592034,2026-03-08,2026-03-09,28.53,28.52,28.54,GRU-45
592034,2026-03-08,2026-03-10,28.49,28.47,28.51,GRU-45
592034,2026-03-08,2026-03-11,28.45,28.42,28.48,GRU-45
592034,2026-03-08,2026-03-12,28.41,28.37,28.45,GRU-45
592034,2026-03-08,2026-03-13,28.37,28.32,28.41,GRU-45
592034,2026-03-08,2026-03-14,28.33,28.27,28.39,GRU-45
592034,2026-03-08,2026-03-15,28.29,28.23,28.35,GRU-45
592034,2026-03-08,2026-03-16,28.25,28.18,28.34,GRU-45
592034,2026-03-08,2026-03-17,28.2,28.12,28.3,GRU-45
592034,2026-03-08,2026-03-18,28.16,28.06,28.27,GRU-45
592034,2026-03-08,2026-03-19,28.12,28.03,28.24,GRU-45
592034,2026-03-08,2026-03-20,28.07,27.97,28.21,GRU-45
592034,2026-03-08,2026-03-21,28.01,27.93,28.14,GRU-45
592034,2026-03-08,2026-03-22,27.98,27.91,28.1,GRU-45
592034,2026-03-08,2026-03-23,27.93,27.85,28.07,GRU-45
592034,2026-03-08,2026-03-24,27.9,27.84,28.01,GRU-45
592034,2026-03-08,2026-03-25,27.85,27.82,27.97,GRU-45
592034,2026-03-08,2026-03-26,27.84,27.81,27.97,GRU-45
592034,2026-03-08,2026-03-27,27.82,27.8,27.9,GRU-45
592034,2026-03-08,2026-03-28,27.82,27.8,27.92,GRU-45
592034,2026-03-08,2026-03-29,27.81,27.79,27.88,GRU-45
592034,2026-03-08,2026-03-30,27.8,27.79,27.87,GRU-45
592034,2026-03-08,2026-03-31,27.8,27.78,27.86,GRU-45
592034,2026-03-08,2026-04-01,27.8,27.79,27.86,GRU-45
592034,2026-03-08,2026-04-02,27.8,27.78,27.86,GRU-45
592034,2026-03-08,2026-04-03,27.79,27.78,27.83,GRU-45
592034,2026-03-08,2026-04-04,27.79,27.78,27.85,GRU-45
592034,2026-03-08,2026-04-05,27.79,27.78,27.83,GRU-45
592034,2026-03-08,2026-04-06,27.79,27.78,27.85,GRU-45
592034,2026-03-08,2026-04-07,27.78,27.78,27.81,GRU-45
592036,2026-03-08,2026-03-09,40.28,40.25,40.32,GRU-45
592036,2026-03-08,2026-03-10,40.16,40.11,40.22,GRU-45
592036,2026-03-08,2026-03-11,40.02,39.94,40.12,GRU-45
592036,2026-03-08,2026-03-12,39.89,39.78,40.01,GRU-45
592036,2026-03-08,2026-03-13,39.75,39.61,39.89,GRU-45
592036,2026-03-08,2026-03-14,39.62,39.48,39.78,GRU-45
592036,2026-03-08,2026-03-15,39.49,39.35,39.68,GRU-45
592036,2026-03-08,2026-03-16,39.36,39.2,39.56,GRU-45
592036,2026-03-08,2026-03-17,39.25,39.11,39.45,GRU-45
592036,2026-03-08,2026-03-18,39.17,39.07,39.33,GRU-45
592036,2026-03-08,2026-03-19,39.09,39.02,39.23,GRU-45
592036,2026-03-08,2026-03-20,39.04,38.98,39.14,GRU-45
592036,2026-03-08,2026-03-21,38.99,38.96,39.06,GRU-45
592036,2026-03-08,2026-03-22,38.97,38.95,39.01,GRU-45
592036,2026-03-08,2026-03-23,38.95,38.95,38.99,GRU-45
592036,2026-03-08,2026-03-24,38.95,38.94,38.97,GRU-45
592036,2026-03-08,2026-03-25,38.95,38.94,38.96,GRU-45
592036,2026-03-08,2026-03-26,38.94,38.94,38.95,GRU-45
592036,2026-03-08,2026-03-27,38.94,38.94,38.95,GRU-45
592036,2026-03-08,2026-03-28,38.94,38.94,38.95,GRU-45
592036,2026-03-08,2026-03-29,38.94,38.94,38.95,GRU-45
592036,2026-03-08,2026-03-30,38.94,38.94,38.94,GRU-45
592036,2026-03-08,2026-03-31,38.94,38.94,38.95,GRU-45
592036,2026-03-08,2026-04-01,38.94,38.94,38.95,GRU-45
592036,2026-03-08,2026-04-02,38.94,38.94,38.95,GRU-45
592036,2026-03-08,2026-04-03,38.94,38.94,38.94,GRU-45
592036,2026-03-08,2026-04-04,38.94,38.94,38.94,GRU-45
592036,2026-03-08,2026-04-05,38.94,38.94,38.94,GRU-45
592036,2026-03-08,2026-04-06,38.94,38.94,38.94,GRU-45
592036,2026-03-08,2026-04-07,38.94,38.94,38.94,GRU-45
592037,2026-03-08,2026-03-09,56.12,56.07,56.16,GRU-45
592037,2026-03-08,2026-03-10,56.17,56.07,56.27,GRU-45
592037,2026-03-08,2026-03-11,56.24,56.09,56.39,GRU-45
592037,2026-03-08,2026-03-12,56.3,56.1,56.48,GRU-45
592037,2026-03-08,2026-03-13,56.37,56.13,56.59,GRU-45
592037,2026-03-08,2026-03-14,56.46,56.17,56.7,GRU-45
592037,2026-03-08,2026-03-15,56.55,56.21,56.87,GRU-45
592037,2026-03-08,2026-03-16,56.68,56.3,56.92,GRU-45
592037,2026-03-08,2026-03-17,56.76,56.34,57.06,GRU-45
592037,2026-03-08,2026-03-18,56.92,56.41,57.23,GRU-45
592037,2026-03-08,2026-03-19,56.97,56.5,57.31,GRU-45
592037,2026-03-08,2026-03-20,57.11,56.63,57.47,GRU-45
592037,2026-03-08,2026-03-21,57.21,56.73,57.53,GRU-45
592037,2026-03-08,2026-03-22,57.32,56.77,57.62,GRU-45
592037,2026-03-08,2026-03-23,57.45,56.9,57.73,GRU-45
592037,2026-03-08,2026-03-24,57.49,57.0,57.75,GRU-45
592037,2026-03-08,2026-03-25,57.45,57.01,57.76,GRU-45
592037,2026-03-08,2026-03-26,57.64,57.16,57.89,GRU-45
592037,2026-03-08,2026-03-27,57.63,57.12,57.89,GRU-45
592037,2026-03-08,2026-03-28,57.69,57.21,57.92,GRU-45
592037,2026-03-08,2026-03-29,57.79,57.26,57.98,GRU-45
592037,2026-03-08,2026-03-30,57.75,57.29,57.95,GRU-45
592037,2026-03-08,2026-03-31,57.8,57.35,57.97,GRU-45
592037,2026-03-08,2026-04-01,57.83,57.32,58.0,GRU-45
592037,2026-03-08,2026-04-02,57.87,57.41,58.02,GRU-45
592037,2026-03-08,2026-04-03,57.91,57.42,58.04,GRU-45
592037,2026-03-08,2026-04-04,57.92,57.44,58.04,GRU-45
592037,2026-03-08,2026-04-05,57.95,57.5,58.06,GRU-45
592037,2026-03-08,2026-04-06,57.97,57.52,58.06,GRU-45
592037,2026-03-08,2026-04-07,57.95,57.51,58.06,GRU-45
592038,2026-03-08,2026-03-09,26.38,26.37,26.39,GRU-45
592038,2026-03-08,2026-03-10,26.38,26.36,26.4,GRU-45
592038,2026-03-08,2026-03-11,26.39,26.36,26.41,GRU-45
592038,2026-03-08,2026-03-12,26.39,26.36,26.42,GRU-45
592038,2026-03-08,2026-03-13,26.39,26.35,26.43,GRU-45
592038,2026-03-08,2026-03-14,26.4,26.36,26.44,GRU-45
592038,2026-03-08,2026-03-15,26.42,26.36,26.47,GRU-45
592038,2026-03-08,2026-03-16,26.42,26.37,26.47,GRU-45
592038,2026-03-08,2026-03-17,26.43,26.37,26.49,GRU-45
592038,2026-03-08,2026-03-18,26.45,26.37,26.52,GRU-45
592038,2026-03-08,2026-03-19,26.46,26.39,26.53,GRU-45
592038,2026-03-08,2026-03-20,26.48,26.38,26.56,GRU-45
592038,2026-03-08,2026-03-21,26.48,26.41,26.55,GRU-45
592038,2026-03-08,2026-03-22,26.49,26.42,26.56,GRU-45
592038,2026-03-08,2026-03-23,26.5,26.43,26.57,GRU-45
592038,2026-03-08,2026-03-24,26.53,26.44,26.61,GRU-45
592038,2026-03-08,2026-03-25,26.51,26.43,26.6,GRU-45
592038,2026-03-08,2026-03-26,26.53,26.42,26.63,GRU-45
592038,2026-03-08,2026-03-27,26.52,26.44,26.61,GRU-45
592038,2026-03-08,2026-03-28,26.55,26.42,26.66,GRU-45
592038,2026-03-08,2026-03-29,26.57,26.46,26.67,GRU-45
592038,2026-03-08,2026-03-30,26.58,26.47,26.67,GRU-45
592038,2026-03-08,2026-03-31,26.59,26.48,26.69,GRU-45
592038,2026-03-08,2026-04-01,26.58,26.47,26.68,GRU-45
592038,2026-03-08,2026-04-02,26.58,26.45,26.7,GRU-45
592038,2026-03-08,2026-04-03,26.59,26.46,26.69,GRU-45
592038,2026-03-08,2026-04-04,26.61,26.49,26.71,GRU-45
592038,2026-03-08,2026-04-05,26.61,26.47,26.72,GRU-45
592038,2026-03-08,2026-04-06,26.62,26.47,26.74,GRU-45
592038,2026-03-08,2026-04-07,26.61,26.49,26.73,GRU-45
592040,2026-03-08,2026-03-09,32.15,32.11,32.18,GRU-45
592040,2026-03-08,2026-03-10,32.21,32.15,32.26,GRU-45
592040,2026-03-08,2026-03-11,32.28,32.19,32.35,GRU-45
592040,2026-03-08,2026-03-12,32.34,32.22,32.43,GRU-45
592040,2026-03-08,2026-03-13,32.41,32.27,32.51,GRU-45
592040,2026-03-08,2026-03-14,32.49,32.34,32.59,GRU-45
592040,2026-03-08,2026-03-15,32.57,32.4,32.68,GRU-45
592040,2026-03-08,2026-03-16,32.63,32.47,32.73,GRU-45
592040,2026-03-08,2026-03-17,32.69,32.51,32.8,GRU-45
592040,2026-03-08,2026-03-18,32.77,32.57,32.88,GRU-45
592040,2026-03-08,2026-03-19,32.81,32.64,32.91,GRU-45
592040,2026-03-08,2026-03-20,32.85,32.66,32.95,GRU-45
592040,2026-03-08,2026-03-21,32.9,32.75,32.98,GRU-45
592040,2026-03-08,2026-03-22,32.94,32.79,33.01,GRU-45
592040,2026-03-08,2026-03-23,32.98,32.85,33.03,GRU-45
592040,2026-03-08,2026-03-24,33.0,32.88,33.04,GRU-45
592040,2026-03-08,2026-03-25,33.0,32.87,33.05,GRU-45
592040,2026-03-08,2026-03-26,33.04,32.93,33.06,GRU-45
592040,2026-03-08,2026-03-27,33.04,32.95,33.06,GRU-45
592040,2026-03-08,2026-03-28,33.05,32.99,33.07,GRU-45
592040,2026-03-08,2026-03-29,33.06,33.01,33.07,GRU-45
592040,2026-03-08,2026-03-30,33.06,33.01,33.07,GRU-45
592040,2026-03-08,2026-03-31,33.06,33.02,33.07,GRU-45
592040,2026-03-08,2026-04-01,33.07,33.03,33.07,GRU-45
592040,2026-03-08,2026-04-02,33.07,33.03,33.08,GRU-45
592040,2026-03-08,2026-04-03,33.07,33.05,33.08,GRU-45
592040,2026-03-08,2026-04-04,33.07,33.05,33.08,GRU-45
592040,2026-03-08,2026-04-05,33.07,33.06,33.08,GRU-45
592040,2026-03-08,2026-04-06,33.07,33.06,33.08,GRU-45
592040,2026-03-08,2026-04-07,33.07,33.06,33.08,GRU-45
593162,2026-03-08,2026-03-09,15.94,15.91,15.97,GRU-45
593162,2026-03-08,2026-03-10,15.96,15.91,16.02,GRU-45
593162,2026-03-08,2026-03-11,16.0,15.93,16.08,GRU-45
593162,2026-03-08,2026-03-12,16.03,15.94,16.14,GRU-45
593162,2026-03-08,2026-03-13,16.09,15.96,16.23,GRU-45
593162,2026-03-08,2026-03-14,16.14,15.99,16.31,GRU-45
593162,2026-03-08,2026-03-15,16.19,16.01,16.39,GRU-45
593162,2026-03-08,2026-03-16,16.29,16.09,16.48,GRU-45
593162,2026-03-08,2026-03-17,16.29,16.1,16.51,GRU-45
593162,2026-03-08,2026-03-18,16.39,16.14,16.64,GRU-45
593162,2026-03-08,2026-03-19,16.47,16.19,16.69,GRU-45
593162,2026-03-08,2026-03-20,16.54,16.3,16.76,GRU-45
593162,2026-03-08,2026-03-21,16.63,16.31,16.85,GRU-45
593162,2026-03-08,2026-03-22,16.71,16.4,16.91,GRU-45
593162,2026-03-08,2026-03-23,16.79,16.46,16.98,GRU-45
593162,2026-03-08,2026-03-24,16.76,16.43,16.99,GRU-45
593162,2026-03-08,2026-03-25,16.84,16.57,17.01,GRU-45
593162,2026-03-08,2026-03-26,16.91,16.6,17.07,GRU-45
593162,2026-03-08,2026-03-27,16.93,16.62,17.08,GRU-45
593162,2026-03-08,2026-03-28,17.01,16.7,17.1,GRU-45
593162,2026-03-08,2026-03-29,17.02,16.72,17.11,GRU-45
593162,2026-03-08,2026-03-30,17.02,16.78,17.12,GRU-45
593162,2026-03-08,2026-03-31,17.04,16.83,17.13,GRU-45
593162,2026-03-08,2026-04-01,17.06,16.86,17.13,GRU-45
593162,2026-03-08,2026-04-02,17.08,16.89,17.14,GRU-45
593162,2026-03-08,2026-04-03,17.11,16.95,17.15,GRU-45
593162,2026-03-08,2026-04-04,17.1,16.88,17.15,GRU-45
593162,2026-03-08,2026-04-05,17.12,16.98,17.15,GRU-45
593162,2026-03-08,2026-04-06,17.12,16.96,17.15,GRU-45
593162,2026-03-08,2026-04-07,17.12,16.97,17.15,GRU-45
619733,2026-03-08,2026-03-09,110.02,109.99,110.04,GRU-45
619733,2026-03-08,2026-03-10,109.98,109.91,110.04,GRU-45
619733,2026-03-08,2026-03-11,109.93,109.85,110.01,GRU-45
619733,2026-03-08,2026-03-12,109.86,109.77,109.97,GRU-45
619733,2026-03-08,2026-03-13,109.84,109.72,109.96,GRU-45
619733,2026-03-08,2026-03-14,109.81,109.7,109.96,GRU-45
619733,2026-03-08,2026-03-15,109.78,109.66,109.94,GRU-45
619733,2026-03-08,2026-03-16,109.8,109.68,109.96,GRU-45
619733,2026-03-08,2026-03-17,109.81,109.67,110.0,GRU-45
619733,2026-03-08,2026-03-18,109.82,109.63,110.06,GRU-45
619733,2026-03-08,2026-03-19,109.83,109.67,110.07,GRU-45
619733,2026-03-08,2026-03-20,109.86,109.7,110.08,GRU-45
619733,2026-03-08,2026-03-21,109.9,109.72,110.1,GRU-45
619733,2026-03-08,2026-03-22,109.89,109.72,110.18,GRU-45
619733,2026-03-08,2026-03-23,109.96,109.69,110.23,GRU-45
619733,2026-03-08,2026-03-24,109.96,109.7,110.22,GRU-45
619733,2026-03-08,2026-03-25,109.98,109.78,110.26,GRU-45
619733,2026-03-08,2026-03-26,109.87,109.67,110.22,GRU-45
619733,2026-03-08,2026-03-27,109.94,109.7,110.33,GRU-45
619733,2026-03-08,2026-03-28,109.92,109.74,110.15,GRU-45
619733,2026-03-08,2026-03-29,110.0,109.69,110.27,GRU-45
619733,2026-03-08,2026-03-30,110.06,109.75,110.44,GRU-45
619733,2026-03-08,2026-03-31,109.94,109.61,110.3,GRU-45
619733,2026-03-08,2026-04-01,110.08,109.81,110.38,GRU-45
619733,2026-03-08,2026-04-02,110.05,109.79,110.32,GRU-45
619733,2026-03-08,2026-04-03,109.99,109.75,110.3,GRU-45
619733,2026-03-08,2026-04-04,110.17,109.84,110.51,GRU-45
619733,2026-03-08,2026-04-05,110.13,109.85,110.4,GRU-45
619733,2026-03-08,2026-04-06,110.1,109.87,110.35,GRU-45
619733,2026-03-08,2026-04-07,110.07,109.8,110.38,GRU-45
619734,2026-03-08,2026-03-09,50.5,50.43,50.56,GRU-45
619734,2026-03-08,2026-03-10,50.56,50.44,50.68,GRU-45
619734,2026-03-08,2026-03-11,50.67,50.5,50.86,GRU-45
619734,2026-03-08,2026-03-12,50.78,50.54,50.99,GRU-45
619734,2026-03-08,2026-03-13,50.89,50.6,51.17,GRU-45
619734,2026-03-08,2026-03-14,51.03,50.72,51.36,GRU-45
619734,2026-03-08,2026-03-15,51.21,50.78,51.57,GRU-45
619734,2026-03-08,2026-03-16,51.38,50.99,51.86,GRU-45
619734,2026-03-08,2026-03-17,51.54,51.1,51.97,GRU-45
619734,2026-03-08,2026-03-18,51.69,51.19,52.22,GRU-45
619734,2026-03-08,2026-03-19,51.84,51.35,52.38,GRU-45
619734,2026-03-08,2026-03-20,52.02,51.42,52.49,GRU-45
619734,2026-03-08,2026-03-21,52.21,51.71,52.65,GRU-45
619734,2026-03-08,2026-03-22,52.33,51.77,52.76,GRU-45
619734,2026-03-08,2026-03-23,52.49,51.98,52.91,GRU-45
619734,2026-03-08,2026-03-24,52.5,52.13,52.93,GRU-45
619734,2026-03-08,2026-03-25,52.6,52.06,52.94,GRU-45
619734,2026-03-08,2026-03-26,52.74,52.25,53.08,GRU-45
619734,2026-03-08,2026-03-27,52.8,52.27,53.06,GRU-45
619734,2026-03-08,2026-03-28,52.88,52.44,53.14,GRU-45
619734,2026-03-08,2026-03-29,52.97,52.51,53.16,GRU-45
619734,2026-03-08,2026-03-30,52.95,52.53,53.15,GRU-45
619734,2026-03-08,2026-03-31,52.99,52.65,53.18,GRU-45
619734,2026-03-08,2026-04-01,53.03,52.64,53.19,GRU-45
619734,2026-03-08,2026-04-02,53.06,52.76,53.2,GRU-45
619734,2026-03-08,2026-04-03,53.09,52.79,53.21,GRU-45
619734,2026-03-08,2026-04-04,53.11,52.82,53.22,GRU-45
619734,2026-03-08,2026-04-05,53.13,52.91,53.22,GRU-45
619734,2026-03-08,2026-04-06,53.15,52.95,53.22,GRU-45
619734,2026-03-08,2026-04-07,53.14,52.92,53.22,GRU-45
619735,2026-03-08,2026-03-09,61.22,61.18,61.26,GRU-45
619735,2026-03-08,2026-03-10,60.99,60.92,61.06,GRU-45
619735,2026-03-08,2026-03-11,60.78,60.67,60.89,GRU-45
619735,2026-03-08,2026-03-12,60.56,60.42,60.71,GRU-45
619735,2026-03-08,2026-03-13,60.35,60.19,60.54,GRU-45
619735,2026-03-08,2026-03-14,60.18,59.95,60.45,GRU-45
619735,2026-03-08,2026-03-15,59.99,59.73,60.3,GRU-45
619735,2026-03-08,2026-03-16,59.85,59.47,60.32,GRU-45
619735,2026-03-08,2026-03-17,59.69,59.3,60.18,GRU-45
619735,2026-03-08,2026-03-18,59.5,59.15,60.03,GRU-45
619735,2026-03-08,2026-03-19,59.38,58.91,59.97,GRU-45
619735,2026-03-08,2026-03-20,59.33,58.81,59.9,GRU-45
619735,2026-03-08,2026-03-21,59.19,58.49,59.83,GRU-45
619735,2026-03-08,2026-03-22,58.9,58.28,59.74,GRU-45
619735,2026-03-08,2026-03-23,59.04,58.21,59.95,GRU-45
619735,2026-03-08,2026-03-24,58.71,57.7,59.64,GRU-45
619735,2026-03-08,2026-03-25,58.56,57.54,59.53,GRU-45
619735,2026-03-08,2026-03-26,58.39,57.58,59.33,GRU-45
619735,2026-03-08,2026-03-27,58.24,57.33,59.31,GRU-45
619735,2026-03-08,2026-03-28,57.88,57.29,59.03,GRU-45
619735,2026-03-08,2026-03-29,58.26,57.46,59.27,GRU-45
619735,2026-03-08,2026-03-30,58.12,57.1,58.96,GRU-45
619735,2026-03-08,2026-03-31,57.82,56.95,58.97,GRU-45
619735,2026-03-08,2026-04-01,57.75,56.66,58.88,GRU-45
619735,2026-03-08,2026-04-02,57.36,56.49,58.76,GRU-45
619735,2026-03-08,2026-04-03,57.84,56.8,58.95,GRU-45
619735,2026-03-08,2026-04-04,57.23,56.4,58.45,GRU-45
619735,2026-03-08,2026-04-05,57.51,56.81,58.68,GRU-45
619735,2026-03-08,2026-04-06,57.5,56.68,58.96,GRU-45
619735,2026-03-08,2026-04-07,57.48,56.54,58.56,GRU-45
619736,2026-03-08,2026-03-09,35.7,35.69,35.71,GRU-45
619736,2026-03-08,2026-03-10,35.68,35.67,35.73,GRU-45
619736,2026-03-08,2026-03-11,35.67,35.65,35.72,GRU-45
619736,2026-03-08,2026-03-12,35.66,35.63,35.71,GRU-45
619736,2026-03-08,2026-03-13,35.65,35.62,35.72,GRU-45
619736,2026-03-08,2026-03-14,35.65,35.61,35.71,GRU-45
619736,2026-03-08,2026-03-15,35.65,35.6,35.71,GRU-45
619736,2026-03-08,2026-03-16,35.65,35.61,35.71,GRU-45
619736,2026-03-08,2026-03-17,35.66,35.61,35.73,GRU-45
619736,2026-03-08,2026-03-18,35.67,35.6,35.76,GRU-45
619736,2026-03-08,2026-03-19,35.67,35.62,35.75,GRU-45
619736,2026-03-08,2026-03-20,35.68,35.61,35.77,GRU-45
619736,2026-03-08,2026-03-21,35.69,35.64,35.76,GRU-45
619736,2026-03-08,2026-03-22,35.69,35.63,35.79,GRU-45
619736,2026-03-08,2026-03-23,35.7,35.63,35.79,GRU-45
619736,2026-03-08,2026-03-24,35.71,35.64,35.79,GRU-45
619736,2026-03-08,2026-03-25,35.73,35.66,35.81,GRU-45
619736,2026-03-08,2026-03-26,35.69,35.61,35.79,GRU-45
619736,2026-03-08,2026-03-27,35.72,35.62,35.84,GRU-45
619736,2026-03-08,2026-03-28,35.72,35.61,35.81,GRU-45
619736,2026-03-08,2026-03-29,35.72,35.64,35.81,GRU-45
619736,2026-03-08,2026-03-30,35.75,35.65,35.87,GRU-45
619736,2026-03-08,2026-03-31,35.72,35.64,35.84,GRU-45
619736,2026-03-08,2026-04-01,35.77,35.66,35.87,GRU-45
619736,2026-03-08,2026-04-02,35.76,35.65,35.86,GRU-45
619736,2026-03-08,2026-04-03,35.75,35.64,35.87,GRU-45
619736,2026-03-08,2026-04-04,35.76,35.69,35.87,GRU-45
619736,2026-03-08,2026-04-05,35.75,35.66,35.88,GRU-45
619736,2026-03-08,2026-04-06,35.75,35.68,35.85,GRU-45
619736,2026-03-08,2026-04-07,35.77,35.7,35.88,GRU-45
619737,2026-03-08,2026-03-09,84.74,84.73,84.75,GRU-45
619737,2026-03-08,2026-03-10,84.71,84.7,84.72,GRU-45
619737,2026-03-08,2026-03-11,84.69,84.67,84.71,GRU-45
619737,2026-03-08,2026-03-12,84.66,84.64,84.69,GRU-45
619737,2026-03-08,2026-03-13,84.65,84.62,84.68,GRU-45
619737,2026-03-08,2026-03-14,84.64,84.61,84.69,GRU-45
619737,2026-03-08,2026-03-15,84.63,84.59,84.68,GRU-45
619737,2026-03-08,2026-03-16,84.66,84.6,84.71,GRU-45
619737,2026-03-08,2026-03-17,84.65,84.59,84.71,GRU-45
619737,2026-03-08,2026-03-18,84.64,84.57,84.7,GRU-45
619737,2026-03-08,2026-03-19,84.66,84.58,84.73,GRU-45
619737,2026-03-08,2026-03-20,84.67,84.6,84.73,GRU-45
619737,2026-03-08,2026-03-21,84.7,84.61,84.78,GRU-45
619737,2026-03-08,2026-03-22,84.7,84.6,84.78,GRU-45
619737,2026-03-08,2026-03-23,84.72,84.63,84.83,GRU-45
619737,2026-03-08,2026-03-24,84.72,84.6,84.84,GRU-45
619737,2026-03-08,2026-03-25,84.74,84.64,84.83,GRU-45
619737,2026-03-08,2026-03-26,84.67,84.56,84.79,GRU-45
619737,2026-03-08,2026-03-27,84.74,84.61,84.86,GRU-45
619737,2026-03-08,2026-03-28,84.71,84.62,84.83,GRU-45
619737,2026-03-08,2026-03-29,84.76,84.63,84.89,GRU-45
619737,2026-03-08,2026-03-30,84.75,84.61,84.89,GRU-45
619737,2026-03-08,2026-03-31,84.77,84.62,84.92,GRU-45
619737,2026-03-08,2026-04-01,84.77,84.63,84.89,GRU-45
619737,2026-03-08,2026-04-02,84.76,84.63,84.88,GRU-45
619737,2026-03-08,2026-04-03,84.77,84.63,84.92,GRU-45
619737,2026-03-08,2026-04-04,84.82,84.66,85.01,GRU-45
619737,2026-03-08,2026-04-05,84.79,84.67,84.95,GRU-45
619737,2026-03-08,2026-04-06,84.77,84.65,84.97,GRU-45
619737,2026-03-08,2026-04-07,84.83,84.69,85.0,GRU-45
619738,2026-03-08,2026-03-09,51.79,51.76,51.82,GRU-45
619738,2026-03-08,2026-03-10,51.62,51.57,51.68,GRU-45
619738,2026-03-08,2026-03-11,51.48,51.39,51.56,GRU-45
619738,2026-03-08,2026-03-12,51.32,51.2,51.43,GRU-45
619738,2026-03-08,2026-03-13,51.19,51.06,51.31,GRU-45
619738,2026-03-08,2026-03-14,51.1,50.89,51.29,GRU-45
619738,2026-03-08,2026-03-15,50.98,50.73,51.17,GRU-45
619738,2026-03-08,2026-03-16,50.95,50.58,51.28,GRU-45
619738,2026-03-08,2026-03-17,50.87,50.48,51.2,GRU-45
619738,2026-03-08,2026-03-18,50.75,50.35,51.09,GRU-45
619738,2026-03-08,2026-03-19,50.75,50.27,51.15,GRU-45
619738,2026-03-08,2026-03-20,50.65,50.26,51.03,GRU-45
619738,2026-03-08,2026-03-21,50.69,50.09,51.13,GRU-45
619738,2026-03-08,2026-03-22,50.58,49.95,51.09,GRU-45
619738,2026-03-08,2026-03-23,50.7,50.1,51.44,GRU-45
619738,2026-03-08,2026-03-24,50.48,49.75,51.24,GRU-45
619738,2026-03-08,2026-03-25,50.39,49.78,51.11,GRU-45
619738,2026-03-08,2026-03-26,50.3,49.67,50.97,GRU-45
619738,2026-03-08,2026-03-27,50.35,49.54,51.12,GRU-45
619738,2026-03-08,2026-03-28,50.14,49.59,50.82,GRU-45
619738,2026-03-08,2026-03-29,50.45,49.62,51.14,GRU-45
619738,2026-03-08,2026-03-30,50.32,49.53,51.02,GRU-45
619738,2026-03-08,2026-03-31,50.15,49.25,50.94,GRU-45
619738,2026-03-08,2026-04-01,50.05,49.16,50.88,GRU-45
619738,2026-03-08,2026-04-02,49.81,48.97,50.67,GRU-45
619738,2026-03-08,2026-04-03,49.99,49.25,50.84,GRU-45
619738,2026-03-08,2026-04-04,49.94,49.0,50.68,GRU-45
619738,2026-03-08,2026-04-05,50.04,49.19,50.75,GRU-45
619738,2026-03-08,2026-04-06,49.8,49.11,50.7,GRU-45
619738,2026-03-08,2026-04-07,49.99,49.27,50.85,GRU-45
619739,2026-03-08,2026-03-09,52.24,52.23,52.24,GRU-45
619739,2026-03-08,2026-03-10,52.18,52.16,52.19,GRU-45
619739,2026-03-08,2026-03-11,52.13,52.11,52.15,GRU-45
619739,2026-03-08,2026-03-12,52.08,52.05,52.1,GRU-45
619739,2026-03-08,2026-03-13,52.03,52.0,52.06,GRU-45
619739,2026-03-08,2026-03-14,52.01,51.96,52.06,GRU-45
619739,2026-03-08,2026-03-15,51.96,51.91,52.02,GRU-45
619739,2026-03-08,2026-03-16,51.99,51.91,52.08,GRU-45
619739,2026-03-08,2026-03-17,51.96,51.88,52.05,GRU-45
619739,2026-03-08,2026-03-18,51.92,51.84,52.01,GRU-45
619739,2026-03-08,2026-03-19,51.94,51.84,52.04,GRU-45
619739,2026-03-08,2026-03-20,51.91,51.84,52.03,GRU-45
619739,2026-03-08,2026-03-21,51.96,51.85,52.08,GRU-45
619739,2026-03-08,2026-03-22,51.92,51.78,52.06,GRU-45
619739,2026-03-08,2026-03-23,51.98,51.84,52.16,GRU-45
619739,2026-03-08,2026-03-24,51.9,51.74,52.06,GRU-45
619739,2026-03-08,2026-03-25,51.87,51.72,52.06,GRU-45
619739,2026-03-08,2026-03-26,51.78,51.62,51.97,GRU-45
619739,2026-03-08,2026-03-27,51.82,51.64,52.07,GRU-45
619739,2026-03-08,2026-03-28,51.76,51.61,51.95,GRU-45
619739,2026-03-08,2026-03-29,51.89,51.72,52.09,GRU-45
619739,2026-03-08,2026-03-30,51.81,51.64,52.01,GRU-45
619739,2026-03-08,2026-03-31,51.84,51.64,52.07,GRU-45
619739,2026-03-08,2026-04-01,51.81,51.61,52.08,GRU-45
619739,2026-03-08,2026-04-02,51.73,51.52,51.93,GRU-45
619739,2026-03-08,2026-04-03,51.78,51.57,52.0,GRU-45
619739,2026-03-08,2026-04-04,51.76,51.55,52.05,GRU-45
619739,2026-03-08,2026-04-05,51.75,51.56,51.97,GRU-45
619739,2026-03-08,2026-04-06,51.73,51.55,51.96,GRU-45
619739,2026-03-08,2026-04-07,51.85,51.69,52.02,GRU-45
619740,2026-03-08,2026-03-09,92.95,92.92,92.98,GRU-45
619740,2026-03-08,2026-03-10,92.84,92.76,92.93,GRU-45
619740,2026-03-08,2026-03-11,92.74,92.64,92.84,GRU-45
619740,2026-03-08,2026-03-12,92.63,92.49,92.75,GRU-45
619740,2026-03-08,2026-03-13,92.54,92.39,92.69,GRU-45
619740,2026-03-08,2026-03-14,92.51,92.31,92.65,GRU-45
619740,2026-03-08,2026-03-15,92.43,92.22,92.58,GRU-45
619740,2026-03-08,2026-03-16,92.44,92.23,92.68,GRU-45
619740,2026-03-08,2026-03-17,92.42,92.18,92.67,GRU-45
619740,2026-03-08,2026-03-18,92.41,92.11,92.64,GRU-45
619740,2026-03-08,2026-03-19,92.4,92.12,92.72,GRU-45
619740,2026-03-08,2026-03-20,92.45,92.17,92.69,GRU-45
619740,2026-03-08,2026-03-21,92.5,92.11,92.85,GRU-45
619740,2026-03-08,2026-03-22,92.47,92.07,92.82,GRU-45
619740,2026-03-08,2026-03-23,92.56,92.12,92.98,GRU-45
619740,2026-03-08,2026-03-24,92.48,91.98,92.97,GRU-45
619740,2026-03-08,2026-03-25,92.51,92.03,92.98,GRU-45
619740,2026-03-08,2026-03-26,92.28,91.81,92.67,GRU-45
619740,2026-03-08,2026-03-27,92.43,91.77,92.98,GRU-45
619740,2026-03-08,2026-03-28,92.34,91.96,92.78,GRU-45
619740,2026-03-08,2026-03-29,92.49,91.9,93.05,GRU-45
619740,2026-03-08,2026-03-30,92.48,91.83,92.95,GRU-45
619740,2026-03-08,2026-03-31,92.34,91.76,92.96,GRU-45
619740,2026-03-08,2026-04-01,92.5,91.94,93.07,GRU-45
619740,2026-03-08,2026-04-02,92.41,91.88,92.69,GRU-45
619740,2026-03-08,2026-04-03,92.4,91.9,92.83,GRU-45
619740,2026-03-08,2026-04-04,92.5,91.81,93.12,GRU-45
619740,2026-03-08,2026-04-05,92.5,91.87,92.91,GRU-45
619740,2026-03-08,2026-04-06,92.47,91.83,92.94,GRU-45
619740,2026-03-08,2026-04-07,92.52,91.81,92.96,GRU-45
619741,2026-03-08,2026-03-09,41.77,41.75,41.8,GRU-45
619741,2026-03-08,2026-03-10,41.78,41.74,41.83,GRU-45
619741,2026-03-08,2026-03-11,41.8,41.74,41.88,GRU-45
619741,2026-03-08,2026-03-12,41.83,41.73,41.92,GRU-45
619741,2026-03-08,2026-03-13,41.87,41.75,41.98,GRU-45
619741,2026-03-08,2026-03-14,41.91,41.76,42.06,GRU-45
619741,2026-03-08,2026-03-15,41.95,41.78,42.12,GRU-45
619741,2026-03-08,2026-03-16,42.02,41.82,42.23,GRU-45
619741,2026-03-08,2026-03-17,42.05,41.84,42.27,GRU-45
619741,2026-03-08,2026-03-18,42.12,41.9,42.39,GRU-45
619741,2026-03-08,2026-03-19,42.2,41.94,42.5,GRU-45
619741,2026-03-08,2026-03-20,42.25,42.01,42.54,GRU-45
619741,2026-03-08,2026-03-21,42.32,42.04,42.65,GRU-45
619741,2026-03-08,2026-03-22,42.45,42.11,42.76,GRU-45
619741,2026-03-08,2026-03-23,42.51,42.17,42.88,GRU-45
619741,2026-03-08,2026-03-24,42.5,42.17,42.86,GRU-45
619741,2026-03-08,2026-03-25,42.58,42.26,42.87,GRU-45
619741,2026-03-08,2026-03-26,42.69,42.29,43.07,GRU-45
619741,2026-03-08,2026-03-27,42.72,42.31,43.05,GRU-45
619741,2026-03-08,2026-03-28,42.88,42.5,43.16,GRU-45
619741,2026-03-08,2026-03-29,42.89,42.49,43.21,GRU-45
619741,2026-03-08,2026-03-30,42.95,42.38,43.21,GRU-45
619741,2026-03-08,2026-03-31,42.99,42.43,43.25,GRU-45
619741,2026-03-08,2026-04-01,43.02,42.57,43.23,GRU-45
619741,2026-03-08,2026-04-02,43.06,42.63,43.29,GRU-45
619741,2026-03-08,2026-04-03,43.17,42.68,43.34,GRU-45
619741,2026-03-08,2026-04-04,43.16,42.74,43.36,GRU-45
619741,2026-03-08,2026-04-05,43.18,42.77,43.38,GRU-45
619741,2026-03-08,2026-04-06,43.22,42.81,43.39,GRU-45
619741,2026-03-08,2026-04-07,43.17,42.76,43.37,GRU-45
619742,2026-03-08,2026-03-09,31.89,31.85,31.91,GRU-45
619742,2026-03-08,2026-03-10,31.85,31.79,31.89,GRU-45
619742,2026-03-08,2026-03-11,31.81,31.72,31.87,GRU-45
619742,2026-03-08,2026-03-12,31.78,31.66,31.86,GRU-45
619742,2026-03-08,2026-03-13,31.75,31.61,31.85,GRU-45
619742,2026-03-08,2026-03-14,31.76,31.58,31.88,GRU-45
619742,2026-03-08,2026-03-15,31.74,31.52,31.89,GRU-45
619742,2026-03-08,2026-03-16,31.8,31.51,31.97,GRU-45
619742,2026-03-08,2026-03-17,31.81,31.51,31.96,GRU-45
619742,2026-03-08,2026-03-18,31.79,31.5,32.0,GRU-45
619742,2026-03-08,2026-03-19,31.85,31.49,32.06,GRU-45
619742,2026-03-08,2026-03-20,31.84,31.53,32.06,GRU-45
619742,2026-03-08,2026-03-21,31.88,31.5,32.15,GRU-45
619742,2026-03-08,2026-03-22,31.94,31.51,32.23,GRU-45
619742,2026-03-08,2026-03-23,31.97,31.51,32.37,GRU-45
619742,2026-03-08,2026-03-24,31.96,31.48,32.32,GRU-45
619742,2026-03-08,2026-03-25,31.95,31.45,32.34,GRU-45
619742,2026-03-08,2026-03-26,32.02,31.52,32.38,GRU-45
619742,2026-03-08,2026-03-27,32.02,31.52,32.51,GRU-45
619742,2026-03-08,2026-03-28,32.11,31.64,32.59,GRU-45
619742,2026-03-08,2026-03-29,32.21,31.68,32.73,GRU-45
619742,2026-03-08,2026-03-30,32.16,31.6,32.79,GRU-45
619742,2026-03-08,2026-03-31,32.17,31.57,32.75,GRU-45
619742,2026-03-08,2026-04-01,32.13,31.52,32.67,GRU-45
619742,2026-03-08,2026-04-02,32.17,31.64,32.79,GRU-45
619742,2026-03-08,2026-04-03,32.33,31.58,32.96,GRU-45
619742,2026-03-08,2026-04-04,32.58,31.75,33.27,GRU-45
619742,2026-03-08,2026-04-05,32.44,31.86,33.15,GRU-45
619742,2026-03-08,2026-04-06,32.51,31.57,33.13,GRU-45
619742,2026-03-08,2026-04-07,32.42,31.8,33.04,GRU-45
619743,2026-03-08,2026-03-09,52.64,52.62,52.65,GRU-45
619743,2026-03-08,2026-03-10,52.55,52.51,52.59,GRU-45
619743,2026-03-08,2026-03-11,52.45,52.4,52.5,GRU-45
619743,2026-03-08,2026-03-12,52.35,52.28,52.41,GRU-45
619743,2026-03-08,2026-03-13,52.26,52.17,52.34,GRU-45
619743,2026-03-08,2026-03-14,52.18,52.07,52.27,GRU-45
619743,2026-03-08,2026-03-15,52.09,51.95,52.2,GRU-45
619743,2026-03-08,2026-03-16,52.02,51.85,52.19,GRU-45
619743,2026-03-08,2026-03-17,51.93,51.75,52.12,GRU-45
619743,2026-03-08,2026-03-18,51.84,51.65,52.02,GRU-45
619743,2026-03-08,2026-03-19,51.74,51.52,51.98,GRU-45
619743,2026-03-08,2026-03-20,51.62,51.38,51.93,GRU-45
619743,2026-03-08,2026-03-21,51.48,51.19,51.82,GRU-45
619743,2026-03-08,2026-03-22,51.3,51.05,51.68,GRU-45
619743,2026-03-08,2026-03-23,51.18,50.89,51.52,GRU-45
619743,2026-03-08,2026-03-24,50.95,50.64,51.43,GRU-45
619743,2026-03-08,2026-03-25,50.73,50.46,51.11,GRU-45
619743,2026-03-08,2026-03-26,50.6,50.33,50.93,GRU-45
619743,2026-03-08,2026-03-27,50.49,50.24,50.86,GRU-45
619743,2026-03-08,2026-03-28,50.44,50.21,50.75,GRU-45
619743,2026-03-08,2026-03-29,50.46,50.25,50.82,GRU-45
619743,2026-03-08,2026-03-30,50.36,50.17,50.69,GRU-45
619743,2026-03-08,2026-03-31,50.33,50.16,50.58,GRU-45
619743,2026-03-08,2026-04-01,50.32,50.13,50.64,GRU-45
619743,2026-03-08,2026-04-02,50.26,50.1,50.59,GRU-45
619743,2026-03-08,2026-04-03,50.27,50.12,50.57,GRU-45
619743,2026-03-08,2026-04-04,50.22,50.1,50.49,GRU-45
619743,2026-03-08,2026-04-05,50.21,50.09,50.42,GRU-45
619743,2026-03-08,2026-04-06,50.26,50.1,50.53,GRU-45
619743,2026-03-08,2026-04-07,50.17,50.07,50.33,GRU-45
619744,2026-03-08,2026-03-09,26.21,26.2,26.22,GRU-45
619744,2026-03-08,2026-03-10,26.2,26.18,26.22,GRU-45
619744,2026-03-08,2026-03-11,26.18,26.16,26.21,GRU-45
619744,2026-03-08,2026-03-12,26.17,26.14,26.21,GRU-45
619744,2026-03-08,2026-03-13,26.16,26.12,26.22,GRU-45
619744,2026-03-08,2026-03-14,26.17,26.11,26.24,GRU-45
619744,2026-03-08,2026-03-15,26.16,26.1,26.24,GRU-45
619744,2026-03-08,2026-03-16,26.17,26.09,26.28,GRU-45
619744,2026-03-08,2026-03-17,26.17,26.08,26.25,GRU-45
619744,2026-03-08,2026-03-18,26.18,26.08,26.3,GRU-45
619744,2026-03-08,2026-03-19,26.19,26.08,26.31,GRU-45
619744,2026-03-08,2026-03-20,26.2,26.11,26.32,GRU-45
619744,2026-03-08,2026-03-21,26.21,26.08,26.36,GRU-45
619744,2026-03-08,2026-03-22,26.22,26.08,26.4,GRU-45
619744,2026-03-08,2026-03-23,26.26,26.11,26.44,GRU-45
619744,2026-03-08,2026-03-24,26.24,26.07,26.42,GRU-45
619744,2026-03-08,2026-03-25,26.25,26.1,26.41,GRU-45
619744,2026-03-08,2026-03-26,26.29,26.13,26.51,GRU-45
619744,2026-03-08,2026-03-27,26.27,26.06,26.5,GRU-45
619744,2026-03-08,2026-03-28,26.34,26.16,26.56,GRU-45
619744,2026-03-08,2026-03-29,26.34,26.13,26.59,GRU-45
619744,2026-03-08,2026-03-30,26.33,26.12,26.61,GRU-45
619744,2026-03-08,2026-03-31,26.31,26.08,26.6,GRU-45
619744,2026-03-08,2026-04-01,26.34,26.13,26.59,GRU-45
619744,2026-03-08,2026-04-02,26.36,26.16,26.62,GRU-45
619744,2026-03-08,2026-04-03,26.43,26.17,26.71,GRU-45
619744,2026-03-08,2026-04-04,26.44,26.18,26.78,GRU-45
619744,2026-03-08,2026-04-05,26.46,26.26,26.76,GRU-45
619744,2026-03-08,2026-04-06,26.48,26.22,26.77,GRU-45
619744,2026-03-08,2026-04-07,26.44,26.19,26.72,GRU-45
619745,2026-03-08,2026-03-09,85.09,85.07,85.1,GRU-45
619745,2026-03-08,2026-03-10,85.02,85.0,85.03,GRU-45
619745,2026-03-08,2026-03-11,84.96,84.93,84.99,GRU-45
619745,2026-03-08,2026-03-12,84.9,84.86,84.93,GRU-45
619745,2026-03-08,2026-03-13,84.85,84.81,84.88,GRU-45
619745,2026-03-08,2026-03-14,84.81,84.75,84.87,GRU-45
619745,2026-03-08,2026-03-15,84.77,84.7,84.82,GRU-45
619745,2026-03-08,2026-03-16,84.77,84.65,84.88,GRU-45
619745,2026-03-08,2026-03-17,84.73,84.62,84.84,GRU-45
619745,2026-03-08,2026-03-18,84.69,84.58,84.81,GRU-45
619745,2026-03-08,2026-03-19,84.69,84.56,84.83,GRU-45
619745,2026-03-08,2026-03-20,84.7,84.56,84.81,GRU-45
619745,2026-03-08,2026-03-21,84.7,84.52,84.87,GRU-45
619745,2026-03-08,2026-03-22,84.67,84.45,84.86,GRU-45
619745,2026-03-08,2026-03-23,84.73,84.46,85.03,GRU-45
619745,2026-03-08,2026-03-24,84.64,84.38,84.9,GRU-45
619745,2026-03-08,2026-03-25,84.65,84.36,84.88,GRU-45
619745,2026-03-08,2026-03-26,84.49,84.3,84.78,GRU-45
619745,2026-03-08,2026-03-27,84.57,84.25,84.89,GRU-45
619745,2026-03-08,2026-03-28,84.53,84.29,84.74,GRU-45
619745,2026-03-08,2026-03-29,84.61,84.3,84.88,GRU-45
619745,2026-03-08,2026-03-30,84.52,84.27,84.86,GRU-45
619745,2026-03-08,2026-03-31,84.54,84.19,84.84,GRU-45
619745,2026-03-08,2026-04-01,84.5,84.17,84.84,GRU-45
619745,2026-03-08,2026-04-02,84.41,84.09,84.74,GRU-45
619745,2026-03-08,2026-04-03,84.49,84.18,84.77,GRU-45
619745,2026-03-08,2026-04-04,84.39,84.08,84.79,GRU-45
619745,2026-03-08,2026-04-05,84.5,84.19,84.76,GRU-45
619745,2026-03-08,2026-04-06,84.42,84.13,84.73,GRU-45
619745,2026-03-08,2026-04-07,84.53,84.23,84.8,GRU-45
619746,2026-03-08,2026-03-09,21.2,21.16,21.24,GRU-45
619746,2026-03-08,2026-03-10,21.26,21.18,21.32,GRU-45
619746,2026-03-08,2026-03-11,21.33,21.23,21.42,GRU-45
619746,2026-03-08,2026-03-12,21.39,21.25,21.52,GRU-45
619746,2026-03-08,2026-03-13,21.48,21.3,21.63,GRU-45
619746,2026-03-08,2026-03-14,21.58,21.36,21.74,GRU-45
619746,2026-03-08,2026-03-15,21.68,21.4,21.88,GRU-45
619746,2026-03-08,2026-03-16,21.77,21.53,22.0,GRU-45
619746,2026-03-08,2026-03-17,21.86,21.56,22.07,GRU-45
619746,2026-03-08,2026-03-18,22.01,21.65,22.21,GRU-45
619746,2026-03-08,2026-03-19,22.05,21.73,22.28,GRU-45
619746,2026-03-08,2026-03-20,22.16,21.83,22.36,GRU-45
619746,2026-03-08,2026-03-21,22.24,21.88,22.45,GRU-45
619746,2026-03-08,2026-03-22,22.29,21.96,22.5,GRU-45
619746,2026-03-08,2026-03-23,22.39,22.02,22.55,GRU-45
619746,2026-03-08,2026-03-24,22.41,22.04,22.56,GRU-45
619746,2026-03-08,2026-03-25,22.43,22.13,22.57,GRU-45
619746,2026-03-08,2026-03-26,22.52,22.21,22.62,GRU-45
619746,2026-03-08,2026-03-27,22.52,22.22,22.62,GRU-45
619746,2026-03-08,2026-03-28,22.56,22.36,22.64,GRU-45
619746,2026-03-08,2026-03-29,22.58,22.35,22.65,GRU-45
619746,2026-03-08,2026-03-30,22.57,22.39,22.64,GRU-45
619746,2026-03-08,2026-03-31,22.6,22.41,22.65,GRU-45
619746,2026-03-08,2026-04-01,22.6,22.44,22.66,GRU-45
619746,2026-03-08,2026-04-02,22.62,22.45,22.66,GRU-45
619746,2026-03-08,2026-04-03,22.64,22.5,22.66,GRU-45
619746,2026-03-08,2026-04-04,22.64,22.49,22.66,GRU-45
619746,2026-03-08,2026-04-05,22.65,22.54,22.66,GRU-45
619746,2026-03-08,2026-04-06,22.65,22.53,22.67,GRU-45
619746,2026-03-08,2026-04-07,22.65,22.53,22.67,GRU-45
619747,2026-03-08,2026-03-09,158.46,158.4,158.56,GRU-45
619747,2026-03-08,2026-03-10,157.99,157.88,158.15,GRU-45
619747,2026-03-08,2026-03-11,157.52,157.31,157.79,GRU-45
619747,2026-03-08,2026-03-12,157.03,156.76,157.42,GRU-45
619747,2026-03-08,2026-03-13,156.6,156.25,157.1,GRU-45
619747,2026-03-08,2026-03-14,156.21,155.72,156.79,GRU-45
619747,2026-03-08,2026-03-15,155.77,155.24,156.47,GRU-45
619747,2026-03-08,2026-03-16,155.39,154.71,156.4,GRU-45
619747,2026-03-08,2026-03-17,154.99,154.17,156.05,GRU-45
619747,2026-03-08,2026-03-18,154.56,153.7,155.87,GRU-45
619747,2026-03-08,2026-03-19,154.2,153.14,155.58,GRU-45
619747,2026-03-08,2026-03-20,153.69,152.53,155.55,GRU-45
619747,2026-03-08,2026-03-21,153.31,151.93,155.0,GRU-45
619747,2026-03-08,2026-03-22,153.05,151.39,154.84,GRU-45
619747,2026-03-08,2026-03-23,152.34,150.5,155.19,GRU-45
619747,2026-03-08,2026-03-24,151.76,149.35,154.02,GRU-45
619747,2026-03-08,2026-03-25,150.99,148.74,153.51,GRU-45
619747,2026-03-08,2026-03-26,150.63,148.44,153.6,GRU-45
619747,2026-03-08,2026-03-27,150.01,147.95,152.47,GRU-45
619747,2026-03-08,2026-03-28,149.78,147.94,152.33,GRU-45
619747,2026-03-08,2026-03-29,150.06,147.92,152.89,GRU-45
619747,2026-03-08,2026-03-30,149.54,147.45,152.93,GRU-45
619747,2026-03-08,2026-03-31,149.35,147.52,151.6,GRU-45
619747,2026-03-08,2026-04-01,149.06,147.32,151.84,GRU-45
619747,2026-03-08,2026-04-02,149.03,147.19,151.8,GRU-45
619747,2026-03-08,2026-04-03,149.12,147.3,151.77,GRU-45
619747,2026-03-08,2026-04-04,148.54,147.08,151.46,GRU-45
619747,2026-03-08,2026-04-05,148.4,147.01,150.89,GRU-45
619747,2026-03-08,2026-04-06,148.7,147.15,151.22,GRU-45
619747,2026-03-08,2026-04-07,148.35,146.92,151.61,GRU-45
619748,2026-03-08,2026-03-09,108.08,108.07,108.09,GRU-45
619748,2026-03-08,2026-03-10,108.02,108.0,108.03,GRU-45
619748,2026-03-08,2026-03-11,107.96,107.94,107.98,GRU-45
619748,2026-03-08,2026-03-12,107.89,107.87,107.93,GRU-45
619748,2026-03-08,2026-03-13,107.84,107.81,107.88,GRU-45
619748,2026-03-08,2026-03-14,107.8,107.75,107.85,GRU-45
619748,2026-03-08,2026-03-15,107.75,107.69,107.81,GRU-45
619748,2026-03-08,2026-03-16,107.73,107.65,107.83,GRU-45
619748,2026-03-08,2026-03-17,107.69,107.6,107.79,GRU-45
619748,2026-03-08,2026-03-18,107.64,107.54,107.74,GRU-45
619748,2026-03-08,2026-03-19,107.62,107.51,107.74,GRU-45
619748,2026-03-08,2026-03-20,107.58,107.47,107.71,GRU-45
619748,2026-03-08,2026-03-21,107.54,107.38,107.7,GRU-45
619748,2026-03-08,2026-03-22,107.48,107.3,107.67,GRU-45
619748,2026-03-08,2026-03-23,107.48,107.29,107.74,GRU-45
619748,2026-03-08,2026-03-24,107.35,107.13,107.64,GRU-45
619748,2026-03-08,2026-03-25,107.23,106.97,107.47,GRU-45
619748,2026-03-08,2026-03-26,107.19,106.97,107.49,GRU-45
619748,2026-03-08,2026-03-27,107.14,106.87,107.47,GRU-45
619748,2026-03-08,2026-03-28,107.06,106.84,107.4,GRU-45
619748,2026-03-08,2026-03-29,107.18,106.97,107.49,GRU-45
619748,2026-03-08,2026-03-30,107.09,106.84,107.42,GRU-45
619748,2026-03-08,2026-03-31,107.06,106.79,107.4,GRU-45
619748,2026-03-08,2026-04-01,107.04,106.74,107.34,GRU-45
619748,2026-03-08,2026-04-02,107.0,106.7,107.25,GRU-45
619748,2026-03-08,2026-04-03,107.03,106.77,107.26,GRU-45
619748,2026-03-08,2026-04-04,106.91,106.61,107.28,GRU-45
619748,2026-03-08,2026-04-05,106.9,106.68,107.29,GRU-45
619748,2026-03-08,2026-04-06,106.97,106.68,107.3,GRU-45
619748,2026-03-08,2026-04-07,106.9,106.65,107.15,GRU-45
619749,2026-03-08,2026-03-09,67.26,67.24,67.28,GRU-45
619749,2026-03-08,2026-03-10,67.18,67.14,67.21,GRU-45
619749,2026-03-08,2026-03-11,67.08,67.03,67.14,GRU-45
619749,2026-03-08,2026-03-12,66.99,66.92,67.06,GRU-45
619749,2026-03-08,2026-03-13,66.9,66.81,67.0,GRU-45
619749,2026-03-08,2026-03-14,66.81,66.69,66.92,GRU-45
619749,2026-03-08,2026-03-15,66.7,66.59,66.85,GRU-45
619749,2026-03-08,2026-03-16,66.62,66.47,66.8,GRU-45
619749,2026-03-08,2026-03-17,66.52,66.34,66.71,GRU-45
619749,2026-03-08,2026-03-18,66.43,66.25,66.61,GRU-45
619749,2026-03-08,2026-03-19,66.34,66.15,66.54,GRU-45
619749,2026-03-08,2026-03-20,66.22,66.04,66.4,GRU-45
619749,2026-03-08,2026-03-21,66.1,65.93,66.28,GRU-45
619749,2026-03-08,2026-03-22,65.98,65.84,66.18,GRU-45
619749,2026-03-08,2026-03-23,65.86,65.78,66.05,GRU-45
619749,2026-03-08,2026-03-24,65.79,65.73,65.93,GRU-45
619749,2026-03-08,2026-03-25,65.76,65.71,65.89,GRU-45
619749,2026-03-08,2026-03-26,65.72,65.69,65.83,GRU-45
619749,2026-03-08,2026-03-27,65.71,65.69,65.78,GRU-45
619749,2026-03-08,2026-03-28,65.7,65.68,65.77,GRU-45
619749,2026-03-08,2026-03-29,65.69,65.68,65.75,GRU-45
619749,2026-03-08,2026-03-30,65.69,65.68,65.72,GRU-45
619749,2026-03-08,2026-03-31,65.69,65.68,65.74,GRU-45
619749,2026-03-08,2026-04-01,65.69,65.68,65.73,GRU-45
619749,2026-03-08,2026-04-02,65.69,65.68,65.72,GRU-45
619749,2026-03-08,2026-04-03,65.68,65.68,65.72,GRU-45
619749,2026-03-08,2026-04-04,65.68,65.68,65.71,GRU-45
619749,2026-03-08,2026-04-05,65.68,65.68,65.7,GRU-45
619749,2026-03-08,2026-04-06,65.68,65.68,65.74,GRU-45
619749,2026-03-08,2026-04-07,65.68,65.68,65.7,GRU-45
619750,2026-03-08,2026-03-09,35.21,35.2,35.22,GRU-45
619750,2026-03-08,2026-03-10,35.18,35.17,35.2,GRU-45
619750,2026-03-08,2026-03-11,35.14,35.12,35.17,GRU-45
619750,2026-03-08,2026-03-12,35.11,35.08,35.14,GRU-45
619750,2026-03-08,2026-03-13,35.07,35.04,35.12,GRU-45
619750,2026-03-08,2026-03-14,35.04,34.99,35.09,GRU-45
619750,2026-03-08,2026-03-15,35.0,34.95,35.06,GRU-45
619750,2026-03-08,2026-03-16,34.96,34.9,35.04,GRU-45
619750,2026-03-08,2026-03-17,34.92,34.87,35.0,GRU-45
619750,2026-03-08,2026-03-18,34.89,34.84,34.96,GRU-45
619750,2026-03-08,2026-03-19,34.86,34.81,34.93,GRU-45
619750,2026-03-08,2026-03-20,34.82,34.78,34.88,GRU-45
619750,2026-03-08,2026-03-21,34.78,34.76,34.83,GRU-45
619750,2026-03-08,2026-03-22,34.76,34.74,34.8,GRU-45
619750,2026-03-08,2026-03-23,34.75,34.74,34.77,GRU-45
619750,2026-03-08,2026-03-24,34.74,34.73,34.75,GRU-45
619750,2026-03-08,2026-03-25,34.74,34.73,34.75,GRU-45
619750,2026-03-08,2026-03-26,34.73,34.73,34.74,GRU-45
619750,2026-03-08,2026-03-27,34.73,34.73,34.74,GRU-45
619750,2026-03-08,2026-03-28,34.73,34.73,34.74,GRU-45
619750,2026-03-08,2026-03-29,34.73,34.73,34.73,GRU-45
619750,2026-03-08,2026-03-30,34.73,34.73,34.73,GRU-45
619750,2026-03-08,2026-03-31,34.73,34.73,34.73,GRU-45
619750,2026-03-08,2026-04-01,34.73,34.73,34.74,GRU-45
619750,2026-03-08,2026-04-02,34.73,34.73,34.73,GRU-45
619750,2026-03-08,2026-04-03,34.73,34.73,34.73,GRU-45
619750,2026-03-08,2026-04-04,34.73,34.73,34.73,GRU-45
619750,2026-03-08,2026-04-05,34.73,34.73,34.73,GRU-45
619750,2026-03-08,2026-04-06,34.73,34.73,34.73,GRU-45
619750,2026-03-08,2026-04-07,34.73,34.73,34.73,GRU-45
631975,2026-03-08,2026-03-09,33.48,33.47,33.5,GRU-45
631975,2026-03-08,2026-03-10,33.47,33.44,33.49,GRU-45
631975,2026-03-08,2026-03-11,33.46,33.42,33.5,GRU-45
631975,2026-03-08,2026-03-12,33.45,33.39,33.51,GRU-45
631975,2026-03-08,2026-03-13,33.44,33.37,33.52,GRU-45
631975,2026-03-08,2026-03-14,33.47,33.37,33.56,GRU-45
631975,2026-03-08,2026-03-15,33.47,33.36,33.59,GRU-45
631975,2026-03-08,2026-03-16,33.54,33.4,33.65,GRU-45
631975,2026-03-08,2026-03-17,33.55,33.41,33.66,GRU-45
631975,2026-03-08,2026-03-18,33.56,33.4,33.69,GRU-45
631975,2026-03-08,2026-03-19,33.62,33.45,33.75,GRU-45
631975,2026-03-08,2026-03-20,33.64,33.49,33.82,GRU-45
631975,2026-03-08,2026-03-21,33.73,33.55,33.88,GRU-45
631975,2026-03-08,2026-03-22,33.76,33.55,33.94,GRU-45
631975,2026-03-08,2026-03-23,33.82,33.61,33.99,GRU-45
631975,2026-03-08,2026-03-24,33.84,33.6,34.02,GRU-45
631975,2026-03-08,2026-03-25,33.89,33.72,34.12,GRU-45
631975,2026-03-08,2026-03-26,33.84,33.58,34.09,GRU-45
631975,2026-03-08,2026-03-27,33.99,33.7,34.21,GRU-45
631975,2026-03-08,2026-03-28,34.01,33.71,34.34,GRU-45
631975,2026-03-08,2026-03-29,34.09,33.76,34.37,GRU-45
631975,2026-03-08,2026-03-30,34.13,33.79,34.45,GRU-45
631975,2026-03-08,2026-03-31,34.2,33.85,34.53,GRU-45
631975,2026-03-08,2026-04-01,34.19,33.93,34.54,GRU-45
631975,2026-03-08,2026-04-02,34.18,33.86,34.54,GRU-45
631975,2026-03-08,2026-04-03,34.26,33.87,34.68,GRU-45
631975,2026-03-08,2026-04-04,34.36,33.85,34.75,GRU-45
631975,2026-03-08,2026-04-05,34.31,33.93,34.71,GRU-45
631975,2026-03-08,2026-04-06,34.28,33.83,34.69,GRU-45
631975,2026-03-08,2026-04-07,34.39,33.99,34.74,GRU-45
631988,2026-03-08,2026-03-09,49.95,49.92,49.99,GRU-45
631988,2026-03-08,2026-03-10,49.81,49.73,49.88,GRU-45
631988,2026-03-08,2026-03-11,49.66,49.56,49.77,GRU-45
631988,2026-03-08,2026-03-12,49.5,49.38,49.63,GRU-45
631988,2026-03-08,2026-03-13,49.39,49.24,49.54,GRU-45
631988,2026-03-08,2026-03-14,49.3,49.13,49.51,GRU-45
631988,2026-03-08,2026-03-15,49.21,49.02,49.42,GRU-45
631988,2026-03-08,2026-03-16,49.22,48.98,49.61,GRU-45
631988,2026-03-08,2026-03-17,49.18,48.94,49.56,GRU-45
631988,2026-03-08,2026-03-18,49.14,48.87,49.48,GRU-45
631988,2026-03-08,2026-03-19,49.15,48.87,49.64,GRU-45
631988,2026-03-08,2026-03-20,49.28,49.04,49.59,GRU-45
631988,2026-03-08,2026-03-21,49.37,48.93,49.9,GRU-45
631988,2026-03-08,2026-03-22,49.3,48.88,49.9,GRU-45
631988,2026-03-08,2026-03-23,49.51,48.97,50.13,GRU-45
631988,2026-03-08,2026-03-24,49.42,48.73,50.21,GRU-45
631988,2026-03-08,2026-03-25,49.63,49.23,50.11,GRU-45
631988,2026-03-08,2026-03-26,49.17,48.81,49.7,GRU-45
631988,2026-03-08,2026-03-27,49.35,48.75,50.18,GRU-45
631988,2026-03-08,2026-03-28,49.46,49.12,49.78,GRU-45
631988,2026-03-08,2026-03-29,49.45,48.88,50.16,GRU-45
631988,2026-03-08,2026-03-30,49.41,48.87,50.14,GRU-45
631988,2026-03-08,2026-03-31,49.37,48.53,50.29,GRU-45
631988,2026-03-08,2026-04-01,49.6,49.16,50.15,GRU-45
631988,2026-03-08,2026-04-02,49.48,49.0,49.91,GRU-45
631988,2026-03-08,2026-04-03,49.32,48.83,49.89,GRU-45
631988,2026-03-08,2026-04-04,49.37,48.8,50.22,GRU-45
631988,2026-03-08,2026-04-05,49.58,49.28,49.96,GRU-45
631988,2026-03-08,2026-04-06,49.29,48.8,49.85,GRU-45
631988,2026-03-08,2026-04-07,49.59,49.0,50.18,GRU-45
631989,2026-03-08,2026-03-09,23.17,23.15,23.19,GRU-45
631989,2026-03-08,2026-03-10,23.13,23.1,23.16,GRU-45
631989,2026-03-08,2026-03-11,23.1,23.05,23.15,GRU-45
631989,2026-03-08,2026-03-12,23.07,23.01,23.13,GRU-45
631989,2026-03-08,2026-03-13,23.05,22.98,23.12,GRU-45
631989,2026-03-08,2026-03-14,23.05,22.94,23.15,GRU-45
631989,2026-03-08,2026-03-15,23.03,22.92,23.14,GRU-45
631989,2026-03-08,2026-03-16,23.06,22.89,23.24,GRU-45
631989,2026-03-08,2026-03-17,23.02,22.88,23.16,GRU-45
631989,2026-03-08,2026-03-18,23.07,22.88,23.26,GRU-45
631989,2026-03-08,2026-03-19,23.07,22.86,23.28,GRU-45
631989,2026-03-08,2026-03-20,23.13,22.97,23.26,GRU-45
631989,2026-03-08,2026-03-21,23.17,22.9,23.42,GRU-45
631989,2026-03-08,2026-03-22,23.17,22.9,23.43,GRU-45
631989,2026-03-08,2026-03-23,23.29,22.94,23.58,GRU-45
631989,2026-03-08,2026-03-24,23.2,22.85,23.59,GRU-45
631989,2026-03-08,2026-03-25,23.26,23.06,23.46,GRU-45
631989,2026-03-08,2026-03-26,23.25,22.89,23.58,GRU-45
631989,2026-03-08,2026-03-27,23.25,22.84,23.64,GRU-45
631989,2026-03-08,2026-03-28,23.39,23.08,23.63,GRU-45
631989,2026-03-08,2026-03-29,23.38,22.95,23.74,GRU-45
631989,2026-03-08,2026-03-30,23.31,22.96,23.7,GRU-45
631989,2026-03-08,2026-03-31,23.31,22.92,23.65,GRU-45
631989,2026-03-08,2026-04-01,23.41,23.11,23.64,GRU-45
631989,2026-03-08,2026-04-02,23.43,23.08,23.78,GRU-45
631989,2026-03-08,2026-04-03,23.5,23.07,23.83,GRU-45
631989,2026-03-08,2026-04-04,23.5,22.98,24.0,GRU-45
631989,2026-03-08,2026-04-05,23.65,23.24,23.94,GRU-45
631989,2026-03-08,2026-04-06,23.56,23.06,23.98,GRU-45
631989,2026-03-08,2026-04-07,23.45,23.07,23.77,GRU-45
631990,2026-03-08,2026-03-09,37.92,37.89,37.95,GRU-45
631990,2026-03-08,2026-03-10,37.77,37.72,37.83,GRU-45
631990,2026-03-08,2026-03-11,37.64,37.55,37.72,GRU-45
631990,2026-03-08,2026-03-12,37.5,37.37,37.61,GRU-45
631990,2026-03-08,2026-03-13,37.37,37.23,37.51,GRU-45
631990,2026-03-08,2026-03-14,37.27,37.05,37.47,GRU-45
631990,2026-03-08,2026-03-15,37.15,36.91,37.36,GRU-45
631990,2026-03-08,2026-03-16,37.11,36.73,37.42,GRU-45
631990,2026-03-08,2026-03-17,37.03,36.64,37.36,GRU-45
631990,2026-03-08,2026-03-18,36.93,36.58,37.29,GRU-45
631990,2026-03-08,2026-03-19,36.87,36.43,37.31,GRU-45
631990,2026-03-08,2026-03-20,36.88,36.54,37.17,GRU-45
631990,2026-03-08,2026-03-21,36.81,36.3,37.3,GRU-45
631990,2026-03-08,2026-03-22,36.52,36.0,37.23,GRU-45
631990,2026-03-08,2026-03-23,36.66,36.16,37.25,GRU-45
631990,2026-03-08,2026-03-24,36.49,35.74,37.29,GRU-45
631990,2026-03-08,2026-03-25,36.66,36.2,37.23,GRU-45
631990,2026-03-08,2026-03-26,36.56,36.02,37.08,GRU-45
631990,2026-03-08,2026-03-27,36.37,35.69,37.07,GRU-45
631990,2026-03-08,2026-03-28,36.27,35.77,36.78,GRU-45
631990,2026-03-08,2026-03-29,36.36,35.77,37.06,GRU-45
631990,2026-03-08,2026-03-30,36.3,35.71,37.01,GRU-45
631990,2026-03-08,2026-03-31,35.96,35.2,36.88,GRU-45
631990,2026-03-08,2026-04-01,36.24,35.65,37.03,GRU-45
631990,2026-03-08,2026-04-02,36.03,35.07,36.93,GRU-45
631990,2026-03-08,2026-04-03,36.2,35.57,36.93,GRU-45
631990,2026-03-08,2026-04-04,35.9,35.12,37.03,GRU-45
631990,2026-03-08,2026-04-05,36.25,35.5,36.81,GRU-45
631990,2026-03-08,2026-04-06,36.15,35.24,36.8,GRU-45
631990,2026-03-08,2026-04-07,36.15,35.27,36.91,GRU-45
631992,2026-03-08,2026-03-09,96.5,96.42,96.57,GRU-45
631992,2026-03-08,2026-03-10,96.58,96.42,96.7,GRU-45
631992,2026-03-08,2026-03-11,96.67,96.44,96.86,GRU-45
631992,2026-03-08,2026-03-12,96.76,96.45,97.01,GRU-45
631992,2026-03-08,2026-03-13,96.86,96.49,97.2,GRU-45
631992,2026-03-08,2026-03-14,97.02,96.59,97.36,GRU-45
631992,2026-03-08,2026-03-15,97.17,96.69,97.65,GRU-45
631992,2026-03-08,2026-03-16,97.42,96.91,97.86,GRU-45
631992,2026-03-08,2026-03-17,97.55,97.04,98.06,GRU-45
631992,2026-03-08,2026-03-18,97.79,97.13,98.31,GRU-45
631992,2026-03-08,2026-03-19,97.9,97.24,98.43,GRU-45
631992,2026-03-08,2026-03-20,98.11,97.39,98.7,GRU-45
631992,2026-03-08,2026-03-21,98.4,97.64,98.94,GRU-45
631992,2026-03-08,2026-03-22,98.54,97.79,99.11,GRU-45
631992,2026-03-08,2026-03-23,98.78,97.93,99.32,GRU-45
631992,2026-03-08,2026-03-24,98.89,98.14,99.46,GRU-45
631992,2026-03-08,2026-03-25,98.92,98.2,99.53,GRU-45
631992,2026-03-08,2026-03-26,99.16,98.26,99.76,GRU-45
631992,2026-03-08,2026-03-27,99.32,98.37,100.02,GRU-45
631992,2026-03-08,2026-03-28,99.47,98.52,100.14,GRU-45
631992,2026-03-08,2026-03-29,99.62,98.65,100.2,GRU-45
631992,2026-03-08,2026-03-30,99.67,98.83,100.18,GRU-45
631992,2026-03-08,2026-03-31,99.84,99.02,100.34,GRU-45
631992,2026-03-08,2026-04-01,99.84,99.01,100.3,GRU-45
631992,2026-03-08,2026-04-02,99.91,99.05,100.39,GRU-45
631992,2026-03-08,2026-04-03,100.06,98.96,100.52,GRU-45
631992,2026-03-08,2026-04-04,100.08,99.19,100.55,GRU-45
631992,2026-03-08,2026-04-05,100.15,99.29,100.53,GRU-45
631992,2026-03-08,2026-04-06,100.16,99.35,100.54,GRU-45
631992,2026-03-08,2026-04-07,100.15,99.38,100.56,GRU-45
632208,2026-03-08,2026-03-09,37.78,37.76,37.8,GRU-45
632208,2026-03-08,2026-03-10,37.78,37.74,37.82,GRU-45
632208,2026-03-08,2026-03-11,37.8,37.73,37.86,GRU-45
632208,2026-03-08,2026-03-12,37.81,37.72,37.88,GRU-45
632208,2026-03-08,2026-03-13,37.83,37.73,37.94,GRU-45
632208,2026-03-08,2026-03-14,37.87,37.73,38.0,GRU-45
632208,2026-03-08,2026-03-15,37.9,37.74,38.04,GRU-45
632208,2026-03-08,2026-03-16,37.96,37.79,38.13,GRU-45
632208,2026-03-08,2026-03-17,37.97,37.8,38.14,GRU-45
632208,2026-03-08,2026-03-18,38.04,37.83,38.24,GRU-45
632208,2026-03-08,2026-03-19,38.08,37.87,38.29,GRU-45
632208,2026-03-08,2026-03-20,38.15,37.94,38.37,GRU-45
632208,2026-03-08,2026-03-21,38.22,37.99,38.47,GRU-45
632208,2026-03-08,2026-03-22,38.28,38.01,38.55,GRU-45
632208,2026-03-08,2026-03-23,38.37,38.08,38.65,GRU-45
632208,2026-03-08,2026-03-24,38.37,38.08,38.65,GRU-45
632208,2026-03-08,2026-03-25,38.47,38.16,38.72,GRU-45
632208,2026-03-08,2026-03-26,38.52,38.12,38.85,GRU-45
632208,2026-03-08,2026-03-27,38.61,38.25,38.9,GRU-45
632208,2026-03-08,2026-03-28,38.74,38.37,39.08,GRU-45
632208,2026-03-08,2026-03-29,38.75,38.38,39.05,GRU-45
632208,2026-03-08,2026-03-30,38.79,38.36,39.05,GRU-45
632208,2026-03-08,2026-03-31,38.84,38.44,39.14,GRU-45
632208,2026-03-08,2026-04-01,38.89,38.49,39.16,GRU-45
632208,2026-03-08,2026-04-02,38.91,38.44,39.2,GRU-45
632208,2026-03-08,2026-04-03,39.04,38.54,39.32,GRU-45
632208,2026-03-08,2026-04-04,39.04,38.54,39.29,GRU-45
632208,2026-03-08,2026-04-05,39.07,38.7,39.32,GRU-45
632208,2026-03-08,2026-04-06,39.06,38.56,39.37,GRU-45
632208,2026-03-08,2026-04-07,39.07,38.65,39.33,GRU-45
632228,2026-03-08,2026-03-09,70.49,70.44,70.54,GRU-45
632228,2026-03-08,2026-03-10,70.43,70.34,70.52,GRU-45
632228,2026-03-08,2026-03-11,70.38,70.25,70.52,GRU-45
632228,2026-03-08,2026-03-12,70.32,70.15,70.5,GRU-45
632228,2026-03-08,2026-03-13,70.29,70.09,70.5,GRU-45
632228,2026-03-08,2026-03-14,70.29,70.0,70.54,GRU-45
632228,2026-03-08,2026-03-15,70.26,69.96,70.57,GRU-45
632228,2026-03-08,2026-03-16,70.38,69.94,70.75,GRU-45
632228,2026-03-08,2026-03-17,70.24,69.92,70.62,GRU-45
632228,2026-03-08,2026-03-18,70.4,69.87,70.84,GRU-45
632228,2026-03-08,2026-03-19,70.39,69.89,70.88,GRU-45
632228,2026-03-08,2026-03-20,70.41,70.06,70.82,GRU-45
632228,2026-03-08,2026-03-21,70.65,69.96,71.24,GRU-45
632228,2026-03-08,2026-03-22,70.59,69.94,71.18,GRU-45
632228,2026-03-08,2026-03-23,70.91,70.06,71.67,GRU-45
632228,2026-03-08,2026-03-24,70.75,69.91,71.6,GRU-45
632228,2026-03-08,2026-03-25,70.8,70.24,71.21,GRU-45
632228,2026-03-08,2026-03-26,70.78,69.85,71.62,GRU-45
632228,2026-03-08,2026-03-27,70.81,69.86,71.7,GRU-45
632228,2026-03-08,2026-03-28,70.99,70.24,71.69,GRU-45
632228,2026-03-08,2026-03-29,71.06,69.99,72.02,GRU-45
632228,2026-03-08,2026-03-30,70.81,69.93,71.58,GRU-45
632228,2026-03-08,2026-03-31,70.81,69.96,71.57,GRU-45
632228,2026-03-08,2026-04-01,70.96,70.35,71.5,GRU-45
632228,2026-03-08,2026-04-02,70.99,70.17,71.69,GRU-45
632228,2026-03-08,2026-04-03,70.94,70.15,72.0,GRU-45
632228,2026-03-08,2026-04-04,71.18,69.94,72.25,GRU-45
632228,2026-03-08,2026-04-05,71.21,70.39,72.27,GRU-45
632228,2026-03-08,2026-04-06,71.16,70.05,72.15,GRU-45
632228,2026-03-08,2026-04-07,70.96,70.17,71.61,GRU-45
632245,2026-03-08,2026-03-09,75.7,75.67,75.73,GRU-45
632245,2026-03-08,2026-03-10,75.56,75.52,75.61,GRU-45
632245,2026-03-08,2026-03-11,75.42,75.35,75.49,GRU-45
632245,2026-03-08,2026-03-12,75.26,75.17,75.37,GRU-45
632245,2026-03-08,2026-03-13,75.13,74.99,75.26,GRU-45
632245,2026-03-08,2026-03-14,74.98,74.84,75.15,GRU-45
632245,2026-03-08,2026-03-15,74.86,74.69,75.05,GRU-45
632245,2026-03-08,2026-03-16,74.73,74.51,74.97,GRU-45
632245,2026-03-08,2026-03-17,74.56,74.32,74.85,GRU-45
632245,2026-03-08,2026-03-18,74.4,74.16,74.68,GRU-45
632245,2026-03-08,2026-03-19,74.26,73.99,74.54,GRU-45
632245,2026-03-08,2026-03-20,74.09,73.81,74.38,GRU-45
632245,2026-03-08,2026-03-21,73.93,73.69,74.24,GRU-45
632245,2026-03-08,2026-03-22,73.77,73.56,74.06,GRU-45
632245,2026-03-08,2026-03-23,73.58,73.41,73.8,GRU-45
632245,2026-03-08,2026-03-24,73.47,73.34,73.72,GRU-45
632245,2026-03-08,2026-03-25,73.39,73.29,73.54,GRU-45
632245,2026-03-08,2026-03-26,73.33,73.25,73.46,GRU-45
632245,2026-03-08,2026-03-27,73.29,73.25,73.41,GRU-45
632245,2026-03-08,2026-03-28,73.28,73.24,73.4,GRU-45
632245,2026-03-08,2026-03-29,73.27,73.24,73.36,GRU-45
632245,2026-03-08,2026-03-30,73.26,73.23,73.32,GRU-45
632245,2026-03-08,2026-03-31,73.26,73.24,73.38,GRU-45
632245,2026-03-08,2026-04-01,73.25,73.23,73.33,GRU-45
632245,2026-03-08,2026-04-02,73.25,73.23,73.31,GRU-45
632245,2026-03-08,2026-04-03,73.25,73.23,73.29,GRU-45
632245,2026-03-08,2026-04-04,73.24,73.23,73.3,GRU-45
632245,2026-03-08,2026-04-05,73.24,73.23,73.27,GRU-45
632245,2026-03-08,2026-04-06,73.24,73.23,73.29,GRU-45
632245,2026-03-08,2026-04-07,73.24,73.23,73.26,GRU-45
632251,2026-03-08,2026-03-09,38.61,38.58,38.64,GRU-45
632251,2026-03-08,2026-03-10,38.58,38.53,38.63,GRU-45
632251,2026-03-08,2026-03-11,38.56,38.48,38.64,GRU-45
632251,2026-03-08,2026-03-12,38.53,38.42,38.63,GRU-45
632251,2026-03-08,2026-03-13,38.52,38.39,38.65,GRU-45
632251,2026-03-08,2026-03-14,38.54,38.39,38.69,GRU-45
632251,2026-03-08,2026-03-15,38.54,38.35,38.73,GRU-45
632251,2026-03-08,2026-03-16,38.64,38.36,38.86,GRU-45
632251,2026-03-08,2026-03-17,38.56,38.35,38.79,GRU-45
632251,2026-03-08,2026-03-18,38.68,38.36,38.97,GRU-45
632251,2026-03-08,2026-03-19,38.7,38.38,38.97,GRU-45
632251,2026-03-08,2026-03-20,38.75,38.53,39.03,GRU-45
632251,2026-03-08,2026-03-21,38.88,38.48,39.23,GRU-45
632251,2026-03-08,2026-03-22,38.89,38.48,39.27,GRU-45
632251,2026-03-08,2026-03-23,39.1,38.62,39.55,GRU-45
632251,2026-03-08,2026-03-24,38.99,38.5,39.49,GRU-45
632251,2026-03-08,2026-03-25,39.06,38.77,39.31,GRU-45
632251,2026-03-08,2026-03-26,39.13,38.57,39.58,GRU-45
632251,2026-03-08,2026-03-27,39.17,38.57,39.69,GRU-45
632251,2026-03-08,2026-03-28,39.39,38.86,39.78,GRU-45
632251,2026-03-08,2026-03-29,39.44,38.83,39.95,GRU-45
632251,2026-03-08,2026-03-30,39.27,38.69,39.78,GRU-45
632251,2026-03-08,2026-03-31,39.35,38.79,39.85,GRU-45
632251,2026-03-08,2026-04-01,39.48,39.02,39.77,GRU-45
632251,2026-03-08,2026-04-02,39.5,38.94,39.96,GRU-45
632251,2026-03-08,2026-04-03,39.76,39.04,40.23,GRU-45
632251,2026-03-08,2026-04-04,39.72,38.96,40.31,GRU-45
632251,2026-03-08,2026-04-05,39.84,39.1,40.25,GRU-45
632251,2026-03-08,2026-04-06,39.78,38.99,40.33,GRU-45
632251,2026-03-08,2026-04-07,39.6,39.0,40.02,GRU-45
632252,2026-03-08,2026-03-09,36.73,36.72,36.74,GRU-45
632252,2026-03-08,2026-03-10,36.67,36.66,36.7,GRU-45
632252,2026-03-08,2026-03-11,36.62,36.59,36.67,GRU-45
632252,2026-03-08,2026-03-12,36.57,36.53,36.63,GRU-45
632252,2026-03-08,2026-03-13,36.53,36.48,36.59,GRU-45
632252,2026-03-08,2026-03-14,36.48,36.42,36.58,GRU-45
632252,2026-03-08,2026-03-15,36.44,36.37,36.54,GRU-45
632252,2026-03-08,2026-03-16,36.42,36.31,36.58,GRU-45
632252,2026-03-08,2026-03-17,36.38,36.28,36.56,GRU-45
632252,2026-03-08,2026-03-18,36.36,36.24,36.52,GRU-45
632252,2026-03-08,2026-03-19,36.33,36.2,36.54,GRU-45
632252,2026-03-08,2026-03-20,36.34,36.22,36.53,GRU-45
632252,2026-03-08,2026-03-21,36.31,36.15,36.57,GRU-45
632252,2026-03-08,2026-03-22,36.29,36.1,36.54,GRU-45
632252,2026-03-08,2026-03-23,36.34,36.13,36.62,GRU-45
632252,2026-03-08,2026-03-24,36.2,35.99,36.58,GRU-45
632252,2026-03-08,2026-03-25,36.3,36.1,36.59,GRU-45
632252,2026-03-08,2026-03-26,36.21,36.03,36.5,GRU-45
632252,2026-03-08,2026-03-27,36.2,35.93,36.55,GRU-45
632252,2026-03-08,2026-03-28,36.23,36.04,36.49,GRU-45
632252,2026-03-08,2026-03-29,36.21,35.99,36.56,GRU-45
632252,2026-03-08,2026-03-30,36.15,35.94,36.51,GRU-45
632252,2026-03-08,2026-03-31,36.1,35.84,36.49,GRU-45
632252,2026-03-08,2026-04-01,36.1,35.87,36.46,GRU-45
632252,2026-03-08,2026-04-02,36.06,35.82,36.38,GRU-45
632252,2026-03-08,2026-04-03,36.11,35.88,36.46,GRU-45
632252,2026-03-08,2026-04-04,36.05,35.79,36.44,GRU-45
632252,2026-03-08,2026-04-05,36.12,35.87,36.42,GRU-45
632252,2026-03-08,2026-04-06,36.0,35.76,36.43,GRU-45
632252,2026-03-08,2026-04-07,36.09,35.87,36.45,GRU-45
632684,2026-03-08,2026-03-09,79.95,79.91,79.98,GRU-45
632684,2026-03-08,2026-03-10,79.78,79.73,79.84,GRU-45
632684,2026-03-08,2026-03-11,79.65,79.56,79.74,GRU-45
632684,2026-03-08,2026-03-12,79.5,79.39,79.61,GRU-45
632684,2026-03-08,2026-03-13,79.39,79.27,79.51,GRU-45
632684,2026-03-08,2026-03-14,79.33,79.13,79.54,GRU-45
632684,2026-03-08,2026-03-15,79.21,79.02,79.43,GRU-45
632684,2026-03-08,2026-03-16,79.32,78.98,79.68,GRU-45
632684,2026-03-08,2026-03-17,79.21,78.88,79.57,GRU-45
632684,2026-03-08,2026-03-18,79.19,78.86,79.56,GRU-45
632684,2026-03-08,2026-03-19,79.24,78.81,79.71,GRU-45
632684,2026-03-08,2026-03-20,79.3,79.09,79.56,GRU-45
632684,2026-03-08,2026-03-21,79.44,78.97,80.0,GRU-45
632684,2026-03-08,2026-03-22,79.33,78.84,79.96,GRU-45
632684,2026-03-08,2026-03-23,79.7,79.21,80.36,GRU-45
632684,2026-03-08,2026-03-24,79.48,78.76,80.38,GRU-45
632684,2026-03-08,2026-03-25,79.71,79.32,80.07,GRU-45
632684,2026-03-08,2026-03-26,79.31,78.71,80.04,GRU-45
632684,2026-03-08,2026-03-27,79.48,78.76,80.29,GRU-45
632684,2026-03-08,2026-03-28,79.66,79.31,80.07,GRU-45
632684,2026-03-08,2026-03-29,79.68,79.02,80.53,GRU-45
632684,2026-03-08,2026-03-30,79.48,78.79,80.25,GRU-45
632684,2026-03-08,2026-03-31,79.41,78.69,80.3,GRU-45
632684,2026-03-08,2026-04-01,79.77,79.31,80.19,GRU-45
632684,2026-03-08,2026-04-02,79.65,78.99,80.27,GRU-45
632684,2026-03-08,2026-04-03,79.64,78.97,80.18,GRU-45
632684,2026-03-08,2026-04-04,79.65,78.73,80.65,GRU-45
632684,2026-03-08,2026-04-05,79.99,79.46,80.51,GRU-45
632684,2026-03-08,2026-04-06,79.49,78.82,80.35,GRU-45
632684,2026-03-08,2026-04-07,79.71,79.03,80.43,GRU-45
632686,2026-03-08,2026-03-09,55.39,55.37,55.4,GRU-45
632686,2026-03-08,2026-03-10,55.29,55.27,55.31,GRU-45
632686,2026-03-08,2026-03-11,55.22,55.18,55.25,GRU-45
632686,2026-03-08,2026-03-12,55.14,55.08,55.18,GRU-45
632686,2026-03-08,2026-03-13,55.07,55.01,55.11,GRU-45
632686,2026-03-08,2026-03-14,55.05,54.95,55.12,GRU-45
632686,2026-03-08,2026-03-15,54.98,54.89,55.07,GRU-45
632686,2026-03-08,2026-03-16,55.06,54.89,55.19,GRU-45
632686,2026-03-08,2026-03-17,55.02,54.85,55.16,GRU-45
632686,2026-03-08,2026-03-18,54.96,54.8,55.1,GRU-45
632686,2026-03-08,2026-03-19,55.02,54.8,55.19,GRU-45
632686,2026-03-08,2026-03-20,55.03,54.9,55.15,GRU-45
632686,2026-03-08,2026-03-21,55.1,54.88,55.32,GRU-45
632686,2026-03-08,2026-03-22,55.05,54.83,55.33,GRU-45
632686,2026-03-08,2026-03-23,55.2,54.91,55.46,GRU-45
632686,2026-03-08,2026-03-24,55.14,54.77,55.46,GRU-45
632686,2026-03-08,2026-03-25,55.25,55.03,55.41,GRU-45
632686,2026-03-08,2026-03-26,55.07,54.74,55.2,GRU-45
632686,2026-03-08,2026-03-27,55.13,54.73,55.45,GRU-45
632686,2026-03-08,2026-03-28,55.08,54.98,55.18,GRU-45
632686,2026-03-08,2026-03-29,55.22,54.85,55.48,GRU-45
632686,2026-03-08,2026-03-30,55.14,54.79,55.43,GRU-45
632686,2026-03-08,2026-03-31,55.09,54.72,55.51,GRU-45
632686,2026-03-08,2026-04-01,55.25,55.03,55.41,GRU-45
632686,2026-03-08,2026-04-02,55.1,54.87,55.26,GRU-45
632686,2026-03-08,2026-04-03,55.07,54.85,55.25,GRU-45
632686,2026-03-08,2026-04-04,55.19,54.73,55.46,GRU-45
632686,2026-03-08,2026-04-05,55.23,55.08,55.35,GRU-45
632686,2026-03-08,2026-04-06,55.01,54.78,55.28,GRU-45
632686,2026-03-08,2026-04-07,55.19,54.89,55.47,GRU-45
632720,2026-03-08,2026-03-09,223.07,222.97,223.2,GRU-45
632720,2026-03-08,2026-03-10,222.63,222.48,222.8,GRU-45
632720,2026-03-08,2026-03-11,222.18,221.94,222.47,GRU-45
632720,2026-03-08,2026-03-12,221.72,221.4,222.1,GRU-45
632720,2026-03-08,2026-03-13,221.3,220.86,221.84,GRU-45
632720,2026-03-08,2026-03-14,220.83,220.32,221.53,GRU-45
632720,2026-03-08,2026-03-15,220.53,219.87,221.31,GRU-45
632720,2026-03-08,2026-03-16,220.04,219.33,221.08,GRU-45
632720,2026-03-08,2026-03-17,219.68,218.74,220.9,GRU-45
632720,2026-03-08,2026-03-18,219.13,218.24,220.45,GRU-45
632720,2026-03-08,2026-03-19,218.54,217.78,219.96,GRU-45
632720,2026-03-08,2026-03-20,218.28,217.16,219.64,GRU-45
632720,2026-03-08,2026-03-21,217.66,216.56,219.36,GRU-45
632720,2026-03-08,2026-03-22,217.15,216.17,218.88,GRU-45
632720,2026-03-08,2026-03-23,216.52,215.52,218.02,GRU-45
632720,2026-03-08,2026-03-24,216.24,215.11,217.7,GRU-45
632720,2026-03-08,2026-03-25,215.49,214.71,216.94,GRU-45
632720,2026-03-08,2026-03-26,215.11,214.5,216.93,GRU-45
632720,2026-03-08,2026-03-27,214.94,214.41,216.38,GRU-45
632720,2026-03-08,2026-03-28,214.79,214.32,216.3,GRU-45
632720,2026-03-08,2026-03-29,214.65,214.27,215.89,GRU-45
632720,2026-03-08,2026-03-30,214.5,214.21,215.8,GRU-45
632720,2026-03-08,2026-03-31,214.6,214.24,216.03,GRU-45
632720,2026-03-08,2026-04-01,214.52,214.19,215.9,GRU-45
632720,2026-03-08,2026-04-02,214.45,214.18,215.6,GRU-45
632720,2026-03-08,2026-04-03,214.44,214.16,215.29,GRU-45
632720,2026-03-08,2026-04-04,214.4,214.17,215.42,GRU-45
632720,2026-03-08,2026-04-05,214.34,214.15,215.05,GRU-45
632720,2026-03-08,2026-04-06,214.44,214.17,215.26,GRU-45
632720,2026-03-08,2026-04-07,214.25,214.13,215.05,GRU-45
633053,2026-03-08,2026-03-09,109.36,109.25,109.5,GRU-45
633053,2026-03-08,2026-03-10,109.32,109.13,109.58,GRU-45
633053,2026-03-08,2026-03-11,109.3,109.03,109.65,GRU-45
633053,2026-03-08,2026-03-12,109.25,108.89,109.69,GRU-45
633053,2026-03-08,2026-03-13,109.21,108.81,109.76,GRU-45
633053,2026-03-08,2026-03-14,109.11,108.67,109.66,GRU-45
633053,2026-03-08,2026-03-15,109.28,108.6,110.0,GRU-45
633053,2026-03-08,2026-03-16,109.13,108.54,109.63,GRU-45
633053,2026-03-08,2026-03-17,109.24,108.43,109.97,GRU-45
633053,2026-03-08,2026-03-18,109.2,108.29,110.14,GRU-45
633053,2026-03-08,2026-03-19,108.84,108.11,109.73,GRU-45
633053,2026-03-08,2026-03-20,109.17,108.17,110.23,GRU-45
633053,2026-03-08,2026-03-21,109.19,108.34,109.95,GRU-45
633053,2026-03-08,2026-03-22,109.15,108.34,109.93,GRU-45
633053,2026-03-08,2026-03-23,108.86,108.23,109.78,GRU-45
633053,2026-03-08,2026-03-24,109.3,108.42,110.11,GRU-45
633053,2026-03-08,2026-03-25,109.06,108.09,109.86,GRU-45
633053,2026-03-08,2026-03-26,109.32,108.24,110.47,GRU-45
633053,2026-03-08,2026-03-27,109.01,108.23,109.89,GRU-45
633053,2026-03-08,2026-03-28,109.39,108.21,110.42,GRU-45
633053,2026-03-08,2026-03-29,108.84,107.96,109.73,GRU-45
633053,2026-03-08,2026-03-30,108.71,107.91,109.66,GRU-45
633053,2026-03-08,2026-03-31,109.29,108.27,110.17,GRU-45
633053,2026-03-08,2026-04-01,108.81,107.93,109.62,GRU-45
633053,2026-03-08,2026-04-02,108.81,107.77,109.84,GRU-45
633053,2026-03-08,2026-04-03,108.75,107.64,109.73,GRU-45
633053,2026-03-08,2026-04-04,108.61,107.78,109.53,GRU-45
633053,2026-03-08,2026-04-05,108.81,107.82,109.62,GRU-45
633053,2026-03-08,2026-04-06,108.74,107.75,109.67,GRU-45
633053,2026-03-08,2026-04-07,108.43,107.57,109.36,GRU-45
633098,2026-03-08,2026-03-09,122.52,122.49,122.55,GRU-45
633098,2026-03-08,2026-03-10,122.47,122.41,122.53,GRU-45
633098,2026-03-08,2026-03-11,122.43,122.34,122.53,GRU-45
633098,2026-03-08,2026-03-12,122.39,122.26,122.5,GRU-45
633098,2026-03-08,2026-03-13,122.37,122.21,122.51,GRU-45
633098,2026-03-08,2026-03-14,122.37,122.16,122.58,GRU-45
633098,2026-03-08,2026-03-15,122.38,122.13,122.58,GRU-45
633098,2026-03-08,2026-03-16,122.46,122.16,122.75,GRU-45
633098,2026-03-08,2026-03-17,122.38,122.09,122.65,GRU-45
633098,2026-03-08,2026-03-18,122.48,122.13,122.85,GRU-45
633098,2026-03-08,2026-03-19,122.52,122.12,122.88,GRU-45
633098,2026-03-08,2026-03-20,122.59,122.26,122.86,GRU-45
633098,2026-03-08,2026-03-21,122.7,122.25,123.16,GRU-45
633098,2026-03-08,2026-03-22,122.69,122.24,123.2,GRU-45
633098,2026-03-08,2026-03-23,122.91,122.37,123.51,GRU-45
633098,2026-03-08,2026-03-24,122.79,122.17,123.54,GRU-45
633098,2026-03-08,2026-03-25,122.9,122.61,123.28,GRU-45
633098,2026-03-08,2026-03-26,122.91,122.27,123.49,GRU-45
633098,2026-03-08,2026-03-27,122.88,122.27,123.62,GRU-45
633098,2026-03-08,2026-03-28,123.19,122.58,123.68,GRU-45
633098,2026-03-08,2026-03-29,123.19,122.51,123.92,GRU-45
633098,2026-03-08,2026-03-30,123.1,122.43,123.83,GRU-45
633098,2026-03-08,2026-03-31,123.07,122.43,123.76,GRU-45
633098,2026-03-08,2026-04-01,123.28,122.81,123.77,GRU-45
633098,2026-03-08,2026-04-02,123.34,122.58,123.89,GRU-45
633098,2026-03-08,2026-04-03,123.49,122.7,124.15,GRU-45
633098,2026-03-08,2026-04-04,123.5,122.47,124.34,GRU-45
633098,2026-03-08,2026-04-05,123.62,122.79,124.27,GRU-45
633098,2026-03-08,2026-04-06,123.57,122.55,124.29,GRU-45
633098,2026-03-08,2026-04-07,123.38,122.66,123.97,GRU-45
633099,2026-03-08,2026-03-09,66.7,66.68,66.72,GRU-45
633099,2026-03-08,2026-03-10,66.68,66.64,66.72,GRU-45
633099,2026-03-08,2026-03-11,66.68,66.61,66.75,GRU-45
633099,2026-03-08,2026-03-12,66.66,66.58,66.75,GRU-45
633099,2026-03-08,2026-03-13,66.67,66.55,66.78,GRU-45
633099,2026-03-08,2026-03-14,66.68,66.56,66.82,GRU-45
633099,2026-03-08,2026-03-15,66.71,66.54,66.87,GRU-45
633099,2026-03-08,2026-03-16,66.77,66.58,66.97,GRU-45
633099,2026-03-08,2026-03-17,66.78,66.58,66.98,GRU-45
633099,2026-03-08,2026-03-18,66.82,66.58,67.04,GRU-45
633099,2026-03-08,2026-03-19,66.87,66.62,67.11,GRU-45
633099,2026-03-08,2026-03-20,66.94,66.71,67.2,GRU-45
633099,2026-03-08,2026-03-21,67.03,66.77,67.27,GRU-45
633099,2026-03-08,2026-03-22,67.07,66.73,67.34,GRU-45
633099,2026-03-08,2026-03-23,67.18,66.89,67.42,GRU-45
633099,2026-03-08,2026-03-24,67.16,66.82,67.47,GRU-45
633099,2026-03-08,2026-03-25,67.29,67.04,67.57,GRU-45
633099,2026-03-08,2026-03-26,67.27,66.86,67.6,GRU-45
633099,2026-03-08,2026-03-27,67.41,67.01,67.76,GRU-45
633099,2026-03-08,2026-03-28,67.47,67.07,67.89,GRU-45
633099,2026-03-08,2026-03-29,67.57,67.09,67.92,GRU-45
633099,2026-03-08,2026-03-30,67.6,67.08,68.04,GRU-45
633099,2026-03-08,2026-03-31,67.69,67.12,68.14,GRU-45
633099,2026-03-08,2026-04-01,67.74,67.27,68.11,GRU-45
633099,2026-03-08,2026-04-02,67.68,67.14,68.14,GRU-45
633099,2026-03-08,2026-04-03,67.84,67.2,68.32,GRU-45
633099,2026-03-08,2026-04-04,67.87,67.15,68.38,GRU-45
633099,2026-03-08,2026-04-05,67.94,67.43,68.35,GRU-45
633099,2026-03-08,2026-04-06,67.88,67.23,68.43,GRU-45
633099,2026-03-08,2026-04-07,67.96,67.34,68.4,GRU-45
633103,2026-03-08,2026-03-09,130.02,129.97,130.07,GRU-45
633103,2026-03-08,2026-03-10,129.93,129.85,130.01,GRU-45
633103,2026-03-08,2026-03-11,129.85,129.73,129.97,GRU-45
633103,2026-03-08,2026-03-12,129.78,129.58,129.96,GRU-45
633103,2026-03-08,2026-03-13,129.66,129.47,129.86,GRU-45
633103,2026-03-08,2026-03-14,129.6,129.35,129.81,GRU-45
633103,2026-03-08,2026-03-15,129.53,129.27,129.84,GRU-45
633103,2026-03-08,2026-03-16,129.47,129.2,129.77,GRU-45
633103,2026-03-08,2026-03-17,129.42,129.08,129.76,GRU-45
633103,2026-03-08,2026-03-18,129.32,128.95,129.69,GRU-45
633103,2026-03-08,2026-03-19,129.25,128.85,129.62,GRU-45
633103,2026-03-08,2026-03-20,129.21,128.7,129.67,GRU-45
633103,2026-03-08,2026-03-21,129.16,128.61,129.63,GRU-45
633103,2026-03-08,2026-03-22,128.95,128.39,129.49,GRU-45
633103,2026-03-08,2026-03-23,128.73,128.13,129.32,GRU-45
633103,2026-03-08,2026-03-24,128.57,127.86,129.23,GRU-45
633103,2026-03-08,2026-03-25,128.08,127.49,128.83,GRU-45
633103,2026-03-08,2026-03-26,127.94,127.37,128.77,GRU-45
633103,2026-03-08,2026-03-27,127.78,127.16,128.53,GRU-45
633103,2026-03-08,2026-03-28,127.54,126.91,128.55,GRU-45
633103,2026-03-08,2026-03-29,127.44,126.86,128.43,GRU-45
633103,2026-03-08,2026-03-30,127.18,126.64,128.11,GRU-45
633103,2026-03-08,2026-03-31,127.35,126.74,128.16,GRU-45
633103,2026-03-08,2026-04-01,127.33,126.7,128.21,GRU-45
633103,2026-03-08,2026-04-02,127.09,126.52,128.11,GRU-45
633103,2026-03-08,2026-04-03,127.02,126.47,128.06,GRU-45
633103,2026-03-08,2026-04-04,126.95,126.53,128.04,GRU-45
633103,2026-03-08,2026-04-05,126.83,126.33,127.74,GRU-45
633103,2026-03-08,2026-04-06,127.02,126.46,128.08,GRU-45
633103,2026-03-08,2026-04-07,126.75,126.27,127.62,GRU-45
633104,2026-03-08,2026-03-09,123.21,123.11,123.29,GRU-45
633104,2026-03-08,2026-03-10,123.27,123.08,123.43,GRU-45
633104,2026-03-08,2026-03-11,123.38,123.09,123.61,GRU-45
633104,2026-03-08,2026-03-12,123.45,123.08,123.76,GRU-45
633104,2026-03-08,2026-03-13,123.59,123.1,123.95,GRU-45
633104,2026-03-08,2026-03-14,123.73,123.15,124.14,GRU-45
633104,2026-03-08,2026-03-15,123.91,123.24,124.42,GRU-45
633104,2026-03-08,2026-03-16,124.08,123.44,124.68,GRU-45
633104,2026-03-08,2026-03-17,124.29,123.51,124.89,GRU-45
633104,2026-03-08,2026-03-18,124.47,123.56,125.17,GRU-45
633104,2026-03-08,2026-03-19,124.73,123.76,125.45,GRU-45
633104,2026-03-08,2026-03-20,124.86,123.93,125.71,GRU-45
633104,2026-03-08,2026-03-21,125.15,124.16,125.96,GRU-45
633104,2026-03-08,2026-03-22,125.35,124.32,126.34,GRU-45
633104,2026-03-08,2026-03-23,125.5,124.66,126.62,GRU-45
633104,2026-03-08,2026-03-24,125.78,124.73,126.76,GRU-45
633104,2026-03-08,2026-03-25,126.03,124.93,127.09,GRU-45
633104,2026-03-08,2026-03-26,126.08,124.68,127.34,GRU-45
633104,2026-03-08,2026-03-27,126.54,125.33,127.77,GRU-45
633104,2026-03-08,2026-03-28,126.81,125.42,128.11,GRU-45
633104,2026-03-08,2026-03-29,126.84,125.72,128.23,GRU-45
633104,2026-03-08,2026-03-30,127.22,125.88,128.41,GRU-45
633104,2026-03-08,2026-03-31,127.3,125.78,128.61,GRU-45
633104,2026-03-08,2026-04-01,127.47,126.03,128.54,GRU-45
633104,2026-03-08,2026-04-02,127.59,125.97,128.65,GRU-45
633104,2026-03-08,2026-04-03,127.7,126.26,128.87,GRU-45
633104,2026-03-08,2026-04-04,127.99,126.43,128.96,GRU-45
633104,2026-03-08,2026-04-05,128.1,126.61,128.95,GRU-45
633104,2026-03-08,2026-04-06,128.11,126.6,128.97,GRU-45
633104,2026-03-08,2026-04-07,128.2,126.75,129.06,GRU-45
647656,2026-03-08,2026-03-09,4.62,4.62,4.62,GRU-45
647656,2026-03-08,2026-03-10,4.61,4.61,4.62,GRU-45
647656,2026-03-08,2026-03-11,4.6,4.59,4.61,GRU-45
647656,2026-03-08,2026-03-12,4.59,4.58,4.61,GRU-45
647656,2026-03-08,2026-03-13,4.58,4.56,4.6,GRU-45
647656,2026-03-08,2026-03-14,4.57,4.54,4.6,GRU-45
647656,2026-03-08,2026-03-15,4.56,4.52,4.6,GRU-45
647656,2026-03-08,2026-03-16,4.56,4.5,4.61,GRU-45
647656,2026-03-08,2026-03-17,4.54,4.48,4.6,GRU-45
647656,2026-03-08,2026-03-18,4.52,4.46,4.59,GRU-45
647656,2026-03-08,2026-03-19,4.51,4.45,4.59,GRU-45
647656,2026-03-08,2026-03-20,4.51,4.45,4.59,GRU-45
647656,2026-03-08,2026-03-21,4.51,4.44,4.6,GRU-45
647656,2026-03-08,2026-03-22,4.51,4.45,4.59,GRU-45
647656,2026-03-08,2026-03-23,4.52,4.48,4.6,GRU-45
647656,2026-03-08,2026-03-24,4.52,4.47,4.6,GRU-45
647656,2026-03-08,2026-03-25,4.55,4.49,4.61,GRU-45
647656,2026-03-08,2026-03-26,4.52,4.48,4.59,GRU-45
647656,2026-03-08,2026-03-27,4.53,4.49,4.6,GRU-45
647656,2026-03-08,2026-03-28,4.54,4.5,4.59,GRU-45
647656,2026-03-08,2026-03-29,4.55,4.51,4.61,GRU-45
647656,2026-03-08,2026-03-30,4.55,4.5,4.62,GRU-45
647656,2026-03-08,2026-03-31,4.54,4.5,4.61,GRU-45
647656,2026-03-08,2026-04-01,4.55,4.51,4.6,GRU-45
647656,2026-03-08,2026-04-02,4.56,4.52,4.61,GRU-45
647656,2026-03-08,2026-04-03,4.55,4.51,4.61,GRU-45
647656,2026-03-08,2026-04-04,4.53,4.49,4.6,GRU-45
647656,2026-03-08,2026-04-05,4.56,4.51,4.61,GRU-45
647656,2026-03-08,2026-04-06,4.55,4.51,4.6,GRU-45
647656,2026-03-08,2026-04-07,4.56,4.52,4.61,GRU-45
647657,2026-03-08,2026-03-09,4.33,4.32,4.34,GRU-45
647657,2026-03-08,2026-03-10,4.35,4.32,4.37,GRU-45
647657,2026-03-08,2026-03-11,4.36,4.32,4.39,GRU-45
647657,2026-03-08,2026-03-12,4.38,4.33,4.42,GRU-45
647657,2026-03-08,2026-03-13,4.39,4.33,4.43,GRU-45
647657,2026-03-08,2026-03-14,4.41,4.35,4.47,GRU-45
647657,2026-03-08,2026-03-15,4.44,4.35,4.51,GRU-45
647657,2026-03-08,2026-03-16,4.46,4.39,4.53,GRU-45
647657,2026-03-08,2026-03-17,4.49,4.4,4.57,GRU-45
647657,2026-03-08,2026-03-18,4.52,4.42,4.61,GRU-45
647657,2026-03-08,2026-03-19,4.55,4.44,4.65,GRU-45
647657,2026-03-08,2026-03-20,4.56,4.45,4.66,GRU-45
647657,2026-03-08,2026-03-21,4.6,4.49,4.69,GRU-45
647657,2026-03-08,2026-03-22,4.63,4.51,4.73,GRU-45
647657,2026-03-08,2026-03-23,4.66,4.55,4.74,GRU-45
647657,2026-03-08,2026-03-24,4.7,4.57,4.78,GRU-45
647657,2026-03-08,2026-03-25,4.69,4.58,4.81,GRU-45
647657,2026-03-08,2026-03-26,4.72,4.56,4.85,GRU-45
647657,2026-03-08,2026-03-27,4.78,4.63,4.89,GRU-45
647657,2026-03-08,2026-03-28,4.8,4.61,4.92,GRU-45
647657,2026-03-08,2026-03-29,4.84,4.68,4.93,GRU-45
647657,2026-03-08,2026-03-30,4.87,4.73,4.97,GRU-45
647657,2026-03-08,2026-03-31,4.88,4.69,4.98,GRU-45
647657,2026-03-08,2026-04-01,4.89,4.73,4.98,GRU-45
647657,2026-03-08,2026-04-02,4.9,4.74,5.0,GRU-45
647657,2026-03-08,2026-04-03,4.94,4.78,5.02,GRU-45
647657,2026-03-08,2026-04-04,4.97,4.82,5.04,GRU-45
647657,2026-03-08,2026-04-05,4.96,4.81,5.03,GRU-45
647657,2026-03-08,2026-04-06,4.97,4.85,5.05,GRU-45
647657,2026-03-08,2026-04-07,4.97,4.81,5.04,GRU-45
647659,2026-03-08,2026-03-09,3.49,3.47,3.5,GRU-45
647659,2026-03-08,2026-03-10,3.51,3.48,3.53,GRU-45
647659,2026-03-08,2026-03-11,3.53,3.5,3.57,GRU-45
647659,2026-03-08,2026-03-12,3.56,3.51,3.61,GRU-45
647659,2026-03-08,2026-03-13,3.58,3.52,3.64,GRU-45
647659,2026-03-08,2026-03-14,3.6,3.53,3.67,GRU-45
647659,2026-03-08,2026-03-15,3.63,3.54,3.71,GRU-45
647659,2026-03-08,2026-03-16,3.64,3.55,3.72,GRU-45
647659,2026-03-08,2026-03-17,3.67,3.57,3.76,GRU-45
647659,2026-03-08,2026-03-18,3.7,3.58,3.78,GRU-45
647659,2026-03-08,2026-03-19,3.71,3.59,3.8,GRU-45
647659,2026-03-08,2026-03-20,3.75,3.62,3.82,GRU-45
647659,2026-03-08,2026-03-21,3.76,3.65,3.83,GRU-45
647659,2026-03-08,2026-03-22,3.8,3.69,3.85,GRU-45
647659,2026-03-08,2026-03-23,3.82,3.73,3.86,GRU-45
647659,2026-03-08,2026-03-24,3.83,3.75,3.87,GRU-45
647659,2026-03-08,2026-03-25,3.85,3.77,3.88,GRU-45
647659,2026-03-08,2026-03-26,3.86,3.8,3.88,GRU-45
647659,2026-03-08,2026-03-27,3.87,3.81,3.89,GRU-45
647659,2026-03-08,2026-03-28,3.88,3.82,3.89,GRU-45
647659,2026-03-08,2026-03-29,3.88,3.84,3.89,GRU-45
647659,2026-03-08,2026-03-30,3.88,3.84,3.89,GRU-45
647659,2026-03-08,2026-03-31,3.88,3.85,3.89,GRU-45
647659,2026-03-08,2026-04-01,3.89,3.86,3.89,GRU-45
647659,2026-03-08,2026-04-02,3.89,3.87,3.89,GRU-45
647659,2026-03-08,2026-04-03,3.89,3.87,3.89,GRU-45
647659,2026-03-08,2026-04-04,3.89,3.87,3.89,GRU-45
647659,2026-03-08,2026-04-05,3.89,3.88,3.89,GRU-45
647659,2026-03-08,2026-04-06,3.89,3.88,3.89,GRU-45
647659,2026-03-08,2026-04-07,3.89,3.88,3.89,GRU-45
647660,2026-03-08,2026-03-09,8.49,8.48,8.5,GRU-45
647660,2026-03-08,2026-03-10,8.5,8.48,8.51,GRU-45
647660,2026-03-08,2026-03-11,8.51,8.49,8.53,GRU-45
647660,2026-03-08,2026-03-12,8.52,8.49,8.55,GRU-45
647660,2026-03-08,2026-03-13,8.54,8.5,8.57,GRU-45
647660,2026-03-08,2026-03-14,8.55,8.5,8.59,GRU-45
647660,2026-03-08,2026-03-15,8.57,8.5,8.62,GRU-45
647660,2026-03-08,2026-03-16,8.57,8.52,8.63,GRU-45
647660,2026-03-08,2026-03-17,8.59,8.52,8.65,GRU-45
647660,2026-03-08,2026-03-18,8.61,8.53,8.68,GRU-45
647660,2026-03-08,2026-03-19,8.63,8.53,8.69,GRU-45
647660,2026-03-08,2026-03-20,8.65,8.56,8.71,GRU-45
647660,2026-03-08,2026-03-21,8.66,8.56,8.72,GRU-45
647660,2026-03-08,2026-03-22,8.69,8.59,8.75,GRU-45
647660,2026-03-08,2026-03-23,8.7,8.62,8.76,GRU-45
647660,2026-03-08,2026-03-24,8.72,8.64,8.78,GRU-45
647660,2026-03-08,2026-03-25,8.75,8.66,8.8,GRU-45
647660,2026-03-08,2026-03-26,8.76,8.66,8.81,GRU-45
647660,2026-03-08,2026-03-27,8.77,8.69,8.82,GRU-45
647660,2026-03-08,2026-03-28,8.79,8.7,8.83,GRU-45
647660,2026-03-08,2026-03-29,8.8,8.71,8.83,GRU-45
647660,2026-03-08,2026-03-30,8.8,8.73,8.84,GRU-45
647660,2026-03-08,2026-03-31,8.81,8.75,8.84,GRU-45
647660,2026-03-08,2026-04-01,8.82,8.76,8.84,GRU-45
647660,2026-03-08,2026-04-02,8.82,8.76,8.84,GRU-45
647660,2026-03-08,2026-04-03,8.83,8.76,8.84,GRU-45
647660,2026-03-08,2026-04-04,8.83,8.77,8.84,GRU-45
647660,2026-03-08,2026-04-05,8.83,8.79,8.85,GRU-45
647660,2026-03-08,2026-04-06,8.84,8.79,8.85,GRU-45
647660,2026-03-08,2026-04-07,8.84,8.8,8.85,GRU-45
647663,2026-03-08,2026-03-09,1526.32,1524.89,1527.96,GRU-45
647663,2026-03-08,2026-03-10,1526.44,1523.79,1529.8,GRU-45
647663,2026-03-08,2026-03-11,1526.1,1523.7,1530.7,GRU-45
647663,2026-03-08,2026-03-12,1526.33,1522.31,1532.22,GRU-45
647663,2026-03-08,2026-03-13,1526.28,1520.68,1533.54,GRU-45
647663,2026-03-08,2026-03-14,1526.97,1520.95,1535.55,GRU-45
647663,2026-03-08,2026-03-15,1528.1,1520.61,1538.25,GRU-45
647663,2026-03-08,2026-03-16,1529.87,1521.38,1539.59,GRU-45
647663,2026-03-08,2026-03-17,1531.78,1521.54,1544.3,GRU-45
647663,2026-03-08,2026-03-18,1528.47,1518.1,1541.88,GRU-45
647663,2026-03-08,2026-03-19,1535.07,1522.76,1551.39,GRU-45
647663,2026-03-08,2026-03-20,1535.7,1523.32,1553.64,GRU-45
647663,2026-03-08,2026-03-21,1533.2,1521.03,1547.35,GRU-45
647663,2026-03-08,2026-03-22,1537.62,1521.88,1554.47,GRU-45
647663,2026-03-08,2026-03-23,1534.93,1517.51,1548.94,GRU-45
647663,2026-03-08,2026-03-24,1533.5,1520.14,1546.74,GRU-45
647663,2026-03-08,2026-03-25,1531.68,1513.47,1548.61,GRU-45
647663,2026-03-08,2026-03-26,1530.39,1507.5,1548.2,GRU-45
647663,2026-03-08,2026-03-27,1530.11,1512.2,1548.38,GRU-45
647663,2026-03-08,2026-03-28,1529.44,1505.91,1551.98,GRU-45
647663,2026-03-08,2026-03-29,1535.23,1512.17,1555.5,GRU-45
647663,2026-03-08,2026-03-30,1528.09,1504.01,1547.52,GRU-45
647663,2026-03-08,2026-03-31,1526.03,1505.28,1546.65,GRU-45
647663,2026-03-08,2026-04-01,1531.69,1505.42,1551.72,GRU-45
647663,2026-03-08,2026-04-02,1526.12,1502.69,1548.04,GRU-45
647663,2026-03-08,2026-04-03,1523.27,1502.02,1544.47,GRU-45
647663,2026-03-08,2026-04-04,1529.75,1501.9,1552.61,GRU-45
647663,2026-03-08,2026-04-05,1527.48,1500.0,1549.24,GRU-45
647663,2026-03-08,2026-04-06,1526.63,1501.02,1546.99,GRU-45
647663,2026-03-08,2026-04-07,1522.18,1494.5,1538.64,GRU-45
649230,2026-03-08,2026-03-09,125.82,125.74,125.95,GRU-45
649230,2026-03-08,2026-03-10,125.92,125.71,126.18,GRU-45
649230,2026-03-08,2026-03-11,126.0,125.73,126.37,GRU-45
649230,2026-03-08,2026-03-12,126.07,125.73,126.55,GRU-45
649230,2026-03-08,2026-03-13,126.17,125.77,126.77,GRU-45
649230,2026-03-08,2026-03-14,126.29,125.88,126.97,GRU-45
649230,2026-03-08,2026-03-15,126.5,125.94,127.26,GRU-45
649230,2026-03-08,2026-03-16,126.62,126.11,127.35,GRU-45
649230,2026-03-08,2026-03-17,126.85,126.2,127.6,GRU-45
649230,2026-03-08,2026-03-18,127.01,126.32,128.02,GRU-45
649230,2026-03-08,2026-03-19,127.21,126.47,128.1,GRU-45
649230,2026-03-08,2026-03-20,127.49,126.65,128.42,GRU-45
649230,2026-03-08,2026-03-21,127.64,126.88,128.39,GRU-45
649230,2026-03-08,2026-03-22,127.84,127.02,128.73,GRU-45
649230,2026-03-08,2026-03-23,128.04,127.12,128.81,GRU-45
649230,2026-03-08,2026-03-24,128.22,127.32,129.03,GRU-45
649230,2026-03-08,2026-03-25,128.22,127.36,129.02,GRU-45
649230,2026-03-08,2026-03-26,128.46,127.39,129.36,GRU-45
649230,2026-03-08,2026-03-27,128.55,127.44,129.37,GRU-45
649230,2026-03-08,2026-03-28,128.61,127.53,129.6,GRU-45
649230,2026-03-08,2026-03-29,128.83,127.73,129.62,GRU-45
649230,2026-03-08,2026-03-30,128.87,127.87,129.66,GRU-45
649230,2026-03-08,2026-03-31,128.96,128.02,129.76,GRU-45
649230,2026-03-08,2026-04-01,129.03,128.05,129.79,GRU-45
649230,2026-03-08,2026-04-02,129.16,128.05,129.9,GRU-45
649230,2026-03-08,2026-04-03,129.25,128.04,130.01,GRU-45
649230,2026-03-08,2026-04-04,129.31,128.27,130.07,GRU-45
649230,2026-03-08,2026-04-05,129.36,128.31,130.09,GRU-45
649230,2026-03-08,2026-04-06,129.46,128.41,130.12,GRU-45
649230,2026-03-08,2026-04-07,129.46,128.49,130.1,GRU-45
649231,2026-03-08,2026-03-09,89.75,89.71,89.78,GRU-45
649231,2026-03-08,2026-03-10,89.65,89.56,89.72,GRU-45
649231,2026-03-08,2026-03-11,89.56,89.44,89.67,GRU-45
649231,2026-03-08,2026-03-12,89.46,89.29,89.6,GRU-45
649231,2026-03-08,2026-03-13,89.39,89.17,89.58,GRU-45
649231,2026-03-08,2026-03-14,89.39,89.13,89.62,GRU-45
649231,2026-03-08,2026-03-15,89.34,89.01,89.64,GRU-45
649231,2026-03-08,2026-03-16,89.41,89.09,89.76,GRU-45
649231,2026-03-08,2026-03-17,89.34,89.0,89.71,GRU-45
649231,2026-03-08,2026-03-18,89.35,88.91,89.76,GRU-45
649231,2026-03-08,2026-03-19,89.4,88.95,89.83,GRU-45
649231,2026-03-08,2026-03-20,89.45,88.96,89.92,GRU-45
649231,2026-03-08,2026-03-21,89.43,89.01,89.89,GRU-45
649231,2026-03-08,2026-03-22,89.47,88.96,90.03,GRU-45
649231,2026-03-08,2026-03-23,89.49,89.01,90.18,GRU-45
649231,2026-03-08,2026-03-24,89.5,88.92,90.23,GRU-45
649231,2026-03-08,2026-03-25,89.62,89.05,90.2,GRU-45
649231,2026-03-08,2026-03-26,89.61,89.0,90.32,GRU-45
649231,2026-03-08,2026-03-27,89.55,89.07,90.41,GRU-45
649231,2026-03-08,2026-03-28,89.59,89.02,90.28,GRU-45
649231,2026-03-08,2026-03-29,89.75,89.07,90.63,GRU-45
649231,2026-03-08,2026-03-30,89.83,88.95,90.87,GRU-45
649231,2026-03-08,2026-03-31,89.68,88.76,90.71,GRU-45
649231,2026-03-08,2026-04-01,89.72,88.89,90.62,GRU-45
649231,2026-03-08,2026-04-02,89.68,88.67,90.58,GRU-45
649231,2026-03-08,2026-04-03,90.07,88.88,91.07,GRU-45
649231,2026-03-08,2026-04-04,90.03,89.06,91.16,GRU-45
649231,2026-03-08,2026-04-05,90.16,89.04,91.22,GRU-45
649231,2026-03-08,2026-04-06,90.2,89.14,91.47,GRU-45
649231,2026-03-08,2026-04-07,89.94,88.92,91.05,GRU-45
649236,2026-03-08,2026-03-09,80.52,80.3,80.88,GRU-45
649236,2026-03-08,2026-03-10,80.75,80.26,81.38,GRU-45
649236,2026-03-08,2026-03-11,81.07,80.33,82.0,GRU-45
649236,2026-03-08,2026-03-12,81.33,80.35,82.49,GRU-45
649236,2026-03-08,2026-03-13,81.77,80.42,83.29,GRU-45
649236,2026-03-08,2026-03-14,82.49,80.76,84.32,GRU-45
649236,2026-03-08,2026-03-15,83.0,80.99,85.07,GRU-45
649236,2026-03-08,2026-03-16,83.94,81.82,86.43,GRU-45
649236,2026-03-08,2026-03-17,84.32,81.98,86.62,GRU-45
649236,2026-03-08,2026-03-18,85.08,82.63,87.92,GRU-45
649236,2026-03-08,2026-03-19,85.88,83.13,88.83,GRU-45
649236,2026-03-08,2026-03-20,86.84,84.07,89.73,GRU-45
649236,2026-03-08,2026-03-21,87.85,84.59,90.58,GRU-45
649236,2026-03-08,2026-03-22,88.72,85.23,91.7,GRU-45
649236,2026-03-08,2026-03-23,89.9,86.66,92.83,GRU-45
649236,2026-03-08,2026-03-24,89.79,86.02,92.64,GRU-45
649236,2026-03-08,2026-03-25,90.53,86.72,93.09,GRU-45
649236,2026-03-08,2026-03-26,91.75,87.85,94.09,GRU-45
649236,2026-03-08,2026-03-27,91.95,88.23,94.23,GRU-45
649236,2026-03-08,2026-03-28,92.66,89.45,94.77,GRU-45
649236,2026-03-08,2026-03-29,93.1,89.44,95.04,GRU-45
649236,2026-03-08,2026-03-30,93.24,89.72,95.15,GRU-45
649236,2026-03-08,2026-03-31,93.49,89.88,95.1,GRU-45
649236,2026-03-08,2026-04-01,93.71,90.64,95.36,GRU-45
649236,2026-03-08,2026-04-02,93.99,90.47,95.53,GRU-45
649236,2026-03-08,2026-04-03,94.73,91.69,95.69,GRU-45
649236,2026-03-08,2026-04-04,94.67,92.09,95.7,GRU-45
649236,2026-03-08,2026-04-05,94.9,91.91,95.77,GRU-45
649236,2026-03-08,2026-04-06,95.07,92.42,95.83,GRU-45
649236,2026-03-08,2026-04-07,94.78,92.1,95.78,GRU-45
650141,2026-03-08,2026-03-09,2.4,2.39,2.4,GRU-45
650141,2026-03-08,2026-03-10,2.4,2.39,2.4,GRU-45
650141,2026-03-08,2026-03-11,2.4,2.39,2.4,GRU-45
650141,2026-03-08,2026-03-12,2.4,2.38,2.41,GRU-45
650141,2026-03-08,2026-03-13,2.39,2.38,2.41,GRU-45
650141,2026-03-08,2026-03-14,2.4,2.38,2.42,GRU-45
650141,2026-03-08,2026-03-15,2.4,2.38,2.42,GRU-45
650141,2026-03-08,2026-03-16,2.41,2.39,2.43,GRU-45
650141,2026-03-08,2026-03-17,2.42,2.39,2.44,GRU-45
650141,2026-03-08,2026-03-18,2.42,2.39,2.45,GRU-45
650141,2026-03-08,2026-03-19,2.43,2.4,2.46,GRU-45
650141,2026-03-08,2026-03-20,2.43,2.4,2.46,GRU-45
650141,2026-03-08,2026-03-21,2.45,2.42,2.48,GRU-45
650141,2026-03-08,2026-03-22,2.45,2.42,2.48,GRU-45
650141,2026-03-08,2026-03-23,2.46,2.43,2.49,GRU-45
650141,2026-03-08,2026-03-24,2.48,2.44,2.51,GRU-45
650141,2026-03-08,2026-03-25,2.48,2.44,2.52,GRU-45
650141,2026-03-08,2026-03-26,2.47,2.43,2.52,GRU-45
650141,2026-03-08,2026-03-27,2.5,2.45,2.54,GRU-45
650141,2026-03-08,2026-03-28,2.48,2.43,2.54,GRU-45
650141,2026-03-08,2026-03-29,2.51,2.46,2.55,GRU-45
650141,2026-03-08,2026-03-30,2.52,2.46,2.57,GRU-45
650141,2026-03-08,2026-03-31,2.52,2.48,2.57,GRU-45
650141,2026-03-08,2026-04-01,2.53,2.47,2.58,GRU-45
650141,2026-03-08,2026-04-02,2.53,2.46,2.58,GRU-45
650141,2026-03-08,2026-04-03,2.53,2.47,2.59,GRU-45
650141,2026-03-08,2026-04-04,2.55,2.48,2.6,GRU-45
650141,2026-03-08,2026-04-05,2.55,2.47,2.61,GRU-45
650141,2026-03-08,2026-04-06,2.55,2.47,2.61,GRU-45
650141,2026-03-08,2026-04-07,2.56,2.49,2.62,GRU-45
650142,2026-03-08,2026-03-09,15.64,15.59,15.68,GRU-45
650142,2026-03-08,2026-03-10,15.69,15.61,15.78,GRU-45
650142,2026-03-08,2026-03-11,15.76,15.64,15.89,GRU-45
650142,2026-03-08,2026-03-12,15.83,15.67,16.0,GRU-45
650142,2026-03-08,2026-03-13,15.9,15.71,16.1,GRU-45
650142,2026-03-08,2026-03-14,15.96,15.74,16.21,GRU-45
650142,2026-03-08,2026-03-15,16.04,15.77,16.32,GRU-45
650142,2026-03-08,2026-03-16,16.09,15.8,16.4,GRU-45
650142,2026-03-08,2026-03-17,16.17,15.79,16.51,GRU-45
650142,2026-03-08,2026-03-18,16.28,15.83,16.66,GRU-45
650142,2026-03-08,2026-03-19,16.34,15.84,16.71,GRU-45
650142,2026-03-08,2026-03-20,16.44,16.01,16.82,GRU-45
650142,2026-03-08,2026-03-21,16.55,16.04,16.86,GRU-45
650142,2026-03-08,2026-03-22,16.67,16.27,16.99,GRU-45
650142,2026-03-08,2026-03-23,16.81,16.48,17.03,GRU-45
650142,2026-03-08,2026-03-24,16.89,16.57,17.1,GRU-45
650142,2026-03-08,2026-03-25,16.98,16.62,17.15,GRU-45
650142,2026-03-08,2026-03-26,17.03,16.75,17.18,GRU-45
650142,2026-03-08,2026-03-27,17.08,16.84,17.19,GRU-45
650142,2026-03-08,2026-03-28,17.13,16.88,17.22,GRU-45
650142,2026-03-08,2026-03-29,17.16,16.96,17.22,GRU-45
650142,2026-03-08,2026-03-30,17.17,16.94,17.23,GRU-45
650142,2026-03-08,2026-03-31,17.2,17.04,17.24,GRU-45
650142,2026-03-08,2026-04-01,17.2,17.05,17.24,GRU-45
650142,2026-03-08,2026-04-02,17.21,17.1,17.24,GRU-45
650142,2026-03-08,2026-04-03,17.22,17.11,17.24,GRU-45
650142,2026-03-08,2026-04-04,17.22,17.11,17.24,GRU-45
650142,2026-03-08,2026-04-05,17.23,17.16,17.25,GRU-45
650142,2026-03-08,2026-04-06,17.23,17.18,17.25,GRU-45
650142,2026-03-08,2026-04-07,17.24,17.18,17.25,GRU-45
650143,2026-03-08,2026-03-09,5.09,5.08,5.09,GRU-45
650143,2026-03-08,2026-03-10,5.06,5.05,5.07,GRU-45
650143,2026-03-08,2026-03-11,5.04,5.02,5.06,GRU-45
650143,2026-03-08,2026-03-12,5.01,4.99,5.05,GRU-45
650143,2026-03-08,2026-03-13,4.99,4.95,5.03,GRU-45
650143,2026-03-08,2026-03-14,4.97,4.92,5.03,GRU-45
650143,2026-03-08,2026-03-15,4.94,4.89,5.02,GRU-45
650143,2026-03-08,2026-03-16,4.92,4.84,5.04,GRU-45
650143,2026-03-08,2026-03-17,4.9,4.81,5.03,GRU-45
650143,2026-03-08,2026-03-18,4.86,4.75,5.02,GRU-45
650143,2026-03-08,2026-03-19,4.84,4.71,5.03,GRU-45
650143,2026-03-08,2026-03-20,4.84,4.71,5.0,GRU-45
650143,2026-03-08,2026-03-21,4.86,4.69,5.04,GRU-45
650143,2026-03-08,2026-03-22,4.86,4.71,5.01,GRU-45
650143,2026-03-08,2026-03-23,4.9,4.77,5.02,GRU-45
650143,2026-03-08,2026-03-24,4.89,4.76,5.02,GRU-45
650143,2026-03-08,2026-03-25,4.93,4.78,5.04,GRU-45
650143,2026-03-08,2026-03-26,4.9,4.77,5.0,GRU-45
650143,2026-03-08,2026-03-27,4.91,4.79,5.01,GRU-45
650143,2026-03-08,2026-03-28,4.89,4.79,4.98,GRU-45
650143,2026-03-08,2026-03-29,4.96,4.86,5.02,GRU-45
650143,2026-03-08,2026-03-30,4.94,4.82,5.03,GRU-45
650143,2026-03-08,2026-03-31,4.94,4.85,5.03,GRU-45
650143,2026-03-08,2026-04-01,4.96,4.88,5.05,GRU-45
650143,2026-03-08,2026-04-02,4.95,4.88,5.03,GRU-45
650143,2026-03-08,2026-04-03,4.93,4.84,5.02,GRU-45
650143,2026-03-08,2026-04-04,4.92,4.82,5.02,GRU-45
650143,2026-03-08,2026-04-05,4.96,4.88,5.04,GRU-45
650143,2026-03-08,2026-04-06,4.94,4.85,5.02,GRU-45
650143,2026-03-08,2026-04-07,4.98,4.89,5.05,GRU-45
650145,2026-03-08,2026-03-09,2.86,2.85,2.86,GRU-45
650145,2026-03-08,2026-03-10,2.85,2.85,2.85,GRU-45
650145,2026-03-08,2026-03-11,2.85,2.84,2.85,GRU-45
650145,2026-03-08,2026-03-12,2.84,2.84,2.85,GRU-45
650145,2026-03-08,2026-03-13,2.84,2.83,2.84,GRU-45
650145,2026-03-08,2026-03-14,2.83,2.82,2.84,GRU-45
650145,2026-03-08,2026-03-15,2.83,2.81,2.84,GRU-45
650145,2026-03-08,2026-03-16,2.82,2.8,2.84,GRU-45
650145,2026-03-08,2026-03-17,2.82,2.8,2.83,GRU-45
650145,2026-03-08,2026-03-18,2.81,2.79,2.83,GRU-45
650145,2026-03-08,2026-03-19,2.8,2.78,2.83,GRU-45
650145,2026-03-08,2026-03-20,2.8,2.78,2.83,GRU-45
650145,2026-03-08,2026-03-21,2.8,2.78,2.83,GRU-45
650145,2026-03-08,2026-03-22,2.79,2.78,2.82,GRU-45
650145,2026-03-08,2026-03-23,2.8,2.78,2.82,GRU-45
650145,2026-03-08,2026-03-24,2.79,2.78,2.81,GRU-45
650145,2026-03-08,2026-03-25,2.79,2.78,2.81,GRU-45
650145,2026-03-08,2026-03-26,2.78,2.77,2.8,GRU-45
650145,2026-03-08,2026-03-27,2.79,2.77,2.81,GRU-45
650145,2026-03-08,2026-03-28,2.79,2.77,2.8,GRU-45
650145,2026-03-08,2026-03-29,2.79,2.77,2.81,GRU-45
650145,2026-03-08,2026-03-30,2.78,2.77,2.8,GRU-45
650145,2026-03-08,2026-03-31,2.78,2.77,2.8,GRU-45
650145,2026-03-08,2026-04-01,2.78,2.77,2.8,GRU-45
650145,2026-03-08,2026-04-02,2.78,2.77,2.81,GRU-45
650145,2026-03-08,2026-04-03,2.78,2.77,2.79,GRU-45
650145,2026-03-08,2026-04-04,2.78,2.77,2.8,GRU-45
650145,2026-03-08,2026-04-05,2.78,2.77,2.8,GRU-45
650145,2026-03-08,2026-04-06,2.78,2.77,2.8,GRU-45
650145,2026-03-08,2026-04-07,2.78,2.76,2.8,GRU-45
650147,2026-03-08,2026-03-09,4.21,4.2,4.21,GRU-45
650147,2026-03-08,2026-03-10,4.2,4.2,4.2,GRU-45
650147,2026-03-08,2026-03-11,4.2,4.19,4.2,GRU-45
650147,2026-03-08,2026-03-12,4.19,4.19,4.2,GRU-45
650147,2026-03-08,2026-03-13,4.19,4.18,4.19,GRU-45
650147,2026-03-08,2026-03-14,4.18,4.18,4.19,GRU-45
650147,2026-03-08,2026-03-15,4.18,4.17,4.19,GRU-45
650147,2026-03-08,2026-03-16,4.18,4.16,4.2,GRU-45
650147,2026-03-08,2026-03-17,4.17,4.15,4.2,GRU-45
650147,2026-03-08,2026-03-18,4.17,4.15,4.19,GRU-45
650147,2026-03-08,2026-03-19,4.17,4.14,4.2,GRU-45
650147,2026-03-08,2026-03-20,4.17,4.14,4.19,GRU-45
650147,2026-03-08,2026-03-21,4.17,4.14,4.2,GRU-45
650147,2026-03-08,2026-03-22,4.17,4.15,4.2,GRU-45
650147,2026-03-08,2026-03-23,4.18,4.16,4.2,GRU-45
650147,2026-03-08,2026-03-24,4.18,4.16,4.21,GRU-45
650147,2026-03-08,2026-03-25,4.18,4.16,4.21,GRU-45
650147,2026-03-08,2026-03-26,4.18,4.16,4.2,GRU-45
650147,2026-03-08,2026-03-27,4.19,4.16,4.21,GRU-45
650147,2026-03-08,2026-03-28,4.18,4.16,4.2,GRU-45
650147,2026-03-08,2026-03-29,4.2,4.18,4.21,GRU-45
650147,2026-03-08,2026-03-30,4.2,4.17,4.22,GRU-45
650147,2026-03-08,2026-03-31,4.2,4.18,4.22,GRU-45
650147,2026-03-08,2026-04-01,4.2,4.19,4.22,GRU-45
650147,2026-03-08,2026-04-02,4.2,4.18,4.22,GRU-45
650147,2026-03-08,2026-04-03,4.2,4.18,4.22,GRU-45
650147,2026-03-08,2026-04-04,4.2,4.18,4.22,GRU-45
650147,2026-03-08,2026-04-05,4.2,4.19,4.22,GRU-45
650147,2026-03-08,2026-04-06,4.2,4.18,4.22,GRU-45
650147,2026-03-08,2026-04-07,4.21,4.19,4.23,GRU-45
650149,2026-03-08,2026-03-09,4.67,4.66,4.67,GRU-45
650149,2026-03-08,2026-03-10,4.64,4.63,4.66,GRU-45
650149,2026-03-08,2026-03-11,4.61,4.59,4.64,GRU-45
650149,2026-03-08,2026-03-12,4.58,4.56,4.61,GRU-45
650149,2026-03-08,2026-03-13,4.55,4.51,4.59,GRU-45
650149,2026-03-08,2026-03-14,4.52,4.48,4.57,GRU-45
650149,2026-03-08,2026-03-15,4.49,4.44,4.55,GRU-45
650149,2026-03-08,2026-03-16,4.46,4.41,4.54,GRU-45
650149,2026-03-08,2026-03-17,4.43,4.39,4.51,GRU-45
650149,2026-03-08,2026-03-18,4.41,4.37,4.48,GRU-45
650149,2026-03-08,2026-03-19,4.39,4.36,4.46,GRU-45
650149,2026-03-08,2026-03-20,4.38,4.35,4.43,GRU-45
650149,2026-03-08,2026-03-21,4.36,4.35,4.4,GRU-45
650149,2026-03-08,2026-03-22,4.36,4.35,4.38,GRU-45
650149,2026-03-08,2026-03-23,4.35,4.34,4.37,GRU-45
650149,2026-03-08,2026-03-24,4.35,4.34,4.36,GRU-45
650149,2026-03-08,2026-03-25,4.34,4.34,4.35,GRU-45
650149,2026-03-08,2026-03-26,4.34,4.34,4.35,GRU-45
650149,2026-03-08,2026-03-27,4.34,4.34,4.35,GRU-45
650149,2026-03-08,2026-03-28,4.34,4.34,4.35,GRU-45
650149,2026-03-08,2026-03-29,4.34,4.34,4.35,GRU-45
650149,2026-03-08,2026-03-30,4.34,4.34,4.34,GRU-45
650149,2026-03-08,2026-03-31,4.34,4.34,4.34,GRU-45
650149,2026-03-08,2026-04-01,4.34,4.34,4.34,GRU-45
650149,2026-03-08,2026-04-02,4.34,4.34,4.35,GRU-45
650149,2026-03-08,2026-04-03,4.34,4.34,4.34,GRU-45
650149,2026-03-08,2026-04-04,4.34,4.34,4.34,GRU-45
650149,2026-03-08,2026-04-05,4.34,4.34,4.34,GRU-45
650149,2026-03-08,2026-04-06,4.34,4.34,4.34,GRU-45
650149,2026-03-08,2026-04-07,4.34,4.34,4.34,GRU-45
650150,2026-03-08,2026-03-09,5.24,5.24,5.25,GRU-45
650150,2026-03-08,2026-03-10,5.24,5.23,5.26,GRU-45
650150,2026-03-08,2026-03-11,5.25,5.23,5.27,GRU-45
650150,2026-03-08,2026-03-12,5.25,5.23,5.28,GRU-45
650150,2026-03-08,2026-03-13,5.26,5.23,5.3,GRU-45
650150,2026-03-08,2026-03-14,5.27,5.24,5.32,GRU-45
650150,2026-03-08,2026-03-15,5.29,5.24,5.35,GRU-45
650150,2026-03-08,2026-03-16,5.3,5.26,5.37,GRU-45
650150,2026-03-08,2026-03-17,5.31,5.26,5.39,GRU-45
650150,2026-03-08,2026-03-18,5.33,5.27,5.42,GRU-45
650150,2026-03-08,2026-03-19,5.35,5.28,5.44,GRU-45
650150,2026-03-08,2026-03-20,5.36,5.28,5.47,GRU-45
650150,2026-03-08,2026-03-21,5.38,5.31,5.47,GRU-45
650150,2026-03-08,2026-03-22,5.39,5.31,5.5,GRU-45
650150,2026-03-08,2026-03-23,5.41,5.33,5.53,GRU-45
650150,2026-03-08,2026-03-24,5.43,5.34,5.54,GRU-45
650150,2026-03-08,2026-03-25,5.44,5.35,5.56,GRU-45
650150,2026-03-08,2026-03-26,5.46,5.35,5.58,GRU-45
650150,2026-03-08,2026-03-27,5.48,5.37,5.6,GRU-45
650150,2026-03-08,2026-03-28,5.48,5.34,5.62,GRU-45
650150,2026-03-08,2026-03-29,5.5,5.38,5.63,GRU-45
650150,2026-03-08,2026-03-30,5.53,5.41,5.64,GRU-45
650150,2026-03-08,2026-03-31,5.54,5.42,5.66,GRU-45
650150,2026-03-08,2026-04-01,5.54,5.42,5.65,GRU-45
650150,2026-03-08,2026-04-02,5.55,5.43,5.67,GRU-45
650150,2026-03-08,2026-04-03,5.57,5.45,5.68,GRU-45
650150,2026-03-08,2026-04-04,5.57,5.45,5.68,GRU-45
650150,2026-03-08,2026-04-05,5.59,5.47,5.69,GRU-45
650150,2026-03-08,2026-04-06,5.59,5.45,5.69,GRU-45
650150,2026-03-08,2026-04-07,5.6,5.47,5.69,GRU-45
650151,2026-03-08,2026-03-09,5.42,5.42,5.43,GRU-45
650151,2026-03-08,2026-03-10,5.42,5.41,5.44,GRU-45
650151,2026-03-08,2026-03-11,5.43,5.41,5.45,GRU-45
650151,2026-03-08,2026-03-12,5.44,5.41,5.46,GRU-45
650151,2026-03-08,2026-03-13,5.44,5.41,5.48,GRU-45
650151,2026-03-08,2026-03-14,5.46,5.42,5.5,GRU-45
650151,2026-03-08,2026-03-15,5.47,5.43,5.52,GRU-45
650151,2026-03-08,2026-03-16,5.49,5.44,5.54,GRU-45
650151,2026-03-08,2026-03-17,5.5,5.45,5.55,GRU-45
650151,2026-03-08,2026-03-18,5.52,5.45,5.57,GRU-45
650151,2026-03-08,2026-03-19,5.54,5.47,5.59,GRU-45
650151,2026-03-08,2026-03-20,5.55,5.48,5.62,GRU-45
650151,2026-03-08,2026-03-21,5.57,5.5,5.64,GRU-45
650151,2026-03-08,2026-03-22,5.59,5.5,5.67,GRU-45
650151,2026-03-08,2026-03-23,5.61,5.53,5.68,GRU-45
650151,2026-03-08,2026-03-24,5.63,5.54,5.7,GRU-45
650151,2026-03-08,2026-03-25,5.64,5.54,5.71,GRU-45
650151,2026-03-08,2026-03-26,5.66,5.55,5.73,GRU-45
650151,2026-03-08,2026-03-27,5.68,5.57,5.75,GRU-45
650151,2026-03-08,2026-03-28,5.68,5.56,5.77,GRU-45
650151,2026-03-08,2026-03-29,5.7,5.6,5.78,GRU-45
650151,2026-03-08,2026-03-30,5.73,5.62,5.79,GRU-45
650151,2026-03-08,2026-03-31,5.74,5.63,5.81,GRU-45
650151,2026-03-08,2026-04-01,5.75,5.63,5.81,GRU-45
650151,2026-03-08,2026-04-02,5.75,5.63,5.81,GRU-45
650151,2026-03-08,2026-04-03,5.77,5.65,5.82,GRU-45
650151,2026-03-08,2026-04-04,5.77,5.67,5.83,GRU-45
650151,2026-03-08,2026-04-05,5.78,5.66,5.83,GRU-45
650151,2026-03-08,2026-04-06,5.79,5.67,5.84,GRU-45
650151,2026-03-08,2026-04-07,5.79,5.67,5.84,GRU-45
650152,2026-03-08,2026-03-09,7.61,7.6,7.61,GRU-45
650152,2026-03-08,2026-03-10,7.59,7.59,7.6,GRU-45
650152,2026-03-08,2026-03-11,7.59,7.58,7.59,GRU-45
650152,2026-03-08,2026-03-12,7.57,7.56,7.58,GRU-45
650152,2026-03-08,2026-03-13,7.56,7.55,7.58,GRU-45
650152,2026-03-08,2026-03-14,7.57,7.55,7.58,GRU-45
650152,2026-03-08,2026-03-15,7.56,7.54,7.58,GRU-45
650152,2026-03-08,2026-03-16,7.58,7.56,7.6,GRU-45
650152,2026-03-08,2026-03-17,7.57,7.55,7.6,GRU-45
650152,2026-03-08,2026-03-18,7.56,7.53,7.6,GRU-45
650152,2026-03-08,2026-03-19,7.58,7.54,7.61,GRU-45
650152,2026-03-08,2026-03-20,7.57,7.53,7.62,GRU-45
650152,2026-03-08,2026-03-21,7.6,7.57,7.64,GRU-45
650152,2026-03-08,2026-03-22,7.59,7.55,7.64,GRU-45
650152,2026-03-08,2026-03-23,7.6,7.55,7.66,GRU-45
650152,2026-03-08,2026-03-24,7.62,7.57,7.68,GRU-45
650152,2026-03-08,2026-03-25,7.63,7.58,7.68,GRU-45
650152,2026-03-08,2026-03-26,7.6,7.55,7.66,GRU-45
650152,2026-03-08,2026-03-27,7.63,7.57,7.7,GRU-45
650152,2026-03-08,2026-03-28,7.59,7.51,7.67,GRU-45
650152,2026-03-08,2026-03-29,7.62,7.55,7.7,GRU-45
650152,2026-03-08,2026-03-30,7.64,7.58,7.71,GRU-45
650152,2026-03-08,2026-03-31,7.67,7.59,7.73,GRU-45
650152,2026-03-08,2026-04-01,7.67,7.61,7.72,GRU-45
650152,2026-03-08,2026-04-02,7.64,7.56,7.72,GRU-45
650152,2026-03-08,2026-04-03,7.65,7.56,7.75,GRU-45
650152,2026-03-08,2026-04-04,7.66,7.57,7.75,GRU-45
650152,2026-03-08,2026-04-05,7.67,7.58,7.75,GRU-45
650152,2026-03-08,2026-04-06,7.66,7.56,7.75,GRU-45
650152,2026-03-08,2026-04-07,7.67,7.57,7.78,GRU-45
650153,2026-03-08,2026-03-09,10.23,10.22,10.25,GRU-45
650153,2026-03-08,2026-03-10,10.22,10.2,10.24,GRU-45
650153,2026-03-08,2026-03-11,10.2,10.18,10.24,GRU-45
650153,2026-03-08,2026-03-12,10.18,10.14,10.23,GRU-45
650153,2026-03-08,2026-03-13,10.17,10.11,10.23,GRU-45
650153,2026-03-08,2026-03-14,10.14,10.07,10.22,GRU-45
650153,2026-03-08,2026-03-15,10.12,10.04,10.22,GRU-45
650153,2026-03-08,2026-03-16,10.11,10.0,10.24,GRU-45
650153,2026-03-08,2026-03-17,10.08,9.95,10.25,GRU-45
650153,2026-03-08,2026-03-18,10.05,9.9,10.23,GRU-45
650153,2026-03-08,2026-03-19,10.02,9.85,10.25,GRU-45
650153,2026-03-08,2026-03-20,10.05,9.87,10.26,GRU-45
650153,2026-03-08,2026-03-21,10.04,9.83,10.3,GRU-45
650153,2026-03-08,2026-03-22,10.07,9.87,10.31,GRU-45
650153,2026-03-08,2026-03-23,10.15,9.96,10.34,GRU-45
650153,2026-03-08,2026-03-24,10.17,9.94,10.37,GRU-45
650153,2026-03-08,2026-03-25,10.21,10.01,10.44,GRU-45
650153,2026-03-08,2026-03-26,10.18,9.97,10.39,GRU-45
650153,2026-03-08,2026-03-27,10.22,10.03,10.43,GRU-45
650153,2026-03-08,2026-03-28,10.24,10.05,10.46,GRU-45
650153,2026-03-08,2026-03-29,10.31,10.16,10.5,GRU-45
650153,2026-03-08,2026-03-30,10.29,10.12,10.53,GRU-45
650153,2026-03-08,2026-03-31,10.32,10.14,10.57,GRU-45
650153,2026-03-08,2026-04-01,10.36,10.19,10.53,GRU-45
650153,2026-03-08,2026-04-02,10.37,10.2,10.57,GRU-45
650153,2026-03-08,2026-04-03,10.37,10.19,10.61,GRU-45
650153,2026-03-08,2026-04-04,10.34,10.11,10.55,GRU-45
650153,2026-03-08,2026-04-05,10.43,10.22,10.63,GRU-45
650153,2026-03-08,2026-04-06,10.42,10.18,10.64,GRU-45
650153,2026-03-08,2026-04-07,10.48,10.26,10.71,GRU-45
650154,2026-03-08,2026-03-09,2.06,2.05,2.06,GRU-45
650154,2026-03-08,2026-03-10,2.07,2.06,2.08,GRU-45
650154,2026-03-08,2026-03-11,2.08,2.06,2.1,GRU-45
650154,2026-03-08,2026-03-12,2.09,2.07,2.11,GRU-45
650154,2026-03-08,2026-03-13,2.1,2.07,2.13,GRU-45
650154,2026-03-08,2026-03-14,2.11,2.08,2.15,GRU-45
650154,2026-03-08,2026-03-15,2.12,2.09,2.16,GRU-45
650154,2026-03-08,2026-03-16,2.13,2.09,2.17,GRU-45
650154,2026-03-08,2026-03-17,2.14,2.1,2.19,GRU-45
650154,2026-03-08,2026-03-18,2.16,2.11,2.21,GRU-45
650154,2026-03-08,2026-03-19,2.17,2.11,2.22,GRU-45
650154,2026-03-08,2026-03-20,2.18,2.12,2.23,GRU-45
650154,2026-03-08,2026-03-21,2.19,2.14,2.24,GRU-45
650154,2026-03-08,2026-03-22,2.2,2.16,2.25,GRU-45
650154,2026-03-08,2026-03-23,2.22,2.18,2.26,GRU-45
650154,2026-03-08,2026-03-24,2.24,2.19,2.27,GRU-45
650154,2026-03-08,2026-03-25,2.25,2.21,2.27,GRU-45
650154,2026-03-08,2026-03-26,2.25,2.21,2.28,GRU-45
650154,2026-03-08,2026-03-27,2.26,2.22,2.28,GRU-45
650154,2026-03-08,2026-03-28,2.27,2.23,2.29,GRU-45
650154,2026-03-08,2026-03-29,2.28,2.25,2.29,GRU-45
650154,2026-03-08,2026-03-30,2.28,2.25,2.29,GRU-45
650154,2026-03-08,2026-03-31,2.28,2.26,2.29,GRU-45
650154,2026-03-08,2026-04-01,2.28,2.26,2.29,GRU-45
650154,2026-03-08,2026-04-02,2.29,2.26,2.29,GRU-45
650154,2026-03-08,2026-04-03,2.29,2.27,2.29,GRU-45
650154,2026-03-08,2026-04-04,2.29,2.27,2.29,GRU-45
650154,2026-03-08,2026-04-05,2.29,2.28,2.29,GRU-45
650154,2026-03-08,2026-04-06,2.29,2.28,2.29,GRU-45
650154,2026-03-08,2026-04-07,2.29,2.28,2.29,GRU-45
650155,2026-03-08,2026-03-09,3.36,3.36,3.37,GRU-45
650155,2026-03-08,2026-03-10,3.37,3.35,3.38,GRU-45
650155,2026-03-08,2026-03-11,3.37,3.36,3.39,GRU-45
650155,2026-03-08,2026-03-12,3.38,3.35,3.4,GRU-45
650155,2026-03-08,2026-03-13,3.38,3.36,3.42,GRU-45
650155,2026-03-08,2026-03-14,3.39,3.36,3.43,GRU-45
650155,2026-03-08,2026-03-15,3.41,3.37,3.45,GRU-45
650155,2026-03-08,2026-03-16,3.42,3.38,3.47,GRU-45
650155,2026-03-08,2026-03-17,3.43,3.38,3.48,GRU-45
650155,2026-03-08,2026-03-18,3.44,3.39,3.5,GRU-45
650155,2026-03-08,2026-03-19,3.46,3.4,3.51,GRU-45
650155,2026-03-08,2026-03-20,3.47,3.4,3.53,GRU-45
650155,2026-03-08,2026-03-21,3.49,3.43,3.55,GRU-45
650155,2026-03-08,2026-03-22,3.51,3.44,3.58,GRU-45
650155,2026-03-08,2026-03-23,3.53,3.45,3.59,GRU-45
650155,2026-03-08,2026-03-24,3.54,3.46,3.61,GRU-45
650155,2026-03-08,2026-03-25,3.56,3.48,3.62,GRU-45
650155,2026-03-08,2026-03-26,3.58,3.49,3.64,GRU-45
650155,2026-03-08,2026-03-27,3.59,3.51,3.65,GRU-45
650155,2026-03-08,2026-03-28,3.61,3.52,3.66,GRU-45
650155,2026-03-08,2026-03-29,3.61,3.53,3.66,GRU-45
650155,2026-03-08,2026-03-30,3.62,3.53,3.67,GRU-45
650155,2026-03-08,2026-03-31,3.64,3.56,3.68,GRU-45
650155,2026-03-08,2026-04-01,3.63,3.56,3.68,GRU-45
650155,2026-03-08,2026-04-02,3.65,3.56,3.68,GRU-45
650155,2026-03-08,2026-04-03,3.66,3.58,3.69,GRU-45
650155,2026-03-08,2026-04-04,3.65,3.56,3.69,GRU-45
650155,2026-03-08,2026-04-05,3.67,3.59,3.69,GRU-45
650155,2026-03-08,2026-04-06,3.67,3.58,3.7,GRU-45
650155,2026-03-08,2026-04-07,3.67,3.6,3.7,GRU-45
650156,2026-03-08,2026-03-09,3.79,3.79,3.79,GRU-45
650156,2026-03-08,2026-03-10,3.79,3.78,3.8,GRU-45
650156,2026-03-08,2026-03-11,3.79,3.78,3.81,GRU-45
650156,2026-03-08,2026-03-12,3.79,3.78,3.81,GRU-45
650156,2026-03-08,2026-03-13,3.8,3.78,3.82,GRU-45
650156,2026-03-08,2026-03-14,3.8,3.78,3.83,GRU-45
650156,2026-03-08,2026-03-15,3.81,3.78,3.84,GRU-45
650156,2026-03-08,2026-03-16,3.82,3.79,3.85,GRU-45
650156,2026-03-08,2026-03-17,3.82,3.79,3.86,GRU-45
650156,2026-03-08,2026-03-18,3.83,3.79,3.87,GRU-45
650156,2026-03-08,2026-03-19,3.84,3.8,3.88,GRU-45
650156,2026-03-08,2026-03-20,3.84,3.8,3.9,GRU-45
650156,2026-03-08,2026-03-21,3.86,3.81,3.91,GRU-45
650156,2026-03-08,2026-03-22,3.87,3.82,3.93,GRU-45
650156,2026-03-08,2026-03-23,3.89,3.83,3.94,GRU-45
650156,2026-03-08,2026-03-24,3.9,3.84,3.94,GRU-45
650156,2026-03-08,2026-03-25,3.9,3.85,3.95,GRU-45
650156,2026-03-08,2026-03-26,3.92,3.85,3.97,GRU-45
650156,2026-03-08,2026-03-27,3.93,3.86,3.98,GRU-45
650156,2026-03-08,2026-03-28,3.93,3.85,3.98,GRU-45
650156,2026-03-08,2026-03-29,3.94,3.87,3.99,GRU-45
650156,2026-03-08,2026-03-30,3.95,3.88,4.0,GRU-45
650156,2026-03-08,2026-03-31,3.96,3.9,4.0,GRU-45
650156,2026-03-08,2026-04-01,3.96,3.89,4.0,GRU-45
650156,2026-03-08,2026-04-02,3.97,3.9,4.01,GRU-45
650156,2026-03-08,2026-04-03,3.98,3.91,4.02,GRU-45
650156,2026-03-08,2026-04-04,3.98,3.91,4.02,GRU-45
650156,2026-03-08,2026-04-05,3.99,3.91,4.02,GRU-45
650156,2026-03-08,2026-04-06,3.99,3.92,4.02,GRU-45
650156,2026-03-08,2026-04-07,3.99,3.92,4.02,GRU-45
650157,2026-03-08,2026-03-09,3.44,3.44,3.45,GRU-45
650157,2026-03-08,2026-03-10,3.45,3.44,3.46,GRU-45
650157,2026-03-08,2026-03-11,3.46,3.45,3.47,GRU-45
650157,2026-03-08,2026-03-12,3.46,3.45,3.48,GRU-45
650157,2026-03-08,2026-03-13,3.47,3.45,3.49,GRU-45
650157,2026-03-08,2026-03-14,3.48,3.46,3.5,GRU-45
650157,2026-03-08,2026-03-15,3.49,3.46,3.51,GRU-45
650157,2026-03-08,2026-03-16,3.49,3.48,3.52,GRU-45
650157,2026-03-08,2026-03-17,3.5,3.48,3.53,GRU-45
650157,2026-03-08,2026-03-18,3.52,3.49,3.55,GRU-45
650157,2026-03-08,2026-03-19,3.53,3.5,3.56,GRU-45
650157,2026-03-08,2026-03-20,3.54,3.51,3.58,GRU-45
650157,2026-03-08,2026-03-21,3.54,3.51,3.58,GRU-45
650157,2026-03-08,2026-03-22,3.56,3.52,3.6,GRU-45
650157,2026-03-08,2026-03-23,3.56,3.53,3.6,GRU-45
650157,2026-03-08,2026-03-24,3.57,3.54,3.61,GRU-45
650157,2026-03-08,2026-03-25,3.59,3.55,3.63,GRU-45
650157,2026-03-08,2026-03-26,3.6,3.56,3.64,GRU-45
650157,2026-03-08,2026-03-27,3.61,3.56,3.64,GRU-45
650157,2026-03-08,2026-03-28,3.62,3.58,3.66,GRU-45
650157,2026-03-08,2026-03-29,3.62,3.58,3.65,GRU-45
650157,2026-03-08,2026-03-30,3.63,3.6,3.66,GRU-45
650157,2026-03-08,2026-03-31,3.64,3.6,3.66,GRU-45
650157,2026-03-08,2026-04-01,3.64,3.61,3.66,GRU-45
650157,2026-03-08,2026-04-02,3.65,3.61,3.67,GRU-45
650157,2026-03-08,2026-04-03,3.65,3.62,3.67,GRU-45
650157,2026-03-08,2026-04-04,3.65,3.62,3.67,GRU-45
650157,2026-03-08,2026-04-05,3.66,3.63,3.67,GRU-45
650157,2026-03-08,2026-04-06,3.66,3.63,3.68,GRU-45
650157,2026-03-08,2026-04-07,3.66,3.63,3.68,GRU-45
651106,2026-03-08,2026-03-09,825.65,825.59,825.72,GRU-45
651106,2026-03-08,2026-03-10,825.34,825.23,825.46,GRU-45
651106,2026-03-08,2026-03-11,825.14,824.98,825.31,GRU-45
651106,2026-03-08,2026-03-12,824.86,824.67,825.06,GRU-45
651106,2026-03-08,2026-03-13,824.67,824.42,824.92,GRU-45
651106,2026-03-08,2026-03-14,824.77,824.47,825.12,GRU-45
651106,2026-03-08,2026-03-15,824.6,824.26,824.95,GRU-45
651106,2026-03-08,2026-03-16,825.17,824.82,825.85,GRU-45
651106,2026-03-08,2026-03-17,825.05,824.71,825.38,GRU-45
651106,2026-03-08,2026-03-18,825.02,824.44,825.84,GRU-45
651106,2026-03-08,2026-03-19,825.37,824.9,826.11,GRU-45
651106,2026-03-08,2026-03-20,825.14,824.72,825.6,GRU-45
651106,2026-03-08,2026-03-21,826.03,825.59,827.35,GRU-45
651106,2026-03-08,2026-03-22,826.13,825.49,827.25,GRU-45
651106,2026-03-08,2026-03-23,826.52,825.96,828.4,GRU-45
651106,2026-03-08,2026-03-24,826.83,826.28,828.63,GRU-45
651106,2026-03-08,2026-03-25,826.37,826.02,827.4,GRU-45
651106,2026-03-08,2026-03-26,825.75,824.85,827.65,GRU-45
651106,2026-03-08,2026-03-27,826.88,826.1,828.86,GRU-45
651106,2026-03-08,2026-03-28,825.81,824.69,827.71,GRU-45
651106,2026-03-08,2026-03-29,826.99,826.13,829.33,GRU-45
651106,2026-03-08,2026-03-30,826.7,826.12,828.23,GRU-45
651106,2026-03-08,2026-03-31,827.38,826.47,828.75,GRU-45
651106,2026-03-08,2026-04-01,826.99,826.17,828.33,GRU-45
651106,2026-03-08,2026-04-02,826.55,825.33,828.6,GRU-45
651106,2026-03-08,2026-04-03,826.93,825.54,829.36,GRU-45
651106,2026-03-08,2026-04-04,827.73,826.2,830.16,GRU-45
651106,2026-03-08,2026-04-05,827.0,825.54,829.41,GRU-45
651106,2026-03-08,2026-04-06,827.03,825.39,829.64,GRU-45
651106,2026-03-08,2026-04-07,827.53,826.36,829.13,GRU-45
651107,2026-03-08,2026-03-09,322.18,321.92,322.31,GRU-45
651107,2026-03-08,2026-03-10,321.93,321.3,322.22,GRU-45
651107,2026-03-08,2026-03-11,321.72,320.81,322.18,GRU-45
651107,2026-03-08,2026-03-12,321.38,320.25,322.02,GRU-45
651107,2026-03-08,2026-03-13,321.01,319.74,321.75,GRU-45
651107,2026-03-08,2026-03-14,320.72,319.54,321.7,GRU-45
651107,2026-03-08,2026-03-15,320.82,319.02,321.92,GRU-45
651107,2026-03-08,2026-03-16,320.31,319.2,321.56,GRU-45
651107,2026-03-08,2026-03-17,320.17,318.69,321.77,GRU-45
651107,2026-03-08,2026-03-18,319.99,317.98,321.85,GRU-45
651107,2026-03-08,2026-03-19,319.63,317.93,321.74,GRU-45
651107,2026-03-08,2026-03-20,319.5,317.14,321.94,GRU-45
651107,2026-03-08,2026-03-21,319.09,317.41,321.33,GRU-45
651107,2026-03-08,2026-03-22,318.8,317.09,321.02,GRU-45
651107,2026-03-08,2026-03-23,318.17,316.51,320.63,GRU-45
651107,2026-03-08,2026-03-24,318.44,315.92,321.27,GRU-45
651107,2026-03-08,2026-03-25,316.54,314.24,319.41,GRU-45
651107,2026-03-08,2026-03-26,316.82,314.17,320.01,GRU-45
651107,2026-03-08,2026-03-27,315.85,313.73,318.78,GRU-45
651107,2026-03-08,2026-03-28,316.42,313.46,319.46,GRU-45
651107,2026-03-08,2026-03-29,316.6,314.03,320.27,GRU-45
651107,2026-03-08,2026-03-30,315.82,313.12,319.0,GRU-45
651107,2026-03-08,2026-03-31,315.71,313.07,320.33,GRU-45
651107,2026-03-08,2026-04-01,315.05,312.4,318.18,GRU-45
651107,2026-03-08,2026-04-02,315.61,313.04,318.82,GRU-45
651107,2026-03-08,2026-04-03,314.0,310.99,317.27,GRU-45
651107,2026-03-08,2026-04-04,315.78,312.34,318.62,GRU-45
651107,2026-03-08,2026-04-05,313.1,310.5,316.79,GRU-45
651107,2026-03-08,2026-04-06,314.82,311.19,318.12,GRU-45
651107,2026-03-08,2026-04-07,312.9,310.68,317.06,GRU-45
651108,2026-03-08,2026-03-09,122.36,122.22,122.45,GRU-45
651108,2026-03-08,2026-03-10,122.39,122.13,122.58,GRU-45
651108,2026-03-08,2026-03-11,122.46,122.09,122.73,GRU-45
651108,2026-03-08,2026-03-12,122.51,122.0,122.86,GRU-45
651108,2026-03-08,2026-03-13,122.62,121.98,123.09,GRU-45
651108,2026-03-08,2026-03-14,122.83,122.04,123.43,GRU-45
651108,2026-03-08,2026-03-15,123.0,122.05,123.69,GRU-45
651108,2026-03-08,2026-03-16,123.37,122.5,124.12,GRU-45
651108,2026-03-08,2026-03-17,123.36,122.35,124.2,GRU-45
651108,2026-03-08,2026-03-18,123.62,122.5,124.61,GRU-45
651108,2026-03-08,2026-03-19,123.97,122.7,124.98,GRU-45
651108,2026-03-08,2026-03-20,124.26,122.86,125.53,GRU-45
651108,2026-03-08,2026-03-21,124.6,123.21,125.73,GRU-45
651108,2026-03-08,2026-03-22,125.02,123.55,126.25,GRU-45
651108,2026-03-08,2026-03-23,125.42,123.8,126.88,GRU-45
651108,2026-03-08,2026-03-24,125.44,123.83,126.77,GRU-45
651108,2026-03-08,2026-03-25,125.8,123.96,127.2,GRU-45
651108,2026-03-08,2026-03-26,126.33,124.36,127.75,GRU-45
651108,2026-03-08,2026-03-27,126.53,124.73,127.88,GRU-45
651108,2026-03-08,2026-03-28,127.24,125.13,128.41,GRU-45
651108,2026-03-08,2026-03-29,127.27,125.21,128.7,GRU-45
651108,2026-03-08,2026-03-30,127.49,125.2,128.91,GRU-45
651108,2026-03-08,2026-03-31,127.51,125.47,128.85,GRU-45
651108,2026-03-08,2026-04-01,127.75,125.32,129.03,GRU-45
651108,2026-03-08,2026-04-02,127.9,125.53,129.31,GRU-45
651108,2026-03-08,2026-04-03,128.44,126.1,129.78,GRU-45
651108,2026-03-08,2026-04-04,128.62,125.55,129.69,GRU-45
651108,2026-03-08,2026-04-05,128.79,126.53,129.87,GRU-45
651108,2026-03-08,2026-04-06,128.99,126.06,130.01,GRU-45
651108,2026-03-08,2026-04-07,128.63,126.41,129.82,GRU-45
651110,2026-03-08,2026-03-09,72.67,72.65,72.69,GRU-45
651110,2026-03-08,2026-03-10,72.69,72.65,72.73,GRU-45
651110,2026-03-08,2026-03-11,72.7,72.65,72.76,GRU-45
651110,2026-03-08,2026-03-12,72.71,72.65,72.79,GRU-45
651110,2026-03-08,2026-03-13,72.74,72.65,72.83,GRU-45
651110,2026-03-08,2026-03-14,72.77,72.68,72.88,GRU-45
651110,2026-03-08,2026-03-15,72.79,72.69,72.92,GRU-45
651110,2026-03-08,2026-03-16,72.83,72.73,72.94,GRU-45
651110,2026-03-08,2026-03-17,72.87,72.76,73.01,GRU-45
651110,2026-03-08,2026-03-18,72.91,72.78,73.09,GRU-45
651110,2026-03-08,2026-03-19,72.96,72.82,73.12,GRU-45
651110,2026-03-08,2026-03-20,73.01,72.86,73.18,GRU-45
651110,2026-03-08,2026-03-21,73.02,72.88,73.18,GRU-45
651110,2026-03-08,2026-03-22,73.1,72.91,73.27,GRU-45
651110,2026-03-08,2026-03-23,73.11,72.97,73.3,GRU-45
651110,2026-03-08,2026-03-24,73.17,73.01,73.37,GRU-45
651110,2026-03-08,2026-03-25,73.22,73.05,73.42,GRU-45
651110,2026-03-08,2026-03-26,73.23,73.01,73.45,GRU-45
651110,2026-03-08,2026-03-27,73.3,73.1,73.48,GRU-45
651110,2026-03-08,2026-03-28,73.35,73.09,73.51,GRU-45
651110,2026-03-08,2026-03-29,73.34,73.13,73.58,GRU-45
651110,2026-03-08,2026-03-30,73.46,73.22,73.68,GRU-45
651110,2026-03-08,2026-03-31,73.45,73.22,73.66,GRU-45
651110,2026-03-08,2026-04-01,73.5,73.27,73.69,GRU-45
651110,2026-03-08,2026-04-02,73.51,73.25,73.72,GRU-45
651110,2026-03-08,2026-04-03,73.56,73.3,73.77,GRU-45
651110,2026-03-08,2026-04-04,73.58,73.32,73.78,GRU-45
651110,2026-03-08,2026-04-05,73.58,73.34,73.79,GRU-45
651110,2026-03-08,2026-04-06,73.63,73.38,73.8,GRU-45
651110,2026-03-08,2026-04-07,73.62,73.37,73.81,GRU-45
651111,2026-03-08,2026-03-09,57.91,57.82,57.99,GRU-45
651111,2026-03-08,2026-03-10,58.0,57.83,58.19,GRU-45
651111,2026-03-08,2026-03-11,58.14,57.89,58.4,GRU-45
651111,2026-03-08,2026-03-12,58.26,57.92,58.61,GRU-45
651111,2026-03-08,2026-03-13,58.36,57.99,58.75,GRU-45
651111,2026-03-08,2026-03-14,58.56,58.11,58.97,GRU-45
651111,2026-03-08,2026-03-15,58.73,58.19,59.27,GRU-45
651111,2026-03-08,2026-03-16,58.95,58.34,59.41,GRU-45
651111,2026-03-08,2026-03-17,59.16,58.48,59.71,GRU-45
651111,2026-03-08,2026-03-18,59.37,58.57,59.97,GRU-45
651111,2026-03-08,2026-03-19,59.61,58.72,60.17,GRU-45
651111,2026-03-08,2026-03-20,59.81,58.91,60.47,GRU-45
651111,2026-03-08,2026-03-21,59.93,59.12,60.55,GRU-45
651111,2026-03-08,2026-03-22,60.2,59.24,60.78,GRU-45
651111,2026-03-08,2026-03-23,60.35,59.52,60.99,GRU-45
651111,2026-03-08,2026-03-24,60.49,59.54,61.12,GRU-45
651111,2026-03-08,2026-03-25,60.71,59.64,61.25,GRU-45
651111,2026-03-08,2026-03-26,60.81,59.79,61.4,GRU-45
651111,2026-03-08,2026-03-27,60.9,59.95,61.5,GRU-45
651111,2026-03-08,2026-03-28,61.13,59.95,61.62,GRU-45
651111,2026-03-08,2026-03-29,61.22,60.3,61.74,GRU-45
651111,2026-03-08,2026-03-30,61.41,60.29,61.79,GRU-45
651111,2026-03-08,2026-03-31,61.45,60.66,61.82,GRU-45
651111,2026-03-08,2026-04-01,61.53,60.54,61.87,GRU-45
651111,2026-03-08,2026-04-02,61.56,60.64,61.88,GRU-45
651111,2026-03-08,2026-04-03,61.62,60.83,61.93,GRU-45
651111,2026-03-08,2026-04-04,61.66,60.89,61.95,GRU-45
651111,2026-03-08,2026-04-05,61.72,60.87,61.96,GRU-45
651111,2026-03-08,2026-04-06,61.79,60.94,61.99,GRU-45
651111,2026-03-08,2026-04-07,61.76,61.13,61.98,GRU-45
651112,2026-03-08,2026-03-09,130.05,129.87,130.19,GRU-45
651112,2026-03-08,2026-03-10,130.06,129.56,130.47,GRU-45
651112,2026-03-08,2026-03-11,130.05,129.38,130.56,GRU-45
651112,2026-03-08,2026-03-12,130.03,129.16,130.68,GRU-45
651112,2026-03-08,2026-03-13,129.94,129.02,130.68,GRU-45
651112,2026-03-08,2026-03-14,129.8,128.9,130.62,GRU-45
651112,2026-03-08,2026-03-15,129.96,128.66,130.92,GRU-45
651112,2026-03-08,2026-03-16,129.58,128.6,130.41,GRU-45
651112,2026-03-08,2026-03-17,129.53,128.07,130.53,GRU-45
651112,2026-03-08,2026-03-18,129.48,127.77,130.66,GRU-45
651112,2026-03-08,2026-03-19,129.21,127.57,130.62,GRU-45
651112,2026-03-08,2026-03-20,129.46,127.45,130.96,GRU-45
651112,2026-03-08,2026-03-21,128.93,127.18,130.67,GRU-45
651112,2026-03-08,2026-03-22,129.14,127.3,130.71,GRU-45
651112,2026-03-08,2026-03-23,128.8,127.28,130.34,GRU-45
651112,2026-03-08,2026-03-24,128.89,126.69,130.73,GRU-45
651112,2026-03-08,2026-03-25,127.96,126.1,129.58,GRU-45
651112,2026-03-08,2026-03-26,128.45,126.3,130.69,GRU-45
651112,2026-03-08,2026-03-27,127.89,126.25,129.81,GRU-45
651112,2026-03-08,2026-03-28,128.5,126.55,130.33,GRU-45
651112,2026-03-08,2026-03-29,128.12,126.12,130.0,GRU-45
651112,2026-03-08,2026-03-30,127.54,125.86,129.69,GRU-45
651112,2026-03-08,2026-03-31,127.48,125.62,129.69,GRU-45
651112,2026-03-08,2026-04-01,127.42,125.69,129.39,GRU-45
651112,2026-03-08,2026-04-02,128.14,126.25,130.09,GRU-45
651112,2026-03-08,2026-04-03,126.52,124.75,128.9,GRU-45
651112,2026-03-08,2026-04-04,126.97,125.5,129.07,GRU-45
651112,2026-03-08,2026-04-05,126.52,124.8,128.72,GRU-45
651112,2026-03-08,2026-04-06,126.91,125.17,129.31,GRU-45
651112,2026-03-08,2026-04-07,126.01,124.16,128.27,GRU-45
651113,2026-03-08,2026-03-09,85.75,85.7,85.82,GRU-45
651113,2026-03-08,2026-03-10,85.71,85.6,85.84,GRU-45
651113,2026-03-08,2026-03-11,85.7,85.54,85.88,GRU-45
651113,2026-03-08,2026-03-12,85.64,85.43,85.91,GRU-45
651113,2026-03-08,2026-03-13,85.63,85.38,85.95,GRU-45
651113,2026-03-08,2026-03-14,85.72,85.39,86.09,GRU-45
651113,2026-03-08,2026-03-15,85.73,85.38,86.17,GRU-45
651113,2026-03-08,2026-03-16,85.91,85.52,86.42,GRU-45
651113,2026-03-08,2026-03-17,86.02,85.5,86.52,GRU-45
651113,2026-03-08,2026-03-18,86.05,85.5,86.67,GRU-45
651113,2026-03-08,2026-03-19,86.24,85.61,86.89,GRU-45
651113,2026-03-08,2026-03-20,86.24,85.66,86.98,GRU-45
651113,2026-03-08,2026-03-21,86.51,85.87,87.24,GRU-45
651113,2026-03-08,2026-03-22,86.54,85.94,87.47,GRU-45
651113,2026-03-08,2026-03-23,86.78,86.04,87.53,GRU-45
651113,2026-03-08,2026-03-24,86.95,86.2,87.84,GRU-45
651113,2026-03-08,2026-03-25,87.0,86.17,87.92,GRU-45
651113,2026-03-08,2026-03-26,86.81,85.9,87.94,GRU-45
651113,2026-03-08,2026-03-27,87.21,86.31,88.28,GRU-45
651113,2026-03-08,2026-03-28,87.1,86.18,88.46,GRU-45
651113,2026-03-08,2026-03-29,87.58,86.46,88.63,GRU-45
651113,2026-03-08,2026-03-30,87.72,86.34,89.05,GRU-45
651113,2026-03-08,2026-03-31,87.67,86.55,89.05,GRU-45
651113,2026-03-08,2026-04-01,87.8,86.48,89.16,GRU-45
651113,2026-03-08,2026-04-02,87.82,86.54,89.23,GRU-45
651113,2026-03-08,2026-04-03,88.04,86.71,89.59,GRU-45
651113,2026-03-08,2026-04-04,88.34,86.99,89.89,GRU-45
651113,2026-03-08,2026-04-05,88.22,86.69,89.75,GRU-45
651113,2026-03-08,2026-04-06,88.38,86.84,90.08,GRU-45
651113,2026-03-08,2026-04-07,88.43,86.92,89.92,GRU-45
651114,2026-03-08,2026-03-09,87.27,87.22,87.35,GRU-45
651114,2026-03-08,2026-03-10,87.26,87.15,87.4,GRU-45
651114,2026-03-08,2026-03-11,87.26,87.1,87.46,GRU-45
651114,2026-03-08,2026-03-12,87.25,87.04,87.5,GRU-45
651114,2026-03-08,2026-03-13,87.26,87.01,87.6,GRU-45
651114,2026-03-08,2026-03-14,87.37,87.04,87.8,GRU-45
651114,2026-03-08,2026-03-15,87.4,87.01,87.87,GRU-45
651114,2026-03-08,2026-03-16,87.59,87.09,88.13,GRU-45
651114,2026-03-08,2026-03-17,87.56,87.03,88.07,GRU-45
651114,2026-03-08,2026-03-18,87.73,87.11,88.42,GRU-45
651114,2026-03-08,2026-03-19,87.9,87.18,88.59,GRU-45
651114,2026-03-08,2026-03-20,87.99,87.32,88.7,GRU-45
651114,2026-03-08,2026-03-21,88.2,87.26,88.93,GRU-45
651114,2026-03-08,2026-03-22,88.38,87.35,89.18,GRU-45
651114,2026-03-08,2026-03-23,88.75,87.47,89.55,GRU-45
651114,2026-03-08,2026-03-24,88.6,87.34,89.53,GRU-45
651114,2026-03-08,2026-03-25,88.71,87.72,89.64,GRU-45
651114,2026-03-08,2026-03-26,89.22,87.9,90.19,GRU-45
651114,2026-03-08,2026-03-27,89.2,87.59,90.1,GRU-45
651114,2026-03-08,2026-03-28,89.49,88.08,90.35,GRU-45
651114,2026-03-08,2026-03-29,89.76,88.06,90.65,GRU-45
651114,2026-03-08,2026-03-30,89.79,88.24,90.67,GRU-45
651114,2026-03-08,2026-03-31,89.62,88.07,90.57,GRU-45
651114,2026-03-08,2026-04-01,89.83,88.32,90.71,GRU-45
651114,2026-03-08,2026-04-02,90.1,88.6,91.04,GRU-45
651114,2026-03-08,2026-04-03,90.43,88.76,91.46,GRU-45
651114,2026-03-08,2026-04-04,90.56,88.66,91.52,GRU-45
651114,2026-03-08,2026-04-05,90.63,89.17,91.48,GRU-45
651114,2026-03-08,2026-04-06,90.82,89.11,91.73,GRU-45
651114,2026-03-08,2026-04-07,90.55,88.9,91.28,GRU-45
651116,2026-03-08,2026-03-09,162.01,161.96,162.06,GRU-45
651116,2026-03-08,2026-03-10,161.76,161.69,161.85,GRU-45
651116,2026-03-08,2026-03-11,161.49,161.37,161.64,GRU-45
651116,2026-03-08,2026-03-12,161.23,161.06,161.4,GRU-45
651116,2026-03-08,2026-03-13,160.96,160.72,161.18,GRU-45
651116,2026-03-08,2026-03-14,160.75,160.45,161.01,GRU-45
651116,2026-03-08,2026-03-15,160.46,160.12,160.79,GRU-45
651116,2026-03-08,2026-03-16,160.26,159.86,160.68,GRU-45
651116,2026-03-08,2026-03-17,159.92,159.44,160.41,GRU-45
651116,2026-03-08,2026-03-18,159.64,159.08,160.16,GRU-45
651116,2026-03-08,2026-03-19,159.38,158.8,159.94,GRU-45
651116,2026-03-08,2026-03-20,158.9,158.39,159.55,GRU-45
651116,2026-03-08,2026-03-21,158.55,158.03,159.22,GRU-45
651116,2026-03-08,2026-03-22,158.17,157.71,158.78,GRU-45
651116,2026-03-08,2026-03-23,157.7,157.36,158.37,GRU-45
651116,2026-03-08,2026-03-24,157.58,157.3,158.13,GRU-45
651116,2026-03-08,2026-03-25,157.33,157.18,157.77,GRU-45
651116,2026-03-08,2026-03-26,157.29,157.1,157.63,GRU-45
651116,2026-03-08,2026-03-27,157.22,157.09,157.5,GRU-45
651116,2026-03-08,2026-03-28,157.16,157.07,157.37,GRU-45
651116,2026-03-08,2026-03-29,157.14,157.06,157.35,GRU-45
651116,2026-03-08,2026-03-30,157.11,157.05,157.31,GRU-45
651116,2026-03-08,2026-03-31,157.11,157.05,157.25,GRU-45
651116,2026-03-08,2026-04-01,157.1,157.05,157.43,GRU-45
651116,2026-03-08,2026-04-02,157.09,157.05,157.25,GRU-45
651116,2026-03-08,2026-04-03,157.07,157.05,157.18,GRU-45
651116,2026-03-08,2026-04-04,157.08,157.04,157.18,GRU-45
651116,2026-03-08,2026-04-05,157.06,157.04,157.13,GRU-45
651116,2026-03-08,2026-04-06,157.08,157.05,157.21,GRU-45
651116,2026-03-08,2026-04-07,157.05,157.04,157.12,GRU-45
651117,2026-03-08,2026-03-09,196.52,196.35,196.71,GRU-45
651117,2026-03-08,2026-03-10,196.68,196.37,197.07,GRU-45
651117,2026-03-08,2026-03-11,196.92,196.48,197.45,GRU-45
651117,2026-03-08,2026-03-12,197.11,196.52,197.87,GRU-45
651117,2026-03-08,2026-03-13,197.34,196.61,198.22,GRU-45
651117,2026-03-08,2026-03-14,197.77,196.92,198.78,GRU-45
651117,2026-03-08,2026-03-15,198.12,197.06,199.27,GRU-45
651117,2026-03-08,2026-03-16,198.57,197.5,199.76,GRU-45
651117,2026-03-08,2026-03-17,198.97,197.74,200.26,GRU-45
651117,2026-03-08,2026-03-18,199.35,197.87,200.84,GRU-45
651117,2026-03-08,2026-03-19,199.95,198.41,201.37,GRU-45
651117,2026-03-08,2026-03-20,200.28,198.56,201.86,GRU-45
651117,2026-03-08,2026-03-21,200.73,199.06,202.08,GRU-45
651117,2026-03-08,2026-03-22,201.34,199.22,202.79,GRU-45
651117,2026-03-08,2026-03-23,201.53,199.99,203.4,GRU-45
651117,2026-03-08,2026-03-24,202.11,200.1,203.66,GRU-45
651117,2026-03-08,2026-03-25,202.53,200.36,204.17,GRU-45
651117,2026-03-08,2026-03-26,202.77,200.66,204.54,GRU-45
651117,2026-03-08,2026-03-27,203.43,200.73,204.95,GRU-45
651117,2026-03-08,2026-03-28,203.87,200.98,205.5,GRU-45
651117,2026-03-08,2026-03-29,204.04,201.66,205.57,GRU-45
651117,2026-03-08,2026-03-30,204.76,202.02,205.94,GRU-45
651117,2026-03-08,2026-03-31,204.85,202.57,206.12,GRU-45
651117,2026-03-08,2026-04-01,204.92,202.7,206.11,GRU-45
651117,2026-03-08,2026-04-02,205.0,202.75,206.28,GRU-45
651117,2026-03-08,2026-04-03,205.41,202.58,206.59,GRU-45
651117,2026-03-08,2026-04-04,205.52,203.21,206.59,GRU-45
651117,2026-03-08,2026-04-05,205.58,203.66,206.64,GRU-45
651117,2026-03-08,2026-04-06,205.85,203.48,206.66,GRU-45
651117,2026-03-08,2026-04-07,205.84,203.85,206.67,GRU-45
651118,2026-03-08,2026-03-09,56.35,56.29,56.42,GRU-45
651118,2026-03-08,2026-03-10,56.41,56.26,56.53,GRU-45
651118,2026-03-08,2026-03-11,56.46,56.28,56.65,GRU-45
651118,2026-03-08,2026-03-12,56.51,56.25,56.78,GRU-45
651118,2026-03-08,2026-03-13,56.56,56.27,56.86,GRU-45
651118,2026-03-08,2026-03-14,56.7,56.37,57.08,GRU-45
651118,2026-03-08,2026-03-15,56.79,56.4,57.21,GRU-45
651118,2026-03-08,2026-03-16,56.99,56.6,57.39,GRU-45
651118,2026-03-08,2026-03-17,57.15,56.64,57.69,GRU-45
651118,2026-03-08,2026-03-18,57.27,56.67,57.91,GRU-45
651118,2026-03-08,2026-03-19,57.49,56.86,58.11,GRU-45
651118,2026-03-08,2026-03-20,57.61,56.97,58.34,GRU-45
651118,2026-03-08,2026-03-21,57.84,57.21,58.53,GRU-45
651118,2026-03-08,2026-03-22,58.01,57.38,58.78,GRU-45
651118,2026-03-08,2026-03-23,58.32,57.39,58.99,GRU-45
651118,2026-03-08,2026-03-24,58.44,57.62,59.15,GRU-45
651118,2026-03-08,2026-03-25,58.63,57.65,59.41,GRU-45
651118,2026-03-08,2026-03-26,58.64,57.59,59.53,GRU-45
651118,2026-03-08,2026-03-27,58.95,57.87,59.74,GRU-45
651118,2026-03-08,2026-03-28,59.02,57.87,59.94,GRU-45
651118,2026-03-08,2026-03-29,59.39,58.11,60.18,GRU-45
651118,2026-03-08,2026-03-30,59.72,58.42,60.42,GRU-45
651118,2026-03-08,2026-03-31,59.55,58.51,60.44,GRU-45
651118,2026-03-08,2026-04-01,59.81,58.67,60.64,GRU-45
651118,2026-03-08,2026-04-02,59.87,58.51,60.66,GRU-45
651118,2026-03-08,2026-04-03,60.13,58.74,60.85,GRU-45
651118,2026-03-08,2026-04-04,60.3,58.95,60.88,GRU-45
651118,2026-03-08,2026-04-05,60.27,58.9,60.96,GRU-45
651118,2026-03-08,2026-04-06,60.37,59.02,61.04,GRU-45
651118,2026-03-08,2026-04-07,60.39,59.05,61.03,GRU-45
651119,2026-03-08,2026-03-09,232.97,232.73,233.15,GRU-45
651119,2026-03-08,2026-03-10,233.08,232.65,233.48,GRU-45
651119,2026-03-08,2026-03-11,233.29,232.61,233.86,GRU-45
651119,2026-03-08,2026-03-12,233.45,232.5,234.15,GRU-45
651119,2026-03-08,2026-03-13,233.59,232.54,234.66,GRU-45
651119,2026-03-08,2026-03-14,234.07,232.74,235.28,GRU-45
651119,2026-03-08,2026-03-15,234.33,232.74,235.83,GRU-45
651119,2026-03-08,2026-03-16,234.88,233.11,236.32,GRU-45
651119,2026-03-08,2026-03-17,235.33,233.33,236.8,GRU-45
651119,2026-03-08,2026-03-18,235.78,233.42,237.42,GRU-45
651119,2026-03-08,2026-03-19,236.36,233.89,238.1,GRU-45
651119,2026-03-08,2026-03-20,236.86,233.85,239.24,GRU-45
651119,2026-03-08,2026-03-21,236.89,234.57,239.06,GRU-45
651119,2026-03-08,2026-03-22,237.72,235.13,240.47,GRU-45
651119,2026-03-08,2026-03-23,238.2,235.47,240.73,GRU-45
651119,2026-03-08,2026-03-24,238.52,235.83,241.14,GRU-45
651119,2026-03-08,2026-03-25,239.44,236.69,242.02,GRU-45
651119,2026-03-08,2026-03-26,239.78,235.81,242.5,GRU-45
651119,2026-03-08,2026-03-27,239.92,236.98,243.08,GRU-45
651119,2026-03-08,2026-03-28,241.02,237.11,244.16,GRU-45
651119,2026-03-08,2026-03-29,241.61,237.98,244.4,GRU-45
651119,2026-03-08,2026-03-30,242.38,238.25,245.15,GRU-45
651119,2026-03-08,2026-03-31,242.12,238.35,245.26,GRU-45
651119,2026-03-08,2026-04-01,242.61,239.03,245.47,GRU-45
651119,2026-03-08,2026-04-02,243.3,239.28,245.76,GRU-45
651119,2026-03-08,2026-04-03,243.97,239.99,246.49,GRU-45
651119,2026-03-08,2026-04-04,244.23,240.07,246.55,GRU-45
651119,2026-03-08,2026-04-05,244.36,239.79,246.53,GRU-45
651119,2026-03-08,2026-04-06,244.94,240.32,246.97,GRU-45
651119,2026-03-08,2026-04-07,244.43,240.77,246.59,GRU-45
651120,2026-03-08,2026-03-09,56.85,56.83,56.89,GRU-45
651120,2026-03-08,2026-03-10,56.88,56.83,56.96,GRU-45
651120,2026-03-08,2026-03-11,56.91,56.84,57.01,GRU-45
651120,2026-03-08,2026-03-12,56.93,56.84,57.08,GRU-45
651120,2026-03-08,2026-03-13,56.96,56.85,57.15,GRU-45
651120,2026-03-08,2026-03-14,57.02,56.89,57.23,GRU-45
651120,2026-03-08,2026-03-15,57.08,56.9,57.34,GRU-45
651120,2026-03-08,2026-03-16,57.16,56.99,57.41,GRU-45
651120,2026-03-08,2026-03-17,57.23,57.04,57.5,GRU-45
651120,2026-03-08,2026-03-18,57.28,57.04,57.61,GRU-45
651120,2026-03-08,2026-03-19,57.37,57.12,57.69,GRU-45
651120,2026-03-08,2026-03-20,57.42,57.13,57.79,GRU-45
651120,2026-03-08,2026-03-21,57.5,57.27,57.86,GRU-45
651120,2026-03-08,2026-03-22,57.58,57.32,57.98,GRU-45
651120,2026-03-08,2026-03-23,57.68,57.37,58.05,GRU-45
651120,2026-03-08,2026-03-24,57.76,57.47,58.15,GRU-45
651120,2026-03-08,2026-03-25,57.84,57.45,58.26,GRU-45
651120,2026-03-08,2026-03-26,57.89,57.46,58.33,GRU-45
651120,2026-03-08,2026-03-27,58.01,57.63,58.48,GRU-45
651120,2026-03-08,2026-03-28,58.1,57.69,58.57,GRU-45
651120,2026-03-08,2026-03-29,58.17,57.78,58.62,GRU-45
651120,2026-03-08,2026-03-30,58.31,57.86,58.72,GRU-45
651120,2026-03-08,2026-03-31,58.31,57.9,58.69,GRU-45
651120,2026-03-08,2026-04-01,58.32,57.93,58.75,GRU-45
651120,2026-03-08,2026-04-02,58.39,57.97,58.79,GRU-45
651120,2026-03-08,2026-04-03,58.53,58.1,58.89,GRU-45
651120,2026-03-08,2026-04-04,58.56,58.17,58.92,GRU-45
651120,2026-03-08,2026-04-05,58.56,58.18,58.9,GRU-45
651120,2026-03-08,2026-04-06,58.65,58.22,58.99,GRU-45
651120,2026-03-08,2026-04-07,58.62,58.22,58.94,GRU-45
651121,2026-03-08,2026-03-09,142.2,141.93,142.44,GRU-45
651121,2026-03-08,2026-03-10,142.65,142.02,143.12,GRU-45
651121,2026-03-08,2026-03-11,143.19,142.34,143.9,GRU-45
651121,2026-03-08,2026-03-12,143.71,142.61,144.56,GRU-45
651121,2026-03-08,2026-03-13,144.1,142.83,145.31,GRU-45
651121,2026-03-08,2026-03-14,144.92,143.47,146.29,GRU-45
651121,2026-03-08,2026-03-15,145.4,143.73,147.23,GRU-45
651121,2026-03-08,2026-03-16,146.38,144.65,148.0,GRU-45
651121,2026-03-08,2026-03-17,147.01,145.12,148.64,GRU-45
651121,2026-03-08,2026-03-18,147.84,145.61,149.64,GRU-45
651121,2026-03-08,2026-03-19,148.73,146.45,150.4,GRU-45
651121,2026-03-08,2026-03-20,149.35,146.73,151.08,GRU-45
651121,2026-03-08,2026-03-21,150.08,148.02,151.61,GRU-45
651121,2026-03-08,2026-03-22,150.6,148.53,152.26,GRU-45
651121,2026-03-08,2026-03-23,151.41,148.77,152.85,GRU-45
651121,2026-03-08,2026-03-24,151.63,149.58,153.19,GRU-45
651121,2026-03-08,2026-03-25,152.17,149.73,153.45,GRU-45
651121,2026-03-08,2026-03-26,152.77,150.2,153.85,GRU-45
651121,2026-03-08,2026-03-27,152.92,150.6,154.03,GRU-45
651121,2026-03-08,2026-03-28,153.35,150.95,154.32,GRU-45
651121,2026-03-08,2026-03-29,153.7,151.79,154.5,GRU-45
651121,2026-03-08,2026-03-30,153.9,151.65,154.57,GRU-45
651121,2026-03-08,2026-03-31,154.05,152.0,154.62,GRU-45
651121,2026-03-08,2026-04-01,154.2,152.42,154.67,GRU-45
651121,2026-03-08,2026-04-02,154.2,152.52,154.72,GRU-45
651121,2026-03-08,2026-04-03,154.39,152.79,154.82,GRU-45
651121,2026-03-08,2026-04-04,154.48,152.94,154.82,GRU-45
651121,2026-03-08,2026-04-05,154.53,153.24,154.84,GRU-45
651121,2026-03-08,2026-04-06,154.64,153.66,154.87,GRU-45
651121,2026-03-08,2026-04-07,154.62,153.51,154.86,GRU-45
651122,2026-03-08,2026-03-09,68.45,68.36,68.55,GRU-45
651122,2026-03-08,2026-03-10,68.58,68.37,68.79,GRU-45
651122,2026-03-08,2026-03-11,68.73,68.42,68.98,GRU-45
651122,2026-03-08,2026-03-12,68.84,68.45,69.17,GRU-45
651122,2026-03-08,2026-03-13,69.01,68.48,69.43,GRU-45
651122,2026-03-08,2026-03-14,69.23,68.64,69.73,GRU-45
651122,2026-03-08,2026-03-15,69.44,68.73,70.03,GRU-45
651122,2026-03-08,2026-03-16,69.69,69.04,70.3,GRU-45
651122,2026-03-08,2026-03-17,69.97,69.17,70.65,GRU-45
651122,2026-03-08,2026-03-18,70.26,69.26,71.04,GRU-45
651122,2026-03-08,2026-03-19,70.56,69.6,71.37,GRU-45
651122,2026-03-08,2026-03-20,70.88,69.69,71.68,GRU-45
651122,2026-03-08,2026-03-21,71.11,70.1,71.91,GRU-45
651122,2026-03-08,2026-03-22,71.43,70.21,72.28,GRU-45
651122,2026-03-08,2026-03-23,71.71,70.45,72.5,GRU-45
651122,2026-03-08,2026-03-24,71.91,70.86,72.74,GRU-45
651122,2026-03-08,2026-03-25,72.11,70.91,73.01,GRU-45
651122,2026-03-08,2026-03-26,72.45,70.92,73.26,GRU-45
651122,2026-03-08,2026-03-27,72.59,71.22,73.35,GRU-45
651122,2026-03-08,2026-03-28,72.78,71.11,73.61,GRU-45
651122,2026-03-08,2026-03-29,73.05,71.82,73.8,GRU-45
651122,2026-03-08,2026-03-30,73.34,71.76,73.96,GRU-45
651122,2026-03-08,2026-03-31,73.43,72.07,74.03,GRU-45
651122,2026-03-08,2026-04-01,73.59,72.14,74.12,GRU-45
651122,2026-03-08,2026-04-02,73.63,72.11,74.22,GRU-45
651122,2026-03-08,2026-04-03,73.78,72.52,74.35,GRU-45
651122,2026-03-08,2026-04-04,73.87,72.7,74.37,GRU-45
651122,2026-03-08,2026-04-05,73.95,72.72,74.39,GRU-45
651122,2026-03-08,2026-04-06,74.05,72.56,74.46,GRU-45
651122,2026-03-08,2026-04-07,74.07,72.84,74.47,GRU-45
651123,2026-03-08,2026-03-09,199.99,199.89,200.07,GRU-45
651123,2026-03-08,2026-03-10,199.85,199.59,200.06,GRU-45
651123,2026-03-08,2026-03-11,199.64,199.28,199.91,GRU-45
651123,2026-03-08,2026-03-12,199.38,198.95,199.75,GRU-45
651123,2026-03-08,2026-03-13,199.16,198.63,199.6,GRU-45
651123,2026-03-08,2026-03-14,198.92,198.43,199.42,GRU-45
651123,2026-03-08,2026-03-15,198.75,198.14,199.44,GRU-45
651123,2026-03-08,2026-03-16,198.44,197.95,199.02,GRU-45
651123,2026-03-08,2026-03-17,198.19,197.57,199.0,GRU-45
651123,2026-03-08,2026-03-18,198.02,197.17,198.94,GRU-45
651123,2026-03-08,2026-03-19,197.62,196.89,198.62,GRU-45
651123,2026-03-08,2026-03-20,197.31,196.34,198.47,GRU-45
651123,2026-03-08,2026-03-21,196.67,195.87,197.75,GRU-45
651123,2026-03-08,2026-03-22,196.26,195.41,197.34,GRU-45
651123,2026-03-08,2026-03-23,195.52,194.6,196.7,GRU-45
651123,2026-03-08,2026-03-24,195.18,194.25,196.79,GRU-45
651123,2026-03-08,2026-03-25,194.51,193.55,196.13,GRU-45
651123,2026-03-08,2026-03-26,194.31,193.4,195.65,GRU-45
651123,2026-03-08,2026-03-27,193.93,193.14,195.74,GRU-45
651123,2026-03-08,2026-03-28,193.56,192.79,195.08,GRU-45
651123,2026-03-08,2026-03-29,193.49,192.79,195.07,GRU-45
651123,2026-03-08,2026-03-30,193.29,192.62,194.75,GRU-45
651123,2026-03-08,2026-03-31,193.32,192.53,194.59,GRU-45
651123,2026-03-08,2026-04-01,193.28,192.56,194.8,GRU-45
651123,2026-03-08,2026-04-02,193.04,192.39,194.32,GRU-45
651123,2026-03-08,2026-04-03,192.93,192.36,194.41,GRU-45
651123,2026-03-08,2026-04-04,192.91,192.35,193.96,GRU-45
651123,2026-03-08,2026-04-05,192.69,192.21,193.82,GRU-45
651123,2026-03-08,2026-04-06,193.24,192.5,194.62,GRU-45
651123,2026-03-08,2026-04-07,192.53,192.12,193.55,GRU-45
