card_id,run_date,target_date,pred_price,conf_low,conf_high,model
510148,2026-03-08,2026-03-09,62.9,62.86,62.95,GRU-15
510148,2026-03-08,2026-03-10,62.97,62.9,63.06,GRU-15
510148,2026-03-08,2026-03-11,63.02,62.92,63.15,GRU-15
510148,2026-03-08,2026-03-12,63.09,62.96,63.24,GRU-15
510148,2026-03-08,2026-03-13,63.16,63.0,63.33,GRU-15
510148,2026-03-08,2026-03-14,63.24,63.04,63.44,GRU-15
510148,2026-03-08,2026-03-15,63.28,63.09,63.48,GRU-15
510148,2026-03-08,2026-03-16,63.37,63.15,63.56,GRU-15
510148,2026-03-08,2026-03-17,63.42,63.18,63.61,GRU-15
510148,2026-03-08,2026-03-18,63.55,63.3,63.71,GRU-15
510148,2026-03-08,2026-03-19,63.58,63.33,63.75,GRU-15
510148,2026-03-08,2026-03-20,63.66,63.38,63.79,GRU-15
510148,2026-03-08,2026-03-21,63.71,63.47,63.84,GRU-15
510148,2026-03-08,2026-03-22,63.74,63.51,63.88,GRU-15
510148,2026-03-08,2026-03-23,63.81,63.59,63.92,GRU-15
510148,2026-03-08,2026-03-24,63.85,63.61,63.94,GRU-15
510148,2026-03-08,2026-03-25,63.88,63.67,63.96,GRU-15
510148,2026-03-08,2026-03-26,63.89,63.67,63.96,GRU-15
510148,2026-03-08,2026-03-27,63.91,63.67,63.98,GRU-15
510148,2026-03-08,2026-03-28,63.91,63.73,63.98,GRU-15
510148,2026-03-08,2026-03-29,63.95,63.79,63.99,GRU-15
510148,2026-03-08,2026-03-30,63.96,63.82,64.0,GRU-15
510148,2026-03-08,2026-03-31,63.96,63.79,64.0,GRU-15
510148,2026-03-08,2026-04-01,63.97,63.84,64.0,GRU-15
510148,2026-03-08,2026-04-02,63.98,63.86,64.01,GRU-15
510148,2026-03-08,2026-04-03,63.98,63.84,64.01,GRU-15
510148,2026-03-08,2026-04-04,63.99,63.88,64.01,GRU-15
510148,2026-03-08,2026-04-05,63.99,63.9,64.01,GRU-15
510148,2026-03-08,2026-04-06,63.99,63.88,64.01,GRU-15
510148,2026-03-08,2026-04-07,64.0,63.9,64.01,GRU-15
510152,2026-03-08,2026-03-09,172.17,172.0,172.28,GRU-15
510152,2026-03-08,2026-03-10,172.22,171.9,172.46,GRU-15
510152,2026-03-08,2026-03-11,172.25,171.8,172.62,GRU-15
510152,2026-03-08,2026-03-12,172.33,171.74,172.76,GRU-15
510152,2026-03-08,2026-03-13,172.34,171.7,172.95,GRU-15
510152,2026-03-08,2026-03-14,172.43,171.61,173.18,GRU-15
510152,2026-03-08,2026-03-15,172.49,171.64,173.34,GRU-15
510152,2026-03-08,2026-03-16,172.53,171.55,173.58,GRU-15
510152,2026-03-08,2026-03-17,172.62,171.66,173.72,GRU-15
510152,2026-03-08,2026-03-18,172.75,171.74,173.96,GRU-15
510152,2026-03-08,2026-03-19,172.89,171.77,174.18,GRU-15
510152,2026-03-08,2026-03-20,173.09,172.01,174.33,GRU-15
510152,2026-03-08,2026-03-21,173.27,172.14,174.59,GRU-15
510152,2026-03-08,2026-03-22,173.58,172.38,174.73,GRU-15
510152,2026-03-08,2026-03-23,173.56,172.38,174.86,GRU-15
510152,2026-03-08,2026-03-24,173.83,172.38,175.22,GRU-15
510152,2026-03-08,2026-03-25,173.98,172.61,175.3,GRU-15
510152,2026-03-08,2026-03-26,173.74,172.51,175.11,GRU-15
510152,2026-03-08,2026-03-27,174.11,172.54,175.42,GRU-15
510152,2026-03-08,2026-03-28,174.17,172.63,175.48,GRU-15
510152,2026-03-08,2026-03-29,174.25,172.68,175.89,GRU-15
510152,2026-03-08,2026-03-30,174.38,172.7,175.67,GRU-15
510152,2026-03-08,2026-03-31,174.44,172.87,176.05,GRU-15
510152,2026-03-08,2026-04-01,174.37,172.58,175.83,GRU-15
510152,2026-03-08,2026-04-02,174.63,172.6,176.3,GRU-15
510152,2026-03-08,2026-04-03,174.55,173.01,176.01,GRU-15
510152,2026-03-08,2026-04-04,174.61,172.45,176.61,GRU-15
510152,2026-03-08,2026-04-05,174.76,172.91,176.16,GRU-15
510152,2026-03-08,2026-04-06,174.87,172.88,176.73,GRU-15
510152,2026-03-08,2026-04-07,174.89,172.91,176.56,GRU-15
510153,2026-03-08,2026-03-09,649.66,649.38,649.95,GRU-15
510153,2026-03-08,2026-03-10,649.61,649.14,650.18,GRU-15
510153,2026-03-08,2026-03-11,649.58,648.81,650.39,GRU-15
510153,2026-03-08,2026-03-12,649.64,648.63,650.68,GRU-15
510153,2026-03-08,2026-03-13,649.65,648.45,651.02,GRU-15
510153,2026-03-08,2026-03-14,649.91,648.39,651.63,GRU-15
510153,2026-03-08,2026-03-15,649.89,648.18,651.74,GRU-15
510153,2026-03-08,2026-03-16,649.92,648.01,652.08,GRU-15
510153,2026-03-08,2026-03-17,649.74,647.82,651.76,GRU-15
510153,2026-03-08,2026-03-18,649.99,647.99,652.21,GRU-15
510153,2026-03-08,2026-03-19,649.94,647.81,652.35,GRU-15
510153,2026-03-08,2026-03-20,650.3,647.99,652.88,GRU-15
510153,2026-03-08,2026-03-21,650.49,647.6,653.33,GRU-15
510153,2026-03-08,2026-03-22,650.51,648.0,653.48,GRU-15
510153,2026-03-08,2026-03-23,650.93,648.21,654.11,GRU-15
510153,2026-03-08,2026-03-24,650.98,648.01,654.42,GRU-15
510153,2026-03-08,2026-03-25,651.18,647.69,654.56,GRU-15
510153,2026-03-08,2026-03-26,650.88,647.88,653.98,GRU-15
510153,2026-03-08,2026-03-27,650.66,646.54,653.89,GRU-15
510153,2026-03-08,2026-03-28,651.77,648.61,655.38,GRU-15
510153,2026-03-08,2026-03-29,651.52,647.94,655.28,GRU-15
510153,2026-03-08,2026-03-30,652.03,647.4,655.02,GRU-15
510153,2026-03-08,2026-03-31,651.71,647.3,654.82,GRU-15
510153,2026-03-08,2026-04-01,652.73,648.59,656.65,GRU-15
510153,2026-03-08,2026-04-02,653.06,648.71,657.98,GRU-15
510153,2026-03-08,2026-04-03,653.09,648.94,656.43,GRU-15
510153,2026-03-08,2026-04-04,654.18,648.86,658.16,GRU-15
510153,2026-03-08,2026-04-05,653.14,648.88,657.37,GRU-15
510153,2026-03-08,2026-04-06,652.97,647.67,657.07,GRU-15
510153,2026-03-08,2026-04-07,653.86,648.86,658.1,GRU-15
510154,2026-03-08,2026-03-09,140.8,140.76,140.83,GRU-15
510154,2026-03-08,2026-03-10,140.78,140.72,140.85,GRU-15
510154,2026-03-08,2026-03-11,140.76,140.67,140.85,GRU-15
510154,2026-03-08,2026-03-12,140.75,140.64,140.87,GRU-15
510154,2026-03-08,2026-03-13,140.75,140.61,140.89,GRU-15
510154,2026-03-08,2026-03-14,140.74,140.56,140.91,GRU-15
510154,2026-03-08,2026-03-15,140.76,140.57,140.95,GRU-15
510154,2026-03-08,2026-03-16,140.74,140.53,140.96,GRU-15
510154,2026-03-08,2026-03-17,140.78,140.57,141.0,GRU-15
510154,2026-03-08,2026-03-18,140.82,140.6,141.05,GRU-15
510154,2026-03-08,2026-03-19,140.85,140.61,141.1,GRU-15
510154,2026-03-08,2026-03-20,140.94,140.72,141.17,GRU-15
510154,2026-03-08,2026-03-21,141.0,140.75,141.24,GRU-15
510154,2026-03-08,2026-03-22,141.09,140.87,141.33,GRU-15
510154,2026-03-08,2026-03-23,141.1,140.85,141.36,GRU-15
510154,2026-03-08,2026-03-24,141.12,140.85,141.41,GRU-15
510154,2026-03-08,2026-03-25,141.22,140.94,141.5,GRU-15
510154,2026-03-08,2026-03-26,141.16,140.9,141.45,GRU-15
510154,2026-03-08,2026-03-27,141.15,140.87,141.5,GRU-15
510154,2026-03-08,2026-03-28,141.24,140.97,141.54,GRU-15
510154,2026-03-08,2026-03-29,141.27,140.93,141.64,GRU-15
510154,2026-03-08,2026-03-30,141.24,140.92,141.6,GRU-15
510154,2026-03-08,2026-03-31,141.32,140.99,141.7,GRU-15
510154,2026-03-08,2026-04-01,141.27,140.92,141.69,GRU-15
510154,2026-03-08,2026-04-02,141.3,140.91,141.75,GRU-15
510154,2026-03-08,2026-04-03,141.4,141.04,141.76,GRU-15
510154,2026-03-08,2026-04-04,141.29,140.82,141.77,GRU-15
510154,2026-03-08,2026-04-05,141.38,141.04,141.76,GRU-15
510154,2026-03-08,2026-04-06,141.39,140.98,141.83,GRU-15
510154,2026-03-08,2026-04-07,141.44,141.04,141.86,GRU-15
510155,2026-03-08,2026-03-09,67.85,67.76,67.96,GRU-15
510155,2026-03-08,2026-03-10,68.01,67.83,68.21,GRU-15
510155,2026-03-08,2026-03-11,68.13,67.87,68.39,GRU-15
510155,2026-03-08,2026-03-12,68.25,67.93,68.58,GRU-15
510155,2026-03-08,2026-03-13,68.39,68.03,68.72,GRU-15
510155,2026-03-08,2026-03-14,68.56,68.09,68.96,GRU-15
510155,2026-03-08,2026-03-15,68.64,68.19,69.06,GRU-15
510155,2026-03-08,2026-03-16,68.84,68.28,69.26,GRU-15
510155,2026-03-08,2026-03-17,68.92,68.37,69.36,GRU-15
510155,2026-03-08,2026-03-18,69.11,68.62,69.57,GRU-15
510155,2026-03-08,2026-03-19,69.19,68.57,69.61,GRU-15
510155,2026-03-08,2026-03-20,69.3,68.8,69.73,GRU-15
510155,2026-03-08,2026-03-21,69.45,68.98,69.81,GRU-15
510155,2026-03-08,2026-03-22,69.51,69.04,69.88,GRU-15
510155,2026-03-08,2026-03-23,69.64,69.19,69.94,GRU-15
510155,2026-03-08,2026-03-24,69.71,69.25,69.99,GRU-15
510155,2026-03-08,2026-03-25,69.81,69.4,70.01,GRU-15
510155,2026-03-08,2026-03-26,69.84,69.47,70.04,GRU-15
510155,2026-03-08,2026-03-27,69.89,69.5,70.06,GRU-15
510155,2026-03-08,2026-03-28,69.9,69.54,70.07,GRU-15
510155,2026-03-08,2026-03-29,69.97,69.66,70.11,GRU-15
510155,2026-03-08,2026-03-30,69.99,69.72,70.11,GRU-15
510155,2026-03-08,2026-03-31,69.99,69.7,70.12,GRU-15
510155,2026-03-08,2026-04-01,70.02,69.69,70.13,GRU-15
510155,2026-03-08,2026-04-02,70.04,69.74,70.14,GRU-15
510155,2026-03-08,2026-04-03,70.03,69.78,70.14,GRU-15
510155,2026-03-08,2026-04-04,70.08,69.83,70.15,GRU-15
510155,2026-03-08,2026-04-05,70.07,69.82,70.14,GRU-15
510155,2026-03-08,2026-04-06,70.07,69.85,70.15,GRU-15
510155,2026-03-08,2026-04-07,70.09,69.85,70.15,GRU-15
510156,2026-03-08,2026-03-09,93.87,93.79,93.93,GRU-15
510156,2026-03-08,2026-03-10,93.9,93.75,94.03,GRU-15
510156,2026-03-08,2026-03-11,93.92,93.69,94.11,GRU-15
510156,2026-03-08,2026-03-12,93.94,93.66,94.18,GRU-15
510156,2026-03-08,2026-03-13,93.98,93.64,94.24,GRU-15
510156,2026-03-08,2026-03-14,94.0,93.58,94.35,GRU-15
510156,2026-03-08,2026-03-15,94.01,93.55,94.37,GRU-15
510156,2026-03-08,2026-03-16,94.01,93.46,94.43,GRU-15
510156,2026-03-08,2026-03-17,94.02,93.39,94.46,GRU-15
510156,2026-03-08,2026-03-18,94.05,93.37,94.52,GRU-15
510156,2026-03-08,2026-03-19,94.0,93.23,94.58,GRU-15
510156,2026-03-08,2026-03-20,93.97,93.17,94.53,GRU-15
510156,2026-03-08,2026-03-21,93.98,93.03,94.58,GRU-15
510156,2026-03-08,2026-03-22,93.8,92.84,94.5,GRU-15
510156,2026-03-08,2026-03-23,93.7,92.55,94.55,GRU-15
510156,2026-03-08,2026-03-24,93.67,92.39,94.57,GRU-15
510156,2026-03-08,2026-03-25,93.56,91.99,94.6,GRU-15
510156,2026-03-08,2026-03-26,93.6,91.87,94.59,GRU-15
510156,2026-03-08,2026-03-27,93.59,91.74,94.6,GRU-15
510156,2026-03-08,2026-03-28,93.42,91.76,94.6,GRU-15
510156,2026-03-08,2026-03-29,93.25,91.45,94.58,GRU-15
510156,2026-03-08,2026-03-30,93.27,91.42,94.56,GRU-15
510156,2026-03-08,2026-03-31,93.19,91.41,94.49,GRU-15
510156,2026-03-08,2026-04-01,93.12,91.42,94.67,GRU-15
510156,2026-03-08,2026-04-02,93.09,91.35,94.73,GRU-15
510156,2026-03-08,2026-04-03,92.79,91.31,94.41,GRU-15
510156,2026-03-08,2026-04-04,93.08,91.35,94.76,GRU-15
510156,2026-03-08,2026-04-05,92.92,91.32,94.52,GRU-15
510156,2026-03-08,2026-04-06,93.0,91.32,94.75,GRU-15
510156,2026-03-08,2026-04-07,92.74,91.29,94.53,GRU-15
510157,2026-03-08,2026-03-09,64.94,64.91,64.98,GRU-15
510157,2026-03-08,2026-03-10,64.97,64.91,65.05,GRU-15
510157,2026-03-08,2026-03-11,64.99,64.9,65.11,GRU-15
510157,2026-03-08,2026-03-12,65.01,64.9,65.16,GRU-15
510157,2026-03-08,2026-03-13,65.04,64.9,65.22,GRU-15
510157,2026-03-08,2026-03-14,65.07,64.89,65.28,GRU-15
510157,2026-03-08,2026-03-15,65.1,64.91,65.34,GRU-15
510157,2026-03-08,2026-03-16,65.12,64.91,65.41,GRU-15
510157,2026-03-08,2026-03-17,65.16,64.94,65.46,GRU-15
510157,2026-03-08,2026-03-18,65.22,64.97,65.54,GRU-15
510157,2026-03-08,2026-03-19,65.26,64.99,65.61,GRU-15
510157,2026-03-08,2026-03-20,65.31,65.06,65.68,GRU-15
510157,2026-03-08,2026-03-21,65.39,65.1,65.81,GRU-15
510157,2026-03-08,2026-03-22,65.43,65.15,65.89,GRU-15
510157,2026-03-08,2026-03-23,65.47,65.18,65.93,GRU-15
510157,2026-03-08,2026-03-24,65.53,65.18,66.01,GRU-15
510157,2026-03-08,2026-03-25,65.6,65.28,66.14,GRU-15
510157,2026-03-08,2026-03-26,65.54,65.21,66.11,GRU-15
510157,2026-03-08,2026-03-27,65.58,65.25,66.13,GRU-15
510157,2026-03-08,2026-03-28,65.63,65.3,66.21,GRU-15
510157,2026-03-08,2026-03-29,65.71,65.31,66.32,GRU-15
510157,2026-03-08,2026-03-30,65.67,65.33,66.3,GRU-15
510157,2026-03-08,2026-03-31,65.75,65.38,66.37,GRU-15
510157,2026-03-08,2026-04-01,65.71,65.32,66.35,GRU-15
510157,2026-03-08,2026-04-02,65.8,65.37,66.39,GRU-15
510157,2026-03-08,2026-04-03,65.81,65.42,66.4,GRU-15
510157,2026-03-08,2026-04-04,65.88,65.37,66.52,GRU-15
510157,2026-03-08,2026-04-05,65.85,65.44,66.49,GRU-15
510157,2026-03-08,2026-04-06,65.91,65.45,66.58,GRU-15
510157,2026-03-08,2026-04-07,65.94,65.49,66.51,GRU-15
510158,2026-03-08,2026-03-09,94.77,94.66,94.89,GRU-15
510158,2026-03-08,2026-03-10,95.0,94.74,95.22,GRU-15
510158,2026-03-08,2026-03-11,95.12,94.78,95.46,GRU-15
510158,2026-03-08,2026-03-12,95.31,94.88,95.76,GRU-15
510158,2026-03-08,2026-03-13,95.48,94.99,96.01,GRU-15
510158,2026-03-08,2026-03-14,95.67,95.08,96.33,GRU-15
510158,2026-03-08,2026-03-15,95.92,95.24,96.62,GRU-15
510158,2026-03-08,2026-03-16,96.11,95.32,96.86,GRU-15
510158,2026-03-08,2026-03-17,96.32,95.48,97.07,GRU-15
510158,2026-03-08,2026-03-18,96.59,95.7,97.56,GRU-15
510158,2026-03-08,2026-03-19,96.8,95.79,97.55,GRU-15
510158,2026-03-08,2026-03-20,97.06,96.04,97.83,GRU-15
510158,2026-03-08,2026-03-21,97.27,96.27,98.11,GRU-15
510158,2026-03-08,2026-03-22,97.44,96.43,98.34,GRU-15
510158,2026-03-08,2026-03-23,97.8,96.64,98.54,GRU-15
510158,2026-03-08,2026-03-24,97.91,96.77,98.66,GRU-15
510158,2026-03-08,2026-03-25,98.09,96.98,98.73,GRU-15
510158,2026-03-08,2026-03-26,98.13,96.93,98.8,GRU-15
510158,2026-03-08,2026-03-27,98.15,97.1,98.84,GRU-15
510158,2026-03-08,2026-03-28,98.23,97.14,98.91,GRU-15
510158,2026-03-08,2026-03-29,98.52,97.52,99.02,GRU-15
510158,2026-03-08,2026-03-30,98.52,97.58,99.06,GRU-15
510158,2026-03-08,2026-03-31,98.59,97.6,99.07,GRU-15
510158,2026-03-08,2026-04-01,98.62,97.68,99.09,GRU-15
510158,2026-03-08,2026-04-02,98.69,97.74,99.1,GRU-15
510158,2026-03-08,2026-04-03,98.72,97.74,99.13,GRU-15
510158,2026-03-08,2026-04-04,98.8,97.79,99.16,GRU-15
510158,2026-03-08,2026-04-05,98.8,97.99,99.16,GRU-15
510158,2026-03-08,2026-04-06,98.84,97.91,99.17,GRU-15
510158,2026-03-08,2026-04-07,98.88,98.03,99.19,GRU-15
510159,2026-03-08,2026-03-09,135.75,135.72,135.79,GRU-15
510159,2026-03-08,2026-03-10,135.73,135.68,135.81,GRU-15
510159,2026-03-08,2026-03-11,135.7,135.62,135.84,GRU-15
510159,2026-03-08,2026-03-12,135.7,135.59,135.88,GRU-15
510159,2026-03-08,2026-03-13,135.71,135.57,135.93,GRU-15
510159,2026-03-08,2026-03-14,135.71,135.55,135.99,GRU-15
510159,2026-03-08,2026-03-15,135.72,135.54,136.01,GRU-15
510159,2026-03-08,2026-03-16,135.71,135.49,136.05,GRU-15
510159,2026-03-08,2026-03-17,135.75,135.51,136.08,GRU-15
510159,2026-03-08,2026-03-18,135.8,135.54,136.18,GRU-15
510159,2026-03-08,2026-03-19,135.83,135.52,136.24,GRU-15
510159,2026-03-08,2026-03-20,135.92,135.62,136.31,GRU-15
510159,2026-03-08,2026-03-21,135.98,135.66,136.46,GRU-15
510159,2026-03-08,2026-03-22,136.11,135.76,136.55,GRU-15
510159,2026-03-08,2026-03-23,136.16,135.8,136.68,GRU-15
510159,2026-03-08,2026-03-24,136.2,135.78,136.75,GRU-15
510159,2026-03-08,2026-03-25,136.22,135.82,136.83,GRU-15
510159,2026-03-08,2026-03-26,136.07,135.65,136.62,GRU-15
510159,2026-03-08,2026-03-27,136.05,135.52,136.66,GRU-15
510159,2026-03-08,2026-03-28,136.38,135.98,136.9,GRU-15
510159,2026-03-08,2026-03-29,136.34,135.88,136.98,GRU-15
510159,2026-03-08,2026-03-30,136.31,135.75,137.0,GRU-15
510159,2026-03-08,2026-03-31,136.36,135.94,136.99,GRU-15
510159,2026-03-08,2026-04-01,136.34,135.95,137.0,GRU-15
510159,2026-03-08,2026-04-02,136.52,136.01,137.25,GRU-15
510159,2026-03-08,2026-04-03,136.54,136.08,137.19,GRU-15
510159,2026-03-08,2026-04-04,136.5,135.99,137.29,GRU-15
510159,2026-03-08,2026-04-05,136.68,136.12,137.42,GRU-15
510159,2026-03-08,2026-04-06,136.57,135.95,137.3,GRU-15
510159,2026-03-08,2026-04-07,136.72,136.08,137.45,GRU-15
510161,2026-03-08,2026-03-09,177.9,177.84,177.97,GRU-15
510161,2026-03-08,2026-03-10,177.7,177.61,177.82,GRU-15
510161,2026-03-08,2026-03-11,177.49,177.36,177.65,GRU-15
510161,2026-03-08,2026-03-12,177.29,177.12,177.52,GRU-15
510161,2026-03-08,2026-03-13,177.1,176.88,177.37,GRU-15
510161,2026-03-08,2026-03-14,176.87,176.63,177.19,GRU-15
510161,2026-03-08,2026-03-15,176.6,176.35,176.97,GRU-15
510161,2026-03-08,2026-03-16,176.39,176.14,176.79,GRU-15
510161,2026-03-08,2026-03-17,176.15,175.89,176.59,GRU-15
510161,2026-03-08,2026-03-18,175.94,175.7,176.41,GRU-15
510161,2026-03-08,2026-03-19,175.73,175.54,176.2,GRU-15
510161,2026-03-08,2026-03-20,175.52,175.38,175.93,GRU-15
510161,2026-03-08,2026-03-21,175.39,175.28,175.73,GRU-15
510161,2026-03-08,2026-03-22,175.3,175.23,175.53,GRU-15
510161,2026-03-08,2026-03-23,175.25,175.21,175.42,GRU-15
510161,2026-03-08,2026-03-24,175.23,175.2,175.35,GRU-15
510161,2026-03-08,2026-03-25,175.21,175.19,175.27,GRU-15
510161,2026-03-08,2026-03-26,175.2,175.19,175.26,GRU-15
510161,2026-03-08,2026-03-27,175.2,175.19,175.22,GRU-15
510161,2026-03-08,2026-03-28,175.19,175.19,175.2,GRU-15
510161,2026-03-08,2026-03-29,175.19,175.19,175.2,GRU-15
510161,2026-03-08,2026-03-30,175.19,175.19,175.2,GRU-15
510161,2026-03-08,2026-03-31,175.19,175.19,175.2,GRU-15
510161,2026-03-08,2026-04-01,175.19,175.19,175.19,GRU-15
510161,2026-03-08,2026-04-02,175.19,175.19,175.19,GRU-15
510161,2026-03-08,2026-04-03,175.19,175.19,175.19,GRU-15
510161,2026-03-08,2026-04-04,175.19,175.19,175.19,GRU-15
510161,2026-03-08,2026-04-05,175.19,175.19,175.19,GRU-15
510161,2026-03-08,2026-04-06,175.19,175.19,175.19,GRU-15
510161,2026-03-08,2026-04-07,175.19,175.19,175.19,GRU-15
510162,2026-03-08,2026-03-09,101.7,101.65,101.75,GRU-15
510162,2026-03-08,2026-03-10,101.68,101.6,101.81,GRU-15
510162,2026-03-08,2026-03-11,101.66,101.53,101.85,GRU-15
510162,2026-03-08,2026-03-12,101.65,101.49,101.89,GRU-15
510162,2026-03-08,2026-03-13,101.64,101.46,101.94,GRU-15
510162,2026-03-08,2026-03-14,101.63,101.39,102.0,GRU-15
510162,2026-03-08,2026-03-15,101.66,101.41,102.05,GRU-15
510162,2026-03-08,2026-03-16,101.65,101.35,102.11,GRU-15
510162,2026-03-08,2026-03-17,101.73,101.41,102.18,GRU-15
510162,2026-03-08,2026-03-18,101.78,101.44,102.26,GRU-15
510162,2026-03-08,2026-03-19,101.84,101.45,102.35,GRU-15
510162,2026-03-08,2026-03-20,101.96,101.59,102.44,GRU-15
510162,2026-03-08,2026-03-21,102.03,101.64,102.54,GRU-15
510162,2026-03-08,2026-03-22,102.16,101.79,102.63,GRU-15
510162,2026-03-08,2026-03-23,102.18,101.77,102.7,GRU-15
510162,2026-03-08,2026-03-24,102.23,101.76,102.8,GRU-15
510162,2026-03-08,2026-03-25,102.33,101.88,102.89,GRU-15
510162,2026-03-08,2026-03-26,102.25,101.8,102.82,GRU-15
510162,2026-03-08,2026-03-27,102.32,101.79,102.86,GRU-15
510162,2026-03-08,2026-03-28,102.42,101.92,102.95,GRU-15
510162,2026-03-08,2026-03-29,102.42,101.87,103.14,GRU-15
510162,2026-03-08,2026-03-30,102.44,101.85,103.05,GRU-15
510162,2026-03-08,2026-03-31,102.51,101.95,103.21,GRU-15
510162,2026-03-08,2026-04-01,102.44,101.86,103.19,GRU-15
510162,2026-03-08,2026-04-02,102.58,101.86,103.33,GRU-15
510162,2026-03-08,2026-04-03,102.57,102.04,103.26,GRU-15
510162,2026-03-08,2026-04-04,102.55,101.75,103.43,GRU-15
510162,2026-03-08,2026-04-05,102.64,102.0,103.3,GRU-15
510162,2026-03-08,2026-04-06,102.65,101.89,103.46,GRU-15
510162,2026-03-08,2026-04-07,102.73,102.01,103.49,GRU-15
510163,2026-03-08,2026-03-09,151.4,151.29,151.56,GRU-15
510163,2026-03-08,2026-03-10,151.39,151.18,151.74,GRU-15
510163,2026-03-08,2026-03-11,151.33,151.06,151.85,GRU-15
510163,2026-03-08,2026-03-12,151.31,150.99,151.95,GRU-15
510163,2026-03-08,2026-03-13,151.36,150.95,152.08,GRU-15
510163,2026-03-08,2026-03-14,151.33,150.84,152.27,GRU-15
510163,2026-03-08,2026-03-15,151.45,150.88,152.38,GRU-15
510163,2026-03-08,2026-03-16,151.45,150.8,152.57,GRU-15
510163,2026-03-08,2026-03-17,151.61,150.89,152.68,GRU-15
510163,2026-03-08,2026-03-18,151.75,151.02,152.91,GRU-15
510163,2026-03-08,2026-03-19,151.88,151.07,153.11,GRU-15
510163,2026-03-08,2026-03-20,152.2,151.36,153.38,GRU-15
510163,2026-03-08,2026-03-21,152.36,151.48,153.62,GRU-15
510163,2026-03-08,2026-03-22,152.71,151.76,153.92,GRU-15
510163,2026-03-08,2026-03-23,152.76,151.84,154.06,GRU-15
510163,2026-03-08,2026-03-24,152.92,151.77,154.36,GRU-15
510163,2026-03-08,2026-03-25,153.12,152.03,154.58,GRU-15
510163,2026-03-08,2026-03-26,152.93,151.87,154.4,GRU-15
510163,2026-03-08,2026-03-27,153.06,151.91,154.7,GRU-15
510163,2026-03-08,2026-03-28,153.45,152.29,154.93,GRU-15
510163,2026-03-08,2026-03-29,153.51,152.29,155.23,GRU-15
510163,2026-03-08,2026-03-30,153.33,152.13,155.09,GRU-15
510163,2026-03-08,2026-03-31,153.69,152.5,155.47,GRU-15
510163,2026-03-08,2026-04-01,153.54,152.28,155.39,GRU-15
510163,2026-03-08,2026-04-02,153.8,152.4,155.97,GRU-15
510163,2026-03-08,2026-04-03,153.88,152.71,155.52,GRU-15
510163,2026-03-08,2026-04-04,153.85,152.32,156.08,GRU-15
510163,2026-03-08,2026-04-05,153.95,152.54,155.76,GRU-15
510163,2026-03-08,2026-04-06,154.11,152.54,156.15,GRU-15
510163,2026-03-08,2026-04-07,154.24,152.85,156.23,GRU-15
527797,2026-03-08,2026-03-09,32.46,32.45,32.47,GRU-15
527797,2026-03-08,2026-03-10,32.45,32.43,32.46,GRU-15
527797,2026-03-08,2026-03-11,32.43,32.41,32.46,GRU-15
527797,2026-03-08,2026-03-12,32.42,32.39,32.45,GRU-15
527797,2026-03-08,2026-03-13,32.41,32.37,32.45,GRU-15
527797,2026-03-08,2026-03-14,32.4,32.35,32.45,GRU-15
527797,2026-03-08,2026-03-15,32.39,32.34,32.45,GRU-15
527797,2026-03-08,2026-03-16,32.38,32.32,32.44,GRU-15
527797,2026-03-08,2026-03-17,32.37,32.3,32.44,GRU-15
527797,2026-03-08,2026-03-18,32.36,32.29,32.45,GRU-15
527797,2026-03-08,2026-03-19,32.35,32.27,32.45,GRU-15
527797,2026-03-08,2026-03-20,32.34,32.26,32.46,GRU-15
527797,2026-03-08,2026-03-21,32.33,32.24,32.46,GRU-15
527797,2026-03-08,2026-03-22,32.33,32.23,32.47,GRU-15
527797,2026-03-08,2026-03-23,32.33,32.21,32.47,GRU-15
527797,2026-03-08,2026-03-24,32.31,32.18,32.47,GRU-15
527797,2026-03-08,2026-03-25,32.3,32.16,32.47,GRU-15
527797,2026-03-08,2026-03-26,32.27,32.11,32.46,GRU-15
527797,2026-03-08,2026-03-27,32.27,32.12,32.45,GRU-15
527797,2026-03-08,2026-03-28,32.26,32.07,32.45,GRU-15
527797,2026-03-08,2026-03-29,32.26,32.1,32.47,GRU-15
527797,2026-03-08,2026-03-30,32.22,32.03,32.46,GRU-15
527797,2026-03-08,2026-03-31,32.25,32.05,32.48,GRU-15
527797,2026-03-08,2026-04-01,32.23,32.06,32.46,GRU-15
527797,2026-03-08,2026-04-02,32.23,32.01,32.44,GRU-15
527797,2026-03-08,2026-04-03,32.21,31.99,32.47,GRU-15
527797,2026-03-08,2026-04-04,32.22,31.98,32.45,GRU-15
527797,2026-03-08,2026-04-05,32.21,31.99,32.44,GRU-15
527797,2026-03-08,2026-04-06,32.18,32.0,32.46,GRU-15
527797,2026-03-08,2026-04-07,32.18,31.96,32.45,GRU-15
527798,2026-03-08,2026-03-09,24.6,24.55,24.66,GRU-15
527798,2026-03-08,2026-03-10,24.7,24.59,24.82,GRU-15
527798,2026-03-08,2026-03-11,24.75,24.63,24.91,GRU-15
527798,2026-03-08,2026-03-12,24.81,24.66,24.99,GRU-15
527798,2026-03-08,2026-03-13,24.9,24.72,25.11,GRU-15
527798,2026-03-08,2026-03-14,24.99,24.75,25.22,GRU-15
527798,2026-03-08,2026-03-15,25.05,24.8,25.32,GRU-15
527798,2026-03-08,2026-03-16,25.17,24.86,25.45,GRU-15
527798,2026-03-08,2026-03-17,25.24,24.93,25.54,GRU-15
527798,2026-03-08,2026-03-18,25.35,25.03,25.65,GRU-15
527798,2026-03-08,2026-03-19,25.43,25.07,25.7,GRU-15
527798,2026-03-08,2026-03-20,25.52,25.2,25.8,GRU-15
527798,2026-03-08,2026-03-21,25.61,25.3,25.84,GRU-15
527798,2026-03-08,2026-03-22,25.69,25.4,25.91,GRU-15
527798,2026-03-08,2026-03-23,25.73,25.46,25.94,GRU-15
527798,2026-03-08,2026-03-24,25.77,25.52,25.96,GRU-15
527798,2026-03-08,2026-03-25,25.8,25.58,25.96,GRU-15
527798,2026-03-08,2026-03-26,25.85,25.62,25.97,GRU-15
527798,2026-03-08,2026-03-27,25.86,25.63,25.98,GRU-15
527798,2026-03-08,2026-03-28,25.9,25.72,25.98,GRU-15
527798,2026-03-08,2026-03-29,25.92,25.73,25.99,GRU-15
527798,2026-03-08,2026-03-30,25.93,25.78,25.99,GRU-15
527798,2026-03-08,2026-03-31,25.94,25.79,26.0,GRU-15
527798,2026-03-08,2026-04-01,25.95,25.82,26.0,GRU-15
527798,2026-03-08,2026-04-02,25.96,25.82,26.0,GRU-15
527798,2026-03-08,2026-04-03,25.96,25.84,26.0,GRU-15
527798,2026-03-08,2026-04-04,25.97,25.86,26.0,GRU-15
527798,2026-03-08,2026-04-05,25.97,25.89,26.0,GRU-15
527798,2026-03-08,2026-04-06,25.97,25.85,26.0,GRU-15
527798,2026-03-08,2026-04-07,25.98,25.9,26.0,GRU-15
527799,2026-03-08,2026-03-09,68.19,68.17,68.22,GRU-15
527799,2026-03-08,2026-03-10,68.18,68.14,68.24,GRU-15
527799,2026-03-08,2026-03-11,68.16,68.11,68.25,GRU-15
527799,2026-03-08,2026-03-12,68.15,68.08,68.25,GRU-15
527799,2026-03-08,2026-03-13,68.13,68.05,68.26,GRU-15
527799,2026-03-08,2026-03-14,68.11,68.01,68.26,GRU-15
527799,2026-03-08,2026-03-15,68.09,67.96,68.26,GRU-15
527799,2026-03-08,2026-03-16,68.06,67.9,68.25,GRU-15
527799,2026-03-08,2026-03-17,68.05,67.86,68.24,GRU-15
527799,2026-03-08,2026-03-18,68.04,67.82,68.24,GRU-15
527799,2026-03-08,2026-03-19,68.01,67.75,68.24,GRU-15
527799,2026-03-08,2026-03-20,67.95,67.64,68.24,GRU-15
527799,2026-03-08,2026-03-21,67.93,67.56,68.24,GRU-15
527799,2026-03-08,2026-03-22,67.85,67.44,68.2,GRU-15
527799,2026-03-08,2026-03-23,67.77,67.33,68.2,GRU-15
527799,2026-03-08,2026-03-24,67.68,67.23,68.16,GRU-15
527799,2026-03-08,2026-03-25,67.57,67.13,68.12,GRU-15
527799,2026-03-08,2026-03-26,67.44,67.06,68.07,GRU-15
527799,2026-03-08,2026-03-27,67.27,66.99,67.91,GRU-15
527799,2026-03-08,2026-03-28,67.28,66.97,67.92,GRU-15
527799,2026-03-08,2026-03-29,67.23,66.96,68.0,GRU-15
527799,2026-03-08,2026-03-30,67.16,66.94,67.93,GRU-15
527799,2026-03-08,2026-03-31,67.11,66.93,67.86,GRU-15
527799,2026-03-08,2026-04-01,67.08,66.93,67.8,GRU-15
527799,2026-03-08,2026-04-02,67.06,66.92,67.76,GRU-15
527799,2026-03-08,2026-04-03,67.01,66.92,67.66,GRU-15
527799,2026-03-08,2026-04-04,66.99,66.92,67.73,GRU-15
527799,2026-03-08,2026-04-05,66.99,66.92,67.63,GRU-15
527799,2026-03-08,2026-04-06,66.99,66.92,67.7,GRU-15
527799,2026-03-08,2026-04-07,66.97,66.92,67.48,GRU-15
527800,2026-03-08,2026-03-09,35.24,35.22,35.28,GRU-15
527800,2026-03-08,2026-03-10,35.27,35.22,35.35,GRU-15
527800,2026-03-08,2026-03-11,35.29,35.22,35.4,GRU-15
527800,2026-03-08,2026-03-12,35.3,35.2,35.43,GRU-15
527800,2026-03-08,2026-03-13,35.31,35.2,35.46,GRU-15
527800,2026-03-08,2026-03-14,35.34,35.2,35.51,GRU-15
527800,2026-03-08,2026-03-15,35.35,35.2,35.56,GRU-15
527800,2026-03-08,2026-03-16,35.38,35.22,35.61,GRU-15
527800,2026-03-08,2026-03-17,35.41,35.22,35.65,GRU-15
527800,2026-03-08,2026-03-18,35.45,35.24,35.69,GRU-15
527800,2026-03-08,2026-03-19,35.48,35.24,35.75,GRU-15
527800,2026-03-08,2026-03-20,35.5,35.26,35.77,GRU-15
527800,2026-03-08,2026-03-21,35.54,35.31,35.84,GRU-15
527800,2026-03-08,2026-03-22,35.58,35.32,35.9,GRU-15
527800,2026-03-08,2026-03-23,35.62,35.34,35.95,GRU-15
527800,2026-03-08,2026-03-24,35.66,35.36,36.0,GRU-15
527800,2026-03-08,2026-03-25,35.67,35.34,36.03,GRU-15
527800,2026-03-08,2026-03-26,35.72,35.42,36.1,GRU-15
527800,2026-03-08,2026-03-27,35.73,35.4,36.12,GRU-15
527800,2026-03-08,2026-03-28,35.81,35.5,36.18,GRU-15
527800,2026-03-08,2026-03-29,35.83,35.44,36.22,GRU-15
527800,2026-03-08,2026-03-30,35.85,35.44,36.24,GRU-15
527800,2026-03-08,2026-03-31,35.82,35.47,36.27,GRU-15
527800,2026-03-08,2026-04-01,35.89,35.52,36.26,GRU-15
527800,2026-03-08,2026-04-02,35.96,35.56,36.31,GRU-15
527800,2026-03-08,2026-04-03,35.93,35.57,36.34,GRU-15
527800,2026-03-08,2026-04-04,35.96,35.54,36.37,GRU-15
527800,2026-03-08,2026-04-05,35.96,35.55,36.3,GRU-15
527800,2026-03-08,2026-04-06,35.96,35.57,36.4,GRU-15
527800,2026-03-08,2026-04-07,35.99,35.59,36.38,GRU-15
527802,2026-03-08,2026-03-09,148.01,147.78,148.32,GRU-15
527802,2026-03-08,2026-03-10,148.29,147.83,148.83,GRU-15
527802,2026-03-08,2026-03-11,148.48,147.81,149.16,GRU-15
527802,2026-03-08,2026-03-12,148.74,147.73,149.57,GRU-15
527802,2026-03-08,2026-03-13,149.01,147.87,150.09,GRU-15
527802,2026-03-08,2026-03-14,149.44,147.93,150.64,GRU-15
527802,2026-03-08,2026-03-15,149.64,147.87,150.91,GRU-15
527802,2026-03-08,2026-03-16,150.09,148.29,151.57,GRU-15
527802,2026-03-08,2026-03-17,150.33,148.32,152.25,GRU-15
527802,2026-03-08,2026-03-18,150.91,148.53,153.16,GRU-15
527802,2026-03-08,2026-03-19,151.0,148.82,153.38,GRU-15
527802,2026-03-08,2026-03-20,151.43,149.2,154.08,GRU-15
527802,2026-03-08,2026-03-21,151.81,149.42,154.86,GRU-15
527802,2026-03-08,2026-03-22,152.53,149.68,155.57,GRU-15
527802,2026-03-08,2026-03-23,152.97,149.93,155.72,GRU-15
527802,2026-03-08,2026-03-24,153.64,150.14,156.37,GRU-15
527802,2026-03-08,2026-03-25,153.88,150.77,156.62,GRU-15
527802,2026-03-08,2026-03-26,154.43,151.01,157.09,GRU-15
527802,2026-03-08,2026-03-27,154.47,151.13,157.27,GRU-15
527802,2026-03-08,2026-03-28,155.15,151.97,157.66,GRU-15
527802,2026-03-08,2026-03-29,155.08,151.46,157.67,GRU-15
527802,2026-03-08,2026-03-30,155.68,151.74,157.89,GRU-15
527802,2026-03-08,2026-03-31,155.48,151.85,157.87,GRU-15
527802,2026-03-08,2026-04-01,156.0,152.71,158.04,GRU-15
527802,2026-03-08,2026-04-02,156.12,152.86,158.13,GRU-15
527802,2026-03-08,2026-04-03,156.53,153.16,158.29,GRU-15
527802,2026-03-08,2026-04-04,156.6,153.78,158.29,GRU-15
527802,2026-03-08,2026-04-05,156.37,153.31,158.26,GRU-15
527802,2026-03-08,2026-04-06,156.57,153.38,158.34,GRU-15
527802,2026-03-08,2026-04-07,156.87,154.07,158.47,GRU-15
528107,2026-03-08,2026-03-09,26.45,26.39,26.51,GRU-15
528107,2026-03-08,2026-03-10,26.54,26.44,26.65,GRU-15
528107,2026-03-08,2026-03-11,26.6,26.45,26.74,GRU-15
528107,2026-03-08,2026-03-12,26.68,26.49,26.85,GRU-15
528107,2026-03-08,2026-03-13,26.78,26.56,27.0,GRU-15
528107,2026-03-08,2026-03-14,26.87,26.59,27.12,GRU-15
528107,2026-03-08,2026-03-15,26.94,26.65,27.21,GRU-15
528107,2026-03-08,2026-03-16,27.06,26.71,27.35,GRU-15
528107,2026-03-08,2026-03-17,27.17,26.79,27.45,GRU-15
528107,2026-03-08,2026-03-18,27.31,26.89,27.6,GRU-15
528107,2026-03-08,2026-03-19,27.35,26.94,27.67,GRU-15
528107,2026-03-08,2026-03-20,27.48,27.04,27.75,GRU-15
528107,2026-03-08,2026-03-21,27.57,27.18,27.79,GRU-15
528107,2026-03-08,2026-03-22,27.66,27.27,27.83,GRU-15
528107,2026-03-08,2026-03-23,27.7,27.35,27.86,GRU-15
528107,2026-03-08,2026-03-24,27.74,27.43,27.88,GRU-15
528107,2026-03-08,2026-03-25,27.79,27.49,27.9,GRU-15
528107,2026-03-08,2026-03-26,27.81,27.54,27.91,GRU-15
528107,2026-03-08,2026-03-27,27.84,27.59,27.91,GRU-15
528107,2026-03-08,2026-03-28,27.86,27.62,27.92,GRU-15
528107,2026-03-08,2026-03-29,27.87,27.65,27.92,GRU-15
528107,2026-03-08,2026-03-30,27.89,27.71,27.93,GRU-15
528107,2026-03-08,2026-03-31,27.89,27.68,27.93,GRU-15
528107,2026-03-08,2026-04-01,27.9,27.72,27.93,GRU-15
528107,2026-03-08,2026-04-02,27.89,27.74,27.93,GRU-15
528107,2026-03-08,2026-04-03,27.9,27.77,27.93,GRU-15
528107,2026-03-08,2026-04-04,27.91,27.77,27.93,GRU-15
528107,2026-03-08,2026-04-05,27.91,27.78,27.93,GRU-15
528107,2026-03-08,2026-04-06,27.91,27.76,27.93,GRU-15
528107,2026-03-08,2026-04-07,27.92,27.8,27.93,GRU-15
528108,2026-03-08,2026-03-09,24.69,24.67,24.72,GRU-15
528108,2026-03-08,2026-03-10,24.65,24.62,24.7,GRU-15
528108,2026-03-08,2026-03-11,24.61,24.55,24.67,GRU-15
528108,2026-03-08,2026-03-12,24.56,24.49,24.64,GRU-15
528108,2026-03-08,2026-03-13,24.52,24.43,24.62,GRU-15
528108,2026-03-08,2026-03-14,24.48,24.38,24.6,GRU-15
528108,2026-03-08,2026-03-15,24.43,24.33,24.58,GRU-15
528108,2026-03-08,2026-03-16,24.4,24.28,24.56,GRU-15
528108,2026-03-08,2026-03-17,24.35,24.23,24.55,GRU-15
528108,2026-03-08,2026-03-18,24.31,24.19,24.54,GRU-15
528108,2026-03-08,2026-03-19,24.27,24.14,24.52,GRU-15
528108,2026-03-08,2026-03-20,24.24,24.07,24.53,GRU-15
528108,2026-03-08,2026-03-21,24.19,24.01,24.5,GRU-15
528108,2026-03-08,2026-03-22,24.16,23.96,24.5,GRU-15
528108,2026-03-08,2026-03-23,24.13,23.94,24.45,GRU-15
528108,2026-03-08,2026-03-24,24.12,23.93,24.45,GRU-15
528108,2026-03-08,2026-03-25,24.07,23.89,24.4,GRU-15
528108,2026-03-08,2026-03-26,24.14,23.87,24.4,GRU-15
528108,2026-03-08,2026-03-27,24.07,23.86,24.39,GRU-15
528108,2026-03-08,2026-03-28,24.07,23.87,24.37,GRU-15
528108,2026-03-08,2026-03-29,23.99,23.8,24.31,GRU-15
528108,2026-03-08,2026-03-30,24.01,23.79,24.31,GRU-15
528108,2026-03-08,2026-03-31,23.97,23.75,24.28,GRU-15
528108,2026-03-08,2026-04-01,24.02,23.83,24.31,GRU-15
528108,2026-03-08,2026-04-02,23.96,23.77,24.32,GRU-15
528108,2026-03-08,2026-04-03,23.99,23.76,24.23,GRU-15
528108,2026-03-08,2026-04-04,23.97,23.75,24.32,GRU-15
528108,2026-03-08,2026-04-05,23.94,23.78,24.34,GRU-15
528108,2026-03-08,2026-04-06,23.92,23.74,24.23,GRU-15
528108,2026-03-08,2026-04-07,23.93,23.75,24.22,GRU-15
528109,2026-03-08,2026-03-09,26.57,26.4,26.74,GRU-15
528109,2026-03-08,2026-03-10,26.89,26.65,27.22,GRU-15
528109,2026-03-08,2026-03-11,27.12,26.77,27.54,GRU-15
528109,2026-03-08,2026-03-12,27.36,26.96,27.83,GRU-15
528109,2026-03-08,2026-03-13,27.66,27.11,28.15,GRU-15
528109,2026-03-08,2026-03-14,27.91,27.3,28.47,GRU-15
528109,2026-03-08,2026-03-15,28.13,27.58,28.67,GRU-15
528109,2026-03-08,2026-03-16,28.41,27.76,28.89,GRU-15
528109,2026-03-08,2026-03-17,28.64,28.07,29.06,GRU-15
528109,2026-03-08,2026-03-18,28.9,28.34,29.23,GRU-15
528109,2026-03-08,2026-03-19,28.97,28.45,29.31,GRU-15
528109,2026-03-08,2026-03-20,29.12,28.68,29.37,GRU-15
528109,2026-03-08,2026-03-21,29.25,28.89,29.42,GRU-15
528109,2026-03-08,2026-03-22,29.34,29.04,29.44,GRU-15
528109,2026-03-08,2026-03-23,29.39,29.15,29.47,GRU-15
528109,2026-03-08,2026-03-24,29.42,29.19,29.48,GRU-15
528109,2026-03-08,2026-03-25,29.45,29.25,29.48,GRU-15
528109,2026-03-08,2026-03-26,29.46,29.3,29.49,GRU-15
528109,2026-03-08,2026-03-27,29.47,29.34,29.49,GRU-15
528109,2026-03-08,2026-03-28,29.47,29.35,29.49,GRU-15
528109,2026-03-08,2026-03-29,29.48,29.41,29.49,GRU-15
528109,2026-03-08,2026-03-30,29.48,29.44,29.49,GRU-15
528109,2026-03-08,2026-03-31,29.48,29.44,29.49,GRU-15
528109,2026-03-08,2026-04-01,29.49,29.45,29.49,GRU-15
528109,2026-03-08,2026-04-02,29.49,29.45,29.49,GRU-15
528109,2026-03-08,2026-04-03,29.49,29.44,29.49,GRU-15
528109,2026-03-08,2026-04-04,29.49,29.47,29.49,GRU-15
528109,2026-03-08,2026-04-05,29.49,29.46,29.49,GRU-15
528109,2026-03-08,2026-04-06,29.49,29.46,29.49,GRU-15
528109,2026-03-08,2026-04-07,29.49,29.47,29.49,GRU-15
528110,2026-03-08,2026-03-09,45.14,45.12,45.16,GRU-15
528110,2026-03-08,2026-03-10,45.16,45.14,45.18,GRU-15
528110,2026-03-08,2026-03-11,45.17,45.13,45.2,GRU-15
528110,2026-03-08,2026-03-12,45.19,45.14,45.23,GRU-15
528110,2026-03-08,2026-03-13,45.21,45.14,45.26,GRU-15
528110,2026-03-08,2026-03-14,45.22,45.15,45.29,GRU-15
528110,2026-03-08,2026-03-15,45.25,45.16,45.32,GRU-15
528110,2026-03-08,2026-03-16,45.27,45.18,45.35,GRU-15
528110,2026-03-08,2026-03-17,45.3,45.19,45.37,GRU-15
528110,2026-03-08,2026-03-18,45.31,45.19,45.4,GRU-15
528110,2026-03-08,2026-03-19,45.34,45.19,45.41,GRU-15
528110,2026-03-08,2026-03-20,45.36,45.23,45.43,GRU-15
528110,2026-03-08,2026-03-21,45.39,45.26,45.45,GRU-15
528110,2026-03-08,2026-03-22,45.42,45.3,45.47,GRU-15
528110,2026-03-08,2026-03-23,45.43,45.33,45.48,GRU-15
528110,2026-03-08,2026-03-24,45.44,45.31,45.48,GRU-15
528110,2026-03-08,2026-03-25,45.46,45.33,45.49,GRU-15
528110,2026-03-08,2026-03-26,45.46,45.35,45.49,GRU-15
528110,2026-03-08,2026-03-27,45.47,45.34,45.49,GRU-15
528110,2026-03-08,2026-03-28,45.48,45.39,45.49,GRU-15
528110,2026-03-08,2026-03-29,45.47,45.39,45.49,GRU-15
528110,2026-03-08,2026-03-30,45.48,45.41,45.49,GRU-15
528110,2026-03-08,2026-03-31,45.48,45.4,45.49,GRU-15
528110,2026-03-08,2026-04-01,45.49,45.44,45.5,GRU-15
528110,2026-03-08,2026-04-02,45.49,45.44,45.5,GRU-15
528110,2026-03-08,2026-04-03,45.49,45.43,45.5,GRU-15
528110,2026-03-08,2026-04-04,45.49,45.44,45.5,GRU-15
528110,2026-03-08,2026-04-05,45.49,45.46,45.5,GRU-15
528110,2026-03-08,2026-04-06,45.49,45.43,45.5,GRU-15
528110,2026-03-08,2026-04-07,45.49,45.45,45.5,GRU-15
528111,2026-03-08,2026-03-09,91.96,91.84,92.09,GRU-15
528111,2026-03-08,2026-03-10,91.8,91.6,91.99,GRU-15
528111,2026-03-08,2026-03-11,91.58,91.3,91.88,GRU-15
528111,2026-03-08,2026-03-12,91.38,90.98,91.77,GRU-15
528111,2026-03-08,2026-03-13,91.19,90.71,91.66,GRU-15
528111,2026-03-08,2026-03-14,91.01,90.52,91.6,GRU-15
528111,2026-03-08,2026-03-15,90.81,90.21,91.56,GRU-15
528111,2026-03-08,2026-03-16,90.64,89.98,91.46,GRU-15
528111,2026-03-08,2026-03-17,90.42,89.63,91.37,GRU-15
528111,2026-03-08,2026-03-18,90.26,89.37,91.29,GRU-15
528111,2026-03-08,2026-03-19,90.04,89.08,91.2,GRU-15
528111,2026-03-08,2026-03-20,89.79,88.68,91.12,GRU-15
528111,2026-03-08,2026-03-21,89.59,88.29,90.99,GRU-15
528111,2026-03-08,2026-03-22,89.41,88.07,90.83,GRU-15
528111,2026-03-08,2026-03-23,89.32,87.95,90.77,GRU-15
528111,2026-03-08,2026-03-24,89.17,87.88,90.67,GRU-15
528111,2026-03-08,2026-03-25,88.8,87.5,90.49,GRU-15
528111,2026-03-08,2026-03-26,88.7,87.57,90.53,GRU-15
528111,2026-03-08,2026-03-27,88.46,87.2,90.14,GRU-15
528111,2026-03-08,2026-03-28,88.69,87.32,90.52,GRU-15
528111,2026-03-08,2026-03-29,88.21,86.94,90.31,GRU-15
528111,2026-03-08,2026-03-30,88.41,87.03,90.14,GRU-15
528111,2026-03-08,2026-03-31,88.08,86.77,89.74,GRU-15
528111,2026-03-08,2026-04-01,88.3,86.99,90.03,GRU-15
528111,2026-03-08,2026-04-02,88.25,87.05,89.98,GRU-15
528111,2026-03-08,2026-04-03,88.05,86.86,89.81,GRU-15
528111,2026-03-08,2026-04-04,88.16,86.9,90.6,GRU-15
528111,2026-03-08,2026-04-05,88.16,86.83,90.18,GRU-15
528111,2026-03-08,2026-04-06,87.68,86.53,89.89,GRU-15
528111,2026-03-08,2026-04-07,87.75,86.66,89.65,GRU-15
528112,2026-03-08,2026-03-09,34.67,34.63,34.72,GRU-15
528112,2026-03-08,2026-03-10,34.74,34.67,34.81,GRU-15
528112,2026-03-08,2026-03-11,34.79,34.7,34.89,GRU-15
528112,2026-03-08,2026-03-12,34.84,34.73,34.97,GRU-15
528112,2026-03-08,2026-03-13,34.91,34.79,35.08,GRU-15
528112,2026-03-08,2026-03-14,34.97,34.83,35.17,GRU-15
528112,2026-03-08,2026-03-15,35.04,34.88,35.24,GRU-15
528112,2026-03-08,2026-03-16,35.12,34.88,35.33,GRU-15
528112,2026-03-08,2026-03-17,35.22,34.99,35.4,GRU-15
528112,2026-03-08,2026-03-18,35.33,35.02,35.53,GRU-15
528112,2026-03-08,2026-03-19,35.37,35.09,35.54,GRU-15
528112,2026-03-08,2026-03-20,35.46,35.18,35.61,GRU-15
528112,2026-03-08,2026-03-21,35.51,35.27,35.66,GRU-15
528112,2026-03-08,2026-03-22,35.57,35.39,35.68,GRU-15
528112,2026-03-08,2026-03-23,35.61,35.42,35.7,GRU-15
528112,2026-03-08,2026-03-24,35.64,35.43,35.72,GRU-15
528112,2026-03-08,2026-03-25,35.66,35.52,35.73,GRU-15
528112,2026-03-08,2026-03-26,35.67,35.5,35.73,GRU-15
528112,2026-03-08,2026-03-27,35.7,35.53,35.74,GRU-15
528112,2026-03-08,2026-03-28,35.7,35.58,35.74,GRU-15
528112,2026-03-08,2026-03-29,35.71,35.58,35.74,GRU-15
528112,2026-03-08,2026-03-30,35.72,35.61,35.74,GRU-15
528112,2026-03-08,2026-03-31,35.72,35.63,35.74,GRU-15
528112,2026-03-08,2026-04-01,35.72,35.65,35.74,GRU-15
528112,2026-03-08,2026-04-02,35.73,35.65,35.74,GRU-15
528112,2026-03-08,2026-04-03,35.73,35.64,35.74,GRU-15
528112,2026-03-08,2026-04-04,35.73,35.68,35.74,GRU-15
528112,2026-03-08,2026-04-05,35.73,35.68,35.74,GRU-15
528112,2026-03-08,2026-04-06,35.73,35.66,35.74,GRU-15
528112,2026-03-08,2026-04-07,35.73,35.68,35.74,GRU-15
528113,2026-03-08,2026-03-09,32.38,32.35,32.4,GRU-15
528113,2026-03-08,2026-03-10,32.34,32.29,32.38,GRU-15
528113,2026-03-08,2026-03-11,32.3,32.22,32.35,GRU-15
528113,2026-03-08,2026-03-12,32.25,32.14,32.33,GRU-15
528113,2026-03-08,2026-03-13,32.22,32.09,32.32,GRU-15
528113,2026-03-08,2026-03-14,32.18,32.03,32.3,GRU-15
528113,2026-03-08,2026-03-15,32.15,31.97,32.29,GRU-15
528113,2026-03-08,2026-03-16,32.12,31.91,32.28,GRU-15
528113,2026-03-08,2026-03-17,32.07,31.85,32.27,GRU-15
528113,2026-03-08,2026-03-18,32.04,31.8,32.26,GRU-15
528113,2026-03-08,2026-03-19,32.0,31.75,32.26,GRU-15
528113,2026-03-08,2026-03-20,32.0,31.71,32.3,GRU-15
528113,2026-03-08,2026-03-21,31.93,31.63,32.28,GRU-15
528113,2026-03-08,2026-03-22,31.95,31.6,32.33,GRU-15
528113,2026-03-08,2026-03-23,31.92,31.56,32.3,GRU-15
528113,2026-03-08,2026-03-24,31.92,31.55,32.28,GRU-15
528113,2026-03-08,2026-03-25,31.82,31.46,32.27,GRU-15
528113,2026-03-08,2026-03-26,31.81,31.47,32.23,GRU-15
528113,2026-03-08,2026-03-27,31.77,31.41,32.34,GRU-15
528113,2026-03-08,2026-03-28,31.86,31.49,32.3,GRU-15
528113,2026-03-08,2026-03-29,31.71,31.33,32.21,GRU-15
528113,2026-03-08,2026-03-30,31.78,31.39,32.2,GRU-15
528113,2026-03-08,2026-03-31,31.67,31.32,32.19,GRU-15
528113,2026-03-08,2026-04-01,31.76,31.41,32.2,GRU-15
528113,2026-03-08,2026-04-02,31.79,31.36,32.29,GRU-15
528113,2026-03-08,2026-04-03,31.75,31.35,32.27,GRU-15
528113,2026-03-08,2026-04-04,31.76,31.37,32.19,GRU-15
528113,2026-03-08,2026-04-05,31.77,31.35,32.29,GRU-15
528113,2026-03-08,2026-04-06,31.63,31.25,32.14,GRU-15
528113,2026-03-08,2026-04-07,31.71,31.3,32.2,GRU-15
539156,2026-03-08,2026-03-09,50.37,50.33,50.4,GRU-15
539156,2026-03-08,2026-03-10,50.29,50.22,50.35,GRU-15
539156,2026-03-08,2026-03-11,50.21,50.11,50.29,GRU-15
539156,2026-03-08,2026-03-12,50.13,50.0,50.23,GRU-15
539156,2026-03-08,2026-03-13,50.05,49.89,50.18,GRU-15
539156,2026-03-08,2026-03-14,49.96,49.79,50.12,GRU-15
539156,2026-03-08,2026-03-15,49.84,49.64,50.04,GRU-15
539156,2026-03-08,2026-03-16,49.74,49.51,49.97,GRU-15
539156,2026-03-08,2026-03-17,49.61,49.36,49.88,GRU-15
539156,2026-03-08,2026-03-18,49.49,49.22,49.81,GRU-15
539156,2026-03-08,2026-03-19,49.36,49.08,49.69,GRU-15
539156,2026-03-08,2026-03-20,49.21,48.89,49.56,GRU-15
539156,2026-03-08,2026-03-21,49.02,48.7,49.42,GRU-15
539156,2026-03-08,2026-03-22,48.84,48.55,49.28,GRU-15
539156,2026-03-08,2026-03-23,48.77,48.51,49.15,GRU-15
539156,2026-03-08,2026-03-24,48.67,48.46,49.04,GRU-15
539156,2026-03-08,2026-03-25,48.58,48.39,48.93,GRU-15
539156,2026-03-08,2026-03-26,48.56,48.38,48.89,GRU-15
539156,2026-03-08,2026-03-27,48.57,48.39,48.87,GRU-15
539156,2026-03-08,2026-03-28,48.42,48.32,48.65,GRU-15
539156,2026-03-08,2026-03-29,48.41,48.31,48.62,GRU-15
539156,2026-03-08,2026-03-30,48.37,48.3,48.59,GRU-15
539156,2026-03-08,2026-03-31,48.37,48.3,48.55,GRU-15
539156,2026-03-08,2026-04-01,48.4,48.31,48.6,GRU-15
539156,2026-03-08,2026-04-02,48.35,48.3,48.53,GRU-15
539156,2026-03-08,2026-04-03,48.33,48.29,48.44,GRU-15
539156,2026-03-08,2026-04-04,48.37,48.3,48.58,GRU-15
539156,2026-03-08,2026-04-05,48.32,48.29,48.41,GRU-15
539156,2026-03-08,2026-04-06,48.35,48.29,48.47,GRU-15
539156,2026-03-08,2026-04-07,48.31,48.29,48.43,GRU-15
539157,2026-03-08,2026-03-09,20.36,20.34,20.37,GRU-15
539157,2026-03-08,2026-03-10,20.38,20.35,20.4,GRU-15
539157,2026-03-08,2026-03-11,20.39,20.35,20.43,GRU-15
539157,2026-03-08,2026-03-12,20.41,20.36,20.46,GRU-15
539157,2026-03-08,2026-03-13,20.43,20.37,20.49,GRU-15
539157,2026-03-08,2026-03-14,20.46,20.38,20.54,GRU-15
539157,2026-03-08,2026-03-15,20.47,20.39,20.55,GRU-15
539157,2026-03-08,2026-03-16,20.49,20.4,20.58,GRU-15
539157,2026-03-08,2026-03-17,20.5,20.41,20.58,GRU-15
539157,2026-03-08,2026-03-18,20.52,20.42,20.61,GRU-15
539157,2026-03-08,2026-03-19,20.53,20.43,20.62,GRU-15
539157,2026-03-08,2026-03-20,20.55,20.45,20.63,GRU-15
539157,2026-03-08,2026-03-21,20.57,20.47,20.65,GRU-15
539157,2026-03-08,2026-03-22,20.58,20.49,20.66,GRU-15
539157,2026-03-08,2026-03-23,20.61,20.51,20.7,GRU-15
539157,2026-03-08,2026-03-24,20.63,20.53,20.72,GRU-15
539157,2026-03-08,2026-03-25,20.63,20.53,20.72,GRU-15
539157,2026-03-08,2026-03-26,20.64,20.54,20.73,GRU-15
539157,2026-03-08,2026-03-27,20.63,20.53,20.72,GRU-15
539157,2026-03-08,2026-03-28,20.67,20.58,20.75,GRU-15
539157,2026-03-08,2026-03-29,20.69,20.58,20.78,GRU-15
539157,2026-03-08,2026-03-30,20.69,20.58,20.78,GRU-15
539157,2026-03-08,2026-03-31,20.71,20.59,20.78,GRU-15
539157,2026-03-08,2026-04-01,20.73,20.62,20.81,GRU-15
539157,2026-03-08,2026-04-02,20.75,20.63,20.83,GRU-15
539157,2026-03-08,2026-04-03,20.75,20.64,20.82,GRU-15
539157,2026-03-08,2026-04-04,20.78,20.64,20.85,GRU-15
539157,2026-03-08,2026-04-05,20.76,20.64,20.82,GRU-15
539157,2026-03-08,2026-04-06,20.77,20.64,20.84,GRU-15
539157,2026-03-08,2026-04-07,20.79,20.67,20.85,GRU-15
539158,2026-03-08,2026-03-09,46.14,46.05,46.25,GRU-15
539158,2026-03-08,2026-03-10,46.23,46.05,46.44,GRU-15
539158,2026-03-08,2026-03-11,46.32,46.04,46.63,GRU-15
539158,2026-03-08,2026-03-12,46.41,46.06,46.83,GRU-15
539158,2026-03-08,2026-03-13,46.53,46.1,47.01,GRU-15
539158,2026-03-08,2026-03-14,46.68,46.16,47.28,GRU-15
539158,2026-03-08,2026-03-15,46.77,46.19,47.38,GRU-15
539158,2026-03-08,2026-03-16,46.87,46.22,47.53,GRU-15
539158,2026-03-08,2026-03-17,46.93,46.3,47.6,GRU-15
539158,2026-03-08,2026-03-18,47.03,46.38,47.79,GRU-15
539158,2026-03-08,2026-03-19,47.16,46.42,47.95,GRU-15
539158,2026-03-08,2026-03-20,47.26,46.57,47.99,GRU-15
539158,2026-03-08,2026-03-21,47.44,46.74,48.19,GRU-15
539158,2026-03-08,2026-03-22,47.54,46.8,48.19,GRU-15
539158,2026-03-08,2026-03-23,47.76,46.98,48.5,GRU-15
539158,2026-03-08,2026-03-24,47.86,47.02,48.7,GRU-15
539158,2026-03-08,2026-03-25,47.99,47.24,48.78,GRU-15
539158,2026-03-08,2026-03-26,47.89,47.05,48.64,GRU-15
539158,2026-03-08,2026-03-27,47.91,47.07,48.64,GRU-15
539158,2026-03-08,2026-03-28,48.06,47.17,48.89,GRU-15
539158,2026-03-08,2026-03-29,48.43,47.52,49.22,GRU-15
539158,2026-03-08,2026-03-30,48.34,47.55,49.15,GRU-15
539158,2026-03-08,2026-03-31,48.38,47.54,49.19,GRU-15
539158,2026-03-08,2026-04-01,48.53,47.63,49.33,GRU-15
539158,2026-03-08,2026-04-02,48.74,47.86,49.56,GRU-15
539158,2026-03-08,2026-04-03,48.69,47.83,49.37,GRU-15
539158,2026-03-08,2026-04-04,48.86,47.85,49.77,GRU-15
539158,2026-03-08,2026-04-05,48.82,47.9,49.58,GRU-15
539158,2026-03-08,2026-04-06,48.84,47.77,49.68,GRU-15
539158,2026-03-08,2026-04-07,48.98,48.04,49.79,GRU-15
539159,2026-03-08,2026-03-09,37.38,37.38,37.39,GRU-15
539159,2026-03-08,2026-03-10,37.36,37.36,37.37,GRU-15
539159,2026-03-08,2026-03-11,37.35,37.34,37.36,GRU-15
539159,2026-03-08,2026-03-12,37.33,37.32,37.35,GRU-15
539159,2026-03-08,2026-03-13,37.31,37.3,37.34,GRU-15
539159,2026-03-08,2026-03-14,37.29,37.27,37.32,GRU-15
539159,2026-03-08,2026-03-15,37.27,37.25,37.3,GRU-15
539159,2026-03-08,2026-03-16,37.25,37.22,37.28,GRU-15
539159,2026-03-08,2026-03-17,37.23,37.2,37.26,GRU-15
539159,2026-03-08,2026-03-18,37.21,37.18,37.24,GRU-15
539159,2026-03-08,2026-03-19,37.18,37.16,37.21,GRU-15
539159,2026-03-08,2026-03-20,37.16,37.14,37.19,GRU-15
539159,2026-03-08,2026-03-21,37.14,37.13,37.17,GRU-15
539159,2026-03-08,2026-03-22,37.13,37.12,37.15,GRU-15
539159,2026-03-08,2026-03-23,37.13,37.12,37.14,GRU-15
539159,2026-03-08,2026-03-24,37.12,37.12,37.13,GRU-15
539159,2026-03-08,2026-03-25,37.12,37.12,37.13,GRU-15
539159,2026-03-08,2026-03-26,37.12,37.12,37.12,GRU-15
539159,2026-03-08,2026-03-27,37.12,37.12,37.12,GRU-15
539159,2026-03-08,2026-03-28,37.12,37.12,37.12,GRU-15
539159,2026-03-08,2026-03-29,37.12,37.12,37.12,GRU-15
539159,2026-03-08,2026-03-30,37.12,37.12,37.12,GRU-15
539159,2026-03-08,2026-03-31,37.12,37.12,37.12,GRU-15
539159,2026-03-08,2026-04-01,37.12,37.12,37.12,GRU-15
539159,2026-03-08,2026-04-02,37.12,37.12,37.12,GRU-15
539159,2026-03-08,2026-04-03,37.12,37.12,37.12,GRU-15
539159,2026-03-08,2026-04-04,37.12,37.12,37.12,GRU-15
539159,2026-03-08,2026-04-05,37.12,37.12,37.12,GRU-15
539159,2026-03-08,2026-04-06,37.12,37.12,37.12,GRU-15
539159,2026-03-08,2026-04-07,37.12,37.12,37.12,GRU-15
539162,2026-03-08,2026-03-09,32.1,32.1,32.11,GRU-15
539162,2026-03-08,2026-03-10,32.11,32.09,32.12,GRU-15
539162,2026-03-08,2026-03-11,32.11,32.09,32.12,GRU-15
539162,2026-03-08,2026-03-12,32.11,32.09,32.13,GRU-15
539162,2026-03-08,2026-03-13,32.11,32.08,32.13,GRU-15
539162,2026-03-08,2026-03-14,32.11,32.07,32.14,GRU-15
539162,2026-03-08,2026-03-15,32.11,32.07,32.14,GRU-15
539162,2026-03-08,2026-03-16,32.11,32.06,32.15,GRU-15
539162,2026-03-08,2026-03-17,32.12,32.07,32.15,GRU-15
539162,2026-03-08,2026-03-18,32.12,32.07,32.16,GRU-15
539162,2026-03-08,2026-03-19,32.13,32.08,32.16,GRU-15
539162,2026-03-08,2026-03-20,32.13,32.08,32.17,GRU-15
539162,2026-03-08,2026-03-21,32.13,32.08,32.17,GRU-15
539162,2026-03-08,2026-03-22,32.13,32.09,32.17,GRU-15
539162,2026-03-08,2026-03-23,32.14,32.09,32.18,GRU-15
539162,2026-03-08,2026-03-24,32.14,32.08,32.18,GRU-15
539162,2026-03-08,2026-03-25,32.14,32.09,32.18,GRU-15
539162,2026-03-08,2026-03-26,32.14,32.09,32.19,GRU-15
539162,2026-03-08,2026-03-27,32.14,32.09,32.19,GRU-15
539162,2026-03-08,2026-03-28,32.14,32.08,32.18,GRU-15
539162,2026-03-08,2026-03-29,32.14,32.07,32.19,GRU-15
539162,2026-03-08,2026-03-30,32.14,32.07,32.18,GRU-15
539162,2026-03-08,2026-03-31,32.13,32.06,32.19,GRU-15
539162,2026-03-08,2026-04-01,32.14,32.06,32.19,GRU-15
539162,2026-03-08,2026-04-02,32.14,32.06,32.21,GRU-15
539162,2026-03-08,2026-04-03,32.13,32.06,32.19,GRU-15
539162,2026-03-08,2026-04-04,32.13,32.04,32.21,GRU-15
539162,2026-03-08,2026-04-05,32.13,32.06,32.2,GRU-15
539162,2026-03-08,2026-04-06,32.14,32.06,32.22,GRU-15
539162,2026-03-08,2026-04-07,32.12,32.03,32.21,GRU-15
539163,2026-03-08,2026-03-09,64.74,64.71,64.78,GRU-15
539163,2026-03-08,2026-03-10,64.74,64.68,64.81,GRU-15
539163,2026-03-08,2026-03-11,64.73,64.65,64.83,GRU-15
539163,2026-03-08,2026-03-12,64.72,64.62,64.85,GRU-15
539163,2026-03-08,2026-03-13,64.72,64.6,64.87,GRU-15
539163,2026-03-08,2026-03-14,64.71,64.57,64.91,GRU-15
539163,2026-03-08,2026-03-15,64.71,64.55,64.92,GRU-15
539163,2026-03-08,2026-03-16,64.71,64.53,64.95,GRU-15
539163,2026-03-08,2026-03-17,64.71,64.51,64.96,GRU-15
539163,2026-03-08,2026-03-18,64.72,64.49,64.98,GRU-15
539163,2026-03-08,2026-03-19,64.72,64.48,65.01,GRU-15
539163,2026-03-08,2026-03-20,64.71,64.45,65.03,GRU-15
539163,2026-03-08,2026-03-21,64.7,64.42,65.05,GRU-15
539163,2026-03-08,2026-03-22,64.7,64.42,65.03,GRU-15
539163,2026-03-08,2026-03-23,64.71,64.4,65.08,GRU-15
539163,2026-03-08,2026-03-24,64.73,64.43,65.12,GRU-15
539163,2026-03-08,2026-03-25,64.73,64.41,65.13,GRU-15
539163,2026-03-08,2026-03-26,64.77,64.46,65.13,GRU-15
539163,2026-03-08,2026-03-27,64.74,64.43,65.12,GRU-15
539163,2026-03-08,2026-03-28,64.78,64.48,65.21,GRU-15
539163,2026-03-08,2026-03-29,64.76,64.39,65.24,GRU-15
539163,2026-03-08,2026-03-30,64.77,64.4,65.19,GRU-15
539163,2026-03-08,2026-03-31,64.74,64.35,65.2,GRU-15
539163,2026-03-08,2026-04-01,64.88,64.5,65.37,GRU-15
539163,2026-03-08,2026-04-02,64.84,64.4,65.42,GRU-15
539163,2026-03-08,2026-04-03,64.85,64.46,65.31,GRU-15
539163,2026-03-08,2026-04-04,64.91,64.44,65.44,GRU-15
539163,2026-03-08,2026-04-05,64.81,64.41,65.33,GRU-15
539163,2026-03-08,2026-04-06,64.84,64.42,65.34,GRU-15
539163,2026-03-08,2026-04-07,64.89,64.42,65.39,GRU-15
539164,2026-03-08,2026-03-09,62.84,62.74,62.94,GRU-15
539164,2026-03-08,2026-03-10,62.87,62.66,63.07,GRU-15
539164,2026-03-08,2026-03-11,62.86,62.57,63.17,GRU-15
539164,2026-03-08,2026-03-12,62.88,62.51,63.23,GRU-15
539164,2026-03-08,2026-03-13,62.86,62.45,63.3,GRU-15
539164,2026-03-08,2026-03-14,62.9,62.36,63.45,GRU-15
539164,2026-03-08,2026-03-15,62.9,62.36,63.48,GRU-15
539164,2026-03-08,2026-03-16,62.9,62.28,63.58,GRU-15
539164,2026-03-08,2026-03-17,62.94,62.3,63.62,GRU-15
539164,2026-03-08,2026-03-18,62.97,62.26,63.67,GRU-15
539164,2026-03-08,2026-03-19,63.03,62.22,63.77,GRU-15
539164,2026-03-08,2026-03-20,63.06,62.18,63.82,GRU-15
539164,2026-03-08,2026-03-21,63.11,62.16,63.9,GRU-15
539164,2026-03-08,2026-03-22,63.09,62.2,63.95,GRU-15
539164,2026-03-08,2026-03-23,63.21,62.2,64.01,GRU-15
539164,2026-03-08,2026-03-24,63.25,62.19,64.19,GRU-15
539164,2026-03-08,2026-03-25,63.33,62.18,64.27,GRU-15
539164,2026-03-08,2026-03-26,63.41,62.38,64.28,GRU-15
539164,2026-03-08,2026-03-27,63.27,62.16,64.32,GRU-15
539164,2026-03-08,2026-03-28,63.44,62.47,64.46,GRU-15
539164,2026-03-08,2026-03-29,63.49,62.2,64.68,GRU-15
539164,2026-03-08,2026-03-30,63.52,62.01,64.48,GRU-15
539164,2026-03-08,2026-03-31,63.48,62.16,64.64,GRU-15
539164,2026-03-08,2026-04-01,63.8,62.38,64.9,GRU-15
539164,2026-03-08,2026-04-02,63.78,62.22,65.05,GRU-15
539164,2026-03-08,2026-04-03,63.8,62.48,64.85,GRU-15
539164,2026-03-08,2026-04-04,64.02,62.35,65.25,GRU-15
539164,2026-03-08,2026-04-05,63.7,62.36,64.89,GRU-15
539164,2026-03-08,2026-04-06,63.82,62.26,65.23,GRU-15
539164,2026-03-08,2026-04-07,63.84,62.34,65.17,GRU-15
539165,2026-03-08,2026-03-09,15.2,15.17,15.23,GRU-15
539165,2026-03-08,2026-03-10,15.23,15.16,15.29,GRU-15
539165,2026-03-08,2026-03-11,15.24,15.15,15.34,GRU-15
539165,2026-03-08,2026-03-12,15.26,15.15,15.38,GRU-15
539165,2026-03-08,2026-03-13,15.28,15.15,15.41,GRU-15
539165,2026-03-08,2026-03-14,15.3,15.15,15.48,GRU-15
539165,2026-03-08,2026-03-15,15.33,15.15,15.51,GRU-15
539165,2026-03-08,2026-03-16,15.36,15.15,15.56,GRU-15
539165,2026-03-08,2026-03-17,15.37,15.17,15.58,GRU-15
539165,2026-03-08,2026-03-18,15.4,15.18,15.62,GRU-15
539165,2026-03-08,2026-03-19,15.42,15.19,15.66,GRU-15
539165,2026-03-08,2026-03-20,15.45,15.22,15.66,GRU-15
539165,2026-03-08,2026-03-21,15.49,15.25,15.71,GRU-15
539165,2026-03-08,2026-03-22,15.53,15.29,15.72,GRU-15
539165,2026-03-08,2026-03-23,15.57,15.3,15.78,GRU-15
539165,2026-03-08,2026-03-24,15.59,15.31,15.81,GRU-15
539165,2026-03-08,2026-03-25,15.6,15.33,15.82,GRU-15
539165,2026-03-08,2026-03-26,15.61,15.32,15.83,GRU-15
539165,2026-03-08,2026-03-27,15.63,15.33,15.84,GRU-15
539165,2026-03-08,2026-03-28,15.67,15.36,15.87,GRU-15
539165,2026-03-08,2026-03-29,15.7,15.36,15.9,GRU-15
539165,2026-03-08,2026-03-30,15.7,15.38,15.91,GRU-15
539165,2026-03-08,2026-03-31,15.72,15.37,15.92,GRU-15
539165,2026-03-08,2026-04-01,15.73,15.37,15.95,GRU-15
539165,2026-03-08,2026-04-02,15.77,15.39,15.98,GRU-15
539165,2026-03-08,2026-04-03,15.76,15.44,15.95,GRU-15
539165,2026-03-08,2026-04-04,15.78,15.39,16.0,GRU-15
539165,2026-03-08,2026-04-05,15.79,15.45,15.96,GRU-15
539165,2026-03-08,2026-04-06,15.8,15.42,16.0,GRU-15
539165,2026-03-08,2026-04-07,15.83,15.48,16.01,GRU-15
539166,2026-03-08,2026-03-09,24.84,24.82,24.86,GRU-15
539166,2026-03-08,2026-03-10,24.82,24.79,24.85,GRU-15
539166,2026-03-08,2026-03-11,24.8,24.75,24.84,GRU-15
539166,2026-03-08,2026-03-12,24.78,24.71,24.84,GRU-15
539166,2026-03-08,2026-03-13,24.76,24.67,24.83,GRU-15
539166,2026-03-08,2026-03-14,24.74,24.64,24.84,GRU-15
539166,2026-03-08,2026-03-15,24.72,24.6,24.83,GRU-15
539166,2026-03-08,2026-03-16,24.7,24.56,24.82,GRU-15
539166,2026-03-08,2026-03-17,24.67,24.52,24.83,GRU-15
539166,2026-03-08,2026-03-18,24.66,24.48,24.84,GRU-15
539166,2026-03-08,2026-03-19,24.65,24.45,24.83,GRU-15
539166,2026-03-08,2026-03-20,24.64,24.41,24.85,GRU-15
539166,2026-03-08,2026-03-21,24.6,24.35,24.85,GRU-15
539166,2026-03-08,2026-03-22,24.6,24.33,24.86,GRU-15
539166,2026-03-08,2026-03-23,24.59,24.31,24.86,GRU-15
539166,2026-03-08,2026-03-24,24.61,24.32,24.89,GRU-15
539166,2026-03-08,2026-03-25,24.55,24.27,24.88,GRU-15
539166,2026-03-08,2026-03-26,24.55,24.25,24.87,GRU-15
539166,2026-03-08,2026-03-27,24.5,24.22,24.85,GRU-15
539166,2026-03-08,2026-03-28,24.56,24.27,24.84,GRU-15
539166,2026-03-08,2026-03-29,24.51,24.17,24.84,GRU-15
539166,2026-03-08,2026-03-30,24.55,24.21,24.88,GRU-15
539166,2026-03-08,2026-03-31,24.44,24.15,24.87,GRU-15
539166,2026-03-08,2026-04-01,24.54,24.23,24.84,GRU-15
539166,2026-03-08,2026-04-02,24.55,24.23,24.93,GRU-15
539166,2026-03-08,2026-04-03,24.5,24.2,24.9,GRU-15
539166,2026-03-08,2026-04-04,24.57,24.22,24.93,GRU-15
539166,2026-03-08,2026-04-05,24.52,24.2,24.92,GRU-15
539166,2026-03-08,2026-04-06,24.45,24.13,24.86,GRU-15
539166,2026-03-08,2026-04-07,24.49,24.19,24.94,GRU-15
539167,2026-03-08,2026-03-09,17.18,17.14,17.21,GRU-15
539167,2026-03-08,2026-03-10,17.22,17.15,17.28,GRU-15
539167,2026-03-08,2026-03-11,17.26,17.17,17.34,GRU-15
539167,2026-03-08,2026-03-12,17.3,17.19,17.4,GRU-15
539167,2026-03-08,2026-03-13,17.35,17.21,17.48,GRU-15
539167,2026-03-08,2026-03-14,17.41,17.23,17.57,GRU-15
539167,2026-03-08,2026-03-15,17.45,17.24,17.6,GRU-15
539167,2026-03-08,2026-03-16,17.5,17.28,17.66,GRU-15
539167,2026-03-08,2026-03-17,17.54,17.32,17.69,GRU-15
539167,2026-03-08,2026-03-18,17.59,17.38,17.76,GRU-15
539167,2026-03-08,2026-03-19,17.64,17.4,17.8,GRU-15
539167,2026-03-08,2026-03-20,17.67,17.45,17.83,GRU-15
539167,2026-03-08,2026-03-21,17.73,17.5,17.89,GRU-15
539167,2026-03-08,2026-03-22,17.77,17.52,17.92,GRU-15
539167,2026-03-08,2026-03-23,17.81,17.56,17.97,GRU-15
539167,2026-03-08,2026-03-24,17.85,17.6,17.99,GRU-15
539167,2026-03-08,2026-03-25,17.89,17.67,18.01,GRU-15
539167,2026-03-08,2026-03-26,17.88,17.65,18.03,GRU-15
539167,2026-03-08,2026-03-27,17.92,17.68,18.04,GRU-15
539167,2026-03-08,2026-03-28,17.94,17.72,18.05,GRU-15
539167,2026-03-08,2026-03-29,17.96,17.75,18.07,GRU-15
539167,2026-03-08,2026-03-30,17.98,17.76,18.08,GRU-15
539167,2026-03-08,2026-03-31,18.0,17.78,18.08,GRU-15
539167,2026-03-08,2026-04-01,18.0,17.77,18.09,GRU-15
539167,2026-03-08,2026-04-02,18.02,17.79,18.1,GRU-15
539167,2026-03-08,2026-04-03,18.02,17.81,18.1,GRU-15
539167,2026-03-08,2026-04-04,18.05,17.85,18.11,GRU-15
539167,2026-03-08,2026-04-05,18.04,17.86,18.11,GRU-15
539167,2026-03-08,2026-04-06,18.05,17.88,18.11,GRU-15
539167,2026-03-08,2026-04-07,18.06,17.86,18.11,GRU-15
539168,2026-03-08,2026-03-09,45.59,45.58,45.6,GRU-15
539168,2026-03-08,2026-03-10,45.58,45.56,45.59,GRU-15
539168,2026-03-08,2026-03-11,45.55,45.53,45.58,GRU-15
539168,2026-03-08,2026-03-12,45.54,45.5,45.57,GRU-15
539168,2026-03-08,2026-03-13,45.52,45.48,45.56,GRU-15
539168,2026-03-08,2026-03-14,45.5,45.45,45.55,GRU-15
539168,2026-03-08,2026-03-15,45.49,45.43,45.55,GRU-15
539168,2026-03-08,2026-03-16,45.47,45.41,45.54,GRU-15
539168,2026-03-08,2026-03-17,45.46,45.38,45.53,GRU-15
539168,2026-03-08,2026-03-18,45.45,45.36,45.53,GRU-15
539168,2026-03-08,2026-03-19,45.44,45.34,45.52,GRU-15
539168,2026-03-08,2026-03-20,45.44,45.32,45.53,GRU-15
539168,2026-03-08,2026-03-21,45.42,45.29,45.53,GRU-15
539168,2026-03-08,2026-03-22,45.41,45.28,45.54,GRU-15
539168,2026-03-08,2026-03-23,45.4,45.26,45.53,GRU-15
539168,2026-03-08,2026-03-24,45.39,45.25,45.53,GRU-15
539168,2026-03-08,2026-03-25,45.36,45.22,45.52,GRU-15
539168,2026-03-08,2026-03-26,45.38,45.23,45.53,GRU-15
539168,2026-03-08,2026-03-27,45.34,45.2,45.52,GRU-15
539168,2026-03-08,2026-03-28,45.32,45.18,45.5,GRU-15
539168,2026-03-08,2026-03-29,45.33,45.17,45.52,GRU-15
539168,2026-03-08,2026-03-30,45.35,45.18,45.56,GRU-15
539168,2026-03-08,2026-03-31,45.32,45.15,45.51,GRU-15
539168,2026-03-08,2026-04-01,45.34,45.2,45.54,GRU-15
539168,2026-03-08,2026-04-02,45.36,45.17,45.54,GRU-15
539168,2026-03-08,2026-04-03,45.31,45.16,45.53,GRU-15
539168,2026-03-08,2026-04-04,45.35,45.18,45.56,GRU-15
539168,2026-03-08,2026-04-05,45.32,45.13,45.53,GRU-15
539168,2026-03-08,2026-04-06,45.29,45.08,45.49,GRU-15
539168,2026-03-08,2026-04-07,45.34,45.14,45.55,GRU-15
539169,2026-03-08,2026-03-09,14.33,14.31,14.37,GRU-15
539169,2026-03-08,2026-03-10,14.38,14.33,14.44,GRU-15
539169,2026-03-08,2026-03-11,14.41,14.35,14.5,GRU-15
539169,2026-03-08,2026-03-12,14.46,14.37,14.56,GRU-15
539169,2026-03-08,2026-03-13,14.51,14.41,14.61,GRU-15
539169,2026-03-08,2026-03-14,14.56,14.42,14.69,GRU-15
539169,2026-03-08,2026-03-15,14.6,14.46,14.74,GRU-15
539169,2026-03-08,2026-03-16,14.64,14.47,14.8,GRU-15
539169,2026-03-08,2026-03-17,14.69,14.51,14.85,GRU-15
539169,2026-03-08,2026-03-18,14.75,14.56,14.89,GRU-15
539169,2026-03-08,2026-03-19,14.78,14.59,14.94,GRU-15
539169,2026-03-08,2026-03-20,14.83,14.63,14.97,GRU-15
539169,2026-03-08,2026-03-21,14.89,14.68,15.03,GRU-15
539169,2026-03-08,2026-03-22,14.92,14.7,15.06,GRU-15
539169,2026-03-08,2026-03-23,14.97,14.76,15.08,GRU-15
539169,2026-03-08,2026-03-24,15.0,14.8,15.1,GRU-15
539169,2026-03-08,2026-03-25,15.03,14.85,15.12,GRU-15
539169,2026-03-08,2026-03-26,15.04,14.81,15.13,GRU-15
539169,2026-03-08,2026-03-27,15.06,14.86,15.14,GRU-15
539169,2026-03-08,2026-03-28,15.07,14.87,15.14,GRU-15
539169,2026-03-08,2026-03-29,15.1,14.93,15.15,GRU-15
539169,2026-03-08,2026-03-30,15.11,14.95,15.16,GRU-15
539169,2026-03-08,2026-03-31,15.11,14.93,15.16,GRU-15
539169,2026-03-08,2026-04-01,15.12,14.96,15.16,GRU-15
539169,2026-03-08,2026-04-02,15.12,14.97,15.16,GRU-15
539169,2026-03-08,2026-04-03,15.13,14.97,15.17,GRU-15
539169,2026-03-08,2026-04-04,15.14,15.0,15.17,GRU-15
539169,2026-03-08,2026-04-05,15.14,15.02,15.17,GRU-15
539169,2026-03-08,2026-04-06,15.14,14.98,15.17,GRU-15
539169,2026-03-08,2026-04-07,15.15,15.03,15.17,GRU-15
539171,2026-03-08,2026-03-09,61.01,60.89,61.14,GRU-15
539171,2026-03-08,2026-03-10,60.83,60.62,61.05,GRU-15
539171,2026-03-08,2026-03-11,60.61,60.27,60.94,GRU-15
539171,2026-03-08,2026-03-12,60.41,59.97,60.83,GRU-15
539171,2026-03-08,2026-03-13,60.21,59.68,60.73,GRU-15
539171,2026-03-08,2026-03-14,60.06,59.42,60.65,GRU-15
539171,2026-03-08,2026-03-15,59.87,59.17,60.58,GRU-15
539171,2026-03-08,2026-03-16,59.7,58.92,60.46,GRU-15
539171,2026-03-08,2026-03-17,59.53,58.67,60.45,GRU-15
539171,2026-03-08,2026-03-18,59.38,58.38,60.46,GRU-15
539171,2026-03-08,2026-03-19,59.2,58.16,60.38,GRU-15
539171,2026-03-08,2026-03-20,59.13,57.87,60.48,GRU-15
539171,2026-03-08,2026-03-21,58.97,57.6,60.48,GRU-15
539171,2026-03-08,2026-03-22,58.86,57.33,60.5,GRU-15
539171,2026-03-08,2026-03-23,58.72,57.2,60.45,GRU-15
539171,2026-03-08,2026-03-24,58.7,57.17,60.35,GRU-15
539171,2026-03-08,2026-03-25,58.33,56.78,60.44,GRU-15
539171,2026-03-08,2026-03-26,58.38,56.83,60.46,GRU-15
539171,2026-03-08,2026-03-27,58.32,56.54,60.56,GRU-15
539171,2026-03-08,2026-03-28,58.44,56.78,60.26,GRU-15
539171,2026-03-08,2026-03-29,57.92,56.27,60.25,GRU-15
539171,2026-03-08,2026-03-30,58.21,56.16,60.72,GRU-15
539171,2026-03-08,2026-03-31,57.83,55.95,60.18,GRU-15
539171,2026-03-08,2026-04-01,58.29,56.59,60.3,GRU-15
539171,2026-03-08,2026-04-02,58.11,56.28,60.37,GRU-15
539171,2026-03-08,2026-04-03,57.91,56.23,60.55,GRU-15
539171,2026-03-08,2026-04-04,58.09,56.09,60.27,GRU-15
539171,2026-03-08,2026-04-05,57.88,56.28,60.27,GRU-15
539171,2026-03-08,2026-04-06,57.47,55.79,59.96,GRU-15
539171,2026-03-08,2026-04-07,57.73,56.04,60.2,GRU-15
539173,2026-03-08,2026-03-09,56.1,55.92,56.3,GRU-15
539173,2026-03-08,2026-03-10,56.45,56.06,56.82,GRU-15
539173,2026-03-08,2026-03-11,56.72,56.17,57.3,GRU-15
539173,2026-03-08,2026-03-12,56.95,56.32,57.63,GRU-15
539173,2026-03-08,2026-03-13,57.26,56.48,58.0,GRU-15
539173,2026-03-08,2026-03-14,57.63,56.68,58.47,GRU-15
539173,2026-03-08,2026-03-15,57.88,56.79,58.76,GRU-15
539173,2026-03-08,2026-03-16,58.26,57.03,59.16,GRU-15
539173,2026-03-08,2026-03-17,58.43,57.24,59.39,GRU-15
539173,2026-03-08,2026-03-18,58.81,57.5,59.79,GRU-15
539173,2026-03-08,2026-03-19,59.11,57.63,60.03,GRU-15
539173,2026-03-08,2026-03-20,59.31,57.98,60.23,GRU-15
539173,2026-03-08,2026-03-21,59.57,58.29,60.64,GRU-15
539173,2026-03-08,2026-03-22,59.73,58.53,60.78,GRU-15
539173,2026-03-08,2026-03-23,60.04,58.86,61.08,GRU-15
539173,2026-03-08,2026-03-24,60.28,58.98,61.23,GRU-15
539173,2026-03-08,2026-03-25,60.58,59.32,61.43,GRU-15
539173,2026-03-08,2026-03-26,60.52,59.32,61.4,GRU-15
539173,2026-03-08,2026-03-27,60.72,59.48,61.52,GRU-15
539173,2026-03-08,2026-03-28,60.85,59.64,61.63,GRU-15
539173,2026-03-08,2026-03-29,61.12,59.95,61.74,GRU-15
539173,2026-03-08,2026-03-30,61.1,60.03,61.77,GRU-15
539173,2026-03-08,2026-03-31,61.21,60.13,61.76,GRU-15
539173,2026-03-08,2026-04-01,61.32,60.29,61.83,GRU-15
539173,2026-03-08,2026-04-02,61.4,60.45,61.9,GRU-15
539173,2026-03-08,2026-04-03,61.39,60.58,61.87,GRU-15
539173,2026-03-08,2026-04-04,61.55,60.54,61.97,GRU-15
539173,2026-03-08,2026-04-05,61.51,60.66,61.95,GRU-15
539173,2026-03-08,2026-04-06,61.58,60.58,61.97,GRU-15
539173,2026-03-08,2026-04-07,61.65,60.87,61.99,GRU-15
539273,2026-03-08,2026-03-09,32.21,32.1,32.36,GRU-15
539273,2026-03-08,2026-03-10,32.4,32.17,32.69,GRU-15
539273,2026-03-08,2026-03-11,32.54,32.22,32.93,GRU-15
539273,2026-03-08,2026-03-12,32.69,32.29,33.17,GRU-15
539273,2026-03-08,2026-03-13,32.84,32.35,33.41,GRU-15
539273,2026-03-08,2026-03-14,33.03,32.43,33.72,GRU-15
539273,2026-03-08,2026-03-15,33.16,32.51,33.89,GRU-15
539273,2026-03-08,2026-03-16,33.3,32.59,34.09,GRU-15
539273,2026-03-08,2026-03-17,33.47,32.72,34.26,GRU-15
539273,2026-03-08,2026-03-18,33.7,32.85,34.42,GRU-15
539273,2026-03-08,2026-03-19,33.82,32.95,34.54,GRU-15
539273,2026-03-08,2026-03-20,33.96,33.05,34.64,GRU-15
539273,2026-03-08,2026-03-21,34.15,33.29,34.84,GRU-15
539273,2026-03-08,2026-03-22,34.32,33.41,34.93,GRU-15
539273,2026-03-08,2026-03-23,34.49,33.7,35.05,GRU-15
539273,2026-03-08,2026-03-24,34.66,33.64,35.23,GRU-15
539273,2026-03-08,2026-03-25,34.7,33.84,35.31,GRU-15
539273,2026-03-08,2026-03-26,34.79,34.0,35.33,GRU-15
539273,2026-03-08,2026-03-27,34.83,33.9,35.37,GRU-15
539273,2026-03-08,2026-03-28,34.95,34.1,35.44,GRU-15
539273,2026-03-08,2026-03-29,35.08,34.26,35.56,GRU-15
539273,2026-03-08,2026-03-30,35.14,34.3,35.56,GRU-15
539273,2026-03-08,2026-03-31,35.16,34.41,35.59,GRU-15
539273,2026-03-08,2026-04-01,35.2,34.44,35.63,GRU-15
539273,2026-03-08,2026-04-02,35.31,34.53,35.67,GRU-15
539273,2026-03-08,2026-04-03,35.29,34.62,35.66,GRU-15
539273,2026-03-08,2026-04-04,35.42,34.66,35.72,GRU-15
539273,2026-03-08,2026-04-05,35.38,34.69,35.69,GRU-15
539273,2026-03-08,2026-04-06,35.4,34.66,35.72,GRU-15
539273,2026-03-08,2026-04-07,35.43,34.81,35.71,GRU-15
539274,2026-03-08,2026-03-09,31.46,31.44,31.47,GRU-15
539274,2026-03-08,2026-03-10,31.48,31.44,31.52,GRU-15
539274,2026-03-08,2026-03-11,31.5,31.45,31.56,GRU-15
539274,2026-03-08,2026-03-12,31.53,31.45,31.6,GRU-15
539274,2026-03-08,2026-03-13,31.55,31.46,31.64,GRU-15
539274,2026-03-08,2026-03-14,31.58,31.47,31.7,GRU-15
539274,2026-03-08,2026-03-15,31.61,31.48,31.72,GRU-15
539274,2026-03-08,2026-03-16,31.63,31.49,31.76,GRU-15
539274,2026-03-08,2026-03-17,31.66,31.51,31.8,GRU-15
539274,2026-03-08,2026-03-18,31.71,31.53,31.84,GRU-15
539274,2026-03-08,2026-03-19,31.73,31.55,31.88,GRU-15
539274,2026-03-08,2026-03-20,31.77,31.59,31.91,GRU-15
539274,2026-03-08,2026-03-21,31.83,31.64,31.96,GRU-15
539274,2026-03-08,2026-03-22,31.84,31.65,32.01,GRU-15
539274,2026-03-08,2026-03-23,31.89,31.68,32.05,GRU-15
539274,2026-03-08,2026-03-24,31.91,31.69,32.07,GRU-15
539274,2026-03-08,2026-03-25,31.96,31.73,32.1,GRU-15
539274,2026-03-08,2026-03-26,31.95,31.73,32.09,GRU-15
539274,2026-03-08,2026-03-27,31.96,31.74,32.11,GRU-15
539274,2026-03-08,2026-03-28,31.99,31.76,32.14,GRU-15
539274,2026-03-08,2026-03-29,32.05,31.82,32.17,GRU-15
539274,2026-03-08,2026-03-30,32.06,31.79,32.19,GRU-15
539274,2026-03-08,2026-03-31,32.06,31.83,32.19,GRU-15
539274,2026-03-08,2026-04-01,32.08,31.83,32.2,GRU-15
539274,2026-03-08,2026-04-02,32.09,31.86,32.21,GRU-15
539274,2026-03-08,2026-04-03,32.1,31.88,32.21,GRU-15
539274,2026-03-08,2026-04-04,32.13,31.88,32.24,GRU-15
539274,2026-03-08,2026-04-05,32.12,31.89,32.24,GRU-15
539274,2026-03-08,2026-04-06,32.13,31.91,32.23,GRU-15
539274,2026-03-08,2026-04-07,32.14,31.91,32.24,GRU-15
539275,2026-03-08,2026-03-09,21.52,21.51,21.54,GRU-15
539275,2026-03-08,2026-03-10,21.53,21.5,21.55,GRU-15
539275,2026-03-08,2026-03-11,21.53,21.49,21.57,GRU-15
539275,2026-03-08,2026-03-12,21.53,21.48,21.59,GRU-15
539275,2026-03-08,2026-03-13,21.54,21.48,21.61,GRU-15
539275,2026-03-08,2026-03-14,21.55,21.48,21.64,GRU-15
539275,2026-03-08,2026-03-15,21.56,21.47,21.66,GRU-15
539275,2026-03-08,2026-03-16,21.56,21.47,21.67,GRU-15
539275,2026-03-08,2026-03-17,21.56,21.46,21.68,GRU-15
539275,2026-03-08,2026-03-18,21.59,21.47,21.71,GRU-15
539275,2026-03-08,2026-03-19,21.59,21.46,21.73,GRU-15
539275,2026-03-08,2026-03-20,21.62,21.48,21.74,GRU-15
539275,2026-03-08,2026-03-21,21.65,21.49,21.79,GRU-15
539275,2026-03-08,2026-03-22,21.67,21.53,21.8,GRU-15
539275,2026-03-08,2026-03-23,21.71,21.54,21.85,GRU-15
539275,2026-03-08,2026-03-24,21.72,21.54,21.87,GRU-15
539275,2026-03-08,2026-03-25,21.73,21.56,21.89,GRU-15
539275,2026-03-08,2026-03-26,21.68,21.52,21.83,GRU-15
539275,2026-03-08,2026-03-27,21.66,21.5,21.83,GRU-15
539275,2026-03-08,2026-03-28,21.79,21.62,21.93,GRU-15
539275,2026-03-08,2026-03-29,21.78,21.58,21.97,GRU-15
539275,2026-03-08,2026-03-30,21.75,21.58,21.94,GRU-15
539275,2026-03-08,2026-03-31,21.78,21.59,21.97,GRU-15
539275,2026-03-08,2026-04-01,21.81,21.62,22.0,GRU-15
539275,2026-03-08,2026-04-02,21.87,21.66,22.08,GRU-15
539275,2026-03-08,2026-04-03,21.85,21.65,22.04,GRU-15
539275,2026-03-08,2026-04-04,21.88,21.65,22.12,GRU-15
539275,2026-03-08,2026-04-05,21.91,21.68,22.09,GRU-15
539275,2026-03-08,2026-04-06,21.87,21.67,22.09,GRU-15
539275,2026-03-08,2026-04-07,21.94,21.74,22.13,GRU-15
539276,2026-03-08,2026-03-09,53.1,53.07,53.15,GRU-15
539276,2026-03-08,2026-03-10,53.11,53.06,53.21,GRU-15
539276,2026-03-08,2026-03-11,53.12,53.04,53.27,GRU-15
539276,2026-03-08,2026-03-12,53.14,53.03,53.32,GRU-15
539276,2026-03-08,2026-03-13,53.14,53.02,53.37,GRU-15
539276,2026-03-08,2026-03-14,53.15,53.0,53.45,GRU-15
539276,2026-03-08,2026-03-15,53.17,53.01,53.47,GRU-15
539276,2026-03-08,2026-03-16,53.17,52.99,53.54,GRU-15
539276,2026-03-08,2026-03-17,53.19,53.0,53.56,GRU-15
539276,2026-03-08,2026-03-18,53.22,53.02,53.6,GRU-15
539276,2026-03-08,2026-03-19,53.25,53.03,53.65,GRU-15
539276,2026-03-08,2026-03-20,53.27,53.07,53.65,GRU-15
539276,2026-03-08,2026-03-21,53.3,53.09,53.7,GRU-15
539276,2026-03-08,2026-03-22,53.35,53.13,53.7,GRU-15
539276,2026-03-08,2026-03-23,53.35,53.11,53.74,GRU-15
539276,2026-03-08,2026-03-24,53.38,53.13,53.8,GRU-15
539276,2026-03-08,2026-03-25,53.38,53.11,53.81,GRU-15
539276,2026-03-08,2026-03-26,53.38,53.12,53.79,GRU-15
539276,2026-03-08,2026-03-27,53.44,53.14,53.83,GRU-15
539276,2026-03-08,2026-03-28,53.42,53.09,53.83,GRU-15
539276,2026-03-08,2026-03-29,53.41,53.09,53.93,GRU-15
539276,2026-03-08,2026-03-30,53.43,53.07,53.87,GRU-15
539276,2026-03-08,2026-03-31,53.45,53.07,53.93,GRU-15
539276,2026-03-08,2026-04-01,53.41,53.04,53.93,GRU-15
539276,2026-03-08,2026-04-02,53.47,53.01,54.01,GRU-15
539276,2026-03-08,2026-04-03,53.43,53.01,53.91,GRU-15
539276,2026-03-08,2026-04-04,53.47,52.96,54.08,GRU-15
539276,2026-03-08,2026-04-05,53.45,53.01,53.96,GRU-15
539276,2026-03-08,2026-04-06,53.54,53.07,54.1,GRU-15
539276,2026-03-08,2026-04-07,53.45,52.92,54.0,GRU-15
550535,2026-03-08,2026-03-09,57.99,57.95,58.03,GRU-15
550535,2026-03-08,2026-03-10,57.99,57.93,58.05,GRU-15
550535,2026-03-08,2026-03-11,57.97,57.87,58.07,GRU-15
550535,2026-03-08,2026-03-12,57.96,57.84,58.09,GRU-15
550535,2026-03-08,2026-03-13,57.94,57.78,58.11,GRU-15
550535,2026-03-08,2026-03-14,57.95,57.78,58.15,GRU-15
550535,2026-03-08,2026-03-15,57.94,57.73,58.16,GRU-15
550535,2026-03-08,2026-03-16,57.95,57.72,58.21,GRU-15
550535,2026-03-08,2026-03-17,57.92,57.65,58.21,GRU-15
550535,2026-03-08,2026-03-18,57.93,57.63,58.26,GRU-15
550535,2026-03-08,2026-03-19,57.91,57.55,58.27,GRU-15
550535,2026-03-08,2026-03-20,57.91,57.51,58.31,GRU-15
550535,2026-03-08,2026-03-21,57.89,57.5,58.36,GRU-15
550535,2026-03-08,2026-03-22,57.91,57.47,58.41,GRU-15
550535,2026-03-08,2026-03-23,57.92,57.44,58.47,GRU-15
550535,2026-03-08,2026-03-24,57.94,57.41,58.47,GRU-15
550535,2026-03-08,2026-03-25,57.88,57.32,58.48,GRU-15
550535,2026-03-08,2026-03-26,58.07,57.56,58.57,GRU-15
550535,2026-03-08,2026-03-27,57.97,57.34,58.53,GRU-15
550535,2026-03-08,2026-03-28,58.06,57.46,58.58,GRU-15
550535,2026-03-08,2026-03-29,57.94,57.32,58.62,GRU-15
550535,2026-03-08,2026-03-30,58.06,57.5,58.63,GRU-15
550535,2026-03-08,2026-03-31,57.99,57.32,58.65,GRU-15
550535,2026-03-08,2026-04-01,58.16,57.53,58.72,GRU-15
550535,2026-03-08,2026-04-02,58.13,57.4,58.78,GRU-15
550535,2026-03-08,2026-04-03,58.19,57.5,58.81,GRU-15
550535,2026-03-08,2026-04-04,58.29,57.57,58.81,GRU-15
550535,2026-03-08,2026-04-05,58.15,57.47,58.77,GRU-15
550535,2026-03-08,2026-04-06,58.08,57.36,58.75,GRU-15
550535,2026-03-08,2026-04-07,58.19,57.43,58.83,GRU-15
550536,2026-03-08,2026-03-09,12.36,12.35,12.37,GRU-15
550536,2026-03-08,2026-03-10,12.35,12.33,12.36,GRU-15
550536,2026-03-08,2026-03-11,12.33,12.31,12.36,GRU-15
550536,2026-03-08,2026-03-12,12.32,12.29,12.36,GRU-15
550536,2026-03-08,2026-03-13,12.31,12.27,12.35,GRU-15
550536,2026-03-08,2026-03-14,12.3,12.26,12.35,GRU-15
550536,2026-03-08,2026-03-15,12.29,12.23,12.35,GRU-15
550536,2026-03-08,2026-03-16,12.28,12.22,12.35,GRU-15
550536,2026-03-08,2026-03-17,12.27,12.19,12.35,GRU-15
550536,2026-03-08,2026-03-18,12.26,12.18,12.35,GRU-15
550536,2026-03-08,2026-03-19,12.25,12.16,12.35,GRU-15
550536,2026-03-08,2026-03-20,12.24,12.14,12.35,GRU-15
550536,2026-03-08,2026-03-21,12.22,12.12,12.36,GRU-15
550536,2026-03-08,2026-03-22,12.21,12.11,12.35,GRU-15
550536,2026-03-08,2026-03-23,12.2,12.1,12.36,GRU-15
550536,2026-03-08,2026-03-24,12.21,12.1,12.36,GRU-15
550536,2026-03-08,2026-03-25,12.17,12.07,12.34,GRU-15
550536,2026-03-08,2026-03-26,12.18,12.07,12.36,GRU-15
550536,2026-03-08,2026-03-27,12.16,12.05,12.33,GRU-15
550536,2026-03-08,2026-03-28,12.19,12.09,12.36,GRU-15
550536,2026-03-08,2026-03-29,12.14,12.03,12.33,GRU-15
550536,2026-03-08,2026-03-30,12.16,12.05,12.32,GRU-15
550536,2026-03-08,2026-03-31,12.12,12.02,12.31,GRU-15
550536,2026-03-08,2026-04-01,12.16,12.05,12.35,GRU-15
550536,2026-03-08,2026-04-02,12.16,12.05,12.36,GRU-15
550536,2026-03-08,2026-04-03,12.15,12.03,12.34,GRU-15
550536,2026-03-08,2026-04-04,12.16,12.05,12.31,GRU-15
550536,2026-03-08,2026-04-05,12.17,12.04,12.37,GRU-15
550536,2026-03-08,2026-04-06,12.11,12.01,12.33,GRU-15
550536,2026-03-08,2026-04-07,12.14,12.03,12.35,GRU-15
550537,2026-03-08,2026-03-09,32.97,32.96,32.99,GRU-15
550537,2026-03-08,2026-03-10,32.93,32.9,32.95,GRU-15
550537,2026-03-08,2026-03-11,32.88,32.85,32.91,GRU-15
550537,2026-03-08,2026-03-12,32.84,32.8,32.88,GRU-15
550537,2026-03-08,2026-03-13,32.79,32.75,32.84,GRU-15
550537,2026-03-08,2026-03-14,32.74,32.69,32.8,GRU-15
550537,2026-03-08,2026-03-15,32.68,32.63,32.75,GRU-15
550537,2026-03-08,2026-03-16,32.63,32.58,32.71,GRU-15
550537,2026-03-08,2026-03-17,32.57,32.52,32.65,GRU-15
550537,2026-03-08,2026-03-18,32.53,32.48,32.61,GRU-15
550537,2026-03-08,2026-03-19,32.48,32.44,32.56,GRU-15
550537,2026-03-08,2026-03-20,32.43,32.4,32.51,GRU-15
550537,2026-03-08,2026-03-21,32.4,32.38,32.46,GRU-15
550537,2026-03-08,2026-03-22,32.38,32.37,32.42,GRU-15
550537,2026-03-08,2026-03-23,32.37,32.36,32.4,GRU-15
550537,2026-03-08,2026-03-24,32.36,32.36,32.38,GRU-15
550537,2026-03-08,2026-03-25,32.36,32.36,32.38,GRU-15
550537,2026-03-08,2026-03-26,32.36,32.36,32.37,GRU-15
550537,2026-03-08,2026-03-27,32.36,32.36,32.36,GRU-15
550537,2026-03-08,2026-03-28,32.36,32.36,32.36,GRU-15
550537,2026-03-08,2026-03-29,32.36,32.36,32.36,GRU-15
550537,2026-03-08,2026-03-30,32.36,32.36,32.36,GRU-15
550537,2026-03-08,2026-03-31,32.36,32.36,32.36,GRU-15
550537,2026-03-08,2026-04-01,32.36,32.36,32.36,GRU-15
550537,2026-03-08,2026-04-02,32.36,32.36,32.36,GRU-15
550537,2026-03-08,2026-04-03,32.36,32.36,32.36,GRU-15
550537,2026-03-08,2026-04-04,32.36,32.36,32.36,GRU-15
550537,2026-03-08,2026-04-05,32.36,32.36,32.36,GRU-15
550537,2026-03-08,2026-04-06,32.36,32.36,32.36,GRU-15
550537,2026-03-08,2026-04-07,32.36,32.36,32.36,GRU-15
550538,2026-03-08,2026-03-09,26.33,26.2,26.48,GRU-15
550538,2026-03-08,2026-03-10,26.54,26.35,26.78,GRU-15
550538,2026-03-08,2026-03-11,26.68,26.42,26.99,GRU-15
550538,2026-03-08,2026-03-12,26.84,26.54,27.22,GRU-15
550538,2026-03-08,2026-03-13,27.04,26.69,27.46,GRU-15
550538,2026-03-08,2026-03-14,27.26,26.8,27.67,GRU-15
550538,2026-03-08,2026-03-15,27.37,26.96,27.77,GRU-15
550538,2026-03-08,2026-03-16,27.53,27.08,27.9,GRU-15
550538,2026-03-08,2026-03-17,27.7,27.27,28.04,GRU-15
550538,2026-03-08,2026-03-18,27.88,27.45,28.13,GRU-15
550538,2026-03-08,2026-03-19,27.97,27.52,28.18,GRU-15
550538,2026-03-08,2026-03-20,28.04,27.64,28.22,GRU-15
550538,2026-03-08,2026-03-21,28.1,27.84,28.24,GRU-15
550538,2026-03-08,2026-03-22,28.17,27.91,28.26,GRU-15
550538,2026-03-08,2026-03-23,28.21,28.04,28.27,GRU-15
550538,2026-03-08,2026-03-24,28.24,28.09,28.28,GRU-15
550538,2026-03-08,2026-03-25,28.25,28.11,28.28,GRU-15
550538,2026-03-08,2026-03-26,28.26,28.17,28.29,GRU-15
550538,2026-03-08,2026-03-27,28.27,28.18,28.29,GRU-15
550538,2026-03-08,2026-03-28,28.27,28.19,28.29,GRU-15
550538,2026-03-08,2026-03-29,28.28,28.21,28.29,GRU-15
550538,2026-03-08,2026-03-30,28.28,28.24,28.29,GRU-15
550538,2026-03-08,2026-03-31,28.28,28.24,28.29,GRU-15
550538,2026-03-08,2026-04-01,28.28,28.25,28.29,GRU-15
550538,2026-03-08,2026-04-02,28.28,28.25,28.29,GRU-15
550538,2026-03-08,2026-04-03,28.28,28.25,28.29,GRU-15
550538,2026-03-08,2026-04-04,28.29,28.25,28.29,GRU-15
550538,2026-03-08,2026-04-05,28.29,28.25,28.29,GRU-15
550538,2026-03-08,2026-04-06,28.29,28.25,28.29,GRU-15
550538,2026-03-08,2026-04-07,28.29,28.27,28.29,GRU-15
550540,2026-03-08,2026-03-09,23.97,23.95,23.99,GRU-15
550540,2026-03-08,2026-03-10,23.97,23.93,23.99,GRU-15
550540,2026-03-08,2026-03-11,23.96,23.91,24.0,GRU-15
550540,2026-03-08,2026-03-12,23.95,23.88,24.0,GRU-15
550540,2026-03-08,2026-03-13,23.95,23.87,24.02,GRU-15
550540,2026-03-08,2026-03-14,23.94,23.85,24.03,GRU-15
550540,2026-03-08,2026-03-15,23.94,23.83,24.03,GRU-15
550540,2026-03-08,2026-03-16,23.94,23.82,24.03,GRU-15
550540,2026-03-08,2026-03-17,23.93,23.79,24.04,GRU-15
550540,2026-03-08,2026-03-18,23.91,23.77,24.06,GRU-15
550540,2026-03-08,2026-03-19,23.91,23.75,24.06,GRU-15
550540,2026-03-08,2026-03-20,23.9,23.71,24.08,GRU-15
550540,2026-03-08,2026-03-21,23.9,23.69,24.11,GRU-15
550540,2026-03-08,2026-03-22,23.88,23.67,24.12,GRU-15
550540,2026-03-08,2026-03-23,23.85,23.67,24.11,GRU-15
550540,2026-03-08,2026-03-24,23.88,23.67,24.13,GRU-15
550540,2026-03-08,2026-03-25,23.86,23.66,24.17,GRU-15
550540,2026-03-08,2026-03-26,23.88,23.67,24.18,GRU-15
550540,2026-03-08,2026-03-27,23.88,23.65,24.2,GRU-15
550540,2026-03-08,2026-03-28,23.87,23.65,24.18,GRU-15
550540,2026-03-08,2026-03-29,23.84,23.63,24.19,GRU-15
550540,2026-03-08,2026-03-30,23.84,23.63,24.23,GRU-15
550540,2026-03-08,2026-03-31,23.87,23.61,24.26,GRU-15
550540,2026-03-08,2026-04-01,23.92,23.65,24.27,GRU-15
550540,2026-03-08,2026-04-02,23.96,23.61,24.27,GRU-15
550540,2026-03-08,2026-04-03,23.84,23.62,24.23,GRU-15
550540,2026-03-08,2026-04-04,23.97,23.63,24.29,GRU-15
550540,2026-03-08,2026-04-05,23.95,23.62,24.3,GRU-15
550540,2026-03-08,2026-04-06,23.84,23.6,24.27,GRU-15
550540,2026-03-08,2026-04-07,23.88,23.58,24.29,GRU-15
550541,2026-03-08,2026-03-09,28.2,28.11,28.27,GRU-15
550541,2026-03-08,2026-03-10,28.38,28.22,28.53,GRU-15
550541,2026-03-08,2026-03-11,28.5,28.3,28.71,GRU-15
550541,2026-03-08,2026-03-12,28.6,28.35,28.87,GRU-15
550541,2026-03-08,2026-03-13,28.73,28.43,28.99,GRU-15
550541,2026-03-08,2026-03-14,28.86,28.53,29.14,GRU-15
550541,2026-03-08,2026-03-15,28.99,28.61,29.24,GRU-15
550541,2026-03-08,2026-03-16,29.13,28.73,29.37,GRU-15
550541,2026-03-08,2026-03-17,29.22,28.84,29.45,GRU-15
550541,2026-03-08,2026-03-18,29.33,28.93,29.52,GRU-15
550541,2026-03-08,2026-03-19,29.42,29.02,29.56,GRU-15
550541,2026-03-08,2026-03-20,29.48,29.11,29.62,GRU-15
550541,2026-03-08,2026-03-21,29.55,29.25,29.65,GRU-15
550541,2026-03-08,2026-03-22,29.59,29.29,29.69,GRU-15
550541,2026-03-08,2026-03-23,29.63,29.38,29.7,GRU-15
550541,2026-03-08,2026-03-24,29.66,29.45,29.71,GRU-15
550541,2026-03-08,2026-03-25,29.68,29.51,29.72,GRU-15
550541,2026-03-08,2026-03-26,29.69,29.52,29.73,GRU-15
550541,2026-03-08,2026-03-27,29.7,29.56,29.73,GRU-15
550541,2026-03-08,2026-03-28,29.7,29.57,29.73,GRU-15
550541,2026-03-08,2026-03-29,29.71,29.61,29.73,GRU-15
550541,2026-03-08,2026-03-30,29.72,29.64,29.73,GRU-15
550541,2026-03-08,2026-03-31,29.72,29.64,29.73,GRU-15
550541,2026-03-08,2026-04-01,29.72,29.64,29.73,GRU-15
550541,2026-03-08,2026-04-02,29.72,29.65,29.73,GRU-15
550541,2026-03-08,2026-04-03,29.72,29.66,29.73,GRU-15
550541,2026-03-08,2026-04-04,29.72,29.67,29.73,GRU-15
550541,2026-03-08,2026-04-05,29.72,29.67,29.73,GRU-15
550541,2026-03-08,2026-04-06,29.73,29.68,29.73,GRU-15
550541,2026-03-08,2026-04-07,29.73,29.69,29.73,GRU-15
550542,2026-03-08,2026-03-09,37.73,37.72,37.74,GRU-15
550542,2026-03-08,2026-03-10,37.72,37.7,37.73,GRU-15
550542,2026-03-08,2026-03-11,37.7,37.67,37.72,GRU-15
550542,2026-03-08,2026-03-12,37.68,37.65,37.71,GRU-15
550542,2026-03-08,2026-03-13,37.67,37.63,37.71,GRU-15
550542,2026-03-08,2026-03-14,37.65,37.61,37.7,GRU-15
550542,2026-03-08,2026-03-15,37.64,37.58,37.69,GRU-15
550542,2026-03-08,2026-03-16,37.63,37.56,37.68,GRU-15
550542,2026-03-08,2026-03-17,37.62,37.54,37.68,GRU-15
550542,2026-03-08,2026-03-18,37.6,37.52,37.68,GRU-15
550542,2026-03-08,2026-03-19,37.59,37.49,37.67,GRU-15
550542,2026-03-08,2026-03-20,37.58,37.47,37.68,GRU-15
550542,2026-03-08,2026-03-21,37.56,37.45,37.67,GRU-15
550542,2026-03-08,2026-03-22,37.55,37.43,37.68,GRU-15
550542,2026-03-08,2026-03-23,37.54,37.42,37.67,GRU-15
550542,2026-03-08,2026-03-24,37.53,37.42,37.67,GRU-15
550542,2026-03-08,2026-03-25,37.5,37.39,37.67,GRU-15
550542,2026-03-08,2026-03-26,37.52,37.4,37.66,GRU-15
550542,2026-03-08,2026-03-27,37.49,37.36,37.67,GRU-15
550542,2026-03-08,2026-03-28,37.52,37.41,37.68,GRU-15
550542,2026-03-08,2026-03-29,37.45,37.34,37.63,GRU-15
550542,2026-03-08,2026-03-30,37.47,37.35,37.64,GRU-15
550542,2026-03-08,2026-03-31,37.44,37.31,37.63,GRU-15
550542,2026-03-08,2026-04-01,37.48,37.36,37.65,GRU-15
550542,2026-03-08,2026-04-02,37.46,37.34,37.67,GRU-15
550542,2026-03-08,2026-04-03,37.45,37.35,37.66,GRU-15
550542,2026-03-08,2026-04-04,37.46,37.35,37.62,GRU-15
550542,2026-03-08,2026-04-05,37.46,37.35,37.66,GRU-15
550542,2026-03-08,2026-04-06,37.43,37.3,37.61,GRU-15
550542,2026-03-08,2026-04-07,37.42,37.32,37.62,GRU-15
550544,2026-03-08,2026-03-09,36.62,36.61,36.64,GRU-15
550544,2026-03-08,2026-03-10,36.62,36.6,36.66,GRU-15
550544,2026-03-08,2026-03-11,36.62,36.58,36.66,GRU-15
550544,2026-03-08,2026-03-12,36.61,36.57,36.67,GRU-15
550544,2026-03-08,2026-03-13,36.61,36.56,36.7,GRU-15
550544,2026-03-08,2026-03-14,36.61,36.54,36.71,GRU-15
550544,2026-03-08,2026-03-15,36.61,36.53,36.72,GRU-15
550544,2026-03-08,2026-03-16,36.61,36.52,36.75,GRU-15
550544,2026-03-08,2026-03-17,36.62,36.52,36.76,GRU-15
550544,2026-03-08,2026-03-18,36.65,36.51,36.8,GRU-15
550544,2026-03-08,2026-03-19,36.64,36.5,36.83,GRU-15
550544,2026-03-08,2026-03-20,36.68,36.51,36.87,GRU-15
550544,2026-03-08,2026-03-21,36.69,36.5,36.89,GRU-15
550544,2026-03-08,2026-03-22,36.72,36.5,36.94,GRU-15
550544,2026-03-08,2026-03-23,36.73,36.51,36.96,GRU-15
550544,2026-03-08,2026-03-24,36.75,36.5,37.02,GRU-15
550544,2026-03-08,2026-03-25,36.77,36.51,37.03,GRU-15
550544,2026-03-08,2026-03-26,36.79,36.56,37.11,GRU-15
550544,2026-03-08,2026-03-27,36.77,36.54,37.09,GRU-15
550544,2026-03-08,2026-03-28,36.82,36.59,37.15,GRU-15
550544,2026-03-08,2026-03-29,36.81,36.53,37.16,GRU-15
550544,2026-03-08,2026-03-30,36.81,36.52,37.2,GRU-15
550544,2026-03-08,2026-03-31,36.82,36.5,37.17,GRU-15
550544,2026-03-08,2026-04-01,36.85,36.59,37.2,GRU-15
550544,2026-03-08,2026-04-02,36.86,36.54,37.18,GRU-15
550544,2026-03-08,2026-04-03,36.87,36.59,37.22,GRU-15
550544,2026-03-08,2026-04-04,36.86,36.55,37.25,GRU-15
550544,2026-03-08,2026-04-05,36.89,36.58,37.27,GRU-15
550544,2026-03-08,2026-04-06,36.87,36.59,37.3,GRU-15
550544,2026-03-08,2026-04-07,36.89,36.57,37.28,GRU-15
550549,2026-03-08,2026-03-09,81.42,81.16,81.71,GRU-15
550549,2026-03-08,2026-03-10,81.9,81.46,82.43,GRU-15
550549,2026-03-08,2026-03-11,82.26,81.63,82.81,GRU-15
550549,2026-03-08,2026-03-12,82.57,81.7,83.39,GRU-15
550549,2026-03-08,2026-03-13,83.06,82.0,83.87,GRU-15
550549,2026-03-08,2026-03-14,83.47,82.17,84.46,GRU-15
550549,2026-03-08,2026-03-15,83.8,82.62,84.73,GRU-15
550549,2026-03-08,2026-03-16,84.31,83.0,85.2,GRU-15
550549,2026-03-08,2026-03-17,84.72,83.37,85.61,GRU-15
550549,2026-03-08,2026-03-18,85.1,83.73,86.02,GRU-15
550549,2026-03-08,2026-03-19,85.45,83.97,86.23,GRU-15
550549,2026-03-08,2026-03-20,85.76,84.45,86.47,GRU-15
550549,2026-03-08,2026-03-21,86.05,84.84,86.54,GRU-15
550549,2026-03-08,2026-03-22,86.3,85.33,86.7,GRU-15
550549,2026-03-08,2026-03-23,86.48,85.63,86.77,GRU-15
550549,2026-03-08,2026-03-24,86.56,85.63,86.83,GRU-15
550549,2026-03-08,2026-03-25,86.68,85.99,86.87,GRU-15
550549,2026-03-08,2026-03-26,86.71,86.02,86.89,GRU-15
550549,2026-03-08,2026-03-27,86.76,86.24,86.9,GRU-15
550549,2026-03-08,2026-03-28,86.8,86.25,86.9,GRU-15
550549,2026-03-08,2026-03-29,86.83,86.46,86.91,GRU-15
550549,2026-03-08,2026-03-30,86.86,86.48,86.92,GRU-15
550549,2026-03-08,2026-03-31,86.86,86.51,86.92,GRU-15
550549,2026-03-08,2026-04-01,86.87,86.58,86.92,GRU-15
550549,2026-03-08,2026-04-02,86.87,86.62,86.92,GRU-15
550549,2026-03-08,2026-04-03,86.89,86.67,86.92,GRU-15
550549,2026-03-08,2026-04-04,86.89,86.66,86.93,GRU-15
550549,2026-03-08,2026-04-05,86.9,86.72,86.93,GRU-15
550549,2026-03-08,2026-04-06,86.9,86.69,86.93,GRU-15
550549,2026-03-08,2026-04-07,86.91,86.77,86.93,GRU-15
550674,2026-03-08,2026-03-09,32.28,32.2,32.36,GRU-15
550674,2026-03-08,2026-03-10,32.41,32.28,32.56,GRU-15
550674,2026-03-08,2026-03-11,32.49,32.32,32.68,GRU-15
550674,2026-03-08,2026-03-12,32.59,32.39,32.82,GRU-15
550674,2026-03-08,2026-03-13,32.7,32.45,32.94,GRU-15
550674,2026-03-08,2026-03-14,32.81,32.52,33.08,GRU-15
550674,2026-03-08,2026-03-15,32.93,32.61,33.18,GRU-15
550674,2026-03-08,2026-03-16,33.09,32.68,33.33,GRU-15
550674,2026-03-08,2026-03-17,33.2,32.84,33.43,GRU-15
550674,2026-03-08,2026-03-18,33.31,32.97,33.52,GRU-15
550674,2026-03-08,2026-03-19,33.41,32.99,33.58,GRU-15
550674,2026-03-08,2026-03-20,33.5,33.1,33.63,GRU-15
550674,2026-03-08,2026-03-21,33.55,33.23,33.65,GRU-15
550674,2026-03-08,2026-03-22,33.6,33.35,33.69,GRU-15
550674,2026-03-08,2026-03-23,33.64,33.44,33.7,GRU-15
550674,2026-03-08,2026-03-24,33.67,33.49,33.71,GRU-15
550674,2026-03-08,2026-03-25,33.69,33.53,33.72,GRU-15
550674,2026-03-08,2026-03-26,33.7,33.58,33.72,GRU-15
550674,2026-03-08,2026-03-27,33.71,33.6,33.72,GRU-15
550674,2026-03-08,2026-03-28,33.71,33.6,33.72,GRU-15
550674,2026-03-08,2026-03-29,33.72,33.62,33.73,GRU-15
550674,2026-03-08,2026-03-30,33.72,33.66,33.73,GRU-15
550674,2026-03-08,2026-03-31,33.72,33.66,33.73,GRU-15
550674,2026-03-08,2026-04-01,33.72,33.66,33.73,GRU-15
550674,2026-03-08,2026-04-02,33.72,33.67,33.73,GRU-15
550674,2026-03-08,2026-04-03,33.72,33.67,33.73,GRU-15
550674,2026-03-08,2026-04-04,33.73,33.68,33.73,GRU-15
550674,2026-03-08,2026-04-05,33.73,33.68,33.73,GRU-15
550674,2026-03-08,2026-04-06,33.73,33.67,33.73,GRU-15
550674,2026-03-08,2026-04-07,33.73,33.69,33.73,GRU-15
550718,2026-03-08,2026-03-09,27.94,27.88,28.0,GRU-15
550718,2026-03-08,2026-03-10,28.03,27.93,28.14,GRU-15
550718,2026-03-08,2026-03-11,28.09,27.96,28.22,GRU-15
550718,2026-03-08,2026-03-12,28.15,28.0,28.31,GRU-15
550718,2026-03-08,2026-03-13,28.21,28.04,28.39,GRU-15
550718,2026-03-08,2026-03-14,28.28,28.08,28.5,GRU-15
550718,2026-03-08,2026-03-15,28.39,28.13,28.56,GRU-15
550718,2026-03-08,2026-03-16,28.47,28.2,28.68,GRU-15
550718,2026-03-08,2026-03-17,28.56,28.27,28.76,GRU-15
550718,2026-03-08,2026-03-18,28.67,28.37,28.83,GRU-15
550718,2026-03-08,2026-03-19,28.73,28.4,28.89,GRU-15
550718,2026-03-08,2026-03-20,28.82,28.47,28.95,GRU-15
550718,2026-03-08,2026-03-21,28.86,28.59,29.0,GRU-15
550718,2026-03-08,2026-03-22,28.94,28.62,29.06,GRU-15
550718,2026-03-08,2026-03-23,28.98,28.69,29.08,GRU-15
550718,2026-03-08,2026-03-24,29.01,28.73,29.09,GRU-15
550718,2026-03-08,2026-03-25,29.05,28.79,29.11,GRU-15
550718,2026-03-08,2026-03-26,29.06,28.8,29.11,GRU-15
550718,2026-03-08,2026-03-27,29.08,28.85,29.12,GRU-15
550718,2026-03-08,2026-03-28,29.08,28.87,29.12,GRU-15
550718,2026-03-08,2026-03-29,29.1,28.95,29.13,GRU-15
550718,2026-03-08,2026-03-30,29.11,28.95,29.13,GRU-15
550718,2026-03-08,2026-03-31,29.11,28.98,29.13,GRU-15
550718,2026-03-08,2026-04-01,29.11,28.98,29.13,GRU-15
550718,2026-03-08,2026-04-02,29.11,28.98,29.13,GRU-15
550718,2026-03-08,2026-04-03,29.11,29.01,29.13,GRU-15
550718,2026-03-08,2026-04-04,29.12,29.02,29.13,GRU-15
550718,2026-03-08,2026-04-05,29.12,29.0,29.13,GRU-15
550718,2026-03-08,2026-04-06,29.12,29.03,29.13,GRU-15
550718,2026-03-08,2026-04-07,29.12,29.03,29.13,GRU-15
550719,2026-03-08,2026-03-09,13.5,13.49,13.51,GRU-15
550719,2026-03-08,2026-03-10,13.49,13.48,13.5,GRU-15
550719,2026-03-08,2026-03-11,13.48,13.46,13.5,GRU-15
550719,2026-03-08,2026-03-12,13.47,13.45,13.5,GRU-15
550719,2026-03-08,2026-03-13,13.46,13.44,13.49,GRU-15
550719,2026-03-08,2026-03-14,13.46,13.43,13.49,GRU-15
550719,2026-03-08,2026-03-15,13.45,13.41,13.49,GRU-15
550719,2026-03-08,2026-03-16,13.44,13.4,13.49,GRU-15
550719,2026-03-08,2026-03-17,13.43,13.38,13.48,GRU-15
550719,2026-03-08,2026-03-18,13.42,13.37,13.48,GRU-15
550719,2026-03-08,2026-03-19,13.41,13.36,13.48,GRU-15
550719,2026-03-08,2026-03-20,13.4,13.35,13.48,GRU-15
550719,2026-03-08,2026-03-21,13.39,13.33,13.48,GRU-15
550719,2026-03-08,2026-03-22,13.38,13.32,13.47,GRU-15
550719,2026-03-08,2026-03-23,13.37,13.31,13.47,GRU-15
550719,2026-03-08,2026-03-24,13.37,13.32,13.46,GRU-15
550719,2026-03-08,2026-03-25,13.35,13.3,13.46,GRU-15
550719,2026-03-08,2026-03-26,13.35,13.3,13.47,GRU-15
550719,2026-03-08,2026-03-27,13.33,13.29,13.45,GRU-15
550719,2026-03-08,2026-03-28,13.35,13.29,13.45,GRU-15
550719,2026-03-08,2026-03-29,13.32,13.28,13.44,GRU-15
550719,2026-03-08,2026-03-30,13.33,13.28,13.46,GRU-15
550719,2026-03-08,2026-03-31,13.32,13.28,13.45,GRU-15
550719,2026-03-08,2026-04-01,13.32,13.28,13.45,GRU-15
550719,2026-03-08,2026-04-02,13.33,13.28,13.44,GRU-15
550719,2026-03-08,2026-04-03,13.32,13.27,13.44,GRU-15
550719,2026-03-08,2026-04-04,13.33,13.28,13.44,GRU-15
550719,2026-03-08,2026-04-05,13.32,13.28,13.44,GRU-15
550719,2026-03-08,2026-04-06,13.3,13.27,13.42,GRU-15
550719,2026-03-08,2026-04-07,13.31,13.27,13.43,GRU-15
550721,2026-03-08,2026-03-09,27.94,27.84,28.04,GRU-15
550721,2026-03-08,2026-03-10,28.12,27.95,28.28,GRU-15
550721,2026-03-08,2026-03-11,28.24,28.03,28.44,GRU-15
550721,2026-03-08,2026-03-12,28.36,28.13,28.55,GRU-15
550721,2026-03-08,2026-03-13,28.51,28.22,28.69,GRU-15
550721,2026-03-08,2026-03-14,28.62,28.32,28.79,GRU-15
550721,2026-03-08,2026-03-15,28.69,28.44,28.84,GRU-15
550721,2026-03-08,2026-03-16,28.78,28.48,28.88,GRU-15
550721,2026-03-08,2026-03-17,28.84,28.61,28.92,GRU-15
550721,2026-03-08,2026-03-18,28.89,28.71,28.95,GRU-15
550721,2026-03-08,2026-03-19,28.92,28.76,28.96,GRU-15
550721,2026-03-08,2026-03-20,28.94,28.82,28.97,GRU-15
550721,2026-03-08,2026-03-21,28.96,28.88,28.98,GRU-15
550721,2026-03-08,2026-03-22,28.97,28.92,28.98,GRU-15
550721,2026-03-08,2026-03-23,28.98,28.93,28.98,GRU-15
550721,2026-03-08,2026-03-24,28.98,28.95,28.99,GRU-15
550721,2026-03-08,2026-03-25,28.98,28.97,28.99,GRU-15
550721,2026-03-08,2026-03-26,28.98,28.97,28.99,GRU-15
550721,2026-03-08,2026-03-27,28.98,28.97,28.99,GRU-15
550721,2026-03-08,2026-03-28,28.98,28.97,28.99,GRU-15
550721,2026-03-08,2026-03-29,28.99,28.98,28.99,GRU-15
550721,2026-03-08,2026-03-30,28.99,28.98,28.99,GRU-15
550721,2026-03-08,2026-03-31,28.99,28.98,28.99,GRU-15
550721,2026-03-08,2026-04-01,28.99,28.98,28.99,GRU-15
550721,2026-03-08,2026-04-02,28.99,28.98,28.99,GRU-15
550721,2026-03-08,2026-04-03,28.99,28.98,28.99,GRU-15
550721,2026-03-08,2026-04-04,28.99,28.98,28.99,GRU-15
550721,2026-03-08,2026-04-05,28.99,28.98,28.99,GRU-15
550721,2026-03-08,2026-04-06,28.99,28.98,28.99,GRU-15
550721,2026-03-08,2026-04-07,28.99,28.98,28.99,GRU-15
550838,2026-03-08,2026-03-09,13.28,13.27,13.29,GRU-15
550838,2026-03-08,2026-03-10,13.28,13.26,13.29,GRU-15
550838,2026-03-08,2026-03-11,13.27,13.24,13.3,GRU-15
550838,2026-03-08,2026-03-12,13.26,13.23,13.3,GRU-15
550838,2026-03-08,2026-03-13,13.26,13.23,13.31,GRU-15
550838,2026-03-08,2026-03-14,13.27,13.22,13.32,GRU-15
550838,2026-03-08,2026-03-15,13.27,13.21,13.33,GRU-15
550838,2026-03-08,2026-03-16,13.27,13.21,13.34,GRU-15
550838,2026-03-08,2026-03-17,13.27,13.2,13.35,GRU-15
550838,2026-03-08,2026-03-18,13.28,13.19,13.38,GRU-15
550838,2026-03-08,2026-03-19,13.28,13.19,13.38,GRU-15
550838,2026-03-08,2026-03-20,13.29,13.18,13.4,GRU-15
550838,2026-03-08,2026-03-21,13.29,13.17,13.42,GRU-15
550838,2026-03-08,2026-03-22,13.31,13.18,13.44,GRU-15
550838,2026-03-08,2026-03-23,13.32,13.19,13.45,GRU-15
550838,2026-03-08,2026-03-24,13.33,13.19,13.47,GRU-15
550838,2026-03-08,2026-03-25,13.33,13.17,13.49,GRU-15
550838,2026-03-08,2026-03-26,13.35,13.21,13.49,GRU-15
550838,2026-03-08,2026-03-27,13.34,13.18,13.5,GRU-15
550838,2026-03-08,2026-03-28,13.38,13.24,13.52,GRU-15
550838,2026-03-08,2026-03-29,13.35,13.18,13.51,GRU-15
550838,2026-03-08,2026-03-30,13.39,13.22,13.54,GRU-15
550838,2026-03-08,2026-03-31,13.37,13.18,13.53,GRU-15
550838,2026-03-08,2026-04-01,13.39,13.22,13.55,GRU-15
550838,2026-03-08,2026-04-02,13.4,13.22,13.56,GRU-15
550838,2026-03-08,2026-04-03,13.41,13.24,13.57,GRU-15
550838,2026-03-08,2026-04-04,13.41,13.26,13.57,GRU-15
550838,2026-03-08,2026-04-05,13.43,13.25,13.59,GRU-15
550838,2026-03-08,2026-04-06,13.4,13.21,13.57,GRU-15
550838,2026-03-08,2026-04-07,13.44,13.27,13.59,GRU-15
550839,2026-03-08,2026-03-09,48.94,48.91,48.98,GRU-15
550839,2026-03-08,2026-03-10,48.94,48.88,49.01,GRU-15
550839,2026-03-08,2026-03-11,48.92,48.83,49.01,GRU-15
550839,2026-03-08,2026-03-12,48.91,48.77,49.03,GRU-15
550839,2026-03-08,2026-03-13,48.93,48.75,49.08,GRU-15
550839,2026-03-08,2026-03-14,48.93,48.72,49.11,GRU-15
550839,2026-03-08,2026-03-15,48.94,48.7,49.15,GRU-15
550839,2026-03-08,2026-03-16,48.96,48.7,49.18,GRU-15
550839,2026-03-08,2026-03-17,48.98,48.68,49.26,GRU-15
550839,2026-03-08,2026-03-18,49.03,48.66,49.41,GRU-15
550839,2026-03-08,2026-03-19,49.05,48.67,49.42,GRU-15
550839,2026-03-08,2026-03-20,49.16,48.65,49.57,GRU-15
550839,2026-03-08,2026-03-21,49.18,48.62,49.67,GRU-15
550839,2026-03-08,2026-03-22,49.25,48.61,49.77,GRU-15
550839,2026-03-08,2026-03-23,49.27,48.69,49.78,GRU-15
550839,2026-03-08,2026-03-24,49.38,48.67,49.91,GRU-15
550839,2026-03-08,2026-03-25,49.41,48.68,50.03,GRU-15
550839,2026-03-08,2026-03-26,49.44,48.72,50.01,GRU-15
550839,2026-03-08,2026-03-27,49.52,48.67,50.07,GRU-15
550839,2026-03-08,2026-03-28,49.57,48.93,50.2,GRU-15
550839,2026-03-08,2026-03-29,49.5,48.73,50.18,GRU-15
550839,2026-03-08,2026-03-30,49.69,48.92,50.28,GRU-15
550839,2026-03-08,2026-03-31,49.62,48.81,50.24,GRU-15
550839,2026-03-08,2026-04-01,49.7,48.98,50.28,GRU-15
550839,2026-03-08,2026-04-02,49.71,49.05,50.31,GRU-15
550839,2026-03-08,2026-04-03,49.76,49.01,50.36,GRU-15
550839,2026-03-08,2026-04-04,49.83,49.03,50.48,GRU-15
550839,2026-03-08,2026-04-05,49.78,49.11,50.47,GRU-15
550839,2026-03-08,2026-04-06,49.74,48.95,50.5,GRU-15
550839,2026-03-08,2026-04-07,49.83,49.07,50.5,GRU-15
550844,2026-03-08,2026-03-09,24.4,24.37,24.46,GRU-15
550844,2026-03-08,2026-03-10,24.48,24.41,24.57,GRU-15
550844,2026-03-08,2026-03-11,24.52,24.43,24.64,GRU-15
550844,2026-03-08,2026-03-12,24.57,24.46,24.71,GRU-15
550844,2026-03-08,2026-03-13,24.64,24.51,24.78,GRU-15
550844,2026-03-08,2026-03-14,24.69,24.53,24.86,GRU-15
550844,2026-03-08,2026-03-15,24.75,24.58,24.9,GRU-15
550844,2026-03-08,2026-03-16,24.82,24.62,24.98,GRU-15
550844,2026-03-08,2026-03-17,24.88,24.68,25.04,GRU-15
550844,2026-03-08,2026-03-18,24.95,24.76,25.08,GRU-15
550844,2026-03-08,2026-03-19,24.99,24.79,25.11,GRU-15
550844,2026-03-08,2026-03-20,25.04,24.86,25.15,GRU-15
550844,2026-03-08,2026-03-21,25.08,24.93,25.18,GRU-15
550844,2026-03-08,2026-03-22,25.12,24.97,25.19,GRU-15
550844,2026-03-08,2026-03-23,25.14,25.01,25.21,GRU-15
550844,2026-03-08,2026-03-24,25.17,25.04,25.21,GRU-15
550844,2026-03-08,2026-03-25,25.19,25.08,25.22,GRU-15
550844,2026-03-08,2026-03-26,25.19,25.09,25.22,GRU-15
550844,2026-03-08,2026-03-27,25.2,25.12,25.22,GRU-15
550844,2026-03-08,2026-03-28,25.2,25.13,25.22,GRU-15
550844,2026-03-08,2026-03-29,25.21,25.14,25.22,GRU-15
550844,2026-03-08,2026-03-30,25.21,25.18,25.22,GRU-15
550844,2026-03-08,2026-03-31,25.21,25.16,25.22,GRU-15
550844,2026-03-08,2026-04-01,25.22,25.17,25.23,GRU-15
550844,2026-03-08,2026-04-02,25.22,25.18,25.23,GRU-15
550844,2026-03-08,2026-04-03,25.22,25.18,25.23,GRU-15
550844,2026-03-08,2026-04-04,25.22,25.18,25.23,GRU-15
550844,2026-03-08,2026-04-05,25.22,25.19,25.23,GRU-15
550844,2026-03-08,2026-04-06,25.22,25.18,25.23,GRU-15
550844,2026-03-08,2026-04-07,25.22,25.2,25.23,GRU-15
551943,2026-03-08,2026-03-09,39.77,39.69,39.84,GRU-15
551943,2026-03-08,2026-03-10,39.65,39.53,39.77,GRU-15
551943,2026-03-08,2026-03-11,39.52,39.31,39.68,GRU-15
551943,2026-03-08,2026-03-12,39.39,39.12,39.6,GRU-15
551943,2026-03-08,2026-03-13,39.28,38.94,39.53,GRU-15
551943,2026-03-08,2026-03-14,39.17,38.79,39.46,GRU-15
551943,2026-03-08,2026-03-15,39.08,38.63,39.38,GRU-15
551943,2026-03-08,2026-03-16,38.96,38.47,39.31,GRU-15
551943,2026-03-08,2026-03-17,38.86,38.3,39.29,GRU-15
551943,2026-03-08,2026-03-18,38.77,38.13,39.26,GRU-15
551943,2026-03-08,2026-03-19,38.63,37.97,39.19,GRU-15
551943,2026-03-08,2026-03-20,38.55,37.8,39.22,GRU-15
551943,2026-03-08,2026-03-21,38.41,37.63,39.17,GRU-15
551943,2026-03-08,2026-03-22,38.26,37.46,39.21,GRU-15
551943,2026-03-08,2026-03-23,38.2,37.35,39.12,GRU-15
551943,2026-03-08,2026-03-24,38.11,37.33,38.97,GRU-15
551943,2026-03-08,2026-03-25,38.0,37.14,38.94,GRU-15
551943,2026-03-08,2026-03-26,38.04,37.18,39.12,GRU-15
551943,2026-03-08,2026-03-27,37.91,36.98,38.91,GRU-15
551943,2026-03-08,2026-03-28,37.97,37.09,39.17,GRU-15
551943,2026-03-08,2026-03-29,37.63,36.72,38.89,GRU-15
551943,2026-03-08,2026-03-30,37.6,36.83,38.8,GRU-15
551943,2026-03-08,2026-03-31,37.56,36.74,38.7,GRU-15
551943,2026-03-08,2026-04-01,37.73,36.85,39.08,GRU-15
551943,2026-03-08,2026-04-02,37.51,36.72,38.73,GRU-15
551943,2026-03-08,2026-04-03,37.52,36.73,38.76,GRU-15
551943,2026-03-08,2026-04-04,37.47,36.61,38.79,GRU-15
551943,2026-03-08,2026-04-05,37.47,36.61,38.8,GRU-15
551943,2026-03-08,2026-04-06,37.37,36.48,38.71,GRU-15
551943,2026-03-08,2026-04-07,37.3,36.47,38.39,GRU-15
551944,2026-03-08,2026-03-09,45.15,45.08,45.25,GRU-15
551944,2026-03-08,2026-03-10,45.19,45.07,45.4,GRU-15
551944,2026-03-08,2026-03-11,45.21,45.04,45.49,GRU-15
551944,2026-03-08,2026-03-12,45.23,45.01,45.57,GRU-15
551944,2026-03-08,2026-03-13,45.25,44.99,45.65,GRU-15
551944,2026-03-08,2026-03-14,45.28,44.96,45.76,GRU-15
551944,2026-03-08,2026-03-15,45.28,44.95,45.81,GRU-15
551944,2026-03-08,2026-03-16,45.32,44.93,45.9,GRU-15
551944,2026-03-08,2026-03-17,45.37,44.92,45.93,GRU-15
551944,2026-03-08,2026-03-18,45.4,44.92,45.96,GRU-15
551944,2026-03-08,2026-03-19,45.45,44.92,46.1,GRU-15
551944,2026-03-08,2026-03-20,45.49,44.96,46.12,GRU-15
551944,2026-03-08,2026-03-21,45.53,44.95,46.23,GRU-15
551944,2026-03-08,2026-03-22,45.6,44.91,46.24,GRU-15
551944,2026-03-08,2026-03-23,45.63,44.9,46.39,GRU-15
551944,2026-03-08,2026-03-24,45.7,44.85,46.46,GRU-15
551944,2026-03-08,2026-03-25,45.74,44.88,46.55,GRU-15
551944,2026-03-08,2026-03-26,45.66,44.68,46.6,GRU-15
551944,2026-03-08,2026-03-27,45.75,44.53,46.59,GRU-15
551944,2026-03-08,2026-03-28,45.74,44.61,46.57,GRU-15
551944,2026-03-08,2026-03-29,45.83,44.67,46.81,GRU-15
551944,2026-03-08,2026-03-30,45.78,44.45,46.76,GRU-15
551944,2026-03-08,2026-03-31,45.85,44.13,46.75,GRU-15
551944,2026-03-08,2026-04-01,45.75,44.35,46.71,GRU-15
551944,2026-03-08,2026-04-02,45.9,44.51,46.87,GRU-15
551944,2026-03-08,2026-04-03,45.73,43.87,46.79,GRU-15
551944,2026-03-08,2026-04-04,45.65,43.82,46.79,GRU-15
551944,2026-03-08,2026-04-05,45.73,44.06,46.73,GRU-15
551944,2026-03-08,2026-04-06,45.81,44.05,46.8,GRU-15
551944,2026-03-08,2026-04-07,45.7,43.91,46.8,GRU-15
559716,2026-03-08,2026-03-09,36.23,36.22,36.25,GRU-15
559716,2026-03-08,2026-03-10,36.25,36.22,36.28,GRU-15
559716,2026-03-08,2026-03-11,36.26,36.22,36.3,GRU-15
559716,2026-03-08,2026-03-12,36.28,36.21,36.32,GRU-15
559716,2026-03-08,2026-03-13,36.3,36.22,36.35,GRU-15
559716,2026-03-08,2026-03-14,36.32,36.22,36.38,GRU-15
559716,2026-03-08,2026-03-15,36.34,36.23,36.41,GRU-15
559716,2026-03-08,2026-03-16,36.36,36.24,36.45,GRU-15
559716,2026-03-08,2026-03-17,36.39,36.27,36.48,GRU-15
559716,2026-03-08,2026-03-18,36.42,36.28,36.52,GRU-15
559716,2026-03-08,2026-03-19,36.44,36.3,36.56,GRU-15
559716,2026-03-08,2026-03-20,36.49,36.33,36.61,GRU-15
559716,2026-03-08,2026-03-21,36.53,36.36,36.65,GRU-15
559716,2026-03-08,2026-03-22,36.56,36.4,36.69,GRU-15
559716,2026-03-08,2026-03-23,36.59,36.41,36.73,GRU-15
559716,2026-03-08,2026-03-24,36.63,36.42,36.77,GRU-15
559716,2026-03-08,2026-03-25,36.65,36.46,36.81,GRU-15
559716,2026-03-08,2026-03-26,36.65,36.46,36.83,GRU-15
559716,2026-03-08,2026-03-27,36.66,36.45,36.84,GRU-15
559716,2026-03-08,2026-03-28,36.72,36.53,36.88,GRU-15
559716,2026-03-08,2026-03-29,36.74,36.53,36.92,GRU-15
559716,2026-03-08,2026-03-30,36.76,36.51,36.91,GRU-15
559716,2026-03-08,2026-03-31,36.78,36.55,36.93,GRU-15
559716,2026-03-08,2026-04-01,36.78,36.56,36.94,GRU-15
559716,2026-03-08,2026-04-02,36.81,36.6,36.96,GRU-15
559716,2026-03-08,2026-04-03,36.83,36.63,36.99,GRU-15
559716,2026-03-08,2026-04-04,36.83,36.63,36.99,GRU-15
559716,2026-03-08,2026-04-05,36.86,36.63,37.0,GRU-15
559716,2026-03-08,2026-04-06,36.85,36.62,37.01,GRU-15
559716,2026-03-08,2026-04-07,36.88,36.64,37.03,GRU-15
561976,2026-03-08,2026-03-09,30.09,30.05,30.15,GRU-15
561976,2026-03-08,2026-03-10,30.15,30.09,30.26,GRU-15
561976,2026-03-08,2026-03-11,30.2,30.11,30.35,GRU-15
561976,2026-03-08,2026-03-12,30.26,30.14,30.44,GRU-15
561976,2026-03-08,2026-03-13,30.36,30.2,30.58,GRU-15
561976,2026-03-08,2026-03-14,30.43,30.23,30.68,GRU-15
561976,2026-03-08,2026-03-15,30.54,30.27,30.77,GRU-15
561976,2026-03-08,2026-03-16,30.61,30.32,30.9,GRU-15
561976,2026-03-08,2026-03-17,30.72,30.44,31.0,GRU-15
561976,2026-03-08,2026-03-18,30.85,30.54,31.2,GRU-15
561976,2026-03-08,2026-03-19,30.95,30.57,31.26,GRU-15
561976,2026-03-08,2026-03-20,31.08,30.69,31.35,GRU-15
561976,2026-03-08,2026-03-21,31.16,30.77,31.42,GRU-15
561976,2026-03-08,2026-03-22,31.24,30.84,31.52,GRU-15
561976,2026-03-08,2026-03-23,31.31,30.95,31.56,GRU-15
561976,2026-03-08,2026-03-24,31.39,31.02,31.62,GRU-15
561976,2026-03-08,2026-03-25,31.45,31.0,31.65,GRU-15
561976,2026-03-08,2026-03-26,31.48,31.06,31.67,GRU-15
561976,2026-03-08,2026-03-27,31.52,31.07,31.68,GRU-15
561976,2026-03-08,2026-03-28,31.55,31.21,31.7,GRU-15
561976,2026-03-08,2026-03-29,31.57,31.19,31.7,GRU-15
561976,2026-03-08,2026-03-30,31.6,31.24,31.72,GRU-15
561976,2026-03-08,2026-03-31,31.61,31.27,31.72,GRU-15
561976,2026-03-08,2026-04-01,31.62,31.28,31.72,GRU-15
561976,2026-03-08,2026-04-02,31.64,31.35,31.73,GRU-15
561976,2026-03-08,2026-04-03,31.66,31.36,31.73,GRU-15
561976,2026-03-08,2026-04-04,31.66,31.41,31.74,GRU-15
561976,2026-03-08,2026-04-05,31.67,31.4,31.74,GRU-15
561976,2026-03-08,2026-04-06,31.67,31.42,31.73,GRU-15
561976,2026-03-08,2026-04-07,31.69,31.44,31.74,GRU-15
561977,2026-03-08,2026-03-09,25.41,25.39,25.44,GRU-15
561977,2026-03-08,2026-03-10,25.43,25.4,25.48,GRU-15
561977,2026-03-08,2026-03-11,25.45,25.39,25.5,GRU-15
561977,2026-03-08,2026-03-12,25.46,25.4,25.54,GRU-15
561977,2026-03-08,2026-03-13,25.49,25.41,25.57,GRU-15
561977,2026-03-08,2026-03-14,25.52,25.42,25.61,GRU-15
561977,2026-03-08,2026-03-15,25.54,25.42,25.65,GRU-15
561977,2026-03-08,2026-03-16,25.57,25.45,25.69,GRU-15
561977,2026-03-08,2026-03-17,25.6,25.46,25.75,GRU-15
561977,2026-03-08,2026-03-18,25.64,25.48,25.82,GRU-15
561977,2026-03-08,2026-03-19,25.66,25.5,25.83,GRU-15
561977,2026-03-08,2026-03-20,25.71,25.56,25.89,GRU-15
561977,2026-03-08,2026-03-21,25.75,25.59,25.93,GRU-15
561977,2026-03-08,2026-03-22,25.79,25.61,25.98,GRU-15
561977,2026-03-08,2026-03-23,25.82,25.62,26.03,GRU-15
561977,2026-03-08,2026-03-24,25.86,25.65,26.05,GRU-15
561977,2026-03-08,2026-03-25,25.89,25.71,26.11,GRU-15
561977,2026-03-08,2026-03-26,25.92,25.73,26.12,GRU-15
561977,2026-03-08,2026-03-27,25.93,25.72,26.15,GRU-15
561977,2026-03-08,2026-03-28,25.95,25.76,26.14,GRU-15
561977,2026-03-08,2026-03-29,25.98,25.79,26.16,GRU-15
561977,2026-03-08,2026-03-30,26.01,25.8,26.18,GRU-15
561977,2026-03-08,2026-03-31,26.02,25.81,26.17,GRU-15
561977,2026-03-08,2026-04-01,26.01,25.79,26.19,GRU-15
561977,2026-03-08,2026-04-02,26.03,25.82,26.19,GRU-15
561977,2026-03-08,2026-04-03,26.05,25.84,26.21,GRU-15
561977,2026-03-08,2026-04-04,26.06,25.79,26.21,GRU-15
561977,2026-03-08,2026-04-05,26.06,25.84,26.22,GRU-15
561977,2026-03-08,2026-04-06,26.08,25.87,26.22,GRU-15
561977,2026-03-08,2026-04-07,26.09,25.89,26.23,GRU-15
561978,2026-03-08,2026-03-09,17.62,17.62,17.63,GRU-15
561978,2026-03-08,2026-03-10,17.61,17.6,17.62,GRU-15
561978,2026-03-08,2026-03-11,17.59,17.58,17.6,GRU-15
561978,2026-03-08,2026-03-12,17.58,17.56,17.59,GRU-15
561978,2026-03-08,2026-03-13,17.56,17.54,17.58,GRU-15
561978,2026-03-08,2026-03-14,17.55,17.52,17.57,GRU-15
561978,2026-03-08,2026-03-15,17.53,17.5,17.55,GRU-15
561978,2026-03-08,2026-03-16,17.51,17.49,17.54,GRU-15
561978,2026-03-08,2026-03-17,17.49,17.47,17.53,GRU-15
561978,2026-03-08,2026-03-18,17.48,17.45,17.51,GRU-15
561978,2026-03-08,2026-03-19,17.46,17.43,17.49,GRU-15
561978,2026-03-08,2026-03-20,17.44,17.41,17.48,GRU-15
561978,2026-03-08,2026-03-21,17.42,17.4,17.46,GRU-15
561978,2026-03-08,2026-03-22,17.4,17.38,17.44,GRU-15
561978,2026-03-08,2026-03-23,17.4,17.38,17.43,GRU-15
561978,2026-03-08,2026-03-24,17.39,17.37,17.42,GRU-15
561978,2026-03-08,2026-03-25,17.38,17.37,17.4,GRU-15
561978,2026-03-08,2026-03-26,17.38,17.37,17.4,GRU-15
561978,2026-03-08,2026-03-27,17.37,17.37,17.39,GRU-15
561978,2026-03-08,2026-03-28,17.37,17.37,17.38,GRU-15
561978,2026-03-08,2026-03-29,17.37,17.37,17.38,GRU-15
561978,2026-03-08,2026-03-30,17.37,17.37,17.37,GRU-15
561978,2026-03-08,2026-03-31,17.37,17.37,17.37,GRU-15
561978,2026-03-08,2026-04-01,17.37,17.37,17.37,GRU-15
561978,2026-03-08,2026-04-02,17.37,17.37,17.37,GRU-15
561978,2026-03-08,2026-04-03,17.37,17.37,17.37,GRU-15
561978,2026-03-08,2026-04-04,17.37,17.37,17.37,GRU-15
561978,2026-03-08,2026-04-05,17.37,17.37,17.37,GRU-15
561978,2026-03-08,2026-04-06,17.37,17.37,17.37,GRU-15
561978,2026-03-08,2026-04-07,17.37,17.37,17.37,GRU-15
561979,2026-03-08,2026-03-09,20.13,20.11,20.14,GRU-15
561979,2026-03-08,2026-03-10,20.14,20.11,20.17,GRU-15
561979,2026-03-08,2026-03-11,20.15,20.11,20.19,GRU-15
561979,2026-03-08,2026-03-12,20.16,20.11,20.22,GRU-15
561979,2026-03-08,2026-03-13,20.18,20.11,20.24,GRU-15
561979,2026-03-08,2026-03-14,20.21,20.12,20.28,GRU-15
561979,2026-03-08,2026-03-15,20.21,20.12,20.29,GRU-15
561979,2026-03-08,2026-03-16,20.23,20.13,20.33,GRU-15
561979,2026-03-08,2026-03-17,20.24,20.14,20.34,GRU-15
561979,2026-03-08,2026-03-18,20.26,20.17,20.37,GRU-15
561979,2026-03-08,2026-03-19,20.28,20.16,20.4,GRU-15
561979,2026-03-08,2026-03-20,20.3,20.19,20.42,GRU-15
561979,2026-03-08,2026-03-21,20.34,20.21,20.46,GRU-15
561979,2026-03-08,2026-03-22,20.35,20.24,20.48,GRU-15
561979,2026-03-08,2026-03-23,20.38,20.25,20.51,GRU-15
561979,2026-03-08,2026-03-24,20.4,20.26,20.54,GRU-15
561979,2026-03-08,2026-03-25,20.41,20.26,20.56,GRU-15
561979,2026-03-08,2026-03-26,20.42,20.3,20.58,GRU-15
561979,2026-03-08,2026-03-27,20.4,20.26,20.59,GRU-15
561979,2026-03-08,2026-03-28,20.45,20.3,20.61,GRU-15
561979,2026-03-08,2026-03-29,20.49,20.31,20.67,GRU-15
561979,2026-03-08,2026-03-30,20.49,20.35,20.66,GRU-15
561979,2026-03-08,2026-03-31,20.51,20.34,20.69,GRU-15
561979,2026-03-08,2026-04-01,20.52,20.35,20.7,GRU-15
561979,2026-03-08,2026-04-02,20.55,20.35,20.74,GRU-15
561979,2026-03-08,2026-04-03,20.57,20.4,20.74,GRU-15
561979,2026-03-08,2026-04-04,20.59,20.37,20.78,GRU-15
561979,2026-03-08,2026-04-05,20.58,20.38,20.74,GRU-15
561979,2026-03-08,2026-04-06,20.58,20.37,20.77,GRU-15
561979,2026-03-08,2026-04-07,20.6,20.4,20.79,GRU-15
561980,2026-03-08,2026-03-09,50.55,50.53,50.58,GRU-15
561980,2026-03-08,2026-03-10,50.52,50.48,50.56,GRU-15
561980,2026-03-08,2026-03-11,50.47,50.42,50.53,GRU-15
561980,2026-03-08,2026-03-12,50.43,50.37,50.51,GRU-15
561980,2026-03-08,2026-03-13,50.4,50.31,50.5,GRU-15
561980,2026-03-08,2026-03-14,50.36,50.27,50.47,GRU-15
561980,2026-03-08,2026-03-15,50.33,50.22,50.46,GRU-15
561980,2026-03-08,2026-03-16,50.3,50.17,50.44,GRU-15
561980,2026-03-08,2026-03-17,50.27,50.13,50.45,GRU-15
561980,2026-03-08,2026-03-18,50.25,50.09,50.45,GRU-15
561980,2026-03-08,2026-03-19,50.22,50.05,50.44,GRU-15
561980,2026-03-08,2026-03-20,50.2,50.01,50.46,GRU-15
561980,2026-03-08,2026-03-21,50.16,49.96,50.45,GRU-15
561980,2026-03-08,2026-03-22,50.16,49.93,50.47,GRU-15
561980,2026-03-08,2026-03-23,50.12,49.9,50.44,GRU-15
561980,2026-03-08,2026-03-24,50.12,49.88,50.44,GRU-15
561980,2026-03-08,2026-03-25,50.09,49.82,50.44,GRU-15
561980,2026-03-08,2026-03-26,50.14,49.88,50.46,GRU-15
561980,2026-03-08,2026-03-27,50.07,49.8,50.46,GRU-15
561980,2026-03-08,2026-03-28,50.1,49.85,50.46,GRU-15
561980,2026-03-08,2026-03-29,49.98,49.73,50.36,GRU-15
561980,2026-03-08,2026-03-30,50.01,49.75,50.42,GRU-15
561980,2026-03-08,2026-03-31,49.95,49.67,50.42,GRU-15
561980,2026-03-08,2026-04-01,50.06,49.78,50.41,GRU-15
561980,2026-03-08,2026-04-02,49.96,49.67,50.37,GRU-15
561980,2026-03-08,2026-04-03,50.01,49.75,50.39,GRU-15
561980,2026-03-08,2026-04-04,50.02,49.72,50.39,GRU-15
561980,2026-03-08,2026-04-05,49.97,49.71,50.4,GRU-15
561980,2026-03-08,2026-04-06,49.92,49.65,50.31,GRU-15
561980,2026-03-08,2026-04-07,49.91,49.65,50.35,GRU-15
561981,2026-03-08,2026-03-09,39.91,39.89,39.92,GRU-15
561981,2026-03-08,2026-03-10,39.85,39.81,39.88,GRU-15
561981,2026-03-08,2026-03-11,39.79,39.74,39.83,GRU-15
561981,2026-03-08,2026-03-12,39.72,39.67,39.78,GRU-15
561981,2026-03-08,2026-03-13,39.67,39.6,39.73,GRU-15
561981,2026-03-08,2026-03-14,39.59,39.51,39.66,GRU-15
561981,2026-03-08,2026-03-15,39.51,39.42,39.58,GRU-15
561981,2026-03-08,2026-03-16,39.43,39.34,39.51,GRU-15
561981,2026-03-08,2026-03-17,39.35,39.25,39.44,GRU-15
561981,2026-03-08,2026-03-18,39.28,39.19,39.37,GRU-15
561981,2026-03-08,2026-03-19,39.2,39.12,39.29,GRU-15
561981,2026-03-08,2026-03-20,39.13,39.06,39.22,GRU-15
561981,2026-03-08,2026-03-21,39.07,39.03,39.14,GRU-15
561981,2026-03-08,2026-03-22,39.03,39.0,39.09,GRU-15
561981,2026-03-08,2026-03-23,39.01,38.99,39.04,GRU-15
561981,2026-03-08,2026-03-24,39.0,38.99,39.02,GRU-15
561981,2026-03-08,2026-03-25,38.99,38.99,39.01,GRU-15
561981,2026-03-08,2026-03-26,38.99,38.99,39.0,GRU-15
561981,2026-03-08,2026-03-27,38.99,38.99,38.99,GRU-15
561981,2026-03-08,2026-03-28,38.99,38.99,38.99,GRU-15
561981,2026-03-08,2026-03-29,38.99,38.99,38.99,GRU-15
561981,2026-03-08,2026-03-30,38.99,38.99,38.99,GRU-15
561981,2026-03-08,2026-03-31,38.99,38.99,38.99,GRU-15
561981,2026-03-08,2026-04-01,38.99,38.99,38.99,GRU-15
561981,2026-03-08,2026-04-02,38.99,38.99,38.99,GRU-15
561981,2026-03-08,2026-04-03,38.99,38.99,38.99,GRU-15
561981,2026-03-08,2026-04-04,38.99,38.99,38.99,GRU-15
561981,2026-03-08,2026-04-05,38.99,38.99,38.99,GRU-15
561981,2026-03-08,2026-04-06,38.99,38.99,38.99,GRU-15
561981,2026-03-08,2026-04-07,38.99,38.99,38.99,GRU-15
561982,2026-03-08,2026-03-09,54.63,54.52,54.73,GRU-15
561982,2026-03-08,2026-03-10,54.33,54.12,54.47,GRU-15
561982,2026-03-08,2026-03-11,53.97,53.7,54.2,GRU-15
561982,2026-03-08,2026-03-12,53.65,53.31,53.93,GRU-15
561982,2026-03-08,2026-03-13,53.33,52.9,53.65,GRU-15
561982,2026-03-08,2026-03-14,52.92,52.43,53.27,GRU-15
561982,2026-03-08,2026-03-15,52.49,51.95,52.89,GRU-15
561982,2026-03-08,2026-03-16,52.07,51.54,52.56,GRU-15
561982,2026-03-08,2026-03-17,51.63,51.07,52.17,GRU-15
561982,2026-03-08,2026-03-18,51.22,50.67,51.82,GRU-15
561982,2026-03-08,2026-03-19,50.79,50.29,51.44,GRU-15
561982,2026-03-08,2026-03-20,50.37,49.89,50.93,GRU-15
561982,2026-03-08,2026-03-21,49.96,49.63,50.48,GRU-15
561982,2026-03-08,2026-03-22,49.66,49.44,50.19,GRU-15
561982,2026-03-08,2026-03-23,49.52,49.35,49.83,GRU-15
561982,2026-03-08,2026-03-24,49.4,49.3,49.65,GRU-15
561982,2026-03-08,2026-03-25,49.34,49.27,49.53,GRU-15
561982,2026-03-08,2026-03-26,49.3,49.25,49.43,GRU-15
561982,2026-03-08,2026-03-27,49.26,49.24,49.34,GRU-15
561982,2026-03-08,2026-03-28,49.25,49.24,49.28,GRU-15
561982,2026-03-08,2026-03-29,49.25,49.24,49.28,GRU-15
561982,2026-03-08,2026-03-30,49.24,49.24,49.26,GRU-15
561982,2026-03-08,2026-03-31,49.24,49.24,49.25,GRU-15
561982,2026-03-08,2026-04-01,49.24,49.24,49.25,GRU-15
561982,2026-03-08,2026-04-02,49.24,49.24,49.25,GRU-15
561982,2026-03-08,2026-04-03,49.24,49.24,49.24,GRU-15
561982,2026-03-08,2026-04-04,49.24,49.24,49.25,GRU-15
561982,2026-03-08,2026-04-05,49.24,49.24,49.24,GRU-15
561982,2026-03-08,2026-04-06,49.24,49.24,49.24,GRU-15
561982,2026-03-08,2026-04-07,49.24,49.24,49.24,GRU-15
561983,2026-03-08,2026-03-09,89.19,89.15,89.24,GRU-15
561983,2026-03-08,2026-03-10,89.16,89.06,89.25,GRU-15
561983,2026-03-08,2026-03-11,89.11,88.97,89.25,GRU-15
561983,2026-03-08,2026-03-12,89.06,88.85,89.23,GRU-15
561983,2026-03-08,2026-03-13,89.03,88.78,89.24,GRU-15
561983,2026-03-08,2026-03-14,88.96,88.72,89.23,GRU-15
561983,2026-03-08,2026-03-15,88.91,88.61,89.23,GRU-15
561983,2026-03-08,2026-03-16,88.89,88.6,89.24,GRU-15
561983,2026-03-08,2026-03-17,88.86,88.5,89.23,GRU-15
561983,2026-03-08,2026-03-18,88.78,88.38,89.24,GRU-15
561983,2026-03-08,2026-03-19,88.75,88.34,89.26,GRU-15
561983,2026-03-08,2026-03-20,88.69,88.17,89.24,GRU-15
561983,2026-03-08,2026-03-21,88.6,88.1,89.25,GRU-15
561983,2026-03-08,2026-03-22,88.49,87.92,89.22,GRU-15
561983,2026-03-08,2026-03-23,88.34,87.71,89.15,GRU-15
561983,2026-03-08,2026-03-24,88.17,87.6,89.12,GRU-15
561983,2026-03-08,2026-03-25,87.99,87.45,89.04,GRU-15
561983,2026-03-08,2026-03-26,87.85,87.38,88.88,GRU-15
561983,2026-03-08,2026-03-27,87.6,87.29,88.68,GRU-15
561983,2026-03-08,2026-03-28,87.59,87.29,88.82,GRU-15
561983,2026-03-08,2026-03-29,87.53,87.26,88.67,GRU-15
561983,2026-03-08,2026-03-30,87.46,87.26,88.79,GRU-15
561983,2026-03-08,2026-03-31,87.39,87.25,88.42,GRU-15
561983,2026-03-08,2026-04-01,87.36,87.25,88.54,GRU-15
561983,2026-03-08,2026-04-02,87.32,87.25,88.42,GRU-15
561983,2026-03-08,2026-04-03,87.31,87.25,88.21,GRU-15
561983,2026-03-08,2026-04-04,87.29,87.24,88.17,GRU-15
561983,2026-03-08,2026-04-05,87.31,87.25,88.17,GRU-15
561983,2026-03-08,2026-04-06,87.28,87.24,88.14,GRU-15
561983,2026-03-08,2026-04-07,87.28,87.24,88.04,GRU-15
561984,2026-03-08,2026-03-09,65.32,65.21,65.39,GRU-15
561984,2026-03-08,2026-03-10,65.07,64.89,65.19,GRU-15
561984,2026-03-08,2026-03-11,64.8,64.57,65.0,GRU-15
561984,2026-03-08,2026-03-12,64.56,64.24,64.83,GRU-15
561984,2026-03-08,2026-03-13,64.31,63.93,64.64,GRU-15
561984,2026-03-08,2026-03-14,63.99,63.55,64.37,GRU-15
561984,2026-03-08,2026-03-15,63.66,63.15,64.08,GRU-15
561984,2026-03-08,2026-03-16,63.36,62.85,63.83,GRU-15
561984,2026-03-08,2026-03-17,63.04,62.52,63.53,GRU-15
561984,2026-03-08,2026-03-18,62.75,62.25,63.25,GRU-15
561984,2026-03-08,2026-03-19,62.43,62.02,62.91,GRU-15
561984,2026-03-08,2026-03-20,62.16,61.83,62.6,GRU-15
561984,2026-03-08,2026-03-21,61.94,61.72,62.29,GRU-15
561984,2026-03-08,2026-03-22,61.79,61.66,62.02,GRU-15
561984,2026-03-08,2026-03-23,61.71,61.63,61.88,GRU-15
561984,2026-03-08,2026-03-24,61.67,61.62,61.8,GRU-15
561984,2026-03-08,2026-03-25,61.64,61.62,61.72,GRU-15
561984,2026-03-08,2026-03-26,61.62,61.61,61.69,GRU-15
561984,2026-03-08,2026-03-27,61.62,61.61,61.64,GRU-15
561984,2026-03-08,2026-03-28,61.61,61.61,61.63,GRU-15
561984,2026-03-08,2026-03-29,61.61,61.61,61.62,GRU-15
561984,2026-03-08,2026-03-30,61.61,61.61,61.62,GRU-15
561984,2026-03-08,2026-03-31,61.61,61.61,61.62,GRU-15
561984,2026-03-08,2026-04-01,61.61,61.61,61.62,GRU-15
561984,2026-03-08,2026-04-02,61.61,61.61,61.62,GRU-15
561984,2026-03-08,2026-04-03,61.61,61.61,61.61,GRU-15
561984,2026-03-08,2026-04-04,61.61,61.61,61.61,GRU-15
561984,2026-03-08,2026-04-05,61.61,61.61,61.61,GRU-15
561984,2026-03-08,2026-04-06,61.61,61.61,61.61,GRU-15
561984,2026-03-08,2026-04-07,61.61,61.61,61.61,GRU-15
561991,2026-03-08,2026-03-09,105.37,105.28,105.47,GRU-15
561991,2026-03-08,2026-03-10,105.04,104.91,105.24,GRU-15
561991,2026-03-08,2026-03-11,104.7,104.47,104.97,GRU-15
561991,2026-03-08,2026-03-12,104.34,104.12,104.71,GRU-15
561991,2026-03-08,2026-03-13,104.01,103.76,104.46,GRU-15
561991,2026-03-08,2026-03-14,103.59,103.29,104.1,GRU-15
561991,2026-03-08,2026-03-15,103.15,102.79,103.77,GRU-15
561991,2026-03-08,2026-03-16,102.74,102.29,103.31,GRU-15
561991,2026-03-08,2026-03-17,102.3,101.81,102.93,GRU-15
561991,2026-03-08,2026-03-18,101.83,101.37,102.51,GRU-15
561991,2026-03-08,2026-03-19,101.33,100.88,102.09,GRU-15
561991,2026-03-08,2026-03-20,100.86,100.46,101.65,GRU-15
561991,2026-03-08,2026-03-21,100.44,100.15,101.05,GRU-15
561991,2026-03-08,2026-03-22,100.14,99.93,100.67,GRU-15
561991,2026-03-08,2026-03-23,99.98,99.84,100.36,GRU-15
561991,2026-03-08,2026-03-24,99.9,99.8,100.17,GRU-15
561991,2026-03-08,2026-03-25,99.83,99.77,100.0,GRU-15
561991,2026-03-08,2026-03-26,99.79,99.75,99.94,GRU-15
561991,2026-03-08,2026-03-27,99.77,99.75,99.82,GRU-15
561991,2026-03-08,2026-03-28,99.75,99.75,99.79,GRU-15
561991,2026-03-08,2026-03-29,99.75,99.74,99.77,GRU-15
561991,2026-03-08,2026-03-30,99.75,99.74,99.77,GRU-15
561991,2026-03-08,2026-03-31,99.74,99.74,99.75,GRU-15
561991,2026-03-08,2026-04-01,99.74,99.74,99.76,GRU-15
561991,2026-03-08,2026-04-02,99.74,99.74,99.75,GRU-15
561991,2026-03-08,2026-04-03,99.74,99.74,99.75,GRU-15
561991,2026-03-08,2026-04-04,99.74,99.74,99.75,GRU-15
561991,2026-03-08,2026-04-05,99.74,99.74,99.74,GRU-15
561991,2026-03-08,2026-04-06,99.74,99.74,99.75,GRU-15
561991,2026-03-08,2026-04-07,99.74,99.74,99.74,GRU-15
561992,2026-03-08,2026-03-09,39.07,39.0,39.15,GRU-15
561992,2026-03-08,2026-03-10,39.24,39.12,39.36,GRU-15
561992,2026-03-08,2026-03-11,39.34,39.2,39.52,GRU-15
561992,2026-03-08,2026-03-12,39.47,39.29,39.66,GRU-15
561992,2026-03-08,2026-03-13,39.58,39.4,39.78,GRU-15
561992,2026-03-08,2026-03-14,39.7,39.49,39.88,GRU-15
561992,2026-03-08,2026-03-15,39.77,39.57,39.92,GRU-15
561992,2026-03-08,2026-03-16,39.84,39.66,39.99,GRU-15
561992,2026-03-08,2026-03-17,39.91,39.75,40.04,GRU-15
561992,2026-03-08,2026-03-18,39.97,39.85,40.06,GRU-15
561992,2026-03-08,2026-03-19,40.01,39.89,40.08,GRU-15
561992,2026-03-08,2026-03-20,40.04,39.94,40.09,GRU-15
561992,2026-03-08,2026-03-21,40.07,39.99,40.1,GRU-15
561992,2026-03-08,2026-03-22,40.09,40.03,40.11,GRU-15
561992,2026-03-08,2026-03-23,40.1,40.05,40.12,GRU-15
561992,2026-03-08,2026-03-24,40.11,40.06,40.12,GRU-15
561992,2026-03-08,2026-03-25,40.11,40.09,40.12,GRU-15
561992,2026-03-08,2026-03-26,40.12,40.1,40.12,GRU-15
561992,2026-03-08,2026-03-27,40.12,40.1,40.12,GRU-15
561992,2026-03-08,2026-03-28,40.12,40.11,40.12,GRU-15
561992,2026-03-08,2026-03-29,40.12,40.11,40.12,GRU-15
561992,2026-03-08,2026-03-30,40.12,40.11,40.12,GRU-15
561992,2026-03-08,2026-03-31,40.12,40.11,40.12,GRU-15
561992,2026-03-08,2026-04-01,40.12,40.11,40.12,GRU-15
561992,2026-03-08,2026-04-02,40.12,40.12,40.12,GRU-15
561992,2026-03-08,2026-04-03,40.12,40.12,40.12,GRU-15
561992,2026-03-08,2026-04-04,40.12,40.12,40.12,GRU-15
561992,2026-03-08,2026-04-05,40.12,40.12,40.12,GRU-15
561992,2026-03-08,2026-04-06,40.12,40.12,40.12,GRU-15
561992,2026-03-08,2026-04-07,40.12,40.12,40.12,GRU-15
561993,2026-03-08,2026-03-09,39.58,39.49,39.64,GRU-15
561993,2026-03-08,2026-03-10,39.46,39.32,39.57,GRU-15
561993,2026-03-08,2026-03-11,39.33,39.12,39.49,GRU-15
561993,2026-03-08,2026-03-12,39.2,38.93,39.42,GRU-15
561993,2026-03-08,2026-03-13,39.08,38.76,39.37,GRU-15
561993,2026-03-08,2026-03-14,38.99,38.61,39.31,GRU-15
561993,2026-03-08,2026-03-15,38.89,38.44,39.26,GRU-15
561993,2026-03-08,2026-03-16,38.79,38.29,39.2,GRU-15
561993,2026-03-08,2026-03-17,38.71,38.12,39.18,GRU-15
561993,2026-03-08,2026-03-18,38.62,37.95,39.16,GRU-15
561993,2026-03-08,2026-03-19,38.52,37.79,39.1,GRU-15
561993,2026-03-08,2026-03-20,38.41,37.57,39.17,GRU-15
561993,2026-03-08,2026-03-21,38.27,37.41,39.1,GRU-15
561993,2026-03-08,2026-03-22,38.14,37.29,39.05,GRU-15
561993,2026-03-08,2026-03-23,38.05,37.14,39.06,GRU-15
561993,2026-03-08,2026-03-24,38.0,37.1,39.05,GRU-15
561993,2026-03-08,2026-03-25,37.9,36.91,38.88,GRU-15
561993,2026-03-08,2026-03-26,37.92,37.07,39.03,GRU-15
561993,2026-03-08,2026-03-27,37.8,36.83,38.9,GRU-15
561993,2026-03-08,2026-03-28,37.7,36.8,39.0,GRU-15
561993,2026-03-08,2026-03-29,37.56,36.45,38.9,GRU-15
561993,2026-03-08,2026-03-30,37.48,36.62,38.82,GRU-15
561993,2026-03-08,2026-03-31,37.48,36.41,38.88,GRU-15
561993,2026-03-08,2026-04-01,37.54,36.64,38.93,GRU-15
561993,2026-03-08,2026-04-02,37.46,36.47,38.96,GRU-15
561993,2026-03-08,2026-04-03,37.38,36.57,38.83,GRU-15
561993,2026-03-08,2026-04-04,37.51,36.53,38.74,GRU-15
561993,2026-03-08,2026-04-05,37.34,36.29,38.93,GRU-15
561993,2026-03-08,2026-04-06,37.28,36.17,38.84,GRU-15
561993,2026-03-08,2026-04-07,37.2,36.23,38.7,GRU-15
561994,2026-03-08,2026-03-09,37.99,37.97,38.02,GRU-15
561994,2026-03-08,2026-03-10,38.03,37.99,38.08,GRU-15
561994,2026-03-08,2026-03-11,38.06,38.0,38.13,GRU-15
561994,2026-03-08,2026-03-12,38.09,38.01,38.18,GRU-15
561994,2026-03-08,2026-03-13,38.12,38.03,38.22,GRU-15
561994,2026-03-08,2026-03-14,38.15,38.06,38.28,GRU-15
561994,2026-03-08,2026-03-15,38.18,38.07,38.31,GRU-15
561994,2026-03-08,2026-03-16,38.2,38.08,38.36,GRU-15
561994,2026-03-08,2026-03-17,38.24,38.13,38.4,GRU-15
561994,2026-03-08,2026-03-18,38.29,38.15,38.43,GRU-15
561994,2026-03-08,2026-03-19,38.32,38.17,38.46,GRU-15
561994,2026-03-08,2026-03-20,38.36,38.21,38.49,GRU-15
561994,2026-03-08,2026-03-21,38.4,38.24,38.52,GRU-15
561994,2026-03-08,2026-03-22,38.43,38.28,38.57,GRU-15
561994,2026-03-08,2026-03-23,38.47,38.31,38.59,GRU-15
561994,2026-03-08,2026-03-24,38.49,38.33,38.62,GRU-15
561994,2026-03-08,2026-03-25,38.53,38.37,38.64,GRU-15
561994,2026-03-08,2026-03-26,38.55,38.38,38.66,GRU-15
561994,2026-03-08,2026-03-27,38.56,38.39,38.65,GRU-15
561994,2026-03-08,2026-03-28,38.57,38.39,38.66,GRU-15
561994,2026-03-08,2026-03-29,38.59,38.44,38.68,GRU-15
561994,2026-03-08,2026-03-30,38.61,38.46,38.69,GRU-15
561994,2026-03-08,2026-03-31,38.61,38.47,38.69,GRU-15
561994,2026-03-08,2026-04-01,38.61,38.47,38.7,GRU-15
561994,2026-03-08,2026-04-02,38.63,38.48,38.71,GRU-15
561994,2026-03-08,2026-04-03,38.63,38.49,38.7,GRU-15
561994,2026-03-08,2026-04-04,38.65,38.49,38.71,GRU-15
561994,2026-03-08,2026-04-05,38.64,38.49,38.71,GRU-15
561994,2026-03-08,2026-04-06,38.65,38.52,38.71,GRU-15
561994,2026-03-08,2026-04-07,38.66,38.52,38.72,GRU-15
561995,2026-03-08,2026-03-09,24.66,24.62,24.7,GRU-15
561995,2026-03-08,2026-03-10,24.61,24.54,24.68,GRU-15
561995,2026-03-08,2026-03-11,24.56,24.45,24.65,GRU-15
561995,2026-03-08,2026-03-12,24.5,24.36,24.63,GRU-15
561995,2026-03-08,2026-03-13,24.45,24.28,24.63,GRU-15
561995,2026-03-08,2026-03-14,24.41,24.22,24.62,GRU-15
561995,2026-03-08,2026-03-15,24.37,24.13,24.61,GRU-15
561995,2026-03-08,2026-03-16,24.32,24.06,24.59,GRU-15
561995,2026-03-08,2026-03-17,24.27,23.97,24.59,GRU-15
561995,2026-03-08,2026-03-18,24.24,23.89,24.6,GRU-15
561995,2026-03-08,2026-03-19,24.2,23.82,24.58,GRU-15
561995,2026-03-08,2026-03-20,24.17,23.78,24.6,GRU-15
561995,2026-03-08,2026-03-21,24.13,23.67,24.59,GRU-15
561995,2026-03-08,2026-03-22,24.11,23.66,24.57,GRU-15
561995,2026-03-08,2026-03-23,24.08,23.61,24.57,GRU-15
561995,2026-03-08,2026-03-24,24.06,23.55,24.59,GRU-15
561995,2026-03-08,2026-03-25,23.93,23.44,24.57,GRU-15
561995,2026-03-08,2026-03-26,23.86,23.5,24.52,GRU-15
561995,2026-03-08,2026-03-27,23.81,23.34,24.47,GRU-15
561995,2026-03-08,2026-03-28,23.92,23.45,24.51,GRU-15
561995,2026-03-08,2026-03-29,23.76,23.3,24.42,GRU-15
561995,2026-03-08,2026-03-30,23.8,23.3,24.42,GRU-15
561995,2026-03-08,2026-03-31,23.75,23.28,24.3,GRU-15
561995,2026-03-08,2026-04-01,23.81,23.34,24.39,GRU-15
561995,2026-03-08,2026-04-02,23.84,23.32,24.62,GRU-15
561995,2026-03-08,2026-04-03,23.75,23.3,24.42,GRU-15
561995,2026-03-08,2026-04-04,23.89,23.35,24.51,GRU-15
561995,2026-03-08,2026-04-05,23.75,23.21,24.49,GRU-15
561995,2026-03-08,2026-04-06,23.57,23.14,24.46,GRU-15
561995,2026-03-08,2026-04-07,23.68,23.2,24.37,GRU-15
562000,2026-03-08,2026-03-09,15.1,15.09,15.11,GRU-15
562000,2026-03-08,2026-03-10,15.09,15.07,15.1,GRU-15
562000,2026-03-08,2026-03-11,15.07,15.05,15.09,GRU-15
562000,2026-03-08,2026-03-12,15.05,15.03,15.09,GRU-15
562000,2026-03-08,2026-03-13,15.04,15.01,15.08,GRU-15
562000,2026-03-08,2026-03-14,15.03,14.99,15.07,GRU-15
562000,2026-03-08,2026-03-15,15.01,14.97,15.07,GRU-15
562000,2026-03-08,2026-03-16,15.0,14.95,15.06,GRU-15
562000,2026-03-08,2026-03-17,14.98,14.93,15.06,GRU-15
562000,2026-03-08,2026-03-18,14.97,14.91,15.06,GRU-15
562000,2026-03-08,2026-03-19,14.96,14.89,15.05,GRU-15
562000,2026-03-08,2026-03-20,14.95,14.87,15.05,GRU-15
562000,2026-03-08,2026-03-21,14.93,14.84,15.04,GRU-15
562000,2026-03-08,2026-03-22,14.93,14.83,15.04,GRU-15
562000,2026-03-08,2026-03-23,14.92,14.82,15.03,GRU-15
562000,2026-03-08,2026-03-24,14.91,14.82,15.03,GRU-15
562000,2026-03-08,2026-03-25,14.89,14.78,15.03,GRU-15
562000,2026-03-08,2026-03-26,14.89,14.78,15.05,GRU-15
562000,2026-03-08,2026-03-27,14.87,14.76,15.04,GRU-15
562000,2026-03-08,2026-03-28,14.9,14.79,15.05,GRU-15
562000,2026-03-08,2026-03-29,14.86,14.74,15.0,GRU-15
562000,2026-03-08,2026-03-30,14.86,14.74,15.01,GRU-15
562000,2026-03-08,2026-03-31,14.83,14.73,14.99,GRU-15
562000,2026-03-08,2026-04-01,14.86,14.75,15.02,GRU-15
562000,2026-03-08,2026-04-02,14.85,14.74,15.02,GRU-15
562000,2026-03-08,2026-04-03,14.85,14.73,15.02,GRU-15
562000,2026-03-08,2026-04-04,14.86,14.75,15.03,GRU-15
562000,2026-03-08,2026-04-05,14.85,14.72,15.02,GRU-15
562000,2026-03-08,2026-04-06,14.83,14.7,15.0,GRU-15
562000,2026-03-08,2026-04-07,14.82,14.71,14.98,GRU-15
562007,2026-03-08,2026-03-09,64.27,64.2,64.34,GRU-15
562007,2026-03-08,2026-03-10,64.33,64.2,64.45,GRU-15
562007,2026-03-08,2026-03-11,64.38,64.19,64.55,GRU-15
562007,2026-03-08,2026-03-12,64.42,64.19,64.62,GRU-15
562007,2026-03-08,2026-03-13,64.47,64.2,64.71,GRU-15
562007,2026-03-08,2026-03-14,64.52,64.19,64.83,GRU-15
562007,2026-03-08,2026-03-15,64.56,64.21,64.88,GRU-15
562007,2026-03-08,2026-03-16,64.61,64.2,64.99,GRU-15
562007,2026-03-08,2026-03-17,64.65,64.23,65.05,GRU-15
562007,2026-03-08,2026-03-18,64.7,64.27,65.1,GRU-15
562007,2026-03-08,2026-03-19,64.79,64.31,65.23,GRU-15
562007,2026-03-08,2026-03-20,64.84,64.4,65.27,GRU-15
562007,2026-03-08,2026-03-21,64.92,64.46,65.35,GRU-15
562007,2026-03-08,2026-03-22,64.98,64.53,65.4,GRU-15
562007,2026-03-08,2026-03-23,65.06,64.54,65.5,GRU-15
562007,2026-03-08,2026-03-24,65.13,64.58,65.64,GRU-15
562007,2026-03-08,2026-03-25,65.21,64.66,65.72,GRU-15
562007,2026-03-08,2026-03-26,65.18,64.65,65.72,GRU-15
562007,2026-03-08,2026-03-27,65.24,64.66,65.75,GRU-15
562007,2026-03-08,2026-03-28,65.23,64.69,65.74,GRU-15
562007,2026-03-08,2026-03-29,65.42,64.78,65.93,GRU-15
562007,2026-03-08,2026-03-30,65.36,64.71,65.91,GRU-15
562007,2026-03-08,2026-03-31,65.43,64.83,65.92,GRU-15
562007,2026-03-08,2026-04-01,65.4,64.7,65.91,GRU-15
562007,2026-03-08,2026-04-02,65.49,64.72,66.1,GRU-15
562007,2026-03-08,2026-04-03,65.49,64.86,65.97,GRU-15
562007,2026-03-08,2026-04-04,65.49,64.73,66.14,GRU-15
562007,2026-03-08,2026-04-05,65.41,64.76,66.01,GRU-15
562007,2026-03-08,2026-04-06,65.51,64.83,66.09,GRU-15
562007,2026-03-08,2026-04-07,65.54,64.84,66.12,GRU-15
562021,2026-03-08,2026-03-09,133.52,133.41,133.62,GRU-15
562021,2026-03-08,2026-03-10,133.35,133.17,133.52,GRU-15
562021,2026-03-08,2026-03-11,133.15,132.85,133.42,GRU-15
562021,2026-03-08,2026-03-12,132.96,132.57,133.32,GRU-15
562021,2026-03-08,2026-03-13,132.79,132.33,133.25,GRU-15
562021,2026-03-08,2026-03-14,132.62,132.1,133.17,GRU-15
562021,2026-03-08,2026-03-15,132.48,131.9,133.11,GRU-15
562021,2026-03-08,2026-03-16,132.32,131.66,133.03,GRU-15
562021,2026-03-08,2026-03-17,132.19,131.45,133.01,GRU-15
562021,2026-03-08,2026-03-18,132.1,131.23,133.03,GRU-15
562021,2026-03-08,2026-03-19,131.95,130.99,133.0,GRU-15
562021,2026-03-08,2026-03-20,132.01,130.81,133.13,GRU-15
562021,2026-03-08,2026-03-21,131.81,130.56,133.12,GRU-15
562021,2026-03-08,2026-03-22,131.81,130.38,133.18,GRU-15
562021,2026-03-08,2026-03-23,131.67,130.15,133.18,GRU-15
562021,2026-03-08,2026-03-24,131.59,130.08,133.02,GRU-15
562021,2026-03-08,2026-03-25,131.36,129.65,133.03,GRU-15
562021,2026-03-08,2026-03-26,131.12,129.53,132.94,GRU-15
562021,2026-03-08,2026-03-27,130.76,129.05,132.86,GRU-15
562021,2026-03-08,2026-03-28,131.18,129.55,132.86,GRU-15
562021,2026-03-08,2026-03-29,130.81,129.06,132.81,GRU-15
562021,2026-03-08,2026-03-30,130.77,128.99,132.8,GRU-15
562021,2026-03-08,2026-03-31,130.49,128.99,132.84,GRU-15
562021,2026-03-08,2026-04-01,130.83,129.03,132.8,GRU-15
562021,2026-03-08,2026-04-02,130.96,128.95,132.78,GRU-15
562021,2026-03-08,2026-04-03,130.6,128.9,132.66,GRU-15
562021,2026-03-08,2026-04-04,130.89,129.12,132.52,GRU-15
562021,2026-03-08,2026-04-05,130.72,128.74,132.8,GRU-15
562021,2026-03-08,2026-04-06,130.17,128.4,132.66,GRU-15
562021,2026-03-08,2026-04-07,130.44,128.65,132.52,GRU-15
590822,2026-03-08,2026-03-09,24.14,24.12,24.17,GRU-15
590822,2026-03-08,2026-03-10,24.18,24.14,24.23,GRU-15
590822,2026-03-08,2026-03-11,24.21,24.15,24.27,GRU-15
590822,2026-03-08,2026-03-12,24.24,24.17,24.32,GRU-15
590822,2026-03-08,2026-03-13,24.27,24.18,24.35,GRU-15
590822,2026-03-08,2026-03-14,24.3,24.21,24.41,GRU-15
590822,2026-03-08,2026-03-15,24.33,24.23,24.46,GRU-15
590822,2026-03-08,2026-03-16,24.37,24.26,24.5,GRU-15
590822,2026-03-08,2026-03-17,24.42,24.29,24.55,GRU-15
590822,2026-03-08,2026-03-18,24.47,24.32,24.57,GRU-15
590822,2026-03-08,2026-03-19,24.49,24.36,24.63,GRU-15
590822,2026-03-08,2026-03-20,24.54,24.39,24.67,GRU-15
590822,2026-03-08,2026-03-21,24.6,24.44,24.72,GRU-15
590822,2026-03-08,2026-03-22,24.66,24.5,24.78,GRU-15
590822,2026-03-08,2026-03-23,24.7,24.52,24.8,GRU-15
590822,2026-03-08,2026-03-24,24.72,24.55,24.81,GRU-15
590822,2026-03-08,2026-03-25,24.76,24.59,24.84,GRU-15
590822,2026-03-08,2026-03-26,24.76,24.6,24.85,GRU-15
590822,2026-03-08,2026-03-27,24.78,24.63,24.87,GRU-15
590822,2026-03-08,2026-03-28,24.81,24.66,24.87,GRU-15
590822,2026-03-08,2026-03-29,24.83,24.7,24.88,GRU-15
590822,2026-03-08,2026-03-30,24.84,24.71,24.89,GRU-15
590822,2026-03-08,2026-03-31,24.84,24.72,24.89,GRU-15
590822,2026-03-08,2026-04-01,24.85,24.73,24.9,GRU-15
590822,2026-03-08,2026-04-02,24.85,24.73,24.9,GRU-15
590822,2026-03-08,2026-04-03,24.85,24.75,24.9,GRU-15
590822,2026-03-08,2026-04-04,24.87,24.77,24.9,GRU-15
590822,2026-03-08,2026-04-05,24.87,24.77,24.9,GRU-15
590822,2026-03-08,2026-04-06,24.87,24.77,24.9,GRU-15
590822,2026-03-08,2026-04-07,24.87,24.78,24.91,GRU-15
591994,2026-03-08,2026-03-09,53.86,53.83,53.89,GRU-15
591994,2026-03-08,2026-03-10,53.75,53.7,53.81,GRU-15
591994,2026-03-08,2026-03-11,53.65,53.58,53.72,GRU-15
591994,2026-03-08,2026-03-12,53.55,53.45,53.64,GRU-15
591994,2026-03-08,2026-03-13,53.45,53.34,53.57,GRU-15
591994,2026-03-08,2026-03-14,53.32,53.19,53.46,GRU-15
591994,2026-03-08,2026-03-15,53.18,53.04,53.34,GRU-15
591994,2026-03-08,2026-03-16,53.04,52.9,53.22,GRU-15
591994,2026-03-08,2026-03-17,52.9,52.76,53.1,GRU-15
591994,2026-03-08,2026-03-18,52.77,52.63,53.0,GRU-15
591994,2026-03-08,2026-03-19,52.64,52.5,52.87,GRU-15
591994,2026-03-08,2026-03-20,52.5,52.4,52.73,GRU-15
591994,2026-03-08,2026-03-21,52.41,52.33,52.59,GRU-15
591994,2026-03-08,2026-03-22,52.34,52.29,52.48,GRU-15
591994,2026-03-08,2026-03-23,52.31,52.28,52.4,GRU-15
591994,2026-03-08,2026-03-24,52.29,52.27,52.36,GRU-15
591994,2026-03-08,2026-03-25,52.28,52.27,52.32,GRU-15
591994,2026-03-08,2026-03-26,52.27,52.27,52.3,GRU-15
591994,2026-03-08,2026-03-27,52.27,52.27,52.29,GRU-15
591994,2026-03-08,2026-03-28,52.27,52.27,52.28,GRU-15
591994,2026-03-08,2026-03-29,52.27,52.27,52.27,GRU-15
591994,2026-03-08,2026-03-30,52.27,52.27,52.27,GRU-15
591994,2026-03-08,2026-03-31,52.27,52.27,52.27,GRU-15
591994,2026-03-08,2026-04-01,52.27,52.27,52.27,GRU-15
591994,2026-03-08,2026-04-02,52.27,52.27,52.27,GRU-15
591994,2026-03-08,2026-04-03,52.27,52.27,52.27,GRU-15
591994,2026-03-08,2026-04-04,52.27,52.27,52.27,GRU-15
591994,2026-03-08,2026-04-05,52.27,52.27,52.27,GRU-15
591994,2026-03-08,2026-04-06,52.27,52.27,52.27,GRU-15
591994,2026-03-08,2026-04-07,52.27,52.27,52.27,GRU-15
591998,2026-03-08,2026-03-09,61.17,61.12,61.22,GRU-15
591998,2026-03-08,2026-03-10,61.24,61.12,61.34,GRU-15
591998,2026-03-08,2026-03-11,61.28,61.12,61.43,GRU-15
591998,2026-03-08,2026-03-12,61.32,61.13,61.5,GRU-15
591998,2026-03-08,2026-03-13,61.36,61.14,61.58,GRU-15
591998,2026-03-08,2026-03-14,61.41,61.13,61.68,GRU-15
591998,2026-03-08,2026-03-15,61.43,61.15,61.72,GRU-15
591998,2026-03-08,2026-03-16,61.46,61.15,61.8,GRU-15
591998,2026-03-08,2026-03-17,61.49,61.17,61.82,GRU-15
591998,2026-03-08,2026-03-18,61.52,61.19,61.87,GRU-15
591998,2026-03-08,2026-03-19,61.59,61.22,61.97,GRU-15
591998,2026-03-08,2026-03-20,61.61,61.26,61.97,GRU-15
591998,2026-03-08,2026-03-21,61.66,61.3,62.05,GRU-15
591998,2026-03-08,2026-03-22,61.72,61.34,62.06,GRU-15
591998,2026-03-08,2026-03-23,61.77,61.38,62.14,GRU-15
591998,2026-03-08,2026-03-24,61.83,61.38,62.24,GRU-15
591998,2026-03-08,2026-03-25,61.9,61.44,62.27,GRU-15
591998,2026-03-08,2026-03-26,61.9,61.44,62.28,GRU-15
591998,2026-03-08,2026-03-27,61.93,61.43,62.32,GRU-15
591998,2026-03-08,2026-03-28,61.93,61.46,62.31,GRU-15
591998,2026-03-08,2026-03-29,62.02,61.54,62.44,GRU-15
591998,2026-03-08,2026-03-30,62.03,61.53,62.42,GRU-15
591998,2026-03-08,2026-03-31,62.01,61.56,62.42,GRU-15
591998,2026-03-08,2026-04-01,62.05,61.53,62.43,GRU-15
591998,2026-03-08,2026-04-02,62.13,61.58,62.55,GRU-15
591998,2026-03-08,2026-04-03,62.08,61.61,62.45,GRU-15
591998,2026-03-08,2026-04-04,62.15,61.57,62.55,GRU-15
591998,2026-03-08,2026-04-05,62.08,61.59,62.46,GRU-15
591998,2026-03-08,2026-04-06,62.16,61.6,62.5,GRU-15
591998,2026-03-08,2026-04-07,62.16,61.61,62.54,GRU-15
591999,2026-03-08,2026-03-09,54.67,54.64,54.71,GRU-15
591999,2026-03-08,2026-03-10,54.71,54.64,54.77,GRU-15
591999,2026-03-08,2026-03-11,54.73,54.63,54.81,GRU-15
591999,2026-03-08,2026-03-12,54.76,54.64,54.87,GRU-15
591999,2026-03-08,2026-03-13,54.8,54.66,54.94,GRU-15
591999,2026-03-08,2026-03-14,54.84,54.65,55.01,GRU-15
591999,2026-03-08,2026-03-15,54.87,54.68,55.06,GRU-15
591999,2026-03-08,2026-03-16,54.94,54.71,55.14,GRU-15
591999,2026-03-08,2026-03-17,55.0,54.74,55.22,GRU-15
591999,2026-03-08,2026-03-18,55.05,54.79,55.3,GRU-15
591999,2026-03-08,2026-03-19,55.13,54.79,55.38,GRU-15
591999,2026-03-08,2026-03-20,55.19,54.83,55.46,GRU-15
591999,2026-03-08,2026-03-21,55.28,54.87,55.56,GRU-15
591999,2026-03-08,2026-03-22,55.35,54.98,55.66,GRU-15
591999,2026-03-08,2026-03-23,55.43,55.01,55.71,GRU-15
591999,2026-03-08,2026-03-24,55.48,55.06,55.74,GRU-15
591999,2026-03-08,2026-03-25,55.56,55.08,55.82,GRU-15
591999,2026-03-08,2026-03-26,55.55,55.13,55.82,GRU-15
591999,2026-03-08,2026-03-27,55.62,55.15,55.84,GRU-15
591999,2026-03-08,2026-03-28,55.65,55.22,55.87,GRU-15
591999,2026-03-08,2026-03-29,55.69,55.22,55.89,GRU-15
591999,2026-03-08,2026-03-30,55.72,55.33,55.89,GRU-15
591999,2026-03-08,2026-03-31,55.72,55.28,55.89,GRU-15
591999,2026-03-08,2026-04-01,55.76,55.28,55.91,GRU-15
591999,2026-03-08,2026-04-02,55.75,55.36,55.91,GRU-15
591999,2026-03-08,2026-04-03,55.78,55.4,55.92,GRU-15
591999,2026-03-08,2026-04-04,55.79,55.45,55.92,GRU-15
591999,2026-03-08,2026-04-05,55.82,55.42,55.95,GRU-15
591999,2026-03-08,2026-04-06,55.79,55.37,55.93,GRU-15
591999,2026-03-08,2026-04-07,55.82,55.44,55.94,GRU-15
592000,2026-03-08,2026-03-09,24.85,24.84,24.87,GRU-15
592000,2026-03-08,2026-03-10,24.86,24.83,24.9,GRU-15
592000,2026-03-08,2026-03-11,24.86,24.82,24.92,GRU-15
592000,2026-03-08,2026-03-12,24.87,24.82,24.94,GRU-15
592000,2026-03-08,2026-03-13,24.89,24.83,24.98,GRU-15
592000,2026-03-08,2026-03-14,24.91,24.84,25.0,GRU-15
592000,2026-03-08,2026-03-15,24.93,24.84,25.03,GRU-15
592000,2026-03-08,2026-03-16,24.95,24.85,25.07,GRU-15
592000,2026-03-08,2026-03-17,24.96,24.86,25.1,GRU-15
592000,2026-03-08,2026-03-18,25.0,24.87,25.17,GRU-15
592000,2026-03-08,2026-03-19,25.02,24.89,25.2,GRU-15
592000,2026-03-08,2026-03-20,25.07,24.91,25.25,GRU-15
592000,2026-03-08,2026-03-21,25.1,24.92,25.31,GRU-15
592000,2026-03-08,2026-03-22,25.15,24.95,25.36,GRU-15
592000,2026-03-08,2026-03-23,25.18,24.99,25.42,GRU-15
592000,2026-03-08,2026-03-24,25.23,25.01,25.45,GRU-15
592000,2026-03-08,2026-03-25,25.24,25.02,25.48,GRU-15
592000,2026-03-08,2026-03-26,25.28,25.04,25.5,GRU-15
592000,2026-03-08,2026-03-27,25.29,25.05,25.54,GRU-15
592000,2026-03-08,2026-03-28,25.35,25.11,25.55,GRU-15
592000,2026-03-08,2026-03-29,25.35,25.07,25.57,GRU-15
592000,2026-03-08,2026-03-30,25.37,25.16,25.59,GRU-15
592000,2026-03-08,2026-03-31,25.38,25.11,25.59,GRU-15
592000,2026-03-08,2026-04-01,25.43,25.18,25.62,GRU-15
592000,2026-03-08,2026-04-02,25.43,25.19,25.62,GRU-15
592000,2026-03-08,2026-04-03,25.47,25.19,25.65,GRU-15
592000,2026-03-08,2026-04-04,25.48,25.25,25.64,GRU-15
592000,2026-03-08,2026-04-05,25.5,25.28,25.66,GRU-15
592000,2026-03-08,2026-04-06,25.46,25.2,25.63,GRU-15
592000,2026-03-08,2026-04-07,25.52,25.28,25.67,GRU-15
592001,2026-03-08,2026-03-09,26.48,26.42,26.53,GRU-15
592001,2026-03-08,2026-03-10,26.61,26.5,26.71,GRU-15
592001,2026-03-08,2026-03-11,26.7,26.54,26.84,GRU-15
592001,2026-03-08,2026-03-12,26.81,26.61,26.97,GRU-15
592001,2026-03-08,2026-03-13,26.92,26.67,27.11,GRU-15
592001,2026-03-08,2026-03-14,27.05,26.76,27.23,GRU-15
592001,2026-03-08,2026-03-15,27.13,26.81,27.33,GRU-15
592001,2026-03-08,2026-03-16,27.26,26.93,27.47,GRU-15
592001,2026-03-08,2026-03-17,27.33,26.98,27.52,GRU-15
592001,2026-03-08,2026-03-18,27.47,27.09,27.6,GRU-15
592001,2026-03-08,2026-03-19,27.52,27.15,27.66,GRU-15
592001,2026-03-08,2026-03-20,27.58,27.25,27.7,GRU-15
592001,2026-03-08,2026-03-21,27.63,27.37,27.72,GRU-15
592001,2026-03-08,2026-03-22,27.69,27.44,27.76,GRU-15
592001,2026-03-08,2026-03-23,27.73,27.49,27.77,GRU-15
592001,2026-03-08,2026-03-24,27.75,27.51,27.78,GRU-15
592001,2026-03-08,2026-03-25,27.77,27.59,27.79,GRU-15
592001,2026-03-08,2026-03-26,27.77,27.59,27.8,GRU-15
592001,2026-03-08,2026-03-27,27.78,27.65,27.8,GRU-15
592001,2026-03-08,2026-03-28,27.79,27.67,27.8,GRU-15
592001,2026-03-08,2026-03-29,27.79,27.69,27.81,GRU-15
592001,2026-03-08,2026-03-30,27.8,27.71,27.81,GRU-15
592001,2026-03-08,2026-03-31,27.8,27.72,27.81,GRU-15
592001,2026-03-08,2026-04-01,27.8,27.73,27.81,GRU-15
592001,2026-03-08,2026-04-02,27.8,27.73,27.81,GRU-15
592001,2026-03-08,2026-04-03,27.8,27.75,27.81,GRU-15
592001,2026-03-08,2026-04-04,27.81,27.76,27.81,GRU-15
592001,2026-03-08,2026-04-05,27.81,27.75,27.81,GRU-15
592001,2026-03-08,2026-04-06,27.81,27.76,27.81,GRU-15
592001,2026-03-08,2026-04-07,27.81,27.76,27.81,GRU-15
592012,2026-03-08,2026-03-09,32.78,32.76,32.8,GRU-15
592012,2026-03-08,2026-03-10,32.79,32.76,32.83,GRU-15
592012,2026-03-08,2026-03-11,32.79,32.76,32.85,GRU-15
592012,2026-03-08,2026-03-12,32.8,32.75,32.87,GRU-15
592012,2026-03-08,2026-03-13,32.82,32.75,32.91,GRU-15
592012,2026-03-08,2026-03-14,32.83,32.74,32.93,GRU-15
592012,2026-03-08,2026-03-15,32.84,32.74,32.95,GRU-15
592012,2026-03-08,2026-03-16,32.86,32.75,32.99,GRU-15
592012,2026-03-08,2026-03-17,32.88,32.75,33.04,GRU-15
592012,2026-03-08,2026-03-18,32.92,32.78,33.06,GRU-15
592012,2026-03-08,2026-03-19,32.94,32.78,33.11,GRU-15
592012,2026-03-08,2026-03-20,32.97,32.8,33.15,GRU-15
592012,2026-03-08,2026-03-21,33.01,32.84,33.18,GRU-15
592012,2026-03-08,2026-03-22,33.05,32.86,33.23,GRU-15
592012,2026-03-08,2026-03-23,33.08,32.87,33.26,GRU-15
592012,2026-03-08,2026-03-24,33.11,32.88,33.29,GRU-15
592012,2026-03-08,2026-03-25,33.14,32.91,33.31,GRU-15
592012,2026-03-08,2026-03-26,33.14,32.9,33.33,GRU-15
592012,2026-03-08,2026-03-27,33.16,32.93,33.35,GRU-15
592012,2026-03-08,2026-03-28,33.21,32.98,33.36,GRU-15
592012,2026-03-08,2026-03-29,33.21,32.95,33.37,GRU-15
592012,2026-03-08,2026-03-30,33.24,33.0,33.38,GRU-15
592012,2026-03-08,2026-03-31,33.23,32.99,33.38,GRU-15
592012,2026-03-08,2026-04-01,33.26,33.02,33.39,GRU-15
592012,2026-03-08,2026-04-02,33.26,33.02,33.39,GRU-15
592012,2026-03-08,2026-04-03,33.28,33.04,33.4,GRU-15
592012,2026-03-08,2026-04-04,33.28,33.05,33.4,GRU-15
592012,2026-03-08,2026-04-05,33.31,33.08,33.41,GRU-15
592012,2026-03-08,2026-04-06,33.28,33.07,33.41,GRU-15
592012,2026-03-08,2026-04-07,33.32,33.1,33.42,GRU-15
592013,2026-03-08,2026-03-09,46.3,46.07,46.51,GRU-15
592013,2026-03-08,2026-03-10,46.65,46.2,46.91,GRU-15
592013,2026-03-08,2026-03-11,46.88,46.29,47.24,GRU-15
592013,2026-03-08,2026-03-12,47.12,46.37,47.58,GRU-15
592013,2026-03-08,2026-03-13,47.39,46.61,47.94,GRU-15
592013,2026-03-08,2026-03-14,47.72,46.73,48.37,GRU-15
592013,2026-03-08,2026-03-15,47.92,46.91,48.62,GRU-15
592013,2026-03-08,2026-03-16,48.25,47.12,48.96,GRU-15
592013,2026-03-08,2026-03-17,48.5,47.41,49.29,GRU-15
592013,2026-03-08,2026-03-18,48.76,47.76,49.54,GRU-15
592013,2026-03-08,2026-03-19,49.01,48.04,49.82,GRU-15
592013,2026-03-08,2026-03-20,49.28,48.31,50.05,GRU-15
592013,2026-03-08,2026-03-21,49.53,48.59,50.14,GRU-15
592013,2026-03-08,2026-03-22,49.83,48.9,50.46,GRU-15
592013,2026-03-08,2026-03-23,50.04,49.11,50.6,GRU-15
592013,2026-03-08,2026-03-24,50.16,49.36,50.68,GRU-15
592013,2026-03-08,2026-03-25,50.38,49.61,50.75,GRU-15
592013,2026-03-08,2026-03-26,50.43,49.6,50.8,GRU-15
592013,2026-03-08,2026-03-27,50.52,49.8,50.8,GRU-15
592013,2026-03-08,2026-03-28,50.55,49.98,50.85,GRU-15
592013,2026-03-08,2026-03-29,50.66,50.08,50.88,GRU-15
592013,2026-03-08,2026-03-30,50.72,50.14,50.91,GRU-15
592013,2026-03-08,2026-03-31,50.7,50.15,50.91,GRU-15
592013,2026-03-08,2026-04-01,50.71,50.19,50.92,GRU-15
592013,2026-03-08,2026-04-02,50.74,50.27,50.92,GRU-15
592013,2026-03-08,2026-04-03,50.75,50.3,50.92,GRU-15
592013,2026-03-08,2026-04-04,50.79,50.21,50.94,GRU-15
592013,2026-03-08,2026-04-05,50.8,50.32,50.94,GRU-15
592013,2026-03-08,2026-04-06,50.79,50.31,50.94,GRU-15
592013,2026-03-08,2026-04-07,50.83,50.41,50.95,GRU-15
592014,2026-03-08,2026-03-09,28.05,28.03,28.07,GRU-15
592014,2026-03-08,2026-03-10,28.02,27.99,28.05,GRU-15
592014,2026-03-08,2026-03-11,28.0,27.94,28.03,GRU-15
592014,2026-03-08,2026-03-12,27.97,27.89,28.01,GRU-15
592014,2026-03-08,2026-03-13,27.94,27.85,28.0,GRU-15
592014,2026-03-08,2026-03-14,27.92,27.81,27.99,GRU-15
592014,2026-03-08,2026-03-15,27.89,27.77,27.98,GRU-15
592014,2026-03-08,2026-03-16,27.87,27.73,27.96,GRU-15
592014,2026-03-08,2026-03-17,27.85,27.69,27.95,GRU-15
592014,2026-03-08,2026-03-18,27.83,27.65,27.96,GRU-15
592014,2026-03-08,2026-03-19,27.8,27.61,27.94,GRU-15
592014,2026-03-08,2026-03-20,27.79,27.57,27.96,GRU-15
592014,2026-03-08,2026-03-21,27.75,27.52,27.96,GRU-15
592014,2026-03-08,2026-03-22,27.75,27.49,27.98,GRU-15
592014,2026-03-08,2026-03-23,27.71,27.46,27.95,GRU-15
592014,2026-03-08,2026-03-24,27.71,27.47,27.95,GRU-15
592014,2026-03-08,2026-03-25,27.68,27.41,27.95,GRU-15
592014,2026-03-08,2026-03-26,27.69,27.45,27.98,GRU-15
592014,2026-03-08,2026-03-27,27.65,27.39,27.94,GRU-15
592014,2026-03-08,2026-03-28,27.69,27.44,27.98,GRU-15
592014,2026-03-08,2026-03-29,27.57,27.33,27.89,GRU-15
592014,2026-03-08,2026-03-30,27.62,27.38,27.92,GRU-15
592014,2026-03-08,2026-03-31,27.53,27.29,27.84,GRU-15
592014,2026-03-08,2026-04-01,27.62,27.38,27.93,GRU-15
592014,2026-03-08,2026-04-02,27.63,27.34,27.92,GRU-15
592014,2026-03-08,2026-04-03,27.59,27.35,27.94,GRU-15
592014,2026-03-08,2026-04-04,27.61,27.39,27.95,GRU-15
592014,2026-03-08,2026-04-05,27.61,27.34,27.89,GRU-15
592014,2026-03-08,2026-04-06,27.5,27.29,27.84,GRU-15
592014,2026-03-08,2026-04-07,27.57,27.3,27.86,GRU-15
592030,2026-03-08,2026-03-09,37.96,37.95,37.97,GRU-15
592030,2026-03-08,2026-03-10,37.97,37.94,37.98,GRU-15
592030,2026-03-08,2026-03-11,37.97,37.93,37.99,GRU-15
592030,2026-03-08,2026-03-12,37.97,37.93,38.0,GRU-15
592030,2026-03-08,2026-03-13,37.97,37.92,38.02,GRU-15
592030,2026-03-08,2026-03-14,37.98,37.92,38.05,GRU-15
592030,2026-03-08,2026-03-15,37.98,37.91,38.04,GRU-15
592030,2026-03-08,2026-03-16,37.99,37.91,38.08,GRU-15
592030,2026-03-08,2026-03-17,37.99,37.9,38.07,GRU-15
592030,2026-03-08,2026-03-18,38.02,37.92,38.13,GRU-15
592030,2026-03-08,2026-03-19,38.02,37.91,38.13,GRU-15
592030,2026-03-08,2026-03-20,38.03,37.92,38.15,GRU-15
592030,2026-03-08,2026-03-21,38.05,37.93,38.18,GRU-15
592030,2026-03-08,2026-03-22,38.07,37.92,38.18,GRU-15
592030,2026-03-08,2026-03-23,38.1,37.92,38.24,GRU-15
592030,2026-03-08,2026-03-24,38.11,37.95,38.24,GRU-15
592030,2026-03-08,2026-03-25,38.11,37.94,38.25,GRU-15
592030,2026-03-08,2026-03-26,38.15,37.98,38.29,GRU-15
592030,2026-03-08,2026-03-27,38.15,37.97,38.28,GRU-15
592030,2026-03-08,2026-03-28,38.19,38.04,38.31,GRU-15
592030,2026-03-08,2026-03-29,38.2,38.0,38.36,GRU-15
592030,2026-03-08,2026-03-30,38.22,37.99,38.38,GRU-15
592030,2026-03-08,2026-03-31,38.21,37.99,38.35,GRU-15
592030,2026-03-08,2026-04-01,38.25,38.06,38.41,GRU-15
592030,2026-03-08,2026-04-02,38.25,38.09,38.41,GRU-15
592030,2026-03-08,2026-04-03,38.3,38.07,38.45,GRU-15
592030,2026-03-08,2026-04-04,38.31,38.1,38.47,GRU-15
592030,2026-03-08,2026-04-05,38.31,38.09,38.46,GRU-15
592030,2026-03-08,2026-04-06,38.29,38.09,38.46,GRU-15
592030,2026-03-08,2026-04-07,38.34,38.08,38.49,GRU-15
592031,2026-03-08,2026-03-09,63.28,63.13,63.38,GRU-15
592031,2026-03-08,2026-03-10,63.24,62.98,63.42,GRU-15
592031,2026-03-08,2026-03-11,63.13,62.8,63.46,GRU-15
592031,2026-03-08,2026-03-12,63.11,62.65,63.54,GRU-15
592031,2026-03-08,2026-03-13,63.03,62.56,63.6,GRU-15
592031,2026-03-08,2026-03-14,63.04,62.42,63.69,GRU-15
592031,2026-03-08,2026-03-15,62.99,62.3,63.76,GRU-15
592031,2026-03-08,2026-03-16,63.03,62.24,63.83,GRU-15
592031,2026-03-08,2026-03-17,62.95,62.06,63.89,GRU-15
592031,2026-03-08,2026-03-18,63.02,61.99,64.13,GRU-15
592031,2026-03-08,2026-03-19,62.96,61.85,64.2,GRU-15
592031,2026-03-08,2026-03-20,63.02,61.66,64.39,GRU-15
592031,2026-03-08,2026-03-21,63.06,61.57,64.75,GRU-15
592031,2026-03-08,2026-03-22,63.12,61.42,64.8,GRU-15
592031,2026-03-08,2026-03-23,63.38,61.55,65.01,GRU-15
592031,2026-03-08,2026-03-24,63.23,61.57,65.08,GRU-15
592031,2026-03-08,2026-03-25,63.1,61.33,65.31,GRU-15
592031,2026-03-08,2026-03-26,63.6,61.86,65.34,GRU-15
592031,2026-03-08,2026-03-27,63.49,61.6,65.46,GRU-15
592031,2026-03-08,2026-03-28,63.8,61.62,65.59,GRU-15
592031,2026-03-08,2026-03-29,63.73,61.38,65.86,GRU-15
592031,2026-03-08,2026-03-30,64.04,61.91,66.2,GRU-15
592031,2026-03-08,2026-03-31,63.65,61.2,65.9,GRU-15
592031,2026-03-08,2026-04-01,64.32,62.01,66.22,GRU-15
592031,2026-03-08,2026-04-02,64.41,61.92,66.33,GRU-15
592031,2026-03-08,2026-04-03,64.62,61.94,66.68,GRU-15
592031,2026-03-08,2026-04-04,64.91,62.34,66.91,GRU-15
592031,2026-03-08,2026-04-05,64.75,62.04,66.8,GRU-15
592031,2026-03-08,2026-04-06,64.27,61.61,66.3,GRU-15
592031,2026-03-08,2026-04-07,64.85,61.83,66.82,GRU-15
592032,2026-03-08,2026-03-09,27.26,27.24,27.28,GRU-15
592032,2026-03-08,2026-03-10,27.3,27.25,27.34,GRU-15
592032,2026-03-08,2026-03-11,27.32,27.27,27.37,GRU-15
592032,2026-03-08,2026-03-12,27.34,27.28,27.41,GRU-15
592032,2026-03-08,2026-03-13,27.39,27.29,27.45,GRU-15
592032,2026-03-08,2026-03-14,27.42,27.29,27.51,GRU-15
592032,2026-03-08,2026-03-15,27.44,27.32,27.53,GRU-15
592032,2026-03-08,2026-03-16,27.49,27.35,27.61,GRU-15
592032,2026-03-08,2026-03-17,27.54,27.4,27.65,GRU-15
592032,2026-03-08,2026-03-18,27.59,27.43,27.72,GRU-15
592032,2026-03-08,2026-03-19,27.64,27.46,27.78,GRU-15
592032,2026-03-08,2026-03-20,27.69,27.5,27.83,GRU-15
592032,2026-03-08,2026-03-21,27.74,27.58,27.89,GRU-15
592032,2026-03-08,2026-03-22,27.83,27.64,27.96,GRU-15
592032,2026-03-08,2026-03-23,27.88,27.66,27.99,GRU-15
592032,2026-03-08,2026-03-24,27.91,27.69,28.01,GRU-15
592032,2026-03-08,2026-03-25,27.93,27.73,28.05,GRU-15
592032,2026-03-08,2026-03-26,27.97,27.76,28.07,GRU-15
592032,2026-03-08,2026-03-27,27.99,27.78,28.09,GRU-15
592032,2026-03-08,2026-03-28,28.02,27.85,28.1,GRU-15
592032,2026-03-08,2026-03-29,28.04,27.85,28.12,GRU-15
592032,2026-03-08,2026-03-30,28.06,27.88,28.13,GRU-15
592032,2026-03-08,2026-03-31,28.06,27.9,28.14,GRU-15
592032,2026-03-08,2026-04-01,28.09,27.88,28.14,GRU-15
592032,2026-03-08,2026-04-02,28.09,27.91,28.14,GRU-15
592032,2026-03-08,2026-04-03,28.11,27.94,28.16,GRU-15
592032,2026-03-08,2026-04-04,28.11,27.91,28.16,GRU-15
592032,2026-03-08,2026-04-05,28.12,27.95,28.16,GRU-15
592032,2026-03-08,2026-04-06,28.12,27.93,28.16,GRU-15
592032,2026-03-08,2026-04-07,28.12,27.98,28.17,GRU-15
592034,2026-03-08,2026-03-09,28.53,28.5,28.55,GRU-15
592034,2026-03-08,2026-03-10,28.49,28.45,28.52,GRU-15
592034,2026-03-08,2026-03-11,28.45,28.4,28.49,GRU-15
592034,2026-03-08,2026-03-12,28.4,28.34,28.47,GRU-15
592034,2026-03-08,2026-03-13,28.37,28.29,28.44,GRU-15
592034,2026-03-08,2026-03-14,28.33,28.24,28.41,GRU-15
592034,2026-03-08,2026-03-15,28.29,28.19,28.39,GRU-15
592034,2026-03-08,2026-03-16,28.26,28.15,28.37,GRU-15
592034,2026-03-08,2026-03-17,28.22,28.1,28.35,GRU-15
592034,2026-03-08,2026-03-18,28.18,28.05,28.33,GRU-15
592034,2026-03-08,2026-03-19,28.14,28.01,28.29,GRU-15
592034,2026-03-08,2026-03-20,28.1,27.97,28.28,GRU-15
592034,2026-03-08,2026-03-21,28.06,27.92,28.23,GRU-15
592034,2026-03-08,2026-03-22,28.03,27.89,28.21,GRU-15
592034,2026-03-08,2026-03-23,28.01,27.88,28.18,GRU-15
592034,2026-03-08,2026-03-24,27.98,27.86,28.17,GRU-15
592034,2026-03-08,2026-03-25,27.95,27.84,28.13,GRU-15
592034,2026-03-08,2026-03-26,27.94,27.85,28.15,GRU-15
592034,2026-03-08,2026-03-27,27.94,27.84,28.12,GRU-15
592034,2026-03-08,2026-03-28,27.89,27.81,28.06,GRU-15
592034,2026-03-08,2026-03-29,27.89,27.82,28.1,GRU-15
592034,2026-03-08,2026-03-30,27.86,27.81,28.06,GRU-15
592034,2026-03-08,2026-03-31,27.87,27.8,28.07,GRU-15
592034,2026-03-08,2026-04-01,27.88,27.81,28.05,GRU-15
592034,2026-03-08,2026-04-02,27.86,27.8,28.05,GRU-15
592034,2026-03-08,2026-04-03,27.84,27.8,28.04,GRU-15
592034,2026-03-08,2026-04-04,27.86,27.81,28.06,GRU-15
592034,2026-03-08,2026-04-05,27.84,27.79,27.99,GRU-15
592034,2026-03-08,2026-04-06,27.86,27.8,28.01,GRU-15
592034,2026-03-08,2026-04-07,27.84,27.79,27.98,GRU-15
592036,2026-03-08,2026-03-09,40.29,40.25,40.33,GRU-15
592036,2026-03-08,2026-03-10,40.2,40.13,40.26,GRU-15
592036,2026-03-08,2026-03-11,40.09,39.99,40.2,GRU-15
592036,2026-03-08,2026-03-12,39.99,39.86,40.13,GRU-15
592036,2026-03-08,2026-03-13,39.89,39.74,40.06,GRU-15
592036,2026-03-08,2026-03-14,39.79,39.62,39.97,GRU-15
592036,2026-03-08,2026-03-15,39.67,39.49,39.87,GRU-15
592036,2026-03-08,2026-03-16,39.58,39.4,39.78,GRU-15
592036,2026-03-08,2026-03-17,39.47,39.29,39.68,GRU-15
592036,2026-03-08,2026-03-18,39.37,39.2,39.6,GRU-15
592036,2026-03-08,2026-03-19,39.26,39.12,39.51,GRU-15
592036,2026-03-08,2026-03-20,39.17,39.05,39.38,GRU-15
592036,2026-03-08,2026-03-21,39.08,39.0,39.29,GRU-15
592036,2026-03-08,2026-03-22,39.02,38.98,39.16,GRU-15
592036,2026-03-08,2026-03-23,39.0,38.96,39.11,GRU-15
592036,2026-03-08,2026-03-24,38.98,38.95,39.09,GRU-15
592036,2026-03-08,2026-03-25,38.96,38.95,39.04,GRU-15
592036,2026-03-08,2026-03-26,38.95,38.95,39.03,GRU-15
592036,2026-03-08,2026-03-27,38.95,38.94,38.99,GRU-15
592036,2026-03-08,2026-03-28,38.95,38.94,38.97,GRU-15
592036,2026-03-08,2026-03-29,38.95,38.94,38.97,GRU-15
592036,2026-03-08,2026-03-30,38.94,38.94,38.96,GRU-15
592036,2026-03-08,2026-03-31,38.94,38.94,38.95,GRU-15
592036,2026-03-08,2026-04-01,38.94,38.94,38.95,GRU-15
592036,2026-03-08,2026-04-02,38.94,38.94,38.95,GRU-15
592036,2026-03-08,2026-04-03,38.94,38.94,38.95,GRU-15
592036,2026-03-08,2026-04-04,38.94,38.94,38.95,GRU-15
592036,2026-03-08,2026-04-05,38.94,38.94,38.94,GRU-15
592036,2026-03-08,2026-04-06,38.94,38.94,38.95,GRU-15
592036,2026-03-08,2026-04-07,38.94,38.94,38.94,GRU-15
592037,2026-03-08,2026-03-09,56.08,56.04,56.13,GRU-15
592037,2026-03-08,2026-03-10,56.07,56.01,56.15,GRU-15
592037,2026-03-08,2026-03-11,56.04,55.96,56.16,GRU-15
592037,2026-03-08,2026-03-12,56.03,55.92,56.16,GRU-15
592037,2026-03-08,2026-03-13,56.02,55.89,56.17,GRU-15
592037,2026-03-08,2026-03-14,55.99,55.84,56.19,GRU-15
592037,2026-03-08,2026-03-15,55.97,55.81,56.18,GRU-15
592037,2026-03-08,2026-03-16,55.95,55.77,56.19,GRU-15
592037,2026-03-08,2026-03-17,55.94,55.75,56.25,GRU-15
592037,2026-03-08,2026-03-18,55.92,55.7,56.21,GRU-15
592037,2026-03-08,2026-03-19,55.92,55.66,56.26,GRU-15
592037,2026-03-08,2026-03-20,55.95,55.6,56.29,GRU-15
592037,2026-03-08,2026-03-21,55.94,55.55,56.32,GRU-15
592037,2026-03-08,2026-03-22,55.95,55.51,56.33,GRU-15
592037,2026-03-08,2026-03-23,55.93,55.42,56.37,GRU-15
592037,2026-03-08,2026-03-24,55.9,55.35,56.39,GRU-15
592037,2026-03-08,2026-03-25,55.88,55.27,56.39,GRU-15
592037,2026-03-08,2026-03-26,55.81,55.16,56.37,GRU-15
592037,2026-03-08,2026-03-27,55.77,54.99,56.38,GRU-15
592037,2026-03-08,2026-03-28,55.73,54.91,56.33,GRU-15
592037,2026-03-08,2026-03-29,55.77,54.91,56.44,GRU-15
592037,2026-03-08,2026-03-30,55.55,54.74,56.35,GRU-15
592037,2026-03-08,2026-03-31,55.65,54.67,56.36,GRU-15
592037,2026-03-08,2026-04-01,55.57,54.66,56.19,GRU-15
592037,2026-03-08,2026-04-02,55.47,54.6,56.27,GRU-15
592037,2026-03-08,2026-04-03,55.45,54.5,56.27,GRU-15
592037,2026-03-08,2026-04-04,55.28,54.51,56.03,GRU-15
592037,2026-03-08,2026-04-05,55.38,54.47,56.26,GRU-15
592037,2026-03-08,2026-04-06,55.37,54.49,56.14,GRU-15
592037,2026-03-08,2026-04-07,55.33,54.38,56.12,GRU-15
592038,2026-03-08,2026-03-09,26.36,26.36,26.37,GRU-15
592038,2026-03-08,2026-03-10,26.35,26.34,26.36,GRU-15
592038,2026-03-08,2026-03-11,26.33,26.32,26.35,GRU-15
592038,2026-03-08,2026-03-12,26.32,26.29,26.34,GRU-15
592038,2026-03-08,2026-03-13,26.3,26.27,26.33,GRU-15
592038,2026-03-08,2026-03-14,26.29,26.26,26.32,GRU-15
592038,2026-03-08,2026-03-15,26.27,26.24,26.32,GRU-15
592038,2026-03-08,2026-03-16,26.26,26.22,26.3,GRU-15
592038,2026-03-08,2026-03-17,26.25,26.2,26.3,GRU-15
592038,2026-03-08,2026-03-18,26.24,26.19,26.3,GRU-15
592038,2026-03-08,2026-03-19,26.22,26.17,26.29,GRU-15
592038,2026-03-08,2026-03-20,26.21,26.15,26.29,GRU-15
592038,2026-03-08,2026-03-21,26.19,26.12,26.29,GRU-15
592038,2026-03-08,2026-03-22,26.18,26.1,26.29,GRU-15
592038,2026-03-08,2026-03-23,26.17,26.09,26.28,GRU-15
592038,2026-03-08,2026-03-24,26.16,26.08,26.27,GRU-15
592038,2026-03-08,2026-03-25,26.14,26.06,26.27,GRU-15
592038,2026-03-08,2026-03-26,26.14,26.06,26.26,GRU-15
592038,2026-03-08,2026-03-27,26.13,26.04,26.29,GRU-15
592038,2026-03-08,2026-03-28,26.13,26.03,26.23,GRU-15
592038,2026-03-08,2026-03-29,26.1,26.03,26.26,GRU-15
592038,2026-03-08,2026-03-30,26.08,26.01,26.22,GRU-15
592038,2026-03-08,2026-03-31,26.09,25.99,26.25,GRU-15
592038,2026-03-08,2026-04-01,26.1,26.01,26.22,GRU-15
592038,2026-03-08,2026-04-02,26.09,25.99,26.21,GRU-15
592038,2026-03-08,2026-04-03,26.08,25.98,26.2,GRU-15
592038,2026-03-08,2026-04-04,26.08,25.99,26.22,GRU-15
592038,2026-03-08,2026-04-05,26.07,25.98,26.22,GRU-15
592038,2026-03-08,2026-04-06,26.07,25.98,26.24,GRU-15
592038,2026-03-08,2026-04-07,26.07,25.98,26.2,GRU-15
592040,2026-03-08,2026-03-09,32.17,32.13,32.23,GRU-15
592040,2026-03-08,2026-03-10,32.25,32.18,32.35,GRU-15
592040,2026-03-08,2026-03-11,32.3,32.21,32.43,GRU-15
592040,2026-03-08,2026-03-12,32.35,32.24,32.52,GRU-15
592040,2026-03-08,2026-03-13,32.4,32.28,32.57,GRU-15
592040,2026-03-08,2026-03-14,32.48,32.33,32.66,GRU-15
592040,2026-03-08,2026-03-15,32.52,32.34,32.72,GRU-15
592040,2026-03-08,2026-03-16,32.6,32.39,32.78,GRU-15
592040,2026-03-08,2026-03-17,32.66,32.43,32.83,GRU-15
592040,2026-03-08,2026-03-18,32.71,32.5,32.87,GRU-15
592040,2026-03-08,2026-03-19,32.75,32.51,32.9,GRU-15
592040,2026-03-08,2026-03-20,32.81,32.57,32.92,GRU-15
592040,2026-03-08,2026-03-21,32.86,32.63,32.97,GRU-15
592040,2026-03-08,2026-03-22,32.91,32.68,33.0,GRU-15
592040,2026-03-08,2026-03-23,32.94,32.73,33.02,GRU-15
592040,2026-03-08,2026-03-24,32.97,32.74,33.03,GRU-15
592040,2026-03-08,2026-03-25,32.99,32.8,33.05,GRU-15
592040,2026-03-08,2026-03-26,33.01,32.83,33.05,GRU-15
592040,2026-03-08,2026-03-27,33.01,32.84,33.06,GRU-15
592040,2026-03-08,2026-03-28,33.02,32.87,33.06,GRU-15
592040,2026-03-08,2026-03-29,33.04,32.9,33.06,GRU-15
592040,2026-03-08,2026-03-30,33.05,32.93,33.07,GRU-15
592040,2026-03-08,2026-03-31,33.04,32.92,33.07,GRU-15
592040,2026-03-08,2026-04-01,33.05,32.94,33.07,GRU-15
592040,2026-03-08,2026-04-02,33.05,32.95,33.07,GRU-15
592040,2026-03-08,2026-04-03,33.05,32.95,33.07,GRU-15
592040,2026-03-08,2026-04-04,33.06,32.96,33.07,GRU-15
592040,2026-03-08,2026-04-05,33.06,32.98,33.07,GRU-15
592040,2026-03-08,2026-04-06,33.06,32.98,33.07,GRU-15
592040,2026-03-08,2026-04-07,33.06,32.99,33.07,GRU-15
593162,2026-03-08,2026-03-09,15.96,15.93,16.0,GRU-15
593162,2026-03-08,2026-03-10,16.0,15.95,16.08,GRU-15
593162,2026-03-08,2026-03-11,16.02,15.96,16.14,GRU-15
593162,2026-03-08,2026-03-12,16.04,15.97,16.19,GRU-15
593162,2026-03-08,2026-03-13,16.09,15.99,16.26,GRU-15
593162,2026-03-08,2026-03-14,16.12,16.01,16.33,GRU-15
593162,2026-03-08,2026-03-15,16.17,16.05,16.39,GRU-15
593162,2026-03-08,2026-03-16,16.21,16.07,16.47,GRU-15
593162,2026-03-08,2026-03-17,16.26,16.09,16.53,GRU-15
593162,2026-03-08,2026-03-18,16.33,16.12,16.61,GRU-15
593162,2026-03-08,2026-03-19,16.39,16.15,16.67,GRU-15
593162,2026-03-08,2026-03-20,16.45,16.2,16.73,GRU-15
593162,2026-03-08,2026-03-21,16.52,16.28,16.82,GRU-15
593162,2026-03-08,2026-03-22,16.6,16.37,16.88,GRU-15
593162,2026-03-08,2026-03-23,16.66,16.41,16.94,GRU-15
593162,2026-03-08,2026-03-24,16.7,16.43,16.96,GRU-15
593162,2026-03-08,2026-03-25,16.76,16.5,17.02,GRU-15
593162,2026-03-08,2026-03-26,16.77,16.49,17.02,GRU-15
593162,2026-03-08,2026-03-27,16.83,16.57,17.04,GRU-15
593162,2026-03-08,2026-03-28,16.88,16.62,17.07,GRU-15
593162,2026-03-08,2026-03-29,16.89,16.63,17.08,GRU-15
593162,2026-03-08,2026-03-30,16.93,16.69,17.1,GRU-15
593162,2026-03-08,2026-03-31,16.92,16.68,17.1,GRU-15
593162,2026-03-08,2026-04-01,16.96,16.74,17.11,GRU-15
593162,2026-03-08,2026-04-02,16.96,16.73,17.11,GRU-15
593162,2026-03-08,2026-04-03,16.99,16.77,17.12,GRU-15
593162,2026-03-08,2026-04-04,16.99,16.79,17.12,GRU-15
593162,2026-03-08,2026-04-05,17.01,16.82,17.13,GRU-15
593162,2026-03-08,2026-04-06,17.01,16.78,17.13,GRU-15
593162,2026-03-08,2026-04-07,17.03,16.85,17.14,GRU-15
619733,2026-03-08,2026-03-09,110.06,110.03,110.09,GRU-15
619733,2026-03-08,2026-03-10,110.04,109.98,110.1,GRU-15
619733,2026-03-08,2026-03-11,110.02,109.91,110.1,GRU-15
619733,2026-03-08,2026-03-12,110.0,109.87,110.11,GRU-15
619733,2026-03-08,2026-03-13,110.0,109.83,110.13,GRU-15
619733,2026-03-08,2026-03-14,109.99,109.79,110.14,GRU-15
619733,2026-03-08,2026-03-15,109.99,109.77,110.15,GRU-15
619733,2026-03-08,2026-03-16,109.98,109.72,110.16,GRU-15
619733,2026-03-08,2026-03-17,110.0,109.72,110.19,GRU-15
619733,2026-03-08,2026-03-18,110.04,109.7,110.23,GRU-15
619733,2026-03-08,2026-03-19,110.06,109.69,110.27,GRU-15
619733,2026-03-08,2026-03-20,110.09,109.74,110.33,GRU-15
619733,2026-03-08,2026-03-21,110.13,109.75,110.39,GRU-15
619733,2026-03-08,2026-03-22,110.19,109.82,110.45,GRU-15
619733,2026-03-08,2026-03-23,110.24,109.84,110.49,GRU-15
619733,2026-03-08,2026-03-24,110.25,109.84,110.54,GRU-15
619733,2026-03-08,2026-03-25,110.29,109.87,110.59,GRU-15
619733,2026-03-08,2026-03-26,110.26,109.93,110.56,GRU-15
619733,2026-03-08,2026-03-27,110.25,109.83,110.55,GRU-15
619733,2026-03-08,2026-03-28,110.41,110.03,110.66,GRU-15
619733,2026-03-08,2026-03-29,110.4,109.86,110.69,GRU-15
619733,2026-03-08,2026-03-30,110.36,109.9,110.65,GRU-15
619733,2026-03-08,2026-03-31,110.42,109.89,110.75,GRU-15
619733,2026-03-08,2026-04-01,110.45,109.96,110.77,GRU-15
619733,2026-03-08,2026-04-02,110.49,109.9,110.84,GRU-15
619733,2026-03-08,2026-04-03,110.62,110.09,110.91,GRU-15
619733,2026-03-08,2026-04-04,110.46,109.97,110.86,GRU-15
619733,2026-03-08,2026-04-05,110.58,110.01,110.92,GRU-15
619733,2026-03-08,2026-04-06,110.65,109.99,110.96,GRU-15
619733,2026-03-08,2026-04-07,110.63,110.0,111.0,GRU-15
619734,2026-03-08,2026-03-09,50.42,50.38,50.46,GRU-15
619734,2026-03-08,2026-03-10,50.4,50.33,50.47,GRU-15
619734,2026-03-08,2026-03-11,50.37,50.29,50.48,GRU-15
619734,2026-03-08,2026-03-12,50.34,50.23,50.47,GRU-15
619734,2026-03-08,2026-03-13,50.35,50.19,50.53,GRU-15
619734,2026-03-08,2026-03-14,50.36,50.14,50.58,GRU-15
619734,2026-03-08,2026-03-15,50.34,50.09,50.57,GRU-15
619734,2026-03-08,2026-03-16,50.3,50.03,50.59,GRU-15
619734,2026-03-08,2026-03-17,50.31,50.03,50.6,GRU-15
619734,2026-03-08,2026-03-18,50.32,50.0,50.65,GRU-15
619734,2026-03-08,2026-03-19,50.32,49.99,50.65,GRU-15
619734,2026-03-08,2026-03-20,50.33,50.01,50.7,GRU-15
619734,2026-03-08,2026-03-21,50.39,50.01,50.78,GRU-15
619734,2026-03-08,2026-03-22,50.4,50.04,50.81,GRU-15
619734,2026-03-08,2026-03-23,50.38,50.01,50.83,GRU-15
619734,2026-03-08,2026-03-24,50.44,50.02,50.93,GRU-15
619734,2026-03-08,2026-03-25,50.43,50.01,50.88,GRU-15
619734,2026-03-08,2026-03-26,50.3,49.95,50.72,GRU-15
619734,2026-03-08,2026-03-27,50.25,49.82,50.7,GRU-15
619734,2026-03-08,2026-03-28,50.52,50.02,50.96,GRU-15
619734,2026-03-08,2026-03-29,50.41,49.91,50.98,GRU-15
619734,2026-03-08,2026-03-30,50.35,49.81,50.92,GRU-15
619734,2026-03-08,2026-03-31,50.39,49.83,50.9,GRU-15
619734,2026-03-08,2026-04-01,50.52,50.01,50.98,GRU-15
619734,2026-03-08,2026-04-02,50.62,50.03,51.26,GRU-15
619734,2026-03-08,2026-04-03,50.59,50.1,51.13,GRU-15
619734,2026-03-08,2026-04-04,50.6,49.98,51.24,GRU-15
619734,2026-03-08,2026-04-05,50.66,50.09,51.32,GRU-15
619734,2026-03-08,2026-04-06,50.5,49.93,51.22,GRU-15
619734,2026-03-08,2026-04-07,50.71,50.1,51.36,GRU-15
619735,2026-03-08,2026-03-09,61.24,61.14,61.35,GRU-15
619735,2026-03-08,2026-03-10,61.04,60.88,61.21,GRU-15
619735,2026-03-08,2026-03-11,60.8,60.57,61.05,GRU-15
619735,2026-03-08,2026-03-12,60.6,60.3,60.92,GRU-15
619735,2026-03-08,2026-03-13,60.4,60.03,60.8,GRU-15
619735,2026-03-08,2026-03-14,60.2,59.78,60.65,GRU-15
619735,2026-03-08,2026-03-15,60.05,59.56,60.58,GRU-15
619735,2026-03-08,2026-03-16,59.84,59.32,60.43,GRU-15
619735,2026-03-08,2026-03-17,59.69,59.09,60.45,GRU-15
619735,2026-03-08,2026-03-18,59.52,58.84,60.38,GRU-15
619735,2026-03-08,2026-03-19,59.35,58.61,60.31,GRU-15
619735,2026-03-08,2026-03-20,59.16,58.31,60.32,GRU-15
619735,2026-03-08,2026-03-21,58.98,58.0,60.26,GRU-15
619735,2026-03-08,2026-03-22,58.77,57.8,60.31,GRU-15
619735,2026-03-08,2026-03-23,58.66,57.59,60.21,GRU-15
619735,2026-03-08,2026-03-24,58.62,57.58,60.01,GRU-15
619735,2026-03-08,2026-03-25,58.27,57.27,59.88,GRU-15
619735,2026-03-08,2026-03-26,58.51,57.46,59.82,GRU-15
619735,2026-03-08,2026-03-27,58.7,57.41,60.15,GRU-15
619735,2026-03-08,2026-03-28,57.96,56.91,59.46,GRU-15
619735,2026-03-08,2026-03-29,57.73,56.7,59.55,GRU-15
619735,2026-03-08,2026-03-30,58.17,56.94,59.77,GRU-15
619735,2026-03-08,2026-03-31,57.64,56.5,59.63,GRU-15
619735,2026-03-08,2026-04-01,58.09,57.01,59.66,GRU-15
619735,2026-03-08,2026-04-02,57.69,56.74,59.4,GRU-15
619735,2026-03-08,2026-04-03,57.74,56.82,59.37,GRU-15
619735,2026-03-08,2026-04-04,58.16,56.85,59.85,GRU-15
619735,2026-03-08,2026-04-05,57.63,56.54,59.3,GRU-15
619735,2026-03-08,2026-04-06,57.66,56.44,59.43,GRU-15
619735,2026-03-08,2026-04-07,57.9,56.7,59.82,GRU-15
619736,2026-03-08,2026-03-09,35.71,35.69,35.72,GRU-15
619736,2026-03-08,2026-03-10,35.69,35.67,35.72,GRU-15
619736,2026-03-08,2026-03-11,35.68,35.65,35.72,GRU-15
619736,2026-03-08,2026-03-12,35.66,35.63,35.72,GRU-15
619736,2026-03-08,2026-03-13,35.65,35.61,35.72,GRU-15
619736,2026-03-08,2026-03-14,35.64,35.59,35.73,GRU-15
619736,2026-03-08,2026-03-15,35.64,35.57,35.73,GRU-15
619736,2026-03-08,2026-03-16,35.63,35.56,35.74,GRU-15
619736,2026-03-08,2026-03-17,35.61,35.52,35.73,GRU-15
619736,2026-03-08,2026-03-18,35.61,35.52,35.74,GRU-15
619736,2026-03-08,2026-03-19,35.6,35.5,35.74,GRU-15
619736,2026-03-08,2026-03-20,35.6,35.47,35.73,GRU-15
619736,2026-03-08,2026-03-21,35.6,35.46,35.75,GRU-15
619736,2026-03-08,2026-03-22,35.59,35.43,35.74,GRU-15
619736,2026-03-08,2026-03-23,35.6,35.43,35.77,GRU-15
619736,2026-03-08,2026-03-24,35.6,35.44,35.77,GRU-15
619736,2026-03-08,2026-03-25,35.59,35.4,35.78,GRU-15
619736,2026-03-08,2026-03-26,35.59,35.41,35.78,GRU-15
619736,2026-03-08,2026-03-27,35.6,35.41,35.77,GRU-15
619736,2026-03-08,2026-03-28,35.58,35.39,35.8,GRU-15
619736,2026-03-08,2026-03-29,35.56,35.37,35.8,GRU-15
619736,2026-03-08,2026-03-30,35.62,35.42,35.86,GRU-15
619736,2026-03-08,2026-03-31,35.55,35.33,35.79,GRU-15
619736,2026-03-08,2026-04-01,35.61,35.43,35.86,GRU-15
619736,2026-03-08,2026-04-02,35.61,35.4,35.87,GRU-15
619736,2026-03-08,2026-04-03,35.63,35.43,35.88,GRU-15
619736,2026-03-08,2026-04-04,35.73,35.47,35.95,GRU-15
619736,2026-03-08,2026-04-05,35.63,35.42,35.87,GRU-15
619736,2026-03-08,2026-04-06,35.57,35.39,35.86,GRU-15
619736,2026-03-08,2026-04-07,35.65,35.46,35.89,GRU-15
619737,2026-03-08,2026-03-09,84.76,84.74,84.77,GRU-15
619737,2026-03-08,2026-03-10,84.75,84.72,84.77,GRU-15
619737,2026-03-08,2026-03-11,84.73,84.69,84.77,GRU-15
619737,2026-03-08,2026-03-12,84.72,84.67,84.77,GRU-15
619737,2026-03-08,2026-03-13,84.71,84.66,84.77,GRU-15
619737,2026-03-08,2026-03-14,84.71,84.64,84.78,GRU-15
619737,2026-03-08,2026-03-15,84.7,84.63,84.78,GRU-15
619737,2026-03-08,2026-03-16,84.69,84.61,84.78,GRU-15
619737,2026-03-08,2026-03-17,84.7,84.6,84.79,GRU-15
619737,2026-03-08,2026-03-18,84.7,84.59,84.81,GRU-15
619737,2026-03-08,2026-03-19,84.71,84.59,84.81,GRU-15
619737,2026-03-08,2026-03-20,84.72,84.59,84.83,GRU-15
619737,2026-03-08,2026-03-21,84.73,84.57,84.85,GRU-15
619737,2026-03-08,2026-03-22,84.75,84.58,84.88,GRU-15
619737,2026-03-08,2026-03-23,84.75,84.57,84.88,GRU-15
619737,2026-03-08,2026-03-24,84.75,84.58,84.9,GRU-15
619737,2026-03-08,2026-03-25,84.76,84.55,84.91,GRU-15
619737,2026-03-08,2026-03-26,84.75,84.52,84.88,GRU-15
619737,2026-03-08,2026-03-27,84.74,84.54,84.89,GRU-15
619737,2026-03-08,2026-03-28,84.75,84.56,84.92,GRU-15
619737,2026-03-08,2026-03-29,84.76,84.53,84.94,GRU-15
619737,2026-03-08,2026-03-30,84.77,84.55,84.96,GRU-15
619737,2026-03-08,2026-03-31,84.75,84.52,84.95,GRU-15
619737,2026-03-08,2026-04-01,84.8,84.58,84.96,GRU-15
619737,2026-03-08,2026-04-02,84.8,84.6,85.01,GRU-15
619737,2026-03-08,2026-04-03,84.84,84.59,85.0,GRU-15
619737,2026-03-08,2026-04-04,84.84,84.6,85.0,GRU-15
619737,2026-03-08,2026-04-05,84.82,84.6,85.02,GRU-15
619737,2026-03-08,2026-04-06,84.81,84.57,85.01,GRU-15
619737,2026-03-08,2026-04-07,84.84,84.6,85.04,GRU-15
619738,2026-03-08,2026-03-09,51.77,51.67,51.87,GRU-15
619738,2026-03-08,2026-03-10,51.61,51.45,51.76,GRU-15
619738,2026-03-08,2026-03-11,51.43,51.17,51.67,GRU-15
619738,2026-03-08,2026-03-12,51.25,50.9,51.57,GRU-15
619738,2026-03-08,2026-03-13,51.1,50.67,51.53,GRU-15
619738,2026-03-08,2026-03-14,50.99,50.49,51.46,GRU-15
619738,2026-03-08,2026-03-15,50.81,50.24,51.38,GRU-15
619738,2026-03-08,2026-03-16,50.69,50.04,51.29,GRU-15
619738,2026-03-08,2026-03-17,50.49,49.77,51.21,GRU-15
619738,2026-03-08,2026-03-18,50.35,49.55,51.17,GRU-15
619738,2026-03-08,2026-03-19,50.22,49.33,51.05,GRU-15
619738,2026-03-08,2026-03-20,50.07,49.12,51.02,GRU-15
619738,2026-03-08,2026-03-21,49.88,48.82,50.91,GRU-15
619738,2026-03-08,2026-03-22,49.82,48.62,50.89,GRU-15
619738,2026-03-08,2026-03-23,49.8,48.49,50.79,GRU-15
619738,2026-03-08,2026-03-24,49.62,48.43,50.69,GRU-15
619738,2026-03-08,2026-03-25,49.49,48.08,50.52,GRU-15
619738,2026-03-08,2026-03-26,49.54,48.24,50.8,GRU-15
619738,2026-03-08,2026-03-27,49.45,48.06,50.82,GRU-15
619738,2026-03-08,2026-03-28,49.31,47.84,50.6,GRU-15
619738,2026-03-08,2026-03-29,49.14,47.67,50.35,GRU-15
619738,2026-03-08,2026-03-30,49.2,47.86,50.52,GRU-15
619738,2026-03-08,2026-03-31,49.13,47.52,50.37,GRU-15
619738,2026-03-08,2026-04-01,49.23,47.9,50.77,GRU-15
619738,2026-03-08,2026-04-02,49.15,47.74,50.64,GRU-15
619738,2026-03-08,2026-04-03,49.16,47.67,50.22,GRU-15
619738,2026-03-08,2026-04-04,49.41,47.93,50.83,GRU-15
619738,2026-03-08,2026-04-05,48.89,47.56,50.36,GRU-15
619738,2026-03-08,2026-04-06,49.08,47.47,50.47,GRU-15
619738,2026-03-08,2026-04-07,49.07,47.72,50.53,GRU-15
619739,2026-03-08,2026-03-09,52.23,52.21,52.27,GRU-15
619739,2026-03-08,2026-03-10,52.18,52.13,52.23,GRU-15
619739,2026-03-08,2026-03-11,52.11,52.04,52.18,GRU-15
619739,2026-03-08,2026-03-12,52.06,51.96,52.15,GRU-15
619739,2026-03-08,2026-03-13,52.01,51.89,52.12,GRU-15
619739,2026-03-08,2026-03-14,51.96,51.82,52.09,GRU-15
619739,2026-03-08,2026-03-15,51.91,51.74,52.07,GRU-15
619739,2026-03-08,2026-03-16,51.86,51.68,52.03,GRU-15
619739,2026-03-08,2026-03-17,51.81,51.59,52.02,GRU-15
619739,2026-03-08,2026-03-18,51.77,51.52,52.02,GRU-15
619739,2026-03-08,2026-03-19,51.72,51.45,51.99,GRU-15
619739,2026-03-08,2026-03-20,51.68,51.36,51.99,GRU-15
619739,2026-03-08,2026-03-21,51.64,51.28,51.98,GRU-15
619739,2026-03-08,2026-03-22,51.6,51.21,52.02,GRU-15
619739,2026-03-08,2026-03-23,51.53,51.16,51.98,GRU-15
619739,2026-03-08,2026-03-24,51.52,51.11,51.94,GRU-15
619739,2026-03-08,2026-03-25,51.43,51.01,51.88,GRU-15
619739,2026-03-08,2026-03-26,51.47,51.07,51.99,GRU-15
619739,2026-03-08,2026-03-27,51.55,51.12,51.94,GRU-15
619739,2026-03-08,2026-03-28,51.32,50.85,51.75,GRU-15
619739,2026-03-08,2026-03-29,51.3,50.87,51.79,GRU-15
619739,2026-03-08,2026-03-30,51.34,50.96,51.88,GRU-15
619739,2026-03-08,2026-03-31,51.24,50.83,51.75,GRU-15
619739,2026-03-08,2026-04-01,51.36,50.95,51.83,GRU-15
619739,2026-03-08,2026-04-02,51.31,50.84,51.76,GRU-15
619739,2026-03-08,2026-04-03,51.31,50.82,51.85,GRU-15
619739,2026-03-08,2026-04-04,51.42,50.98,51.98,GRU-15
619739,2026-03-08,2026-04-05,51.28,50.81,51.79,GRU-15
619739,2026-03-08,2026-04-06,51.23,50.83,51.75,GRU-15
619739,2026-03-08,2026-04-07,51.31,50.95,51.89,GRU-15
619740,2026-03-08,2026-03-09,93.08,92.99,93.15,GRU-15
619740,2026-03-08,2026-03-10,93.08,92.91,93.22,GRU-15
619740,2026-03-08,2026-03-11,93.06,92.82,93.25,GRU-15
619740,2026-03-08,2026-03-12,93.05,92.74,93.3,GRU-15
619740,2026-03-08,2026-03-13,93.06,92.69,93.36,GRU-15
619740,2026-03-08,2026-03-14,93.06,92.62,93.43,GRU-15
619740,2026-03-08,2026-03-15,93.1,92.59,93.5,GRU-15
619740,2026-03-08,2026-03-16,93.09,92.52,93.55,GRU-15
619740,2026-03-08,2026-03-17,93.16,92.55,93.62,GRU-15
619740,2026-03-08,2026-03-18,93.19,92.56,93.69,GRU-15
619740,2026-03-08,2026-03-19,93.27,92.57,93.79,GRU-15
619740,2026-03-08,2026-03-20,93.32,92.64,93.88,GRU-15
619740,2026-03-08,2026-03-21,93.39,92.69,93.98,GRU-15
619740,2026-03-08,2026-03-22,93.45,92.72,94.08,GRU-15
619740,2026-03-08,2026-03-23,93.52,92.75,94.13,GRU-15
619740,2026-03-08,2026-03-24,93.57,92.8,94.25,GRU-15
619740,2026-03-08,2026-03-25,93.72,92.94,94.37,GRU-15
619740,2026-03-08,2026-03-26,93.75,92.96,94.38,GRU-15
619740,2026-03-08,2026-03-27,93.77,92.99,94.46,GRU-15
619740,2026-03-08,2026-03-28,93.84,93.1,94.48,GRU-15
619740,2026-03-08,2026-03-29,93.91,92.83,94.66,GRU-15
619740,2026-03-08,2026-03-30,93.84,92.94,94.58,GRU-15
619740,2026-03-08,2026-03-31,93.96,92.94,94.75,GRU-15
619740,2026-03-08,2026-04-01,94.04,93.0,94.76,GRU-15
619740,2026-03-08,2026-04-02,94.07,92.95,94.88,GRU-15
619740,2026-03-08,2026-04-03,94.19,93.18,94.88,GRU-15
619740,2026-03-08,2026-04-04,94.07,92.78,95.01,GRU-15
619740,2026-03-08,2026-04-05,94.09,93.11,94.8,GRU-15
619740,2026-03-08,2026-04-06,94.29,93.13,95.09,GRU-15
619740,2026-03-08,2026-04-07,94.27,93.08,95.07,GRU-15
619741,2026-03-08,2026-03-09,41.8,41.77,41.82,GRU-15
619741,2026-03-08,2026-03-10,41.82,41.77,41.88,GRU-15
619741,2026-03-08,2026-03-11,41.84,41.77,41.91,GRU-15
619741,2026-03-08,2026-03-12,41.85,41.76,41.93,GRU-15
619741,2026-03-08,2026-03-13,41.87,41.75,41.96,GRU-15
619741,2026-03-08,2026-03-14,41.89,41.75,42.01,GRU-15
619741,2026-03-08,2026-03-15,41.91,41.77,42.04,GRU-15
619741,2026-03-08,2026-03-16,41.94,41.77,42.08,GRU-15
619741,2026-03-08,2026-03-17,41.95,41.79,42.12,GRU-15
619741,2026-03-08,2026-03-18,41.98,41.81,42.16,GRU-15
619741,2026-03-08,2026-03-19,42.02,41.83,42.18,GRU-15
619741,2026-03-08,2026-03-20,42.04,41.86,42.2,GRU-15
619741,2026-03-08,2026-03-21,42.12,41.9,42.31,GRU-15
619741,2026-03-08,2026-03-22,42.15,41.96,42.35,GRU-15
619741,2026-03-08,2026-03-23,42.2,41.98,42.4,GRU-15
619741,2026-03-08,2026-03-24,42.22,41.99,42.44,GRU-15
619741,2026-03-08,2026-03-25,42.24,42.01,42.43,GRU-15
619741,2026-03-08,2026-03-26,42.28,42.04,42.51,GRU-15
619741,2026-03-08,2026-03-27,42.29,42.04,42.53,GRU-15
619741,2026-03-08,2026-03-28,42.34,42.09,42.57,GRU-15
619741,2026-03-08,2026-03-29,42.4,42.12,42.68,GRU-15
619741,2026-03-08,2026-03-30,42.38,42.1,42.65,GRU-15
619741,2026-03-08,2026-03-31,42.45,42.15,42.7,GRU-15
619741,2026-03-08,2026-04-01,42.42,42.11,42.69,GRU-15
619741,2026-03-08,2026-04-02,42.5,42.14,42.77,GRU-15
619741,2026-03-08,2026-04-03,42.54,42.22,42.78,GRU-15
619741,2026-03-08,2026-04-04,42.49,42.16,42.76,GRU-15
619741,2026-03-08,2026-04-05,42.48,42.18,42.74,GRU-15
619741,2026-03-08,2026-04-06,42.55,42.23,42.79,GRU-15
619741,2026-03-08,2026-04-07,42.57,42.24,42.84,GRU-15
619742,2026-03-08,2026-03-09,31.91,31.88,31.93,GRU-15
619742,2026-03-08,2026-03-10,31.88,31.83,31.92,GRU-15
619742,2026-03-08,2026-03-11,31.84,31.76,31.9,GRU-15
619742,2026-03-08,2026-03-12,31.81,31.71,31.9,GRU-15
619742,2026-03-08,2026-03-13,31.8,31.68,31.89,GRU-15
619742,2026-03-08,2026-03-14,31.77,31.62,31.9,GRU-15
619742,2026-03-08,2026-03-15,31.77,31.61,31.9,GRU-15
619742,2026-03-08,2026-03-16,31.75,31.55,31.89,GRU-15
619742,2026-03-08,2026-03-17,31.76,31.56,31.92,GRU-15
619742,2026-03-08,2026-03-18,31.76,31.53,31.93,GRU-15
619742,2026-03-08,2026-03-19,31.77,31.52,31.96,GRU-15
619742,2026-03-08,2026-03-20,31.83,31.54,32.02,GRU-15
619742,2026-03-08,2026-03-21,31.85,31.55,32.06,GRU-15
619742,2026-03-08,2026-03-22,31.9,31.58,32.12,GRU-15
619742,2026-03-08,2026-03-23,31.91,31.58,32.14,GRU-15
619742,2026-03-08,2026-03-24,31.94,31.57,32.16,GRU-15
619742,2026-03-08,2026-03-25,31.99,31.59,32.24,GRU-15
619742,2026-03-08,2026-03-26,31.96,31.6,32.2,GRU-15
619742,2026-03-08,2026-03-27,31.94,31.59,32.2,GRU-15
619742,2026-03-08,2026-03-28,32.08,31.73,32.26,GRU-15
619742,2026-03-08,2026-03-29,32.0,31.56,32.27,GRU-15
619742,2026-03-08,2026-03-30,31.98,31.6,32.27,GRU-15
619742,2026-03-08,2026-03-31,32.03,31.61,32.34,GRU-15
619742,2026-03-08,2026-04-01,32.06,31.65,32.31,GRU-15
619742,2026-03-08,2026-04-02,32.09,31.64,32.34,GRU-15
619742,2026-03-08,2026-04-03,32.19,31.73,32.41,GRU-15
619742,2026-03-08,2026-04-04,32.09,31.61,32.37,GRU-15
619742,2026-03-08,2026-04-05,32.14,31.71,32.36,GRU-15
619742,2026-03-08,2026-04-06,32.17,31.74,32.41,GRU-15
619742,2026-03-08,2026-04-07,32.21,31.76,32.46,GRU-15
619743,2026-03-08,2026-03-09,52.64,52.61,52.67,GRU-15
619743,2026-03-08,2026-03-10,52.57,52.52,52.6,GRU-15
619743,2026-03-08,2026-03-11,52.48,52.42,52.54,GRU-15
619743,2026-03-08,2026-03-12,52.41,52.32,52.48,GRU-15
619743,2026-03-08,2026-03-13,52.35,52.22,52.43,GRU-15
619743,2026-03-08,2026-03-14,52.27,52.13,52.37,GRU-15
619743,2026-03-08,2026-03-15,52.21,52.04,52.32,GRU-15
619743,2026-03-08,2026-03-16,52.13,51.95,52.26,GRU-15
619743,2026-03-08,2026-03-17,52.08,51.86,52.22,GRU-15
619743,2026-03-08,2026-03-18,52.0,51.75,52.17,GRU-15
619743,2026-03-08,2026-03-19,51.92,51.64,52.12,GRU-15
619743,2026-03-08,2026-03-20,51.86,51.51,52.09,GRU-15
619743,2026-03-08,2026-03-21,51.7,51.34,52.0,GRU-15
619743,2026-03-08,2026-03-22,51.57,51.19,51.95,GRU-15
619743,2026-03-08,2026-03-23,51.49,51.13,51.9,GRU-15
619743,2026-03-08,2026-03-24,51.46,51.1,51.86,GRU-15
619743,2026-03-08,2026-03-25,51.43,51.05,51.84,GRU-15
619743,2026-03-08,2026-03-26,51.44,51.04,51.85,GRU-15
619743,2026-03-08,2026-03-27,51.67,51.25,52.04,GRU-15
619743,2026-03-08,2026-03-28,51.23,50.85,51.71,GRU-15
619743,2026-03-08,2026-03-29,51.24,50.86,51.7,GRU-15
619743,2026-03-08,2026-03-30,51.2,50.83,51.68,GRU-15
619743,2026-03-08,2026-03-31,51.11,50.69,51.64,GRU-15
619743,2026-03-08,2026-04-01,51.44,51.05,51.83,GRU-15
619743,2026-03-08,2026-04-02,51.2,50.84,51.67,GRU-15
619743,2026-03-08,2026-04-03,51.21,50.77,51.62,GRU-15
619743,2026-03-08,2026-04-04,51.34,50.93,51.8,GRU-15
619743,2026-03-08,2026-04-05,51.17,50.74,51.61,GRU-15
619743,2026-03-08,2026-04-06,51.27,50.82,51.9,GRU-15
619743,2026-03-08,2026-04-07,51.1,50.7,51.59,GRU-15
619744,2026-03-08,2026-03-09,26.22,26.21,26.23,GRU-15
619744,2026-03-08,2026-03-10,26.21,26.19,26.23,GRU-15
619744,2026-03-08,2026-03-11,26.2,26.16,26.22,GRU-15
619744,2026-03-08,2026-03-12,26.19,26.14,26.23,GRU-15
619744,2026-03-08,2026-03-13,26.18,26.13,26.23,GRU-15
619744,2026-03-08,2026-03-14,26.17,26.11,26.23,GRU-15
619744,2026-03-08,2026-03-15,26.17,26.11,26.24,GRU-15
619744,2026-03-08,2026-03-16,26.16,26.08,26.24,GRU-15
619744,2026-03-08,2026-03-17,26.16,26.07,26.25,GRU-15
619744,2026-03-08,2026-03-18,26.16,26.06,26.26,GRU-15
619744,2026-03-08,2026-03-19,26.17,26.04,26.27,GRU-15
619744,2026-03-08,2026-03-20,26.17,26.03,26.29,GRU-15
619744,2026-03-08,2026-03-21,26.18,26.02,26.32,GRU-15
619744,2026-03-08,2026-03-22,26.19,26.03,26.34,GRU-15
619744,2026-03-08,2026-03-23,26.18,26.02,26.35,GRU-15
619744,2026-03-08,2026-03-24,26.2,26.02,26.36,GRU-15
619744,2026-03-08,2026-03-25,26.19,26.0,26.37,GRU-15
619744,2026-03-08,2026-03-26,26.16,25.99,26.36,GRU-15
619744,2026-03-08,2026-03-27,26.18,25.98,26.35,GRU-15
619744,2026-03-08,2026-03-28,26.22,26.06,26.4,GRU-15
619744,2026-03-08,2026-03-29,26.19,25.96,26.38,GRU-15
619744,2026-03-08,2026-03-30,26.18,25.98,26.4,GRU-15
619744,2026-03-08,2026-03-31,26.17,25.93,26.36,GRU-15
619744,2026-03-08,2026-04-01,26.22,26.03,26.4,GRU-15
619744,2026-03-08,2026-04-02,26.23,26.03,26.43,GRU-15
619744,2026-03-08,2026-04-03,26.24,26.04,26.46,GRU-15
619744,2026-03-08,2026-04-04,26.22,26.03,26.46,GRU-15
619744,2026-03-08,2026-04-05,26.26,26.05,26.47,GRU-15
619744,2026-03-08,2026-04-06,26.21,25.99,26.42,GRU-15
619744,2026-03-08,2026-04-07,26.23,26.03,26.49,GRU-15
619745,2026-03-08,2026-03-09,85.1,85.07,85.11,GRU-15
619745,2026-03-08,2026-03-10,85.05,84.99,85.08,GRU-15
619745,2026-03-08,2026-03-11,84.99,84.9,85.03,GRU-15
619745,2026-03-08,2026-03-12,84.94,84.82,84.99,GRU-15
619745,2026-03-08,2026-03-13,84.89,84.74,84.96,GRU-15
619745,2026-03-08,2026-03-14,84.84,84.66,84.92,GRU-15
619745,2026-03-08,2026-03-15,84.81,84.59,84.9,GRU-15
619745,2026-03-08,2026-03-16,84.75,84.52,84.86,GRU-15
619745,2026-03-08,2026-03-17,84.73,84.45,84.86,GRU-15
619745,2026-03-08,2026-03-18,84.7,84.37,84.85,GRU-15
619745,2026-03-08,2026-03-19,84.67,84.31,84.83,GRU-15
619745,2026-03-08,2026-03-20,84.67,84.26,84.86,GRU-15
619745,2026-03-08,2026-03-21,84.6,84.17,84.83,GRU-15
619745,2026-03-08,2026-03-22,84.58,84.11,84.86,GRU-15
619745,2026-03-08,2026-03-23,84.54,84.06,84.82,GRU-15
619745,2026-03-08,2026-03-24,84.53,84.04,84.8,GRU-15
619745,2026-03-08,2026-03-25,84.44,83.93,84.79,GRU-15
619745,2026-03-08,2026-03-26,84.46,83.99,84.83,GRU-15
619745,2026-03-08,2026-03-27,84.45,83.95,84.89,GRU-15
619745,2026-03-08,2026-03-28,84.35,83.92,84.79,GRU-15
619745,2026-03-08,2026-03-29,84.26,83.73,84.7,GRU-15
619745,2026-03-08,2026-03-30,84.32,83.84,84.8,GRU-15
619745,2026-03-08,2026-03-31,84.22,83.68,84.71,GRU-15
619745,2026-03-08,2026-04-01,84.35,83.9,84.76,GRU-15
619745,2026-03-08,2026-04-02,84.29,83.84,84.73,GRU-15
619745,2026-03-08,2026-04-03,84.31,83.79,84.78,GRU-15
619745,2026-03-08,2026-04-04,84.36,83.9,84.78,GRU-15
619745,2026-03-08,2026-04-05,84.25,83.69,84.69,GRU-15
619745,2026-03-08,2026-04-06,84.17,83.66,84.69,GRU-15
619745,2026-03-08,2026-04-07,84.33,83.84,84.78,GRU-15
619746,2026-03-08,2026-03-09,21.13,21.12,21.14,GRU-15
619746,2026-03-08,2026-03-10,21.11,21.09,21.12,GRU-15
619746,2026-03-08,2026-03-11,21.08,21.05,21.11,GRU-15
619746,2026-03-08,2026-03-12,21.06,21.02,21.1,GRU-15
619746,2026-03-08,2026-03-13,21.05,21.0,21.1,GRU-15
619746,2026-03-08,2026-03-14,21.03,20.97,21.09,GRU-15
619746,2026-03-08,2026-03-15,21.03,20.95,21.1,GRU-15
619746,2026-03-08,2026-03-16,21.01,20.93,21.09,GRU-15
619746,2026-03-08,2026-03-17,21.02,20.92,21.11,GRU-15
619746,2026-03-08,2026-03-18,21.03,20.91,21.13,GRU-15
619746,2026-03-08,2026-03-19,21.02,20.9,21.13,GRU-15
619746,2026-03-08,2026-03-20,21.05,20.92,21.17,GRU-15
619746,2026-03-08,2026-03-21,21.06,20.91,21.18,GRU-15
619746,2026-03-08,2026-03-22,21.09,20.94,21.23,GRU-15
619746,2026-03-08,2026-03-23,21.08,20.93,21.23,GRU-15
619746,2026-03-08,2026-03-24,21.1,20.93,21.24,GRU-15
619746,2026-03-08,2026-03-25,21.11,20.92,21.27,GRU-15
619746,2026-03-08,2026-03-26,21.09,20.93,21.24,GRU-15
619746,2026-03-08,2026-03-27,21.09,20.91,21.26,GRU-15
619746,2026-03-08,2026-03-28,21.15,20.98,21.3,GRU-15
619746,2026-03-08,2026-03-29,21.1,20.9,21.28,GRU-15
619746,2026-03-08,2026-03-30,21.13,20.92,21.27,GRU-15
619746,2026-03-08,2026-03-31,21.11,20.92,21.3,GRU-15
619746,2026-03-08,2026-04-01,21.12,20.94,21.29,GRU-15
619746,2026-03-08,2026-04-02,21.13,20.94,21.32,GRU-15
619746,2026-03-08,2026-04-03,21.18,20.99,21.37,GRU-15
619746,2026-03-08,2026-04-04,21.13,20.94,21.31,GRU-15
619746,2026-03-08,2026-04-05,21.19,21.0,21.37,GRU-15
619746,2026-03-08,2026-04-06,21.13,20.94,21.35,GRU-15
619746,2026-03-08,2026-04-07,21.18,20.99,21.38,GRU-15
619747,2026-03-08,2026-03-09,158.31,157.99,158.58,GRU-15
619747,2026-03-08,2026-03-10,157.75,157.28,158.23,GRU-15
619747,2026-03-08,2026-03-11,157.14,156.45,157.9,GRU-15
619747,2026-03-08,2026-03-12,156.53,155.69,157.6,GRU-15
619747,2026-03-08,2026-03-13,156.01,154.94,157.24,GRU-15
619747,2026-03-08,2026-03-14,155.42,154.22,156.81,GRU-15
619747,2026-03-08,2026-03-15,154.8,153.32,156.42,GRU-15
619747,2026-03-08,2026-03-16,154.28,152.62,156.08,GRU-15
619747,2026-03-08,2026-03-17,153.52,151.77,155.73,GRU-15
619747,2026-03-08,2026-03-18,152.85,150.87,155.35,GRU-15
619747,2026-03-08,2026-03-19,152.03,150.05,154.65,GRU-15
619747,2026-03-08,2026-03-20,151.0,149.1,153.93,GRU-15
619747,2026-03-08,2026-03-21,149.95,148.23,152.85,GRU-15
619747,2026-03-08,2026-03-22,149.12,147.51,152.01,GRU-15
619747,2026-03-08,2026-03-23,148.65,147.3,151.79,GRU-15
619747,2026-03-08,2026-03-24,148.3,147.06,150.87,GRU-15
619747,2026-03-08,2026-03-25,147.76,146.85,150.8,GRU-15
619747,2026-03-08,2026-03-26,147.61,146.83,150.29,GRU-15
619747,2026-03-08,2026-03-27,147.96,146.92,150.2,GRU-15
619747,2026-03-08,2026-03-28,146.94,146.51,148.61,GRU-15
619747,2026-03-08,2026-03-29,147.0,146.5,148.82,GRU-15
619747,2026-03-08,2026-03-30,146.78,146.47,148.22,GRU-15
619747,2026-03-08,2026-03-31,146.79,146.46,148.1,GRU-15
619747,2026-03-08,2026-04-01,146.94,146.48,148.29,GRU-15
619747,2026-03-08,2026-04-02,146.7,146.45,148.0,GRU-15
619747,2026-03-08,2026-04-03,146.59,146.42,147.45,GRU-15
619747,2026-03-08,2026-04-04,146.87,146.49,148.21,GRU-15
619747,2026-03-08,2026-04-05,146.55,146.41,147.33,GRU-15
619747,2026-03-08,2026-04-06,146.65,146.43,147.74,GRU-15
619747,2026-03-08,2026-04-07,146.57,146.41,147.19,GRU-15
619748,2026-03-08,2026-03-09,108.07,108.04,108.11,GRU-15
619748,2026-03-08,2026-03-10,108.01,107.95,108.06,GRU-15
619748,2026-03-08,2026-03-11,107.93,107.85,108.0,GRU-15
619748,2026-03-08,2026-03-12,107.86,107.76,107.96,GRU-15
619748,2026-03-08,2026-03-13,107.8,107.67,107.92,GRU-15
619748,2026-03-08,2026-03-14,107.73,107.58,107.86,GRU-15
619748,2026-03-08,2026-03-15,107.66,107.48,107.84,GRU-15
619748,2026-03-08,2026-03-16,107.59,107.4,107.79,GRU-15
619748,2026-03-08,2026-03-17,107.53,107.3,107.78,GRU-15
619748,2026-03-08,2026-03-18,107.46,107.21,107.76,GRU-15
619748,2026-03-08,2026-03-19,107.39,107.12,107.72,GRU-15
619748,2026-03-08,2026-03-20,107.31,106.99,107.69,GRU-15
619748,2026-03-08,2026-03-21,107.23,106.9,107.67,GRU-15
619748,2026-03-08,2026-03-22,107.13,106.8,107.67,GRU-15
619748,2026-03-08,2026-03-23,107.08,106.74,107.6,GRU-15
619748,2026-03-08,2026-03-24,107.02,106.68,107.55,GRU-15
619748,2026-03-08,2026-03-25,106.92,106.6,107.53,GRU-15
619748,2026-03-08,2026-03-26,106.98,106.64,107.47,GRU-15
619748,2026-03-08,2026-03-27,107.0,106.64,107.58,GRU-15
619748,2026-03-08,2026-03-28,106.8,106.45,107.29,GRU-15
619748,2026-03-08,2026-03-29,106.78,106.48,107.36,GRU-15
619748,2026-03-08,2026-03-30,106.86,106.52,107.41,GRU-15
619748,2026-03-08,2026-03-31,106.74,106.4,107.35,GRU-15
619748,2026-03-08,2026-04-01,106.8,106.52,107.37,GRU-15
619748,2026-03-08,2026-04-02,106.72,106.39,107.26,GRU-15
619748,2026-03-08,2026-04-03,106.69,106.38,107.3,GRU-15
619748,2026-03-08,2026-04-04,106.79,106.51,107.47,GRU-15
619748,2026-03-08,2026-04-05,106.67,106.34,107.25,GRU-15
619748,2026-03-08,2026-04-06,106.62,106.38,107.24,GRU-15
619748,2026-03-08,2026-04-07,106.67,106.42,107.36,GRU-15
619749,2026-03-08,2026-03-09,67.25,67.23,67.28,GRU-15
619749,2026-03-08,2026-03-10,67.17,67.13,67.22,GRU-15
619749,2026-03-08,2026-03-11,67.1,67.03,67.16,GRU-15
619749,2026-03-08,2026-03-12,67.03,66.94,67.1,GRU-15
619749,2026-03-08,2026-03-13,66.95,66.84,67.04,GRU-15
619749,2026-03-08,2026-03-14,66.87,66.75,66.97,GRU-15
619749,2026-03-08,2026-03-15,66.78,66.63,66.91,GRU-15
619749,2026-03-08,2026-03-16,66.7,66.54,66.84,GRU-15
619749,2026-03-08,2026-03-17,66.6,66.42,66.78,GRU-15
619749,2026-03-08,2026-03-18,66.5,66.3,66.7,GRU-15
619749,2026-03-08,2026-03-19,66.39,66.18,66.61,GRU-15
619749,2026-03-08,2026-03-20,66.26,66.07,66.5,GRU-15
619749,2026-03-08,2026-03-21,66.12,65.94,66.42,GRU-15
619749,2026-03-08,2026-03-22,66.0,65.85,66.29,GRU-15
619749,2026-03-08,2026-03-23,65.97,65.8,66.2,GRU-15
619749,2026-03-08,2026-03-24,65.89,65.77,66.12,GRU-15
619749,2026-03-08,2026-03-25,65.84,65.74,66.05,GRU-15
619749,2026-03-08,2026-03-26,65.83,65.74,66.1,GRU-15
619749,2026-03-08,2026-03-27,65.89,65.77,66.14,GRU-15
619749,2026-03-08,2026-03-28,65.76,65.71,65.99,GRU-15
619749,2026-03-08,2026-03-29,65.76,65.7,65.9,GRU-15
619749,2026-03-08,2026-03-30,65.74,65.7,65.86,GRU-15
619749,2026-03-08,2026-03-31,65.74,65.69,65.88,GRU-15
619749,2026-03-08,2026-04-01,65.76,65.7,65.91,GRU-15
619749,2026-03-08,2026-04-02,65.73,65.69,65.85,GRU-15
619749,2026-03-08,2026-04-03,65.71,65.69,65.8,GRU-15
619749,2026-03-08,2026-04-04,65.76,65.71,65.88,GRU-15
619749,2026-03-08,2026-04-05,65.71,65.69,65.8,GRU-15
619749,2026-03-08,2026-04-06,65.73,65.69,65.84,GRU-15
619749,2026-03-08,2026-04-07,65.7,65.68,65.77,GRU-15
619750,2026-03-08,2026-03-09,35.2,35.19,35.21,GRU-15
619750,2026-03-08,2026-03-10,35.16,35.14,35.18,GRU-15
619750,2026-03-08,2026-03-11,35.13,35.1,35.15,GRU-15
619750,2026-03-08,2026-03-12,35.09,35.06,35.12,GRU-15
619750,2026-03-08,2026-03-13,35.06,35.02,35.1,GRU-15
619750,2026-03-08,2026-03-14,35.01,34.96,35.06,GRU-15
619750,2026-03-08,2026-03-15,34.96,34.91,35.02,GRU-15
619750,2026-03-08,2026-03-16,34.91,34.87,34.98,GRU-15
619750,2026-03-08,2026-03-17,34.87,34.83,34.93,GRU-15
619750,2026-03-08,2026-03-18,34.83,34.8,34.9,GRU-15
619750,2026-03-08,2026-03-19,34.8,34.77,34.85,GRU-15
619750,2026-03-08,2026-03-20,34.77,34.75,34.82,GRU-15
619750,2026-03-08,2026-03-21,34.75,34.74,34.78,GRU-15
619750,2026-03-08,2026-03-22,34.74,34.73,34.75,GRU-15
619750,2026-03-08,2026-03-23,34.74,34.73,34.75,GRU-15
619750,2026-03-08,2026-03-24,34.73,34.73,34.74,GRU-15
619750,2026-03-08,2026-03-25,34.73,34.73,34.74,GRU-15
619750,2026-03-08,2026-03-26,34.73,34.73,34.73,GRU-15
619750,2026-03-08,2026-03-27,34.73,34.73,34.73,GRU-15
619750,2026-03-08,2026-03-28,34.73,34.73,34.73,GRU-15
619750,2026-03-08,2026-03-29,34.73,34.73,34.73,GRU-15
619750,2026-03-08,2026-03-30,34.73,34.73,34.73,GRU-15
619750,2026-03-08,2026-03-31,34.73,34.73,34.73,GRU-15
619750,2026-03-08,2026-04-01,34.73,34.73,34.73,GRU-15
619750,2026-03-08,2026-04-02,34.73,34.73,34.73,GRU-15
619750,2026-03-08,2026-04-03,34.73,34.73,34.73,GRU-15
619750,2026-03-08,2026-04-04,34.73,34.73,34.73,GRU-15
619750,2026-03-08,2026-04-05,34.73,34.73,34.73,GRU-15
619750,2026-03-08,2026-04-06,34.73,34.73,34.73,GRU-15
619750,2026-03-08,2026-04-07,34.73,34.73,34.73,GRU-15
631975,2026-03-08,2026-03-09,33.53,33.48,33.59,GRU-15
631975,2026-03-08,2026-03-10,33.55,33.45,33.65,GRU-15
631975,2026-03-08,2026-03-11,33.57,33.43,33.72,GRU-15
631975,2026-03-08,2026-03-12,33.59,33.44,33.76,GRU-15
631975,2026-03-08,2026-03-13,33.59,33.39,33.82,GRU-15
631975,2026-03-08,2026-03-14,33.62,33.39,33.89,GRU-15
631975,2026-03-08,2026-03-15,33.62,33.34,33.92,GRU-15
631975,2026-03-08,2026-03-16,33.73,33.43,34.02,GRU-15
631975,2026-03-08,2026-03-17,33.69,33.34,34.04,GRU-15
631975,2026-03-08,2026-03-18,33.79,33.57,34.02,GRU-15
631975,2026-03-08,2026-03-19,33.81,33.5,34.15,GRU-15
631975,2026-03-08,2026-03-20,33.86,33.6,34.14,GRU-15
631975,2026-03-08,2026-03-21,33.9,33.67,34.2,GRU-15
631975,2026-03-08,2026-03-22,33.94,33.67,34.25,GRU-15
631975,2026-03-08,2026-03-23,33.99,33.75,34.28,GRU-15
631975,2026-03-08,2026-03-24,33.98,33.63,34.35,GRU-15
631975,2026-03-08,2026-03-25,34.08,33.75,34.38,GRU-15
631975,2026-03-08,2026-03-26,34.13,33.83,34.48,GRU-15
631975,2026-03-08,2026-03-27,34.11,33.8,34.46,GRU-15
631975,2026-03-08,2026-03-28,34.15,33.8,34.53,GRU-15
631975,2026-03-08,2026-03-29,34.24,33.95,34.63,GRU-15
631975,2026-03-08,2026-03-30,34.23,33.92,34.58,GRU-15
631975,2026-03-08,2026-03-31,34.28,33.94,34.64,GRU-15
631975,2026-03-08,2026-04-01,34.23,33.84,34.65,GRU-15
631975,2026-03-08,2026-04-02,34.23,33.86,34.63,GRU-15
631975,2026-03-08,2026-04-03,34.34,34.01,34.77,GRU-15
631975,2026-03-08,2026-04-04,34.29,33.99,34.8,GRU-15
631975,2026-03-08,2026-04-05,34.37,34.02,34.78,GRU-15
631975,2026-03-08,2026-04-06,34.33,33.92,34.79,GRU-15
631975,2026-03-08,2026-04-07,34.36,33.93,34.84,GRU-15
631988,2026-03-08,2026-03-09,49.99,49.85,50.13,GRU-15
631988,2026-03-08,2026-03-10,49.84,49.61,50.1,GRU-15
631988,2026-03-08,2026-03-11,49.71,49.36,50.09,GRU-15
631988,2026-03-08,2026-03-12,49.62,49.17,50.05,GRU-15
631988,2026-03-08,2026-03-13,49.45,48.91,50.0,GRU-15
631988,2026-03-08,2026-03-14,49.33,48.72,49.98,GRU-15
631988,2026-03-08,2026-03-15,49.23,48.5,49.98,GRU-15
631988,2026-03-08,2026-03-16,49.24,48.44,50.0,GRU-15
631988,2026-03-08,2026-03-17,48.99,48.15,49.9,GRU-15
631988,2026-03-08,2026-03-18,49.07,48.31,49.84,GRU-15
631988,2026-03-08,2026-03-19,48.98,48.03,49.81,GRU-15
631988,2026-03-08,2026-03-20,49.01,48.05,49.94,GRU-15
631988,2026-03-08,2026-03-21,48.92,48.0,49.98,GRU-15
631988,2026-03-08,2026-03-22,48.84,47.77,50.13,GRU-15
631988,2026-03-08,2026-03-23,48.78,47.81,50.05,GRU-15
631988,2026-03-08,2026-03-24,48.64,47.5,50.05,GRU-15
631988,2026-03-08,2026-03-25,48.63,47.45,50.09,GRU-15
631988,2026-03-08,2026-03-26,48.74,47.83,49.93,GRU-15
631988,2026-03-08,2026-03-27,48.54,47.58,50.02,GRU-15
631988,2026-03-08,2026-03-28,48.75,47.53,50.12,GRU-15
631988,2026-03-08,2026-03-29,48.51,47.35,50.06,GRU-15
631988,2026-03-08,2026-03-30,48.63,47.48,50.07,GRU-15
631988,2026-03-08,2026-03-31,48.45,47.24,50.08,GRU-15
631988,2026-03-08,2026-04-01,48.62,47.47,50.1,GRU-15
631988,2026-03-08,2026-04-02,48.41,47.06,50.23,GRU-15
631988,2026-03-08,2026-04-03,48.7,47.61,50.16,GRU-15
631988,2026-03-08,2026-04-04,48.81,47.6,50.1,GRU-15
631988,2026-03-08,2026-04-05,48.6,47.38,50.22,GRU-15
631988,2026-03-08,2026-04-06,48.38,47.08,49.89,GRU-15
631988,2026-03-08,2026-04-07,48.6,47.26,50.13,GRU-15
631989,2026-03-08,2026-03-09,23.25,23.2,23.31,GRU-15
631989,2026-03-08,2026-03-10,23.29,23.19,23.38,GRU-15
631989,2026-03-08,2026-03-11,23.31,23.16,23.44,GRU-15
631989,2026-03-08,2026-03-12,23.33,23.15,23.48,GRU-15
631989,2026-03-08,2026-03-13,23.35,23.14,23.54,GRU-15
631989,2026-03-08,2026-03-14,23.39,23.11,23.61,GRU-15
631989,2026-03-08,2026-03-15,23.42,23.12,23.63,GRU-15
631989,2026-03-08,2026-03-16,23.45,23.12,23.71,GRU-15
631989,2026-03-08,2026-03-17,23.48,23.12,23.74,GRU-15
631989,2026-03-08,2026-03-18,23.44,23.14,23.7,GRU-15
631989,2026-03-08,2026-03-19,23.51,23.17,23.82,GRU-15
631989,2026-03-08,2026-03-20,23.5,23.18,23.76,GRU-15
631989,2026-03-08,2026-03-21,23.54,23.19,23.84,GRU-15
631989,2026-03-08,2026-03-22,23.57,23.26,23.86,GRU-15
631989,2026-03-08,2026-03-23,23.59,23.28,23.9,GRU-15
631989,2026-03-08,2026-03-24,23.62,23.28,23.95,GRU-15
631989,2026-03-08,2026-03-25,23.62,23.27,23.98,GRU-15
631989,2026-03-08,2026-03-26,23.71,23.32,24.05,GRU-15
631989,2026-03-08,2026-03-27,23.66,23.22,24.0,GRU-15
631989,2026-03-08,2026-03-28,23.76,23.38,24.12,GRU-15
631989,2026-03-08,2026-03-29,23.76,23.34,24.15,GRU-15
631989,2026-03-08,2026-03-30,23.76,23.39,24.17,GRU-15
631989,2026-03-08,2026-03-31,23.81,23.36,24.17,GRU-15
631989,2026-03-08,2026-04-01,23.81,23.43,24.2,GRU-15
631989,2026-03-08,2026-04-02,23.84,23.39,24.22,GRU-15
631989,2026-03-08,2026-04-03,23.89,23.44,24.25,GRU-15
631989,2026-03-08,2026-04-04,23.86,23.41,24.26,GRU-15
631989,2026-03-08,2026-04-05,23.89,23.4,24.27,GRU-15
631989,2026-03-08,2026-04-06,23.88,23.45,24.29,GRU-15
631989,2026-03-08,2026-04-07,23.94,23.5,24.34,GRU-15
631990,2026-03-08,2026-03-09,37.97,37.9,38.06,GRU-15
631990,2026-03-08,2026-03-10,37.86,37.74,38.01,GRU-15
631990,2026-03-08,2026-03-11,37.75,37.55,37.98,GRU-15
631990,2026-03-08,2026-03-12,37.66,37.41,37.92,GRU-15
631990,2026-03-08,2026-03-13,37.54,37.22,37.86,GRU-15
631990,2026-03-08,2026-03-14,37.45,37.08,37.83,GRU-15
631990,2026-03-08,2026-03-15,37.36,36.93,37.8,GRU-15
631990,2026-03-08,2026-03-16,37.32,36.85,37.79,GRU-15
631990,2026-03-08,2026-03-17,37.2,36.68,37.71,GRU-15
631990,2026-03-08,2026-03-18,37.16,36.71,37.71,GRU-15
631990,2026-03-08,2026-03-19,37.09,36.5,37.69,GRU-15
631990,2026-03-08,2026-03-20,37.01,36.45,37.69,GRU-15
631990,2026-03-08,2026-03-21,36.93,36.32,37.64,GRU-15
631990,2026-03-08,2026-03-22,36.8,36.15,37.63,GRU-15
631990,2026-03-08,2026-03-23,36.8,36.12,37.58,GRU-15
631990,2026-03-08,2026-03-24,36.65,35.91,37.5,GRU-15
631990,2026-03-08,2026-03-25,36.59,35.83,37.52,GRU-15
631990,2026-03-08,2026-03-26,36.68,35.94,37.61,GRU-15
631990,2026-03-08,2026-03-27,36.59,35.74,37.58,GRU-15
631990,2026-03-08,2026-03-28,36.58,35.68,37.46,GRU-15
631990,2026-03-08,2026-03-29,36.42,35.62,37.37,GRU-15
631990,2026-03-08,2026-03-30,36.59,35.8,37.44,GRU-15
631990,2026-03-08,2026-03-31,36.36,35.53,37.38,GRU-15
631990,2026-03-08,2026-04-01,36.45,35.55,37.36,GRU-15
631990,2026-03-08,2026-04-02,36.38,35.39,37.39,GRU-15
631990,2026-03-08,2026-04-03,36.45,35.67,37.45,GRU-15
631990,2026-03-08,2026-04-04,36.55,35.86,37.43,GRU-15
631990,2026-03-08,2026-04-05,36.36,35.39,37.31,GRU-15
631990,2026-03-08,2026-04-06,36.12,35.23,36.96,GRU-15
631990,2026-03-08,2026-04-07,36.26,35.39,37.24,GRU-15
631992,2026-03-08,2026-03-09,96.6,96.42,96.76,GRU-15
631992,2026-03-08,2026-03-10,96.76,96.46,97.03,GRU-15
631992,2026-03-08,2026-03-11,96.88,96.45,97.23,GRU-15
631992,2026-03-08,2026-03-12,97.04,96.48,97.43,GRU-15
631992,2026-03-08,2026-03-13,97.09,96.43,97.61,GRU-15
631992,2026-03-08,2026-03-14,97.29,96.45,97.87,GRU-15
631992,2026-03-08,2026-03-15,97.39,96.45,98.05,GRU-15
631992,2026-03-08,2026-03-16,97.65,96.78,98.41,GRU-15
631992,2026-03-08,2026-03-17,97.75,96.64,98.55,GRU-15
631992,2026-03-08,2026-03-18,98.1,97.12,98.82,GRU-15
631992,2026-03-08,2026-03-19,98.21,97.03,99.05,GRU-15
631992,2026-03-08,2026-03-20,98.46,97.31,99.26,GRU-15
631992,2026-03-08,2026-03-21,98.72,97.57,99.39,GRU-15
631992,2026-03-08,2026-03-22,98.9,97.51,99.66,GRU-15
631992,2026-03-08,2026-03-23,99.18,97.84,99.83,GRU-15
631992,2026-03-08,2026-03-24,99.09,97.63,99.94,GRU-15
631992,2026-03-08,2026-03-25,99.44,98.17,100.17,GRU-15
631992,2026-03-08,2026-03-26,99.64,98.27,100.25,GRU-15
631992,2026-03-08,2026-03-27,99.66,98.29,100.34,GRU-15
631992,2026-03-08,2026-03-28,99.69,98.15,100.31,GRU-15
631992,2026-03-08,2026-03-29,99.89,98.7,100.42,GRU-15
631992,2026-03-08,2026-03-30,99.94,98.62,100.48,GRU-15
631992,2026-03-08,2026-03-31,99.93,98.7,100.45,GRU-15
631992,2026-03-08,2026-04-01,99.98,98.46,100.48,GRU-15
631992,2026-03-08,2026-04-02,99.94,98.45,100.49,GRU-15
631992,2026-03-08,2026-04-03,100.11,98.83,100.52,GRU-15
631992,2026-03-08,2026-04-04,100.08,98.75,100.52,GRU-15
631992,2026-03-08,2026-04-05,100.15,98.86,100.55,GRU-15
631992,2026-03-08,2026-04-06,100.1,98.49,100.54,GRU-15
631992,2026-03-08,2026-04-07,100.15,98.81,100.6,GRU-15
632208,2026-03-08,2026-03-09,37.84,37.8,37.91,GRU-15
632208,2026-03-08,2026-03-10,37.91,37.82,38.02,GRU-15
632208,2026-03-08,2026-03-11,37.96,37.83,38.1,GRU-15
632208,2026-03-08,2026-03-12,38.04,37.87,38.2,GRU-15
632208,2026-03-08,2026-03-13,38.08,37.89,38.27,GRU-15
632208,2026-03-08,2026-03-14,38.17,37.92,38.42,GRU-15
632208,2026-03-08,2026-03-15,38.18,37.95,38.44,GRU-15
632208,2026-03-08,2026-03-16,38.35,38.05,38.63,GRU-15
632208,2026-03-08,2026-03-17,38.33,38.02,38.65,GRU-15
632208,2026-03-08,2026-03-18,38.51,38.22,38.75,GRU-15
632208,2026-03-08,2026-03-19,38.56,38.24,38.86,GRU-15
632208,2026-03-08,2026-03-20,38.62,38.34,38.95,GRU-15
632208,2026-03-08,2026-03-21,38.71,38.41,38.97,GRU-15
632208,2026-03-08,2026-03-22,38.73,38.44,39.08,GRU-15
632208,2026-03-08,2026-03-23,38.87,38.52,39.22,GRU-15
632208,2026-03-08,2026-03-24,38.88,38.58,39.24,GRU-15
632208,2026-03-08,2026-03-25,38.99,38.64,39.31,GRU-15
632208,2026-03-08,2026-03-26,39.09,38.73,39.39,GRU-15
632208,2026-03-08,2026-03-27,39.08,38.76,39.37,GRU-15
632208,2026-03-08,2026-03-28,39.15,38.76,39.4,GRU-15
632208,2026-03-08,2026-03-29,39.23,38.9,39.44,GRU-15
632208,2026-03-08,2026-03-30,39.25,38.91,39.48,GRU-15
632208,2026-03-08,2026-03-31,39.27,38.92,39.46,GRU-15
632208,2026-03-08,2026-04-01,39.27,38.89,39.47,GRU-15
632208,2026-03-08,2026-04-02,39.26,38.92,39.48,GRU-15
632208,2026-03-08,2026-04-03,39.32,39.0,39.51,GRU-15
632208,2026-03-08,2026-04-04,39.34,39.01,39.52,GRU-15
632208,2026-03-08,2026-04-05,39.35,38.96,39.52,GRU-15
632208,2026-03-08,2026-04-06,39.33,39.0,39.52,GRU-15
632208,2026-03-08,2026-04-07,39.36,39.02,39.54,GRU-15
632228,2026-03-08,2026-03-09,70.57,70.47,70.65,GRU-15
632228,2026-03-08,2026-03-10,70.57,70.41,70.74,GRU-15
632228,2026-03-08,2026-03-11,70.55,70.31,70.83,GRU-15
632228,2026-03-08,2026-03-12,70.52,70.24,70.86,GRU-15
632228,2026-03-08,2026-03-13,70.52,70.16,70.93,GRU-15
632228,2026-03-08,2026-03-14,70.51,70.13,71.02,GRU-15
632228,2026-03-08,2026-03-15,70.48,70.06,71.06,GRU-15
632228,2026-03-08,2026-03-16,70.51,70.02,71.1,GRU-15
632228,2026-03-08,2026-03-17,70.49,69.91,71.16,GRU-15
632228,2026-03-08,2026-03-18,70.42,69.82,71.11,GRU-15
632228,2026-03-08,2026-03-19,70.47,69.81,71.25,GRU-15
632228,2026-03-08,2026-03-20,70.52,69.75,71.26,GRU-15
632228,2026-03-08,2026-03-21,70.53,69.67,71.39,GRU-15
632228,2026-03-08,2026-03-22,70.52,69.68,71.37,GRU-15
632228,2026-03-08,2026-03-23,70.53,69.58,71.36,GRU-15
632228,2026-03-08,2026-03-24,70.53,69.61,71.48,GRU-15
632228,2026-03-08,2026-03-25,70.55,69.41,71.49,GRU-15
632228,2026-03-08,2026-03-26,70.32,69.21,71.34,GRU-15
632228,2026-03-08,2026-03-27,70.02,68.88,71.25,GRU-15
632228,2026-03-08,2026-03-28,70.52,69.44,71.65,GRU-15
632228,2026-03-08,2026-03-29,70.35,69.14,71.47,GRU-15
632228,2026-03-08,2026-03-30,70.37,69.24,71.56,GRU-15
632228,2026-03-08,2026-03-31,70.5,69.06,71.5,GRU-15
632228,2026-03-08,2026-04-01,70.23,69.1,71.47,GRU-15
632228,2026-03-08,2026-04-02,70.65,69.35,71.84,GRU-15
632228,2026-03-08,2026-04-03,70.41,69.03,71.6,GRU-15
632228,2026-03-08,2026-04-04,70.48,69.24,71.73,GRU-15
632228,2026-03-08,2026-04-05,70.3,68.95,71.76,GRU-15
632228,2026-03-08,2026-04-06,70.1,68.78,71.46,GRU-15
632228,2026-03-08,2026-04-07,70.39,69.11,71.73,GRU-15
632245,2026-03-08,2026-03-09,75.71,75.67,75.75,GRU-15
632245,2026-03-08,2026-03-10,75.62,75.54,75.68,GRU-15
632245,2026-03-08,2026-03-11,75.5,75.38,75.6,GRU-15
632245,2026-03-08,2026-03-12,75.4,75.25,75.53,GRU-15
632245,2026-03-08,2026-03-13,75.3,75.11,75.46,GRU-15
632245,2026-03-08,2026-03-14,75.18,74.98,75.38,GRU-15
632245,2026-03-08,2026-03-15,75.08,74.83,75.3,GRU-15
632245,2026-03-08,2026-03-16,74.98,74.68,75.22,GRU-15
632245,2026-03-08,2026-03-17,74.86,74.54,75.14,GRU-15
632245,2026-03-08,2026-03-18,74.77,74.38,75.04,GRU-15
632245,2026-03-08,2026-03-19,74.59,74.21,74.93,GRU-15
632245,2026-03-08,2026-03-20,74.45,74.05,74.86,GRU-15
632245,2026-03-08,2026-03-21,74.24,73.86,74.66,GRU-15
632245,2026-03-08,2026-03-22,74.07,73.68,74.57,GRU-15
632245,2026-03-08,2026-03-23,73.98,73.66,74.55,GRU-15
632245,2026-03-08,2026-03-24,73.88,73.55,74.36,GRU-15
632245,2026-03-08,2026-03-25,73.84,73.52,74.4,GRU-15
632245,2026-03-08,2026-03-26,73.78,73.45,74.28,GRU-15
632245,2026-03-08,2026-03-27,73.9,73.53,74.37,GRU-15
632245,2026-03-08,2026-03-28,73.61,73.36,74.11,GRU-15
632245,2026-03-08,2026-03-29,73.64,73.36,74.17,GRU-15
632245,2026-03-08,2026-03-30,73.51,73.31,73.93,GRU-15
632245,2026-03-08,2026-03-31,73.55,73.32,74.05,GRU-15
632245,2026-03-08,2026-04-01,73.64,73.35,74.07,GRU-15
632245,2026-03-08,2026-04-02,73.59,73.34,73.97,GRU-15
632245,2026-03-08,2026-04-03,73.44,73.29,73.82,GRU-15
632245,2026-03-08,2026-04-04,73.58,73.34,74.03,GRU-15
632245,2026-03-08,2026-04-05,73.44,73.27,73.75,GRU-15
632245,2026-03-08,2026-04-06,73.55,73.32,73.95,GRU-15
632245,2026-03-08,2026-04-07,73.4,73.26,73.7,GRU-15
632251,2026-03-08,2026-03-09,38.77,38.64,38.9,GRU-15
632251,2026-03-08,2026-03-10,38.88,38.68,39.11,GRU-15
632251,2026-03-08,2026-03-11,38.97,38.68,39.26,GRU-15
632251,2026-03-08,2026-03-12,39.04,38.69,39.4,GRU-15
632251,2026-03-08,2026-03-13,39.15,38.74,39.56,GRU-15
632251,2026-03-08,2026-03-14,39.25,38.76,39.75,GRU-15
632251,2026-03-08,2026-03-15,39.33,38.8,39.84,GRU-15
632251,2026-03-08,2026-03-16,39.47,38.88,40.1,GRU-15
632251,2026-03-08,2026-03-17,39.58,38.98,40.23,GRU-15
632251,2026-03-08,2026-03-18,39.57,39.04,40.18,GRU-15
632251,2026-03-08,2026-03-19,39.78,39.12,40.51,GRU-15
632251,2026-03-08,2026-03-20,39.85,39.2,40.58,GRU-15
632251,2026-03-08,2026-03-21,39.95,39.32,40.65,GRU-15
632251,2026-03-08,2026-03-22,40.08,39.4,40.81,GRU-15
632251,2026-03-08,2026-03-23,40.18,39.48,40.96,GRU-15
632251,2026-03-08,2026-03-24,40.28,39.56,41.02,GRU-15
632251,2026-03-08,2026-03-25,40.43,39.57,41.17,GRU-15
632251,2026-03-08,2026-03-26,40.46,39.62,41.22,GRU-15
632251,2026-03-08,2026-03-27,40.43,39.69,41.23,GRU-15
632251,2026-03-08,2026-03-28,40.52,39.84,41.29,GRU-15
632251,2026-03-08,2026-03-29,40.68,39.93,41.4,GRU-15
632251,2026-03-08,2026-03-30,40.67,39.96,41.4,GRU-15
632251,2026-03-08,2026-03-31,40.71,40.0,41.44,GRU-15
632251,2026-03-08,2026-04-01,40.78,40.07,41.42,GRU-15
632251,2026-03-08,2026-04-02,40.75,40.04,41.42,GRU-15
632251,2026-03-08,2026-04-03,40.86,40.15,41.48,GRU-15
632251,2026-03-08,2026-04-04,40.9,39.95,41.43,GRU-15
632251,2026-03-08,2026-04-05,40.9,40.1,41.54,GRU-15
632251,2026-03-08,2026-04-06,40.95,40.11,41.49,GRU-15
632251,2026-03-08,2026-04-07,40.95,40.18,41.55,GRU-15
632252,2026-03-08,2026-03-09,36.73,36.69,36.77,GRU-15
632252,2026-03-08,2026-03-10,36.68,36.62,36.74,GRU-15
632252,2026-03-08,2026-03-11,36.63,36.54,36.71,GRU-15
632252,2026-03-08,2026-03-12,36.59,36.5,36.69,GRU-15
632252,2026-03-08,2026-03-13,36.53,36.39,36.66,GRU-15
632252,2026-03-08,2026-03-14,36.48,36.33,36.64,GRU-15
632252,2026-03-08,2026-03-15,36.44,36.25,36.63,GRU-15
632252,2026-03-08,2026-03-16,36.44,36.26,36.6,GRU-15
632252,2026-03-08,2026-03-17,36.35,36.12,36.6,GRU-15
632252,2026-03-08,2026-03-18,36.39,36.2,36.6,GRU-15
632252,2026-03-08,2026-03-19,36.32,36.08,36.59,GRU-15
632252,2026-03-08,2026-03-20,36.32,36.08,36.59,GRU-15
632252,2026-03-08,2026-03-21,36.3,36.04,36.59,GRU-15
632252,2026-03-08,2026-03-22,36.26,35.94,36.58,GRU-15
632252,2026-03-08,2026-03-23,36.25,35.96,36.55,GRU-15
632252,2026-03-08,2026-03-24,36.17,35.82,36.51,GRU-15
632252,2026-03-08,2026-03-25,36.17,35.83,36.5,GRU-15
632252,2026-03-08,2026-03-26,36.26,35.94,36.55,GRU-15
632252,2026-03-08,2026-03-27,36.21,35.82,36.5,GRU-15
632252,2026-03-08,2026-03-28,36.13,35.79,36.44,GRU-15
632252,2026-03-08,2026-03-29,36.12,35.79,36.45,GRU-15
632252,2026-03-08,2026-03-30,36.17,35.75,36.48,GRU-15
632252,2026-03-08,2026-03-31,36.1,35.71,36.44,GRU-15
632252,2026-03-08,2026-04-01,36.08,35.74,36.44,GRU-15
632252,2026-03-08,2026-04-02,36.03,35.63,36.41,GRU-15
632252,2026-03-08,2026-04-03,36.12,35.75,36.49,GRU-15
632252,2026-03-08,2026-04-04,36.19,35.85,36.48,GRU-15
632252,2026-03-08,2026-04-05,36.06,35.7,36.41,GRU-15
632252,2026-03-08,2026-04-06,35.96,35.61,36.33,GRU-15
632252,2026-03-08,2026-04-07,36.02,35.62,36.39,GRU-15
632684,2026-03-08,2026-03-09,80.14,80.03,80.31,GRU-15
632684,2026-03-08,2026-03-10,80.14,79.95,80.42,GRU-15
632684,2026-03-08,2026-03-11,80.12,79.86,80.54,GRU-15
632684,2026-03-08,2026-03-12,80.11,79.81,80.61,GRU-15
632684,2026-03-08,2026-03-13,80.12,79.73,80.71,GRU-15
632684,2026-03-08,2026-03-14,80.14,79.67,80.85,GRU-15
632684,2026-03-08,2026-03-15,80.12,79.63,80.93,GRU-15
632684,2026-03-08,2026-03-16,80.17,79.56,81.03,GRU-15
632684,2026-03-08,2026-03-17,80.18,79.58,81.15,GRU-15
632684,2026-03-08,2026-03-18,80.2,79.62,80.93,GRU-15
632684,2026-03-08,2026-03-19,80.31,79.63,81.18,GRU-15
632684,2026-03-08,2026-03-20,80.36,79.71,81.13,GRU-15
632684,2026-03-08,2026-03-21,80.44,79.75,81.26,GRU-15
632684,2026-03-08,2026-03-22,80.55,79.81,81.31,GRU-15
632684,2026-03-08,2026-03-23,80.56,79.8,81.35,GRU-15
632684,2026-03-08,2026-03-24,80.62,79.8,81.49,GRU-15
632684,2026-03-08,2026-03-25,80.65,79.8,81.58,GRU-15
632684,2026-03-08,2026-03-26,80.61,79.83,81.62,GRU-15
632684,2026-03-08,2026-03-27,80.57,79.73,81.54,GRU-15
632684,2026-03-08,2026-03-28,80.81,80.02,81.73,GRU-15
632684,2026-03-08,2026-03-29,80.79,79.97,81.95,GRU-15
632684,2026-03-08,2026-03-30,80.77,80.03,81.9,GRU-15
632684,2026-03-08,2026-03-31,80.9,80.13,82.02,GRU-15
632684,2026-03-08,2026-04-01,80.85,79.96,81.93,GRU-15
632684,2026-03-08,2026-04-02,80.93,80.03,82.05,GRU-15
632684,2026-03-08,2026-04-03,81.05,80.24,82.03,GRU-15
632684,2026-03-08,2026-04-04,81.0,80.19,82.19,GRU-15
632684,2026-03-08,2026-04-05,81.01,80.2,81.91,GRU-15
632684,2026-03-08,2026-04-06,81.03,80.32,82.15,GRU-15
632684,2026-03-08,2026-04-07,81.11,80.27,82.09,GRU-15
632686,2026-03-08,2026-03-09,55.44,55.39,55.51,GRU-15
632686,2026-03-08,2026-03-10,55.39,55.3,55.5,GRU-15
632686,2026-03-08,2026-03-11,55.33,55.19,55.5,GRU-15
632686,2026-03-08,2026-03-12,55.28,55.11,55.48,GRU-15
632686,2026-03-08,2026-03-13,55.25,55.03,55.49,GRU-15
632686,2026-03-08,2026-03-14,55.19,54.94,55.49,GRU-15
632686,2026-03-08,2026-03-15,55.18,54.89,55.5,GRU-15
632686,2026-03-08,2026-03-16,55.14,54.82,55.49,GRU-15
632686,2026-03-08,2026-03-17,55.13,54.78,55.49,GRU-15
632686,2026-03-08,2026-03-18,55.08,54.77,55.41,GRU-15
632686,2026-03-08,2026-03-19,55.08,54.72,55.47,GRU-15
632686,2026-03-08,2026-03-20,55.06,54.74,55.44,GRU-15
632686,2026-03-08,2026-03-21,55.03,54.72,55.44,GRU-15
632686,2026-03-08,2026-03-22,55.06,54.7,55.51,GRU-15
632686,2026-03-08,2026-03-23,54.99,54.66,55.46,GRU-15
632686,2026-03-08,2026-03-24,55.0,54.62,55.47,GRU-15
632686,2026-03-08,2026-03-25,54.94,54.56,55.47,GRU-15
632686,2026-03-08,2026-03-26,54.98,54.55,55.42,GRU-15
632686,2026-03-08,2026-03-27,54.89,54.47,55.44,GRU-15
632686,2026-03-08,2026-03-28,55.05,54.67,55.54,GRU-15
632686,2026-03-08,2026-03-29,54.91,54.4,55.43,GRU-15
632686,2026-03-08,2026-03-30,55.04,54.53,55.45,GRU-15
632686,2026-03-08,2026-03-31,54.98,54.41,55.45,GRU-15
632686,2026-03-08,2026-04-01,54.97,54.62,55.48,GRU-15
632686,2026-03-08,2026-04-02,54.92,54.46,55.5,GRU-15
632686,2026-03-08,2026-04-03,55.06,54.52,55.56,GRU-15
632686,2026-03-08,2026-04-04,55.03,54.61,55.41,GRU-15
632686,2026-03-08,2026-04-05,54.98,54.41,55.56,GRU-15
632686,2026-03-08,2026-04-06,55.0,54.46,55.4,GRU-15
632686,2026-03-08,2026-04-07,55.04,54.48,55.51,GRU-15
632720,2026-03-08,2026-03-09,223.07,222.91,223.21,GRU-15
632720,2026-03-08,2026-03-10,222.74,222.46,222.99,GRU-15
632720,2026-03-08,2026-03-11,222.36,222.01,222.75,GRU-15
632720,2026-03-08,2026-03-12,222.05,221.57,222.53,GRU-15
632720,2026-03-08,2026-03-13,221.74,221.17,222.3,GRU-15
632720,2026-03-08,2026-03-14,221.41,220.78,222.07,GRU-15
632720,2026-03-08,2026-03-15,221.11,220.29,221.88,GRU-15
632720,2026-03-08,2026-03-16,220.85,220.02,221.67,GRU-15
632720,2026-03-08,2026-03-17,220.54,219.42,221.45,GRU-15
632720,2026-03-08,2026-03-18,220.28,219.17,221.44,GRU-15
632720,2026-03-08,2026-03-19,219.85,218.65,221.01,GRU-15
632720,2026-03-08,2026-03-20,219.66,218.18,221.0,GRU-15
632720,2026-03-08,2026-03-21,219.18,217.75,220.81,GRU-15
632720,2026-03-08,2026-03-22,218.86,217.15,220.51,GRU-15
632720,2026-03-08,2026-03-23,218.64,217.04,220.57,GRU-15
632720,2026-03-08,2026-03-24,218.36,216.54,219.93,GRU-15
632720,2026-03-08,2026-03-25,218.19,216.46,220.25,GRU-15
632720,2026-03-08,2026-03-26,218.17,216.88,220.2,GRU-15
632720,2026-03-08,2026-03-27,218.49,217.12,220.46,GRU-15
632720,2026-03-08,2026-03-28,217.43,215.67,219.95,GRU-15
632720,2026-03-08,2026-03-29,217.66,216.23,220.0,GRU-15
632720,2026-03-08,2026-03-30,217.02,215.63,219.02,GRU-15
632720,2026-03-08,2026-03-31,217.22,215.69,219.8,GRU-15
632720,2026-03-08,2026-04-01,217.72,216.21,219.73,GRU-15
632720,2026-03-08,2026-04-02,217.32,215.68,219.25,GRU-15
632720,2026-03-08,2026-04-03,217.11,215.69,219.36,GRU-15
632720,2026-03-08,2026-04-04,217.54,216.13,219.6,GRU-15
632720,2026-03-08,2026-04-05,216.79,215.26,219.0,GRU-15
632720,2026-03-08,2026-04-06,217.26,215.86,219.13,GRU-15
632720,2026-03-08,2026-04-07,216.54,215.2,218.25,GRU-15
633053,2026-03-08,2026-03-09,109.23,109.18,109.28,GRU-15
633053,2026-03-08,2026-03-10,109.15,109.07,109.23,GRU-15
633053,2026-03-08,2026-03-11,109.06,108.92,109.17,GRU-15
633053,2026-03-08,2026-03-12,108.99,108.81,109.13,GRU-15
633053,2026-03-08,2026-03-13,108.91,108.68,109.09,GRU-15
633053,2026-03-08,2026-03-14,108.83,108.57,109.04,GRU-15
633053,2026-03-08,2026-03-15,108.76,108.47,109.03,GRU-15
633053,2026-03-08,2026-03-16,108.69,108.38,108.98,GRU-15
633053,2026-03-08,2026-03-17,108.64,108.27,108.99,GRU-15
633053,2026-03-08,2026-03-18,108.61,108.17,109.01,GRU-15
633053,2026-03-08,2026-03-19,108.52,108.08,109.01,GRU-15
633053,2026-03-08,2026-03-20,108.49,107.97,109.05,GRU-15
633053,2026-03-08,2026-03-21,108.43,107.92,109.04,GRU-15
633053,2026-03-08,2026-03-22,108.38,107.84,109.09,GRU-15
633053,2026-03-08,2026-03-23,108.38,107.85,109.12,GRU-15
633053,2026-03-08,2026-03-24,108.29,107.66,109.03,GRU-15
633053,2026-03-08,2026-03-25,108.29,107.65,109.11,GRU-15
633053,2026-03-08,2026-03-26,108.52,107.92,109.09,GRU-15
633053,2026-03-08,2026-03-27,108.32,107.54,109.04,GRU-15
633053,2026-03-08,2026-03-28,108.34,107.59,109.17,GRU-15
633053,2026-03-08,2026-03-29,108.16,107.53,109.02,GRU-15
633053,2026-03-08,2026-03-30,108.21,107.46,108.87,GRU-15
633053,2026-03-08,2026-03-31,108.17,107.48,109.1,GRU-15
633053,2026-03-08,2026-04-01,108.16,107.54,109.06,GRU-15
633053,2026-03-08,2026-04-02,108.01,107.24,108.99,GRU-15
633053,2026-03-08,2026-04-03,108.18,107.49,109.06,GRU-15
633053,2026-03-08,2026-04-04,108.09,107.49,108.99,GRU-15
633053,2026-03-08,2026-04-05,108.09,107.31,109.02,GRU-15
633053,2026-03-08,2026-04-06,108.09,107.34,109.0,GRU-15
633053,2026-03-08,2026-04-07,108.0,107.26,108.92,GRU-15
633098,2026-03-08,2026-03-09,122.74,122.57,122.88,GRU-15
633098,2026-03-08,2026-03-10,122.88,122.58,123.11,GRU-15
633098,2026-03-08,2026-03-11,122.97,122.58,123.3,GRU-15
633098,2026-03-08,2026-03-12,123.05,122.6,123.45,GRU-15
633098,2026-03-08,2026-03-13,123.16,122.63,123.62,GRU-15
633098,2026-03-08,2026-03-14,123.28,122.63,123.86,GRU-15
633098,2026-03-08,2026-03-15,123.39,122.72,123.99,GRU-15
633098,2026-03-08,2026-03-16,123.55,122.78,124.23,GRU-15
633098,2026-03-08,2026-03-17,123.68,122.87,124.41,GRU-15
633098,2026-03-08,2026-03-18,123.6,122.93,124.39,GRU-15
633098,2026-03-08,2026-03-19,123.89,123.09,124.68,GRU-15
633098,2026-03-08,2026-03-20,123.93,123.18,124.82,GRU-15
633098,2026-03-08,2026-03-21,124.07,123.28,124.96,GRU-15
633098,2026-03-08,2026-03-22,124.26,123.39,125.09,GRU-15
633098,2026-03-08,2026-03-23,124.38,123.48,125.31,GRU-15
633098,2026-03-08,2026-03-24,124.42,123.53,125.45,GRU-15
633098,2026-03-08,2026-03-25,124.64,123.64,125.53,GRU-15
633098,2026-03-08,2026-03-26,124.74,123.67,125.63,GRU-15
633098,2026-03-08,2026-03-27,124.77,123.65,125.68,GRU-15
633098,2026-03-08,2026-03-28,124.78,123.82,125.67,GRU-15
633098,2026-03-08,2026-03-29,124.97,123.9,125.83,GRU-15
633098,2026-03-08,2026-03-30,124.97,123.94,125.85,GRU-15
633098,2026-03-08,2026-03-31,124.99,123.98,125.83,GRU-15
633098,2026-03-08,2026-04-01,125.04,123.92,125.87,GRU-15
633098,2026-03-08,2026-04-02,125.11,124.03,125.92,GRU-15
633098,2026-03-08,2026-04-03,125.15,124.13,125.93,GRU-15
633098,2026-03-08,2026-04-04,125.11,124.06,125.88,GRU-15
633098,2026-03-08,2026-04-05,125.14,124.1,125.93,GRU-15
633098,2026-03-08,2026-04-06,125.2,124.15,125.92,GRU-15
633098,2026-03-08,2026-04-07,125.23,124.13,125.98,GRU-15
633099,2026-03-08,2026-03-09,66.81,66.72,66.89,GRU-15
633099,2026-03-08,2026-03-10,66.88,66.73,67.02,GRU-15
633099,2026-03-08,2026-03-11,66.95,66.73,67.14,GRU-15
633099,2026-03-08,2026-03-12,67.01,66.75,67.27,GRU-15
633099,2026-03-08,2026-03-13,67.07,66.74,67.35,GRU-15
633099,2026-03-08,2026-03-14,67.15,66.77,67.52,GRU-15
633099,2026-03-08,2026-03-15,67.19,66.79,67.56,GRU-15
633099,2026-03-08,2026-03-16,67.33,66.94,67.81,GRU-15
633099,2026-03-08,2026-03-17,67.34,66.87,67.83,GRU-15
633099,2026-03-08,2026-03-18,67.46,67.05,67.96,GRU-15
633099,2026-03-08,2026-03-19,67.58,67.1,68.09,GRU-15
633099,2026-03-08,2026-03-20,67.68,67.2,68.14,GRU-15
633099,2026-03-08,2026-03-21,67.71,67.26,68.24,GRU-15
633099,2026-03-08,2026-03-22,67.83,67.38,68.39,GRU-15
633099,2026-03-08,2026-03-23,67.97,67.48,68.55,GRU-15
633099,2026-03-08,2026-03-24,68.0,67.47,68.61,GRU-15
633099,2026-03-08,2026-03-25,68.11,67.57,68.65,GRU-15
633099,2026-03-08,2026-03-26,68.23,67.61,68.85,GRU-15
633099,2026-03-08,2026-03-27,68.2,67.63,68.82,GRU-15
633099,2026-03-08,2026-03-28,68.26,67.76,68.87,GRU-15
633099,2026-03-08,2026-03-29,68.39,67.83,68.95,GRU-15
633099,2026-03-08,2026-03-30,68.42,67.87,69.01,GRU-15
633099,2026-03-08,2026-03-31,68.44,67.86,69.01,GRU-15
633099,2026-03-08,2026-04-01,68.44,67.85,68.99,GRU-15
633099,2026-03-08,2026-04-02,68.44,67.9,69.03,GRU-15
633099,2026-03-08,2026-04-03,68.59,68.03,69.08,GRU-15
633099,2026-03-08,2026-04-04,68.54,68.05,69.09,GRU-15
633099,2026-03-08,2026-04-05,68.66,68.05,69.08,GRU-15
633099,2026-03-08,2026-04-06,68.54,68.0,69.06,GRU-15
633099,2026-03-08,2026-04-07,68.65,68.06,69.12,GRU-15
633103,2026-03-08,2026-03-09,129.96,129.92,130.02,GRU-15
633103,2026-03-08,2026-03-10,129.84,129.77,129.93,GRU-15
633103,2026-03-08,2026-03-11,129.69,129.6,129.83,GRU-15
633103,2026-03-08,2026-03-12,129.59,129.47,129.75,GRU-15
633103,2026-03-08,2026-03-13,129.46,129.31,129.68,GRU-15
633103,2026-03-08,2026-03-14,129.34,129.18,129.58,GRU-15
633103,2026-03-08,2026-03-15,129.25,129.05,129.54,GRU-15
633103,2026-03-08,2026-03-16,129.17,128.93,129.45,GRU-15
633103,2026-03-08,2026-03-17,129.07,128.77,129.43,GRU-15
633103,2026-03-08,2026-03-18,129.04,128.71,129.43,GRU-15
633103,2026-03-08,2026-03-19,128.92,128.53,129.34,GRU-15
633103,2026-03-08,2026-03-20,128.9,128.44,129.42,GRU-15
633103,2026-03-08,2026-03-21,128.79,128.27,129.36,GRU-15
633103,2026-03-08,2026-03-22,128.69,128.1,129.32,GRU-15
633103,2026-03-08,2026-03-23,128.66,128.07,129.29,GRU-15
633103,2026-03-08,2026-03-24,128.55,127.92,129.15,GRU-15
633103,2026-03-08,2026-03-25,128.52,127.93,129.24,GRU-15
633103,2026-03-08,2026-03-26,128.58,128.02,129.2,GRU-15
633103,2026-03-08,2026-03-27,128.55,128.0,129.29,GRU-15
633103,2026-03-08,2026-03-28,128.33,127.71,129.0,GRU-15
633103,2026-03-08,2026-03-29,128.37,127.69,129.14,GRU-15
633103,2026-03-08,2026-03-30,128.28,127.5,129.14,GRU-15
633103,2026-03-08,2026-03-31,128.2,127.47,129.06,GRU-15
633103,2026-03-08,2026-04-01,128.39,127.8,129.05,GRU-15
633103,2026-03-08,2026-04-02,128.1,127.45,128.79,GRU-15
633103,2026-03-08,2026-04-03,128.15,127.6,128.93,GRU-15
633103,2026-03-08,2026-04-04,128.26,127.58,129.06,GRU-15
633103,2026-03-08,2026-04-05,128.12,127.46,128.9,GRU-15
633103,2026-03-08,2026-04-06,128.18,127.51,128.94,GRU-15
633103,2026-03-08,2026-04-07,128.0,127.28,128.79,GRU-15
633104,2026-03-08,2026-03-09,123.5,123.19,123.73,GRU-15
633104,2026-03-08,2026-03-10,123.81,123.29,124.24,GRU-15
633104,2026-03-08,2026-03-11,124.02,123.31,124.61,GRU-15
633104,2026-03-08,2026-03-12,124.29,123.45,125.0,GRU-15
633104,2026-03-08,2026-03-13,124.56,123.58,125.38,GRU-15
633104,2026-03-08,2026-03-14,124.86,123.65,125.85,GRU-15
633104,2026-03-08,2026-03-15,125.07,123.77,126.19,GRU-15
633104,2026-03-08,2026-03-16,125.42,124.05,126.66,GRU-15
633104,2026-03-08,2026-03-17,125.82,124.18,127.01,GRU-15
633104,2026-03-08,2026-03-18,126.08,124.65,127.22,GRU-15
633104,2026-03-08,2026-03-19,126.48,124.9,127.57,GRU-15
633104,2026-03-08,2026-03-20,126.73,124.96,127.79,GRU-15
633104,2026-03-08,2026-03-21,127.03,125.24,128.08,GRU-15
633104,2026-03-08,2026-03-22,127.31,125.43,128.52,GRU-15
633104,2026-03-08,2026-03-23,127.64,125.85,128.76,GRU-15
633104,2026-03-08,2026-03-24,127.81,126.0,128.83,GRU-15
633104,2026-03-08,2026-03-25,128.19,126.29,129.02,GRU-15
633104,2026-03-08,2026-03-26,128.33,126.31,129.2,GRU-15
633104,2026-03-08,2026-03-27,128.4,126.71,129.19,GRU-15
633104,2026-03-08,2026-03-28,128.44,126.76,129.27,GRU-15
633104,2026-03-08,2026-03-29,128.72,126.93,129.36,GRU-15
633104,2026-03-08,2026-03-30,128.71,127.22,129.41,GRU-15
633104,2026-03-08,2026-03-31,128.74,127.17,129.39,GRU-15
633104,2026-03-08,2026-04-01,128.86,127.3,129.44,GRU-15
633104,2026-03-08,2026-04-02,128.82,127.37,129.43,GRU-15
633104,2026-03-08,2026-04-03,128.95,127.44,129.48,GRU-15
633104,2026-03-08,2026-04-04,128.96,127.49,129.5,GRU-15
633104,2026-03-08,2026-04-05,129.01,127.49,129.52,GRU-15
633104,2026-03-08,2026-04-06,128.99,127.45,129.5,GRU-15
633104,2026-03-08,2026-04-07,129.12,127.69,129.52,GRU-15
647656,2026-03-08,2026-03-09,4.6,4.59,4.62,GRU-15
647656,2026-03-08,2026-03-10,4.58,4.56,4.61,GRU-15
647656,2026-03-08,2026-03-11,4.55,4.52,4.59,GRU-15
647656,2026-03-08,2026-03-12,4.52,4.48,4.57,GRU-15
647656,2026-03-08,2026-03-13,4.5,4.46,4.56,GRU-15
647656,2026-03-08,2026-03-14,4.49,4.44,4.55,GRU-15
647656,2026-03-08,2026-03-15,4.47,4.43,4.54,GRU-15
647656,2026-03-08,2026-03-16,4.47,4.43,4.54,GRU-15
647656,2026-03-08,2026-03-17,4.46,4.42,4.53,GRU-15
647656,2026-03-08,2026-03-18,4.44,4.41,4.52,GRU-15
647656,2026-03-08,2026-03-19,4.44,4.41,4.53,GRU-15
647656,2026-03-08,2026-03-20,4.45,4.41,4.52,GRU-15
647656,2026-03-08,2026-03-21,4.42,4.4,4.5,GRU-15
647656,2026-03-08,2026-03-22,4.42,4.4,4.48,GRU-15
647656,2026-03-08,2026-03-23,4.42,4.39,4.46,GRU-15
647656,2026-03-08,2026-03-24,4.4,4.38,4.45,GRU-15
647656,2026-03-08,2026-03-25,4.39,4.38,4.43,GRU-15
647656,2026-03-08,2026-03-26,4.4,4.38,4.43,GRU-15
647656,2026-03-08,2026-03-27,4.4,4.38,4.43,GRU-15
647656,2026-03-08,2026-03-28,4.39,4.38,4.42,GRU-15
647656,2026-03-08,2026-03-29,4.39,4.38,4.42,GRU-15
647656,2026-03-08,2026-03-30,4.39,4.38,4.43,GRU-15
647656,2026-03-08,2026-03-31,4.38,4.37,4.4,GRU-15
647656,2026-03-08,2026-04-01,4.38,4.37,4.39,GRU-15
647656,2026-03-08,2026-04-02,4.38,4.37,4.39,GRU-15
647656,2026-03-08,2026-04-03,4.38,4.37,4.4,GRU-15
647656,2026-03-08,2026-04-04,4.38,4.37,4.39,GRU-15
647656,2026-03-08,2026-04-05,4.38,4.37,4.39,GRU-15
647656,2026-03-08,2026-04-06,4.38,4.37,4.4,GRU-15
647656,2026-03-08,2026-04-07,4.38,4.37,4.39,GRU-15
647657,2026-03-08,2026-03-09,4.35,4.33,4.37,GRU-15
647657,2026-03-08,2026-03-10,4.37,4.33,4.41,GRU-15
647657,2026-03-08,2026-03-11,4.38,4.33,4.44,GRU-15
647657,2026-03-08,2026-03-12,4.4,4.34,4.48,GRU-15
647657,2026-03-08,2026-03-13,4.43,4.35,4.51,GRU-15
647657,2026-03-08,2026-03-14,4.45,4.35,4.55,GRU-15
647657,2026-03-08,2026-03-15,4.46,4.35,4.58,GRU-15
647657,2026-03-08,2026-03-16,4.48,4.35,4.6,GRU-15
647657,2026-03-08,2026-03-17,4.5,4.37,4.63,GRU-15
647657,2026-03-08,2026-03-18,4.53,4.38,4.67,GRU-15
647657,2026-03-08,2026-03-19,4.55,4.41,4.68,GRU-15
647657,2026-03-08,2026-03-20,4.57,4.43,4.71,GRU-15
647657,2026-03-08,2026-03-21,4.62,4.47,4.75,GRU-15
647657,2026-03-08,2026-03-22,4.64,4.47,4.79,GRU-15
647657,2026-03-08,2026-03-23,4.66,4.5,4.83,GRU-15
647657,2026-03-08,2026-03-24,4.7,4.52,4.85,GRU-15
647657,2026-03-08,2026-03-25,4.71,4.55,4.84,GRU-15
647657,2026-03-08,2026-03-26,4.74,4.55,4.91,GRU-15
647657,2026-03-08,2026-03-27,4.75,4.57,4.88,GRU-15
647657,2026-03-08,2026-03-28,4.8,4.62,4.95,GRU-15
647657,2026-03-08,2026-03-29,4.81,4.61,4.95,GRU-15
647657,2026-03-08,2026-03-30,4.84,4.63,4.96,GRU-15
647657,2026-03-08,2026-03-31,4.86,4.68,4.98,GRU-15
647657,2026-03-08,2026-04-01,4.88,4.68,4.98,GRU-15
647657,2026-03-08,2026-04-02,4.91,4.74,5.0,GRU-15
647657,2026-03-08,2026-04-03,4.92,4.74,5.03,GRU-15
647657,2026-03-08,2026-04-04,4.91,4.74,5.02,GRU-15
647657,2026-03-08,2026-04-05,4.93,4.78,5.03,GRU-15
647657,2026-03-08,2026-04-06,4.94,4.81,5.02,GRU-15
647657,2026-03-08,2026-04-07,4.94,4.76,5.04,GRU-15
647659,2026-03-08,2026-03-09,3.47,3.47,3.47,GRU-15
647659,2026-03-08,2026-03-10,3.47,3.46,3.47,GRU-15
647659,2026-03-08,2026-03-11,3.47,3.45,3.48,GRU-15
647659,2026-03-08,2026-03-12,3.46,3.45,3.48,GRU-15
647659,2026-03-08,2026-03-13,3.46,3.45,3.48,GRU-15
647659,2026-03-08,2026-03-14,3.46,3.44,3.48,GRU-15
647659,2026-03-08,2026-03-15,3.46,3.44,3.48,GRU-15
647659,2026-03-08,2026-03-16,3.46,3.43,3.48,GRU-15
647659,2026-03-08,2026-03-17,3.46,3.44,3.49,GRU-15
647659,2026-03-08,2026-03-18,3.46,3.44,3.49,GRU-15
647659,2026-03-08,2026-03-19,3.46,3.44,3.49,GRU-15
647659,2026-03-08,2026-03-20,3.48,3.45,3.5,GRU-15
647659,2026-03-08,2026-03-21,3.47,3.44,3.5,GRU-15
647659,2026-03-08,2026-03-22,3.47,3.44,3.51,GRU-15
647659,2026-03-08,2026-03-23,3.47,3.44,3.51,GRU-15
647659,2026-03-08,2026-03-24,3.48,3.44,3.51,GRU-15
647659,2026-03-08,2026-03-25,3.48,3.45,3.52,GRU-15
647659,2026-03-08,2026-03-26,3.48,3.45,3.52,GRU-15
647659,2026-03-08,2026-03-27,3.49,3.46,3.52,GRU-15
647659,2026-03-08,2026-03-28,3.48,3.44,3.52,GRU-15
647659,2026-03-08,2026-03-29,3.48,3.43,3.52,GRU-15
647659,2026-03-08,2026-03-30,3.49,3.45,3.53,GRU-15
647659,2026-03-08,2026-03-31,3.48,3.44,3.53,GRU-15
647659,2026-03-08,2026-04-01,3.5,3.45,3.54,GRU-15
647659,2026-03-08,2026-04-02,3.5,3.45,3.53,GRU-15
647659,2026-03-08,2026-04-03,3.49,3.45,3.54,GRU-15
647659,2026-03-08,2026-04-04,3.49,3.44,3.53,GRU-15
647659,2026-03-08,2026-04-05,3.49,3.45,3.54,GRU-15
647659,2026-03-08,2026-04-06,3.5,3.45,3.55,GRU-15
647659,2026-03-08,2026-04-07,3.49,3.44,3.55,GRU-15
647660,2026-03-08,2026-03-09,8.48,8.47,8.48,GRU-15
647660,2026-03-08,2026-03-10,8.47,8.45,8.48,GRU-15
647660,2026-03-08,2026-03-11,8.46,8.44,8.48,GRU-15
647660,2026-03-08,2026-03-12,8.45,8.43,8.48,GRU-15
647660,2026-03-08,2026-03-13,8.45,8.41,8.48,GRU-15
647660,2026-03-08,2026-03-14,8.44,8.4,8.48,GRU-15
647660,2026-03-08,2026-03-15,8.44,8.38,8.47,GRU-15
647660,2026-03-08,2026-03-16,8.44,8.37,8.48,GRU-15
647660,2026-03-08,2026-03-17,8.43,8.37,8.48,GRU-15
647660,2026-03-08,2026-03-18,8.43,8.37,8.48,GRU-15
647660,2026-03-08,2026-03-19,8.44,8.38,8.49,GRU-15
647660,2026-03-08,2026-03-20,8.45,8.39,8.5,GRU-15
647660,2026-03-08,2026-03-21,8.44,8.38,8.51,GRU-15
647660,2026-03-08,2026-03-22,8.46,8.39,8.52,GRU-15
647660,2026-03-08,2026-03-23,8.47,8.41,8.53,GRU-15
647660,2026-03-08,2026-03-24,8.46,8.4,8.53,GRU-15
647660,2026-03-08,2026-03-25,8.46,8.4,8.53,GRU-15
647660,2026-03-08,2026-03-26,8.47,8.42,8.54,GRU-15
647660,2026-03-08,2026-03-27,8.48,8.42,8.53,GRU-15
647660,2026-03-08,2026-03-28,8.49,8.42,8.55,GRU-15
647660,2026-03-08,2026-03-29,8.48,8.42,8.55,GRU-15
647660,2026-03-08,2026-03-30,8.5,8.44,8.57,GRU-15
647660,2026-03-08,2026-03-31,8.5,8.44,8.57,GRU-15
647660,2026-03-08,2026-04-01,8.5,8.44,8.56,GRU-15
647660,2026-03-08,2026-04-02,8.51,8.45,8.58,GRU-15
647660,2026-03-08,2026-04-03,8.54,8.49,8.6,GRU-15
647660,2026-03-08,2026-04-04,8.52,8.45,8.58,GRU-15
647660,2026-03-08,2026-04-05,8.54,8.48,8.61,GRU-15
647660,2026-03-08,2026-04-06,8.55,8.49,8.61,GRU-15
647660,2026-03-08,2026-04-07,8.53,8.45,8.61,GRU-15
647663,2026-03-08,2026-03-09,1525.73,1525.41,1526.08,GRU-15
647663,2026-03-08,2026-03-10,1524.69,1524.55,1526.38,GRU-15
647663,2026-03-08,2026-03-11,1523.61,1523.41,1526.54,GRU-15
647663,2026-03-08,2026-03-12,1523.05,1522.79,1527.47,GRU-15
647663,2026-03-08,2026-03-13,1522.61,1521.83,1528.2,GRU-15
647663,2026-03-08,2026-03-14,1521.67,1520.82,1529.08,GRU-15
647663,2026-03-08,2026-03-15,1521.91,1520.62,1531.62,GRU-15
647663,2026-03-08,2026-03-16,1521.1,1519.69,1532.73,GRU-15
647663,2026-03-08,2026-03-17,1521.99,1520.86,1535.33,GRU-15
647663,2026-03-08,2026-03-18,1522.51,1521.75,1538.48,GRU-15
647663,2026-03-08,2026-03-19,1523.47,1522.59,1540.26,GRU-15
647663,2026-03-08,2026-03-20,1527.22,1524.69,1543.81,GRU-15
647663,2026-03-08,2026-03-21,1529.54,1525.49,1546.28,GRU-15
647663,2026-03-08,2026-03-22,1533.35,1527.47,1550.86,GRU-15
647663,2026-03-08,2026-03-23,1534.58,1527.44,1553.02,GRU-15
647663,2026-03-08,2026-03-24,1537.49,1527.27,1557.21,GRU-15
647663,2026-03-08,2026-03-25,1539.24,1529.27,1558.7,GRU-15
647663,2026-03-08,2026-03-26,1545.14,1528.61,1561.36,GRU-15
647663,2026-03-08,2026-03-27,1538.42,1528.93,1555.21,GRU-15
647663,2026-03-08,2026-03-28,1540.56,1529.52,1559.38,GRU-15
647663,2026-03-08,2026-03-29,1548.05,1529.61,1562.94,GRU-15
647663,2026-03-08,2026-03-30,1549.42,1529.81,1566.09,GRU-15
647663,2026-03-08,2026-03-31,1550.94,1531.03,1565.53,GRU-15
647663,2026-03-08,2026-04-01,1546.16,1528.78,1562.62,GRU-15
647663,2026-03-08,2026-04-02,1551.03,1528.49,1566.13,GRU-15
647663,2026-03-08,2026-04-03,1550.23,1532.06,1567.56,GRU-15
647663,2026-03-08,2026-04-04,1544.75,1527.35,1564.38,GRU-15
647663,2026-03-08,2026-04-05,1551.26,1531.19,1567.43,GRU-15
647663,2026-03-08,2026-04-06,1549.0,1530.39,1562.63,GRU-15
647663,2026-03-08,2026-04-07,1556.09,1531.37,1570.12,GRU-15
649230,2026-03-08,2026-03-09,125.77,125.73,125.83,GRU-15
649230,2026-03-08,2026-03-10,125.77,125.67,125.87,GRU-15
649230,2026-03-08,2026-03-11,125.75,125.61,125.89,GRU-15
649230,2026-03-08,2026-03-12,125.76,125.57,125.92,GRU-15
649230,2026-03-08,2026-03-13,125.75,125.54,125.96,GRU-15
649230,2026-03-08,2026-03-14,125.75,125.48,126.0,GRU-15
649230,2026-03-08,2026-03-15,125.78,125.5,126.05,GRU-15
649230,2026-03-08,2026-03-16,125.78,125.45,126.08,GRU-15
649230,2026-03-08,2026-03-17,125.85,125.51,126.14,GRU-15
649230,2026-03-08,2026-03-18,125.9,125.53,126.21,GRU-15
649230,2026-03-08,2026-03-19,125.95,125.57,126.29,GRU-15
649230,2026-03-08,2026-03-20,126.05,125.7,126.39,GRU-15
649230,2026-03-08,2026-03-21,126.14,125.76,126.5,GRU-15
649230,2026-03-08,2026-03-22,126.21,125.91,126.57,GRU-15
649230,2026-03-08,2026-03-23,126.31,125.88,126.68,GRU-15
649230,2026-03-08,2026-03-24,126.28,125.89,126.72,GRU-15
649230,2026-03-08,2026-03-25,126.46,126.03,126.88,GRU-15
649230,2026-03-08,2026-03-26,126.44,125.97,126.86,GRU-15
649230,2026-03-08,2026-03-27,126.37,125.99,126.83,GRU-15
649230,2026-03-08,2026-03-28,126.42,126.05,126.88,GRU-15
649230,2026-03-08,2026-03-29,126.63,126.04,127.15,GRU-15
649230,2026-03-08,2026-03-30,126.65,126.06,127.13,GRU-15
649230,2026-03-08,2026-03-31,126.71,126.16,127.23,GRU-15
649230,2026-03-08,2026-04-01,126.7,125.99,127.21,GRU-15
649230,2026-03-08,2026-04-02,126.73,125.97,127.32,GRU-15
649230,2026-03-08,2026-04-03,126.85,126.24,127.33,GRU-15
649230,2026-03-08,2026-04-04,126.71,125.87,127.36,GRU-15
649230,2026-03-08,2026-04-05,126.79,126.17,127.3,GRU-15
649230,2026-03-08,2026-04-06,126.82,126.12,127.44,GRU-15
649230,2026-03-08,2026-04-07,126.9,126.19,127.46,GRU-15
649231,2026-03-08,2026-03-09,89.87,89.82,89.94,GRU-15
649231,2026-03-08,2026-03-10,89.87,89.77,89.98,GRU-15
649231,2026-03-08,2026-03-11,89.88,89.7,90.02,GRU-15
649231,2026-03-08,2026-03-12,89.87,89.67,90.07,GRU-15
649231,2026-03-08,2026-03-13,89.91,89.66,90.15,GRU-15
649231,2026-03-08,2026-03-14,89.94,89.62,90.27,GRU-15
649231,2026-03-08,2026-03-15,89.98,89.65,90.32,GRU-15
649231,2026-03-08,2026-03-16,90.0,89.61,90.41,GRU-15
649231,2026-03-08,2026-03-17,90.06,89.68,90.46,GRU-15
649231,2026-03-08,2026-03-18,90.12,89.72,90.57,GRU-15
649231,2026-03-08,2026-03-19,90.19,89.77,90.66,GRU-15
649231,2026-03-08,2026-03-20,90.3,89.91,90.77,GRU-15
649231,2026-03-08,2026-03-21,90.41,90.0,90.92,GRU-15
649231,2026-03-08,2026-03-22,90.54,90.17,91.02,GRU-15
649231,2026-03-08,2026-03-23,90.6,90.18,91.17,GRU-15
649231,2026-03-08,2026-03-24,90.65,90.2,91.27,GRU-15
649231,2026-03-08,2026-03-25,90.73,90.31,91.3,GRU-15
649231,2026-03-08,2026-03-26,90.62,90.17,91.15,GRU-15
649231,2026-03-08,2026-03-27,90.61,90.15,91.09,GRU-15
649231,2026-03-08,2026-03-28,90.81,90.36,91.35,GRU-15
649231,2026-03-08,2026-03-29,90.95,90.38,91.69,GRU-15
649231,2026-03-08,2026-03-30,90.89,90.35,91.52,GRU-15
649231,2026-03-08,2026-03-31,91.1,90.49,91.82,GRU-15
649231,2026-03-08,2026-04-01,90.93,90.38,91.55,GRU-15
649231,2026-03-08,2026-04-02,91.06,90.4,91.92,GRU-15
649231,2026-03-08,2026-04-03,91.24,90.61,92.0,GRU-15
649231,2026-03-08,2026-04-04,91.06,90.39,92.1,GRU-15
649231,2026-03-08,2026-04-05,91.16,90.55,92.0,GRU-15
649231,2026-03-08,2026-04-06,91.37,90.64,92.36,GRU-15
649231,2026-03-08,2026-04-07,91.24,90.59,92.25,GRU-15
649236,2026-03-08,2026-03-09,80.72,80.49,80.99,GRU-15
649236,2026-03-08,2026-03-10,80.98,80.53,81.54,GRU-15
649236,2026-03-08,2026-03-11,81.15,80.53,81.91,GRU-15
649236,2026-03-08,2026-03-12,81.32,80.57,82.23,GRU-15
649236,2026-03-08,2026-03-13,81.5,80.63,82.58,GRU-15
649236,2026-03-08,2026-03-14,81.83,80.72,83.12,GRU-15
649236,2026-03-08,2026-03-15,81.98,80.85,83.43,GRU-15
649236,2026-03-08,2026-03-16,82.34,80.88,83.95,GRU-15
649236,2026-03-08,2026-03-17,82.54,81.1,84.17,GRU-15
649236,2026-03-08,2026-03-18,82.79,81.31,84.57,GRU-15
649236,2026-03-08,2026-03-19,83.2,81.48,84.98,GRU-15
649236,2026-03-08,2026-03-20,83.39,81.82,85.19,GRU-15
649236,2026-03-08,2026-03-21,83.86,82.27,85.75,GRU-15
649236,2026-03-08,2026-03-22,84.19,82.63,86.11,GRU-15
649236,2026-03-08,2026-03-23,84.57,82.86,86.58,GRU-15
649236,2026-03-08,2026-03-24,84.9,82.9,87.02,GRU-15
649236,2026-03-08,2026-03-25,84.91,83.22,86.94,GRU-15
649236,2026-03-08,2026-03-26,85.06,83.26,87.22,GRU-15
649236,2026-03-08,2026-03-27,85.22,83.12,87.41,GRU-15
649236,2026-03-08,2026-03-28,85.6,83.57,87.66,GRU-15
649236,2026-03-08,2026-03-29,85.98,83.96,88.71,GRU-15
649236,2026-03-08,2026-03-30,86.05,84.13,88.39,GRU-15
649236,2026-03-08,2026-03-31,86.44,84.43,88.92,GRU-15
649236,2026-03-08,2026-04-01,86.41,84.31,88.91,GRU-15
649236,2026-03-08,2026-04-02,87.01,84.58,89.72,GRU-15
649236,2026-03-08,2026-04-03,86.85,84.92,89.47,GRU-15
649236,2026-03-08,2026-04-04,86.94,84.16,89.91,GRU-15
649236,2026-03-08,2026-04-05,86.99,84.64,89.27,GRU-15
649236,2026-03-08,2026-04-06,87.63,84.99,90.08,GRU-15
649236,2026-03-08,2026-04-07,87.65,84.91,90.1,GRU-15
650141,2026-03-08,2026-03-09,2.41,2.4,2.42,GRU-15
650141,2026-03-08,2026-03-10,2.42,2.41,2.44,GRU-15
650141,2026-03-08,2026-03-11,2.43,2.41,2.45,GRU-15
650141,2026-03-08,2026-03-12,2.44,2.41,2.47,GRU-15
650141,2026-03-08,2026-03-13,2.45,2.42,2.48,GRU-15
650141,2026-03-08,2026-03-14,2.46,2.42,2.5,GRU-15
650141,2026-03-08,2026-03-15,2.47,2.43,2.51,GRU-15
650141,2026-03-08,2026-03-16,2.48,2.43,2.53,GRU-15
650141,2026-03-08,2026-03-17,2.49,2.44,2.54,GRU-15
650141,2026-03-08,2026-03-18,2.5,2.45,2.54,GRU-15
650141,2026-03-08,2026-03-19,2.51,2.46,2.56,GRU-15
650141,2026-03-08,2026-03-20,2.52,2.46,2.56,GRU-15
650141,2026-03-08,2026-03-21,2.54,2.49,2.58,GRU-15
650141,2026-03-08,2026-03-22,2.55,2.5,2.59,GRU-15
650141,2026-03-08,2026-03-23,2.56,2.5,2.61,GRU-15
650141,2026-03-08,2026-03-24,2.57,2.51,2.63,GRU-15
650141,2026-03-08,2026-03-25,2.57,2.51,2.62,GRU-15
650141,2026-03-08,2026-03-26,2.58,2.51,2.63,GRU-15
650141,2026-03-08,2026-03-27,2.57,2.52,2.62,GRU-15
650141,2026-03-08,2026-03-28,2.6,2.53,2.65,GRU-15
650141,2026-03-08,2026-03-29,2.6,2.54,2.65,GRU-15
650141,2026-03-08,2026-03-30,2.62,2.55,2.67,GRU-15
650141,2026-03-08,2026-03-31,2.62,2.55,2.67,GRU-15
650141,2026-03-08,2026-04-01,2.62,2.55,2.67,GRU-15
650141,2026-03-08,2026-04-02,2.64,2.57,2.69,GRU-15
650141,2026-03-08,2026-04-03,2.64,2.57,2.69,GRU-15
650141,2026-03-08,2026-04-04,2.64,2.56,2.69,GRU-15
650141,2026-03-08,2026-04-05,2.64,2.57,2.7,GRU-15
650141,2026-03-08,2026-04-06,2.65,2.58,2.7,GRU-15
650141,2026-03-08,2026-04-07,2.66,2.57,2.71,GRU-15
650142,2026-03-08,2026-03-09,15.51,15.47,15.57,GRU-15
650142,2026-03-08,2026-03-10,15.43,15.33,15.53,GRU-15
650142,2026-03-08,2026-03-11,15.33,15.18,15.45,GRU-15
650142,2026-03-08,2026-03-12,15.23,15.07,15.4,GRU-15
650142,2026-03-08,2026-03-13,15.14,14.95,15.34,GRU-15
650142,2026-03-08,2026-03-14,15.06,14.86,15.32,GRU-15
650142,2026-03-08,2026-03-15,15.0,14.74,15.32,GRU-15
650142,2026-03-08,2026-03-16,14.97,14.76,15.31,GRU-15
650142,2026-03-08,2026-03-17,14.91,14.71,15.28,GRU-15
650142,2026-03-08,2026-03-18,14.86,14.58,15.26,GRU-15
650142,2026-03-08,2026-03-19,14.85,14.61,15.27,GRU-15
650142,2026-03-08,2026-03-20,14.9,14.63,15.21,GRU-15
650142,2026-03-08,2026-03-21,14.74,14.47,15.15,GRU-15
650142,2026-03-08,2026-03-22,14.72,14.45,15.08,GRU-15
650142,2026-03-08,2026-03-23,14.72,14.42,15.01,GRU-15
650142,2026-03-08,2026-03-24,14.61,14.33,14.92,GRU-15
650142,2026-03-08,2026-03-25,14.54,14.26,14.88,GRU-15
650142,2026-03-08,2026-03-26,14.6,14.31,14.94,GRU-15
650142,2026-03-08,2026-03-27,14.65,14.33,14.99,GRU-15
650142,2026-03-08,2026-03-28,14.58,14.27,14.97,GRU-15
650142,2026-03-08,2026-03-29,14.46,14.14,14.71,GRU-15
650142,2026-03-08,2026-03-30,14.55,14.24,14.97,GRU-15
650142,2026-03-08,2026-03-31,14.45,14.15,14.78,GRU-15
650142,2026-03-08,2026-04-01,14.4,14.15,14.84,GRU-15
650142,2026-03-08,2026-04-02,14.37,14.15,14.74,GRU-15
650142,2026-03-08,2026-04-03,14.4,14.12,14.76,GRU-15
650142,2026-03-08,2026-04-04,14.4,14.12,14.79,GRU-15
650142,2026-03-08,2026-04-05,14.34,14.11,14.73,GRU-15
650142,2026-03-08,2026-04-06,14.37,14.12,14.86,GRU-15
650142,2026-03-08,2026-04-07,14.31,14.07,14.68,GRU-15
650143,2026-03-08,2026-03-09,5.1,5.1,5.1,GRU-15
650143,2026-03-08,2026-03-10,5.09,5.08,5.1,GRU-15
650143,2026-03-08,2026-03-11,5.08,5.06,5.09,GRU-15
650143,2026-03-08,2026-03-12,5.06,5.05,5.08,GRU-15
650143,2026-03-08,2026-03-13,5.05,5.03,5.07,GRU-15
650143,2026-03-08,2026-03-14,5.04,5.01,5.06,GRU-15
650143,2026-03-08,2026-03-15,5.03,5.0,5.06,GRU-15
650143,2026-03-08,2026-03-16,5.01,4.98,5.04,GRU-15
650143,2026-03-08,2026-03-17,5.01,4.97,5.05,GRU-15
650143,2026-03-08,2026-03-18,5.0,4.95,5.04,GRU-15
650143,2026-03-08,2026-03-19,4.99,4.93,5.03,GRU-15
650143,2026-03-08,2026-03-20,4.98,4.93,5.04,GRU-15
650143,2026-03-08,2026-03-21,4.95,4.87,5.02,GRU-15
650143,2026-03-08,2026-03-22,4.93,4.84,5.01,GRU-15
650143,2026-03-08,2026-03-23,4.9,4.81,4.99,GRU-15
650143,2026-03-08,2026-03-24,4.88,4.78,4.98,GRU-15
650143,2026-03-08,2026-03-25,4.88,4.77,4.99,GRU-15
650143,2026-03-08,2026-03-26,4.86,4.76,4.99,GRU-15
650143,2026-03-08,2026-03-27,4.89,4.78,4.98,GRU-15
650143,2026-03-08,2026-03-28,4.83,4.73,4.98,GRU-15
650143,2026-03-08,2026-03-29,4.77,4.64,4.9,GRU-15
650143,2026-03-08,2026-03-30,4.81,4.68,4.94,GRU-15
650143,2026-03-08,2026-03-31,4.75,4.63,4.92,GRU-15
650143,2026-03-08,2026-04-01,4.81,4.7,4.95,GRU-15
650143,2026-03-08,2026-04-02,4.81,4.67,4.94,GRU-15
650143,2026-03-08,2026-04-03,4.73,4.61,4.89,GRU-15
650143,2026-03-08,2026-04-04,4.74,4.6,4.9,GRU-15
650143,2026-03-08,2026-04-05,4.73,4.61,4.91,GRU-15
650143,2026-03-08,2026-04-06,4.72,4.58,4.92,GRU-15
650143,2026-03-08,2026-04-07,4.7,4.57,4.88,GRU-15
650145,2026-03-08,2026-03-09,2.85,2.85,2.86,GRU-15
650145,2026-03-08,2026-03-10,2.84,2.84,2.85,GRU-15
650145,2026-03-08,2026-03-11,2.83,2.82,2.85,GRU-15
650145,2026-03-08,2026-03-12,2.83,2.81,2.85,GRU-15
650145,2026-03-08,2026-03-13,2.82,2.8,2.84,GRU-15
650145,2026-03-08,2026-03-14,2.81,2.8,2.84,GRU-15
650145,2026-03-08,2026-03-15,2.8,2.79,2.83,GRU-15
650145,2026-03-08,2026-03-16,2.81,2.79,2.83,GRU-15
650145,2026-03-08,2026-03-17,2.8,2.78,2.83,GRU-15
650145,2026-03-08,2026-03-18,2.79,2.78,2.83,GRU-15
650145,2026-03-08,2026-03-19,2.8,2.78,2.82,GRU-15
650145,2026-03-08,2026-03-20,2.8,2.78,2.82,GRU-15
650145,2026-03-08,2026-03-21,2.79,2.77,2.81,GRU-15
650145,2026-03-08,2026-03-22,2.78,2.77,2.81,GRU-15
650145,2026-03-08,2026-03-23,2.78,2.77,2.8,GRU-15
650145,2026-03-08,2026-03-24,2.78,2.77,2.8,GRU-15
650145,2026-03-08,2026-03-25,2.77,2.76,2.79,GRU-15
650145,2026-03-08,2026-03-26,2.77,2.76,2.79,GRU-15
650145,2026-03-08,2026-03-27,2.77,2.76,2.79,GRU-15
650145,2026-03-08,2026-03-28,2.77,2.76,2.78,GRU-15
650145,2026-03-08,2026-03-29,2.76,2.76,2.78,GRU-15
650145,2026-03-08,2026-03-30,2.77,2.76,2.79,GRU-15
650145,2026-03-08,2026-03-31,2.76,2.76,2.78,GRU-15
650145,2026-03-08,2026-04-01,2.76,2.76,2.77,GRU-15
650145,2026-03-08,2026-04-02,2.76,2.76,2.77,GRU-15
650145,2026-03-08,2026-04-03,2.76,2.76,2.77,GRU-15
650145,2026-03-08,2026-04-04,2.76,2.76,2.78,GRU-15
650145,2026-03-08,2026-04-05,2.76,2.76,2.77,GRU-15
650145,2026-03-08,2026-04-06,2.76,2.76,2.78,GRU-15
650145,2026-03-08,2026-04-07,2.76,2.76,2.77,GRU-15
650147,2026-03-08,2026-03-09,4.21,4.21,4.22,GRU-15
650147,2026-03-08,2026-03-10,4.21,4.21,4.22,GRU-15
650147,2026-03-08,2026-03-11,4.22,4.21,4.23,GRU-15
650147,2026-03-08,2026-03-12,4.22,4.21,4.23,GRU-15
650147,2026-03-08,2026-03-13,4.22,4.21,4.24,GRU-15
650147,2026-03-08,2026-03-14,4.22,4.21,4.25,GRU-15
650147,2026-03-08,2026-03-15,4.23,4.21,4.25,GRU-15
650147,2026-03-08,2026-03-16,4.23,4.21,4.26,GRU-15
650147,2026-03-08,2026-03-17,4.23,4.21,4.26,GRU-15
650147,2026-03-08,2026-03-18,4.23,4.2,4.27,GRU-15
650147,2026-03-08,2026-03-19,4.23,4.2,4.27,GRU-15
650147,2026-03-08,2026-03-20,4.24,4.2,4.27,GRU-15
650147,2026-03-08,2026-03-21,4.23,4.2,4.27,GRU-15
650147,2026-03-08,2026-03-22,4.23,4.2,4.28,GRU-15
650147,2026-03-08,2026-03-23,4.24,4.19,4.29,GRU-15
650147,2026-03-08,2026-03-24,4.24,4.19,4.29,GRU-15
650147,2026-03-08,2026-03-25,4.24,4.19,4.3,GRU-15
650147,2026-03-08,2026-03-26,4.25,4.2,4.3,GRU-15
650147,2026-03-08,2026-03-27,4.26,4.22,4.31,GRU-15
650147,2026-03-08,2026-03-28,4.24,4.18,4.3,GRU-15
650147,2026-03-08,2026-03-29,4.24,4.19,4.3,GRU-15
650147,2026-03-08,2026-03-30,4.24,4.18,4.31,GRU-15
650147,2026-03-08,2026-03-31,4.25,4.19,4.31,GRU-15
650147,2026-03-08,2026-04-01,4.27,4.21,4.33,GRU-15
650147,2026-03-08,2026-04-02,4.28,4.22,4.33,GRU-15
650147,2026-03-08,2026-04-03,4.27,4.2,4.33,GRU-15
650147,2026-03-08,2026-04-04,4.27,4.21,4.34,GRU-15
650147,2026-03-08,2026-04-05,4.27,4.2,4.34,GRU-15
650147,2026-03-08,2026-04-06,4.27,4.21,4.34,GRU-15
650147,2026-03-08,2026-04-07,4.27,4.18,4.33,GRU-15
650149,2026-03-08,2026-03-09,4.68,4.67,4.69,GRU-15
650149,2026-03-08,2026-03-10,4.67,4.64,4.69,GRU-15
650149,2026-03-08,2026-03-11,4.65,4.61,4.68,GRU-15
650149,2026-03-08,2026-03-12,4.63,4.58,4.67,GRU-15
650149,2026-03-08,2026-03-13,4.61,4.56,4.66,GRU-15
650149,2026-03-08,2026-03-14,4.6,4.55,4.65,GRU-15
650149,2026-03-08,2026-03-15,4.59,4.52,4.65,GRU-15
650149,2026-03-08,2026-03-16,4.59,4.54,4.66,GRU-15
650149,2026-03-08,2026-03-17,4.58,4.53,4.64,GRU-15
650149,2026-03-08,2026-03-18,4.56,4.49,4.64,GRU-15
650149,2026-03-08,2026-03-19,4.57,4.5,4.65,GRU-15
650149,2026-03-08,2026-03-20,4.56,4.51,4.63,GRU-15
650149,2026-03-08,2026-03-21,4.53,4.48,4.63,GRU-15
650149,2026-03-08,2026-03-22,4.52,4.46,4.61,GRU-15
650149,2026-03-08,2026-03-23,4.52,4.46,4.6,GRU-15
650149,2026-03-08,2026-03-24,4.49,4.44,4.58,GRU-15
650149,2026-03-08,2026-03-25,4.46,4.42,4.56,GRU-15
650149,2026-03-08,2026-03-26,4.47,4.43,4.57,GRU-15
650149,2026-03-08,2026-03-27,4.5,4.45,4.58,GRU-15
650149,2026-03-08,2026-03-28,4.49,4.43,4.58,GRU-15
650149,2026-03-08,2026-03-29,4.45,4.39,4.55,GRU-15
650149,2026-03-08,2026-03-30,4.48,4.41,4.57,GRU-15
650149,2026-03-08,2026-03-31,4.45,4.4,4.53,GRU-15
650149,2026-03-08,2026-04-01,4.45,4.4,4.55,GRU-15
650149,2026-03-08,2026-04-02,4.43,4.39,4.52,GRU-15
650149,2026-03-08,2026-04-03,4.44,4.39,4.54,GRU-15
650149,2026-03-08,2026-04-04,4.45,4.39,4.55,GRU-15
650149,2026-03-08,2026-04-05,4.42,4.38,4.52,GRU-15
650149,2026-03-08,2026-04-06,4.45,4.38,4.56,GRU-15
650149,2026-03-08,2026-04-07,4.43,4.37,4.53,GRU-15
650150,2026-03-08,2026-03-09,5.24,5.24,5.25,GRU-15
650150,2026-03-08,2026-03-10,5.25,5.23,5.26,GRU-15
650150,2026-03-08,2026-03-11,5.25,5.23,5.27,GRU-15
650150,2026-03-08,2026-03-12,5.25,5.23,5.28,GRU-15
650150,2026-03-08,2026-03-13,5.26,5.23,5.29,GRU-15
650150,2026-03-08,2026-03-14,5.27,5.23,5.31,GRU-15
650150,2026-03-08,2026-03-15,5.27,5.23,5.31,GRU-15
650150,2026-03-08,2026-03-16,5.28,5.23,5.32,GRU-15
650150,2026-03-08,2026-03-17,5.29,5.23,5.33,GRU-15
650150,2026-03-08,2026-03-18,5.3,5.24,5.34,GRU-15
650150,2026-03-08,2026-03-19,5.3,5.24,5.35,GRU-15
650150,2026-03-08,2026-03-20,5.3,5.25,5.36,GRU-15
650150,2026-03-08,2026-03-21,5.32,5.26,5.38,GRU-15
650150,2026-03-08,2026-03-22,5.33,5.27,5.38,GRU-15
650150,2026-03-08,2026-03-23,5.35,5.27,5.4,GRU-15
650150,2026-03-08,2026-03-24,5.36,5.28,5.42,GRU-15
650150,2026-03-08,2026-03-25,5.37,5.29,5.43,GRU-15
650150,2026-03-08,2026-03-26,5.35,5.29,5.41,GRU-15
650150,2026-03-08,2026-03-27,5.35,5.3,5.41,GRU-15
650150,2026-03-08,2026-03-28,5.37,5.28,5.44,GRU-15
650150,2026-03-08,2026-03-29,5.39,5.3,5.46,GRU-15
650150,2026-03-08,2026-03-30,5.39,5.31,5.46,GRU-15
650150,2026-03-08,2026-03-31,5.39,5.31,5.46,GRU-15
650150,2026-03-08,2026-04-01,5.39,5.32,5.46,GRU-15
650150,2026-03-08,2026-04-02,5.41,5.3,5.48,GRU-15
650150,2026-03-08,2026-04-03,5.41,5.33,5.48,GRU-15
650150,2026-03-08,2026-04-04,5.41,5.3,5.49,GRU-15
650150,2026-03-08,2026-04-05,5.43,5.32,5.51,GRU-15
650150,2026-03-08,2026-04-06,5.42,5.31,5.5,GRU-15
650150,2026-03-08,2026-04-07,5.44,5.33,5.52,GRU-15
650151,2026-03-08,2026-03-09,5.42,5.41,5.42,GRU-15
650151,2026-03-08,2026-03-10,5.41,5.4,5.42,GRU-15
650151,2026-03-08,2026-03-11,5.41,5.39,5.42,GRU-15
650151,2026-03-08,2026-03-12,5.41,5.39,5.42,GRU-15
650151,2026-03-08,2026-03-13,5.41,5.38,5.43,GRU-15
650151,2026-03-08,2026-03-14,5.4,5.37,5.43,GRU-15
650151,2026-03-08,2026-03-15,5.4,5.37,5.43,GRU-15
650151,2026-03-08,2026-03-16,5.4,5.36,5.43,GRU-15
650151,2026-03-08,2026-03-17,5.4,5.36,5.44,GRU-15
650151,2026-03-08,2026-03-18,5.4,5.36,5.44,GRU-15
650151,2026-03-08,2026-03-19,5.41,5.36,5.45,GRU-15
650151,2026-03-08,2026-03-20,5.42,5.38,5.45,GRU-15
650151,2026-03-08,2026-03-21,5.42,5.38,5.46,GRU-15
650151,2026-03-08,2026-03-22,5.43,5.39,5.47,GRU-15
650151,2026-03-08,2026-03-23,5.44,5.4,5.48,GRU-15
650151,2026-03-08,2026-03-24,5.44,5.39,5.49,GRU-15
650151,2026-03-08,2026-03-25,5.45,5.4,5.49,GRU-15
650151,2026-03-08,2026-03-26,5.44,5.4,5.48,GRU-15
650151,2026-03-08,2026-03-27,5.45,5.42,5.48,GRU-15
650151,2026-03-08,2026-03-28,5.45,5.4,5.5,GRU-15
650151,2026-03-08,2026-03-29,5.47,5.42,5.51,GRU-15
650151,2026-03-08,2026-03-30,5.47,5.42,5.51,GRU-15
650151,2026-03-08,2026-03-31,5.47,5.43,5.52,GRU-15
650151,2026-03-08,2026-04-01,5.47,5.42,5.5,GRU-15
650151,2026-03-08,2026-04-02,5.48,5.41,5.53,GRU-15
650151,2026-03-08,2026-04-03,5.49,5.44,5.54,GRU-15
650151,2026-03-08,2026-04-04,5.47,5.41,5.53,GRU-15
650151,2026-03-08,2026-04-05,5.5,5.45,5.56,GRU-15
650151,2026-03-08,2026-04-06,5.5,5.44,5.56,GRU-15
650151,2026-03-08,2026-04-07,5.49,5.42,5.56,GRU-15
650152,2026-03-08,2026-03-09,7.61,7.6,7.62,GRU-15
650152,2026-03-08,2026-03-10,7.59,7.57,7.61,GRU-15
650152,2026-03-08,2026-03-11,7.57,7.55,7.61,GRU-15
650152,2026-03-08,2026-03-12,7.56,7.52,7.6,GRU-15
650152,2026-03-08,2026-03-13,7.55,7.51,7.6,GRU-15
650152,2026-03-08,2026-03-14,7.54,7.49,7.6,GRU-15
650152,2026-03-08,2026-03-15,7.52,7.46,7.6,GRU-15
650152,2026-03-08,2026-03-16,7.53,7.47,7.59,GRU-15
650152,2026-03-08,2026-03-17,7.52,7.46,7.59,GRU-15
650152,2026-03-08,2026-03-18,7.5,7.42,7.58,GRU-15
650152,2026-03-08,2026-03-19,7.5,7.43,7.58,GRU-15
650152,2026-03-08,2026-03-20,7.53,7.47,7.59,GRU-15
650152,2026-03-08,2026-03-21,7.49,7.41,7.58,GRU-15
650152,2026-03-08,2026-03-22,7.52,7.43,7.59,GRU-15
650152,2026-03-08,2026-03-23,7.52,7.42,7.6,GRU-15
650152,2026-03-08,2026-03-24,7.5,7.39,7.59,GRU-15
650152,2026-03-08,2026-03-25,7.49,7.39,7.61,GRU-15
650152,2026-03-08,2026-03-26,7.49,7.39,7.6,GRU-15
650152,2026-03-08,2026-03-27,7.55,7.46,7.64,GRU-15
650152,2026-03-08,2026-03-28,7.5,7.38,7.62,GRU-15
650152,2026-03-08,2026-03-29,7.51,7.38,7.62,GRU-15
650152,2026-03-08,2026-03-30,7.55,7.42,7.65,GRU-15
650152,2026-03-08,2026-03-31,7.5,7.36,7.62,GRU-15
650152,2026-03-08,2026-04-01,7.51,7.4,7.63,GRU-15
650152,2026-03-08,2026-04-02,7.52,7.4,7.65,GRU-15
650152,2026-03-08,2026-04-03,7.54,7.4,7.68,GRU-15
650152,2026-03-08,2026-04-04,7.56,7.43,7.7,GRU-15
650152,2026-03-08,2026-04-05,7.55,7.41,7.71,GRU-15
650152,2026-03-08,2026-04-06,7.57,7.43,7.73,GRU-15
650152,2026-03-08,2026-04-07,7.53,7.35,7.68,GRU-15
650153,2026-03-08,2026-03-09,10.19,10.15,10.23,GRU-15
650153,2026-03-08,2026-03-10,10.12,10.06,10.18,GRU-15
650153,2026-03-08,2026-03-11,10.05,9.96,10.13,GRU-15
650153,2026-03-08,2026-03-12,9.97,9.87,10.09,GRU-15
650153,2026-03-08,2026-03-13,9.9,9.79,10.06,GRU-15
650153,2026-03-08,2026-03-14,9.87,9.74,9.99,GRU-15
650153,2026-03-08,2026-03-15,9.82,9.68,9.99,GRU-15
650153,2026-03-08,2026-03-16,9.84,9.73,9.98,GRU-15
650153,2026-03-08,2026-03-17,9.8,9.68,9.95,GRU-15
650153,2026-03-08,2026-03-18,9.75,9.61,9.94,GRU-15
650153,2026-03-08,2026-03-19,9.76,9.64,9.94,GRU-15
650153,2026-03-08,2026-03-20,9.78,9.66,9.92,GRU-15
650153,2026-03-08,2026-03-21,9.71,9.6,9.9,GRU-15
650153,2026-03-08,2026-03-22,9.69,9.58,9.86,GRU-15
650153,2026-03-08,2026-03-23,9.67,9.58,9.82,GRU-15
650153,2026-03-08,2026-03-24,9.62,9.53,9.76,GRU-15
650153,2026-03-08,2026-03-25,9.58,9.51,9.73,GRU-15
650153,2026-03-08,2026-03-26,9.6,9.51,9.76,GRU-15
650153,2026-03-08,2026-03-27,9.63,9.52,9.77,GRU-15
650153,2026-03-08,2026-03-28,9.59,9.51,9.72,GRU-15
650153,2026-03-08,2026-03-29,9.56,9.48,9.68,GRU-15
650153,2026-03-08,2026-03-30,9.6,9.48,9.79,GRU-15
650153,2026-03-08,2026-03-31,9.55,9.46,9.64,GRU-15
650153,2026-03-08,2026-04-01,9.52,9.46,9.65,GRU-15
650153,2026-03-08,2026-04-02,9.5,9.45,9.63,GRU-15
650153,2026-03-08,2026-04-03,9.52,9.45,9.64,GRU-15
650153,2026-03-08,2026-04-04,9.52,9.45,9.64,GRU-15
650153,2026-03-08,2026-04-05,9.5,9.45,9.59,GRU-15
650153,2026-03-08,2026-04-06,9.53,9.45,9.66,GRU-15
650153,2026-03-08,2026-04-07,9.5,9.44,9.62,GRU-15
650154,2026-03-08,2026-03-09,2.05,2.04,2.05,GRU-15
650154,2026-03-08,2026-03-10,2.04,2.03,2.05,GRU-15
650154,2026-03-08,2026-03-11,2.04,2.03,2.04,GRU-15
650154,2026-03-08,2026-03-12,2.03,2.02,2.04,GRU-15
650154,2026-03-08,2026-03-13,2.03,2.01,2.04,GRU-15
650154,2026-03-08,2026-03-14,2.02,2.01,2.04,GRU-15
650154,2026-03-08,2026-03-15,2.02,2.0,2.04,GRU-15
650154,2026-03-08,2026-03-16,2.02,2.0,2.04,GRU-15
650154,2026-03-08,2026-03-17,2.02,2.0,2.04,GRU-15
650154,2026-03-08,2026-03-18,2.02,1.98,2.04,GRU-15
650154,2026-03-08,2026-03-19,2.02,1.99,2.05,GRU-15
650154,2026-03-08,2026-03-20,2.03,2.0,2.05,GRU-15
650154,2026-03-08,2026-03-21,2.02,1.98,2.05,GRU-15
650154,2026-03-08,2026-03-22,2.03,1.99,2.06,GRU-15
650154,2026-03-08,2026-03-23,2.03,1.99,2.06,GRU-15
650154,2026-03-08,2026-03-24,2.03,1.98,2.06,GRU-15
650154,2026-03-08,2026-03-25,2.03,1.98,2.07,GRU-15
650154,2026-03-08,2026-03-26,2.03,1.98,2.07,GRU-15
650154,2026-03-08,2026-03-27,2.04,2.0,2.06,GRU-15
650154,2026-03-08,2026-03-28,2.03,1.98,2.06,GRU-15
650154,2026-03-08,2026-03-29,2.03,1.98,2.07,GRU-15
650154,2026-03-08,2026-03-30,2.05,1.99,2.08,GRU-15
650154,2026-03-08,2026-03-31,2.03,1.97,2.07,GRU-15
650154,2026-03-08,2026-04-01,2.03,1.97,2.07,GRU-15
650154,2026-03-08,2026-04-02,2.04,1.98,2.09,GRU-15
650154,2026-03-08,2026-04-03,2.04,1.98,2.08,GRU-15
650154,2026-03-08,2026-04-04,2.03,1.97,2.07,GRU-15
650154,2026-03-08,2026-04-05,2.03,1.97,2.08,GRU-15
650154,2026-03-08,2026-04-06,2.05,1.99,2.09,GRU-15
650154,2026-03-08,2026-04-07,2.04,1.97,2.09,GRU-15
650155,2026-03-08,2026-03-09,3.35,3.35,3.36,GRU-15
650155,2026-03-08,2026-03-10,3.35,3.33,3.36,GRU-15
650155,2026-03-08,2026-03-11,3.34,3.32,3.35,GRU-15
650155,2026-03-08,2026-03-12,3.33,3.31,3.35,GRU-15
650155,2026-03-08,2026-03-13,3.33,3.31,3.36,GRU-15
650155,2026-03-08,2026-03-14,3.32,3.3,3.35,GRU-15
650155,2026-03-08,2026-03-15,3.31,3.28,3.35,GRU-15
650155,2026-03-08,2026-03-16,3.32,3.3,3.36,GRU-15
650155,2026-03-08,2026-03-17,3.32,3.29,3.35,GRU-15
650155,2026-03-08,2026-03-18,3.3,3.27,3.35,GRU-15
650155,2026-03-08,2026-03-19,3.3,3.27,3.36,GRU-15
650155,2026-03-08,2026-03-20,3.32,3.3,3.36,GRU-15
650155,2026-03-08,2026-03-21,3.31,3.27,3.36,GRU-15
650155,2026-03-08,2026-03-22,3.32,3.29,3.36,GRU-15
650155,2026-03-08,2026-03-23,3.32,3.29,3.35,GRU-15
650155,2026-03-08,2026-03-24,3.31,3.27,3.36,GRU-15
650155,2026-03-08,2026-03-25,3.31,3.27,3.36,GRU-15
650155,2026-03-08,2026-03-26,3.31,3.27,3.35,GRU-15
650155,2026-03-08,2026-03-27,3.35,3.32,3.38,GRU-15
650155,2026-03-08,2026-03-28,3.32,3.29,3.37,GRU-15
650155,2026-03-08,2026-03-29,3.33,3.29,3.37,GRU-15
650155,2026-03-08,2026-03-30,3.35,3.31,3.38,GRU-15
650155,2026-03-08,2026-03-31,3.33,3.28,3.37,GRU-15
650155,2026-03-08,2026-04-01,3.34,3.3,3.38,GRU-15
650155,2026-03-08,2026-04-02,3.33,3.29,3.37,GRU-15
650155,2026-03-08,2026-04-03,3.36,3.31,3.4,GRU-15
650155,2026-03-08,2026-04-04,3.36,3.32,3.4,GRU-15
650155,2026-03-08,2026-04-05,3.35,3.31,3.39,GRU-15
650155,2026-03-08,2026-04-06,3.38,3.33,3.42,GRU-15
650155,2026-03-08,2026-04-07,3.35,3.3,3.4,GRU-15
650156,2026-03-08,2026-03-09,3.78,3.78,3.79,GRU-15
650156,2026-03-08,2026-03-10,3.78,3.77,3.78,GRU-15
650156,2026-03-08,2026-03-11,3.77,3.76,3.78,GRU-15
650156,2026-03-08,2026-03-12,3.77,3.76,3.78,GRU-15
650156,2026-03-08,2026-03-13,3.76,3.75,3.77,GRU-15
650156,2026-03-08,2026-03-14,3.75,3.74,3.77,GRU-15
650156,2026-03-08,2026-03-15,3.75,3.73,3.77,GRU-15
650156,2026-03-08,2026-03-16,3.74,3.72,3.76,GRU-15
650156,2026-03-08,2026-03-17,3.74,3.71,3.76,GRU-15
650156,2026-03-08,2026-03-18,3.73,3.7,3.76,GRU-15
650156,2026-03-08,2026-03-19,3.72,3.68,3.75,GRU-15
650156,2026-03-08,2026-03-20,3.71,3.67,3.76,GRU-15
650156,2026-03-08,2026-03-21,3.69,3.65,3.73,GRU-15
650156,2026-03-08,2026-03-22,3.67,3.63,3.73,GRU-15
650156,2026-03-08,2026-03-23,3.66,3.61,3.72,GRU-15
650156,2026-03-08,2026-03-24,3.65,3.6,3.71,GRU-15
650156,2026-03-08,2026-03-25,3.64,3.59,3.7,GRU-15
650156,2026-03-08,2026-03-26,3.63,3.59,3.71,GRU-15
650156,2026-03-08,2026-03-27,3.63,3.6,3.7,GRU-15
650156,2026-03-08,2026-03-28,3.62,3.57,3.69,GRU-15
650156,2026-03-08,2026-03-29,3.59,3.57,3.66,GRU-15
650156,2026-03-08,2026-03-30,3.6,3.57,3.67,GRU-15
650156,2026-03-08,2026-03-31,3.59,3.56,3.65,GRU-15
650156,2026-03-08,2026-04-01,3.6,3.57,3.67,GRU-15
650156,2026-03-08,2026-04-02,3.59,3.56,3.65,GRU-15
650156,2026-03-08,2026-04-03,3.57,3.55,3.64,GRU-15
650156,2026-03-08,2026-04-04,3.58,3.56,3.65,GRU-15
650156,2026-03-08,2026-04-05,3.57,3.55,3.64,GRU-15
650156,2026-03-08,2026-04-06,3.57,3.55,3.64,GRU-15
650156,2026-03-08,2026-04-07,3.56,3.55,3.62,GRU-15
650157,2026-03-08,2026-03-09,3.44,3.43,3.44,GRU-15
650157,2026-03-08,2026-03-10,3.43,3.43,3.44,GRU-15
650157,2026-03-08,2026-03-11,3.43,3.42,3.44,GRU-15
650157,2026-03-08,2026-03-12,3.43,3.42,3.44,GRU-15
650157,2026-03-08,2026-03-13,3.43,3.41,3.44,GRU-15
650157,2026-03-08,2026-03-14,3.43,3.41,3.45,GRU-15
650157,2026-03-08,2026-03-15,3.42,3.4,3.45,GRU-15
650157,2026-03-08,2026-03-16,3.43,3.41,3.45,GRU-15
650157,2026-03-08,2026-03-17,3.43,3.41,3.45,GRU-15
650157,2026-03-08,2026-03-18,3.42,3.39,3.45,GRU-15
650157,2026-03-08,2026-03-19,3.42,3.39,3.45,GRU-15
650157,2026-03-08,2026-03-20,3.43,3.41,3.45,GRU-15
650157,2026-03-08,2026-03-21,3.42,3.4,3.45,GRU-15
650157,2026-03-08,2026-03-22,3.44,3.41,3.46,GRU-15
650157,2026-03-08,2026-03-23,3.43,3.4,3.45,GRU-15
650157,2026-03-08,2026-03-24,3.43,3.4,3.45,GRU-15
650157,2026-03-08,2026-03-25,3.43,3.4,3.46,GRU-15
650157,2026-03-08,2026-03-26,3.43,3.4,3.45,GRU-15
650157,2026-03-08,2026-03-27,3.45,3.43,3.46,GRU-15
650157,2026-03-08,2026-03-28,3.44,3.41,3.46,GRU-15
650157,2026-03-08,2026-03-29,3.45,3.41,3.47,GRU-15
650157,2026-03-08,2026-03-30,3.45,3.42,3.47,GRU-15
650157,2026-03-08,2026-03-31,3.45,3.41,3.47,GRU-15
650157,2026-03-08,2026-04-01,3.45,3.42,3.47,GRU-15
650157,2026-03-08,2026-04-02,3.45,3.41,3.47,GRU-15
650157,2026-03-08,2026-04-03,3.46,3.42,3.48,GRU-15
650157,2026-03-08,2026-04-04,3.46,3.43,3.48,GRU-15
650157,2026-03-08,2026-04-05,3.46,3.43,3.48,GRU-15
650157,2026-03-08,2026-04-06,3.47,3.43,3.49,GRU-15
650157,2026-03-08,2026-04-07,3.46,3.42,3.49,GRU-15
651106,2026-03-08,2026-03-09,825.95,825.76,826.26,GRU-15
651106,2026-03-08,2026-03-10,825.82,825.46,826.31,GRU-15
651106,2026-03-08,2026-03-11,825.78,825.16,826.34,GRU-15
651106,2026-03-08,2026-03-12,825.76,824.95,826.52,GRU-15
651106,2026-03-08,2026-03-13,825.67,824.69,826.58,GRU-15
651106,2026-03-08,2026-03-14,825.71,824.5,826.88,GRU-15
651106,2026-03-08,2026-03-15,825.61,824.17,827.09,GRU-15
651106,2026-03-08,2026-03-16,825.98,824.33,827.59,GRU-15
651106,2026-03-08,2026-03-17,825.64,823.93,827.6,GRU-15
651106,2026-03-08,2026-03-18,826.18,824.71,828.12,GRU-15
651106,2026-03-08,2026-03-19,826.15,824.3,828.34,GRU-15
651106,2026-03-08,2026-03-20,826.36,825.14,828.59,GRU-15
651106,2026-03-08,2026-03-21,826.81,825.52,829.01,GRU-15
651106,2026-03-08,2026-03-22,827.06,825.27,829.32,GRU-15
651106,2026-03-08,2026-03-23,827.16,825.43,829.66,GRU-15
651106,2026-03-08,2026-03-24,827.32,824.69,829.66,GRU-15
651106,2026-03-08,2026-03-25,827.86,825.41,830.19,GRU-15
651106,2026-03-08,2026-03-26,827.86,825.35,830.35,GRU-15
651106,2026-03-08,2026-03-27,827.56,825.48,829.64,GRU-15
651106,2026-03-08,2026-03-28,827.62,825.07,830.1,GRU-15
651106,2026-03-08,2026-03-29,828.36,825.77,830.84,GRU-15
651106,2026-03-08,2026-03-30,828.31,825.4,831.31,GRU-15
651106,2026-03-08,2026-03-31,828.35,825.57,831.1,GRU-15
651106,2026-03-08,2026-04-01,827.82,825.11,830.56,GRU-15
651106,2026-03-08,2026-04-02,828.28,825.03,831.07,GRU-15
651106,2026-03-08,2026-04-03,828.89,825.54,831.6,GRU-15
651106,2026-03-08,2026-04-04,828.21,825.92,831.34,GRU-15
651106,2026-03-08,2026-04-05,828.57,825.42,831.41,GRU-15
651106,2026-03-08,2026-04-06,827.96,824.94,830.27,GRU-15
651106,2026-03-08,2026-04-07,829.1,825.08,831.71,GRU-15
651107,2026-03-08,2026-03-09,322.62,322.3,322.9,GRU-15
651107,2026-03-08,2026-03-10,322.6,321.94,323.23,GRU-15
651107,2026-03-08,2026-03-11,322.45,321.53,323.35,GRU-15
651107,2026-03-08,2026-03-12,322.41,321.28,323.53,GRU-15
651107,2026-03-08,2026-03-13,322.25,320.64,323.78,GRU-15
651107,2026-03-08,2026-03-14,322.08,320.18,323.91,GRU-15
651107,2026-03-08,2026-03-15,322.06,319.96,324.02,GRU-15
651107,2026-03-08,2026-03-16,321.75,319.18,324.05,GRU-15
651107,2026-03-08,2026-03-17,321.77,319.2,324.01,GRU-15
651107,2026-03-08,2026-03-18,321.97,319.34,324.41,GRU-15
651107,2026-03-08,2026-03-19,322.28,319.79,324.52,GRU-15
651107,2026-03-08,2026-03-20,322.31,319.7,324.74,GRU-15
651107,2026-03-08,2026-03-21,322.32,319.4,325.09,GRU-15
651107,2026-03-08,2026-03-22,322.25,319.22,325.33,GRU-15
651107,2026-03-08,2026-03-23,322.38,319.38,325.66,GRU-15
651107,2026-03-08,2026-03-24,322.0,319.0,325.7,GRU-15
651107,2026-03-08,2026-03-25,321.72,318.77,325.01,GRU-15
651107,2026-03-08,2026-03-26,322.34,319.36,325.05,GRU-15
651107,2026-03-08,2026-03-27,321.67,318.57,325.26,GRU-15
651107,2026-03-08,2026-03-28,321.25,318.02,324.75,GRU-15
651107,2026-03-08,2026-03-29,320.55,316.33,325.12,GRU-15
651107,2026-03-08,2026-03-30,321.1,316.86,324.82,GRU-15
651107,2026-03-08,2026-03-31,320.62,316.89,324.8,GRU-15
651107,2026-03-08,2026-04-01,320.68,315.98,324.16,GRU-15
651107,2026-03-08,2026-04-02,320.84,316.07,324.4,GRU-15
651107,2026-03-08,2026-04-03,320.21,315.41,323.7,GRU-15
651107,2026-03-08,2026-04-04,320.08,315.39,324.45,GRU-15
651107,2026-03-08,2026-04-05,320.31,316.32,324.64,GRU-15
651107,2026-03-08,2026-04-06,320.55,315.65,324.67,GRU-15
651107,2026-03-08,2026-04-07,319.08,313.87,323.36,GRU-15
651108,2026-03-08,2026-03-09,122.61,122.38,122.76,GRU-15
651108,2026-03-08,2026-03-10,122.82,122.4,123.08,GRU-15
651108,2026-03-08,2026-03-11,122.98,122.41,123.42,GRU-15
651108,2026-03-08,2026-03-12,123.11,122.42,123.67,GRU-15
651108,2026-03-08,2026-03-13,123.25,122.49,123.99,GRU-15
651108,2026-03-08,2026-03-14,123.49,122.54,124.4,GRU-15
651108,2026-03-08,2026-03-15,123.64,122.59,124.6,GRU-15
651108,2026-03-08,2026-03-16,123.81,122.66,124.92,GRU-15
651108,2026-03-08,2026-03-17,123.93,122.81,125.08,GRU-15
651108,2026-03-08,2026-03-18,124.08,122.82,125.31,GRU-15
651108,2026-03-08,2026-03-19,124.23,122.96,125.54,GRU-15
651108,2026-03-08,2026-03-20,124.34,123.11,125.56,GRU-15
651108,2026-03-08,2026-03-21,124.54,123.28,125.91,GRU-15
651108,2026-03-08,2026-03-22,124.73,123.62,125.92,GRU-15
651108,2026-03-08,2026-03-23,124.98,123.67,126.2,GRU-15
651108,2026-03-08,2026-03-24,125.16,123.81,126.49,GRU-15
651108,2026-03-08,2026-03-25,125.23,123.84,126.52,GRU-15
651108,2026-03-08,2026-03-26,125.27,123.95,126.67,GRU-15
651108,2026-03-08,2026-03-27,125.19,124.0,126.7,GRU-15
651108,2026-03-08,2026-03-28,125.46,124.23,126.9,GRU-15
651108,2026-03-08,2026-03-29,125.85,124.25,127.47,GRU-15
651108,2026-03-08,2026-03-30,125.81,124.24,127.28,GRU-15
651108,2026-03-08,2026-03-31,125.98,124.48,127.68,GRU-15
651108,2026-03-08,2026-04-01,126.23,124.32,127.67,GRU-15
651108,2026-03-08,2026-04-02,126.52,124.4,128.15,GRU-15
651108,2026-03-08,2026-04-03,126.45,124.86,127.91,GRU-15
651108,2026-03-08,2026-04-04,126.69,124.4,128.43,GRU-15
651108,2026-03-08,2026-04-05,126.52,124.7,127.8,GRU-15
651108,2026-03-08,2026-04-06,126.8,124.76,128.36,GRU-15
651108,2026-03-08,2026-04-07,127.03,125.12,128.4,GRU-15
651110,2026-03-08,2026-03-09,72.7,72.67,72.72,GRU-15
651110,2026-03-08,2026-03-10,72.73,72.68,72.78,GRU-15
651110,2026-03-08,2026-03-11,72.76,72.69,72.83,GRU-15
651110,2026-03-08,2026-03-12,72.79,72.7,72.88,GRU-15
651110,2026-03-08,2026-03-13,72.82,72.72,72.91,GRU-15
651110,2026-03-08,2026-03-14,72.86,72.73,72.98,GRU-15
651110,2026-03-08,2026-03-15,72.88,72.74,73.02,GRU-15
651110,2026-03-08,2026-03-16,72.92,72.77,73.06,GRU-15
651110,2026-03-08,2026-03-17,72.95,72.79,73.08,GRU-15
651110,2026-03-08,2026-03-18,72.96,72.81,73.14,GRU-15
651110,2026-03-08,2026-03-19,73.0,72.84,73.16,GRU-15
651110,2026-03-08,2026-03-20,73.01,72.85,73.18,GRU-15
651110,2026-03-08,2026-03-21,73.06,72.89,73.21,GRU-15
651110,2026-03-08,2026-03-22,73.08,72.93,73.24,GRU-15
651110,2026-03-08,2026-03-23,73.12,72.93,73.31,GRU-15
651110,2026-03-08,2026-03-24,73.17,72.95,73.36,GRU-15
651110,2026-03-08,2026-03-25,73.15,72.97,73.33,GRU-15
651110,2026-03-08,2026-03-26,73.18,72.96,73.38,GRU-15
651110,2026-03-08,2026-03-27,73.17,72.98,73.33,GRU-15
651110,2026-03-08,2026-03-28,73.24,73.01,73.4,GRU-15
651110,2026-03-08,2026-03-29,73.28,73.05,73.48,GRU-15
651110,2026-03-08,2026-03-30,73.27,73.04,73.46,GRU-15
651110,2026-03-08,2026-03-31,73.32,73.08,73.52,GRU-15
651110,2026-03-08,2026-04-01,73.31,73.09,73.52,GRU-15
651110,2026-03-08,2026-04-02,73.37,73.13,73.57,GRU-15
651110,2026-03-08,2026-04-03,73.36,73.14,73.55,GRU-15
651110,2026-03-08,2026-04-04,73.39,73.1,73.61,GRU-15
651110,2026-03-08,2026-04-05,73.33,73.13,73.55,GRU-15
651110,2026-03-08,2026-04-06,73.42,73.15,73.62,GRU-15
651110,2026-03-08,2026-04-07,73.42,73.16,73.63,GRU-15
651111,2026-03-08,2026-03-09,57.8,57.77,57.82,GRU-15
651111,2026-03-08,2026-03-10,57.75,57.71,57.79,GRU-15
651111,2026-03-08,2026-03-11,57.7,57.64,57.77,GRU-15
651111,2026-03-08,2026-03-12,57.68,57.6,57.75,GRU-15
651111,2026-03-08,2026-03-13,57.66,57.56,57.76,GRU-15
651111,2026-03-08,2026-03-14,57.62,57.49,57.76,GRU-15
651111,2026-03-08,2026-03-15,57.63,57.5,57.78,GRU-15
651111,2026-03-08,2026-03-16,57.6,57.44,57.78,GRU-15
651111,2026-03-08,2026-03-17,57.65,57.49,57.82,GRU-15
651111,2026-03-08,2026-03-18,57.65,57.51,57.85,GRU-15
651111,2026-03-08,2026-03-19,57.68,57.52,57.9,GRU-15
651111,2026-03-08,2026-03-20,57.79,57.65,58.0,GRU-15
651111,2026-03-08,2026-03-21,57.84,57.67,58.08,GRU-15
651111,2026-03-08,2026-03-22,57.97,57.82,58.19,GRU-15
651111,2026-03-08,2026-03-23,57.96,57.79,58.21,GRU-15
651111,2026-03-08,2026-03-24,57.96,57.8,58.25,GRU-15
651111,2026-03-08,2026-03-25,58.03,57.83,58.31,GRU-15
651111,2026-03-08,2026-03-26,57.93,57.68,58.21,GRU-15
651111,2026-03-08,2026-03-27,57.93,57.67,58.24,GRU-15
651111,2026-03-08,2026-03-28,58.09,57.9,58.33,GRU-15
651111,2026-03-08,2026-03-29,58.04,57.77,58.39,GRU-15
651111,2026-03-08,2026-03-30,58.02,57.74,58.38,GRU-15
651111,2026-03-08,2026-03-31,58.12,57.84,58.49,GRU-15
651111,2026-03-08,2026-04-01,58.04,57.85,58.32,GRU-15
651111,2026-03-08,2026-04-02,58.12,57.9,58.46,GRU-15
651111,2026-03-08,2026-04-03,58.22,57.95,58.58,GRU-15
651111,2026-03-08,2026-04-04,58.05,57.78,58.44,GRU-15
651111,2026-03-08,2026-04-05,58.22,57.96,58.57,GRU-15
651111,2026-03-08,2026-04-06,58.14,57.78,58.66,GRU-15
651111,2026-03-08,2026-04-07,58.24,57.97,58.62,GRU-15
651112,2026-03-08,2026-03-09,130.2,129.99,130.42,GRU-15
651112,2026-03-08,2026-03-10,130.41,130.0,130.79,GRU-15
651112,2026-03-08,2026-03-11,130.5,129.92,131.06,GRU-15
651112,2026-03-08,2026-03-12,130.5,129.77,131.24,GRU-15
651112,2026-03-08,2026-03-13,130.59,129.7,131.46,GRU-15
651112,2026-03-08,2026-03-14,130.7,129.66,131.8,GRU-15
651112,2026-03-08,2026-03-15,130.76,129.61,131.96,GRU-15
651112,2026-03-08,2026-03-16,130.76,129.41,132.21,GRU-15
651112,2026-03-08,2026-03-17,130.72,129.38,132.25,GRU-15
651112,2026-03-08,2026-03-18,130.87,129.36,132.5,GRU-15
651112,2026-03-08,2026-03-19,130.95,129.21,132.65,GRU-15
651112,2026-03-08,2026-03-20,130.75,128.97,132.42,GRU-15
651112,2026-03-08,2026-03-21,130.63,128.9,132.54,GRU-15
651112,2026-03-08,2026-03-22,130.23,128.26,132.22,GRU-15
651112,2026-03-08,2026-03-23,130.23,127.68,132.25,GRU-15
651112,2026-03-08,2026-03-24,129.91,127.29,132.41,GRU-15
651112,2026-03-08,2026-03-25,129.54,126.41,132.53,GRU-15
651112,2026-03-08,2026-03-26,129.43,126.29,132.46,GRU-15
651112,2026-03-08,2026-03-27,129.3,125.45,132.21,GRU-15
651112,2026-03-08,2026-03-28,129.17,124.72,132.02,GRU-15
651112,2026-03-08,2026-03-29,128.35,123.9,132.28,GRU-15
651112,2026-03-08,2026-03-30,128.66,124.26,132.55,GRU-15
651112,2026-03-08,2026-03-31,127.76,123.02,131.95,GRU-15
651112,2026-03-08,2026-04-01,128.03,123.29,132.21,GRU-15
651112,2026-03-08,2026-04-02,127.96,123.11,132.46,GRU-15
651112,2026-03-08,2026-04-03,126.86,122.41,131.32,GRU-15
651112,2026-03-08,2026-04-04,127.49,122.57,132.78,GRU-15
651112,2026-03-08,2026-04-05,126.81,122.39,131.92,GRU-15
651112,2026-03-08,2026-04-06,127.7,122.39,132.22,GRU-15
651112,2026-03-08,2026-04-07,126.24,121.81,131.76,GRU-15
651113,2026-03-08,2026-03-09,85.93,85.82,86.07,GRU-15
651113,2026-03-08,2026-03-10,86.04,85.83,86.28,GRU-15
651113,2026-03-08,2026-03-11,86.12,85.81,86.47,GRU-15
651113,2026-03-08,2026-03-12,86.19,85.81,86.62,GRU-15
651113,2026-03-08,2026-03-13,86.27,85.84,86.79,GRU-15
651113,2026-03-08,2026-03-14,86.39,85.87,87.04,GRU-15
651113,2026-03-08,2026-03-15,86.48,85.9,87.14,GRU-15
651113,2026-03-08,2026-03-16,86.57,85.95,87.35,GRU-15
651113,2026-03-08,2026-03-17,86.66,86.03,87.42,GRU-15
651113,2026-03-08,2026-03-18,86.74,86.13,87.56,GRU-15
651113,2026-03-08,2026-03-19,86.85,86.19,87.72,GRU-15
651113,2026-03-08,2026-03-20,86.94,86.32,87.76,GRU-15
651113,2026-03-08,2026-03-21,87.04,86.43,87.94,GRU-15
651113,2026-03-08,2026-03-22,87.17,86.66,87.94,GRU-15
651113,2026-03-08,2026-03-23,87.25,86.68,88.09,GRU-15
651113,2026-03-08,2026-03-24,87.43,86.76,88.29,GRU-15
651113,2026-03-08,2026-03-25,87.52,86.86,88.33,GRU-15
651113,2026-03-08,2026-03-26,87.49,86.8,88.35,GRU-15
651113,2026-03-08,2026-03-27,87.38,86.65,88.37,GRU-15
651113,2026-03-08,2026-03-28,87.67,86.9,88.56,GRU-15
651113,2026-03-08,2026-03-29,87.93,87.1,88.92,GRU-15
651113,2026-03-08,2026-03-30,87.84,87.04,88.82,GRU-15
651113,2026-03-08,2026-03-31,88.07,87.29,89.07,GRU-15
651113,2026-03-08,2026-04-01,88.06,87.13,89.13,GRU-15
651113,2026-03-08,2026-04-02,88.18,87.31,89.39,GRU-15
651113,2026-03-08,2026-04-03,88.19,87.33,89.12,GRU-15
651113,2026-03-08,2026-04-04,88.42,87.29,89.63,GRU-15
651113,2026-03-08,2026-04-05,88.13,87.19,89.14,GRU-15
651113,2026-03-08,2026-04-06,88.54,87.59,89.63,GRU-15
651113,2026-03-08,2026-04-07,88.48,87.45,89.58,GRU-15
651114,2026-03-08,2026-03-09,87.44,87.35,87.53,GRU-15
651114,2026-03-08,2026-03-10,87.56,87.38,87.74,GRU-15
651114,2026-03-08,2026-03-11,87.64,87.37,87.9,GRU-15
651114,2026-03-08,2026-03-12,87.71,87.39,88.03,GRU-15
651114,2026-03-08,2026-03-13,87.81,87.41,88.21,GRU-15
651114,2026-03-08,2026-03-14,87.91,87.44,88.44,GRU-15
651114,2026-03-08,2026-03-15,88.0,87.5,88.51,GRU-15
651114,2026-03-08,2026-03-16,88.13,87.52,88.73,GRU-15
651114,2026-03-08,2026-03-17,88.17,87.61,88.8,GRU-15
651114,2026-03-08,2026-03-18,88.29,87.63,88.92,GRU-15
651114,2026-03-08,2026-03-19,88.4,87.71,89.1,GRU-15
651114,2026-03-08,2026-03-20,88.47,87.8,89.09,GRU-15
651114,2026-03-08,2026-03-21,88.64,87.91,89.32,GRU-15
651114,2026-03-08,2026-03-22,88.75,88.1,89.38,GRU-15
651114,2026-03-08,2026-03-23,88.88,88.17,89.61,GRU-15
651114,2026-03-08,2026-03-24,89.03,88.26,89.76,GRU-15
651114,2026-03-08,2026-03-25,88.96,88.2,89.72,GRU-15
651114,2026-03-08,2026-03-26,89.06,88.3,89.9,GRU-15
651114,2026-03-08,2026-03-27,89.07,88.3,90.02,GRU-15
651114,2026-03-08,2026-03-28,89.21,88.48,90.1,GRU-15
651114,2026-03-08,2026-03-29,89.48,88.47,90.37,GRU-15
651114,2026-03-08,2026-03-30,89.38,88.52,90.36,GRU-15
651114,2026-03-08,2026-03-31,89.57,88.73,90.43,GRU-15
651114,2026-03-08,2026-04-01,89.51,88.52,90.48,GRU-15
651114,2026-03-08,2026-04-02,89.71,88.67,90.76,GRU-15
651114,2026-03-08,2026-04-03,89.78,88.81,90.64,GRU-15
651114,2026-03-08,2026-04-04,89.74,88.43,90.82,GRU-15
651114,2026-03-08,2026-04-05,89.62,88.68,90.67,GRU-15
651114,2026-03-08,2026-04-06,89.87,88.8,90.91,GRU-15
651114,2026-03-08,2026-04-07,89.93,88.86,90.87,GRU-15
651116,2026-03-08,2026-03-09,162.19,162.17,162.21,GRU-15
651116,2026-03-08,2026-03-10,162.11,162.08,162.15,GRU-15
651116,2026-03-08,2026-03-11,162.02,161.99,162.07,GRU-15
651116,2026-03-08,2026-03-12,161.97,161.92,162.03,GRU-15
651116,2026-03-08,2026-03-13,161.91,161.86,161.99,GRU-15
651116,2026-03-08,2026-03-14,161.82,161.76,161.92,GRU-15
651116,2026-03-08,2026-03-15,161.81,161.74,161.92,GRU-15
651116,2026-03-08,2026-03-16,161.72,161.63,161.84,GRU-15
651116,2026-03-08,2026-03-17,161.75,161.65,161.88,GRU-15
651116,2026-03-08,2026-03-18,161.77,161.63,161.9,GRU-15
651116,2026-03-08,2026-03-19,161.78,161.58,161.91,GRU-15
651116,2026-03-08,2026-03-20,161.88,161.63,162.05,GRU-15
651116,2026-03-08,2026-03-21,161.88,161.56,162.09,GRU-15
651116,2026-03-08,2026-03-22,161.9,161.47,162.19,GRU-15
651116,2026-03-08,2026-03-23,161.89,161.47,162.21,GRU-15
651116,2026-03-08,2026-03-24,161.73,161.2,162.15,GRU-15
651116,2026-03-08,2026-03-25,161.86,161.28,162.33,GRU-15
651116,2026-03-08,2026-03-26,161.78,161.16,162.22,GRU-15
651116,2026-03-08,2026-03-27,161.78,161.19,162.23,GRU-15
651116,2026-03-08,2026-03-28,161.53,160.64,162.11,GRU-15
651116,2026-03-08,2026-03-29,161.48,160.62,162.14,GRU-15
651116,2026-03-08,2026-03-30,161.39,160.41,162.2,GRU-15
651116,2026-03-08,2026-03-31,161.47,160.54,162.2,GRU-15
651116,2026-03-08,2026-04-01,161.28,160.25,162.08,GRU-15
651116,2026-03-08,2026-04-02,161.24,160.1,162.0,GRU-15
651116,2026-03-08,2026-04-03,161.2,160.08,162.25,GRU-15
651116,2026-03-08,2026-04-04,161.02,160.01,161.88,GRU-15
651116,2026-03-08,2026-04-05,161.28,160.06,162.22,GRU-15
651116,2026-03-08,2026-04-06,161.39,160.35,162.2,GRU-15
651116,2026-03-08,2026-04-07,160.91,159.61,162.05,GRU-15
651117,2026-03-08,2026-03-09,196.51,196.36,196.65,GRU-15
651117,2026-03-08,2026-03-10,196.61,196.33,196.83,GRU-15
651117,2026-03-08,2026-03-11,196.68,196.29,197.05,GRU-15
651117,2026-03-08,2026-03-12,196.75,196.27,197.22,GRU-15
651117,2026-03-08,2026-03-13,196.88,196.28,197.47,GRU-15
651117,2026-03-08,2026-03-14,197.03,196.24,197.83,GRU-15
651117,2026-03-08,2026-03-15,197.13,196.33,197.95,GRU-15
651117,2026-03-08,2026-03-16,197.22,196.3,198.19,GRU-15
651117,2026-03-08,2026-03-17,197.38,196.46,198.31,GRU-15
651117,2026-03-08,2026-03-18,197.44,196.6,198.51,GRU-15
651117,2026-03-08,2026-03-19,197.69,196.7,198.77,GRU-15
651117,2026-03-08,2026-03-20,197.81,197.03,198.83,GRU-15
651117,2026-03-08,2026-03-21,198.13,197.31,199.29,GRU-15
651117,2026-03-08,2026-03-22,198.32,197.59,199.38,GRU-15
651117,2026-03-08,2026-03-23,198.53,197.67,199.84,GRU-15
651117,2026-03-08,2026-03-24,198.72,197.76,200.07,GRU-15
651117,2026-03-08,2026-03-25,198.93,197.98,200.14,GRU-15
651117,2026-03-08,2026-03-26,198.76,197.85,199.98,GRU-15
651117,2026-03-08,2026-03-27,198.79,197.97,200.03,GRU-15
651117,2026-03-08,2026-03-28,199.16,198.1,200.46,GRU-15
651117,2026-03-08,2026-03-29,199.49,198.49,201.09,GRU-15
651117,2026-03-08,2026-03-30,199.29,198.34,200.8,GRU-15
651117,2026-03-08,2026-03-31,199.66,198.61,201.16,GRU-15
651117,2026-03-08,2026-04-01,199.55,198.4,201.19,GRU-15
651117,2026-03-08,2026-04-02,199.85,198.57,201.7,GRU-15
651117,2026-03-08,2026-04-03,200.07,198.93,201.87,GRU-15
651117,2026-03-08,2026-04-04,200.07,198.55,202.03,GRU-15
651117,2026-03-08,2026-04-05,200.13,198.87,202.03,GRU-15
651117,2026-03-08,2026-04-06,200.27,198.92,202.33,GRU-15
651117,2026-03-08,2026-04-07,200.5,198.96,202.33,GRU-15
651118,2026-03-08,2026-03-09,56.47,56.34,56.59,GRU-15
651118,2026-03-08,2026-03-10,56.56,56.32,56.82,GRU-15
651118,2026-03-08,2026-03-11,56.63,56.29,57.01,GRU-15
651118,2026-03-08,2026-03-12,56.71,56.28,57.18,GRU-15
651118,2026-03-08,2026-03-13,56.79,56.27,57.35,GRU-15
651118,2026-03-08,2026-03-14,56.91,56.25,57.58,GRU-15
651118,2026-03-08,2026-03-15,57.01,56.29,57.7,GRU-15
651118,2026-03-08,2026-03-16,57.04,56.25,57.9,GRU-15
651118,2026-03-08,2026-03-17,57.13,56.32,57.95,GRU-15
651118,2026-03-08,2026-03-18,57.26,56.43,58.1,GRU-15
651118,2026-03-08,2026-03-19,57.32,56.41,58.23,GRU-15
651118,2026-03-08,2026-03-20,57.46,56.61,58.32,GRU-15
651118,2026-03-08,2026-03-21,57.59,56.65,58.44,GRU-15
651118,2026-03-08,2026-03-22,57.74,56.9,58.55,GRU-15
651118,2026-03-08,2026-03-23,57.8,56.9,58.67,GRU-15
651118,2026-03-08,2026-03-24,57.97,56.98,58.95,GRU-15
651118,2026-03-08,2026-03-25,58.02,56.97,58.93,GRU-15
651118,2026-03-08,2026-03-26,58.09,57.04,58.92,GRU-15
651118,2026-03-08,2026-03-27,58.02,56.94,58.98,GRU-15
651118,2026-03-08,2026-03-28,58.2,57.18,59.12,GRU-15
651118,2026-03-08,2026-03-29,58.34,57.1,59.42,GRU-15
651118,2026-03-08,2026-03-30,58.27,57.24,59.34,GRU-15
651118,2026-03-08,2026-03-31,58.55,57.35,59.54,GRU-15
651118,2026-03-08,2026-04-01,58.36,57.16,59.58,GRU-15
651118,2026-03-08,2026-04-02,58.61,57.18,59.85,GRU-15
651118,2026-03-08,2026-04-03,58.57,57.43,59.53,GRU-15
651118,2026-03-08,2026-04-04,58.63,56.93,60.0,GRU-15
651118,2026-03-08,2026-04-05,58.51,57.29,59.59,GRU-15
651118,2026-03-08,2026-04-06,58.87,57.38,59.99,GRU-15
651118,2026-03-08,2026-04-07,58.86,57.39,59.93,GRU-15
651119,2026-03-08,2026-03-09,233.2,232.92,233.44,GRU-15
651119,2026-03-08,2026-03-10,233.48,232.98,233.95,GRU-15
651119,2026-03-08,2026-03-11,233.65,232.97,234.34,GRU-15
651119,2026-03-08,2026-03-12,233.91,232.99,234.77,GRU-15
651119,2026-03-08,2026-03-13,234.1,233.08,235.17,GRU-15
651119,2026-03-08,2026-03-14,234.43,233.09,235.76,GRU-15
651119,2026-03-08,2026-03-15,234.67,233.3,236.09,GRU-15
651119,2026-03-08,2026-03-16,234.92,233.3,236.57,GRU-15
651119,2026-03-08,2026-03-17,235.16,233.56,236.86,GRU-15
651119,2026-03-08,2026-03-18,235.5,233.77,237.39,GRU-15
651119,2026-03-08,2026-03-19,235.62,233.97,237.7,GRU-15
651119,2026-03-08,2026-03-20,236.03,234.38,237.84,GRU-15
651119,2026-03-08,2026-03-21,236.33,234.87,238.32,GRU-15
651119,2026-03-08,2026-03-22,236.81,235.2,238.74,GRU-15
651119,2026-03-08,2026-03-23,237.3,235.34,239.56,GRU-15
651119,2026-03-08,2026-03-24,237.51,235.54,239.88,GRU-15
651119,2026-03-08,2026-03-25,237.53,235.85,239.65,GRU-15
651119,2026-03-08,2026-03-26,237.91,235.91,240.29,GRU-15
651119,2026-03-08,2026-03-27,237.51,235.93,239.5,GRU-15
651119,2026-03-08,2026-03-28,238.3,236.32,240.59,GRU-15
651119,2026-03-08,2026-03-29,238.76,236.63,241.52,GRU-15
651119,2026-03-08,2026-03-30,238.66,236.52,241.28,GRU-15
651119,2026-03-08,2026-03-31,239.17,237.1,241.94,GRU-15
651119,2026-03-08,2026-04-01,239.22,236.75,241.98,GRU-15
651119,2026-03-08,2026-04-02,239.58,237.14,242.46,GRU-15
651119,2026-03-08,2026-04-03,239.81,237.35,242.58,GRU-15
651119,2026-03-08,2026-04-04,239.57,236.81,242.44,GRU-15
651119,2026-03-08,2026-04-05,239.71,237.27,242.3,GRU-15
651119,2026-03-08,2026-04-06,240.15,237.65,242.83,GRU-15
651119,2026-03-08,2026-04-07,240.39,237.58,243.08,GRU-15
651120,2026-03-08,2026-03-09,56.82,56.79,56.86,GRU-15
651120,2026-03-08,2026-03-10,56.81,56.75,56.88,GRU-15
651120,2026-03-08,2026-03-11,56.8,56.7,56.91,GRU-15
651120,2026-03-08,2026-03-12,56.78,56.66,56.92,GRU-15
651120,2026-03-08,2026-03-13,56.78,56.63,56.96,GRU-15
651120,2026-03-08,2026-03-14,56.79,56.59,57.02,GRU-15
651120,2026-03-08,2026-03-15,56.77,56.56,57.04,GRU-15
651120,2026-03-08,2026-03-16,56.77,56.51,57.07,GRU-15
651120,2026-03-08,2026-03-17,56.74,56.48,57.07,GRU-15
651120,2026-03-08,2026-03-18,56.72,56.45,57.09,GRU-15
651120,2026-03-08,2026-03-19,56.72,56.42,57.12,GRU-15
651120,2026-03-08,2026-03-20,56.69,56.41,57.14,GRU-15
651120,2026-03-08,2026-03-21,56.7,56.39,57.19,GRU-15
651120,2026-03-08,2026-03-22,56.69,56.41,57.23,GRU-15
651120,2026-03-08,2026-03-23,56.71,56.37,57.29,GRU-15
651120,2026-03-08,2026-03-24,56.78,56.39,57.35,GRU-15
651120,2026-03-08,2026-03-25,56.68,56.32,57.32,GRU-15
651120,2026-03-08,2026-03-26,56.62,56.21,57.14,GRU-15
651120,2026-03-08,2026-03-27,56.66,56.23,57.14,GRU-15
651120,2026-03-08,2026-03-28,56.71,56.31,57.32,GRU-15
651120,2026-03-08,2026-03-29,56.65,56.21,57.37,GRU-15
651120,2026-03-08,2026-03-30,56.82,56.37,57.36,GRU-15
651120,2026-03-08,2026-03-31,56.71,56.27,57.39,GRU-15
651120,2026-03-08,2026-04-01,56.71,56.34,57.45,GRU-15
651120,2026-03-08,2026-04-02,56.87,56.43,57.57,GRU-15
651120,2026-03-08,2026-04-03,56.82,56.35,57.51,GRU-15
651120,2026-03-08,2026-04-04,57.02,56.48,57.67,GRU-15
651120,2026-03-08,2026-04-05,56.85,56.34,57.59,GRU-15
651120,2026-03-08,2026-04-06,56.75,56.19,57.61,GRU-15
651120,2026-03-08,2026-04-07,56.97,56.33,57.7,GRU-15
651121,2026-03-08,2026-03-09,142.16,141.97,142.38,GRU-15
651121,2026-03-08,2026-03-10,142.44,142.1,142.85,GRU-15
651121,2026-03-08,2026-03-11,142.65,142.11,143.25,GRU-15
651121,2026-03-08,2026-03-12,142.89,142.2,143.58,GRU-15
651121,2026-03-08,2026-03-13,143.05,142.24,143.94,GRU-15
651121,2026-03-08,2026-03-14,143.41,142.35,144.48,GRU-15
651121,2026-03-08,2026-03-15,143.59,142.53,144.83,GRU-15
651121,2026-03-08,2026-03-16,143.83,142.6,145.05,GRU-15
651121,2026-03-08,2026-03-17,144.07,142.83,145.35,GRU-15
651121,2026-03-08,2026-03-18,144.38,143.03,145.72,GRU-15
651121,2026-03-08,2026-03-19,144.57,143.14,146.07,GRU-15
651121,2026-03-08,2026-03-20,144.76,143.38,146.26,GRU-15
651121,2026-03-08,2026-03-21,145.07,143.48,146.56,GRU-15
651121,2026-03-08,2026-03-22,145.46,143.87,146.85,GRU-15
651121,2026-03-08,2026-03-23,145.87,144.06,147.52,GRU-15
651121,2026-03-08,2026-03-24,146.13,144.26,148.02,GRU-15
651121,2026-03-08,2026-03-25,146.16,144.22,147.69,GRU-15
651121,2026-03-08,2026-03-26,146.53,144.49,148.21,GRU-15
651121,2026-03-08,2026-03-27,146.28,144.19,147.65,GRU-15
651121,2026-03-08,2026-03-28,146.86,144.77,148.56,GRU-15
651121,2026-03-08,2026-03-29,147.29,144.93,149.03,GRU-15
651121,2026-03-08,2026-03-30,147.25,144.93,149.21,GRU-15
651121,2026-03-08,2026-03-31,147.68,145.42,149.45,GRU-15
651121,2026-03-08,2026-04-01,147.67,145.33,149.72,GRU-15
651121,2026-03-08,2026-04-02,148.34,145.48,150.09,GRU-15
651121,2026-03-08,2026-04-03,148.27,145.77,149.95,GRU-15
651121,2026-03-08,2026-04-04,148.23,145.23,150.12,GRU-15
651121,2026-03-08,2026-04-05,148.19,145.64,149.92,GRU-15
651121,2026-03-08,2026-04-06,148.57,145.79,150.51,GRU-15
651121,2026-03-08,2026-04-07,148.93,145.61,150.71,GRU-15
651122,2026-03-08,2026-03-09,68.44,68.35,68.52,GRU-15
651122,2026-03-08,2026-03-10,68.46,68.32,68.61,GRU-15
651122,2026-03-08,2026-03-11,68.48,68.28,68.69,GRU-15
651122,2026-03-08,2026-03-12,68.52,68.26,68.77,GRU-15
651122,2026-03-08,2026-03-13,68.54,68.27,68.86,GRU-15
651122,2026-03-08,2026-03-14,68.61,68.23,68.98,GRU-15
651122,2026-03-08,2026-03-15,68.65,68.29,69.06,GRU-15
651122,2026-03-08,2026-03-16,68.69,68.27,69.14,GRU-15
651122,2026-03-08,2026-03-17,68.78,68.35,69.22,GRU-15
651122,2026-03-08,2026-03-18,68.85,68.44,69.31,GRU-15
651122,2026-03-08,2026-03-19,68.98,68.5,69.44,GRU-15
651122,2026-03-08,2026-03-20,69.06,68.68,69.55,GRU-15
651122,2026-03-08,2026-03-21,69.2,68.81,69.73,GRU-15
651122,2026-03-08,2026-03-22,69.32,68.98,69.77,GRU-15
651122,2026-03-08,2026-03-23,69.41,68.96,69.96,GRU-15
651122,2026-03-08,2026-03-24,69.45,69.05,70.05,GRU-15
651122,2026-03-08,2026-03-25,69.62,69.16,70.21,GRU-15
651122,2026-03-08,2026-03-26,69.53,68.99,70.17,GRU-15
651122,2026-03-08,2026-03-27,69.57,69.15,70.08,GRU-15
651122,2026-03-08,2026-03-28,69.64,69.21,70.2,GRU-15
651122,2026-03-08,2026-03-29,69.89,69.24,70.68,GRU-15
651122,2026-03-08,2026-03-30,69.8,69.24,70.48,GRU-15
651122,2026-03-08,2026-03-31,70.01,69.39,70.78,GRU-15
651122,2026-03-08,2026-04-01,69.93,69.23,70.73,GRU-15
651122,2026-03-08,2026-04-02,70.03,69.32,70.94,GRU-15
651122,2026-03-08,2026-04-03,70.12,69.48,70.9,GRU-15
651122,2026-03-08,2026-04-04,70.15,69.3,71.12,GRU-15
651122,2026-03-08,2026-04-05,70.09,69.46,70.83,GRU-15
651122,2026-03-08,2026-04-06,70.34,69.59,71.2,GRU-15
651122,2026-03-08,2026-04-07,70.33,69.51,71.15,GRU-15
651123,2026-03-08,2026-03-09,200.18,200.09,200.28,GRU-15
651123,2026-03-08,2026-03-10,200.17,199.98,200.34,GRU-15
651123,2026-03-08,2026-03-11,200.1,199.85,200.34,GRU-15
651123,2026-03-08,2026-03-12,200.06,199.76,200.35,GRU-15
651123,2026-03-08,2026-03-13,200.02,199.59,200.39,GRU-15
651123,2026-03-08,2026-03-14,199.95,199.5,200.41,GRU-15
651123,2026-03-08,2026-03-15,199.96,199.46,200.45,GRU-15
651123,2026-03-08,2026-03-16,199.89,199.26,200.44,GRU-15
651123,2026-03-08,2026-03-17,199.93,199.26,200.45,GRU-15
651123,2026-03-08,2026-03-18,200.04,199.3,200.6,GRU-15
651123,2026-03-08,2026-03-19,200.11,199.44,200.68,GRU-15
651123,2026-03-08,2026-03-20,200.14,199.44,200.74,GRU-15
651123,2026-03-08,2026-03-21,200.25,199.36,200.89,GRU-15
651123,2026-03-08,2026-03-22,200.16,199.27,200.9,GRU-15
651123,2026-03-08,2026-03-23,200.17,199.24,200.93,GRU-15
651123,2026-03-08,2026-03-24,200.05,198.85,201.08,GRU-15
651123,2026-03-08,2026-03-25,199.9,198.71,201.02,GRU-15
651123,2026-03-08,2026-03-26,200.01,198.95,200.99,GRU-15
651123,2026-03-08,2026-03-27,199.82,198.65,201.0,GRU-15
651123,2026-03-08,2026-03-28,199.75,198.21,200.95,GRU-15
651123,2026-03-08,2026-03-29,199.31,197.63,200.94,GRU-15
651123,2026-03-08,2026-03-30,199.3,197.69,200.94,GRU-15
651123,2026-03-08,2026-03-31,199.26,197.51,200.91,GRU-15
651123,2026-03-08,2026-04-01,198.99,197.17,200.58,GRU-15
651123,2026-03-08,2026-04-02,198.8,196.88,200.84,GRU-15
651123,2026-03-08,2026-04-03,198.76,196.81,200.71,GRU-15
651123,2026-03-08,2026-04-04,198.64,196.68,200.8,GRU-15
651123,2026-03-08,2026-04-05,198.69,197.08,200.49,GRU-15
651123,2026-03-08,2026-04-06,199.05,196.75,200.79,GRU-15
651123,2026-03-08,2026-04-07,198.14,196.02,200.57,GRU-15
