card_id,run_date,target_date,pred_price,conf_low,conf_high,model
510148,2026-03-08,2026-03-09,62.84,62.82,62.85,Single GRU
510148,2026-03-08,2026-03-10,62.83,62.81,62.86,Single GRU
510148,2026-03-08,2026-03-11,62.84,62.8,62.87,Single GRU
510148,2026-03-08,2026-03-12,62.83,62.79,62.87,Single GRU
510148,2026-03-08,2026-03-13,62.85,62.8,62.9,Single GRU
510148,2026-03-08,2026-03-14,62.85,62.79,62.91,Single GRU
510148,2026-03-08,2026-03-15,62.83,62.77,62.91,Single GRU
510148,2026-03-08,2026-03-16,62.83,62.76,62.94,Single GRU
510148,2026-03-08,2026-03-17,62.84,62.75,62.96,Single GRU
510148,2026-03-08,2026-03-18,62.85,62.76,62.99,Single GRU
510148,2026-03-08,2026-03-19,62.88,62.78,63.05,Single GRU
510148,2026-03-08,2026-03-20,62.9,62.8,63.06,Single GRU
510148,2026-03-08,2026-03-21,62.96,62.88,63.09,Single GRU
510148,2026-03-08,2026-03-22,62.96,62.86,63.16,Single GRU
510148,2026-03-08,2026-03-23,62.95,62.81,63.16,Single GRU
510148,2026-03-08,2026-03-24,62.98,62.86,63.21,Single GRU
510148,2026-03-08,2026-03-25,63.03,62.9,63.19,Single GRU
510148,2026-03-08,2026-03-26,63.04,62.9,63.26,Single GRU
510148,2026-03-08,2026-03-27,63.02,62.83,63.25,Single GRU
510148,2026-03-08,2026-03-28,63.03,62.88,63.31,Single GRU
510148,2026-03-08,2026-03-29,63.12,62.92,63.43,Single GRU
510148,2026-03-08,2026-03-30,63.18,63.01,63.43,Single GRU
510148,2026-03-08,2026-03-31,63.12,62.98,63.41,Single GRU
510148,2026-03-08,2026-04-01,63.16,62.98,63.42,Single GRU
510148,2026-03-08,2026-04-02,63.13,62.91,63.45,Single GRU
510148,2026-03-08,2026-04-03,63.17,62.98,63.41,Single GRU
510148,2026-03-08,2026-04-04,63.14,62.96,63.4,Single GRU
510148,2026-03-08,2026-04-05,63.15,62.97,63.47,Single GRU
510148,2026-03-08,2026-04-06,63.19,62.97,63.5,Single GRU
510148,2026-03-08,2026-04-07,63.27,63.01,63.57,Single GRU
510152,2026-03-08,2026-03-09,172.18,171.99,172.42,Single GRU
510152,2026-03-08,2026-03-10,172.27,171.93,172.72,Single GRU
510152,2026-03-08,2026-03-11,172.35,171.92,172.85,Single GRU
510152,2026-03-08,2026-03-12,172.47,171.88,173.15,Single GRU
510152,2026-03-08,2026-03-13,172.63,172.01,173.34,Single GRU
510152,2026-03-08,2026-03-14,172.72,171.88,173.59,Single GRU
510152,2026-03-08,2026-03-15,172.69,171.78,173.67,Single GRU
510152,2026-03-08,2026-03-16,172.96,171.71,174.15,Single GRU
510152,2026-03-08,2026-03-17,173.01,171.62,174.52,Single GRU
510152,2026-03-08,2026-03-18,173.43,171.83,174.91,Single GRU
510152,2026-03-08,2026-03-19,173.69,171.72,175.7,Single GRU
510152,2026-03-08,2026-03-20,173.61,171.82,175.44,Single GRU
510152,2026-03-08,2026-03-21,174.22,172.23,175.69,Single GRU
510152,2026-03-08,2026-03-22,174.48,172.39,176.42,Single GRU
510152,2026-03-08,2026-03-23,175.17,173.06,176.76,Single GRU
510152,2026-03-08,2026-03-24,175.49,173.2,177.39,Single GRU
510152,2026-03-08,2026-03-25,175.1,173.23,177.29,Single GRU
510152,2026-03-08,2026-03-26,175.65,173.29,177.65,Single GRU
510152,2026-03-08,2026-03-27,175.8,173.07,177.94,Single GRU
510152,2026-03-08,2026-03-28,176.18,174.01,177.82,Single GRU
510152,2026-03-08,2026-03-29,176.77,173.53,178.37,Single GRU
510152,2026-03-08,2026-03-30,176.72,174.09,178.3,Single GRU
510152,2026-03-08,2026-03-31,176.87,174.87,178.16,Single GRU
510152,2026-03-08,2026-04-01,176.66,173.86,178.32,Single GRU
510152,2026-03-08,2026-04-02,177.26,174.65,178.7,Single GRU
510152,2026-03-08,2026-04-03,176.64,173.93,178.34,Single GRU
510152,2026-03-08,2026-04-04,177.28,174.66,178.64,Single GRU
510152,2026-03-08,2026-04-05,177.27,174.92,178.57,Single GRU
510152,2026-03-08,2026-04-06,177.29,174.08,178.65,Single GRU
510152,2026-03-08,2026-04-07,177.67,174.74,178.77,Single GRU
510153,2026-03-08,2026-03-09,649.39,649.2,649.59,Single GRU
510153,2026-03-08,2026-03-10,649.09,648.78,649.36,Single GRU
510153,2026-03-08,2026-03-11,648.92,648.41,649.36,Single GRU
510153,2026-03-08,2026-03-12,648.47,647.8,649.06,Single GRU
510153,2026-03-08,2026-03-13,648.42,647.6,649.14,Single GRU
510153,2026-03-08,2026-03-14,648.18,647.04,648.95,Single GRU
510153,2026-03-08,2026-03-15,647.95,646.6,648.8,Single GRU
510153,2026-03-08,2026-03-16,647.55,646.16,648.5,Single GRU
510153,2026-03-08,2026-03-17,647.38,646.04,648.36,Single GRU
510153,2026-03-08,2026-03-18,647.22,645.59,648.68,Single GRU
510153,2026-03-08,2026-03-19,647.37,645.5,648.56,Single GRU
510153,2026-03-08,2026-03-20,647.84,645.54,649.96,Single GRU
510153,2026-03-08,2026-03-21,648.01,645.93,649.82,Single GRU
510153,2026-03-08,2026-03-22,648.02,645.7,649.68,Single GRU
510153,2026-03-08,2026-03-23,647.93,645.21,650.14,Single GRU
510153,2026-03-08,2026-03-24,647.36,644.53,649.44,Single GRU
510153,2026-03-08,2026-03-25,648.41,646.29,650.12,Single GRU
510153,2026-03-08,2026-03-26,648.25,645.73,650.31,Single GRU
510153,2026-03-08,2026-03-27,647.98,644.89,650.01,Single GRU
510153,2026-03-08,2026-03-28,647.63,644.27,650.83,Single GRU
510153,2026-03-08,2026-03-29,648.1,646.25,650.24,Single GRU
510153,2026-03-08,2026-03-30,649.67,648.3,651.02,Single GRU
510153,2026-03-08,2026-03-31,648.73,645.74,650.71,Single GRU
510153,2026-03-08,2026-04-01,648.77,646.17,650.97,Single GRU
510153,2026-03-08,2026-04-02,648.2,645.97,649.71,Single GRU
510153,2026-03-08,2026-04-03,648.52,646.0,650.7,Single GRU
510153,2026-03-08,2026-04-04,649.45,648.21,650.7,Single GRU
510153,2026-03-08,2026-04-05,648.97,645.69,651.26,Single GRU
510153,2026-03-08,2026-04-06,649.55,646.86,651.48,Single GRU
510153,2026-03-08,2026-04-07,649.41,647.61,651.37,Single GRU
510154,2026-03-08,2026-03-09,140.78,140.77,140.8,Single GRU
510154,2026-03-08,2026-03-10,140.76,140.71,140.8,Single GRU
510154,2026-03-08,2026-03-11,140.75,140.69,140.81,Single GRU
510154,2026-03-08,2026-03-12,140.72,140.63,140.8,Single GRU
510154,2026-03-08,2026-03-13,140.73,140.64,140.83,Single GRU
510154,2026-03-08,2026-03-14,140.7,140.56,140.83,Single GRU
510154,2026-03-08,2026-03-15,140.69,140.54,140.83,Single GRU
510154,2026-03-08,2026-03-16,140.65,140.46,140.82,Single GRU
510154,2026-03-08,2026-03-17,140.63,140.41,140.85,Single GRU
510154,2026-03-08,2026-03-18,140.65,140.38,140.89,Single GRU
510154,2026-03-08,2026-03-19,140.64,140.3,140.95,Single GRU
510154,2026-03-08,2026-03-20,140.81,140.44,141.08,Single GRU
510154,2026-03-08,2026-03-21,140.93,140.58,141.16,Single GRU
510154,2026-03-08,2026-03-22,140.9,140.58,141.2,Single GRU
510154,2026-03-08,2026-03-23,140.96,140.77,141.23,Single GRU
510154,2026-03-08,2026-03-24,140.85,140.5,141.22,Single GRU
510154,2026-03-08,2026-03-25,141.01,140.74,141.32,Single GRU
510154,2026-03-08,2026-03-26,141.05,140.74,141.37,Single GRU
510154,2026-03-08,2026-03-27,140.97,140.58,141.39,Single GRU
510154,2026-03-08,2026-03-28,141.06,140.76,141.41,Single GRU
510154,2026-03-08,2026-03-29,140.94,140.51,141.38,Single GRU
510154,2026-03-08,2026-03-30,141.06,140.76,141.4,Single GRU
510154,2026-03-08,2026-03-31,141.16,140.94,141.44,Single GRU
510154,2026-03-08,2026-04-01,140.95,140.54,141.37,Single GRU
510154,2026-03-08,2026-04-02,140.84,140.42,141.28,Single GRU
510154,2026-03-08,2026-04-03,140.99,140.54,141.43,Single GRU
510154,2026-03-08,2026-04-04,140.98,140.74,141.36,Single GRU
510154,2026-03-08,2026-04-05,141.21,140.93,141.56,Single GRU
510154,2026-03-08,2026-04-06,141.09,140.78,141.46,Single GRU
510154,2026-03-08,2026-04-07,141.17,140.85,141.57,Single GRU
510155,2026-03-08,2026-03-09,67.77,67.69,67.84,Single GRU
510155,2026-03-08,2026-03-10,67.84,67.67,67.99,Single GRU
510155,2026-03-08,2026-03-11,67.89,67.69,68.07,Single GRU
510155,2026-03-08,2026-03-12,67.94,67.74,68.19,Single GRU
510155,2026-03-08,2026-03-13,68.01,67.78,68.29,Single GRU
510155,2026-03-08,2026-03-14,68.08,67.78,68.39,Single GRU
510155,2026-03-08,2026-03-15,68.06,67.65,68.43,Single GRU
510155,2026-03-08,2026-03-16,68.19,67.64,68.63,Single GRU
510155,2026-03-08,2026-03-17,68.28,67.71,68.79,Single GRU
510155,2026-03-08,2026-03-18,68.4,67.74,68.97,Single GRU
510155,2026-03-08,2026-03-19,68.61,67.79,69.17,Single GRU
510155,2026-03-08,2026-03-20,68.53,67.72,69.14,Single GRU
510155,2026-03-08,2026-03-21,68.7,67.85,69.27,Single GRU
510155,2026-03-08,2026-03-22,68.84,67.97,69.43,Single GRU
510155,2026-03-08,2026-03-23,68.97,68.16,69.62,Single GRU
510155,2026-03-08,2026-03-24,69.3,68.39,69.8,Single GRU
510155,2026-03-08,2026-03-25,69.29,68.31,69.7,Single GRU
510155,2026-03-08,2026-03-26,69.33,68.37,69.77,Single GRU
510155,2026-03-08,2026-03-27,69.41,68.34,69.92,Single GRU
510155,2026-03-08,2026-03-28,69.49,68.5,69.89,Single GRU
510155,2026-03-08,2026-03-29,69.67,68.84,70.04,Single GRU
510155,2026-03-08,2026-03-30,69.68,68.85,70.0,Single GRU
510155,2026-03-08,2026-03-31,69.66,68.79,69.99,Single GRU
510155,2026-03-08,2026-04-01,69.67,68.73,70.02,Single GRU
510155,2026-03-08,2026-04-02,69.82,69.04,70.1,Single GRU
510155,2026-03-08,2026-04-03,69.64,68.7,70.02,Single GRU
510155,2026-03-08,2026-04-04,69.77,68.92,70.07,Single GRU
510155,2026-03-08,2026-04-05,69.77,68.88,70.06,Single GRU
510155,2026-03-08,2026-04-06,69.79,68.85,70.08,Single GRU
510155,2026-03-08,2026-04-07,69.88,69.04,70.1,Single GRU
510156,2026-03-08,2026-03-09,93.81,93.8,93.83,Single GRU
510156,2026-03-08,2026-03-10,93.84,93.77,93.88,Single GRU
510156,2026-03-08,2026-03-11,93.82,93.77,93.88,Single GRU
510156,2026-03-08,2026-03-12,93.83,93.73,93.92,Single GRU
510156,2026-03-08,2026-03-13,93.83,93.74,93.93,Single GRU
510156,2026-03-08,2026-03-14,93.82,93.7,93.94,Single GRU
510156,2026-03-08,2026-03-15,93.82,93.66,93.96,Single GRU
510156,2026-03-08,2026-03-16,93.8,93.6,93.99,Single GRU
510156,2026-03-08,2026-03-17,93.89,93.54,94.11,Single GRU
510156,2026-03-08,2026-03-18,93.92,93.53,94.18,Single GRU
510156,2026-03-08,2026-03-19,94.0,93.51,94.33,Single GRU
510156,2026-03-08,2026-03-20,93.98,93.62,94.33,Single GRU
510156,2026-03-08,2026-03-21,94.12,93.7,94.44,Single GRU
510156,2026-03-08,2026-03-22,94.2,93.71,94.54,Single GRU
510156,2026-03-08,2026-03-23,94.29,93.74,94.57,Single GRU
510156,2026-03-08,2026-03-24,94.28,93.58,94.69,Single GRU
510156,2026-03-08,2026-03-25,94.46,93.74,94.74,Single GRU
510156,2026-03-08,2026-03-26,94.34,93.69,94.72,Single GRU
510156,2026-03-08,2026-03-27,94.62,93.63,95.01,Single GRU
510156,2026-03-08,2026-03-28,94.36,93.72,94.69,Single GRU
510156,2026-03-08,2026-03-29,94.48,93.52,94.95,Single GRU
510156,2026-03-08,2026-03-30,94.62,93.69,94.92,Single GRU
510156,2026-03-08,2026-03-31,94.21,93.76,94.6,Single GRU
510156,2026-03-08,2026-04-01,94.16,93.56,94.69,Single GRU
510156,2026-03-08,2026-04-02,94.46,93.6,94.84,Single GRU
510156,2026-03-08,2026-04-03,94.43,93.64,94.84,Single GRU
510156,2026-03-08,2026-04-04,94.55,93.62,94.82,Single GRU
510156,2026-03-08,2026-04-05,94.56,93.87,94.88,Single GRU
510156,2026-03-08,2026-04-06,94.15,93.6,94.64,Single GRU
510156,2026-03-08,2026-04-07,94.6,93.74,94.94,Single GRU
510157,2026-03-08,2026-03-09,64.97,64.9,65.02,Single GRU
510157,2026-03-08,2026-03-10,65.02,64.91,65.14,Single GRU
510157,2026-03-08,2026-03-11,65.06,64.93,65.19,Single GRU
510157,2026-03-08,2026-03-12,65.1,64.93,65.26,Single GRU
510157,2026-03-08,2026-03-13,65.15,64.98,65.38,Single GRU
510157,2026-03-08,2026-03-14,65.2,64.97,65.5,Single GRU
510157,2026-03-08,2026-03-15,65.22,64.95,65.54,Single GRU
510157,2026-03-08,2026-03-16,65.29,64.89,65.66,Single GRU
510157,2026-03-08,2026-03-17,65.35,64.87,65.78,Single GRU
510157,2026-03-08,2026-03-18,65.41,65.07,65.99,Single GRU
510157,2026-03-08,2026-03-19,65.67,65.02,66.21,Single GRU
510157,2026-03-08,2026-03-20,65.62,65.02,66.19,Single GRU
510157,2026-03-08,2026-03-21,65.73,65.25,66.3,Single GRU
510157,2026-03-08,2026-03-22,65.83,65.29,66.41,Single GRU
510157,2026-03-08,2026-03-23,66.03,65.55,66.5,Single GRU
510157,2026-03-08,2026-03-24,66.15,65.64,66.62,Single GRU
510157,2026-03-08,2026-03-25,66.17,65.65,66.58,Single GRU
510157,2026-03-08,2026-03-26,66.28,65.76,66.68,Single GRU
510157,2026-03-08,2026-03-27,66.26,65.61,66.66,Single GRU
510157,2026-03-08,2026-03-28,66.41,65.94,66.78,Single GRU
510157,2026-03-08,2026-03-29,66.49,65.99,66.8,Single GRU
510157,2026-03-08,2026-03-30,66.49,66.04,66.8,Single GRU
510157,2026-03-08,2026-03-31,66.54,66.04,66.83,Single GRU
510157,2026-03-08,2026-04-01,66.5,66.0,66.85,Single GRU
510157,2026-03-08,2026-04-02,66.65,66.17,66.89,Single GRU
510157,2026-03-08,2026-04-03,66.51,65.93,66.86,Single GRU
510157,2026-03-08,2026-04-04,66.67,66.22,66.9,Single GRU
510157,2026-03-08,2026-04-05,66.65,66.02,66.89,Single GRU
510157,2026-03-08,2026-04-06,66.64,66.24,66.91,Single GRU
510157,2026-03-08,2026-04-07,66.72,66.13,66.91,Single GRU
510158,2026-03-08,2026-03-09,94.69,94.57,94.83,Single GRU
510158,2026-03-08,2026-03-10,94.81,94.55,95.12,Single GRU
510158,2026-03-08,2026-03-11,94.91,94.58,95.25,Single GRU
510158,2026-03-08,2026-03-12,95.03,94.65,95.4,Single GRU
510158,2026-03-08,2026-03-13,95.1,94.62,95.61,Single GRU
510158,2026-03-08,2026-03-14,95.24,94.65,95.78,Single GRU
510158,2026-03-08,2026-03-15,95.3,94.62,96.01,Single GRU
510158,2026-03-08,2026-03-16,95.41,94.66,96.21,Single GRU
510158,2026-03-08,2026-03-17,95.54,94.53,96.5,Single GRU
510158,2026-03-08,2026-03-18,95.69,94.61,96.87,Single GRU
510158,2026-03-08,2026-03-19,96.07,94.78,97.25,Single GRU
510158,2026-03-08,2026-03-20,96.04,94.65,97.18,Single GRU
510158,2026-03-08,2026-03-21,96.25,95.11,97.54,Single GRU
510158,2026-03-08,2026-03-22,96.66,95.14,97.87,Single GRU
510158,2026-03-08,2026-03-23,96.95,95.8,98.07,Single GRU
510158,2026-03-08,2026-03-24,97.26,95.86,98.23,Single GRU
510158,2026-03-08,2026-03-25,97.27,96.13,98.21,Single GRU
510158,2026-03-08,2026-03-26,97.5,96.3,98.46,Single GRU
510158,2026-03-08,2026-03-27,97.62,95.85,98.56,Single GRU
510158,2026-03-08,2026-03-28,97.83,96.56,98.61,Single GRU
510158,2026-03-08,2026-03-29,98.13,96.52,98.92,Single GRU
510158,2026-03-08,2026-03-30,98.17,96.9,98.79,Single GRU
510158,2026-03-08,2026-03-31,98.33,97.38,98.84,Single GRU
510158,2026-03-08,2026-04-01,98.19,96.83,98.84,Single GRU
510158,2026-03-08,2026-04-02,98.52,97.3,99.06,Single GRU
510158,2026-03-08,2026-04-03,98.22,96.57,98.89,Single GRU
510158,2026-03-08,2026-04-04,98.53,97.41,98.97,Single GRU
510158,2026-03-08,2026-04-05,98.5,97.26,98.96,Single GRU
510158,2026-03-08,2026-04-06,98.53,97.18,99.05,Single GRU
510158,2026-03-08,2026-04-07,98.64,97.52,99.06,Single GRU
510159,2026-03-08,2026-03-09,135.73,135.7,135.75,Single GRU
510159,2026-03-08,2026-03-10,135.67,135.62,135.71,Single GRU
510159,2026-03-08,2026-03-11,135.65,135.58,135.7,Single GRU
510159,2026-03-08,2026-03-12,135.58,135.5,135.66,Single GRU
510159,2026-03-08,2026-03-13,135.6,135.49,135.7,Single GRU
510159,2026-03-08,2026-03-14,135.56,135.43,135.65,Single GRU
510159,2026-03-08,2026-03-15,135.51,135.38,135.64,Single GRU
510159,2026-03-08,2026-03-16,135.46,135.32,135.6,Single GRU
510159,2026-03-08,2026-03-17,135.42,135.25,135.59,Single GRU
510159,2026-03-08,2026-03-18,135.43,135.21,135.61,Single GRU
510159,2026-03-08,2026-03-19,135.45,135.25,135.63,Single GRU
510159,2026-03-08,2026-03-20,135.58,135.27,135.87,Single GRU
510159,2026-03-08,2026-03-21,135.74,135.47,135.93,Single GRU
510159,2026-03-08,2026-03-22,135.69,135.43,135.91,Single GRU
510159,2026-03-08,2026-03-23,135.62,135.32,135.93,Single GRU
510159,2026-03-08,2026-03-24,135.5,135.22,135.82,Single GRU
510159,2026-03-08,2026-03-25,135.79,135.58,135.99,Single GRU
510159,2026-03-08,2026-03-26,135.79,135.51,136.13,Single GRU
510159,2026-03-08,2026-03-27,135.61,135.24,136.07,Single GRU
510159,2026-03-08,2026-03-28,135.61,135.22,136.06,Single GRU
510159,2026-03-08,2026-03-29,135.68,135.41,136.01,Single GRU
510159,2026-03-08,2026-03-30,135.9,135.71,136.12,Single GRU
510159,2026-03-08,2026-03-31,135.79,135.5,136.17,Single GRU
510159,2026-03-08,2026-04-01,135.82,135.58,136.06,Single GRU
510159,2026-03-08,2026-04-02,135.51,135.19,135.88,Single GRU
510159,2026-03-08,2026-04-03,135.82,135.55,136.08,Single GRU
510159,2026-03-08,2026-04-04,135.77,135.64,135.94,Single GRU
510159,2026-03-08,2026-04-05,135.85,135.42,136.13,Single GRU
510159,2026-03-08,2026-04-06,135.78,135.45,136.21,Single GRU
510159,2026-03-08,2026-04-07,135.97,135.74,136.22,Single GRU
510161,2026-03-08,2026-03-09,177.91,177.83,177.96,Single GRU
510161,2026-03-08,2026-03-10,177.73,177.63,177.83,Single GRU
510161,2026-03-08,2026-03-11,177.5,177.34,177.63,Single GRU
510161,2026-03-08,2026-03-12,177.25,177.08,177.44,Single GRU
510161,2026-03-08,2026-03-13,176.99,176.78,177.26,Single GRU
510161,2026-03-08,2026-03-14,176.72,176.47,177.01,Single GRU
510161,2026-03-08,2026-03-15,176.49,176.23,176.82,Single GRU
510161,2026-03-08,2026-03-16,176.33,176.07,176.68,Single GRU
510161,2026-03-08,2026-03-17,176.18,175.95,176.52,Single GRU
510161,2026-03-08,2026-03-18,176.01,175.78,176.36,Single GRU
510161,2026-03-08,2026-03-19,175.88,175.68,176.21,Single GRU
510161,2026-03-08,2026-03-20,175.72,175.51,176.12,Single GRU
510161,2026-03-08,2026-03-21,175.57,175.42,175.92,Single GRU
510161,2026-03-08,2026-03-22,175.49,175.32,175.74,Single GRU
510161,2026-03-08,2026-03-23,175.37,175.27,175.67,Single GRU
510161,2026-03-08,2026-03-24,175.32,175.23,175.46,Single GRU
510161,2026-03-08,2026-03-25,175.27,175.22,175.38,Single GRU
510161,2026-03-08,2026-03-26,175.24,175.2,175.35,Single GRU
510161,2026-03-08,2026-03-27,175.23,175.2,175.32,Single GRU
510161,2026-03-08,2026-03-28,175.22,175.2,175.28,Single GRU
510161,2026-03-08,2026-03-29,175.22,175.2,175.32,Single GRU
510161,2026-03-08,2026-03-30,175.21,175.19,175.25,Single GRU
510161,2026-03-08,2026-03-31,175.2,175.19,175.25,Single GRU
510161,2026-03-08,2026-04-01,175.2,175.19,175.24,Single GRU
510161,2026-03-08,2026-04-02,175.22,175.2,175.3,Single GRU
510161,2026-03-08,2026-04-03,175.2,175.19,175.23,Single GRU
510161,2026-03-08,2026-04-04,175.2,175.19,175.25,Single GRU
510161,2026-03-08,2026-04-05,175.2,175.19,175.24,Single GRU
510161,2026-03-08,2026-04-06,175.2,175.19,175.22,Single GRU
510161,2026-03-08,2026-04-07,175.2,175.19,175.21,Single GRU
510162,2026-03-08,2026-03-09,101.7,101.67,101.71,Single GRU
510162,2026-03-08,2026-03-10,101.67,101.61,101.73,Single GRU
510162,2026-03-08,2026-03-11,101.69,101.61,101.75,Single GRU
510162,2026-03-08,2026-03-12,101.66,101.54,101.76,Single GRU
510162,2026-03-08,2026-03-13,101.71,101.58,101.81,Single GRU
510162,2026-03-08,2026-03-14,101.68,101.52,101.82,Single GRU
510162,2026-03-08,2026-03-15,101.68,101.5,101.82,Single GRU
510162,2026-03-08,2026-03-16,101.65,101.42,101.85,Single GRU
510162,2026-03-08,2026-03-17,101.67,101.35,101.95,Single GRU
510162,2026-03-08,2026-03-18,101.72,101.39,101.98,Single GRU
510162,2026-03-08,2026-03-19,101.77,101.35,102.11,Single GRU
510162,2026-03-08,2026-03-20,101.93,101.58,102.16,Single GRU
510162,2026-03-08,2026-03-21,102.07,101.73,102.33,Single GRU
510162,2026-03-08,2026-03-22,102.1,101.65,102.48,Single GRU
510162,2026-03-08,2026-03-23,102.15,101.84,102.48,Single GRU
510162,2026-03-08,2026-03-24,102.1,101.59,102.56,Single GRU
510162,2026-03-08,2026-03-25,102.3,101.84,102.61,Single GRU
510162,2026-03-08,2026-03-26,102.34,101.89,102.77,Single GRU
510162,2026-03-08,2026-03-27,102.24,101.57,102.85,Single GRU
510162,2026-03-08,2026-03-28,102.31,101.91,102.72,Single GRU
510162,2026-03-08,2026-03-29,102.26,101.54,102.92,Single GRU
510162,2026-03-08,2026-03-30,102.32,101.74,102.84,Single GRU
510162,2026-03-08,2026-03-31,102.31,101.99,102.72,Single GRU
510162,2026-03-08,2026-04-01,102.25,101.67,102.74,Single GRU
510162,2026-03-08,2026-04-02,102.04,101.39,102.69,Single GRU
510162,2026-03-08,2026-04-03,102.26,101.72,102.75,Single GRU
510162,2026-03-08,2026-04-04,102.2,101.7,102.68,Single GRU
510162,2026-03-08,2026-04-05,102.42,102.02,102.92,Single GRU
510162,2026-03-08,2026-04-06,102.31,101.79,102.84,Single GRU
510162,2026-03-08,2026-04-07,102.41,101.86,103.05,Single GRU
510163,2026-03-08,2026-03-09,151.49,151.22,151.77,Single GRU
510163,2026-03-08,2026-03-10,151.58,151.05,152.11,Single GRU
510163,2026-03-08,2026-03-11,151.64,151.06,152.29,Single GRU
510163,2026-03-08,2026-03-12,151.83,150.93,152.58,Single GRU
510163,2026-03-08,2026-03-13,152.0,151.06,152.82,Single GRU
510163,2026-03-08,2026-03-14,152.06,150.96,153.12,Single GRU
510163,2026-03-08,2026-03-15,151.82,150.64,153.32,Single GRU
510163,2026-03-08,2026-03-16,152.23,150.72,153.88,Single GRU
510163,2026-03-08,2026-03-17,152.36,150.44,154.38,Single GRU
510163,2026-03-08,2026-03-18,152.36,150.09,154.77,Single GRU
510163,2026-03-08,2026-03-19,153.17,150.42,155.88,Single GRU
510163,2026-03-08,2026-03-20,152.94,150.44,155.5,Single GRU
510163,2026-03-08,2026-03-21,153.4,151.14,155.96,Single GRU
510163,2026-03-08,2026-03-22,153.85,151.09,156.89,Single GRU
510163,2026-03-08,2026-03-23,154.49,151.8,157.04,Single GRU
510163,2026-03-08,2026-03-24,154.95,152.51,158.11,Single GRU
510163,2026-03-08,2026-03-25,155.07,152.28,157.89,Single GRU
510163,2026-03-08,2026-03-26,155.62,152.15,158.6,Single GRU
510163,2026-03-08,2026-03-27,155.53,151.42,159.02,Single GRU
510163,2026-03-08,2026-03-28,155.86,153.01,158.72,Single GRU
510163,2026-03-08,2026-03-29,156.71,153.38,159.95,Single GRU
510163,2026-03-08,2026-03-30,156.73,153.95,159.76,Single GRU
510163,2026-03-08,2026-03-31,157.05,154.39,159.63,Single GRU
510163,2026-03-08,2026-04-01,156.44,152.96,159.5,Single GRU
510163,2026-03-08,2026-04-02,157.32,153.82,160.21,Single GRU
510163,2026-03-08,2026-04-03,156.1,152.25,159.44,Single GRU
510163,2026-03-08,2026-04-04,157.07,153.83,160.36,Single GRU
510163,2026-03-08,2026-04-05,157.41,154.03,160.16,Single GRU
510163,2026-03-08,2026-04-06,157.42,153.39,160.29,Single GRU
510163,2026-03-08,2026-04-07,158.18,154.44,160.86,Single GRU
527797,2026-03-08,2026-03-09,32.47,32.46,32.48,Single GRU
527797,2026-03-08,2026-03-10,32.46,32.45,32.48,Single GRU
527797,2026-03-08,2026-03-11,32.46,32.45,32.48,Single GRU
527797,2026-03-08,2026-03-12,32.45,32.44,32.48,Single GRU
527797,2026-03-08,2026-03-13,32.46,32.43,32.49,Single GRU
527797,2026-03-08,2026-03-14,32.45,32.42,32.49,Single GRU
527797,2026-03-08,2026-03-15,32.45,32.42,32.5,Single GRU
527797,2026-03-08,2026-03-16,32.44,32.39,32.49,Single GRU
527797,2026-03-08,2026-03-17,32.44,32.39,32.5,Single GRU
527797,2026-03-08,2026-03-18,32.47,32.41,32.53,Single GRU
527797,2026-03-08,2026-03-19,32.46,32.39,32.54,Single GRU
527797,2026-03-08,2026-03-20,32.5,32.42,32.58,Single GRU
527797,2026-03-08,2026-03-21,32.52,32.44,32.6,Single GRU
527797,2026-03-08,2026-03-22,32.53,32.43,32.61,Single GRU
527797,2026-03-08,2026-03-23,32.55,32.44,32.64,Single GRU
527797,2026-03-08,2026-03-24,32.52,32.41,32.63,Single GRU
527797,2026-03-08,2026-03-25,32.56,32.44,32.67,Single GRU
527797,2026-03-08,2026-03-26,32.57,32.45,32.69,Single GRU
527797,2026-03-08,2026-03-27,32.57,32.45,32.69,Single GRU
527797,2026-03-08,2026-03-28,32.59,32.44,32.71,Single GRU
527797,2026-03-08,2026-03-29,32.57,32.43,32.68,Single GRU
527797,2026-03-08,2026-03-30,32.59,32.46,32.73,Single GRU
527797,2026-03-08,2026-03-31,32.59,32.44,32.73,Single GRU
527797,2026-03-08,2026-04-01,32.59,32.45,32.75,Single GRU
527797,2026-03-08,2026-04-02,32.55,32.4,32.74,Single GRU
527797,2026-03-08,2026-04-03,32.62,32.49,32.77,Single GRU
527797,2026-03-08,2026-04-04,32.61,32.45,32.78,Single GRU
527797,2026-03-08,2026-04-05,32.61,32.44,32.78,Single GRU
527797,2026-03-08,2026-04-06,32.64,32.46,32.78,Single GRU
527797,2026-03-08,2026-04-07,32.58,32.42,32.77,Single GRU
527798,2026-03-08,2026-03-09,24.59,24.55,24.63,Single GRU
527798,2026-03-08,2026-03-10,24.65,24.59,24.73,Single GRU
527798,2026-03-08,2026-03-11,24.69,24.59,24.8,Single GRU
527798,2026-03-08,2026-03-12,24.71,24.6,24.84,Single GRU
527798,2026-03-08,2026-03-13,24.76,24.64,24.9,Single GRU
527798,2026-03-08,2026-03-14,24.82,24.66,24.99,Single GRU
527798,2026-03-08,2026-03-15,24.91,24.73,25.09,Single GRU
527798,2026-03-08,2026-03-16,24.95,24.74,25.15,Single GRU
527798,2026-03-08,2026-03-17,25.02,24.81,25.26,Single GRU
527798,2026-03-08,2026-03-18,25.13,24.91,25.37,Single GRU
527798,2026-03-08,2026-03-19,25.19,24.9,25.47,Single GRU
527798,2026-03-08,2026-03-20,25.28,24.99,25.49,Single GRU
527798,2026-03-08,2026-03-21,25.33,25.07,25.57,Single GRU
527798,2026-03-08,2026-03-22,25.42,25.09,25.65,Single GRU
527798,2026-03-08,2026-03-23,25.51,25.26,25.75,Single GRU
527798,2026-03-08,2026-03-24,25.53,25.26,25.78,Single GRU
527798,2026-03-08,2026-03-25,25.63,25.29,25.82,Single GRU
527798,2026-03-08,2026-03-26,25.66,25.31,25.83,Single GRU
527798,2026-03-08,2026-03-27,25.71,25.47,25.88,Single GRU
527798,2026-03-08,2026-03-28,25.71,25.44,25.88,Single GRU
527798,2026-03-08,2026-03-29,25.78,25.48,25.92,Single GRU
527798,2026-03-08,2026-03-30,25.79,25.49,25.92,Single GRU
527798,2026-03-08,2026-03-31,25.8,25.5,25.93,Single GRU
527798,2026-03-08,2026-04-01,25.84,25.55,25.95,Single GRU
527798,2026-03-08,2026-04-02,25.86,25.6,25.97,Single GRU
527798,2026-03-08,2026-04-03,25.87,25.67,25.96,Single GRU
527798,2026-03-08,2026-04-04,25.88,25.67,25.97,Single GRU
527798,2026-03-08,2026-04-05,25.89,25.64,25.97,Single GRU
527798,2026-03-08,2026-04-06,25.91,25.68,25.98,Single GRU
527798,2026-03-08,2026-04-07,25.92,25.65,25.98,Single GRU
527799,2026-03-08,2026-03-09,68.17,68.13,68.19,Single GRU
527799,2026-03-08,2026-03-10,68.13,68.08,68.16,Single GRU
527799,2026-03-08,2026-03-11,68.09,68.01,68.14,Single GRU
527799,2026-03-08,2026-03-12,68.02,67.91,68.09,Single GRU
527799,2026-03-08,2026-03-13,67.96,67.81,68.07,Single GRU
527799,2026-03-08,2026-03-14,67.91,67.73,68.03,Single GRU
527799,2026-03-08,2026-03-15,67.86,67.65,68.01,Single GRU
527799,2026-03-08,2026-03-16,67.81,67.59,67.96,Single GRU
527799,2026-03-08,2026-03-17,67.78,67.53,67.95,Single GRU
527799,2026-03-08,2026-03-18,67.74,67.45,67.95,Single GRU
527799,2026-03-08,2026-03-19,67.67,67.38,67.92,Single GRU
527799,2026-03-08,2026-03-20,67.6,67.28,67.86,Single GRU
527799,2026-03-08,2026-03-21,67.49,67.14,67.86,Single GRU
527799,2026-03-08,2026-03-22,67.43,67.05,67.79,Single GRU
527799,2026-03-08,2026-03-23,67.27,67.01,67.65,Single GRU
527799,2026-03-08,2026-03-24,67.16,66.95,67.56,Single GRU
527799,2026-03-08,2026-03-25,67.07,66.93,67.47,Single GRU
527799,2026-03-08,2026-03-26,67.04,66.92,67.41,Single GRU
527799,2026-03-08,2026-03-27,66.98,66.92,67.31,Single GRU
527799,2026-03-08,2026-03-28,66.97,66.92,67.25,Single GRU
527799,2026-03-08,2026-03-29,66.97,66.92,67.25,Single GRU
527799,2026-03-08,2026-03-30,66.93,66.91,67.11,Single GRU
527799,2026-03-08,2026-03-31,66.94,66.91,67.12,Single GRU
527799,2026-03-08,2026-04-01,66.93,66.91,67.08,Single GRU
527799,2026-03-08,2026-04-02,66.93,66.91,67.06,Single GRU
527799,2026-03-08,2026-04-03,66.92,66.91,67.04,Single GRU
527799,2026-03-08,2026-04-04,66.92,66.91,67.04,Single GRU
527799,2026-03-08,2026-04-05,66.92,66.91,67.05,Single GRU
527799,2026-03-08,2026-04-06,66.92,66.91,67.02,Single GRU
527799,2026-03-08,2026-04-07,66.92,66.91,67.01,Single GRU
527800,2026-03-08,2026-03-09,35.27,35.24,35.31,Single GRU
527800,2026-03-08,2026-03-10,35.33,35.27,35.4,Single GRU
527800,2026-03-08,2026-03-11,35.35,35.3,35.44,Single GRU
527800,2026-03-08,2026-03-12,35.39,35.3,35.51,Single GRU
527800,2026-03-08,2026-03-13,35.45,35.35,35.56,Single GRU
527800,2026-03-08,2026-03-14,35.51,35.39,35.66,Single GRU
527800,2026-03-08,2026-03-15,35.58,35.42,35.73,Single GRU
527800,2026-03-08,2026-03-16,35.6,35.43,35.78,Single GRU
527800,2026-03-08,2026-03-17,35.71,35.48,35.89,Single GRU
527800,2026-03-08,2026-03-18,35.85,35.62,36.05,Single GRU
527800,2026-03-08,2026-03-19,35.89,35.66,36.16,Single GRU
527800,2026-03-08,2026-03-20,35.92,35.72,36.15,Single GRU
527800,2026-03-08,2026-03-21,36.02,35.79,36.2,Single GRU
527800,2026-03-08,2026-03-22,36.06,35.86,36.3,Single GRU
527800,2026-03-08,2026-03-23,36.2,35.89,36.36,Single GRU
527800,2026-03-08,2026-03-24,36.26,35.96,36.42,Single GRU
527800,2026-03-08,2026-03-25,36.25,36.01,36.45,Single GRU
527800,2026-03-08,2026-03-26,36.3,36.09,36.48,Single GRU
527800,2026-03-08,2026-03-27,36.39,36.1,36.54,Single GRU
527800,2026-03-08,2026-03-28,36.4,36.19,36.56,Single GRU
527800,2026-03-08,2026-03-29,36.44,36.17,36.58,Single GRU
527800,2026-03-08,2026-03-30,36.47,36.21,36.59,Single GRU
527800,2026-03-08,2026-03-31,36.48,36.24,36.6,Single GRU
527800,2026-03-08,2026-04-01,36.48,36.25,36.61,Single GRU
527800,2026-03-08,2026-04-02,36.51,36.28,36.63,Single GRU
527800,2026-03-08,2026-04-03,36.54,36.32,36.64,Single GRU
527800,2026-03-08,2026-04-04,36.55,36.34,36.64,Single GRU
527800,2026-03-08,2026-04-05,36.55,36.33,36.65,Single GRU
527800,2026-03-08,2026-04-06,36.56,36.4,36.65,Single GRU
527800,2026-03-08,2026-04-07,36.57,36.38,36.65,Single GRU
527802,2026-03-08,2026-03-09,148.22,147.95,148.46,Single GRU
527802,2026-03-08,2026-03-10,148.63,148.19,149.08,Single GRU
527802,2026-03-08,2026-03-11,148.92,148.32,149.49,Single GRU
527802,2026-03-08,2026-03-12,149.02,148.36,149.81,Single GRU
527802,2026-03-08,2026-03-13,149.5,148.4,150.26,Single GRU
527802,2026-03-08,2026-03-14,149.92,148.53,150.93,Single GRU
527802,2026-03-08,2026-03-15,150.4,148.87,151.58,Single GRU
527802,2026-03-08,2026-03-16,150.87,148.93,152.17,Single GRU
527802,2026-03-08,2026-03-17,151.27,149.1,152.86,Single GRU
527802,2026-03-08,2026-03-18,152.18,149.88,153.73,Single GRU
527802,2026-03-08,2026-03-19,152.96,149.86,154.79,Single GRU
527802,2026-03-08,2026-03-20,153.54,150.65,154.74,Single GRU
527802,2026-03-08,2026-03-21,153.79,150.85,155.19,Single GRU
527802,2026-03-08,2026-03-22,154.44,151.21,155.71,Single GRU
527802,2026-03-08,2026-03-23,154.92,152.51,156.54,Single GRU
527802,2026-03-08,2026-03-24,155.52,152.65,156.93,Single GRU
527802,2026-03-08,2026-03-25,156.01,153.11,157.18,Single GRU
527802,2026-03-08,2026-03-26,156.2,153.15,157.53,Single GRU
527802,2026-03-08,2026-03-27,156.48,154.07,157.71,Single GRU
527802,2026-03-08,2026-03-28,156.85,153.83,157.95,Single GRU
527802,2026-03-08,2026-03-29,157.07,154.65,157.99,Single GRU
527802,2026-03-08,2026-03-30,157.37,155.15,158.25,Single GRU
527802,2026-03-08,2026-03-31,157.49,154.92,158.4,Single GRU
527802,2026-03-08,2026-04-01,157.63,155.2,158.37,Single GRU
527802,2026-03-08,2026-04-02,158.0,155.19,158.57,Single GRU
527802,2026-03-08,2026-04-03,158.0,155.81,158.53,Single GRU
527802,2026-03-08,2026-04-04,158.15,155.57,158.67,Single GRU
527802,2026-03-08,2026-04-05,158.13,156.15,158.72,Single GRU
527802,2026-03-08,2026-04-06,158.25,156.26,158.65,Single GRU
527802,2026-03-08,2026-04-07,158.32,156.51,158.71,Single GRU
528107,2026-03-08,2026-03-09,26.41,26.38,26.45,Single GRU
528107,2026-03-08,2026-03-10,26.45,26.4,26.52,Single GRU
528107,2026-03-08,2026-03-11,26.48,26.39,26.56,Single GRU
528107,2026-03-08,2026-03-12,26.48,26.37,26.61,Single GRU
528107,2026-03-08,2026-03-13,26.5,26.38,26.62,Single GRU
528107,2026-03-08,2026-03-14,26.56,26.39,26.71,Single GRU
528107,2026-03-08,2026-03-15,26.62,26.43,26.78,Single GRU
528107,2026-03-08,2026-03-16,26.57,26.34,26.83,Single GRU
528107,2026-03-08,2026-03-17,26.65,26.38,26.93,Single GRU
528107,2026-03-08,2026-03-18,26.83,26.53,27.08,Single GRU
528107,2026-03-08,2026-03-19,26.85,26.46,27.15,Single GRU
528107,2026-03-08,2026-03-20,26.87,26.61,27.25,Single GRU
528107,2026-03-08,2026-03-21,27.0,26.63,27.25,Single GRU
528107,2026-03-08,2026-03-22,27.1,26.69,27.36,Single GRU
528107,2026-03-08,2026-03-23,27.18,26.79,27.5,Single GRU
528107,2026-03-08,2026-03-24,27.24,26.75,27.52,Single GRU
528107,2026-03-08,2026-03-25,27.29,26.88,27.59,Single GRU
528107,2026-03-08,2026-03-26,27.32,26.91,27.64,Single GRU
528107,2026-03-08,2026-03-27,27.42,26.9,27.67,Single GRU
528107,2026-03-08,2026-03-28,27.46,27.0,27.74,Single GRU
528107,2026-03-08,2026-03-29,27.55,27.15,27.74,Single GRU
528107,2026-03-08,2026-03-30,27.62,27.21,27.79,Single GRU
528107,2026-03-08,2026-03-31,27.58,27.17,27.8,Single GRU
528107,2026-03-08,2026-04-01,27.62,27.22,27.81,Single GRU
528107,2026-03-08,2026-04-02,27.65,27.19,27.83,Single GRU
528107,2026-03-08,2026-04-03,27.72,27.36,27.84,Single GRU
528107,2026-03-08,2026-04-04,27.75,27.44,27.86,Single GRU
528107,2026-03-08,2026-04-05,27.75,27.26,27.87,Single GRU
528107,2026-03-08,2026-04-06,27.77,27.39,27.87,Single GRU
528107,2026-03-08,2026-04-07,27.75,27.32,27.86,Single GRU
528108,2026-03-08,2026-03-09,24.68,24.66,24.71,Single GRU
528108,2026-03-08,2026-03-10,24.62,24.59,24.67,Single GRU
528108,2026-03-08,2026-03-11,24.57,24.51,24.65,Single GRU
528108,2026-03-08,2026-03-12,24.51,24.46,24.61,Single GRU
528108,2026-03-08,2026-03-13,24.46,24.36,24.56,Single GRU
528108,2026-03-08,2026-03-14,24.37,24.25,24.51,Single GRU
528108,2026-03-08,2026-03-15,24.3,24.19,24.48,Single GRU
528108,2026-03-08,2026-03-16,24.3,24.18,24.49,Single GRU
528108,2026-03-08,2026-03-17,24.22,24.1,24.4,Single GRU
528108,2026-03-08,2026-03-18,24.18,24.05,24.39,Single GRU
528108,2026-03-08,2026-03-19,24.18,24.01,24.42,Single GRU
528108,2026-03-08,2026-03-20,24.13,23.91,24.38,Single GRU
528108,2026-03-08,2026-03-21,24.13,23.92,24.34,Single GRU
528108,2026-03-08,2026-03-22,24.05,23.9,24.32,Single GRU
528108,2026-03-08,2026-03-23,24.09,23.91,24.35,Single GRU
528108,2026-03-08,2026-03-24,24.02,23.87,24.29,Single GRU
528108,2026-03-08,2026-03-25,23.99,23.84,24.28,Single GRU
528108,2026-03-08,2026-03-26,24.04,23.85,24.32,Single GRU
528108,2026-03-08,2026-03-27,24.05,23.84,24.34,Single GRU
528108,2026-03-08,2026-03-28,23.95,23.8,24.3,Single GRU
528108,2026-03-08,2026-03-29,23.99,23.83,24.27,Single GRU
528108,2026-03-08,2026-03-30,23.99,23.83,24.31,Single GRU
528108,2026-03-08,2026-03-31,23.97,23.79,24.3,Single GRU
528108,2026-03-08,2026-04-01,23.95,23.78,24.28,Single GRU
528108,2026-03-08,2026-04-02,23.96,23.76,24.22,Single GRU
528108,2026-03-08,2026-04-03,23.97,23.81,24.22,Single GRU
528108,2026-03-08,2026-04-04,24.01,23.82,24.32,Single GRU
528108,2026-03-08,2026-04-05,24.0,23.81,24.38,Single GRU
528108,2026-03-08,2026-04-06,23.96,23.78,24.31,Single GRU
528108,2026-03-08,2026-04-07,23.96,23.8,24.27,Single GRU
528109,2026-03-08,2026-03-09,26.6,26.38,26.71,Single GRU
528109,2026-03-08,2026-03-10,26.88,26.62,27.13,Single GRU
528109,2026-03-08,2026-03-11,27.06,26.71,27.43,Single GRU
528109,2026-03-08,2026-03-12,27.22,26.86,27.58,Single GRU
528109,2026-03-08,2026-03-13,27.41,27.02,27.84,Single GRU
528109,2026-03-08,2026-03-14,27.64,27.22,28.2,Single GRU
528109,2026-03-08,2026-03-15,28.02,27.45,28.44,Single GRU
528109,2026-03-08,2026-03-16,28.12,27.42,28.58,Single GRU
528109,2026-03-08,2026-03-17,28.42,27.75,28.88,Single GRU
528109,2026-03-08,2026-03-18,28.75,28.09,29.08,Single GRU
528109,2026-03-08,2026-03-19,28.9,28.2,29.22,Single GRU
528109,2026-03-08,2026-03-20,28.97,28.29,29.26,Single GRU
528109,2026-03-08,2026-03-21,29.06,28.44,29.3,Single GRU
528109,2026-03-08,2026-03-22,29.22,28.66,29.37,Single GRU
528109,2026-03-08,2026-03-23,29.29,28.87,29.42,Single GRU
528109,2026-03-08,2026-03-24,29.33,28.86,29.45,Single GRU
528109,2026-03-08,2026-03-25,29.37,29.02,29.46,Single GRU
528109,2026-03-08,2026-03-26,29.4,29.08,29.46,Single GRU
528109,2026-03-08,2026-03-27,29.4,29.03,29.48,Single GRU
528109,2026-03-08,2026-03-28,29.44,29.15,29.48,Single GRU
528109,2026-03-08,2026-03-29,29.46,29.28,29.49,Single GRU
528109,2026-03-08,2026-03-30,29.45,29.25,29.49,Single GRU
528109,2026-03-08,2026-03-31,29.45,29.24,29.49,Single GRU
528109,2026-03-08,2026-04-01,29.48,29.33,29.49,Single GRU
528109,2026-03-08,2026-04-02,29.48,29.39,29.49,Single GRU
528109,2026-03-08,2026-04-03,29.48,29.37,29.49,Single GRU
528109,2026-03-08,2026-04-04,29.48,29.4,29.49,Single GRU
528109,2026-03-08,2026-04-05,29.48,29.31,29.49,Single GRU
528109,2026-03-08,2026-04-06,29.49,29.43,29.49,Single GRU
528109,2026-03-08,2026-04-07,29.48,29.4,29.49,Single GRU
528110,2026-03-08,2026-03-09,45.15,45.14,45.16,Single GRU
528110,2026-03-08,2026-03-10,45.17,45.15,45.2,Single GRU
528110,2026-03-08,2026-03-11,45.19,45.16,45.22,Single GRU
528110,2026-03-08,2026-03-12,45.19,45.15,45.23,Single GRU
528110,2026-03-08,2026-03-13,45.21,45.16,45.26,Single GRU
528110,2026-03-08,2026-03-14,45.23,45.17,45.29,Single GRU
528110,2026-03-08,2026-03-15,45.25,45.19,45.32,Single GRU
528110,2026-03-08,2026-03-16,45.26,45.19,45.34,Single GRU
528110,2026-03-08,2026-03-17,45.29,45.21,45.36,Single GRU
528110,2026-03-08,2026-03-18,45.33,45.24,45.41,Single GRU
528110,2026-03-08,2026-03-19,45.35,45.25,45.43,Single GRU
528110,2026-03-08,2026-03-20,45.37,45.27,45.44,Single GRU
528110,2026-03-08,2026-03-21,45.38,45.29,45.45,Single GRU
528110,2026-03-08,2026-03-22,45.4,45.3,45.46,Single GRU
528110,2026-03-08,2026-03-23,45.43,45.35,45.47,Single GRU
528110,2026-03-08,2026-03-24,45.44,45.34,45.48,Single GRU
528110,2026-03-08,2026-03-25,45.45,45.37,45.48,Single GRU
528110,2026-03-08,2026-03-26,45.46,45.38,45.49,Single GRU
528110,2026-03-08,2026-03-27,45.46,45.39,45.49,Single GRU
528110,2026-03-08,2026-03-28,45.47,45.39,45.49,Single GRU
528110,2026-03-08,2026-03-29,45.48,45.42,45.49,Single GRU
528110,2026-03-08,2026-03-30,45.48,45.43,45.49,Single GRU
528110,2026-03-08,2026-03-31,45.48,45.43,45.5,Single GRU
528110,2026-03-08,2026-04-01,45.49,45.45,45.49,Single GRU
528110,2026-03-08,2026-04-02,45.49,45.45,45.5,Single GRU
528110,2026-03-08,2026-04-03,45.49,45.46,45.5,Single GRU
528110,2026-03-08,2026-04-04,45.49,45.46,45.5,Single GRU
528110,2026-03-08,2026-04-05,45.49,45.46,45.5,Single GRU
528110,2026-03-08,2026-04-06,45.49,45.47,45.5,Single GRU
528110,2026-03-08,2026-04-07,45.49,45.46,45.5,Single GRU
528111,2026-03-08,2026-03-09,91.96,91.83,92.07,Single GRU
528111,2026-03-08,2026-03-10,91.63,91.39,91.83,Single GRU
528111,2026-03-08,2026-03-11,91.36,91.05,91.72,Single GRU
528111,2026-03-08,2026-03-12,91.11,90.73,91.5,Single GRU
528111,2026-03-08,2026-03-13,90.82,90.26,91.41,Single GRU
528111,2026-03-08,2026-03-14,90.33,89.7,91.06,Single GRU
528111,2026-03-08,2026-03-15,90.02,89.29,90.92,Single GRU
528111,2026-03-08,2026-03-16,90.05,89.3,90.94,Single GRU
528111,2026-03-08,2026-03-17,89.64,88.8,90.72,Single GRU
528111,2026-03-08,2026-03-18,89.44,88.42,90.66,Single GRU
528111,2026-03-08,2026-03-19,89.22,88.41,90.75,Single GRU
528111,2026-03-08,2026-03-20,89.0,87.94,90.59,Single GRU
528111,2026-03-08,2026-03-21,88.9,87.99,90.57,Single GRU
528111,2026-03-08,2026-03-22,88.77,87.71,90.53,Single GRU
528111,2026-03-08,2026-03-23,89.28,88.16,90.41,Single GRU
528111,2026-03-08,2026-03-24,88.85,87.65,90.36,Single GRU
528111,2026-03-08,2026-03-25,88.55,87.61,90.31,Single GRU
528111,2026-03-08,2026-03-26,88.78,87.67,90.07,Single GRU
528111,2026-03-08,2026-03-27,89.26,88.08,90.95,Single GRU
528111,2026-03-08,2026-03-28,88.67,87.49,90.1,Single GRU
528111,2026-03-08,2026-03-29,88.43,87.43,89.73,Single GRU
528111,2026-03-08,2026-03-30,88.69,87.66,89.74,Single GRU
528111,2026-03-08,2026-03-31,88.31,87.32,89.85,Single GRU
528111,2026-03-08,2026-04-01,88.11,87.12,89.74,Single GRU
528111,2026-03-08,2026-04-02,88.45,87.48,89.88,Single GRU
528111,2026-03-08,2026-04-03,88.72,87.75,90.11,Single GRU
528111,2026-03-08,2026-04-04,88.62,87.79,89.77,Single GRU
528111,2026-03-08,2026-04-05,88.76,87.64,90.2,Single GRU
528111,2026-03-08,2026-04-06,88.52,87.5,89.79,Single GRU
528111,2026-03-08,2026-04-07,88.27,87.05,89.84,Single GRU
528112,2026-03-08,2026-03-09,34.69,34.63,34.75,Single GRU
528112,2026-03-08,2026-03-10,34.82,34.71,34.89,Single GRU
528112,2026-03-08,2026-03-11,34.88,34.73,34.98,Single GRU
528112,2026-03-08,2026-03-12,34.93,34.78,35.07,Single GRU
528112,2026-03-08,2026-03-13,34.99,34.79,35.14,Single GRU
528112,2026-03-08,2026-03-14,35.09,34.86,35.27,Single GRU
528112,2026-03-08,2026-03-15,35.18,34.94,35.33,Single GRU
528112,2026-03-08,2026-03-16,35.23,34.96,35.4,Single GRU
528112,2026-03-08,2026-03-17,35.33,35.05,35.5,Single GRU
528112,2026-03-08,2026-03-18,35.44,35.16,35.58,Single GRU
528112,2026-03-08,2026-03-19,35.51,35.14,35.63,Single GRU
528112,2026-03-08,2026-03-20,35.51,35.21,35.65,Single GRU
528112,2026-03-08,2026-03-21,35.55,35.33,35.67,Single GRU
528112,2026-03-08,2026-03-22,35.6,35.36,35.7,Single GRU
528112,2026-03-08,2026-03-23,35.66,35.46,35.71,Single GRU
528112,2026-03-08,2026-03-24,35.68,35.47,35.72,Single GRU
528112,2026-03-08,2026-03-25,35.68,35.52,35.73,Single GRU
528112,2026-03-08,2026-03-26,35.7,35.49,35.73,Single GRU
528112,2026-03-08,2026-03-27,35.71,35.6,35.74,Single GRU
528112,2026-03-08,2026-03-28,35.72,35.59,35.74,Single GRU
528112,2026-03-08,2026-03-29,35.73,35.64,35.74,Single GRU
528112,2026-03-08,2026-03-30,35.73,35.64,35.74,Single GRU
528112,2026-03-08,2026-03-31,35.73,35.61,35.74,Single GRU
528112,2026-03-08,2026-04-01,35.73,35.67,35.74,Single GRU
528112,2026-03-08,2026-04-02,35.74,35.68,35.74,Single GRU
528112,2026-03-08,2026-04-03,35.74,35.68,35.74,Single GRU
528112,2026-03-08,2026-04-04,35.74,35.69,35.74,Single GRU
528112,2026-03-08,2026-04-05,35.74,35.65,35.74,Single GRU
528112,2026-03-08,2026-04-06,35.74,35.7,35.74,Single GRU
528112,2026-03-08,2026-04-07,35.74,35.69,35.74,Single GRU
528113,2026-03-08,2026-03-09,32.35,32.33,32.39,Single GRU
528113,2026-03-08,2026-03-10,32.27,32.22,32.33,Single GRU
528113,2026-03-08,2026-03-11,32.21,32.12,32.29,Single GRU
528113,2026-03-08,2026-03-12,32.14,32.04,32.25,Single GRU
528113,2026-03-08,2026-03-13,32.08,31.93,32.25,Single GRU
528113,2026-03-08,2026-03-14,31.95,31.76,32.16,Single GRU
528113,2026-03-08,2026-03-15,31.87,31.66,32.13,Single GRU
528113,2026-03-08,2026-03-16,31.89,31.71,32.12,Single GRU
528113,2026-03-08,2026-03-17,31.77,31.55,32.07,Single GRU
528113,2026-03-08,2026-03-18,31.72,31.49,32.07,Single GRU
528113,2026-03-08,2026-03-19,31.76,31.49,32.07,Single GRU
528113,2026-03-08,2026-03-20,31.62,31.33,32.04,Single GRU
528113,2026-03-08,2026-03-21,31.61,31.33,32.01,Single GRU
528113,2026-03-08,2026-03-22,31.6,31.3,32.08,Single GRU
528113,2026-03-08,2026-03-23,31.65,31.38,32.06,Single GRU
528113,2026-03-08,2026-03-24,31.56,31.31,32.07,Single GRU
528113,2026-03-08,2026-03-25,31.6,31.3,32.03,Single GRU
528113,2026-03-08,2026-03-26,31.54,31.23,31.97,Single GRU
528113,2026-03-08,2026-03-27,31.72,31.39,32.15,Single GRU
528113,2026-03-08,2026-03-28,31.5,31.2,32.04,Single GRU
528113,2026-03-08,2026-03-29,31.5,31.24,31.89,Single GRU
528113,2026-03-08,2026-03-30,31.58,31.32,31.89,Single GRU
528113,2026-03-08,2026-03-31,31.52,31.18,31.99,Single GRU
528113,2026-03-08,2026-04-01,31.42,31.15,31.89,Single GRU
528113,2026-03-08,2026-04-02,31.54,31.24,31.96,Single GRU
528113,2026-03-08,2026-04-03,31.61,31.33,32.06,Single GRU
528113,2026-03-08,2026-04-04,31.63,31.31,32.01,Single GRU
528113,2026-03-08,2026-04-05,31.56,31.28,32.09,Single GRU
528113,2026-03-08,2026-04-06,31.49,31.22,31.92,Single GRU
528113,2026-03-08,2026-04-07,31.47,31.22,31.9,Single GRU
539156,2026-03-08,2026-03-09,50.33,50.29,50.38,Single GRU
539156,2026-03-08,2026-03-10,50.22,50.16,50.29,Single GRU
539156,2026-03-08,2026-03-11,50.09,50.0,50.2,Single GRU
539156,2026-03-08,2026-03-12,49.93,49.82,50.07,Single GRU
539156,2026-03-08,2026-03-13,49.78,49.63,49.95,Single GRU
539156,2026-03-08,2026-03-14,49.61,49.45,49.84,Single GRU
539156,2026-03-08,2026-03-15,49.48,49.3,49.73,Single GRU
539156,2026-03-08,2026-03-16,49.36,49.16,49.64,Single GRU
539156,2026-03-08,2026-03-17,49.27,49.06,49.53,Single GRU
539156,2026-03-08,2026-03-18,49.16,48.91,49.46,Single GRU
539156,2026-03-08,2026-03-19,49.04,48.85,49.34,Single GRU
539156,2026-03-08,2026-03-20,48.92,48.68,49.3,Single GRU
539156,2026-03-08,2026-03-21,48.8,48.62,49.27,Single GRU
539156,2026-03-08,2026-03-22,48.66,48.52,48.97,Single GRU
539156,2026-03-08,2026-03-23,48.58,48.44,48.87,Single GRU
539156,2026-03-08,2026-03-24,48.46,48.36,48.71,Single GRU
539156,2026-03-08,2026-03-25,48.42,48.34,48.59,Single GRU
539156,2026-03-08,2026-03-26,48.36,48.31,48.56,Single GRU
539156,2026-03-08,2026-03-27,48.36,48.3,48.49,Single GRU
539156,2026-03-08,2026-03-28,48.34,48.3,48.48,Single GRU
539156,2026-03-08,2026-03-29,48.35,48.3,48.46,Single GRU
539156,2026-03-08,2026-03-30,48.32,48.29,48.42,Single GRU
539156,2026-03-08,2026-03-31,48.3,48.29,48.39,Single GRU
539156,2026-03-08,2026-04-01,48.32,48.29,48.46,Single GRU
539156,2026-03-08,2026-04-02,48.34,48.29,48.46,Single GRU
539156,2026-03-08,2026-04-03,48.3,48.28,48.38,Single GRU
539156,2026-03-08,2026-04-04,48.3,48.29,48.37,Single GRU
539156,2026-03-08,2026-04-05,48.3,48.28,48.37,Single GRU
539156,2026-03-08,2026-04-06,48.3,48.28,48.35,Single GRU
539156,2026-03-08,2026-04-07,48.3,48.28,48.35,Single GRU
539157,2026-03-08,2026-03-09,20.34,20.33,20.34,Single GRU
539157,2026-03-08,2026-03-10,20.33,20.32,20.34,Single GRU
539157,2026-03-08,2026-03-11,20.33,20.32,20.35,Single GRU
539157,2026-03-08,2026-03-12,20.32,20.3,20.34,Single GRU
539157,2026-03-08,2026-03-13,20.32,20.3,20.35,Single GRU
539157,2026-03-08,2026-03-14,20.32,20.29,20.35,Single GRU
539157,2026-03-08,2026-03-15,20.32,20.29,20.35,Single GRU
539157,2026-03-08,2026-03-16,20.31,20.27,20.35,Single GRU
539157,2026-03-08,2026-03-17,20.31,20.27,20.36,Single GRU
539157,2026-03-08,2026-03-18,20.32,20.28,20.37,Single GRU
539157,2026-03-08,2026-03-19,20.33,20.27,20.38,Single GRU
539157,2026-03-08,2026-03-20,20.33,20.28,20.4,Single GRU
539157,2026-03-08,2026-03-21,20.36,20.31,20.41,Single GRU
539157,2026-03-08,2026-03-22,20.36,20.3,20.42,Single GRU
539157,2026-03-08,2026-03-23,20.37,20.29,20.44,Single GRU
539157,2026-03-08,2026-03-24,20.35,20.29,20.44,Single GRU
539157,2026-03-08,2026-03-25,20.38,20.33,20.44,Single GRU
539157,2026-03-08,2026-03-26,20.4,20.31,20.46,Single GRU
539157,2026-03-08,2026-03-27,20.39,20.29,20.49,Single GRU
539157,2026-03-08,2026-03-28,20.38,20.29,20.47,Single GRU
539157,2026-03-08,2026-03-29,20.42,20.32,20.51,Single GRU
539157,2026-03-08,2026-03-30,20.47,20.38,20.55,Single GRU
539157,2026-03-08,2026-03-31,20.46,20.33,20.54,Single GRU
539157,2026-03-08,2026-04-01,20.44,20.34,20.53,Single GRU
539157,2026-03-08,2026-04-02,20.41,20.3,20.51,Single GRU
539157,2026-03-08,2026-04-03,20.44,20.34,20.55,Single GRU
539157,2026-03-08,2026-04-04,20.46,20.37,20.56,Single GRU
539157,2026-03-08,2026-04-05,20.46,20.34,20.57,Single GRU
539157,2026-03-08,2026-04-06,20.49,20.36,20.59,Single GRU
539157,2026-03-08,2026-04-07,20.5,20.36,20.6,Single GRU
539158,2026-03-08,2026-03-09,46.03,45.99,46.08,Single GRU
539158,2026-03-08,2026-03-10,46.03,45.95,46.12,Single GRU
539158,2026-03-08,2026-03-11,46.06,45.94,46.16,Single GRU
539158,2026-03-08,2026-03-12,46.03,45.88,46.19,Single GRU
539158,2026-03-08,2026-03-13,46.11,45.92,46.29,Single GRU
539158,2026-03-08,2026-03-14,46.12,45.91,46.37,Single GRU
539158,2026-03-08,2026-03-15,46.18,45.94,46.45,Single GRU
539158,2026-03-08,2026-03-16,46.11,45.8,46.41,Single GRU
539158,2026-03-08,2026-03-17,46.17,45.82,46.51,Single GRU
539158,2026-03-08,2026-03-18,46.32,45.99,46.76,Single GRU
539158,2026-03-08,2026-03-19,46.45,46.02,46.93,Single GRU
539158,2026-03-08,2026-03-20,46.55,46.06,46.96,Single GRU
539158,2026-03-08,2026-03-21,46.82,46.45,47.24,Single GRU
539158,2026-03-08,2026-03-22,46.84,46.28,47.32,Single GRU
539158,2026-03-08,2026-03-23,46.83,46.35,47.45,Single GRU
539158,2026-03-08,2026-03-24,46.82,46.17,47.44,Single GRU
539158,2026-03-08,2026-03-25,46.97,46.6,47.49,Single GRU
539158,2026-03-08,2026-03-26,47.2,46.54,47.82,Single GRU
539158,2026-03-08,2026-03-27,47.04,46.27,47.74,Single GRU
539158,2026-03-08,2026-03-28,47.33,46.55,47.91,Single GRU
539158,2026-03-08,2026-03-29,47.27,46.43,48.08,Single GRU
539158,2026-03-08,2026-03-30,47.56,46.84,48.21,Single GRU
539158,2026-03-08,2026-03-31,47.53,46.86,48.31,Single GRU
539158,2026-03-08,2026-04-01,47.42,46.78,48.14,Single GRU
539158,2026-03-08,2026-04-02,47.29,46.36,48.04,Single GRU
539158,2026-03-08,2026-04-03,47.68,47.06,48.38,Single GRU
539158,2026-03-08,2026-04-04,47.51,46.86,48.28,Single GRU
539158,2026-03-08,2026-04-05,47.82,47.02,48.54,Single GRU
539158,2026-03-08,2026-04-06,47.65,46.81,48.59,Single GRU
539158,2026-03-08,2026-04-07,47.81,46.97,48.63,Single GRU
539159,2026-03-08,2026-03-09,37.38,37.37,37.39,Single GRU
539159,2026-03-08,2026-03-10,37.36,37.35,37.38,Single GRU
539159,2026-03-08,2026-03-11,37.34,37.32,37.36,Single GRU
539159,2026-03-08,2026-03-12,37.31,37.29,37.34,Single GRU
539159,2026-03-08,2026-03-13,37.29,37.26,37.32,Single GRU
539159,2026-03-08,2026-03-14,37.26,37.23,37.3,Single GRU
539159,2026-03-08,2026-03-15,37.24,37.21,37.28,Single GRU
539159,2026-03-08,2026-03-16,37.22,37.19,37.26,Single GRU
539159,2026-03-08,2026-03-17,37.21,37.18,37.25,Single GRU
539159,2026-03-08,2026-03-18,37.19,37.16,37.23,Single GRU
539159,2026-03-08,2026-03-19,37.18,37.15,37.22,Single GRU
539159,2026-03-08,2026-03-20,37.16,37.14,37.21,Single GRU
539159,2026-03-08,2026-03-21,37.15,37.13,37.18,Single GRU
539159,2026-03-08,2026-03-22,37.13,37.13,37.17,Single GRU
539159,2026-03-08,2026-03-23,37.13,37.12,37.14,Single GRU
539159,2026-03-08,2026-03-24,37.12,37.12,37.14,Single GRU
539159,2026-03-08,2026-03-25,37.12,37.12,37.13,Single GRU
539159,2026-03-08,2026-03-26,37.12,37.12,37.13,Single GRU
539159,2026-03-08,2026-03-27,37.12,37.12,37.12,Single GRU
539159,2026-03-08,2026-03-28,37.12,37.12,37.12,Single GRU
539159,2026-03-08,2026-03-29,37.12,37.12,37.12,Single GRU
539159,2026-03-08,2026-03-30,37.12,37.12,37.12,Single GRU
539159,2026-03-08,2026-03-31,37.12,37.12,37.12,Single GRU
539159,2026-03-08,2026-04-01,37.12,37.12,37.12,Single GRU
539159,2026-03-08,2026-04-02,37.12,37.12,37.12,Single GRU
539159,2026-03-08,2026-04-03,37.12,37.12,37.12,Single GRU
539159,2026-03-08,2026-04-04,37.12,37.12,37.12,Single GRU
539159,2026-03-08,2026-04-05,37.12,37.12,37.12,Single GRU
539159,2026-03-08,2026-04-06,37.12,37.12,37.12,Single GRU
539159,2026-03-08,2026-04-07,37.12,37.12,37.12,Single GRU
539162,2026-03-08,2026-03-09,32.09,32.08,32.1,Single GRU
539162,2026-03-08,2026-03-10,32.08,32.07,32.09,Single GRU
539162,2026-03-08,2026-03-11,32.08,32.06,32.09,Single GRU
539162,2026-03-08,2026-03-12,32.07,32.04,32.08,Single GRU
539162,2026-03-08,2026-03-13,32.06,32.02,32.08,Single GRU
539162,2026-03-08,2026-03-14,32.05,32.01,32.07,Single GRU
539162,2026-03-08,2026-03-15,32.04,31.99,32.07,Single GRU
539162,2026-03-08,2026-03-16,32.03,31.97,32.06,Single GRU
539162,2026-03-08,2026-03-17,32.01,31.95,32.05,Single GRU
539162,2026-03-08,2026-03-18,32.01,31.93,32.05,Single GRU
539162,2026-03-08,2026-03-19,31.99,31.91,32.04,Single GRU
539162,2026-03-08,2026-03-20,31.99,31.9,32.05,Single GRU
539162,2026-03-08,2026-03-21,31.97,31.88,32.04,Single GRU
539162,2026-03-08,2026-03-22,31.95,31.85,32.03,Single GRU
539162,2026-03-08,2026-03-23,31.95,31.83,32.02,Single GRU
539162,2026-03-08,2026-03-24,31.9,31.82,31.99,Single GRU
539162,2026-03-08,2026-03-25,31.91,31.81,32.0,Single GRU
539162,2026-03-08,2026-03-26,31.87,31.8,31.96,Single GRU
539162,2026-03-08,2026-03-27,31.86,31.8,31.96,Single GRU
539162,2026-03-08,2026-03-28,31.87,31.8,31.96,Single GRU
539162,2026-03-08,2026-03-29,31.86,31.8,31.94,Single GRU
539162,2026-03-08,2026-03-30,31.84,31.79,31.95,Single GRU
539162,2026-03-08,2026-03-31,31.84,31.79,31.93,Single GRU
539162,2026-03-08,2026-04-01,31.84,31.79,31.93,Single GRU
539162,2026-03-08,2026-04-02,31.86,31.79,31.95,Single GRU
539162,2026-03-08,2026-04-03,31.83,31.79,31.94,Single GRU
539162,2026-03-08,2026-04-04,31.83,31.79,31.92,Single GRU
539162,2026-03-08,2026-04-05,31.83,31.79,31.96,Single GRU
539162,2026-03-08,2026-04-06,31.82,31.79,31.9,Single GRU
539162,2026-03-08,2026-04-07,31.82,31.79,31.91,Single GRU
539163,2026-03-08,2026-03-09,64.71,64.69,64.73,Single GRU
539163,2026-03-08,2026-03-10,64.66,64.63,64.7,Single GRU
539163,2026-03-08,2026-03-11,64.65,64.6,64.7,Single GRU
539163,2026-03-08,2026-03-12,64.58,64.51,64.65,Single GRU
539163,2026-03-08,2026-03-13,64.56,64.48,64.66,Single GRU
539163,2026-03-08,2026-03-14,64.5,64.41,64.62,Single GRU
539163,2026-03-08,2026-03-15,64.46,64.35,64.6,Single GRU
539163,2026-03-08,2026-03-16,64.43,64.31,64.6,Single GRU
539163,2026-03-08,2026-03-17,64.36,64.24,64.52,Single GRU
539163,2026-03-08,2026-03-18,64.36,64.2,64.56,Single GRU
539163,2026-03-08,2026-03-19,64.35,64.2,64.55,Single GRU
539163,2026-03-08,2026-03-20,64.35,64.14,64.63,Single GRU
539163,2026-03-08,2026-03-21,64.39,64.19,64.67,Single GRU
539163,2026-03-08,2026-03-22,64.32,64.1,64.58,Single GRU
539163,2026-03-08,2026-03-23,64.36,64.14,64.65,Single GRU
539163,2026-03-08,2026-03-24,64.29,64.06,64.57,Single GRU
539163,2026-03-08,2026-03-25,64.35,64.12,64.63,Single GRU
539163,2026-03-08,2026-03-26,64.29,64.07,64.57,Single GRU
539163,2026-03-08,2026-03-27,64.28,64.04,64.59,Single GRU
539163,2026-03-08,2026-03-28,64.28,64.01,64.67,Single GRU
539163,2026-03-08,2026-03-29,64.31,64.09,64.55,Single GRU
539163,2026-03-08,2026-03-30,64.45,64.25,64.68,Single GRU
539163,2026-03-08,2026-03-31,64.31,64.09,64.64,Single GRU
539163,2026-03-08,2026-04-01,64.38,64.15,64.64,Single GRU
539163,2026-03-08,2026-04-02,64.37,64.13,64.56,Single GRU
539163,2026-03-08,2026-04-03,64.32,64.05,64.65,Single GRU
539163,2026-03-08,2026-04-04,64.39,64.21,64.59,Single GRU
539163,2026-03-08,2026-04-05,64.33,64.07,64.7,Single GRU
539163,2026-03-08,2026-04-06,64.42,64.21,64.65,Single GRU
539163,2026-03-08,2026-04-07,64.45,64.22,64.66,Single GRU
539164,2026-03-08,2026-03-09,62.71,62.66,62.78,Single GRU
539164,2026-03-08,2026-03-10,62.58,62.5,62.7,Single GRU
539164,2026-03-08,2026-03-11,62.57,62.4,62.73,Single GRU
539164,2026-03-08,2026-03-12,62.37,62.22,62.59,Single GRU
539164,2026-03-08,2026-03-13,62.33,62.12,62.62,Single GRU
539164,2026-03-08,2026-03-14,62.19,61.94,62.52,Single GRU
539164,2026-03-08,2026-03-15,62.1,61.78,62.49,Single GRU
539164,2026-03-08,2026-03-16,62.01,61.67,62.38,Single GRU
539164,2026-03-08,2026-03-17,61.78,61.52,62.25,Single GRU
539164,2026-03-08,2026-03-18,61.76,61.36,62.42,Single GRU
539164,2026-03-08,2026-03-19,61.77,61.35,62.3,Single GRU
539164,2026-03-08,2026-03-20,61.86,61.31,62.58,Single GRU
539164,2026-03-08,2026-03-21,61.99,61.44,62.6,Single GRU
539164,2026-03-08,2026-03-22,61.72,61.28,62.49,Single GRU
539164,2026-03-08,2026-03-23,61.87,61.23,62.71,Single GRU
539164,2026-03-08,2026-03-24,61.68,61.13,62.43,Single GRU
539164,2026-03-08,2026-03-25,61.87,61.34,62.51,Single GRU
539164,2026-03-08,2026-03-26,61.76,61.1,62.72,Single GRU
539164,2026-03-08,2026-03-27,61.71,60.79,62.59,Single GRU
539164,2026-03-08,2026-03-28,61.65,61.01,62.77,Single GRU
539164,2026-03-08,2026-03-29,61.74,61.09,62.45,Single GRU
539164,2026-03-08,2026-03-30,62.16,61.63,62.68,Single GRU
539164,2026-03-08,2026-03-31,61.87,61.09,62.65,Single GRU
539164,2026-03-08,2026-04-01,62.02,61.36,62.59,Single GRU
539164,2026-03-08,2026-04-02,61.81,61.3,62.37,Single GRU
539164,2026-03-08,2026-04-03,61.68,61.08,62.55,Single GRU
539164,2026-03-08,2026-04-04,62.05,61.54,62.55,Single GRU
539164,2026-03-08,2026-04-05,61.93,60.99,62.97,Single GRU
539164,2026-03-08,2026-04-06,62.11,61.54,62.81,Single GRU
539164,2026-03-08,2026-04-07,62.18,61.64,62.74,Single GRU
539165,2026-03-08,2026-03-09,15.19,15.17,15.21,Single GRU
539165,2026-03-08,2026-03-10,15.21,15.17,15.24,Single GRU
539165,2026-03-08,2026-03-11,15.22,15.18,15.26,Single GRU
539165,2026-03-08,2026-03-12,15.24,15.18,15.3,Single GRU
539165,2026-03-08,2026-03-13,15.26,15.2,15.32,Single GRU
539165,2026-03-08,2026-03-14,15.29,15.21,15.37,Single GRU
539165,2026-03-08,2026-03-15,15.3,15.21,15.4,Single GRU
539165,2026-03-08,2026-03-16,15.32,15.22,15.45,Single GRU
539165,2026-03-08,2026-03-17,15.36,15.22,15.51,Single GRU
539165,2026-03-08,2026-03-18,15.39,15.27,15.55,Single GRU
539165,2026-03-08,2026-03-19,15.46,15.3,15.64,Single GRU
539165,2026-03-08,2026-03-20,15.45,15.32,15.6,Single GRU
539165,2026-03-08,2026-03-21,15.49,15.39,15.65,Single GRU
539165,2026-03-08,2026-03-22,15.51,15.37,15.72,Single GRU
539165,2026-03-08,2026-03-23,15.57,15.41,15.73,Single GRU
539165,2026-03-08,2026-03-24,15.62,15.44,15.79,Single GRU
539165,2026-03-08,2026-03-25,15.62,15.47,15.78,Single GRU
539165,2026-03-08,2026-03-26,15.67,15.5,15.86,Single GRU
539165,2026-03-08,2026-03-27,15.71,15.48,15.9,Single GRU
539165,2026-03-08,2026-03-28,15.7,15.54,15.87,Single GRU
539165,2026-03-08,2026-03-29,15.75,15.51,15.97,Single GRU
539165,2026-03-08,2026-03-30,15.78,15.57,15.95,Single GRU
539165,2026-03-08,2026-03-31,15.8,15.59,15.97,Single GRU
539165,2026-03-08,2026-04-01,15.78,15.55,15.95,Single GRU
539165,2026-03-08,2026-04-02,15.79,15.55,15.98,Single GRU
539165,2026-03-08,2026-04-03,15.81,15.59,15.96,Single GRU
539165,2026-03-08,2026-04-04,15.81,15.61,15.99,Single GRU
539165,2026-03-08,2026-04-05,15.86,15.65,16.01,Single GRU
539165,2026-03-08,2026-04-06,15.83,15.62,16.02,Single GRU
539165,2026-03-08,2026-04-07,15.88,15.63,16.03,Single GRU
539166,2026-03-08,2026-03-09,24.84,24.84,24.86,Single GRU
539166,2026-03-08,2026-03-10,24.82,24.8,24.84,Single GRU
539166,2026-03-08,2026-03-11,24.8,24.77,24.83,Single GRU
539166,2026-03-08,2026-03-12,24.76,24.73,24.81,Single GRU
539166,2026-03-08,2026-03-13,24.75,24.7,24.81,Single GRU
539166,2026-03-08,2026-03-14,24.72,24.66,24.78,Single GRU
539166,2026-03-08,2026-03-15,24.68,24.62,24.76,Single GRU
539166,2026-03-08,2026-03-16,24.66,24.58,24.73,Single GRU
539166,2026-03-08,2026-03-17,24.64,24.56,24.72,Single GRU
539166,2026-03-08,2026-03-18,24.62,24.53,24.75,Single GRU
539166,2026-03-08,2026-03-19,24.62,24.51,24.72,Single GRU
539166,2026-03-08,2026-03-20,24.64,24.52,24.8,Single GRU
539166,2026-03-08,2026-03-21,24.68,24.55,24.8,Single GRU
539166,2026-03-08,2026-03-22,24.62,24.48,24.76,Single GRU
539166,2026-03-08,2026-03-23,24.61,24.47,24.8,Single GRU
539166,2026-03-08,2026-03-24,24.57,24.4,24.75,Single GRU
539166,2026-03-08,2026-03-25,24.67,24.5,24.8,Single GRU
539166,2026-03-08,2026-03-26,24.61,24.43,24.8,Single GRU
539166,2026-03-08,2026-03-27,24.59,24.43,24.8,Single GRU
539166,2026-03-08,2026-03-28,24.55,24.42,24.83,Single GRU
539166,2026-03-08,2026-03-29,24.6,24.43,24.77,Single GRU
539166,2026-03-08,2026-03-30,24.76,24.65,24.87,Single GRU
539166,2026-03-08,2026-03-31,24.61,24.44,24.83,Single GRU
539166,2026-03-08,2026-04-01,24.66,24.47,24.81,Single GRU
539166,2026-03-08,2026-04-02,24.6,24.45,24.74,Single GRU
539166,2026-03-08,2026-04-03,24.65,24.5,24.79,Single GRU
539166,2026-03-08,2026-04-04,24.67,24.51,24.82,Single GRU
539166,2026-03-08,2026-04-05,24.64,24.42,24.85,Single GRU
539166,2026-03-08,2026-04-06,24.67,24.54,24.87,Single GRU
539166,2026-03-08,2026-04-07,24.71,24.55,24.84,Single GRU
539167,2026-03-08,2026-03-09,17.18,17.14,17.21,Single GRU
539167,2026-03-08,2026-03-10,17.23,17.17,17.29,Single GRU
539167,2026-03-08,2026-03-11,17.27,17.19,17.34,Single GRU
539167,2026-03-08,2026-03-12,17.3,17.2,17.4,Single GRU
539167,2026-03-08,2026-03-13,17.35,17.23,17.44,Single GRU
539167,2026-03-08,2026-03-14,17.39,17.25,17.51,Single GRU
539167,2026-03-08,2026-03-15,17.44,17.3,17.59,Single GRU
539167,2026-03-08,2026-03-16,17.46,17.29,17.64,Single GRU
539167,2026-03-08,2026-03-17,17.53,17.33,17.72,Single GRU
539167,2026-03-08,2026-03-18,17.59,17.44,17.82,Single GRU
539167,2026-03-08,2026-03-19,17.68,17.47,17.89,Single GRU
539167,2026-03-08,2026-03-20,17.7,17.49,17.88,Single GRU
539167,2026-03-08,2026-03-21,17.74,17.57,17.93,Single GRU
539167,2026-03-08,2026-03-22,17.82,17.61,17.97,Single GRU
539167,2026-03-08,2026-03-23,17.89,17.69,18.02,Single GRU
539167,2026-03-08,2026-03-24,17.91,17.75,18.04,Single GRU
539167,2026-03-08,2026-03-25,17.92,17.76,18.05,Single GRU
539167,2026-03-08,2026-03-26,17.96,17.78,18.07,Single GRU
539167,2026-03-08,2026-03-27,17.98,17.79,18.08,Single GRU
539167,2026-03-08,2026-03-28,18.01,17.85,18.09,Single GRU
539167,2026-03-08,2026-03-29,18.05,17.87,18.1,Single GRU
539167,2026-03-08,2026-03-30,18.04,17.91,18.1,Single GRU
539167,2026-03-08,2026-03-31,18.04,17.92,18.1,Single GRU
539167,2026-03-08,2026-04-01,18.06,17.95,18.11,Single GRU
539167,2026-03-08,2026-04-02,18.08,17.95,18.12,Single GRU
539167,2026-03-08,2026-04-03,18.07,17.96,18.11,Single GRU
539167,2026-03-08,2026-04-04,18.08,18.0,18.12,Single GRU
539167,2026-03-08,2026-04-05,18.08,17.96,18.12,Single GRU
539167,2026-03-08,2026-04-06,18.1,17.99,18.12,Single GRU
539167,2026-03-08,2026-04-07,18.1,17.98,18.12,Single GRU
539168,2026-03-08,2026-03-09,45.6,45.59,45.6,Single GRU
539168,2026-03-08,2026-03-10,45.58,45.57,45.59,Single GRU
539168,2026-03-08,2026-03-11,45.57,45.56,45.59,Single GRU
539168,2026-03-08,2026-03-12,45.56,45.54,45.57,Single GRU
539168,2026-03-08,2026-03-13,45.55,45.52,45.58,Single GRU
539168,2026-03-08,2026-03-14,45.54,45.51,45.56,Single GRU
539168,2026-03-08,2026-03-15,45.52,45.49,45.56,Single GRU
539168,2026-03-08,2026-03-16,45.51,45.47,45.54,Single GRU
539168,2026-03-08,2026-03-17,45.49,45.45,45.53,Single GRU
539168,2026-03-08,2026-03-18,45.49,45.44,45.54,Single GRU
539168,2026-03-08,2026-03-19,45.49,45.44,45.54,Single GRU
539168,2026-03-08,2026-03-20,45.52,45.44,45.59,Single GRU
539168,2026-03-08,2026-03-21,45.55,45.48,45.6,Single GRU
539168,2026-03-08,2026-03-22,45.53,45.46,45.6,Single GRU
539168,2026-03-08,2026-03-23,45.51,45.43,45.59,Single GRU
539168,2026-03-08,2026-03-24,45.5,45.42,45.57,Single GRU
539168,2026-03-08,2026-03-25,45.55,45.49,45.61,Single GRU
539168,2026-03-08,2026-03-26,45.5,45.39,45.59,Single GRU
539168,2026-03-08,2026-03-27,45.51,45.42,45.59,Single GRU
539168,2026-03-08,2026-03-28,45.51,45.41,45.61,Single GRU
539168,2026-03-08,2026-03-29,45.47,45.37,45.55,Single GRU
539168,2026-03-08,2026-03-30,45.52,45.43,45.59,Single GRU
539168,2026-03-08,2026-03-31,45.48,45.36,45.57,Single GRU
539168,2026-03-08,2026-04-01,45.5,45.41,45.6,Single GRU
539168,2026-03-08,2026-04-02,45.42,45.34,45.51,Single GRU
539168,2026-03-08,2026-04-03,45.5,45.4,45.59,Single GRU
539168,2026-03-08,2026-04-04,45.45,45.34,45.54,Single GRU
539168,2026-03-08,2026-04-05,45.48,45.35,45.58,Single GRU
539168,2026-03-08,2026-04-06,45.5,45.37,45.58,Single GRU
539168,2026-03-08,2026-04-07,45.51,45.41,45.6,Single GRU
539169,2026-03-08,2026-03-09,14.34,14.31,14.37,Single GRU
539169,2026-03-08,2026-03-10,14.4,14.34,14.46,Single GRU
539169,2026-03-08,2026-03-11,14.44,14.36,14.51,Single GRU
539169,2026-03-08,2026-03-12,14.49,14.39,14.57,Single GRU
539169,2026-03-08,2026-03-13,14.52,14.41,14.62,Single GRU
539169,2026-03-08,2026-03-14,14.58,14.44,14.69,Single GRU
539169,2026-03-08,2026-03-15,14.65,14.48,14.73,Single GRU
539169,2026-03-08,2026-03-16,14.67,14.5,14.82,Single GRU
539169,2026-03-08,2026-03-17,14.74,14.53,14.89,Single GRU
539169,2026-03-08,2026-03-18,14.82,14.59,14.94,Single GRU
539169,2026-03-08,2026-03-19,14.89,14.66,15.04,Single GRU
539169,2026-03-08,2026-03-20,14.86,14.64,15.02,Single GRU
539169,2026-03-08,2026-03-21,14.94,14.7,15.05,Single GRU
539169,2026-03-08,2026-03-22,14.97,14.77,15.1,Single GRU
539169,2026-03-08,2026-03-23,15.05,14.88,15.12,Single GRU
539169,2026-03-08,2026-03-24,15.06,14.93,15.14,Single GRU
539169,2026-03-08,2026-03-25,15.08,14.91,15.14,Single GRU
539169,2026-03-08,2026-03-26,15.1,14.96,15.15,Single GRU
539169,2026-03-08,2026-03-27,15.11,14.98,15.16,Single GRU
539169,2026-03-08,2026-03-28,15.11,15.03,15.16,Single GRU
539169,2026-03-08,2026-03-29,15.15,15.06,15.17,Single GRU
539169,2026-03-08,2026-03-30,15.15,15.04,15.17,Single GRU
539169,2026-03-08,2026-03-31,15.15,15.08,15.17,Single GRU
539169,2026-03-08,2026-04-01,15.15,15.08,15.17,Single GRU
539169,2026-03-08,2026-04-02,15.16,15.11,15.17,Single GRU
539169,2026-03-08,2026-04-03,15.16,15.08,15.17,Single GRU
539169,2026-03-08,2026-04-04,15.16,15.1,15.17,Single GRU
539169,2026-03-08,2026-04-05,15.16,15.1,15.17,Single GRU
539169,2026-03-08,2026-04-06,15.17,15.11,15.18,Single GRU
539169,2026-03-08,2026-04-07,15.17,15.11,15.18,Single GRU
539171,2026-03-08,2026-03-09,60.99,60.88,61.1,Single GRU
539171,2026-03-08,2026-03-10,60.69,60.5,60.87,Single GRU
539171,2026-03-08,2026-03-11,60.47,60.16,60.78,Single GRU
539171,2026-03-08,2026-03-12,60.16,59.8,60.53,Single GRU
539171,2026-03-08,2026-03-13,59.96,59.45,60.52,Single GRU
539171,2026-03-08,2026-03-14,59.51,58.97,60.24,Single GRU
539171,2026-03-08,2026-03-15,59.24,58.58,60.1,Single GRU
539171,2026-03-08,2026-03-16,59.15,58.4,59.92,Single GRU
539171,2026-03-08,2026-03-17,58.79,58.1,59.67,Single GRU
539171,2026-03-08,2026-03-18,58.57,57.7,59.67,Single GRU
539171,2026-03-08,2026-03-19,58.53,57.56,59.7,Single GRU
539171,2026-03-08,2026-03-20,58.41,57.12,59.9,Single GRU
539171,2026-03-08,2026-03-21,58.38,57.16,59.84,Single GRU
539171,2026-03-08,2026-03-22,58.18,57.18,59.86,Single GRU
539171,2026-03-08,2026-03-23,58.38,57.02,60.17,Single GRU
539171,2026-03-08,2026-03-24,58.04,56.73,59.69,Single GRU
539171,2026-03-08,2026-03-25,58.21,57.09,60.0,Single GRU
539171,2026-03-08,2026-03-26,57.8,56.55,59.33,Single GRU
539171,2026-03-08,2026-03-27,58.34,56.66,59.75,Single GRU
539171,2026-03-08,2026-03-28,57.97,56.27,59.82,Single GRU
539171,2026-03-08,2026-03-29,57.7,56.36,59.22,Single GRU
539171,2026-03-08,2026-03-30,58.07,57.04,59.48,Single GRU
539171,2026-03-08,2026-03-31,57.6,56.07,59.43,Single GRU
539171,2026-03-08,2026-04-01,57.83,56.3,59.37,Single GRU
539171,2026-03-08,2026-04-02,57.54,56.66,59.52,Single GRU
539171,2026-03-08,2026-04-03,57.9,56.6,59.26,Single GRU
539171,2026-03-08,2026-04-04,57.93,56.8,59.34,Single GRU
539171,2026-03-08,2026-04-05,57.86,56.18,59.53,Single GRU
539171,2026-03-08,2026-04-06,57.81,56.76,59.36,Single GRU
539171,2026-03-08,2026-04-07,57.94,56.44,59.69,Single GRU
539173,2026-03-08,2026-03-09,55.95,55.82,56.08,Single GRU
539173,2026-03-08,2026-03-10,56.11,55.89,56.36,Single GRU
539173,2026-03-08,2026-03-11,56.24,55.96,56.55,Single GRU
539173,2026-03-08,2026-03-12,56.37,55.94,56.77,Single GRU
539173,2026-03-08,2026-03-13,56.52,56.11,56.98,Single GRU
539173,2026-03-08,2026-03-14,56.71,56.23,57.27,Single GRU
539173,2026-03-08,2026-03-15,56.99,56.33,57.48,Single GRU
539173,2026-03-08,2026-03-16,57.07,56.36,57.79,Single GRU
539173,2026-03-08,2026-03-17,57.3,56.4,58.11,Single GRU
539173,2026-03-08,2026-03-18,57.66,56.72,58.45,Single GRU
539173,2026-03-08,2026-03-19,58.02,57.07,59.13,Single GRU
539173,2026-03-08,2026-03-20,58.13,57.22,59.03,Single GRU
539173,2026-03-08,2026-03-21,58.4,57.63,59.39,Single GRU
539173,2026-03-08,2026-03-22,58.68,57.68,59.67,Single GRU
539173,2026-03-08,2026-03-23,59.07,57.85,60.08,Single GRU
539173,2026-03-08,2026-03-24,59.24,58.18,60.25,Single GRU
539173,2026-03-08,2026-03-25,59.34,58.32,60.3,Single GRU
539173,2026-03-08,2026-03-26,59.84,58.65,60.73,Single GRU
539173,2026-03-08,2026-03-27,59.85,58.21,60.73,Single GRU
539173,2026-03-08,2026-03-28,59.99,58.93,60.83,Single GRU
539173,2026-03-08,2026-03-29,60.37,58.88,61.23,Single GRU
539173,2026-03-08,2026-03-30,60.25,59.09,61.15,Single GRU
539173,2026-03-08,2026-03-31,60.36,59.38,61.32,Single GRU
539173,2026-03-08,2026-04-01,60.52,59.26,61.33,Single GRU
539173,2026-03-08,2026-04-02,60.64,59.42,61.51,Single GRU
539173,2026-03-08,2026-04-03,60.49,59.59,61.38,Single GRU
539173,2026-03-08,2026-04-04,60.59,59.54,61.44,Single GRU
539173,2026-03-08,2026-04-05,60.76,59.75,61.51,Single GRU
539173,2026-03-08,2026-04-06,60.92,59.68,61.66,Single GRU
539173,2026-03-08,2026-04-07,60.94,59.85,61.65,Single GRU
539273,2026-03-08,2026-03-09,32.15,32.05,32.27,Single GRU
539273,2026-03-08,2026-03-10,32.27,32.08,32.45,Single GRU
539273,2026-03-08,2026-03-11,32.38,32.13,32.55,Single GRU
539273,2026-03-08,2026-03-12,32.45,32.15,32.73,Single GRU
539273,2026-03-08,2026-03-13,32.54,32.2,32.89,Single GRU
539273,2026-03-08,2026-03-14,32.69,32.24,33.08,Single GRU
539273,2026-03-08,2026-03-15,32.75,32.28,33.24,Single GRU
539273,2026-03-08,2026-03-16,32.9,32.34,33.45,Single GRU
539273,2026-03-08,2026-03-17,33.05,32.34,33.65,Single GRU
539273,2026-03-08,2026-03-18,33.29,32.57,33.98,Single GRU
539273,2026-03-08,2026-03-19,33.56,32.71,34.34,Single GRU
539273,2026-03-08,2026-03-20,33.53,32.84,34.32,Single GRU
539273,2026-03-08,2026-03-21,33.77,33.04,34.48,Single GRU
539273,2026-03-08,2026-03-22,33.96,33.09,34.68,Single GRU
539273,2026-03-08,2026-03-23,34.21,33.36,34.84,Single GRU
539273,2026-03-08,2026-03-24,34.35,33.46,35.01,Single GRU
539273,2026-03-08,2026-03-25,34.35,33.53,35.05,Single GRU
539273,2026-03-08,2026-03-26,34.56,33.72,35.27,Single GRU
539273,2026-03-08,2026-03-27,34.59,33.58,35.34,Single GRU
539273,2026-03-08,2026-03-28,34.76,33.99,35.32,Single GRU
539273,2026-03-08,2026-03-29,35.0,33.91,35.52,Single GRU
539273,2026-03-08,2026-03-30,34.99,34.14,35.49,Single GRU
539273,2026-03-08,2026-03-31,35.09,34.15,35.57,Single GRU
539273,2026-03-08,2026-04-01,35.08,34.11,35.55,Single GRU
539273,2026-03-08,2026-04-02,35.21,34.18,35.61,Single GRU
539273,2026-03-08,2026-04-03,35.11,34.29,35.57,Single GRU
539273,2026-03-08,2026-04-04,35.22,34.38,35.63,Single GRU
539273,2026-03-08,2026-04-05,35.28,34.48,35.66,Single GRU
539273,2026-03-08,2026-04-06,35.33,34.33,35.66,Single GRU
539273,2026-03-08,2026-04-07,35.35,34.39,35.7,Single GRU
539274,2026-03-08,2026-03-09,31.46,31.44,31.48,Single GRU
539274,2026-03-08,2026-03-10,31.48,31.44,31.52,Single GRU
539274,2026-03-08,2026-03-11,31.51,31.46,31.55,Single GRU
539274,2026-03-08,2026-03-12,31.52,31.46,31.58,Single GRU
539274,2026-03-08,2026-03-13,31.55,31.47,31.61,Single GRU
539274,2026-03-08,2026-03-14,31.58,31.49,31.65,Single GRU
539274,2026-03-08,2026-03-15,31.61,31.51,31.69,Single GRU
539274,2026-03-08,2026-03-16,31.62,31.5,31.73,Single GRU
539274,2026-03-08,2026-03-17,31.65,31.51,31.78,Single GRU
539274,2026-03-08,2026-03-18,31.71,31.56,31.82,Single GRU
539274,2026-03-08,2026-03-19,31.79,31.58,31.93,Single GRU
539274,2026-03-08,2026-03-20,31.79,31.62,31.91,Single GRU
539274,2026-03-08,2026-03-21,31.84,31.67,31.95,Single GRU
539274,2026-03-08,2026-03-22,31.88,31.67,32.01,Single GRU
539274,2026-03-08,2026-03-23,31.93,31.75,32.05,Single GRU
539274,2026-03-08,2026-03-24,31.96,31.74,32.07,Single GRU
539274,2026-03-08,2026-03-25,31.98,31.77,32.1,Single GRU
539274,2026-03-08,2026-03-26,32.03,31.81,32.15,Single GRU
539274,2026-03-08,2026-03-27,32.03,31.81,32.14,Single GRU
539274,2026-03-08,2026-03-28,32.07,31.82,32.17,Single GRU
539274,2026-03-08,2026-03-29,32.1,31.87,32.19,Single GRU
539274,2026-03-08,2026-03-30,32.1,31.9,32.19,Single GRU
539274,2026-03-08,2026-03-31,32.13,31.95,32.22,Single GRU
539274,2026-03-08,2026-04-01,32.13,31.89,32.22,Single GRU
539274,2026-03-08,2026-04-02,32.16,31.92,32.25,Single GRU
539274,2026-03-08,2026-04-03,32.13,31.94,32.22,Single GRU
539274,2026-03-08,2026-04-04,32.17,31.97,32.23,Single GRU
539274,2026-03-08,2026-04-05,32.18,31.97,32.25,Single GRU
539274,2026-03-08,2026-04-06,32.18,31.99,32.25,Single GRU
539274,2026-03-08,2026-04-07,32.18,31.98,32.25,Single GRU
539275,2026-03-08,2026-03-09,21.52,21.5,21.52,Single GRU
539275,2026-03-08,2026-03-10,21.5,21.48,21.52,Single GRU
539275,2026-03-08,2026-03-11,21.5,21.47,21.52,Single GRU
539275,2026-03-08,2026-03-12,21.48,21.45,21.52,Single GRU
539275,2026-03-08,2026-03-13,21.49,21.44,21.53,Single GRU
539275,2026-03-08,2026-03-14,21.48,21.42,21.52,Single GRU
539275,2026-03-08,2026-03-15,21.47,21.41,21.52,Single GRU
539275,2026-03-08,2026-03-16,21.46,21.38,21.52,Single GRU
539275,2026-03-08,2026-03-17,21.46,21.37,21.52,Single GRU
539275,2026-03-08,2026-03-18,21.46,21.36,21.54,Single GRU
539275,2026-03-08,2026-03-19,21.48,21.37,21.55,Single GRU
539275,2026-03-08,2026-03-20,21.48,21.37,21.59,Single GRU
539275,2026-03-08,2026-03-21,21.55,21.45,21.62,Single GRU
539275,2026-03-08,2026-03-22,21.54,21.41,21.63,Single GRU
539275,2026-03-08,2026-03-23,21.51,21.38,21.64,Single GRU
539275,2026-03-08,2026-03-24,21.5,21.34,21.62,Single GRU
539275,2026-03-08,2026-03-25,21.57,21.47,21.64,Single GRU
539275,2026-03-08,2026-03-26,21.57,21.42,21.71,Single GRU
539275,2026-03-08,2026-03-27,21.51,21.32,21.71,Single GRU
539275,2026-03-08,2026-03-28,21.52,21.36,21.69,Single GRU
539275,2026-03-08,2026-03-29,21.57,21.38,21.75,Single GRU
539275,2026-03-08,2026-03-30,21.64,21.52,21.79,Single GRU
539275,2026-03-08,2026-03-31,21.59,21.39,21.77,Single GRU
539275,2026-03-08,2026-04-01,21.6,21.47,21.72,Single GRU
539275,2026-03-08,2026-04-02,21.52,21.32,21.71,Single GRU
539275,2026-03-08,2026-04-03,21.61,21.46,21.72,Single GRU
539275,2026-03-08,2026-04-04,21.59,21.45,21.71,Single GRU
539275,2026-03-08,2026-04-05,21.65,21.43,21.81,Single GRU
539275,2026-03-08,2026-04-06,21.65,21.41,21.86,Single GRU
539275,2026-03-08,2026-04-07,21.67,21.5,21.88,Single GRU
539276,2026-03-08,2026-03-09,53.07,53.07,53.08,Single GRU
539276,2026-03-08,2026-03-10,53.06,53.04,53.07,Single GRU
539276,2026-03-08,2026-03-11,53.05,53.04,53.07,Single GRU
539276,2026-03-08,2026-03-12,53.04,53.02,53.07,Single GRU
539276,2026-03-08,2026-03-13,53.05,53.03,53.08,Single GRU
539276,2026-03-08,2026-03-14,53.04,53.01,53.07,Single GRU
539276,2026-03-08,2026-03-15,53.03,53.0,53.07,Single GRU
539276,2026-03-08,2026-03-16,53.01,52.98,53.07,Single GRU
539276,2026-03-08,2026-03-17,53.0,52.95,53.08,Single GRU
539276,2026-03-08,2026-03-18,53.02,52.97,53.1,Single GRU
539276,2026-03-08,2026-03-19,53.02,52.95,53.12,Single GRU
539276,2026-03-08,2026-03-20,53.07,53.0,53.15,Single GRU
539276,2026-03-08,2026-03-21,53.09,53.02,53.18,Single GRU
539276,2026-03-08,2026-03-22,53.09,52.99,53.19,Single GRU
539276,2026-03-08,2026-03-23,53.1,53.01,53.2,Single GRU
539276,2026-03-08,2026-03-24,53.03,52.93,53.18,Single GRU
539276,2026-03-08,2026-03-25,53.1,52.99,53.24,Single GRU
539276,2026-03-08,2026-03-26,53.05,52.89,53.2,Single GRU
539276,2026-03-08,2026-03-27,53.04,52.88,53.24,Single GRU
539276,2026-03-08,2026-03-28,53.06,52.92,53.22,Single GRU
539276,2026-03-08,2026-03-29,53.0,52.84,53.23,Single GRU
539276,2026-03-08,2026-03-30,52.98,52.81,53.16,Single GRU
539276,2026-03-08,2026-03-31,53.01,52.84,53.15,Single GRU
539276,2026-03-08,2026-04-01,53.03,52.88,53.19,Single GRU
539276,2026-03-08,2026-04-02,52.93,52.76,53.13,Single GRU
539276,2026-03-08,2026-04-03,53.04,52.86,53.21,Single GRU
539276,2026-03-08,2026-04-04,52.92,52.71,53.11,Single GRU
539276,2026-03-08,2026-04-05,53.0,52.78,53.17,Single GRU
539276,2026-03-08,2026-04-06,52.96,52.74,53.15,Single GRU
539276,2026-03-08,2026-04-07,52.99,52.81,53.2,Single GRU
550535,2026-03-08,2026-03-09,57.97,57.95,57.98,Single GRU
550535,2026-03-08,2026-03-10,57.93,57.9,57.96,Single GRU
550535,2026-03-08,2026-03-11,57.91,57.85,57.96,Single GRU
550535,2026-03-08,2026-03-12,57.87,57.82,57.93,Single GRU
550535,2026-03-08,2026-03-13,57.83,57.76,57.93,Single GRU
550535,2026-03-08,2026-03-14,57.78,57.7,57.89,Single GRU
550535,2026-03-08,2026-03-15,57.74,57.65,57.87,Single GRU
550535,2026-03-08,2026-03-16,57.75,57.64,57.9,Single GRU
550535,2026-03-08,2026-03-17,57.69,57.57,57.86,Single GRU
550535,2026-03-08,2026-03-18,57.67,57.53,57.87,Single GRU
550535,2026-03-08,2026-03-19,57.67,57.51,57.91,Single GRU
550535,2026-03-08,2026-03-20,57.64,57.45,57.9,Single GRU
550535,2026-03-08,2026-03-21,57.68,57.49,57.96,Single GRU
550535,2026-03-08,2026-03-22,57.67,57.48,57.96,Single GRU
550535,2026-03-08,2026-03-23,57.78,57.61,58.01,Single GRU
550535,2026-03-08,2026-03-24,57.68,57.52,57.96,Single GRU
550535,2026-03-08,2026-03-25,57.69,57.51,58.04,Single GRU
550535,2026-03-08,2026-03-26,57.8,57.61,58.1,Single GRU
550535,2026-03-08,2026-03-27,57.76,57.54,58.1,Single GRU
550535,2026-03-08,2026-03-28,57.74,57.54,58.03,Single GRU
550535,2026-03-08,2026-03-29,57.8,57.55,58.13,Single GRU
550535,2026-03-08,2026-03-30,57.89,57.7,58.16,Single GRU
550535,2026-03-08,2026-03-31,57.86,57.63,58.13,Single GRU
550535,2026-03-08,2026-04-01,57.75,57.49,58.05,Single GRU
550535,2026-03-08,2026-04-02,57.79,57.57,58.08,Single GRU
550535,2026-03-08,2026-04-03,57.84,57.63,58.16,Single GRU
550535,2026-03-08,2026-04-04,57.97,57.77,58.16,Single GRU
550535,2026-03-08,2026-04-05,57.96,57.74,58.18,Single GRU
550535,2026-03-08,2026-04-06,57.92,57.78,58.22,Single GRU
550535,2026-03-08,2026-04-07,57.9,57.61,58.2,Single GRU
550536,2026-03-08,2026-03-09,12.36,12.35,12.36,Single GRU
550536,2026-03-08,2026-03-10,12.34,12.32,12.35,Single GRU
550536,2026-03-08,2026-03-11,12.32,12.31,12.34,Single GRU
550536,2026-03-08,2026-03-12,12.31,12.29,12.33,Single GRU
550536,2026-03-08,2026-03-13,12.29,12.26,12.33,Single GRU
550536,2026-03-08,2026-03-14,12.27,12.23,12.31,Single GRU
550536,2026-03-08,2026-03-15,12.25,12.2,12.3,Single GRU
550536,2026-03-08,2026-03-16,12.25,12.2,12.31,Single GRU
550536,2026-03-08,2026-03-17,12.22,12.17,12.28,Single GRU
550536,2026-03-08,2026-03-18,12.21,12.15,12.29,Single GRU
550536,2026-03-08,2026-03-19,12.2,12.14,12.29,Single GRU
550536,2026-03-08,2026-03-20,12.19,12.12,12.29,Single GRU
550536,2026-03-08,2026-03-21,12.19,12.12,12.3,Single GRU
550536,2026-03-08,2026-03-22,12.19,12.12,12.29,Single GRU
550536,2026-03-08,2026-03-23,12.22,12.12,12.31,Single GRU
550536,2026-03-08,2026-03-24,12.2,12.1,12.29,Single GRU
550536,2026-03-08,2026-03-25,12.2,12.12,12.29,Single GRU
550536,2026-03-08,2026-03-26,12.2,12.11,12.3,Single GRU
550536,2026-03-08,2026-03-27,12.21,12.13,12.3,Single GRU
550536,2026-03-08,2026-03-28,12.18,12.09,12.29,Single GRU
550536,2026-03-08,2026-03-29,12.19,12.11,12.28,Single GRU
550536,2026-03-08,2026-03-30,12.21,12.14,12.28,Single GRU
550536,2026-03-08,2026-03-31,12.19,12.11,12.29,Single GRU
550536,2026-03-08,2026-04-01,12.16,12.08,12.26,Single GRU
550536,2026-03-08,2026-04-02,12.19,12.13,12.28,Single GRU
550536,2026-03-08,2026-04-03,12.21,12.14,12.31,Single GRU
550536,2026-03-08,2026-04-04,12.22,12.17,12.3,Single GRU
550536,2026-03-08,2026-04-05,12.22,12.15,12.32,Single GRU
550536,2026-03-08,2026-04-06,12.2,12.13,12.3,Single GRU
550536,2026-03-08,2026-04-07,12.19,12.1,12.29,Single GRU
550537,2026-03-08,2026-03-09,32.98,32.97,33.0,Single GRU
550537,2026-03-08,2026-03-10,32.95,32.93,32.98,Single GRU
550537,2026-03-08,2026-03-11,32.9,32.88,32.93,Single GRU
550537,2026-03-08,2026-03-12,32.85,32.82,32.89,Single GRU
550537,2026-03-08,2026-03-13,32.8,32.75,32.85,Single GRU
550537,2026-03-08,2026-03-14,32.75,32.69,32.81,Single GRU
550537,2026-03-08,2026-03-15,32.7,32.64,32.78,Single GRU
550537,2026-03-08,2026-03-16,32.67,32.6,32.74,Single GRU
550537,2026-03-08,2026-03-17,32.64,32.58,32.71,Single GRU
550537,2026-03-08,2026-03-18,32.6,32.54,32.68,Single GRU
550537,2026-03-08,2026-03-19,32.56,32.5,32.65,Single GRU
550537,2026-03-08,2026-03-20,32.53,32.47,32.61,Single GRU
550537,2026-03-08,2026-03-21,32.47,32.42,32.56,Single GRU
550537,2026-03-08,2026-03-22,32.44,32.4,32.51,Single GRU
550537,2026-03-08,2026-03-23,32.41,32.38,32.47,Single GRU
550537,2026-03-08,2026-03-24,32.39,32.37,32.42,Single GRU
550537,2026-03-08,2026-03-25,32.37,32.36,32.4,Single GRU
550537,2026-03-08,2026-03-26,32.37,32.36,32.39,Single GRU
550537,2026-03-08,2026-03-27,32.36,32.36,32.38,Single GRU
550537,2026-03-08,2026-03-28,32.36,32.36,32.37,Single GRU
550537,2026-03-08,2026-03-29,32.36,32.36,32.38,Single GRU
550537,2026-03-08,2026-03-30,32.36,32.36,32.37,Single GRU
550537,2026-03-08,2026-03-31,32.36,32.36,32.37,Single GRU
550537,2026-03-08,2026-04-01,32.36,32.36,32.37,Single GRU
550537,2026-03-08,2026-04-02,32.36,32.36,32.37,Single GRU
550537,2026-03-08,2026-04-03,32.36,32.36,32.36,Single GRU
550537,2026-03-08,2026-04-04,32.36,32.36,32.36,Single GRU
550537,2026-03-08,2026-04-05,32.36,32.36,32.36,Single GRU
550537,2026-03-08,2026-04-06,32.36,32.36,32.36,Single GRU
550537,2026-03-08,2026-04-07,32.36,32.36,32.36,Single GRU
550538,2026-03-08,2026-03-09,26.23,26.19,26.3,Single GRU
550538,2026-03-08,2026-03-10,26.33,26.26,26.44,Single GRU
550538,2026-03-08,2026-03-11,26.4,26.31,26.53,Single GRU
550538,2026-03-08,2026-03-12,26.43,26.32,26.6,Single GRU
550538,2026-03-08,2026-03-13,26.53,26.4,26.71,Single GRU
550538,2026-03-08,2026-03-14,26.65,26.45,26.84,Single GRU
550538,2026-03-08,2026-03-15,26.71,26.56,26.93,Single GRU
550538,2026-03-08,2026-03-16,26.79,26.51,27.09,Single GRU
550538,2026-03-08,2026-03-17,26.9,26.62,27.26,Single GRU
550538,2026-03-08,2026-03-18,27.13,26.8,27.38,Single GRU
550538,2026-03-08,2026-03-19,27.27,26.84,27.6,Single GRU
550538,2026-03-08,2026-03-20,27.34,27.04,27.63,Single GRU
550538,2026-03-08,2026-03-21,27.44,27.1,27.73,Single GRU
550538,2026-03-08,2026-03-22,27.51,27.17,27.82,Single GRU
550538,2026-03-08,2026-03-23,27.62,27.33,27.88,Single GRU
550538,2026-03-08,2026-03-24,27.72,27.41,27.98,Single GRU
550538,2026-03-08,2026-03-25,27.78,27.47,28.04,Single GRU
550538,2026-03-08,2026-03-26,27.86,27.5,28.08,Single GRU
550538,2026-03-08,2026-03-27,27.86,27.55,28.07,Single GRU
550538,2026-03-08,2026-03-28,27.95,27.61,28.14,Single GRU
550538,2026-03-08,2026-03-29,27.96,27.71,28.15,Single GRU
550538,2026-03-08,2026-03-30,27.98,27.71,28.16,Single GRU
550538,2026-03-08,2026-03-31,28.04,27.77,28.18,Single GRU
550538,2026-03-08,2026-04-01,28.08,27.87,28.22,Single GRU
550538,2026-03-08,2026-04-02,28.1,27.82,28.23,Single GRU
550538,2026-03-08,2026-04-03,28.1,27.9,28.21,Single GRU
550538,2026-03-08,2026-04-04,28.12,27.94,28.23,Single GRU
550538,2026-03-08,2026-04-05,28.12,27.82,28.24,Single GRU
550538,2026-03-08,2026-04-06,28.14,27.97,28.23,Single GRU
550538,2026-03-08,2026-04-07,28.15,27.9,28.25,Single GRU
550540,2026-03-08,2026-03-09,23.96,23.96,23.97,Single GRU
550540,2026-03-08,2026-03-10,23.95,23.93,23.96,Single GRU
550540,2026-03-08,2026-03-11,23.93,23.91,23.95,Single GRU
550540,2026-03-08,2026-03-12,23.91,23.89,23.94,Single GRU
550540,2026-03-08,2026-03-13,23.9,23.86,23.94,Single GRU
550540,2026-03-08,2026-03-14,23.88,23.83,23.92,Single GRU
550540,2026-03-08,2026-03-15,23.86,23.81,23.92,Single GRU
550540,2026-03-08,2026-03-16,23.85,23.8,23.92,Single GRU
550540,2026-03-08,2026-03-17,23.83,23.77,23.9,Single GRU
550540,2026-03-08,2026-03-18,23.82,23.75,23.9,Single GRU
550540,2026-03-08,2026-03-19,23.82,23.73,23.91,Single GRU
550540,2026-03-08,2026-03-20,23.81,23.72,23.92,Single GRU
550540,2026-03-08,2026-03-21,23.81,23.72,23.93,Single GRU
550540,2026-03-08,2026-03-22,23.81,23.71,23.91,Single GRU
550540,2026-03-08,2026-03-23,23.82,23.73,23.92,Single GRU
550540,2026-03-08,2026-03-24,23.79,23.7,23.9,Single GRU
550540,2026-03-08,2026-03-25,23.81,23.71,23.93,Single GRU
550540,2026-03-08,2026-03-26,23.8,23.71,23.91,Single GRU
550540,2026-03-08,2026-03-27,23.82,23.73,23.94,Single GRU
550540,2026-03-08,2026-03-28,23.79,23.69,23.91,Single GRU
550540,2026-03-08,2026-03-29,23.79,23.7,23.89,Single GRU
550540,2026-03-08,2026-03-30,23.81,23.74,23.91,Single GRU
550540,2026-03-08,2026-03-31,23.8,23.7,23.94,Single GRU
550540,2026-03-08,2026-04-01,23.77,23.66,23.92,Single GRU
550540,2026-03-08,2026-04-02,23.8,23.72,23.9,Single GRU
550540,2026-03-08,2026-04-03,23.82,23.73,23.95,Single GRU
550540,2026-03-08,2026-04-04,23.83,23.75,23.92,Single GRU
550540,2026-03-08,2026-04-05,23.83,23.74,23.93,Single GRU
550540,2026-03-08,2026-04-06,23.81,23.74,23.9,Single GRU
550540,2026-03-08,2026-04-07,23.79,23.7,23.91,Single GRU
550541,2026-03-08,2026-03-09,28.11,28.04,28.18,Single GRU
550541,2026-03-08,2026-03-10,28.21,28.08,28.31,Single GRU
550541,2026-03-08,2026-03-11,28.27,28.11,28.39,Single GRU
550541,2026-03-08,2026-03-12,28.35,28.13,28.54,Single GRU
550541,2026-03-08,2026-03-13,28.4,28.2,28.58,Single GRU
550541,2026-03-08,2026-03-14,28.52,28.24,28.73,Single GRU
550541,2026-03-08,2026-03-15,28.56,28.27,28.81,Single GRU
550541,2026-03-08,2026-03-16,28.63,28.26,28.95,Single GRU
550541,2026-03-08,2026-03-17,28.78,28.32,29.07,Single GRU
550541,2026-03-08,2026-03-18,28.94,28.43,29.26,Single GRU
550541,2026-03-08,2026-03-19,29.06,28.52,29.43,Single GRU
550541,2026-03-08,2026-03-20,29.05,28.52,29.37,Single GRU
550541,2026-03-08,2026-03-21,29.16,28.61,29.45,Single GRU
550541,2026-03-08,2026-03-22,29.25,28.68,29.52,Single GRU
550541,2026-03-08,2026-03-23,29.32,28.84,29.56,Single GRU
550541,2026-03-08,2026-03-24,29.46,29.01,29.63,Single GRU
550541,2026-03-08,2026-03-25,29.4,29.0,29.62,Single GRU
550541,2026-03-08,2026-03-26,29.48,29.04,29.65,Single GRU
550541,2026-03-08,2026-03-27,29.53,29.1,29.67,Single GRU
550541,2026-03-08,2026-03-28,29.54,29.17,29.69,Single GRU
550541,2026-03-08,2026-03-29,29.62,29.25,29.71,Single GRU
550541,2026-03-08,2026-03-30,29.61,29.33,29.7,Single GRU
550541,2026-03-08,2026-03-31,29.61,29.21,29.7,Single GRU
550541,2026-03-08,2026-04-01,29.63,29.32,29.71,Single GRU
550541,2026-03-08,2026-04-02,29.66,29.37,29.72,Single GRU
550541,2026-03-08,2026-04-03,29.64,29.36,29.71,Single GRU
550541,2026-03-08,2026-04-04,29.66,29.39,29.72,Single GRU
550541,2026-03-08,2026-04-05,29.65,29.32,29.72,Single GRU
550541,2026-03-08,2026-04-06,29.67,29.32,29.72,Single GRU
550541,2026-03-08,2026-04-07,29.68,29.37,29.72,Single GRU
550542,2026-03-08,2026-03-09,37.78,37.76,37.79,Single GRU
550542,2026-03-08,2026-03-10,37.81,37.78,37.83,Single GRU
550542,2026-03-08,2026-03-11,37.83,37.79,37.86,Single GRU
550542,2026-03-08,2026-03-12,37.84,37.78,37.88,Single GRU
550542,2026-03-08,2026-03-13,37.87,37.81,37.92,Single GRU
550542,2026-03-08,2026-03-14,37.89,37.82,37.95,Single GRU
550542,2026-03-08,2026-03-15,37.92,37.84,37.98,Single GRU
550542,2026-03-08,2026-03-16,37.94,37.85,38.03,Single GRU
550542,2026-03-08,2026-03-17,37.98,37.87,38.07,Single GRU
550542,2026-03-08,2026-03-18,38.04,37.92,38.12,Single GRU
550542,2026-03-08,2026-03-19,38.08,37.92,38.18,Single GRU
550542,2026-03-08,2026-03-20,38.11,37.98,38.2,Single GRU
550542,2026-03-08,2026-03-21,38.14,38.02,38.23,Single GRU
550542,2026-03-08,2026-03-22,38.17,38.0,38.26,Single GRU
550542,2026-03-08,2026-03-23,38.2,38.08,38.28,Single GRU
550542,2026-03-08,2026-03-24,38.22,38.06,38.3,Single GRU
550542,2026-03-08,2026-03-25,38.24,38.08,38.31,Single GRU
550542,2026-03-08,2026-03-26,38.27,38.11,38.33,Single GRU
550542,2026-03-08,2026-03-27,38.26,38.15,38.33,Single GRU
550542,2026-03-08,2026-03-28,38.28,38.14,38.35,Single GRU
550542,2026-03-08,2026-03-29,38.31,38.18,38.35,Single GRU
550542,2026-03-08,2026-03-30,38.31,38.19,38.36,Single GRU
550542,2026-03-08,2026-03-31,38.32,38.19,38.36,Single GRU
550542,2026-03-08,2026-04-01,38.33,38.21,38.37,Single GRU
550542,2026-03-08,2026-04-02,38.34,38.24,38.38,Single GRU
550542,2026-03-08,2026-04-03,38.33,38.24,38.37,Single GRU
550542,2026-03-08,2026-04-04,38.35,38.26,38.38,Single GRU
550542,2026-03-08,2026-04-05,38.34,38.24,38.38,Single GRU
550542,2026-03-08,2026-04-06,38.35,38.27,38.38,Single GRU
550542,2026-03-08,2026-04-07,38.35,38.26,38.38,Single GRU
550544,2026-03-08,2026-03-09,36.61,36.6,36.62,Single GRU
550544,2026-03-08,2026-03-10,36.59,36.58,36.61,Single GRU
550544,2026-03-08,2026-03-11,36.58,36.56,36.6,Single GRU
550544,2026-03-08,2026-03-12,36.56,36.53,36.59,Single GRU
550544,2026-03-08,2026-03-13,36.55,36.51,36.59,Single GRU
550544,2026-03-08,2026-03-14,36.53,36.47,36.57,Single GRU
550544,2026-03-08,2026-03-15,36.51,36.44,36.56,Single GRU
550544,2026-03-08,2026-03-16,36.49,36.44,36.56,Single GRU
550544,2026-03-08,2026-03-17,36.47,36.4,36.54,Single GRU
550544,2026-03-08,2026-03-18,36.47,36.38,36.55,Single GRU
550544,2026-03-08,2026-03-19,36.46,36.37,36.55,Single GRU
550544,2026-03-08,2026-03-20,36.48,36.35,36.61,Single GRU
550544,2026-03-08,2026-03-21,36.49,36.38,36.61,Single GRU
550544,2026-03-08,2026-03-22,36.48,36.36,36.59,Single GRU
550544,2026-03-08,2026-03-23,36.51,36.41,36.62,Single GRU
550544,2026-03-08,2026-03-24,36.45,36.36,36.57,Single GRU
550544,2026-03-08,2026-03-25,36.5,36.39,36.61,Single GRU
550544,2026-03-08,2026-03-26,36.52,36.45,36.65,Single GRU
550544,2026-03-08,2026-03-27,36.48,36.4,36.61,Single GRU
550544,2026-03-08,2026-03-28,36.5,36.38,36.63,Single GRU
550544,2026-03-08,2026-03-29,36.48,36.38,36.59,Single GRU
550544,2026-03-08,2026-03-30,36.55,36.48,36.63,Single GRU
550544,2026-03-08,2026-03-31,36.52,36.42,36.65,Single GRU
550544,2026-03-08,2026-04-01,36.46,36.34,36.59,Single GRU
550544,2026-03-08,2026-04-02,36.46,36.36,36.57,Single GRU
550544,2026-03-08,2026-04-03,36.52,36.43,36.63,Single GRU
550544,2026-03-08,2026-04-04,36.54,36.47,36.61,Single GRU
550544,2026-03-08,2026-04-05,36.57,36.46,36.66,Single GRU
550544,2026-03-08,2026-04-06,36.55,36.47,36.66,Single GRU
550544,2026-03-08,2026-04-07,36.52,36.42,36.62,Single GRU
550549,2026-03-08,2026-03-09,81.26,81.03,81.45,Single GRU
550549,2026-03-08,2026-03-10,81.56,81.19,81.85,Single GRU
550549,2026-03-08,2026-03-11,81.76,81.3,82.13,Single GRU
550549,2026-03-08,2026-03-12,81.98,81.42,82.47,Single GRU
550549,2026-03-08,2026-03-13,82.18,81.58,82.67,Single GRU
550549,2026-03-08,2026-03-14,82.55,81.68,83.11,Single GRU
550549,2026-03-08,2026-03-15,82.74,81.91,83.42,Single GRU
550549,2026-03-08,2026-03-16,83.07,81.75,83.93,Single GRU
550549,2026-03-08,2026-03-17,83.35,82.0,84.46,Single GRU
550549,2026-03-08,2026-03-18,83.92,82.7,84.71,Single GRU
550549,2026-03-08,2026-03-19,84.5,82.83,85.39,Single GRU
550549,2026-03-08,2026-03-20,84.39,82.94,85.35,Single GRU
550549,2026-03-08,2026-03-21,84.76,83.38,85.58,Single GRU
550549,2026-03-08,2026-03-22,85.15,83.45,85.87,Single GRU
550549,2026-03-08,2026-03-23,85.37,84.09,86.11,Single GRU
550549,2026-03-08,2026-03-24,85.66,84.47,86.39,Single GRU
550549,2026-03-08,2026-03-25,85.67,84.39,86.45,Single GRU
550549,2026-03-08,2026-03-26,85.93,84.5,86.54,Single GRU
550549,2026-03-08,2026-03-27,86.0,84.75,86.6,Single GRU
550549,2026-03-08,2026-03-28,86.12,85.09,86.65,Single GRU
550549,2026-03-08,2026-03-29,86.4,85.2,86.75,Single GRU
550549,2026-03-08,2026-03-30,86.3,85.49,86.75,Single GRU
550549,2026-03-08,2026-03-31,86.34,85.56,86.76,Single GRU
550549,2026-03-08,2026-04-01,86.48,85.42,86.81,Single GRU
550549,2026-03-08,2026-04-02,86.63,85.47,86.86,Single GRU
550549,2026-03-08,2026-04-03,86.48,85.62,86.81,Single GRU
550549,2026-03-08,2026-04-04,86.6,85.91,86.85,Single GRU
550549,2026-03-08,2026-04-05,86.57,85.73,86.86,Single GRU
550549,2026-03-08,2026-04-06,86.68,85.76,86.86,Single GRU
550549,2026-03-08,2026-04-07,86.66,85.89,86.89,Single GRU
550674,2026-03-08,2026-03-09,32.22,32.17,32.29,Single GRU
550674,2026-03-08,2026-03-10,32.31,32.22,32.41,Single GRU
550674,2026-03-08,2026-03-11,32.36,32.25,32.48,Single GRU
550674,2026-03-08,2026-03-12,32.43,32.29,32.58,Single GRU
550674,2026-03-08,2026-03-13,32.47,32.29,32.66,Single GRU
550674,2026-03-08,2026-03-14,32.56,32.36,32.77,Single GRU
550674,2026-03-08,2026-03-15,32.65,32.39,32.86,Single GRU
550674,2026-03-08,2026-03-16,32.69,32.41,32.96,Single GRU
550674,2026-03-08,2026-03-17,32.8,32.49,33.12,Single GRU
550674,2026-03-08,2026-03-18,32.99,32.55,33.23,Single GRU
550674,2026-03-08,2026-03-19,33.07,32.62,33.38,Single GRU
550674,2026-03-08,2026-03-20,33.07,32.63,33.4,Single GRU
550674,2026-03-08,2026-03-21,33.17,32.76,33.44,Single GRU
550674,2026-03-08,2026-03-22,33.24,32.79,33.53,Single GRU
550674,2026-03-08,2026-03-23,33.38,32.96,33.57,Single GRU
550674,2026-03-08,2026-03-24,33.44,33.04,33.61,Single GRU
550674,2026-03-08,2026-03-25,33.45,33.05,33.61,Single GRU
550674,2026-03-08,2026-03-26,33.49,33.08,33.64,Single GRU
550674,2026-03-08,2026-03-27,33.53,33.13,33.66,Single GRU
550674,2026-03-08,2026-03-28,33.56,33.23,33.67,Single GRU
550674,2026-03-08,2026-03-29,33.61,33.28,33.69,Single GRU
550674,2026-03-08,2026-03-30,33.6,33.26,33.69,Single GRU
550674,2026-03-08,2026-03-31,33.6,33.26,33.69,Single GRU
550674,2026-03-08,2026-04-01,33.64,33.36,33.71,Single GRU
550674,2026-03-08,2026-04-02,33.67,33.45,33.72,Single GRU
550674,2026-03-08,2026-04-03,33.64,33.42,33.71,Single GRU
550674,2026-03-08,2026-04-04,33.66,33.44,33.71,Single GRU
550674,2026-03-08,2026-04-05,33.65,33.38,33.72,Single GRU
550674,2026-03-08,2026-04-06,33.68,33.43,33.72,Single GRU
550674,2026-03-08,2026-04-07,33.67,33.42,33.72,Single GRU
550718,2026-03-08,2026-03-09,27.93,27.88,27.98,Single GRU
550718,2026-03-08,2026-03-10,28.02,27.95,28.1,Single GRU
550718,2026-03-08,2026-03-11,28.06,27.97,28.16,Single GRU
550718,2026-03-08,2026-03-12,28.12,27.99,28.25,Single GRU
550718,2026-03-08,2026-03-13,28.19,28.05,28.33,Single GRU
550718,2026-03-08,2026-03-14,28.28,28.13,28.44,Single GRU
550718,2026-03-08,2026-03-15,28.32,28.15,28.52,Single GRU
550718,2026-03-08,2026-03-16,28.4,28.17,28.6,Single GRU
550718,2026-03-08,2026-03-17,28.5,28.23,28.71,Single GRU
550718,2026-03-08,2026-03-18,28.64,28.38,28.82,Single GRU
550718,2026-03-08,2026-03-19,28.72,28.43,28.93,Single GRU
550718,2026-03-08,2026-03-20,28.72,28.41,28.91,Single GRU
550718,2026-03-08,2026-03-21,28.8,28.55,28.96,Single GRU
550718,2026-03-08,2026-03-22,28.87,28.57,29.01,Single GRU
550718,2026-03-08,2026-03-23,28.91,28.67,29.05,Single GRU
550718,2026-03-08,2026-03-24,28.96,28.79,29.07,Single GRU
550718,2026-03-08,2026-03-25,28.98,28.74,29.07,Single GRU
550718,2026-03-08,2026-03-26,29.02,28.8,29.09,Single GRU
550718,2026-03-08,2026-03-27,29.03,28.8,29.1,Single GRU
550718,2026-03-08,2026-03-28,29.06,28.89,29.11,Single GRU
550718,2026-03-08,2026-03-29,29.08,28.94,29.12,Single GRU
550718,2026-03-08,2026-03-30,29.08,28.94,29.12,Single GRU
550718,2026-03-08,2026-03-31,29.08,28.92,29.12,Single GRU
550718,2026-03-08,2026-04-01,29.1,28.97,29.13,Single GRU
550718,2026-03-08,2026-04-02,29.11,29.01,29.13,Single GRU
550718,2026-03-08,2026-04-03,29.1,28.99,29.13,Single GRU
550718,2026-03-08,2026-04-04,29.11,29.03,29.13,Single GRU
550718,2026-03-08,2026-04-05,29.1,28.96,29.13,Single GRU
550718,2026-03-08,2026-04-06,29.11,29.02,29.13,Single GRU
550718,2026-03-08,2026-04-07,29.11,29.01,29.13,Single GRU
550719,2026-03-08,2026-03-09,13.5,13.49,13.5,Single GRU
550719,2026-03-08,2026-03-10,13.49,13.48,13.49,Single GRU
550719,2026-03-08,2026-03-11,13.48,13.47,13.49,Single GRU
550719,2026-03-08,2026-03-12,13.47,13.45,13.48,Single GRU
550719,2026-03-08,2026-03-13,13.46,13.43,13.48,Single GRU
550719,2026-03-08,2026-03-14,13.44,13.41,13.46,Single GRU
550719,2026-03-08,2026-03-15,13.43,13.4,13.45,Single GRU
550719,2026-03-08,2026-03-16,13.43,13.4,13.46,Single GRU
550719,2026-03-08,2026-03-17,13.41,13.38,13.44,Single GRU
550719,2026-03-08,2026-03-18,13.4,13.37,13.44,Single GRU
550719,2026-03-08,2026-03-19,13.4,13.36,13.45,Single GRU
550719,2026-03-08,2026-03-20,13.39,13.34,13.44,Single GRU
550719,2026-03-08,2026-03-21,13.38,13.34,13.44,Single GRU
550719,2026-03-08,2026-03-22,13.39,13.34,13.44,Single GRU
550719,2026-03-08,2026-03-23,13.39,13.35,13.46,Single GRU
550719,2026-03-08,2026-03-24,13.38,13.34,13.44,Single GRU
550719,2026-03-08,2026-03-25,13.39,13.34,13.44,Single GRU
550719,2026-03-08,2026-03-26,13.37,13.33,13.42,Single GRU
550719,2026-03-08,2026-03-27,13.39,13.35,13.46,Single GRU
550719,2026-03-08,2026-03-28,13.37,13.33,13.44,Single GRU
550719,2026-03-08,2026-03-29,13.38,13.34,13.42,Single GRU
550719,2026-03-08,2026-03-30,13.38,13.34,13.44,Single GRU
550719,2026-03-08,2026-03-31,13.37,13.32,13.43,Single GRU
550719,2026-03-08,2026-04-01,13.36,13.32,13.41,Single GRU
550719,2026-03-08,2026-04-02,13.38,13.34,13.44,Single GRU
550719,2026-03-08,2026-04-03,13.38,13.33,13.43,Single GRU
550719,2026-03-08,2026-04-04,13.38,13.35,13.44,Single GRU
550719,2026-03-08,2026-04-05,13.38,13.34,13.45,Single GRU
550719,2026-03-08,2026-04-06,13.38,13.34,13.44,Single GRU
550719,2026-03-08,2026-04-07,13.37,13.32,13.42,Single GRU
550721,2026-03-08,2026-03-09,27.82,27.79,27.85,Single GRU
550721,2026-03-08,2026-03-10,27.87,27.82,27.92,Single GRU
550721,2026-03-08,2026-03-11,27.91,27.84,27.97,Single GRU
550721,2026-03-08,2026-03-12,27.94,27.86,28.02,Single GRU
550721,2026-03-08,2026-03-13,27.98,27.88,28.07,Single GRU
550721,2026-03-08,2026-03-14,28.03,27.91,28.14,Single GRU
550721,2026-03-08,2026-03-15,28.07,27.94,28.18,Single GRU
550721,2026-03-08,2026-03-16,28.11,27.95,28.27,Single GRU
550721,2026-03-08,2026-03-17,28.17,27.97,28.35,Single GRU
550721,2026-03-08,2026-03-18,28.27,28.06,28.44,Single GRU
550721,2026-03-08,2026-03-19,28.35,28.11,28.57,Single GRU
550721,2026-03-08,2026-03-20,28.38,28.14,28.58,Single GRU
550721,2026-03-08,2026-03-21,28.44,28.24,28.6,Single GRU
550721,2026-03-08,2026-03-22,28.51,28.25,28.69,Single GRU
550721,2026-03-08,2026-03-23,28.59,28.34,28.75,Single GRU
550721,2026-03-08,2026-03-24,28.65,28.34,28.8,Single GRU
550721,2026-03-08,2026-03-25,28.65,28.4,28.83,Single GRU
550721,2026-03-08,2026-03-26,28.69,28.43,28.85,Single GRU
550721,2026-03-08,2026-03-27,28.72,28.43,28.86,Single GRU
550721,2026-03-08,2026-03-28,28.75,28.49,28.89,Single GRU
550721,2026-03-08,2026-03-29,28.81,28.55,28.92,Single GRU
550721,2026-03-08,2026-03-30,28.79,28.55,28.9,Single GRU
550721,2026-03-08,2026-03-31,28.8,28.56,28.92,Single GRU
550721,2026-03-08,2026-04-01,28.85,28.61,28.93,Single GRU
550721,2026-03-08,2026-04-02,28.88,28.67,28.95,Single GRU
550721,2026-03-08,2026-04-03,28.86,28.65,28.94,Single GRU
550721,2026-03-08,2026-04-04,28.87,28.68,28.95,Single GRU
550721,2026-03-08,2026-04-05,28.86,28.67,28.95,Single GRU
550721,2026-03-08,2026-04-06,28.89,28.69,28.95,Single GRU
550721,2026-03-08,2026-04-07,28.9,28.72,28.95,Single GRU
550838,2026-03-08,2026-03-09,13.27,13.26,13.27,Single GRU
550838,2026-03-08,2026-03-10,13.25,13.24,13.26,Single GRU
550838,2026-03-08,2026-03-11,13.24,13.23,13.25,Single GRU
550838,2026-03-08,2026-03-12,13.23,13.21,13.24,Single GRU
550838,2026-03-08,2026-03-13,13.21,13.19,13.25,Single GRU
550838,2026-03-08,2026-03-14,13.2,13.17,13.22,Single GRU
550838,2026-03-08,2026-03-15,13.18,13.15,13.22,Single GRU
550838,2026-03-08,2026-03-16,13.17,13.13,13.22,Single GRU
550838,2026-03-08,2026-03-17,13.16,13.12,13.2,Single GRU
550838,2026-03-08,2026-03-18,13.15,13.1,13.2,Single GRU
550838,2026-03-08,2026-03-19,13.15,13.09,13.21,Single GRU
550838,2026-03-08,2026-03-20,13.14,13.08,13.23,Single GRU
550838,2026-03-08,2026-03-21,13.14,13.07,13.21,Single GRU
550838,2026-03-08,2026-03-22,13.14,13.07,13.22,Single GRU
550838,2026-03-08,2026-03-23,13.14,13.08,13.22,Single GRU
550838,2026-03-08,2026-03-24,13.12,13.05,13.21,Single GRU
550838,2026-03-08,2026-03-25,13.14,13.07,13.22,Single GRU
550838,2026-03-08,2026-03-26,13.14,13.07,13.22,Single GRU
550838,2026-03-08,2026-03-27,13.14,13.08,13.23,Single GRU
550838,2026-03-08,2026-03-28,13.12,13.04,13.23,Single GRU
550838,2026-03-08,2026-03-29,13.13,13.06,13.2,Single GRU
550838,2026-03-08,2026-03-30,13.16,13.11,13.23,Single GRU
550838,2026-03-08,2026-03-31,13.13,13.06,13.23,Single GRU
550838,2026-03-08,2026-04-01,13.12,13.04,13.18,Single GRU
550838,2026-03-08,2026-04-02,13.14,13.07,13.21,Single GRU
550838,2026-03-08,2026-04-03,13.16,13.08,13.23,Single GRU
550838,2026-03-08,2026-04-04,13.17,13.12,13.23,Single GRU
550838,2026-03-08,2026-04-05,13.16,13.09,13.24,Single GRU
550838,2026-03-08,2026-04-06,13.14,13.09,13.21,Single GRU
550838,2026-03-08,2026-04-07,13.13,13.06,13.21,Single GRU
550839,2026-03-08,2026-03-09,48.91,48.9,48.93,Single GRU
550839,2026-03-08,2026-03-10,48.86,48.82,48.89,Single GRU
550839,2026-03-08,2026-03-11,48.82,48.77,48.88,Single GRU
550839,2026-03-08,2026-03-12,48.76,48.7,48.82,Single GRU
550839,2026-03-08,2026-03-13,48.72,48.61,48.83,Single GRU
550839,2026-03-08,2026-03-14,48.65,48.53,48.77,Single GRU
550839,2026-03-08,2026-03-15,48.59,48.45,48.74,Single GRU
550839,2026-03-08,2026-03-16,48.55,48.4,48.73,Single GRU
550839,2026-03-08,2026-03-17,48.48,48.33,48.68,Single GRU
550839,2026-03-08,2026-03-18,48.48,48.28,48.71,Single GRU
550839,2026-03-08,2026-03-19,48.44,48.22,48.72,Single GRU
550839,2026-03-08,2026-03-20,48.44,48.18,48.72,Single GRU
550839,2026-03-08,2026-03-21,48.46,48.21,48.76,Single GRU
550839,2026-03-08,2026-03-22,48.47,48.18,48.76,Single GRU
550839,2026-03-08,2026-03-23,48.46,48.23,48.74,Single GRU
550839,2026-03-08,2026-03-24,48.37,48.13,48.67,Single GRU
550839,2026-03-08,2026-03-25,48.48,48.24,48.79,Single GRU
550839,2026-03-08,2026-03-26,48.45,48.22,48.73,Single GRU
550839,2026-03-08,2026-03-27,48.43,48.19,48.68,Single GRU
550839,2026-03-08,2026-03-28,48.39,48.13,48.77,Single GRU
550839,2026-03-08,2026-03-29,48.39,48.17,48.72,Single GRU
550839,2026-03-08,2026-03-30,48.56,48.34,48.78,Single GRU
550839,2026-03-08,2026-03-31,48.39,48.13,48.7,Single GRU
550839,2026-03-08,2026-04-01,48.34,48.09,48.7,Single GRU
550839,2026-03-08,2026-04-02,48.32,48.1,48.61,Single GRU
550839,2026-03-08,2026-04-03,48.51,48.3,48.78,Single GRU
550839,2026-03-08,2026-04-04,48.52,48.31,48.73,Single GRU
550839,2026-03-08,2026-04-05,48.56,48.22,48.85,Single GRU
550839,2026-03-08,2026-04-06,48.49,48.22,48.75,Single GRU
550839,2026-03-08,2026-04-07,48.43,48.13,48.7,Single GRU
550844,2026-03-08,2026-03-09,24.33,24.32,24.34,Single GRU
550844,2026-03-08,2026-03-10,24.32,24.3,24.34,Single GRU
550844,2026-03-08,2026-03-11,24.32,24.29,24.34,Single GRU
550844,2026-03-08,2026-03-12,24.3,24.27,24.32,Single GRU
550844,2026-03-08,2026-03-13,24.3,24.25,24.33,Single GRU
550844,2026-03-08,2026-03-14,24.29,24.24,24.33,Single GRU
550844,2026-03-08,2026-03-15,24.28,24.23,24.33,Single GRU
550844,2026-03-08,2026-03-16,24.26,24.19,24.32,Single GRU
550844,2026-03-08,2026-03-17,24.25,24.18,24.32,Single GRU
550844,2026-03-08,2026-03-18,24.29,24.2,24.36,Single GRU
550844,2026-03-08,2026-03-19,24.27,24.17,24.37,Single GRU
550844,2026-03-08,2026-03-20,24.32,24.2,24.41,Single GRU
550844,2026-03-08,2026-03-21,24.33,24.21,24.43,Single GRU
550844,2026-03-08,2026-03-22,24.33,24.19,24.45,Single GRU
550844,2026-03-08,2026-03-23,24.33,24.21,24.43,Single GRU
550844,2026-03-08,2026-03-24,24.34,24.19,24.46,Single GRU
550844,2026-03-08,2026-03-25,24.37,24.24,24.49,Single GRU
550844,2026-03-08,2026-03-26,24.4,24.26,24.48,Single GRU
550844,2026-03-08,2026-03-27,24.36,24.21,24.46,Single GRU
550844,2026-03-08,2026-03-28,24.43,24.24,24.54,Single GRU
550844,2026-03-08,2026-03-29,24.38,24.24,24.54,Single GRU
550844,2026-03-08,2026-03-30,24.49,24.38,24.6,Single GRU
550844,2026-03-08,2026-03-31,24.47,24.32,24.59,Single GRU
550844,2026-03-08,2026-04-01,24.42,24.28,24.62,Single GRU
550844,2026-03-08,2026-04-02,24.39,24.25,24.53,Single GRU
550844,2026-03-08,2026-04-03,24.49,24.35,24.62,Single GRU
550844,2026-03-08,2026-04-04,24.53,24.4,24.63,Single GRU
550844,2026-03-08,2026-04-05,24.54,24.38,24.67,Single GRU
550844,2026-03-08,2026-04-06,24.49,24.38,24.63,Single GRU
550844,2026-03-08,2026-04-07,24.47,24.34,24.67,Single GRU
551943,2026-03-08,2026-03-09,39.77,39.7,39.84,Single GRU
551943,2026-03-08,2026-03-10,39.6,39.48,39.71,Single GRU
551943,2026-03-08,2026-03-11,39.48,39.3,39.64,Single GRU
551943,2026-03-08,2026-03-12,39.29,39.08,39.51,Single GRU
551943,2026-03-08,2026-03-13,39.14,38.73,39.44,Single GRU
551943,2026-03-08,2026-03-14,38.9,38.54,39.25,Single GRU
551943,2026-03-08,2026-03-15,38.74,38.28,39.15,Single GRU
551943,2026-03-08,2026-03-16,38.65,38.16,39.11,Single GRU
551943,2026-03-08,2026-03-17,38.45,37.91,38.97,Single GRU
551943,2026-03-08,2026-03-18,38.37,37.68,39.0,Single GRU
551943,2026-03-08,2026-03-19,38.25,37.61,38.97,Single GRU
551943,2026-03-08,2026-03-20,38.28,37.41,39.19,Single GRU
551943,2026-03-08,2026-03-21,38.14,37.3,38.94,Single GRU
551943,2026-03-08,2026-03-22,38.11,37.29,39.04,Single GRU
551943,2026-03-08,2026-03-23,38.31,37.35,39.12,Single GRU
551943,2026-03-08,2026-03-24,38.08,37.32,38.92,Single GRU
551943,2026-03-08,2026-03-25,38.12,37.31,39.11,Single GRU
551943,2026-03-08,2026-03-26,38.08,37.22,38.96,Single GRU
551943,2026-03-08,2026-03-27,38.07,37.19,38.95,Single GRU
551943,2026-03-08,2026-03-28,38.11,37.11,39.13,Single GRU
551943,2026-03-08,2026-03-29,37.98,37.38,39.06,Single GRU
551943,2026-03-08,2026-03-30,38.22,37.51,38.92,Single GRU
551943,2026-03-08,2026-03-31,37.96,37.18,38.96,Single GRU
551943,2026-03-08,2026-04-01,37.78,37.07,38.76,Single GRU
551943,2026-03-08,2026-04-02,38.08,37.35,38.98,Single GRU
551943,2026-03-08,2026-04-03,37.97,37.08,38.86,Single GRU
551943,2026-03-08,2026-04-04,38.24,37.66,39.11,Single GRU
551943,2026-03-08,2026-04-05,38.35,37.29,39.16,Single GRU
551943,2026-03-08,2026-04-06,38.33,37.56,39.23,Single GRU
551943,2026-03-08,2026-04-07,37.85,37.16,38.76,Single GRU
551944,2026-03-08,2026-03-09,45.09,45.08,45.1,Single GRU
551944,2026-03-08,2026-03-10,45.07,45.04,45.13,Single GRU
551944,2026-03-08,2026-03-11,45.07,45.03,45.13,Single GRU
551944,2026-03-08,2026-03-12,45.04,44.97,45.15,Single GRU
551944,2026-03-08,2026-03-13,45.05,44.96,45.16,Single GRU
551944,2026-03-08,2026-03-14,45.02,44.91,45.17,Single GRU
551944,2026-03-08,2026-03-15,45.02,44.9,45.21,Single GRU
551944,2026-03-08,2026-03-16,44.97,44.83,45.21,Single GRU
551944,2026-03-08,2026-03-17,44.96,44.78,45.32,Single GRU
551944,2026-03-08,2026-03-18,45.01,44.8,45.4,Single GRU
551944,2026-03-08,2026-03-19,45.01,44.78,45.5,Single GRU
551944,2026-03-08,2026-03-20,45.15,44.88,45.56,Single GRU
551944,2026-03-08,2026-03-21,45.22,44.94,45.64,Single GRU
551944,2026-03-08,2026-03-22,45.18,44.8,45.71,Single GRU
551944,2026-03-08,2026-03-23,45.24,44.83,45.8,Single GRU
551944,2026-03-08,2026-03-24,45.14,44.64,45.9,Single GRU
551944,2026-03-08,2026-03-25,45.25,44.63,46.0,Single GRU
551944,2026-03-08,2026-03-26,45.3,44.6,46.01,Single GRU
551944,2026-03-08,2026-03-27,45.11,44.36,46.09,Single GRU
551944,2026-03-08,2026-03-28,45.29,44.48,45.98,Single GRU
551944,2026-03-08,2026-03-29,45.1,44.27,46.12,Single GRU
551944,2026-03-08,2026-03-30,45.14,44.18,46.06,Single GRU
551944,2026-03-08,2026-03-31,45.25,44.25,45.83,Single GRU
551944,2026-03-08,2026-04-01,45.17,44.21,45.92,Single GRU
551944,2026-03-08,2026-04-02,44.98,44.03,45.89,Single GRU
551944,2026-03-08,2026-04-03,45.22,44.1,45.98,Single GRU
551944,2026-03-08,2026-04-04,45.1,44.19,46.01,Single GRU
551944,2026-03-08,2026-04-05,45.28,44.1,45.97,Single GRU
551944,2026-03-08,2026-04-06,45.18,44.1,45.86,Single GRU
551944,2026-03-08,2026-04-07,45.15,44.01,46.03,Single GRU
559716,2026-03-08,2026-03-09,36.24,36.22,36.25,Single GRU
559716,2026-03-08,2026-03-10,36.25,36.23,36.28,Single GRU
559716,2026-03-08,2026-03-11,36.27,36.23,36.31,Single GRU
559716,2026-03-08,2026-03-12,36.27,36.23,36.32,Single GRU
559716,2026-03-08,2026-03-13,36.29,36.24,36.35,Single GRU
559716,2026-03-08,2026-03-14,36.31,36.25,36.39,Single GRU
559716,2026-03-08,2026-03-15,36.33,36.27,36.42,Single GRU
559716,2026-03-08,2026-03-16,36.33,36.25,36.44,Single GRU
559716,2026-03-08,2026-03-17,36.35,36.26,36.47,Single GRU
559716,2026-03-08,2026-03-18,36.41,36.32,36.53,Single GRU
559716,2026-03-08,2026-03-19,36.44,36.32,36.61,Single GRU
559716,2026-03-08,2026-03-20,36.48,36.38,36.63,Single GRU
559716,2026-03-08,2026-03-21,36.53,36.43,36.67,Single GRU
559716,2026-03-08,2026-03-22,36.54,36.43,36.73,Single GRU
559716,2026-03-08,2026-03-23,36.6,36.47,36.78,Single GRU
559716,2026-03-08,2026-03-24,36.62,36.46,36.77,Single GRU
559716,2026-03-08,2026-03-25,36.63,36.48,36.82,Single GRU
559716,2026-03-08,2026-03-26,36.68,36.51,36.89,Single GRU
559716,2026-03-08,2026-03-27,36.7,36.51,36.9,Single GRU
559716,2026-03-08,2026-03-28,36.74,36.57,36.92,Single GRU
559716,2026-03-08,2026-03-29,36.77,36.51,36.96,Single GRU
559716,2026-03-08,2026-03-30,36.78,36.6,36.96,Single GRU
559716,2026-03-08,2026-03-31,36.82,36.61,36.98,Single GRU
559716,2026-03-08,2026-04-01,36.82,36.65,37.0,Single GRU
559716,2026-03-08,2026-04-02,36.82,36.59,37.02,Single GRU
559716,2026-03-08,2026-04-03,36.85,36.68,37.01,Single GRU
559716,2026-03-08,2026-04-04,36.85,36.66,37.02,Single GRU
559716,2026-03-08,2026-04-05,36.89,36.66,37.04,Single GRU
559716,2026-03-08,2026-04-06,36.9,36.69,37.05,Single GRU
559716,2026-03-08,2026-04-07,36.9,36.64,37.05,Single GRU
561976,2026-03-08,2026-03-09,30.08,30.05,30.12,Single GRU
561976,2026-03-08,2026-03-10,30.14,30.07,30.2,Single GRU
561976,2026-03-08,2026-03-11,30.18,30.1,30.26,Single GRU
561976,2026-03-08,2026-03-12,30.2,30.09,30.32,Single GRU
561976,2026-03-08,2026-03-13,30.25,30.14,30.37,Single GRU
561976,2026-03-08,2026-03-14,30.32,30.16,30.45,Single GRU
561976,2026-03-08,2026-03-15,30.38,30.22,30.53,Single GRU
561976,2026-03-08,2026-03-16,30.43,30.23,30.62,Single GRU
561976,2026-03-08,2026-03-17,30.52,30.25,30.73,Single GRU
561976,2026-03-08,2026-03-18,30.61,30.39,30.81,Single GRU
561976,2026-03-08,2026-03-19,30.76,30.37,30.98,Single GRU
561976,2026-03-08,2026-03-20,30.76,30.51,30.98,Single GRU
561976,2026-03-08,2026-03-21,30.85,30.6,31.05,Single GRU
561976,2026-03-08,2026-03-22,30.95,30.63,31.16,Single GRU
561976,2026-03-08,2026-03-23,31.02,30.77,31.27,Single GRU
561976,2026-03-08,2026-03-24,31.06,30.8,31.33,Single GRU
561976,2026-03-08,2026-03-25,31.1,30.79,31.32,Single GRU
561976,2026-03-08,2026-03-26,31.22,30.84,31.4,Single GRU
561976,2026-03-08,2026-03-27,31.21,30.87,31.48,Single GRU
561976,2026-03-08,2026-03-28,31.25,30.97,31.47,Single GRU
561976,2026-03-08,2026-03-29,31.34,30.93,31.58,Single GRU
561976,2026-03-08,2026-03-30,31.32,31.0,31.51,Single GRU
561976,2026-03-08,2026-03-31,31.35,31.07,31.56,Single GRU
561976,2026-03-08,2026-04-01,31.39,31.12,31.58,Single GRU
561976,2026-03-08,2026-04-02,31.41,31.07,31.63,Single GRU
561976,2026-03-08,2026-04-03,31.4,31.17,31.6,Single GRU
561976,2026-03-08,2026-04-04,31.42,31.16,31.6,Single GRU
561976,2026-03-08,2026-04-05,31.45,31.22,31.63,Single GRU
561976,2026-03-08,2026-04-06,31.5,31.2,31.65,Single GRU
561976,2026-03-08,2026-04-07,31.48,31.24,31.65,Single GRU
561977,2026-03-08,2026-03-09,25.4,25.39,25.42,Single GRU
561977,2026-03-08,2026-03-10,25.41,25.39,25.43,Single GRU
561977,2026-03-08,2026-03-11,25.42,25.4,25.45,Single GRU
561977,2026-03-08,2026-03-12,25.42,25.38,25.46,Single GRU
561977,2026-03-08,2026-03-13,25.43,25.39,25.47,Single GRU
561977,2026-03-08,2026-03-14,25.45,25.4,25.51,Single GRU
561977,2026-03-08,2026-03-15,25.47,25.42,25.53,Single GRU
561977,2026-03-08,2026-03-16,25.46,25.39,25.55,Single GRU
561977,2026-03-08,2026-03-17,25.48,25.4,25.57,Single GRU
561977,2026-03-08,2026-03-18,25.53,25.44,25.62,Single GRU
561977,2026-03-08,2026-03-19,25.55,25.44,25.67,Single GRU
561977,2026-03-08,2026-03-20,25.58,25.48,25.7,Single GRU
561977,2026-03-08,2026-03-21,25.63,25.54,25.74,Single GRU
561977,2026-03-08,2026-03-22,25.65,25.51,25.76,Single GRU
561977,2026-03-08,2026-03-23,25.69,25.58,25.81,Single GRU
561977,2026-03-08,2026-03-24,25.68,25.55,25.82,Single GRU
561977,2026-03-08,2026-03-25,25.73,25.61,25.9,Single GRU
561977,2026-03-08,2026-03-26,25.77,25.63,25.9,Single GRU
561977,2026-03-08,2026-03-27,25.79,25.59,25.93,Single GRU
561977,2026-03-08,2026-03-28,25.82,25.65,25.96,Single GRU
561977,2026-03-08,2026-03-29,25.82,25.62,25.97,Single GRU
561977,2026-03-08,2026-03-30,25.86,25.69,26.01,Single GRU
561977,2026-03-08,2026-03-31,25.88,25.68,26.03,Single GRU
561977,2026-03-08,2026-04-01,25.89,25.69,26.05,Single GRU
561977,2026-03-08,2026-04-02,25.86,25.64,26.05,Single GRU
561977,2026-03-08,2026-04-03,25.93,25.73,26.05,Single GRU
561977,2026-03-08,2026-04-04,25.91,25.73,26.07,Single GRU
561977,2026-03-08,2026-04-05,25.95,25.74,26.1,Single GRU
561977,2026-03-08,2026-04-06,25.96,25.76,26.1,Single GRU
561977,2026-03-08,2026-04-07,25.95,25.74,26.11,Single GRU
561978,2026-03-08,2026-03-09,17.63,17.62,17.63,Single GRU
561978,2026-03-08,2026-03-10,17.61,17.61,17.62,Single GRU
561978,2026-03-08,2026-03-11,17.6,17.59,17.61,Single GRU
561978,2026-03-08,2026-03-12,17.58,17.57,17.6,Single GRU
561978,2026-03-08,2026-03-13,17.56,17.54,17.58,Single GRU
561978,2026-03-08,2026-03-14,17.55,17.52,17.57,Single GRU
561978,2026-03-08,2026-03-15,17.53,17.5,17.56,Single GRU
561978,2026-03-08,2026-03-16,17.51,17.49,17.54,Single GRU
561978,2026-03-08,2026-03-17,17.5,17.47,17.53,Single GRU
561978,2026-03-08,2026-03-18,17.49,17.46,17.53,Single GRU
561978,2026-03-08,2026-03-19,17.47,17.44,17.51,Single GRU
561978,2026-03-08,2026-03-20,17.46,17.43,17.5,Single GRU
561978,2026-03-08,2026-03-21,17.44,17.41,17.49,Single GRU
561978,2026-03-08,2026-03-22,17.43,17.4,17.47,Single GRU
561978,2026-03-08,2026-03-23,17.42,17.39,17.45,Single GRU
561978,2026-03-08,2026-03-24,17.4,17.38,17.44,Single GRU
561978,2026-03-08,2026-03-25,17.39,17.37,17.42,Single GRU
561978,2026-03-08,2026-03-26,17.38,17.37,17.41,Single GRU
561978,2026-03-08,2026-03-27,17.38,17.37,17.4,Single GRU
561978,2026-03-08,2026-03-28,17.38,17.37,17.41,Single GRU
561978,2026-03-08,2026-03-29,17.38,17.37,17.4,Single GRU
561978,2026-03-08,2026-03-30,17.37,17.37,17.39,Single GRU
561978,2026-03-08,2026-03-31,17.37,17.37,17.38,Single GRU
561978,2026-03-08,2026-04-01,17.37,17.37,17.39,Single GRU
561978,2026-03-08,2026-04-02,17.37,17.37,17.39,Single GRU
561978,2026-03-08,2026-04-03,17.37,17.37,17.38,Single GRU
561978,2026-03-08,2026-04-04,17.37,17.37,17.38,Single GRU
561978,2026-03-08,2026-04-05,17.37,17.37,17.38,Single GRU
561978,2026-03-08,2026-04-06,17.37,17.37,17.38,Single GRU
561978,2026-03-08,2026-04-07,17.37,17.37,17.37,Single GRU
561979,2026-03-08,2026-03-09,20.11,20.1,20.11,Single GRU
561979,2026-03-08,2026-03-10,20.1,20.09,20.11,Single GRU
561979,2026-03-08,2026-03-11,20.1,20.09,20.12,Single GRU
561979,2026-03-08,2026-03-12,20.09,20.07,20.12,Single GRU
561979,2026-03-08,2026-03-13,20.09,20.05,20.13,Single GRU
561979,2026-03-08,2026-03-14,20.09,20.05,20.13,Single GRU
561979,2026-03-08,2026-03-15,20.08,20.04,20.13,Single GRU
561979,2026-03-08,2026-03-16,20.07,20.02,20.13,Single GRU
561979,2026-03-08,2026-03-17,20.07,20.0,20.15,Single GRU
561979,2026-03-08,2026-03-18,20.08,20.02,20.16,Single GRU
561979,2026-03-08,2026-03-19,20.08,20.0,20.18,Single GRU
561979,2026-03-08,2026-03-20,20.1,20.02,20.2,Single GRU
561979,2026-03-08,2026-03-21,20.14,20.06,20.23,Single GRU
561979,2026-03-08,2026-03-22,20.13,20.04,20.24,Single GRU
561979,2026-03-08,2026-03-23,20.17,20.09,20.27,Single GRU
561979,2026-03-08,2026-03-24,20.15,20.07,20.25,Single GRU
561979,2026-03-08,2026-03-25,20.17,20.09,20.27,Single GRU
561979,2026-03-08,2026-03-26,20.21,20.14,20.31,Single GRU
561979,2026-03-08,2026-03-27,20.19,20.08,20.33,Single GRU
561979,2026-03-08,2026-03-28,20.22,20.12,20.32,Single GRU
561979,2026-03-08,2026-03-29,20.21,20.08,20.36,Single GRU
561979,2026-03-08,2026-03-30,20.26,20.15,20.36,Single GRU
561979,2026-03-08,2026-03-31,20.26,20.15,20.39,Single GRU
561979,2026-03-08,2026-04-01,20.23,20.11,20.34,Single GRU
561979,2026-03-08,2026-04-02,20.16,20.02,20.33,Single GRU
561979,2026-03-08,2026-04-03,20.27,20.14,20.37,Single GRU
561979,2026-03-08,2026-04-04,20.24,20.12,20.35,Single GRU
561979,2026-03-08,2026-04-05,20.32,20.2,20.44,Single GRU
561979,2026-03-08,2026-04-06,20.3,20.17,20.45,Single GRU
561979,2026-03-08,2026-04-07,20.3,20.16,20.45,Single GRU
561980,2026-03-08,2026-03-09,50.57,50.56,50.59,Single GRU
561980,2026-03-08,2026-03-10,50.54,50.51,50.56,Single GRU
561980,2026-03-08,2026-03-11,50.52,50.49,50.56,Single GRU
561980,2026-03-08,2026-03-12,50.49,50.44,50.54,Single GRU
561980,2026-03-08,2026-03-13,50.46,50.38,50.54,Single GRU
561980,2026-03-08,2026-03-14,50.42,50.34,50.5,Single GRU
561980,2026-03-08,2026-03-15,50.38,50.29,50.48,Single GRU
561980,2026-03-08,2026-03-16,50.37,50.24,50.48,Single GRU
561980,2026-03-08,2026-03-17,50.33,50.19,50.46,Single GRU
561980,2026-03-08,2026-03-18,50.31,50.15,50.47,Single GRU
561980,2026-03-08,2026-03-19,50.31,50.12,50.47,Single GRU
561980,2026-03-08,2026-03-20,50.37,50.14,50.54,Single GRU
561980,2026-03-08,2026-03-21,50.37,50.13,50.57,Single GRU
561980,2026-03-08,2026-03-22,50.33,50.11,50.56,Single GRU
561980,2026-03-08,2026-03-23,50.38,50.21,50.58,Single GRU
561980,2026-03-08,2026-03-24,50.29,50.11,50.5,Single GRU
561980,2026-03-08,2026-03-25,50.36,50.12,50.57,Single GRU
561980,2026-03-08,2026-03-26,50.39,50.19,50.61,Single GRU
561980,2026-03-08,2026-03-27,50.31,50.12,50.55,Single GRU
561980,2026-03-08,2026-03-28,50.38,50.18,50.61,Single GRU
561980,2026-03-08,2026-03-29,50.33,50.11,50.59,Single GRU
561980,2026-03-08,2026-03-30,50.45,50.29,50.64,Single GRU
561980,2026-03-08,2026-03-31,50.38,50.16,50.58,Single GRU
561980,2026-03-08,2026-04-01,50.36,50.1,50.61,Single GRU
561980,2026-03-08,2026-04-02,50.33,50.11,50.58,Single GRU
561980,2026-03-08,2026-04-03,50.33,50.11,50.57,Single GRU
561980,2026-03-08,2026-04-04,50.41,50.22,50.59,Single GRU
561980,2026-03-08,2026-04-05,50.44,50.21,50.67,Single GRU
561980,2026-03-08,2026-04-06,50.5,50.37,50.67,Single GRU
561980,2026-03-08,2026-04-07,50.41,50.2,50.63,Single GRU
561981,2026-03-08,2026-03-09,39.92,39.89,39.94,Single GRU
561981,2026-03-08,2026-03-10,39.87,39.85,39.9,Single GRU
561981,2026-03-08,2026-03-11,39.81,39.77,39.84,Single GRU
561981,2026-03-08,2026-03-12,39.73,39.69,39.77,Single GRU
561981,2026-03-08,2026-03-13,39.66,39.6,39.72,Single GRU
561981,2026-03-08,2026-03-14,39.59,39.52,39.65,Single GRU
561981,2026-03-08,2026-03-15,39.53,39.46,39.61,Single GRU
561981,2026-03-08,2026-03-16,39.47,39.39,39.55,Single GRU
561981,2026-03-08,2026-03-17,39.43,39.35,39.5,Single GRU
561981,2026-03-08,2026-03-18,39.36,39.29,39.47,Single GRU
561981,2026-03-08,2026-03-19,39.31,39.23,39.4,Single GRU
561981,2026-03-08,2026-03-20,39.23,39.16,39.34,Single GRU
561981,2026-03-08,2026-03-21,39.17,39.1,39.28,Single GRU
561981,2026-03-08,2026-03-22,39.1,39.05,39.2,Single GRU
561981,2026-03-08,2026-03-23,39.06,39.02,39.13,Single GRU
561981,2026-03-08,2026-03-24,39.02,39.0,39.08,Single GRU
561981,2026-03-08,2026-03-25,39.0,38.99,39.04,Single GRU
561981,2026-03-08,2026-03-26,39.0,38.99,39.03,Single GRU
561981,2026-03-08,2026-03-27,38.99,38.99,39.01,Single GRU
561981,2026-03-08,2026-03-28,38.99,38.99,39.0,Single GRU
561981,2026-03-08,2026-03-29,38.99,38.99,39.01,Single GRU
561981,2026-03-08,2026-03-30,38.99,38.99,38.99,Single GRU
561981,2026-03-08,2026-03-31,38.99,38.99,38.99,Single GRU
561981,2026-03-08,2026-04-01,38.99,38.99,39.0,Single GRU
561981,2026-03-08,2026-04-02,38.99,38.99,39.0,Single GRU
561981,2026-03-08,2026-04-03,38.99,38.99,38.99,Single GRU
561981,2026-03-08,2026-04-04,38.99,38.99,38.99,Single GRU
561981,2026-03-08,2026-04-05,38.99,38.99,38.99,Single GRU
561981,2026-03-08,2026-04-06,38.99,38.99,38.99,Single GRU
561981,2026-03-08,2026-04-07,38.99,38.99,38.99,Single GRU
561982,2026-03-08,2026-03-09,54.66,54.53,54.79,Single GRU
561982,2026-03-08,2026-03-10,54.4,54.19,54.6,Single GRU
561982,2026-03-08,2026-03-11,54.01,53.68,54.32,Single GRU
561982,2026-03-08,2026-03-12,53.57,53.15,53.92,Single GRU
561982,2026-03-08,2026-03-13,53.14,52.56,53.52,Single GRU
561982,2026-03-08,2026-03-14,52.72,52.1,53.12,Single GRU
561982,2026-03-08,2026-03-15,52.32,51.68,52.79,Single GRU
561982,2026-03-08,2026-03-16,51.95,51.3,52.5,Single GRU
561982,2026-03-08,2026-03-17,51.68,51.02,52.23,Single GRU
561982,2026-03-08,2026-03-18,51.38,50.7,52.03,Single GRU
561982,2026-03-08,2026-03-19,51.02,50.39,51.63,Single GRU
561982,2026-03-08,2026-03-20,50.68,50.13,51.44,Single GRU
561982,2026-03-08,2026-03-21,50.23,49.7,50.96,Single GRU
561982,2026-03-08,2026-03-22,49.88,49.5,50.47,Single GRU
561982,2026-03-08,2026-03-23,49.69,49.4,50.28,Single GRU
561982,2026-03-08,2026-03-24,49.49,49.31,49.96,Single GRU
561982,2026-03-08,2026-03-25,49.35,49.27,49.69,Single GRU
561982,2026-03-08,2026-03-26,49.33,49.25,49.59,Single GRU
561982,2026-03-08,2026-03-27,49.28,49.24,49.42,Single GRU
561982,2026-03-08,2026-03-28,49.27,49.24,49.41,Single GRU
561982,2026-03-08,2026-03-29,49.28,49.24,49.43,Single GRU
561982,2026-03-08,2026-03-30,49.25,49.24,49.33,Single GRU
561982,2026-03-08,2026-03-31,49.25,49.24,49.3,Single GRU
561982,2026-03-08,2026-04-01,49.25,49.24,49.33,Single GRU
561982,2026-03-08,2026-04-02,49.25,49.24,49.38,Single GRU
561982,2026-03-08,2026-04-03,49.24,49.24,49.29,Single GRU
561982,2026-03-08,2026-04-04,49.24,49.24,49.28,Single GRU
561982,2026-03-08,2026-04-05,49.24,49.24,49.28,Single GRU
561982,2026-03-08,2026-04-06,49.24,49.24,49.27,Single GRU
561982,2026-03-08,2026-04-07,49.24,49.24,49.27,Single GRU
561983,2026-03-08,2026-03-09,89.11,89.04,89.18,Single GRU
561983,2026-03-08,2026-03-10,89.06,88.96,89.13,Single GRU
561983,2026-03-08,2026-03-11,88.92,88.8,89.04,Single GRU
561983,2026-03-08,2026-03-12,88.77,88.6,88.93,Single GRU
561983,2026-03-08,2026-03-13,88.62,88.37,88.85,Single GRU
561983,2026-03-08,2026-03-14,88.47,88.19,88.74,Single GRU
561983,2026-03-08,2026-03-15,88.33,88.05,88.65,Single GRU
561983,2026-03-08,2026-03-16,88.23,87.94,88.59,Single GRU
561983,2026-03-08,2026-03-17,88.14,87.82,88.54,Single GRU
561983,2026-03-08,2026-03-18,87.99,87.68,88.45,Single GRU
561983,2026-03-08,2026-03-19,87.88,87.58,88.35,Single GRU
561983,2026-03-08,2026-03-20,87.68,87.45,88.25,Single GRU
561983,2026-03-08,2026-03-21,87.57,87.35,88.04,Single GRU
561983,2026-03-08,2026-03-22,87.42,87.3,87.83,Single GRU
561983,2026-03-08,2026-03-23,87.34,87.26,87.66,Single GRU
561983,2026-03-08,2026-03-24,87.28,87.25,87.54,Single GRU
561983,2026-03-08,2026-03-25,87.26,87.25,87.41,Single GRU
561983,2026-03-08,2026-03-26,87.25,87.24,87.36,Single GRU
561983,2026-03-08,2026-03-27,87.25,87.24,87.3,Single GRU
561983,2026-03-08,2026-03-28,87.25,87.24,87.28,Single GRU
561983,2026-03-08,2026-03-29,87.25,87.24,87.31,Single GRU
561983,2026-03-08,2026-03-30,87.24,87.24,87.27,Single GRU
561983,2026-03-08,2026-03-31,87.24,87.24,87.26,Single GRU
561983,2026-03-08,2026-04-01,87.24,87.24,87.26,Single GRU
561983,2026-03-08,2026-04-02,87.24,87.24,87.28,Single GRU
561983,2026-03-08,2026-04-03,87.24,87.24,87.25,Single GRU
561983,2026-03-08,2026-04-04,87.24,87.24,87.26,Single GRU
561983,2026-03-08,2026-04-05,87.24,87.24,87.25,Single GRU
561983,2026-03-08,2026-04-06,87.24,87.24,87.25,Single GRU
561983,2026-03-08,2026-04-07,87.24,87.24,87.25,Single GRU
561984,2026-03-08,2026-03-09,65.34,65.22,65.45,Single GRU
561984,2026-03-08,2026-03-10,65.13,64.99,65.29,Single GRU
561984,2026-03-08,2026-03-11,64.85,64.62,65.05,Single GRU
561984,2026-03-08,2026-03-12,64.48,64.2,64.74,Single GRU
561984,2026-03-08,2026-03-13,64.11,63.8,64.48,Single GRU
561984,2026-03-08,2026-03-14,63.81,63.43,64.19,Single GRU
561984,2026-03-08,2026-03-15,63.53,63.13,63.96,Single GRU
561984,2026-03-08,2026-03-16,63.29,62.89,63.73,Single GRU
561984,2026-03-08,2026-03-17,63.1,62.7,63.55,Single GRU
561984,2026-03-08,2026-03-18,62.93,62.45,63.33,Single GRU
561984,2026-03-08,2026-03-19,62.67,62.29,63.11,Single GRU
561984,2026-03-08,2026-03-20,62.4,62.06,62.94,Single GRU
561984,2026-03-08,2026-03-21,62.14,61.86,62.65,Single GRU
561984,2026-03-08,2026-03-22,61.92,61.75,62.44,Single GRU
561984,2026-03-08,2026-03-23,61.83,61.68,62.09,Single GRU
561984,2026-03-08,2026-03-24,61.7,61.64,61.94,Single GRU
561984,2026-03-08,2026-03-25,61.65,61.62,61.81,Single GRU
561984,2026-03-08,2026-03-26,61.64,61.62,61.72,Single GRU
561984,2026-03-08,2026-03-27,61.62,61.61,61.68,Single GRU
561984,2026-03-08,2026-03-28,61.62,61.61,61.66,Single GRU
561984,2026-03-08,2026-03-29,61.62,61.61,61.68,Single GRU
561984,2026-03-08,2026-03-30,61.62,61.61,61.63,Single GRU
561984,2026-03-08,2026-03-31,61.62,61.61,61.63,Single GRU
561984,2026-03-08,2026-04-01,61.61,61.61,61.64,Single GRU
561984,2026-03-08,2026-04-02,61.62,61.61,61.64,Single GRU
561984,2026-03-08,2026-04-03,61.61,61.61,61.62,Single GRU
561984,2026-03-08,2026-04-04,61.61,61.61,61.63,Single GRU
561984,2026-03-08,2026-04-05,61.61,61.61,61.63,Single GRU
561984,2026-03-08,2026-04-06,61.61,61.61,61.62,Single GRU
561984,2026-03-08,2026-04-07,61.61,61.61,61.62,Single GRU
561991,2026-03-08,2026-03-09,105.51,105.4,105.6,Single GRU
561991,2026-03-08,2026-03-10,105.33,105.2,105.54,Single GRU
561991,2026-03-08,2026-03-11,105.06,104.87,105.35,Single GRU
561991,2026-03-08,2026-03-12,104.74,104.44,105.11,Single GRU
561991,2026-03-08,2026-03-13,104.43,103.99,104.88,Single GRU
561991,2026-03-08,2026-03-14,104.06,103.55,104.61,Single GRU
561991,2026-03-08,2026-03-15,103.73,103.17,104.45,Single GRU
561991,2026-03-08,2026-03-16,103.44,102.8,104.22,Single GRU
561991,2026-03-08,2026-03-17,103.23,102.56,104.07,Single GRU
561991,2026-03-08,2026-03-18,102.97,102.16,103.93,Single GRU
561991,2026-03-08,2026-03-19,102.68,101.85,103.76,Single GRU
561991,2026-03-08,2026-03-20,102.35,101.53,103.62,Single GRU
561991,2026-03-08,2026-03-21,101.9,101.06,103.37,Single GRU
561991,2026-03-08,2026-03-22,101.33,100.56,102.59,Single GRU
561991,2026-03-08,2026-03-23,100.96,100.36,102.51,Single GRU
561991,2026-03-08,2026-03-24,100.51,100.0,101.83,Single GRU
561991,2026-03-08,2026-03-25,100.22,99.87,101.16,Single GRU
561991,2026-03-08,2026-03-26,100.12,99.84,101.24,Single GRU
561991,2026-03-08,2026-03-27,99.94,99.78,100.67,Single GRU
561991,2026-03-08,2026-03-28,99.92,99.77,100.58,Single GRU
561991,2026-03-08,2026-03-29,99.94,99.77,100.86,Single GRU
561991,2026-03-08,2026-03-30,99.83,99.76,100.34,Single GRU
561991,2026-03-08,2026-03-31,99.81,99.76,100.2,Single GRU
561991,2026-03-08,2026-04-01,99.83,99.75,100.37,Single GRU
561991,2026-03-08,2026-04-02,99.85,99.76,100.3,Single GRU
561991,2026-03-08,2026-04-03,99.78,99.75,100.02,Single GRU
561991,2026-03-08,2026-04-04,99.79,99.75,100.05,Single GRU
561991,2026-03-08,2026-04-05,99.79,99.75,100.13,Single GRU
561991,2026-03-08,2026-04-06,99.77,99.75,100.02,Single GRU
561991,2026-03-08,2026-04-07,99.76,99.74,99.96,Single GRU
561992,2026-03-08,2026-03-09,38.93,38.91,38.94,Single GRU
561992,2026-03-08,2026-03-10,38.93,38.9,38.96,Single GRU
561992,2026-03-08,2026-03-11,38.94,38.9,38.97,Single GRU
561992,2026-03-08,2026-03-12,38.92,38.88,38.98,Single GRU
561992,2026-03-08,2026-03-13,38.93,38.87,39.0,Single GRU
561992,2026-03-08,2026-03-14,38.94,38.86,39.01,Single GRU
561992,2026-03-08,2026-03-15,38.94,38.86,39.03,Single GRU
561992,2026-03-08,2026-03-16,38.94,38.84,39.05,Single GRU
561992,2026-03-08,2026-03-17,38.95,38.83,39.07,Single GRU
561992,2026-03-08,2026-03-18,38.99,38.86,39.12,Single GRU
561992,2026-03-08,2026-03-19,39.0,38.84,39.17,Single GRU
561992,2026-03-08,2026-03-20,39.03,38.86,39.17,Single GRU
561992,2026-03-08,2026-03-21,39.09,38.92,39.23,Single GRU
561992,2026-03-08,2026-03-22,39.11,38.89,39.25,Single GRU
561992,2026-03-08,2026-03-23,39.15,38.97,39.33,Single GRU
561992,2026-03-08,2026-03-24,39.14,38.95,39.34,Single GRU
561992,2026-03-08,2026-03-25,39.19,38.97,39.35,Single GRU
561992,2026-03-08,2026-03-26,39.25,39.01,39.42,Single GRU
561992,2026-03-08,2026-03-27,39.27,39.02,39.48,Single GRU
561992,2026-03-08,2026-03-28,39.28,39.05,39.47,Single GRU
561992,2026-03-08,2026-03-29,39.27,38.98,39.54,Single GRU
561992,2026-03-08,2026-03-30,39.36,39.18,39.6,Single GRU
561992,2026-03-08,2026-03-31,39.41,39.14,39.64,Single GRU
561992,2026-03-08,2026-04-01,39.34,39.07,39.59,Single GRU
561992,2026-03-08,2026-04-02,39.32,38.99,39.58,Single GRU
561992,2026-03-08,2026-04-03,39.42,39.19,39.62,Single GRU
561992,2026-03-08,2026-04-04,39.41,39.18,39.65,Single GRU
561992,2026-03-08,2026-04-05,39.49,39.24,39.72,Single GRU
561992,2026-03-08,2026-04-06,39.5,39.22,39.72,Single GRU
561992,2026-03-08,2026-04-07,39.48,39.18,39.74,Single GRU
561993,2026-03-08,2026-03-09,39.61,39.56,39.66,Single GRU
561993,2026-03-08,2026-03-10,39.48,39.37,39.56,Single GRU
561993,2026-03-08,2026-03-11,39.38,39.22,39.53,Single GRU
561993,2026-03-08,2026-03-12,39.24,39.03,39.4,Single GRU
561993,2026-03-08,2026-03-13,39.17,38.77,39.38,Single GRU
561993,2026-03-08,2026-03-14,38.95,38.57,39.22,Single GRU
561993,2026-03-08,2026-03-15,38.83,38.36,39.15,Single GRU
561993,2026-03-08,2026-03-16,38.81,38.3,39.08,Single GRU
561993,2026-03-08,2026-03-17,38.64,38.02,38.97,Single GRU
561993,2026-03-08,2026-03-18,38.56,37.83,39.03,Single GRU
561993,2026-03-08,2026-03-19,38.57,37.79,38.97,Single GRU
561993,2026-03-08,2026-03-20,38.6,37.66,39.24,Single GRU
561993,2026-03-08,2026-03-21,38.62,37.71,39.19,Single GRU
561993,2026-03-08,2026-03-22,38.54,37.6,39.15,Single GRU
561993,2026-03-08,2026-03-23,38.61,37.67,39.15,Single GRU
561993,2026-03-08,2026-03-24,38.37,37.5,38.98,Single GRU
561993,2026-03-08,2026-03-25,38.49,37.58,39.07,Single GRU
561993,2026-03-08,2026-03-26,38.42,37.43,39.19,Single GRU
561993,2026-03-08,2026-03-27,38.35,37.52,39.1,Single GRU
561993,2026-03-08,2026-03-28,38.42,37.41,39.28,Single GRU
561993,2026-03-08,2026-03-29,38.24,37.43,39.02,Single GRU
561993,2026-03-08,2026-03-30,38.47,37.7,39.13,Single GRU
561993,2026-03-08,2026-03-31,38.11,37.07,38.98,Single GRU
561993,2026-03-08,2026-04-01,38.25,37.37,38.98,Single GRU
561993,2026-03-08,2026-04-02,38.22,37.32,38.97,Single GRU
561993,2026-03-08,2026-04-03,38.19,37.25,38.93,Single GRU
561993,2026-03-08,2026-04-04,38.27,37.37,38.95,Single GRU
561993,2026-03-08,2026-04-05,38.36,37.47,39.23,Single GRU
561993,2026-03-08,2026-04-06,38.5,37.61,39.22,Single GRU
561993,2026-03-08,2026-04-07,38.27,37.39,39.02,Single GRU
561994,2026-03-08,2026-03-09,37.96,37.96,37.97,Single GRU
561994,2026-03-08,2026-03-10,37.97,37.95,37.99,Single GRU
561994,2026-03-08,2026-03-11,37.98,37.96,38.0,Single GRU
561994,2026-03-08,2026-03-12,37.98,37.95,38.01,Single GRU
561994,2026-03-08,2026-03-13,37.99,37.96,38.02,Single GRU
561994,2026-03-08,2026-03-14,38.0,37.96,38.04,Single GRU
561994,2026-03-08,2026-03-15,38.01,37.97,38.05,Single GRU
561994,2026-03-08,2026-03-16,38.0,37.94,38.06,Single GRU
561994,2026-03-08,2026-03-17,38.01,37.95,38.08,Single GRU
561994,2026-03-08,2026-03-18,38.05,37.99,38.13,Single GRU
561994,2026-03-08,2026-03-19,38.07,37.98,38.16,Single GRU
561994,2026-03-08,2026-03-20,38.09,38.02,38.18,Single GRU
561994,2026-03-08,2026-03-21,38.13,38.06,38.23,Single GRU
561994,2026-03-08,2026-03-22,38.14,38.05,38.25,Single GRU
561994,2026-03-08,2026-03-23,38.17,38.07,38.27,Single GRU
561994,2026-03-08,2026-03-24,38.15,38.05,38.29,Single GRU
561994,2026-03-08,2026-03-25,38.17,38.08,38.31,Single GRU
561994,2026-03-08,2026-03-26,38.21,38.12,38.35,Single GRU
561994,2026-03-08,2026-03-27,38.21,38.08,38.35,Single GRU
561994,2026-03-08,2026-03-28,38.23,38.12,38.4,Single GRU
561994,2026-03-08,2026-03-29,38.23,38.08,38.4,Single GRU
561994,2026-03-08,2026-03-30,38.23,38.12,38.4,Single GRU
561994,2026-03-08,2026-03-31,38.25,38.14,38.41,Single GRU
561994,2026-03-08,2026-04-01,38.26,38.12,38.43,Single GRU
561994,2026-03-08,2026-04-02,38.24,38.06,38.43,Single GRU
561994,2026-03-08,2026-04-03,38.27,38.15,38.44,Single GRU
561994,2026-03-08,2026-04-04,38.25,38.13,38.43,Single GRU
561994,2026-03-08,2026-04-05,38.29,38.15,38.49,Single GRU
561994,2026-03-08,2026-04-06,38.29,38.15,38.47,Single GRU
561994,2026-03-08,2026-04-07,38.27,38.13,38.47,Single GRU
561995,2026-03-08,2026-03-09,24.68,24.66,24.7,Single GRU
561995,2026-03-08,2026-03-10,24.63,24.59,24.66,Single GRU
561995,2026-03-08,2026-03-11,24.59,24.54,24.65,Single GRU
561995,2026-03-08,2026-03-12,24.55,24.48,24.6,Single GRU
561995,2026-03-08,2026-03-13,24.52,24.38,24.63,Single GRU
561995,2026-03-08,2026-03-14,24.44,24.29,24.55,Single GRU
561995,2026-03-08,2026-03-15,24.4,24.21,24.52,Single GRU
561995,2026-03-08,2026-03-16,24.4,24.24,24.56,Single GRU
561995,2026-03-08,2026-03-17,24.33,24.11,24.49,Single GRU
561995,2026-03-08,2026-03-18,24.31,24.04,24.49,Single GRU
561995,2026-03-08,2026-03-19,24.33,24.03,24.55,Single GRU
561995,2026-03-08,2026-03-20,24.31,23.96,24.58,Single GRU
561995,2026-03-08,2026-03-21,24.37,23.99,24.62,Single GRU
561995,2026-03-08,2026-03-22,24.35,23.96,24.6,Single GRU
561995,2026-03-08,2026-03-23,24.37,24.06,24.64,Single GRU
561995,2026-03-08,2026-03-24,24.28,23.97,24.54,Single GRU
561995,2026-03-08,2026-03-25,24.38,24.0,24.65,Single GRU
561995,2026-03-08,2026-03-26,24.35,24.04,24.67,Single GRU
561995,2026-03-08,2026-03-27,24.34,24.06,24.62,Single GRU
561995,2026-03-08,2026-03-28,24.3,23.97,24.64,Single GRU
561995,2026-03-08,2026-03-29,24.24,23.95,24.51,Single GRU
561995,2026-03-08,2026-03-30,24.35,24.09,24.67,Single GRU
561995,2026-03-08,2026-03-31,24.25,23.93,24.62,Single GRU
561995,2026-03-08,2026-04-01,24.27,23.94,24.6,Single GRU
561995,2026-03-08,2026-04-02,24.25,23.92,24.51,Single GRU
561995,2026-03-08,2026-04-03,24.34,24.05,24.67,Single GRU
561995,2026-03-08,2026-04-04,24.3,24.04,24.6,Single GRU
561995,2026-03-08,2026-04-05,24.31,23.97,24.6,Single GRU
561995,2026-03-08,2026-04-06,24.38,24.03,24.62,Single GRU
561995,2026-03-08,2026-04-07,24.31,23.94,24.65,Single GRU
562000,2026-03-08,2026-03-09,15.1,15.1,15.11,Single GRU
562000,2026-03-08,2026-03-10,15.08,15.07,15.1,Single GRU
562000,2026-03-08,2026-03-11,15.07,15.05,15.09,Single GRU
562000,2026-03-08,2026-03-12,15.05,15.03,15.07,Single GRU
562000,2026-03-08,2026-03-13,15.03,14.99,15.08,Single GRU
562000,2026-03-08,2026-03-14,15.01,14.96,15.05,Single GRU
562000,2026-03-08,2026-03-15,14.99,14.93,15.04,Single GRU
562000,2026-03-08,2026-03-16,14.98,14.91,15.04,Single GRU
562000,2026-03-08,2026-03-17,14.95,14.89,15.02,Single GRU
562000,2026-03-08,2026-03-18,14.94,14.87,15.02,Single GRU
562000,2026-03-08,2026-03-19,14.94,14.84,15.02,Single GRU
562000,2026-03-08,2026-03-20,14.94,14.84,15.05,Single GRU
562000,2026-03-08,2026-03-21,14.94,14.82,15.04,Single GRU
562000,2026-03-08,2026-03-22,14.92,14.81,15.03,Single GRU
562000,2026-03-08,2026-03-23,14.95,14.86,15.04,Single GRU
562000,2026-03-08,2026-03-24,14.92,14.81,15.01,Single GRU
562000,2026-03-08,2026-03-25,14.93,14.81,15.05,Single GRU
562000,2026-03-08,2026-03-26,14.93,14.83,15.03,Single GRU
562000,2026-03-08,2026-03-27,14.92,14.84,15.06,Single GRU
562000,2026-03-08,2026-03-28,14.93,14.81,15.04,Single GRU
562000,2026-03-08,2026-03-29,14.9,14.8,15.01,Single GRU
562000,2026-03-08,2026-03-30,14.96,14.87,15.06,Single GRU
562000,2026-03-08,2026-03-31,14.9,14.8,15.03,Single GRU
562000,2026-03-08,2026-04-01,14.9,14.78,15.03,Single GRU
562000,2026-03-08,2026-04-02,14.92,14.83,15.01,Single GRU
562000,2026-03-08,2026-04-03,14.91,14.81,15.03,Single GRU
562000,2026-03-08,2026-04-04,14.94,14.86,15.04,Single GRU
562000,2026-03-08,2026-04-05,14.91,14.82,15.04,Single GRU
562000,2026-03-08,2026-04-06,14.96,14.86,15.03,Single GRU
562000,2026-03-08,2026-04-07,14.91,14.8,15.05,Single GRU
562007,2026-03-08,2026-03-09,64.2,64.18,64.21,Single GRU
562007,2026-03-08,2026-03-10,64.18,64.14,64.24,Single GRU
562007,2026-03-08,2026-03-11,64.2,64.15,64.25,Single GRU
562007,2026-03-08,2026-03-12,64.18,64.11,64.27,Single GRU
562007,2026-03-08,2026-03-13,64.21,64.14,64.3,Single GRU
562007,2026-03-08,2026-03-14,64.2,64.11,64.31,Single GRU
562007,2026-03-08,2026-03-15,64.19,64.11,64.33,Single GRU
562007,2026-03-08,2026-03-16,64.18,64.06,64.35,Single GRU
562007,2026-03-08,2026-03-17,64.18,64.02,64.45,Single GRU
562007,2026-03-08,2026-03-18,64.2,64.08,64.51,Single GRU
562007,2026-03-08,2026-03-19,64.23,64.06,64.63,Single GRU
562007,2026-03-08,2026-03-20,64.36,64.24,64.66,Single GRU
562007,2026-03-08,2026-03-21,64.43,64.32,64.73,Single GRU
562007,2026-03-08,2026-03-22,64.45,64.26,64.85,Single GRU
562007,2026-03-08,2026-03-23,64.41,64.32,64.83,Single GRU
562007,2026-03-08,2026-03-24,64.38,64.22,64.96,Single GRU
562007,2026-03-08,2026-03-25,64.42,64.36,64.98,Single GRU
562007,2026-03-08,2026-03-26,64.53,64.38,65.04,Single GRU
562007,2026-03-08,2026-03-27,64.5,64.19,65.23,Single GRU
562007,2026-03-08,2026-03-28,64.53,64.4,65.01,Single GRU
562007,2026-03-08,2026-03-29,64.46,64.13,65.22,Single GRU
562007,2026-03-08,2026-03-30,64.43,64.22,65.08,Single GRU
562007,2026-03-08,2026-03-31,64.51,64.33,64.88,Single GRU
562007,2026-03-08,2026-04-01,64.51,64.27,65.05,Single GRU
562007,2026-03-08,2026-04-02,64.37,64.0,65.05,Single GRU
562007,2026-03-08,2026-04-03,64.53,64.32,65.09,Single GRU
562007,2026-03-08,2026-04-04,64.29,64.15,64.96,Single GRU
562007,2026-03-08,2026-04-05,64.61,64.37,65.06,Single GRU
562007,2026-03-08,2026-04-06,64.55,64.27,64.99,Single GRU
562007,2026-03-08,2026-04-07,64.53,64.23,65.13,Single GRU
562021,2026-03-08,2026-03-09,133.59,133.51,133.66,Single GRU
562021,2026-03-08,2026-03-10,133.38,133.26,133.51,Single GRU
562021,2026-03-08,2026-03-11,133.28,133.06,133.47,Single GRU
562021,2026-03-08,2026-03-12,133.07,132.84,133.32,Single GRU
562021,2026-03-08,2026-03-13,132.99,132.42,133.34,Single GRU
562021,2026-03-08,2026-03-14,132.63,132.2,133.14,Single GRU
562021,2026-03-08,2026-03-15,132.45,131.89,133.07,Single GRU
562021,2026-03-08,2026-03-16,132.54,131.79,133.06,Single GRU
562021,2026-03-08,2026-03-17,132.15,131.41,132.86,Single GRU
562021,2026-03-08,2026-03-18,132.12,131.2,132.93,Single GRU
562021,2026-03-08,2026-03-19,132.18,131.08,133.01,Single GRU
562021,2026-03-08,2026-03-20,132.14,130.75,133.17,Single GRU
562021,2026-03-08,2026-03-21,132.35,130.96,133.33,Single GRU
562021,2026-03-08,2026-03-22,132.17,130.91,133.23,Single GRU
562021,2026-03-08,2026-03-23,132.34,131.1,133.31,Single GRU
562021,2026-03-08,2026-03-24,132.01,130.82,133.1,Single GRU
562021,2026-03-08,2026-03-25,132.23,131.07,133.38,Single GRU
562021,2026-03-08,2026-03-26,132.11,130.91,133.28,Single GRU
562021,2026-03-08,2026-03-27,132.07,131.04,133.2,Single GRU
562021,2026-03-08,2026-03-28,132.17,130.61,133.37,Single GRU
562021,2026-03-08,2026-03-29,131.69,130.41,132.76,Single GRU
562021,2026-03-08,2026-03-30,132.07,131.15,133.14,Single GRU
562021,2026-03-08,2026-03-31,131.81,130.17,132.94,Single GRU
562021,2026-03-08,2026-04-01,131.76,130.8,133.2,Single GRU
562021,2026-03-08,2026-04-02,131.7,130.34,132.76,Single GRU
562021,2026-03-08,2026-04-03,132.2,130.99,133.13,Single GRU
562021,2026-03-08,2026-04-04,131.8,130.83,132.93,Single GRU
562021,2026-03-08,2026-04-05,131.91,130.88,133.36,Single GRU
562021,2026-03-08,2026-04-06,131.98,130.79,133.29,Single GRU
562021,2026-03-08,2026-04-07,131.84,130.32,133.19,Single GRU
590822,2026-03-08,2026-03-09,24.11,24.11,24.12,Single GRU
590822,2026-03-08,2026-03-10,24.11,24.1,24.13,Single GRU
590822,2026-03-08,2026-03-11,24.11,24.1,24.13,Single GRU
590822,2026-03-08,2026-03-12,24.11,24.09,24.14,Single GRU
590822,2026-03-08,2026-03-13,24.11,24.08,24.15,Single GRU
590822,2026-03-08,2026-03-14,24.12,24.08,24.16,Single GRU
590822,2026-03-08,2026-03-15,24.13,24.08,24.16,Single GRU
590822,2026-03-08,2026-03-16,24.12,24.06,24.17,Single GRU
590822,2026-03-08,2026-03-17,24.12,24.06,24.18,Single GRU
590822,2026-03-08,2026-03-18,24.15,24.07,24.2,Single GRU
590822,2026-03-08,2026-03-19,24.17,24.09,24.25,Single GRU
590822,2026-03-08,2026-03-20,24.18,24.09,24.25,Single GRU
590822,2026-03-08,2026-03-21,24.21,24.13,24.29,Single GRU
590822,2026-03-08,2026-03-22,24.23,24.14,24.33,Single GRU
590822,2026-03-08,2026-03-23,24.24,24.13,24.31,Single GRU
590822,2026-03-08,2026-03-24,24.23,24.13,24.32,Single GRU
590822,2026-03-08,2026-03-25,24.26,24.17,24.37,Single GRU
590822,2026-03-08,2026-03-26,24.27,24.16,24.4,Single GRU
590822,2026-03-08,2026-03-27,24.28,24.16,24.39,Single GRU
590822,2026-03-08,2026-03-28,24.29,24.17,24.41,Single GRU
590822,2026-03-08,2026-03-29,24.27,24.14,24.44,Single GRU
590822,2026-03-08,2026-03-30,24.3,24.16,24.43,Single GRU
590822,2026-03-08,2026-03-31,24.31,24.18,24.46,Single GRU
590822,2026-03-08,2026-04-01,24.29,24.16,24.45,Single GRU
590822,2026-03-08,2026-04-02,24.24,24.1,24.44,Single GRU
590822,2026-03-08,2026-04-03,24.33,24.23,24.46,Single GRU
590822,2026-03-08,2026-04-04,24.32,24.16,24.45,Single GRU
590822,2026-03-08,2026-04-05,24.39,24.22,24.52,Single GRU
590822,2026-03-08,2026-04-06,24.35,24.2,24.5,Single GRU
590822,2026-03-08,2026-04-07,24.36,24.19,24.54,Single GRU
591994,2026-03-08,2026-03-09,53.88,53.84,53.92,Single GRU
591994,2026-03-08,2026-03-10,53.8,53.74,53.85,Single GRU
591994,2026-03-08,2026-03-11,53.68,53.61,53.77,Single GRU
591994,2026-03-08,2026-03-12,53.56,53.45,53.66,Single GRU
591994,2026-03-08,2026-03-13,53.43,53.28,53.56,Single GRU
591994,2026-03-08,2026-03-14,53.3,53.12,53.45,Single GRU
591994,2026-03-08,2026-03-15,53.19,53.0,53.35,Single GRU
591994,2026-03-08,2026-03-16,53.08,52.9,53.27,Single GRU
591994,2026-03-08,2026-03-17,52.99,52.8,53.2,Single GRU
591994,2026-03-08,2026-03-18,52.91,52.7,53.13,Single GRU
591994,2026-03-08,2026-03-19,52.81,52.62,53.02,Single GRU
591994,2026-03-08,2026-03-20,52.71,52.49,52.91,Single GRU
591994,2026-03-08,2026-03-21,52.58,52.41,52.84,Single GRU
591994,2026-03-08,2026-03-22,52.47,52.35,52.7,Single GRU
591994,2026-03-08,2026-03-23,52.39,52.31,52.56,Single GRU
591994,2026-03-08,2026-03-24,52.33,52.28,52.46,Single GRU
591994,2026-03-08,2026-03-25,52.3,52.27,52.41,Single GRU
591994,2026-03-08,2026-03-26,52.29,52.27,52.37,Single GRU
591994,2026-03-08,2026-03-27,52.28,52.27,52.33,Single GRU
591994,2026-03-08,2026-03-28,52.28,52.27,52.31,Single GRU
591994,2026-03-08,2026-03-29,52.28,52.27,52.33,Single GRU
591994,2026-03-08,2026-03-30,52.27,52.27,52.3,Single GRU
591994,2026-03-08,2026-03-31,52.27,52.27,52.29,Single GRU
591994,2026-03-08,2026-04-01,52.27,52.27,52.29,Single GRU
591994,2026-03-08,2026-04-02,52.27,52.27,52.29,Single GRU
591994,2026-03-08,2026-04-03,52.27,52.27,52.28,Single GRU
591994,2026-03-08,2026-04-04,52.27,52.27,52.28,Single GRU
591994,2026-03-08,2026-04-05,52.27,52.27,52.28,Single GRU
591994,2026-03-08,2026-04-06,52.27,52.27,52.28,Single GRU
591994,2026-03-08,2026-04-07,52.27,52.27,52.27,Single GRU
591998,2026-03-08,2026-03-09,61.18,61.13,61.22,Single GRU
591998,2026-03-08,2026-03-10,61.29,61.18,61.36,Single GRU
591998,2026-03-08,2026-03-11,61.33,61.22,61.43,Single GRU
591998,2026-03-08,2026-03-12,61.41,61.26,61.53,Single GRU
591998,2026-03-08,2026-03-13,61.49,61.31,61.59,Single GRU
591998,2026-03-08,2026-03-14,61.58,61.38,61.75,Single GRU
591998,2026-03-08,2026-03-15,61.66,61.45,61.86,Single GRU
591998,2026-03-08,2026-03-16,61.75,61.46,61.96,Single GRU
591998,2026-03-08,2026-03-17,61.87,61.53,62.11,Single GRU
591998,2026-03-08,2026-03-18,62.01,61.74,62.29,Single GRU
591998,2026-03-08,2026-03-19,62.18,61.82,62.45,Single GRU
591998,2026-03-08,2026-03-20,62.2,61.83,62.43,Single GRU
591998,2026-03-08,2026-03-21,62.27,61.96,62.53,Single GRU
591998,2026-03-08,2026-03-22,62.38,61.99,62.63,Single GRU
591998,2026-03-08,2026-03-23,62.46,62.14,62.67,Single GRU
591998,2026-03-08,2026-03-24,62.54,62.2,62.73,Single GRU
591998,2026-03-08,2026-03-25,62.58,62.25,62.76,Single GRU
591998,2026-03-08,2026-03-26,62.65,62.33,62.82,Single GRU
591998,2026-03-08,2026-03-27,62.66,62.27,62.84,Single GRU
591998,2026-03-08,2026-03-28,62.7,62.41,62.85,Single GRU
591998,2026-03-08,2026-03-29,62.78,62.5,62.91,Single GRU
591998,2026-03-08,2026-03-30,62.76,62.5,62.89,Single GRU
591998,2026-03-08,2026-03-31,62.78,62.53,62.89,Single GRU
591998,2026-03-08,2026-04-01,62.81,62.56,62.92,Single GRU
591998,2026-03-08,2026-04-02,62.85,62.58,62.93,Single GRU
591998,2026-03-08,2026-04-03,62.83,62.58,62.92,Single GRU
591998,2026-03-08,2026-04-04,62.86,62.65,62.93,Single GRU
591998,2026-03-08,2026-04-05,62.85,62.56,62.93,Single GRU
591998,2026-03-08,2026-04-06,62.87,62.64,62.94,Single GRU
591998,2026-03-08,2026-04-07,62.87,62.66,62.95,Single GRU
591999,2026-03-08,2026-03-09,54.67,54.65,54.7,Single GRU
591999,2026-03-08,2026-03-10,54.69,54.66,54.75,Single GRU
591999,2026-03-08,2026-03-11,54.72,54.67,54.78,Single GRU
591999,2026-03-08,2026-03-12,54.74,54.67,54.82,Single GRU
591999,2026-03-08,2026-03-13,54.76,54.69,54.86,Single GRU
591999,2026-03-08,2026-03-14,54.8,54.72,54.93,Single GRU
591999,2026-03-08,2026-03-15,54.83,54.75,54.96,Single GRU
591999,2026-03-08,2026-03-16,54.85,54.76,55.01,Single GRU
591999,2026-03-08,2026-03-17,54.88,54.77,55.09,Single GRU
591999,2026-03-08,2026-03-18,54.97,54.84,55.17,Single GRU
591999,2026-03-08,2026-03-19,55.05,54.89,55.3,Single GRU
591999,2026-03-08,2026-03-20,55.08,54.92,55.29,Single GRU
591999,2026-03-08,2026-03-21,55.16,55.0,55.38,Single GRU
591999,2026-03-08,2026-03-22,55.18,55.01,55.43,Single GRU
591999,2026-03-08,2026-03-23,55.26,55.06,55.49,Single GRU
591999,2026-03-08,2026-03-24,55.27,55.08,55.53,Single GRU
591999,2026-03-08,2026-03-25,55.3,55.13,55.56,Single GRU
591999,2026-03-08,2026-03-26,55.38,55.18,55.65,Single GRU
591999,2026-03-08,2026-03-27,55.39,55.13,55.64,Single GRU
591999,2026-03-08,2026-03-28,55.43,55.25,55.68,Single GRU
591999,2026-03-08,2026-03-29,55.45,55.18,55.7,Single GRU
591999,2026-03-08,2026-03-30,55.48,55.23,55.73,Single GRU
591999,2026-03-08,2026-03-31,55.53,55.28,55.77,Single GRU
591999,2026-03-08,2026-04-01,55.51,55.31,55.78,Single GRU
591999,2026-03-08,2026-04-02,55.53,55.31,55.8,Single GRU
591999,2026-03-08,2026-04-03,55.56,55.34,55.8,Single GRU
591999,2026-03-08,2026-04-04,55.59,55.35,55.81,Single GRU
591999,2026-03-08,2026-04-05,55.63,55.37,55.85,Single GRU
591999,2026-03-08,2026-04-06,55.63,55.39,55.84,Single GRU
591999,2026-03-08,2026-04-07,55.64,55.39,55.85,Single GRU
592000,2026-03-08,2026-03-09,24.85,24.84,24.86,Single GRU
592000,2026-03-08,2026-03-10,24.86,24.84,24.88,Single GRU
592000,2026-03-08,2026-03-11,24.87,24.84,24.9,Single GRU
592000,2026-03-08,2026-03-12,24.87,24.83,24.91,Single GRU
592000,2026-03-08,2026-03-13,24.89,24.84,24.92,Single GRU
592000,2026-03-08,2026-03-14,24.9,24.84,24.96,Single GRU
592000,2026-03-08,2026-03-15,24.91,24.86,24.98,Single GRU
592000,2026-03-08,2026-03-16,24.91,24.83,24.99,Single GRU
592000,2026-03-08,2026-03-17,24.92,24.84,25.03,Single GRU
592000,2026-03-08,2026-03-18,24.97,24.88,25.08,Single GRU
592000,2026-03-08,2026-03-19,25.01,24.85,25.14,Single GRU
592000,2026-03-08,2026-03-20,25.05,24.91,25.18,Single GRU
592000,2026-03-08,2026-03-21,25.08,24.96,25.22,Single GRU
592000,2026-03-08,2026-03-22,25.1,24.97,25.24,Single GRU
592000,2026-03-08,2026-03-23,25.1,25.01,25.28,Single GRU
592000,2026-03-08,2026-03-24,25.12,24.98,25.27,Single GRU
592000,2026-03-08,2026-03-25,25.21,25.06,25.38,Single GRU
592000,2026-03-08,2026-03-26,25.23,25.04,25.4,Single GRU
592000,2026-03-08,2026-03-27,25.23,25.06,25.36,Single GRU
592000,2026-03-08,2026-03-28,25.25,25.08,25.43,Single GRU
592000,2026-03-08,2026-03-29,25.26,25.12,25.42,Single GRU
592000,2026-03-08,2026-03-30,25.32,25.14,25.47,Single GRU
592000,2026-03-08,2026-03-31,25.31,25.11,25.46,Single GRU
592000,2026-03-08,2026-04-01,25.32,25.15,25.5,Single GRU
592000,2026-03-08,2026-04-02,25.33,25.12,25.52,Single GRU
592000,2026-03-08,2026-04-03,25.36,25.2,25.51,Single GRU
592000,2026-03-08,2026-04-04,25.38,25.2,25.55,Single GRU
592000,2026-03-08,2026-04-05,25.38,25.19,25.55,Single GRU
592000,2026-03-08,2026-04-06,25.4,25.24,25.56,Single GRU
592000,2026-03-08,2026-04-07,25.41,25.21,25.57,Single GRU
592001,2026-03-08,2026-03-09,26.45,26.39,26.5,Single GRU
592001,2026-03-08,2026-03-10,26.55,26.46,26.63,Single GRU
592001,2026-03-08,2026-03-11,26.61,26.5,26.72,Single GRU
592001,2026-03-08,2026-03-12,26.67,26.55,26.8,Single GRU
592001,2026-03-08,2026-03-13,26.75,26.59,26.88,Single GRU
592001,2026-03-08,2026-03-14,26.85,26.66,27.02,Single GRU
592001,2026-03-08,2026-03-15,26.92,26.72,27.11,Single GRU
592001,2026-03-08,2026-03-16,26.99,26.74,27.19,Single GRU
592001,2026-03-08,2026-03-17,27.09,26.83,27.31,Single GRU
592001,2026-03-08,2026-03-18,27.23,26.98,27.46,Single GRU
592001,2026-03-08,2026-03-19,27.38,27.02,27.56,Single GRU
592001,2026-03-08,2026-03-20,27.37,27.12,27.57,Single GRU
592001,2026-03-08,2026-03-21,27.45,27.12,27.61,Single GRU
592001,2026-03-08,2026-03-22,27.51,27.19,27.67,Single GRU
592001,2026-03-08,2026-03-23,27.57,27.34,27.7,Single GRU
592001,2026-03-08,2026-03-24,27.64,27.38,27.74,Single GRU
592001,2026-03-08,2026-03-25,27.65,27.36,27.75,Single GRU
592001,2026-03-08,2026-03-26,27.7,27.45,27.77,Single GRU
592001,2026-03-08,2026-03-27,27.7,27.44,27.77,Single GRU
592001,2026-03-08,2026-03-28,27.72,27.51,27.79,Single GRU
592001,2026-03-08,2026-03-29,27.75,27.55,27.79,Single GRU
592001,2026-03-08,2026-03-30,27.75,27.54,27.79,Single GRU
592001,2026-03-08,2026-03-31,27.76,27.57,27.8,Single GRU
592001,2026-03-08,2026-04-01,27.77,27.65,27.8,Single GRU
592001,2026-03-08,2026-04-02,27.78,27.66,27.8,Single GRU
592001,2026-03-08,2026-04-03,27.78,27.63,27.8,Single GRU
592001,2026-03-08,2026-04-04,27.79,27.65,27.8,Single GRU
592001,2026-03-08,2026-04-05,27.78,27.67,27.81,Single GRU
592001,2026-03-08,2026-04-06,27.79,27.69,27.81,Single GRU
592001,2026-03-08,2026-04-07,27.79,27.69,27.81,Single GRU
592012,2026-03-08,2026-03-09,32.78,32.77,32.78,Single GRU
592012,2026-03-08,2026-03-10,32.78,32.77,32.79,Single GRU
592012,2026-03-08,2026-03-11,32.79,32.77,32.8,Single GRU
592012,2026-03-08,2026-03-12,32.79,32.76,32.81,Single GRU
592012,2026-03-08,2026-03-13,32.8,32.77,32.82,Single GRU
592012,2026-03-08,2026-03-14,32.81,32.77,32.84,Single GRU
592012,2026-03-08,2026-03-15,32.81,32.78,32.85,Single GRU
592012,2026-03-08,2026-03-16,32.82,32.77,32.86,Single GRU
592012,2026-03-08,2026-03-17,32.82,32.77,32.88,Single GRU
592012,2026-03-08,2026-03-18,32.85,32.8,32.91,Single GRU
592012,2026-03-08,2026-03-19,32.88,32.79,32.95,Single GRU
592012,2026-03-08,2026-03-20,32.89,32.82,32.96,Single GRU
592012,2026-03-08,2026-03-21,32.92,32.86,33.0,Single GRU
592012,2026-03-08,2026-03-22,32.93,32.85,33.0,Single GRU
592012,2026-03-08,2026-03-23,32.94,32.88,33.02,Single GRU
592012,2026-03-08,2026-03-24,32.94,32.86,33.02,Single GRU
592012,2026-03-08,2026-03-25,32.97,32.9,33.06,Single GRU
592012,2026-03-08,2026-03-26,32.99,32.9,33.1,Single GRU
592012,2026-03-08,2026-03-27,32.98,32.89,33.09,Single GRU
592012,2026-03-08,2026-03-28,33.01,32.92,33.09,Single GRU
592012,2026-03-08,2026-03-29,33.01,32.89,33.13,Single GRU
592012,2026-03-08,2026-03-30,33.05,32.95,33.14,Single GRU
592012,2026-03-08,2026-03-31,33.07,32.98,33.17,Single GRU
592012,2026-03-08,2026-04-01,33.04,32.93,33.15,Single GRU
592012,2026-03-08,2026-04-02,33.03,32.89,33.14,Single GRU
592012,2026-03-08,2026-04-03,33.06,32.97,33.16,Single GRU
592012,2026-03-08,2026-04-04,33.06,32.96,33.17,Single GRU
592012,2026-03-08,2026-04-05,33.1,32.98,33.22,Single GRU
592012,2026-03-08,2026-04-06,33.09,32.98,33.21,Single GRU
592012,2026-03-08,2026-04-07,33.11,32.98,33.22,Single GRU
592013,2026-03-08,2026-03-09,46.27,46.11,46.45,Single GRU
592013,2026-03-08,2026-03-10,46.54,46.29,46.78,Single GRU
592013,2026-03-08,2026-03-11,46.73,46.38,47.13,Single GRU
592013,2026-03-08,2026-03-12,46.89,46.42,47.34,Single GRU
592013,2026-03-08,2026-03-13,47.08,46.53,47.53,Single GRU
592013,2026-03-08,2026-03-14,47.39,46.65,47.91,Single GRU
592013,2026-03-08,2026-03-15,47.67,47.02,48.25,Single GRU
592013,2026-03-08,2026-03-16,47.89,46.96,48.66,Single GRU
592013,2026-03-08,2026-03-17,48.2,47.15,48.98,Single GRU
592013,2026-03-08,2026-03-18,48.67,47.61,49.39,Single GRU
592013,2026-03-08,2026-03-19,49.05,47.69,49.9,Single GRU
592013,2026-03-08,2026-03-20,49.17,47.93,50.0,Single GRU
592013,2026-03-08,2026-03-21,49.37,48.17,50.09,Single GRU
592013,2026-03-08,2026-03-22,49.6,48.33,50.27,Single GRU
592013,2026-03-08,2026-03-23,49.84,48.64,50.43,Single GRU
592013,2026-03-08,2026-03-24,49.96,48.84,50.54,Single GRU
592013,2026-03-08,2026-03-25,50.13,48.83,50.69,Single GRU
592013,2026-03-08,2026-03-26,50.29,49.24,50.76,Single GRU
592013,2026-03-08,2026-03-27,50.39,49.5,50.74,Single GRU
592013,2026-03-08,2026-03-28,50.48,49.25,50.83,Single GRU
592013,2026-03-08,2026-03-29,50.56,49.64,50.84,Single GRU
592013,2026-03-08,2026-03-30,50.59,49.72,50.85,Single GRU
592013,2026-03-08,2026-03-31,50.64,49.68,50.88,Single GRU
592013,2026-03-08,2026-04-01,50.7,49.97,50.9,Single GRU
592013,2026-03-08,2026-04-02,50.75,50.03,50.94,Single GRU
592013,2026-03-08,2026-04-03,50.77,49.98,50.93,Single GRU
592013,2026-03-08,2026-04-04,50.77,50.05,50.95,Single GRU
592013,2026-03-08,2026-04-05,50.8,49.91,50.95,Single GRU
592013,2026-03-08,2026-04-06,50.81,50.25,50.94,Single GRU
592013,2026-03-08,2026-04-07,50.82,50.19,50.95,Single GRU
592014,2026-03-08,2026-03-09,28.06,28.05,28.07,Single GRU
592014,2026-03-08,2026-03-10,28.02,28.0,28.04,Single GRU
592014,2026-03-08,2026-03-11,27.99,27.97,28.03,Single GRU
592014,2026-03-08,2026-03-12,27.96,27.92,27.99,Single GRU
592014,2026-03-08,2026-03-13,27.92,27.87,28.0,Single GRU
592014,2026-03-08,2026-03-14,27.87,27.82,27.96,Single GRU
592014,2026-03-08,2026-03-15,27.84,27.77,27.93,Single GRU
592014,2026-03-08,2026-03-16,27.82,27.75,27.94,Single GRU
592014,2026-03-08,2026-03-17,27.77,27.69,27.89,Single GRU
592014,2026-03-08,2026-03-18,27.74,27.66,27.9,Single GRU
592014,2026-03-08,2026-03-19,27.74,27.64,27.91,Single GRU
592014,2026-03-08,2026-03-20,27.7,27.56,27.94,Single GRU
592014,2026-03-08,2026-03-21,27.72,27.59,27.93,Single GRU
592014,2026-03-08,2026-03-22,27.72,27.59,27.94,Single GRU
592014,2026-03-08,2026-03-23,27.74,27.6,27.94,Single GRU
592014,2026-03-08,2026-03-24,27.71,27.59,27.9,Single GRU
592014,2026-03-08,2026-03-25,27.76,27.61,27.97,Single GRU
592014,2026-03-08,2026-03-26,27.69,27.54,27.92,Single GRU
592014,2026-03-08,2026-03-27,27.73,27.59,27.99,Single GRU
592014,2026-03-08,2026-03-28,27.71,27.55,27.92,Single GRU
592014,2026-03-08,2026-03-29,27.67,27.5,27.87,Single GRU
592014,2026-03-08,2026-03-30,27.72,27.56,27.88,Single GRU
592014,2026-03-08,2026-03-31,27.68,27.49,27.92,Single GRU
592014,2026-03-08,2026-04-01,27.65,27.46,27.9,Single GRU
592014,2026-03-08,2026-04-02,27.63,27.47,27.85,Single GRU
592014,2026-03-08,2026-04-03,27.73,27.57,27.94,Single GRU
592014,2026-03-08,2026-04-04,27.7,27.54,27.91,Single GRU
592014,2026-03-08,2026-04-05,27.75,27.57,27.96,Single GRU
592014,2026-03-08,2026-04-06,27.73,27.55,27.9,Single GRU
592014,2026-03-08,2026-04-07,27.71,27.51,27.93,Single GRU
592030,2026-03-08,2026-03-09,37.97,37.96,37.98,Single GRU
592030,2026-03-08,2026-03-10,37.98,37.96,37.99,Single GRU
592030,2026-03-08,2026-03-11,37.98,37.96,38.01,Single GRU
592030,2026-03-08,2026-03-12,37.98,37.95,38.01,Single GRU
592030,2026-03-08,2026-03-13,37.99,37.96,38.02,Single GRU
592030,2026-03-08,2026-03-14,38.01,37.97,38.05,Single GRU
592030,2026-03-08,2026-03-15,38.02,37.97,38.07,Single GRU
592030,2026-03-08,2026-03-16,38.01,37.96,38.07,Single GRU
592030,2026-03-08,2026-03-17,38.03,37.96,38.1,Single GRU
592030,2026-03-08,2026-03-18,38.07,38.0,38.14,Single GRU
592030,2026-03-08,2026-03-19,38.08,38.01,38.19,Single GRU
592030,2026-03-08,2026-03-20,38.12,38.03,38.2,Single GRU
592030,2026-03-08,2026-03-21,38.16,38.09,38.24,Single GRU
592030,2026-03-08,2026-03-22,38.16,38.08,38.27,Single GRU
592030,2026-03-08,2026-03-23,38.19,38.09,38.31,Single GRU
592030,2026-03-08,2026-03-24,38.19,38.08,38.29,Single GRU
592030,2026-03-08,2026-03-25,38.23,38.13,38.35,Single GRU
592030,2026-03-08,2026-03-26,38.27,38.15,38.4,Single GRU
592030,2026-03-08,2026-03-27,38.24,38.09,38.37,Single GRU
592030,2026-03-08,2026-03-28,38.29,38.16,38.4,Single GRU
592030,2026-03-08,2026-03-29,38.29,38.14,38.4,Single GRU
592030,2026-03-08,2026-03-30,38.33,38.22,38.45,Single GRU
592030,2026-03-08,2026-03-31,38.35,38.21,38.47,Single GRU
592030,2026-03-08,2026-04-01,38.33,38.2,38.47,Single GRU
592030,2026-03-08,2026-04-02,38.32,38.15,38.47,Single GRU
592030,2026-03-08,2026-04-03,38.38,38.25,38.49,Single GRU
592030,2026-03-08,2026-04-04,38.38,38.25,38.51,Single GRU
592030,2026-03-08,2026-04-05,38.4,38.25,38.53,Single GRU
592030,2026-03-08,2026-04-06,38.4,38.26,38.53,Single GRU
592030,2026-03-08,2026-04-07,38.41,38.26,38.53,Single GRU
592031,2026-03-08,2026-03-09,63.11,63.01,63.2,Single GRU
592031,2026-03-08,2026-03-10,62.85,62.7,63.01,Single GRU
592031,2026-03-08,2026-03-11,62.7,62.46,62.93,Single GRU
592031,2026-03-08,2026-03-12,62.45,62.14,62.74,Single GRU
592031,2026-03-08,2026-03-13,62.29,61.7,62.72,Single GRU
592031,2026-03-08,2026-03-14,61.92,61.37,62.45,Single GRU
592031,2026-03-08,2026-03-15,61.72,61.07,62.35,Single GRU
592031,2026-03-08,2026-03-16,61.58,60.8,62.29,Single GRU
592031,2026-03-08,2026-03-17,61.25,60.5,62.04,Single GRU
592031,2026-03-08,2026-03-18,61.17,60.23,62.07,Single GRU
592031,2026-03-08,2026-03-19,61.16,60.06,62.06,Single GRU
592031,2026-03-08,2026-03-20,60.99,59.61,62.25,Single GRU
592031,2026-03-08,2026-03-21,61.16,59.84,62.39,Single GRU
592031,2026-03-08,2026-03-22,60.99,59.91,62.4,Single GRU
592031,2026-03-08,2026-03-23,61.29,59.76,62.29,Single GRU
592031,2026-03-08,2026-03-24,61.02,59.61,62.13,Single GRU
592031,2026-03-08,2026-03-25,61.07,60.02,62.5,Single GRU
592031,2026-03-08,2026-03-26,60.74,59.57,62.02,Single GRU
592031,2026-03-08,2026-03-27,61.15,59.82,62.35,Single GRU
592031,2026-03-08,2026-03-28,61.02,59.36,62.21,Single GRU
592031,2026-03-08,2026-03-29,60.6,59.75,61.87,Single GRU
592031,2026-03-08,2026-03-30,60.86,59.99,62.09,Single GRU
592031,2026-03-08,2026-03-31,60.46,59.26,61.95,Single GRU
592031,2026-03-08,2026-04-01,60.48,58.91,61.79,Single GRU
592031,2026-03-08,2026-04-02,60.47,59.03,61.82,Single GRU
592031,2026-03-08,2026-04-03,60.84,59.61,62.13,Single GRU
592031,2026-03-08,2026-04-04,60.73,59.62,61.83,Single GRU
592031,2026-03-08,2026-04-05,61.04,59.92,62.36,Single GRU
592031,2026-03-08,2026-04-06,61.0,59.81,62.06,Single GRU
592031,2026-03-08,2026-04-07,60.66,59.42,61.89,Single GRU
592032,2026-03-08,2026-03-09,27.25,27.24,27.26,Single GRU
592032,2026-03-08,2026-03-10,27.25,27.24,27.27,Single GRU
592032,2026-03-08,2026-03-11,27.26,27.24,27.29,Single GRU
592032,2026-03-08,2026-03-12,27.25,27.22,27.29,Single GRU
592032,2026-03-08,2026-03-13,27.27,27.24,27.31,Single GRU
592032,2026-03-08,2026-03-14,27.29,27.24,27.33,Single GRU
592032,2026-03-08,2026-03-15,27.3,27.25,27.36,Single GRU
592032,2026-03-08,2026-03-16,27.29,27.23,27.35,Single GRU
592032,2026-03-08,2026-03-17,27.3,27.24,27.37,Single GRU
592032,2026-03-08,2026-03-18,27.37,27.28,27.44,Single GRU
592032,2026-03-08,2026-03-19,27.39,27.29,27.5,Single GRU
592032,2026-03-08,2026-03-20,27.43,27.32,27.53,Single GRU
592032,2026-03-08,2026-03-21,27.49,27.39,27.59,Single GRU
592032,2026-03-08,2026-03-22,27.5,27.37,27.62,Single GRU
592032,2026-03-08,2026-03-23,27.51,27.38,27.63,Single GRU
592032,2026-03-08,2026-03-24,27.51,27.36,27.63,Single GRU
592032,2026-03-08,2026-03-25,27.59,27.47,27.75,Single GRU
592032,2026-03-08,2026-03-26,27.62,27.48,27.76,Single GRU
592032,2026-03-08,2026-03-27,27.57,27.41,27.71,Single GRU
592032,2026-03-08,2026-03-28,27.64,27.46,27.82,Single GRU
592032,2026-03-08,2026-03-29,27.64,27.48,27.81,Single GRU
592032,2026-03-08,2026-03-30,27.71,27.58,27.85,Single GRU
592032,2026-03-08,2026-03-31,27.71,27.52,27.85,Single GRU
592032,2026-03-08,2026-04-01,27.73,27.59,27.88,Single GRU
592032,2026-03-08,2026-04-02,27.7,27.51,27.87,Single GRU
592032,2026-03-08,2026-04-03,27.78,27.61,27.91,Single GRU
592032,2026-03-08,2026-04-04,27.77,27.6,27.92,Single GRU
592032,2026-03-08,2026-04-05,27.8,27.59,27.95,Single GRU
592032,2026-03-08,2026-04-06,27.79,27.61,27.96,Single GRU
592032,2026-03-08,2026-04-07,27.81,27.64,27.93,Single GRU
592034,2026-03-08,2026-03-09,28.53,28.52,28.55,Single GRU
592034,2026-03-08,2026-03-10,28.49,28.46,28.51,Single GRU
592034,2026-03-08,2026-03-11,28.44,28.4,28.49,Single GRU
592034,2026-03-08,2026-03-12,28.39,28.34,28.44,Single GRU
592034,2026-03-08,2026-03-13,28.33,28.27,28.4,Single GRU
592034,2026-03-08,2026-03-14,28.26,28.2,28.36,Single GRU
592034,2026-03-08,2026-03-15,28.21,28.14,28.32,Single GRU
592034,2026-03-08,2026-03-16,28.18,28.1,28.29,Single GRU
592034,2026-03-08,2026-03-17,28.14,28.06,28.25,Single GRU
592034,2026-03-08,2026-03-18,28.11,28.02,28.23,Single GRU
592034,2026-03-08,2026-03-19,28.07,27.99,28.2,Single GRU
592034,2026-03-08,2026-03-20,28.05,27.95,28.18,Single GRU
592034,2026-03-08,2026-03-21,28.01,27.92,28.15,Single GRU
592034,2026-03-08,2026-03-22,27.97,27.89,28.1,Single GRU
592034,2026-03-08,2026-03-23,27.94,27.87,28.06,Single GRU
592034,2026-03-08,2026-03-24,27.9,27.85,28.04,Single GRU
592034,2026-03-08,2026-03-25,27.87,27.82,27.98,Single GRU
592034,2026-03-08,2026-03-26,27.88,27.82,28.0,Single GRU
592034,2026-03-08,2026-03-27,27.85,27.81,27.98,Single GRU
592034,2026-03-08,2026-03-28,27.84,27.81,27.97,Single GRU
592034,2026-03-08,2026-03-29,27.84,27.8,27.94,Single GRU
592034,2026-03-08,2026-03-30,27.83,27.8,27.9,Single GRU
592034,2026-03-08,2026-03-31,27.82,27.79,27.9,Single GRU
592034,2026-03-08,2026-04-01,27.82,27.79,27.93,Single GRU
592034,2026-03-08,2026-04-02,27.83,27.8,27.92,Single GRU
592034,2026-03-08,2026-04-03,27.81,27.79,27.88,Single GRU
592034,2026-03-08,2026-04-04,27.81,27.79,27.88,Single GRU
592034,2026-03-08,2026-04-05,27.81,27.78,27.87,Single GRU
592034,2026-03-08,2026-04-06,27.81,27.79,27.89,Single GRU
592034,2026-03-08,2026-04-07,27.8,27.78,27.85,Single GRU
592036,2026-03-08,2026-03-09,40.33,40.3,40.35,Single GRU
592036,2026-03-08,2026-03-10,40.25,40.21,40.29,Single GRU
592036,2026-03-08,2026-03-11,40.16,40.1,40.22,Single GRU
592036,2026-03-08,2026-03-12,40.05,39.98,40.12,Single GRU
592036,2026-03-08,2026-03-13,39.95,39.84,40.04,Single GRU
592036,2026-03-08,2026-03-14,39.84,39.72,39.96,Single GRU
592036,2026-03-08,2026-03-15,39.75,39.62,39.89,Single GRU
592036,2026-03-08,2026-03-16,39.66,39.53,39.81,Single GRU
592036,2026-03-08,2026-03-17,39.61,39.47,39.76,Single GRU
592036,2026-03-08,2026-03-18,39.52,39.39,39.7,Single GRU
592036,2026-03-08,2026-03-19,39.46,39.31,39.64,Single GRU
592036,2026-03-08,2026-03-20,39.38,39.21,39.59,Single GRU
592036,2026-03-08,2026-03-21,39.27,39.13,39.46,Single GRU
592036,2026-03-08,2026-03-22,39.19,39.07,39.34,Single GRU
592036,2026-03-08,2026-03-23,39.13,39.02,39.26,Single GRU
592036,2026-03-08,2026-03-24,39.06,39.0,39.16,Single GRU
592036,2026-03-08,2026-03-25,39.01,38.97,39.07,Single GRU
592036,2026-03-08,2026-03-26,38.99,38.96,39.07,Single GRU
592036,2026-03-08,2026-03-27,38.97,38.95,39.06,Single GRU
592036,2026-03-08,2026-03-28,38.97,38.95,39.02,Single GRU
592036,2026-03-08,2026-03-29,38.97,38.95,39.01,Single GRU
592036,2026-03-08,2026-03-30,38.96,38.95,38.99,Single GRU
592036,2026-03-08,2026-03-31,38.96,38.95,38.99,Single GRU
592036,2026-03-08,2026-04-01,38.96,38.94,38.99,Single GRU
592036,2026-03-08,2026-04-02,38.96,38.95,39.01,Single GRU
592036,2026-03-08,2026-04-03,38.95,38.94,38.96,Single GRU
592036,2026-03-08,2026-04-04,38.95,38.94,38.98,Single GRU
592036,2026-03-08,2026-04-05,38.95,38.94,38.97,Single GRU
592036,2026-03-08,2026-04-06,38.95,38.94,38.97,Single GRU
592036,2026-03-08,2026-04-07,38.95,38.94,38.96,Single GRU
592037,2026-03-08,2026-03-09,56.06,56.05,56.06,Single GRU
592037,2026-03-08,2026-03-10,56.01,55.99,56.02,Single GRU
592037,2026-03-08,2026-03-11,55.99,55.96,56.01,Single GRU
592037,2026-03-08,2026-03-12,55.94,55.9,55.97,Single GRU
592037,2026-03-08,2026-03-13,55.92,55.88,55.97,Single GRU
592037,2026-03-08,2026-03-14,55.88,55.82,55.93,Single GRU
592037,2026-03-08,2026-03-15,55.85,55.78,55.92,Single GRU
592037,2026-03-08,2026-03-16,55.79,55.72,55.87,Single GRU
592037,2026-03-08,2026-03-17,55.76,55.69,55.83,Single GRU
592037,2026-03-08,2026-03-18,55.78,55.69,55.86,Single GRU
592037,2026-03-08,2026-03-19,55.74,55.66,55.83,Single GRU
592037,2026-03-08,2026-03-20,55.81,55.66,55.95,Single GRU
592037,2026-03-08,2026-03-21,55.81,55.66,55.95,Single GRU
592037,2026-03-08,2026-03-22,55.8,55.69,55.94,Single GRU
592037,2026-03-08,2026-03-23,55.77,55.62,55.94,Single GRU
592037,2026-03-08,2026-03-24,55.71,55.6,55.89,Single GRU
592037,2026-03-08,2026-03-25,55.77,55.62,55.93,Single GRU
592037,2026-03-08,2026-03-26,55.67,55.49,55.88,Single GRU
592037,2026-03-08,2026-03-27,55.72,55.55,55.89,Single GRU
592037,2026-03-08,2026-03-28,55.73,55.54,55.93,Single GRU
592037,2026-03-08,2026-03-29,55.57,55.4,55.74,Single GRU
592037,2026-03-08,2026-03-30,55.59,55.33,55.84,Single GRU
592037,2026-03-08,2026-03-31,55.55,55.26,55.82,Single GRU
592037,2026-03-08,2026-04-01,55.51,55.24,55.8,Single GRU
592037,2026-03-08,2026-04-02,55.46,55.2,55.74,Single GRU
592037,2026-03-08,2026-04-03,55.63,55.4,55.84,Single GRU
592037,2026-03-08,2026-04-04,55.46,55.16,55.75,Single GRU
592037,2026-03-08,2026-04-05,55.65,55.41,55.91,Single GRU
592037,2026-03-08,2026-04-06,55.58,55.35,55.82,Single GRU
592037,2026-03-08,2026-04-07,55.53,55.28,55.74,Single GRU
592038,2026-03-08,2026-03-09,26.37,26.37,26.38,Single GRU
592038,2026-03-08,2026-03-10,26.37,26.36,26.37,Single GRU
592038,2026-03-08,2026-03-11,26.36,26.36,26.37,Single GRU
592038,2026-03-08,2026-03-12,26.35,26.35,26.36,Single GRU
592038,2026-03-08,2026-03-13,26.35,26.34,26.36,Single GRU
592038,2026-03-08,2026-03-14,26.34,26.33,26.36,Single GRU
592038,2026-03-08,2026-03-15,26.34,26.33,26.35,Single GRU
592038,2026-03-08,2026-03-16,26.33,26.31,26.35,Single GRU
592038,2026-03-08,2026-03-17,26.32,26.3,26.34,Single GRU
592038,2026-03-08,2026-03-18,26.33,26.3,26.35,Single GRU
592038,2026-03-08,2026-03-19,26.32,26.3,26.35,Single GRU
592038,2026-03-08,2026-03-20,26.34,26.31,26.37,Single GRU
592038,2026-03-08,2026-03-21,26.35,26.32,26.38,Single GRU
592038,2026-03-08,2026-03-22,26.35,26.32,26.38,Single GRU
592038,2026-03-08,2026-03-23,26.35,26.31,26.38,Single GRU
592038,2026-03-08,2026-03-24,26.34,26.31,26.37,Single GRU
592038,2026-03-08,2026-03-25,26.36,26.33,26.39,Single GRU
592038,2026-03-08,2026-03-26,26.35,26.3,26.38,Single GRU
592038,2026-03-08,2026-03-27,26.35,26.32,26.4,Single GRU
592038,2026-03-08,2026-03-28,26.36,26.31,26.39,Single GRU
592038,2026-03-08,2026-03-29,26.32,26.28,26.37,Single GRU
592038,2026-03-08,2026-03-30,26.34,26.29,26.38,Single GRU
592038,2026-03-08,2026-03-31,26.34,26.29,26.38,Single GRU
592038,2026-03-08,2026-04-01,26.33,26.28,26.38,Single GRU
592038,2026-03-08,2026-04-02,26.3,26.25,26.35,Single GRU
592038,2026-03-08,2026-04-03,26.35,26.31,26.4,Single GRU
592038,2026-03-08,2026-04-04,26.32,26.27,26.36,Single GRU
592038,2026-03-08,2026-04-05,26.36,26.31,26.4,Single GRU
592038,2026-03-08,2026-04-06,26.34,26.29,26.39,Single GRU
592038,2026-03-08,2026-04-07,26.33,26.29,26.38,Single GRU
592040,2026-03-08,2026-03-09,32.14,32.12,32.18,Single GRU
592040,2026-03-08,2026-03-10,32.2,32.15,32.26,Single GRU
592040,2026-03-08,2026-03-11,32.23,32.17,32.3,Single GRU
592040,2026-03-08,2026-03-12,32.27,32.18,32.35,Single GRU
592040,2026-03-08,2026-03-13,32.3,32.21,32.4,Single GRU
592040,2026-03-08,2026-03-14,32.37,32.24,32.49,Single GRU
592040,2026-03-08,2026-03-15,32.41,32.28,32.53,Single GRU
592040,2026-03-08,2026-03-16,32.44,32.26,32.6,Single GRU
592040,2026-03-08,2026-03-17,32.51,32.31,32.67,Single GRU
592040,2026-03-08,2026-03-18,32.6,32.43,32.75,Single GRU
592040,2026-03-08,2026-03-19,32.69,32.43,32.85,Single GRU
592040,2026-03-08,2026-03-20,32.69,32.44,32.84,Single GRU
592040,2026-03-08,2026-03-21,32.75,32.53,32.89,Single GRU
592040,2026-03-08,2026-03-22,32.78,32.51,32.94,Single GRU
592040,2026-03-08,2026-03-23,32.81,32.64,32.95,Single GRU
592040,2026-03-08,2026-03-24,32.85,32.66,32.99,Single GRU
592040,2026-03-08,2026-03-25,32.89,32.7,33.0,Single GRU
592040,2026-03-08,2026-03-26,32.92,32.7,33.02,Single GRU
592040,2026-03-08,2026-03-27,32.92,32.73,33.02,Single GRU
592040,2026-03-08,2026-03-28,32.95,32.77,33.03,Single GRU
592040,2026-03-08,2026-03-29,32.98,32.85,33.05,Single GRU
592040,2026-03-08,2026-03-30,32.98,32.84,33.05,Single GRU
592040,2026-03-08,2026-03-31,32.98,32.84,33.05,Single GRU
592040,2026-03-08,2026-04-01,32.99,32.85,33.06,Single GRU
592040,2026-03-08,2026-04-02,33.02,32.89,33.06,Single GRU
592040,2026-03-08,2026-04-03,33.0,32.91,33.06,Single GRU
592040,2026-03-08,2026-04-04,33.02,32.91,33.06,Single GRU
592040,2026-03-08,2026-04-05,33.02,32.87,33.07,Single GRU
592040,2026-03-08,2026-04-06,33.03,32.92,33.07,Single GRU
592040,2026-03-08,2026-04-07,33.03,32.91,33.07,Single GRU
593162,2026-03-08,2026-03-09,15.97,15.93,16.01,Single GRU
593162,2026-03-08,2026-03-10,16.02,15.97,16.11,Single GRU
593162,2026-03-08,2026-03-11,16.06,15.99,16.16,Single GRU
593162,2026-03-08,2026-03-12,16.09,16.01,16.22,Single GRU
593162,2026-03-08,2026-03-13,16.13,16.04,16.27,Single GRU
593162,2026-03-08,2026-03-14,16.2,16.06,16.36,Single GRU
593162,2026-03-08,2026-03-15,16.26,16.1,16.44,Single GRU
593162,2026-03-08,2026-03-16,16.28,16.13,16.5,Single GRU
593162,2026-03-08,2026-03-17,16.35,16.17,16.6,Single GRU
593162,2026-03-08,2026-03-18,16.49,16.26,16.7,Single GRU
593162,2026-03-08,2026-03-19,16.57,16.28,16.82,Single GRU
593162,2026-03-08,2026-03-20,16.58,16.35,16.8,Single GRU
593162,2026-03-08,2026-03-21,16.67,16.41,16.87,Single GRU
593162,2026-03-08,2026-03-22,16.72,16.44,16.92,Single GRU
593162,2026-03-08,2026-03-23,16.78,16.55,16.98,Single GRU
593162,2026-03-08,2026-03-24,16.81,16.58,17.02,Single GRU
593162,2026-03-08,2026-03-25,16.86,16.59,17.04,Single GRU
593162,2026-03-08,2026-03-26,16.91,16.66,17.05,Single GRU
593162,2026-03-08,2026-03-27,16.88,16.65,17.09,Single GRU
593162,2026-03-08,2026-03-28,16.96,16.69,17.08,Single GRU
593162,2026-03-08,2026-03-29,16.98,16.76,17.11,Single GRU
593162,2026-03-08,2026-03-30,16.97,16.78,17.12,Single GRU
593162,2026-03-08,2026-03-31,17.01,16.78,17.12,Single GRU
593162,2026-03-08,2026-04-01,17.03,16.82,17.13,Single GRU
593162,2026-03-08,2026-04-02,17.06,16.86,17.14,Single GRU
593162,2026-03-08,2026-04-03,17.05,16.81,17.13,Single GRU
593162,2026-03-08,2026-04-04,17.07,16.87,17.14,Single GRU
593162,2026-03-08,2026-04-05,17.08,16.84,17.14,Single GRU
593162,2026-03-08,2026-04-06,17.07,16.9,17.14,Single GRU
593162,2026-03-08,2026-04-07,17.09,16.88,17.15,Single GRU
619733,2026-03-08,2026-03-09,110.07,110.02,110.14,Single GRU
619733,2026-03-08,2026-03-10,110.05,109.95,110.14,Single GRU
619733,2026-03-08,2026-03-11,110.04,109.88,110.15,Single GRU
619733,2026-03-08,2026-03-12,109.99,109.79,110.14,Single GRU
619733,2026-03-08,2026-03-13,109.92,109.66,110.19,Single GRU
619733,2026-03-08,2026-03-14,109.9,109.54,110.22,Single GRU
619733,2026-03-08,2026-03-15,109.87,109.46,110.3,Single GRU
619733,2026-03-08,2026-03-16,109.83,109.43,110.31,Single GRU
619733,2026-03-08,2026-03-17,109.82,109.29,110.33,Single GRU
619733,2026-03-08,2026-03-18,109.97,109.34,110.61,Single GRU
619733,2026-03-08,2026-03-19,109.97,109.29,110.74,Single GRU
619733,2026-03-08,2026-03-20,109.98,109.15,110.75,Single GRU
619733,2026-03-08,2026-03-21,110.1,109.23,110.88,Single GRU
619733,2026-03-08,2026-03-22,110.25,109.29,110.95,Single GRU
619733,2026-03-08,2026-03-23,110.42,109.64,111.22,Single GRU
619733,2026-03-08,2026-03-24,110.3,109.44,111.28,Single GRU
619733,2026-03-08,2026-03-25,110.69,109.61,111.52,Single GRU
619733,2026-03-08,2026-03-26,110.59,109.65,111.5,Single GRU
619733,2026-03-08,2026-03-27,110.89,110.09,111.64,Single GRU
619733,2026-03-08,2026-03-28,110.79,109.81,111.73,Single GRU
619733,2026-03-08,2026-03-29,110.92,109.93,111.73,Single GRU
619733,2026-03-08,2026-03-30,111.09,110.12,111.95,Single GRU
619733,2026-03-08,2026-03-31,110.99,109.82,112.09,Single GRU
619733,2026-03-08,2026-04-01,110.96,109.68,111.96,Single GRU
619733,2026-03-08,2026-04-02,111.22,110.08,112.19,Single GRU
619733,2026-03-08,2026-04-03,111.58,110.58,112.39,Single GRU
619733,2026-03-08,2026-04-04,111.69,110.64,112.44,Single GRU
619733,2026-03-08,2026-04-05,111.84,110.58,112.73,Single GRU
619733,2026-03-08,2026-04-06,111.7,110.62,112.5,Single GRU
619733,2026-03-08,2026-04-07,111.53,110.23,112.5,Single GRU
619734,2026-03-08,2026-03-09,50.4,50.35,50.45,Single GRU
619734,2026-03-08,2026-03-10,50.38,50.31,50.46,Single GRU
619734,2026-03-08,2026-03-11,50.32,50.21,50.43,Single GRU
619734,2026-03-08,2026-03-12,50.28,50.14,50.42,Single GRU
619734,2026-03-08,2026-03-13,50.21,49.99,50.45,Single GRU
619734,2026-03-08,2026-03-14,50.12,49.88,50.4,Single GRU
619734,2026-03-08,2026-03-15,50.11,49.83,50.46,Single GRU
619734,2026-03-08,2026-03-16,50.13,49.75,50.48,Single GRU
619734,2026-03-08,2026-03-17,50.06,49.62,50.46,Single GRU
619734,2026-03-08,2026-03-18,50.05,49.6,50.53,Single GRU
619734,2026-03-08,2026-03-19,50.15,49.59,50.78,Single GRU
619734,2026-03-08,2026-03-20,49.95,49.42,50.75,Single GRU
619734,2026-03-08,2026-03-21,50.06,49.43,50.85,Single GRU
619734,2026-03-08,2026-03-22,50.17,49.51,50.93,Single GRU
619734,2026-03-08,2026-03-23,50.34,49.6,51.02,Single GRU
619734,2026-03-08,2026-03-24,50.27,49.62,50.99,Single GRU
619734,2026-03-08,2026-03-25,50.46,49.62,51.25,Single GRU
619734,2026-03-08,2026-03-26,50.42,49.48,51.27,Single GRU
619734,2026-03-08,2026-03-27,50.78,50.22,51.46,Single GRU
619734,2026-03-08,2026-03-28,50.53,49.68,51.33,Single GRU
619734,2026-03-08,2026-03-29,50.41,49.5,51.26,Single GRU
619734,2026-03-08,2026-03-30,50.34,49.4,51.28,Single GRU
619734,2026-03-08,2026-03-31,50.51,49.5,51.56,Single GRU
619734,2026-03-08,2026-04-01,50.38,49.08,51.46,Single GRU
619734,2026-03-08,2026-04-02,50.75,49.72,51.65,Single GRU
619734,2026-03-08,2026-04-03,50.93,50.07,51.7,Single GRU
619734,2026-03-08,2026-04-04,50.82,49.76,51.69,Single GRU
619734,2026-03-08,2026-04-05,51.23,50.24,51.9,Single GRU
619734,2026-03-08,2026-04-06,50.93,49.88,51.86,Single GRU
619734,2026-03-08,2026-04-07,50.61,49.38,51.69,Single GRU
619735,2026-03-08,2026-03-09,61.19,61.06,61.34,Single GRU
619735,2026-03-08,2026-03-10,60.88,60.66,61.14,Single GRU
619735,2026-03-08,2026-03-11,60.57,60.25,60.99,Single GRU
619735,2026-03-08,2026-03-12,60.26,59.89,60.78,Single GRU
619735,2026-03-08,2026-03-13,59.95,59.22,60.83,Single GRU
619735,2026-03-08,2026-03-14,59.47,58.78,60.45,Single GRU
619735,2026-03-08,2026-03-15,59.17,58.4,60.29,Single GRU
619735,2026-03-08,2026-03-16,58.95,58.05,60.32,Single GRU
619735,2026-03-08,2026-03-17,58.71,57.71,59.97,Single GRU
619735,2026-03-08,2026-03-18,58.63,57.54,60.17,Single GRU
619735,2026-03-08,2026-03-19,58.41,57.2,60.1,Single GRU
619735,2026-03-08,2026-03-20,58.31,56.67,60.01,Single GRU
619735,2026-03-08,2026-03-21,58.24,56.59,60.2,Single GRU
619735,2026-03-08,2026-03-22,57.96,56.7,59.99,Single GRU
619735,2026-03-08,2026-03-23,58.06,56.86,60.04,Single GRU
619735,2026-03-08,2026-03-24,57.68,56.75,59.99,Single GRU
619735,2026-03-08,2026-03-25,57.78,56.42,59.94,Single GRU
619735,2026-03-08,2026-03-26,57.76,56.25,59.54,Single GRU
619735,2026-03-08,2026-03-27,58.34,56.65,60.18,Single GRU
619735,2026-03-08,2026-03-28,57.68,56.31,59.93,Single GRU
619735,2026-03-08,2026-03-29,57.81,56.33,59.49,Single GRU
619735,2026-03-08,2026-03-30,57.96,56.57,59.48,Single GRU
619735,2026-03-08,2026-03-31,57.66,56.08,59.82,Single GRU
619735,2026-03-08,2026-04-01,57.05,55.98,59.56,Single GRU
619735,2026-03-08,2026-04-02,57.85,56.37,60.09,Single GRU
619735,2026-03-08,2026-04-03,57.85,56.31,60.14,Single GRU
619735,2026-03-08,2026-04-04,58.04,56.75,59.94,Single GRU
619735,2026-03-08,2026-04-05,58.14,56.64,59.8,Single GRU
619735,2026-03-08,2026-04-06,58.07,56.92,59.65,Single GRU
619735,2026-03-08,2026-04-07,57.35,56.11,59.68,Single GRU
619736,2026-03-08,2026-03-09,35.7,35.68,35.72,Single GRU
619736,2026-03-08,2026-03-10,35.67,35.64,35.71,Single GRU
619736,2026-03-08,2026-03-11,35.65,35.6,35.7,Single GRU
619736,2026-03-08,2026-03-12,35.62,35.56,35.68,Single GRU
619736,2026-03-08,2026-03-13,35.6,35.48,35.68,Single GRU
619736,2026-03-08,2026-03-14,35.55,35.42,35.67,Single GRU
619736,2026-03-08,2026-03-15,35.53,35.39,35.67,Single GRU
619736,2026-03-08,2026-03-16,35.55,35.36,35.67,Single GRU
619736,2026-03-08,2026-03-17,35.5,35.29,35.66,Single GRU
619736,2026-03-08,2026-03-18,35.5,35.29,35.73,Single GRU
619736,2026-03-08,2026-03-19,35.51,35.28,35.72,Single GRU
619736,2026-03-08,2026-03-20,35.47,35.21,35.74,Single GRU
619736,2026-03-08,2026-03-21,35.5,35.18,35.79,Single GRU
619736,2026-03-08,2026-03-22,35.52,35.21,35.8,Single GRU
619736,2026-03-08,2026-03-23,35.56,35.24,35.82,Single GRU
619736,2026-03-08,2026-03-24,35.55,35.23,35.81,Single GRU
619736,2026-03-08,2026-03-25,35.61,35.27,35.93,Single GRU
619736,2026-03-08,2026-03-26,35.53,35.21,35.84,Single GRU
619736,2026-03-08,2026-03-27,35.67,35.35,36.03,Single GRU
619736,2026-03-08,2026-03-28,35.62,35.21,35.94,Single GRU
619736,2026-03-08,2026-03-29,35.59,35.26,35.97,Single GRU
619736,2026-03-08,2026-03-30,35.62,35.34,35.99,Single GRU
619736,2026-03-08,2026-03-31,35.6,35.21,35.99,Single GRU
619736,2026-03-08,2026-04-01,35.55,35.18,35.98,Single GRU
619736,2026-03-08,2026-04-02,35.66,35.31,36.04,Single GRU
619736,2026-03-08,2026-04-03,35.76,35.45,36.17,Single GRU
619736,2026-03-08,2026-04-04,35.8,35.39,36.12,Single GRU
619736,2026-03-08,2026-04-05,35.81,35.42,36.17,Single GRU
619736,2026-03-08,2026-04-06,35.79,35.37,36.13,Single GRU
619736,2026-03-08,2026-04-07,35.7,35.3,36.08,Single GRU
619737,2026-03-08,2026-03-09,84.76,84.74,84.78,Single GRU
619737,2026-03-08,2026-03-10,84.75,84.71,84.78,Single GRU
619737,2026-03-08,2026-03-11,84.73,84.68,84.79,Single GRU
619737,2026-03-08,2026-03-12,84.69,84.63,84.77,Single GRU
619737,2026-03-08,2026-03-13,84.67,84.55,84.78,Single GRU
619737,2026-03-08,2026-03-14,84.65,84.51,84.77,Single GRU
619737,2026-03-08,2026-03-15,84.63,84.48,84.79,Single GRU
619737,2026-03-08,2026-03-16,84.58,84.42,84.77,Single GRU
619737,2026-03-08,2026-03-17,84.58,84.42,84.77,Single GRU
619737,2026-03-08,2026-03-18,84.67,84.41,84.91,Single GRU
619737,2026-03-08,2026-03-19,84.63,84.33,84.92,Single GRU
619737,2026-03-08,2026-03-20,84.61,84.37,85.02,Single GRU
619737,2026-03-08,2026-03-21,84.68,84.4,85.03,Single GRU
619737,2026-03-08,2026-03-22,84.71,84.39,85.09,Single GRU
619737,2026-03-08,2026-03-23,84.76,84.43,85.14,Single GRU
619737,2026-03-08,2026-03-24,84.75,84.4,85.1,Single GRU
619737,2026-03-08,2026-03-25,84.86,84.55,85.27,Single GRU
619737,2026-03-08,2026-03-26,84.8,84.46,85.27,Single GRU
619737,2026-03-08,2026-03-27,84.88,84.58,85.33,Single GRU
619737,2026-03-08,2026-03-28,84.95,84.53,85.44,Single GRU
619737,2026-03-08,2026-03-29,84.93,84.5,85.37,Single GRU
619737,2026-03-08,2026-03-30,85.01,84.64,85.38,Single GRU
619737,2026-03-08,2026-03-31,84.91,84.48,85.46,Single GRU
619737,2026-03-08,2026-04-01,84.98,84.4,85.47,Single GRU
619737,2026-03-08,2026-04-02,85.1,84.51,85.6,Single GRU
619737,2026-03-08,2026-04-03,85.29,84.76,85.61,Single GRU
619737,2026-03-08,2026-04-04,85.26,84.78,85.69,Single GRU
619737,2026-03-08,2026-04-05,85.26,84.77,85.66,Single GRU
619737,2026-03-08,2026-04-06,85.28,84.8,85.62,Single GRU
619737,2026-03-08,2026-04-07,85.1,84.53,85.57,Single GRU
619738,2026-03-08,2026-03-09,51.78,51.69,51.89,Single GRU
619738,2026-03-08,2026-03-10,51.55,51.37,51.74,Single GRU
619738,2026-03-08,2026-03-11,51.33,51.09,51.61,Single GRU
619738,2026-03-08,2026-03-12,51.15,50.84,51.45,Single GRU
619738,2026-03-08,2026-03-13,50.92,50.26,51.44,Single GRU
619738,2026-03-08,2026-03-14,50.51,49.96,51.17,Single GRU
619738,2026-03-08,2026-03-15,50.32,49.63,51.05,Single GRU
619738,2026-03-08,2026-03-16,50.36,49.47,51.25,Single GRU
619738,2026-03-08,2026-03-17,49.98,49.03,50.91,Single GRU
619738,2026-03-08,2026-03-18,49.93,48.86,51.15,Single GRU
619738,2026-03-08,2026-03-19,49.9,48.75,51.14,Single GRU
619738,2026-03-08,2026-03-20,49.56,48.23,50.89,Single GRU
619738,2026-03-08,2026-03-21,49.5,48.23,50.92,Single GRU
619738,2026-03-08,2026-03-22,49.37,48.28,50.97,Single GRU
619738,2026-03-08,2026-03-23,49.67,48.6,51.25,Single GRU
619738,2026-03-08,2026-03-24,49.5,48.39,51.19,Single GRU
619738,2026-03-08,2026-03-25,49.44,48.18,50.98,Single GRU
619738,2026-03-08,2026-03-26,49.25,48.15,51.06,Single GRU
619738,2026-03-08,2026-03-27,50.15,48.69,51.48,Single GRU
619738,2026-03-08,2026-03-28,49.41,48.18,51.22,Single GRU
619738,2026-03-08,2026-03-29,49.25,48.13,51.0,Single GRU
619738,2026-03-08,2026-03-30,49.61,48.21,51.11,Single GRU
619738,2026-03-08,2026-03-31,49.4,48.06,51.34,Single GRU
619738,2026-03-08,2026-04-01,48.91,47.65,50.53,Single GRU
619738,2026-03-08,2026-04-02,49.26,48.09,51.13,Single GRU
619738,2026-03-08,2026-04-03,49.89,48.36,51.29,Single GRU
619738,2026-03-08,2026-04-04,49.8,48.55,51.23,Single GRU
619738,2026-03-08,2026-04-05,50.13,48.92,51.84,Single GRU
619738,2026-03-08,2026-04-06,49.82,48.38,50.95,Single GRU
619738,2026-03-08,2026-04-07,49.21,48.07,51.06,Single GRU
619739,2026-03-08,2026-03-09,52.26,52.22,52.29,Single GRU
619739,2026-03-08,2026-03-10,52.2,52.15,52.27,Single GRU
619739,2026-03-08,2026-03-11,52.16,52.07,52.25,Single GRU
619739,2026-03-08,2026-03-12,52.09,51.99,52.2,Single GRU
619739,2026-03-08,2026-03-13,52.01,51.81,52.19,Single GRU
619739,2026-03-08,2026-03-14,51.94,51.72,52.14,Single GRU
619739,2026-03-08,2026-03-15,51.88,51.65,52.13,Single GRU
619739,2026-03-08,2026-03-16,51.87,51.54,52.13,Single GRU
619739,2026-03-08,2026-03-17,51.8,51.49,52.08,Single GRU
619739,2026-03-08,2026-03-18,51.82,51.42,52.22,Single GRU
619739,2026-03-08,2026-03-19,51.82,51.34,52.33,Single GRU
619739,2026-03-08,2026-03-20,51.76,51.25,52.24,Single GRU
619739,2026-03-08,2026-03-21,51.72,51.22,52.29,Single GRU
619739,2026-03-08,2026-03-22,51.84,51.21,52.38,Single GRU
619739,2026-03-08,2026-03-23,51.9,51.4,52.42,Single GRU
619739,2026-03-08,2026-03-24,51.79,51.24,52.47,Single GRU
619739,2026-03-08,2026-03-25,51.94,51.34,52.68,Single GRU
619739,2026-03-08,2026-03-26,51.87,51.17,52.6,Single GRU
619739,2026-03-08,2026-03-27,52.02,51.46,52.72,Single GRU
619739,2026-03-08,2026-03-28,51.98,51.23,52.75,Single GRU
619739,2026-03-08,2026-03-29,51.89,51.32,52.58,Single GRU
619739,2026-03-08,2026-03-30,51.98,51.33,52.8,Single GRU
619739,2026-03-08,2026-03-31,51.88,51.11,52.73,Single GRU
619739,2026-03-08,2026-04-01,51.84,51.15,52.91,Single GRU
619739,2026-03-08,2026-04-02,52.2,51.42,52.98,Single GRU
619739,2026-03-08,2026-04-03,52.23,51.54,53.12,Single GRU
619739,2026-03-08,2026-04-04,52.37,51.5,53.16,Single GRU
619739,2026-03-08,2026-04-05,52.38,51.48,53.19,Single GRU
619739,2026-03-08,2026-04-06,52.32,51.52,53.21,Single GRU
619739,2026-03-08,2026-04-07,52.04,51.21,52.98,Single GRU
619740,2026-03-08,2026-03-09,93.01,92.92,93.11,Single GRU
619740,2026-03-08,2026-03-10,92.92,92.75,93.1,Single GRU
619740,2026-03-08,2026-03-11,92.83,92.59,93.07,Single GRU
619740,2026-03-08,2026-03-12,92.7,92.47,93.01,Single GRU
619740,2026-03-08,2026-03-13,92.6,92.13,93.11,Single GRU
619740,2026-03-08,2026-03-14,92.48,91.93,93.06,Single GRU
619740,2026-03-08,2026-03-15,92.34,91.74,93.02,Single GRU
619740,2026-03-08,2026-03-16,92.33,91.68,93.01,Single GRU
619740,2026-03-08,2026-03-17,92.15,91.34,93.05,Single GRU
619740,2026-03-08,2026-03-18,92.28,91.37,93.24,Single GRU
619740,2026-03-08,2026-03-19,92.22,91.29,93.44,Single GRU
619740,2026-03-08,2026-03-20,92.2,90.78,93.51,Single GRU
619740,2026-03-08,2026-03-21,92.3,90.95,93.91,Single GRU
619740,2026-03-08,2026-03-22,92.25,90.99,93.83,Single GRU
619740,2026-03-08,2026-03-23,92.65,91.5,93.68,Single GRU
619740,2026-03-08,2026-03-24,92.61,91.37,93.82,Single GRU
619740,2026-03-08,2026-03-25,92.72,91.25,94.31,Single GRU
619740,2026-03-08,2026-03-26,92.7,91.54,94.13,Single GRU
619740,2026-03-08,2026-03-27,93.34,91.89,94.55,Single GRU
619740,2026-03-08,2026-03-28,93.0,91.71,94.48,Single GRU
619740,2026-03-08,2026-03-29,92.92,91.57,94.38,Single GRU
619740,2026-03-08,2026-03-30,93.18,91.78,94.8,Single GRU
619740,2026-03-08,2026-03-31,93.48,91.81,94.85,Single GRU
619740,2026-03-08,2026-04-01,92.74,91.16,94.52,Single GRU
619740,2026-03-08,2026-04-02,93.08,91.56,94.74,Single GRU
619740,2026-03-08,2026-04-03,93.91,92.39,95.13,Single GRU
619740,2026-03-08,2026-04-04,94.07,92.83,95.23,Single GRU
619740,2026-03-08,2026-04-05,94.48,92.87,95.9,Single GRU
619740,2026-03-08,2026-04-06,94.06,92.55,95.32,Single GRU
619740,2026-03-08,2026-04-07,93.65,91.89,95.31,Single GRU
619741,2026-03-08,2026-03-09,41.82,41.79,41.86,Single GRU
619741,2026-03-08,2026-03-10,41.9,41.82,41.95,Single GRU
619741,2026-03-08,2026-03-11,41.93,41.83,42.02,Single GRU
619741,2026-03-08,2026-03-12,41.97,41.83,42.07,Single GRU
619741,2026-03-08,2026-03-13,42.0,41.86,42.11,Single GRU
619741,2026-03-08,2026-03-14,42.07,41.89,42.22,Single GRU
619741,2026-03-08,2026-03-15,42.13,41.95,42.33,Single GRU
619741,2026-03-08,2026-03-16,42.17,41.94,42.36,Single GRU
619741,2026-03-08,2026-03-17,42.26,41.97,42.51,Single GRU
619741,2026-03-08,2026-03-18,42.38,42.1,42.66,Single GRU
619741,2026-03-08,2026-03-19,42.51,42.14,42.77,Single GRU
619741,2026-03-08,2026-03-20,42.55,42.26,42.8,Single GRU
619741,2026-03-08,2026-03-21,42.63,42.28,42.89,Single GRU
619741,2026-03-08,2026-03-22,42.72,42.34,42.97,Single GRU
619741,2026-03-08,2026-03-23,42.8,42.42,43.1,Single GRU
619741,2026-03-08,2026-03-24,42.86,42.45,43.1,Single GRU
619741,2026-03-08,2026-03-25,42.94,42.6,43.18,Single GRU
619741,2026-03-08,2026-03-26,42.98,42.54,43.23,Single GRU
619741,2026-03-08,2026-03-27,43.08,42.74,43.3,Single GRU
619741,2026-03-08,2026-03-28,43.14,42.74,43.3,Single GRU
619741,2026-03-08,2026-03-29,43.13,42.73,43.32,Single GRU
619741,2026-03-08,2026-03-30,43.13,42.73,43.33,Single GRU
619741,2026-03-08,2026-03-31,43.2,42.85,43.36,Single GRU
619741,2026-03-08,2026-04-01,43.2,42.85,43.37,Single GRU
619741,2026-03-08,2026-04-02,43.28,42.93,43.4,Single GRU
619741,2026-03-08,2026-04-03,43.28,42.94,43.4,Single GRU
619741,2026-03-08,2026-04-04,43.31,43.01,43.41,Single GRU
619741,2026-03-08,2026-04-05,43.34,43.11,43.43,Single GRU
619741,2026-03-08,2026-04-06,43.35,43.12,43.43,Single GRU
619741,2026-03-08,2026-04-07,43.31,43.0,43.42,Single GRU
619742,2026-03-08,2026-03-09,31.89,31.85,31.94,Single GRU
619742,2026-03-08,2026-03-10,31.84,31.76,31.93,Single GRU
619742,2026-03-08,2026-03-11,31.79,31.69,31.91,Single GRU
619742,2026-03-08,2026-03-12,31.73,31.57,31.88,Single GRU
619742,2026-03-08,2026-03-13,31.62,31.38,31.92,Single GRU
619742,2026-03-08,2026-03-14,31.57,31.3,31.88,Single GRU
619742,2026-03-08,2026-03-15,31.51,31.15,31.92,Single GRU
619742,2026-03-08,2026-03-16,31.48,31.04,31.85,Single GRU
619742,2026-03-08,2026-03-17,31.37,30.93,31.86,Single GRU
619742,2026-03-08,2026-03-18,31.48,31.0,32.08,Single GRU
619742,2026-03-08,2026-03-19,31.44,30.8,32.16,Single GRU
619742,2026-03-08,2026-03-20,31.29,30.69,32.21,Single GRU
619742,2026-03-08,2026-03-21,31.46,30.75,32.29,Single GRU
619742,2026-03-08,2026-03-22,31.45,30.67,32.33,Single GRU
619742,2026-03-08,2026-03-23,31.71,30.98,32.38,Single GRU
619742,2026-03-08,2026-03-24,31.64,30.8,32.49,Single GRU
619742,2026-03-08,2026-03-25,31.73,30.92,32.73,Single GRU
619742,2026-03-08,2026-03-26,31.76,30.89,32.57,Single GRU
619742,2026-03-08,2026-03-27,31.95,31.32,32.95,Single GRU
619742,2026-03-08,2026-03-28,31.92,31.09,32.87,Single GRU
619742,2026-03-08,2026-03-29,31.87,30.85,32.76,Single GRU
619742,2026-03-08,2026-03-30,32.09,31.31,33.09,Single GRU
619742,2026-03-08,2026-03-31,32.06,31.15,33.25,Single GRU
619742,2026-03-08,2026-04-01,31.85,30.73,33.02,Single GRU
619742,2026-03-08,2026-04-02,32.05,30.98,33.1,Single GRU
619742,2026-03-08,2026-04-03,32.55,31.54,33.56,Single GRU
619742,2026-03-08,2026-04-04,32.59,31.41,33.67,Single GRU
619742,2026-03-08,2026-04-05,32.88,31.57,33.73,Single GRU
619742,2026-03-08,2026-04-06,32.55,31.5,33.44,Single GRU
619742,2026-03-08,2026-04-07,32.27,31.14,33.41,Single GRU
619743,2026-03-08,2026-03-09,52.62,52.58,52.67,Single GRU
619743,2026-03-08,2026-03-10,52.48,52.41,52.56,Single GRU
619743,2026-03-08,2026-03-11,52.38,52.27,52.48,Single GRU
619743,2026-03-08,2026-03-12,52.24,52.09,52.37,Single GRU
619743,2026-03-08,2026-03-13,52.1,51.86,52.34,Single GRU
619743,2026-03-08,2026-03-14,51.89,51.61,52.14,Single GRU
619743,2026-03-08,2026-03-15,51.76,51.42,52.04,Single GRU
619743,2026-03-08,2026-03-16,51.68,51.39,52.11,Single GRU
619743,2026-03-08,2026-03-17,51.55,51.19,51.92,Single GRU
619743,2026-03-08,2026-03-18,51.47,51.05,51.9,Single GRU
619743,2026-03-08,2026-03-19,51.36,50.96,51.9,Single GRU
619743,2026-03-08,2026-03-20,51.19,50.79,51.75,Single GRU
619743,2026-03-08,2026-03-21,51.18,50.71,51.83,Single GRU
619743,2026-03-08,2026-03-22,51.08,50.73,51.76,Single GRU
619743,2026-03-08,2026-03-23,51.16,50.77,51.69,Single GRU
619743,2026-03-08,2026-03-24,51.03,50.62,51.58,Single GRU
619743,2026-03-08,2026-03-25,50.76,50.47,51.4,Single GRU
619743,2026-03-08,2026-03-26,50.92,50.55,51.46,Single GRU
619743,2026-03-08,2026-03-27,50.97,50.6,51.58,Single GRU
619743,2026-03-08,2026-03-28,50.79,50.47,51.38,Single GRU
619743,2026-03-08,2026-03-29,50.77,50.49,51.45,Single GRU
619743,2026-03-08,2026-03-30,50.61,50.34,51.2,Single GRU
619743,2026-03-08,2026-03-31,50.7,50.36,51.28,Single GRU
619743,2026-03-08,2026-04-01,50.63,50.27,51.24,Single GRU
619743,2026-03-08,2026-04-02,50.72,50.33,51.3,Single GRU
619743,2026-03-08,2026-04-03,50.64,50.34,51.27,Single GRU
619743,2026-03-08,2026-04-04,50.62,50.33,51.38,Single GRU
619743,2026-03-08,2026-04-05,50.82,50.41,51.42,Single GRU
619743,2026-03-08,2026-04-06,50.71,50.41,51.3,Single GRU
619743,2026-03-08,2026-04-07,50.55,50.28,51.16,Single GRU
619744,2026-03-08,2026-03-09,26.21,26.2,26.24,Single GRU
619744,2026-03-08,2026-03-10,26.19,26.17,26.24,Single GRU
619744,2026-03-08,2026-03-11,26.18,26.13,26.24,Single GRU
619744,2026-03-08,2026-03-12,26.14,26.08,26.22,Single GRU
619744,2026-03-08,2026-03-13,26.13,26.03,26.21,Single GRU
619744,2026-03-08,2026-03-14,26.09,25.99,26.21,Single GRU
619744,2026-03-08,2026-03-15,26.07,25.94,26.24,Single GRU
619744,2026-03-08,2026-03-16,26.07,25.92,26.2,Single GRU
619744,2026-03-08,2026-03-17,26.04,25.88,26.22,Single GRU
619744,2026-03-08,2026-03-18,26.08,25.87,26.3,Single GRU
619744,2026-03-08,2026-03-19,26.1,25.84,26.3,Single GRU
619744,2026-03-08,2026-03-20,26.1,25.8,26.29,Single GRU
619744,2026-03-08,2026-03-21,26.08,25.8,26.32,Single GRU
619744,2026-03-08,2026-03-22,26.12,25.83,26.43,Single GRU
619744,2026-03-08,2026-03-23,26.14,25.84,26.45,Single GRU
619744,2026-03-08,2026-03-24,26.12,25.84,26.45,Single GRU
619744,2026-03-08,2026-03-25,26.26,25.94,26.57,Single GRU
619744,2026-03-08,2026-03-26,26.18,25.91,26.47,Single GRU
619744,2026-03-08,2026-03-27,26.28,25.99,26.66,Single GRU
619744,2026-03-08,2026-03-28,26.27,25.89,26.59,Single GRU
619744,2026-03-08,2026-03-29,26.28,25.92,26.57,Single GRU
619744,2026-03-08,2026-03-30,26.32,25.98,26.67,Single GRU
619744,2026-03-08,2026-03-31,26.27,25.91,26.67,Single GRU
619744,2026-03-08,2026-04-01,26.25,25.82,26.6,Single GRU
619744,2026-03-08,2026-04-02,26.42,25.95,26.68,Single GRU
619744,2026-03-08,2026-04-03,26.5,26.06,26.85,Single GRU
619744,2026-03-08,2026-04-04,26.5,26.14,26.82,Single GRU
619744,2026-03-08,2026-04-05,26.53,26.06,26.86,Single GRU
619744,2026-03-08,2026-04-06,26.46,26.12,26.83,Single GRU
619744,2026-03-08,2026-04-07,26.42,25.92,26.79,Single GRU
619745,2026-03-08,2026-03-09,85.07,85.03,85.12,Single GRU
619745,2026-03-08,2026-03-10,84.97,84.91,85.05,Single GRU
619745,2026-03-08,2026-03-11,84.89,84.78,85.01,Single GRU
619745,2026-03-08,2026-03-12,84.8,84.67,84.96,Single GRU
619745,2026-03-08,2026-03-13,84.71,84.46,84.95,Single GRU
619745,2026-03-08,2026-03-14,84.55,84.31,84.85,Single GRU
619745,2026-03-08,2026-03-15,84.45,84.18,84.83,Single GRU
619745,2026-03-08,2026-03-16,84.42,84.08,84.77,Single GRU
619745,2026-03-08,2026-03-17,84.28,83.92,84.7,Single GRU
619745,2026-03-08,2026-03-18,84.29,83.85,84.78,Single GRU
619745,2026-03-08,2026-03-19,84.26,83.79,84.77,Single GRU
619745,2026-03-08,2026-03-20,84.08,83.6,84.79,Single GRU
619745,2026-03-08,2026-03-21,84.14,83.6,84.79,Single GRU
619745,2026-03-08,2026-03-22,84.09,83.57,84.84,Single GRU
619745,2026-03-08,2026-03-23,84.2,83.64,84.8,Single GRU
619745,2026-03-08,2026-03-24,84.1,83.63,84.77,Single GRU
619745,2026-03-08,2026-03-25,84.06,83.55,84.81,Single GRU
619745,2026-03-08,2026-03-26,84.03,83.49,84.67,Single GRU
619745,2026-03-08,2026-03-27,84.26,83.66,84.9,Single GRU
619745,2026-03-08,2026-03-28,84.12,83.58,84.84,Single GRU
619745,2026-03-08,2026-03-29,84.06,83.56,84.74,Single GRU
619745,2026-03-08,2026-03-30,84.14,83.57,84.77,Single GRU
619745,2026-03-08,2026-03-31,84.11,83.51,84.67,Single GRU
619745,2026-03-08,2026-04-01,83.94,83.35,84.82,Single GRU
619745,2026-03-08,2026-04-02,84.1,83.55,84.77,Single GRU
619745,2026-03-08,2026-04-03,84.2,83.55,84.9,Single GRU
619745,2026-03-08,2026-04-04,84.26,83.68,84.79,Single GRU
619745,2026-03-08,2026-04-05,84.2,83.71,84.83,Single GRU
619745,2026-03-08,2026-04-06,84.23,83.76,84.92,Single GRU
619745,2026-03-08,2026-04-07,83.9,83.37,84.63,Single GRU
619746,2026-03-08,2026-03-09,21.2,21.15,21.26,Single GRU
619746,2026-03-08,2026-03-10,21.26,21.19,21.34,Single GRU
619746,2026-03-08,2026-03-11,21.31,21.19,21.41,Single GRU
619746,2026-03-08,2026-03-12,21.32,21.19,21.45,Single GRU
619746,2026-03-08,2026-03-13,21.36,21.2,21.53,Single GRU
619746,2026-03-08,2026-03-14,21.43,21.23,21.62,Single GRU
619746,2026-03-08,2026-03-15,21.5,21.27,21.7,Single GRU
619746,2026-03-08,2026-03-16,21.51,21.22,21.76,Single GRU
619746,2026-03-08,2026-03-17,21.63,21.27,21.86,Single GRU
619746,2026-03-08,2026-03-18,21.78,21.46,22.02,Single GRU
619746,2026-03-08,2026-03-19,21.81,21.42,22.15,Single GRU
619746,2026-03-08,2026-03-20,21.89,21.36,22.24,Single GRU
619746,2026-03-08,2026-03-21,21.99,21.57,22.26,Single GRU
619746,2026-03-08,2026-03-22,22.02,21.56,22.34,Single GRU
619746,2026-03-08,2026-03-23,22.15,21.75,22.41,Single GRU
619746,2026-03-08,2026-03-24,22.17,21.68,22.45,Single GRU
619746,2026-03-08,2026-03-25,22.28,21.75,22.51,Single GRU
619746,2026-03-08,2026-03-26,22.32,21.87,22.53,Single GRU
619746,2026-03-08,2026-03-27,22.37,21.87,22.55,Single GRU
619746,2026-03-08,2026-03-28,22.4,21.93,22.59,Single GRU
619746,2026-03-08,2026-03-29,22.43,22.01,22.6,Single GRU
619746,2026-03-08,2026-03-30,22.47,22.1,22.6,Single GRU
619746,2026-03-08,2026-03-31,22.47,22.15,22.61,Single GRU
619746,2026-03-08,2026-04-01,22.51,22.01,22.62,Single GRU
619746,2026-03-08,2026-04-02,22.55,22.13,22.64,Single GRU
619746,2026-03-08,2026-04-03,22.56,22.27,22.64,Single GRU
619746,2026-03-08,2026-04-04,22.58,22.31,22.65,Single GRU
619746,2026-03-08,2026-04-05,22.57,22.22,22.65,Single GRU
619746,2026-03-08,2026-04-06,22.59,22.31,22.65,Single GRU
619746,2026-03-08,2026-04-07,22.58,22.24,22.65,Single GRU
619747,2026-03-08,2026-03-09,158.3,158.01,158.59,Single GRU
619747,2026-03-08,2026-03-10,157.54,156.92,158.04,Single GRU
619747,2026-03-08,2026-03-11,156.83,155.8,157.57,Single GRU
619747,2026-03-08,2026-03-12,156.12,154.85,156.87,Single GRU
619747,2026-03-08,2026-03-13,155.24,153.47,156.62,Single GRU
619747,2026-03-08,2026-03-14,154.14,151.99,155.6,Single GRU
619747,2026-03-08,2026-03-15,153.38,151.05,155.22,Single GRU
619747,2026-03-08,2026-03-16,153.22,151.08,155.1,Single GRU
619747,2026-03-08,2026-03-17,152.42,150.14,154.5,Single GRU
619747,2026-03-08,2026-03-18,151.98,149.42,154.27,Single GRU
619747,2026-03-08,2026-03-19,151.41,149.16,154.12,Single GRU
619747,2026-03-08,2026-03-20,150.82,148.29,153.58,Single GRU
619747,2026-03-08,2026-03-21,150.47,148.08,153.05,Single GRU
619747,2026-03-08,2026-03-22,150.1,147.85,152.81,Single GRU
619747,2026-03-08,2026-03-23,150.09,147.87,152.48,Single GRU
619747,2026-03-08,2026-03-24,149.56,147.74,151.96,Single GRU
619747,2026-03-08,2026-03-25,148.68,147.12,151.39,Single GRU
619747,2026-03-08,2026-03-26,149.16,147.26,151.68,Single GRU
619747,2026-03-08,2026-03-27,149.33,147.54,152.1,Single GRU
619747,2026-03-08,2026-03-28,148.57,147.01,151.01,Single GRU
619747,2026-03-08,2026-03-29,148.43,147.02,151.07,Single GRU
619747,2026-03-08,2026-03-30,148.05,146.94,150.35,Single GRU
619747,2026-03-08,2026-03-31,147.87,146.81,151.47,Single GRU
619747,2026-03-08,2026-04-01,148.01,146.77,150.75,Single GRU
619747,2026-03-08,2026-04-02,148.39,147.02,150.96,Single GRU
619747,2026-03-08,2026-04-03,148.23,146.93,150.55,Single GRU
619747,2026-03-08,2026-04-04,147.91,146.92,150.7,Single GRU
619747,2026-03-08,2026-04-05,148.1,147.0,151.68,Single GRU
619747,2026-03-08,2026-04-06,147.94,146.95,149.93,Single GRU
619747,2026-03-08,2026-04-07,147.64,146.73,150.07,Single GRU
619748,2026-03-08,2026-03-09,108.08,108.05,108.11,Single GRU
619748,2026-03-08,2026-03-10,107.99,107.93,108.04,Single GRU
619748,2026-03-08,2026-03-11,107.93,107.83,108.0,Single GRU
619748,2026-03-08,2026-03-12,107.84,107.76,107.94,Single GRU
619748,2026-03-08,2026-03-13,107.76,107.56,107.92,Single GRU
619748,2026-03-08,2026-03-14,107.62,107.43,107.83,Single GRU
619748,2026-03-08,2026-03-15,107.54,107.32,107.78,Single GRU
619748,2026-03-08,2026-03-16,107.54,107.27,107.8,Single GRU
619748,2026-03-08,2026-03-17,107.43,107.14,107.68,Single GRU
619748,2026-03-08,2026-03-18,107.38,107.07,107.66,Single GRU
619748,2026-03-08,2026-03-19,107.35,106.98,107.73,Single GRU
619748,2026-03-08,2026-03-20,107.24,106.83,107.63,Single GRU
619748,2026-03-08,2026-03-21,107.21,106.8,107.67,Single GRU
619748,2026-03-08,2026-03-22,107.22,106.81,107.67,Single GRU
619748,2026-03-08,2026-03-23,107.26,106.86,107.7,Single GRU
619748,2026-03-08,2026-03-24,107.21,106.84,107.66,Single GRU
619748,2026-03-08,2026-03-25,107.14,106.77,107.63,Single GRU
619748,2026-03-08,2026-03-26,107.08,106.66,107.53,Single GRU
619748,2026-03-08,2026-03-27,107.33,106.98,107.76,Single GRU
619748,2026-03-08,2026-03-28,107.06,106.74,107.58,Single GRU
619748,2026-03-08,2026-03-29,106.99,106.62,107.46,Single GRU
619748,2026-03-08,2026-03-30,106.98,106.54,107.49,Single GRU
619748,2026-03-08,2026-03-31,106.99,106.53,107.59,Single GRU
619748,2026-03-08,2026-04-01,106.89,106.45,107.46,Single GRU
619748,2026-03-08,2026-04-02,107.02,106.62,107.63,Single GRU
619748,2026-03-08,2026-04-03,107.11,106.72,107.65,Single GRU
619748,2026-03-08,2026-04-04,106.99,106.56,107.57,Single GRU
619748,2026-03-08,2026-04-05,107.15,106.73,107.68,Single GRU
619748,2026-03-08,2026-04-06,107.04,106.6,107.58,Single GRU
619748,2026-03-08,2026-04-07,106.92,106.48,107.42,Single GRU
619749,2026-03-08,2026-03-09,67.26,67.22,67.3,Single GRU
619749,2026-03-08,2026-03-10,67.16,67.08,67.22,Single GRU
619749,2026-03-08,2026-03-11,67.06,66.95,67.15,Single GRU
619749,2026-03-08,2026-03-12,66.96,66.84,67.07,Single GRU
619749,2026-03-08,2026-03-13,66.83,66.64,67.0,Single GRU
619749,2026-03-08,2026-03-14,66.69,66.49,66.89,Single GRU
619749,2026-03-08,2026-03-15,66.59,66.37,66.81,Single GRU
619749,2026-03-08,2026-03-16,66.54,66.34,66.84,Single GRU
619749,2026-03-08,2026-03-17,66.44,66.21,66.71,Single GRU
619749,2026-03-08,2026-03-18,66.35,66.12,66.67,Single GRU
619749,2026-03-08,2026-03-19,66.32,66.08,66.67,Single GRU
619749,2026-03-08,2026-03-20,66.19,65.96,66.56,Single GRU
619749,2026-03-08,2026-03-21,66.15,65.92,66.51,Single GRU
619749,2026-03-08,2026-03-22,66.11,65.88,66.46,Single GRU
619749,2026-03-08,2026-03-23,66.05,65.88,66.35,Single GRU
619749,2026-03-08,2026-03-24,66.03,65.83,66.33,Single GRU
619749,2026-03-08,2026-03-25,65.9,65.78,66.2,Single GRU
619749,2026-03-08,2026-03-26,65.9,65.77,66.29,Single GRU
619749,2026-03-08,2026-03-27,65.94,65.8,66.28,Single GRU
619749,2026-03-08,2026-03-28,65.89,65.75,66.16,Single GRU
619749,2026-03-08,2026-03-29,65.83,65.74,66.08,Single GRU
619749,2026-03-08,2026-03-30,65.81,65.72,66.02,Single GRU
619749,2026-03-08,2026-03-31,65.79,65.71,66.04,Single GRU
619749,2026-03-08,2026-04-01,65.79,65.71,66.06,Single GRU
619749,2026-03-08,2026-04-02,65.82,65.72,66.1,Single GRU
619749,2026-03-08,2026-04-03,65.81,65.72,65.99,Single GRU
619749,2026-03-08,2026-04-04,65.78,65.7,65.99,Single GRU
619749,2026-03-08,2026-04-05,65.8,65.71,66.15,Single GRU
619749,2026-03-08,2026-04-06,65.78,65.7,66.01,Single GRU
619749,2026-03-08,2026-04-07,65.75,65.7,65.94,Single GRU
619750,2026-03-08,2026-03-09,35.21,35.2,35.22,Single GRU
619750,2026-03-08,2026-03-10,35.18,35.15,35.2,Single GRU
619750,2026-03-08,2026-03-11,35.14,35.11,35.16,Single GRU
619750,2026-03-08,2026-03-12,35.09,35.05,35.12,Single GRU
619750,2026-03-08,2026-03-13,35.04,35.0,35.09,Single GRU
619750,2026-03-08,2026-03-14,34.99,34.95,35.04,Single GRU
619750,2026-03-08,2026-03-15,34.95,34.9,35.01,Single GRU
619750,2026-03-08,2026-03-16,34.92,34.88,34.99,Single GRU
619750,2026-03-08,2026-03-17,34.9,34.86,34.97,Single GRU
619750,2026-03-08,2026-03-18,34.87,34.83,34.96,Single GRU
619750,2026-03-08,2026-03-19,34.85,34.81,34.93,Single GRU
619750,2026-03-08,2026-03-20,34.83,34.79,34.89,Single GRU
619750,2026-03-08,2026-03-21,34.8,34.76,34.85,Single GRU
619750,2026-03-08,2026-03-22,34.78,34.76,34.83,Single GRU
619750,2026-03-08,2026-03-23,34.76,34.74,34.81,Single GRU
619750,2026-03-08,2026-03-24,34.75,34.74,34.8,Single GRU
619750,2026-03-08,2026-03-25,34.74,34.74,34.76,Single GRU
619750,2026-03-08,2026-03-26,34.74,34.73,34.75,Single GRU
619750,2026-03-08,2026-03-27,34.74,34.73,34.75,Single GRU
619750,2026-03-08,2026-03-28,34.74,34.73,34.74,Single GRU
619750,2026-03-08,2026-03-29,34.74,34.73,34.75,Single GRU
619750,2026-03-08,2026-03-30,34.73,34.73,34.74,Single GRU
619750,2026-03-08,2026-03-31,34.73,34.73,34.74,Single GRU
619750,2026-03-08,2026-04-01,34.73,34.73,34.74,Single GRU
619750,2026-03-08,2026-04-02,34.73,34.73,34.74,Single GRU
619750,2026-03-08,2026-04-03,34.73,34.73,34.74,Single GRU
619750,2026-03-08,2026-04-04,34.73,34.73,34.74,Single GRU
619750,2026-03-08,2026-04-05,34.73,34.73,34.74,Single GRU
619750,2026-03-08,2026-04-06,34.73,34.73,34.74,Single GRU
619750,2026-03-08,2026-04-07,34.73,34.73,34.73,Single GRU
631975,2026-03-08,2026-03-09,33.53,33.51,33.56,Single GRU
631975,2026-03-08,2026-03-10,33.56,33.51,33.6,Single GRU
631975,2026-03-08,2026-03-11,33.57,33.53,33.64,Single GRU
631975,2026-03-08,2026-03-12,33.58,33.5,33.66,Single GRU
631975,2026-03-08,2026-03-13,33.63,33.55,33.69,Single GRU
631975,2026-03-08,2026-03-14,33.67,33.56,33.74,Single GRU
631975,2026-03-08,2026-03-15,33.7,33.59,33.81,Single GRU
631975,2026-03-08,2026-03-16,33.67,33.54,33.82,Single GRU
631975,2026-03-08,2026-03-17,33.71,33.55,33.9,Single GRU
631975,2026-03-08,2026-03-18,33.83,33.67,34.0,Single GRU
631975,2026-03-08,2026-03-19,33.89,33.68,34.12,Single GRU
631975,2026-03-08,2026-03-20,33.99,33.8,34.19,Single GRU
631975,2026-03-08,2026-03-21,34.11,33.92,34.27,Single GRU
631975,2026-03-08,2026-03-22,34.16,33.91,34.31,Single GRU
631975,2026-03-08,2026-03-23,34.18,33.96,34.4,Single GRU
631975,2026-03-08,2026-03-24,34.19,33.92,34.38,Single GRU
631975,2026-03-08,2026-03-25,34.27,34.04,34.56,Single GRU
631975,2026-03-08,2026-03-26,34.33,34.1,34.63,Single GRU
631975,2026-03-08,2026-03-27,34.3,33.96,34.58,Single GRU
631975,2026-03-08,2026-03-28,34.49,34.16,34.7,Single GRU
631975,2026-03-08,2026-03-29,34.41,34.03,34.71,Single GRU
631975,2026-03-08,2026-03-30,34.47,34.13,34.74,Single GRU
631975,2026-03-08,2026-03-31,34.5,34.17,34.77,Single GRU
631975,2026-03-08,2026-04-01,34.57,34.23,34.89,Single GRU
631975,2026-03-08,2026-04-02,34.52,34.09,34.89,Single GRU
631975,2026-03-08,2026-04-03,34.65,34.29,34.89,Single GRU
631975,2026-03-08,2026-04-04,34.59,34.26,34.91,Single GRU
631975,2026-03-08,2026-04-05,34.68,34.26,34.98,Single GRU
631975,2026-03-08,2026-04-06,34.73,34.36,34.98,Single GRU
631975,2026-03-08,2026-04-07,34.68,34.3,35.01,Single GRU
631988,2026-03-08,2026-03-09,50.07,50.03,50.12,Single GRU
631988,2026-03-08,2026-03-10,49.97,49.89,50.07,Single GRU
631988,2026-03-08,2026-03-11,49.94,49.86,50.08,Single GRU
631988,2026-03-08,2026-03-12,49.88,49.72,50.02,Single GRU
631988,2026-03-08,2026-03-13,49.87,49.61,50.1,Single GRU
631988,2026-03-08,2026-03-14,49.79,49.49,50.05,Single GRU
631988,2026-03-08,2026-03-15,49.71,49.39,50.02,Single GRU
631988,2026-03-08,2026-03-16,49.68,49.32,49.99,Single GRU
631988,2026-03-08,2026-03-17,49.55,49.08,49.97,Single GRU
631988,2026-03-08,2026-03-18,49.58,49.08,50.08,Single GRU
631988,2026-03-08,2026-03-19,49.61,49.02,50.12,Single GRU
631988,2026-03-08,2026-03-20,49.81,49.15,50.38,Single GRU
631988,2026-03-08,2026-03-21,50.07,49.38,50.65,Single GRU
631988,2026-03-08,2026-03-22,49.96,49.27,50.62,Single GRU
631988,2026-03-08,2026-03-23,50.15,49.61,50.64,Single GRU
631988,2026-03-08,2026-03-24,49.98,49.33,50.49,Single GRU
631988,2026-03-08,2026-03-25,50.2,49.53,50.68,Single GRU
631988,2026-03-08,2026-03-26,50.42,49.81,50.91,Single GRU
631988,2026-03-08,2026-03-27,50.14,49.44,50.81,Single GRU
631988,2026-03-08,2026-03-28,50.39,49.82,50.89,Single GRU
631988,2026-03-08,2026-03-29,50.01,49.19,50.71,Single GRU
631988,2026-03-08,2026-03-30,50.27,49.73,50.83,Single GRU
631988,2026-03-08,2026-03-31,50.4,49.78,50.97,Single GRU
631988,2026-03-08,2026-04-01,50.2,49.45,50.87,Single GRU
631988,2026-03-08,2026-04-02,49.71,48.89,50.51,Single GRU
631988,2026-03-08,2026-04-03,50.25,49.5,50.87,Single GRU
631988,2026-03-08,2026-04-04,50.09,49.63,50.57,Single GRU
631988,2026-03-08,2026-04-05,50.49,49.93,51.15,Single GRU
631988,2026-03-08,2026-04-06,50.58,50.06,51.08,Single GRU
631988,2026-03-08,2026-04-07,50.33,49.65,51.01,Single GRU
631989,2026-03-08,2026-03-09,23.21,23.2,23.22,Single GRU
631989,2026-03-08,2026-03-10,23.2,23.17,23.23,Single GRU
631989,2026-03-08,2026-03-11,23.21,23.17,23.24,Single GRU
631989,2026-03-08,2026-03-12,23.19,23.14,23.24,Single GRU
631989,2026-03-08,2026-03-13,23.19,23.13,23.26,Single GRU
631989,2026-03-08,2026-03-14,23.19,23.12,23.27,Single GRU
631989,2026-03-08,2026-03-15,23.19,23.12,23.27,Single GRU
631989,2026-03-08,2026-03-16,23.17,23.07,23.29,Single GRU
631989,2026-03-08,2026-03-17,23.17,23.05,23.3,Single GRU
631989,2026-03-08,2026-03-18,23.21,23.09,23.34,Single GRU
631989,2026-03-08,2026-03-19,23.23,23.08,23.41,Single GRU
631989,2026-03-08,2026-03-20,23.33,23.15,23.49,Single GRU
631989,2026-03-08,2026-03-21,23.41,23.25,23.57,Single GRU
631989,2026-03-08,2026-03-22,23.38,23.21,23.56,Single GRU
631989,2026-03-08,2026-03-23,23.43,23.27,23.59,Single GRU
631989,2026-03-08,2026-03-24,23.4,23.19,23.56,Single GRU
631989,2026-03-08,2026-03-25,23.52,23.33,23.7,Single GRU
631989,2026-03-08,2026-03-26,23.58,23.37,23.76,Single GRU
631989,2026-03-08,2026-03-27,23.46,23.24,23.71,Single GRU
631989,2026-03-08,2026-03-28,23.58,23.32,23.74,Single GRU
631989,2026-03-08,2026-03-29,23.47,23.22,23.73,Single GRU
631989,2026-03-08,2026-03-30,23.64,23.43,23.88,Single GRU
631989,2026-03-08,2026-03-31,23.66,23.38,23.86,Single GRU
631989,2026-03-08,2026-04-01,23.6,23.38,23.82,Single GRU
631989,2026-03-08,2026-04-02,23.45,23.18,23.76,Single GRU
631989,2026-03-08,2026-04-03,23.66,23.43,23.92,Single GRU
631989,2026-03-08,2026-04-04,23.66,23.38,23.92,Single GRU
631989,2026-03-08,2026-04-05,23.81,23.44,24.05,Single GRU
631989,2026-03-08,2026-04-06,23.72,23.42,24.01,Single GRU
631989,2026-03-08,2026-04-07,23.72,23.4,24.04,Single GRU
631990,2026-03-08,2026-03-09,38.0,37.97,38.04,Single GRU
631990,2026-03-08,2026-03-10,37.87,37.81,37.93,Single GRU
631990,2026-03-08,2026-03-11,37.8,37.71,37.91,Single GRU
631990,2026-03-08,2026-03-12,37.7,37.58,37.81,Single GRU
631990,2026-03-08,2026-03-13,37.67,37.46,37.84,Single GRU
631990,2026-03-08,2026-03-14,37.48,37.23,37.7,Single GRU
631990,2026-03-08,2026-03-15,37.4,37.1,37.66,Single GRU
631990,2026-03-08,2026-03-16,37.42,37.12,37.7,Single GRU
631990,2026-03-08,2026-03-17,37.2,36.85,37.49,Single GRU
631990,2026-03-08,2026-03-18,37.17,36.74,37.56,Single GRU
631990,2026-03-08,2026-03-19,37.23,36.77,37.63,Single GRU
631990,2026-03-08,2026-03-20,37.17,36.52,37.71,Single GRU
631990,2026-03-08,2026-03-21,37.37,36.69,37.79,Single GRU
631990,2026-03-08,2026-03-22,37.32,36.74,37.83,Single GRU
631990,2026-03-08,2026-03-23,37.41,36.79,37.94,Single GRU
631990,2026-03-08,2026-03-24,37.27,36.74,37.75,Single GRU
631990,2026-03-08,2026-03-25,37.39,36.89,37.92,Single GRU
631990,2026-03-08,2026-03-26,37.28,36.56,37.94,Single GRU
631990,2026-03-08,2026-03-27,37.3,36.8,37.88,Single GRU
631990,2026-03-08,2026-03-28,37.36,36.53,38.03,Single GRU
631990,2026-03-08,2026-03-29,36.99,36.25,37.53,Single GRU
631990,2026-03-08,2026-03-30,37.0,36.25,37.68,Single GRU
631990,2026-03-08,2026-03-31,37.0,36.07,37.91,Single GRU
631990,2026-03-08,2026-04-01,36.94,36.23,37.63,Single GRU
631990,2026-03-08,2026-04-02,36.72,36.14,37.42,Single GRU
631990,2026-03-08,2026-04-03,37.26,36.58,37.9,Single GRU
631990,2026-03-08,2026-04-04,36.86,36.1,37.54,Single GRU
631990,2026-03-08,2026-04-05,37.12,36.32,37.87,Single GRU
631990,2026-03-08,2026-04-06,37.12,36.18,37.8,Single GRU
631990,2026-03-08,2026-04-07,36.94,36.08,37.79,Single GRU
631992,2026-03-08,2026-03-09,96.6,96.51,96.73,Single GRU
631992,2026-03-08,2026-03-10,96.78,96.62,96.98,Single GRU
631992,2026-03-08,2026-03-11,96.9,96.67,97.16,Single GRU
631992,2026-03-08,2026-03-12,97.03,96.74,97.34,Single GRU
631992,2026-03-08,2026-03-13,97.18,96.85,97.51,Single GRU
631992,2026-03-08,2026-03-14,97.36,96.99,97.84,Single GRU
631992,2026-03-08,2026-03-15,97.53,97.05,97.95,Single GRU
631992,2026-03-08,2026-03-16,97.61,97.04,98.23,Single GRU
631992,2026-03-08,2026-03-17,97.9,97.23,98.54,Single GRU
631992,2026-03-08,2026-03-18,98.29,97.56,98.81,Single GRU
631992,2026-03-08,2026-03-19,98.54,97.59,99.19,Single GRU
631992,2026-03-08,2026-03-20,98.63,97.65,99.21,Single GRU
631992,2026-03-08,2026-03-21,98.84,98.09,99.41,Single GRU
631992,2026-03-08,2026-03-22,99.14,98.17,99.7,Single GRU
631992,2026-03-08,2026-03-23,99.34,98.33,99.85,Single GRU
631992,2026-03-08,2026-03-24,99.53,98.35,100.01,Single GRU
631992,2026-03-08,2026-03-25,99.53,98.48,100.13,Single GRU
631992,2026-03-08,2026-03-26,99.74,98.73,100.18,Single GRU
631992,2026-03-08,2026-03-27,99.86,98.71,100.36,Single GRU
631992,2026-03-08,2026-03-28,99.91,98.78,100.36,Single GRU
631992,2026-03-08,2026-03-29,100.13,99.14,100.52,Single GRU
631992,2026-03-08,2026-03-30,100.09,99.12,100.48,Single GRU
631992,2026-03-08,2026-03-31,100.1,99.22,100.45,Single GRU
631992,2026-03-08,2026-04-01,100.24,99.32,100.52,Single GRU
631992,2026-03-08,2026-04-02,100.34,99.41,100.61,Single GRU
631992,2026-03-08,2026-04-03,100.28,99.45,100.58,Single GRU
631992,2026-03-08,2026-04-04,100.38,99.55,100.6,Single GRU
631992,2026-03-08,2026-04-05,100.3,99.31,100.63,Single GRU
631992,2026-03-08,2026-04-06,100.4,99.58,100.64,Single GRU
631992,2026-03-08,2026-04-07,100.4,99.6,100.66,Single GRU
632208,2026-03-08,2026-03-09,37.84,37.8,37.88,Single GRU
632208,2026-03-08,2026-03-10,37.91,37.84,37.98,Single GRU
632208,2026-03-08,2026-03-11,37.95,37.87,38.05,Single GRU
632208,2026-03-08,2026-03-12,37.98,37.87,38.12,Single GRU
632208,2026-03-08,2026-03-13,38.04,37.93,38.21,Single GRU
632208,2026-03-08,2026-03-14,38.13,37.95,38.31,Single GRU
632208,2026-03-08,2026-03-15,38.18,38.0,38.37,Single GRU
632208,2026-03-08,2026-03-16,38.24,38.02,38.48,Single GRU
632208,2026-03-08,2026-03-17,38.34,38.06,38.65,Single GRU
632208,2026-03-08,2026-03-18,38.49,38.17,38.74,Single GRU
632208,2026-03-08,2026-03-19,38.59,38.25,38.94,Single GRU
632208,2026-03-08,2026-03-20,38.62,38.36,38.95,Single GRU
632208,2026-03-08,2026-03-21,38.71,38.4,38.97,Single GRU
632208,2026-03-08,2026-03-22,38.78,38.45,39.09,Single GRU
632208,2026-03-08,2026-03-23,38.91,38.6,39.15,Single GRU
632208,2026-03-08,2026-03-24,38.96,38.59,39.27,Single GRU
632208,2026-03-08,2026-03-25,39.0,38.69,39.28,Single GRU
632208,2026-03-08,2026-03-26,39.05,38.73,39.33,Single GRU
632208,2026-03-08,2026-03-27,39.12,38.6,39.41,Single GRU
632208,2026-03-08,2026-03-28,39.14,38.78,39.41,Single GRU
632208,2026-03-08,2026-03-29,39.23,38.87,39.46,Single GRU
632208,2026-03-08,2026-03-30,39.24,38.88,39.45,Single GRU
632208,2026-03-08,2026-03-31,39.26,38.93,39.45,Single GRU
632208,2026-03-08,2026-04-01,39.3,38.98,39.5,Single GRU
632208,2026-03-08,2026-04-02,39.37,39.03,39.53,Single GRU
632208,2026-03-08,2026-04-03,39.35,39.0,39.5,Single GRU
632208,2026-03-08,2026-04-04,39.36,39.08,39.52,Single GRU
632208,2026-03-08,2026-04-05,39.37,39.06,39.54,Single GRU
632208,2026-03-08,2026-04-06,39.41,39.05,39.54,Single GRU
632208,2026-03-08,2026-04-07,39.4,39.12,39.56,Single GRU
632228,2026-03-08,2026-03-09,70.64,70.58,70.69,Single GRU
632228,2026-03-08,2026-03-10,70.71,70.6,70.79,Single GRU
632228,2026-03-08,2026-03-11,70.77,70.63,70.89,Single GRU
632228,2026-03-08,2026-03-12,70.81,70.6,70.98,Single GRU
632228,2026-03-08,2026-03-13,70.89,70.7,71.06,Single GRU
632228,2026-03-08,2026-03-14,71.0,70.73,71.22,Single GRU
632228,2026-03-08,2026-03-15,71.07,70.82,71.31,Single GRU
632228,2026-03-08,2026-03-16,71.1,70.71,71.44,Single GRU
632228,2026-03-08,2026-03-17,71.22,70.76,71.6,Single GRU
632228,2026-03-08,2026-03-18,71.47,71.04,71.85,Single GRU
632228,2026-03-08,2026-03-19,71.64,71.06,72.18,Single GRU
632228,2026-03-08,2026-03-20,71.79,71.24,72.27,Single GRU
632228,2026-03-08,2026-03-21,72.03,71.51,72.41,Single GRU
632228,2026-03-08,2026-03-22,72.09,71.53,72.55,Single GRU
632228,2026-03-08,2026-03-23,72.29,71.6,72.82,Single GRU
632228,2026-03-08,2026-03-24,72.24,71.64,72.86,Single GRU
632228,2026-03-08,2026-03-25,72.44,71.74,73.09,Single GRU
632228,2026-03-08,2026-03-26,72.66,71.99,73.26,Single GRU
632228,2026-03-08,2026-03-27,72.52,71.74,73.17,Single GRU
632228,2026-03-08,2026-03-28,72.73,72.08,73.43,Single GRU
632228,2026-03-08,2026-03-29,72.81,72.07,73.44,Single GRU
632228,2026-03-08,2026-03-30,72.82,72.05,73.48,Single GRU
632228,2026-03-08,2026-03-31,72.96,72.22,73.62,Single GRU
632228,2026-03-08,2026-04-01,73.04,72.24,73.68,Single GRU
632228,2026-03-08,2026-04-02,73.04,71.96,73.69,Single GRU
632228,2026-03-08,2026-04-03,73.13,72.28,73.74,Single GRU
632228,2026-03-08,2026-04-04,73.17,72.2,73.84,Single GRU
632228,2026-03-08,2026-04-05,73.2,72.42,73.97,Single GRU
632228,2026-03-08,2026-04-06,73.29,72.58,73.89,Single GRU
632228,2026-03-08,2026-04-07,73.25,72.53,73.88,Single GRU
632245,2026-03-08,2026-03-09,75.76,75.73,75.79,Single GRU
632245,2026-03-08,2026-03-10,75.67,75.63,75.71,Single GRU
632245,2026-03-08,2026-03-11,75.6,75.54,75.66,Single GRU
632245,2026-03-08,2026-03-12,75.48,75.42,75.56,Single GRU
632245,2026-03-08,2026-03-13,75.38,75.28,75.51,Single GRU
632245,2026-03-08,2026-03-14,75.26,75.15,75.41,Single GRU
632245,2026-03-08,2026-03-15,75.16,75.03,75.34,Single GRU
632245,2026-03-08,2026-03-16,75.05,74.89,75.25,Single GRU
632245,2026-03-08,2026-03-17,74.96,74.8,75.17,Single GRU
632245,2026-03-08,2026-03-18,74.87,74.7,75.13,Single GRU
632245,2026-03-08,2026-03-19,74.79,74.58,75.07,Single GRU
632245,2026-03-08,2026-03-20,74.76,74.54,75.09,Single GRU
632245,2026-03-08,2026-03-21,74.71,74.45,75.04,Single GRU
632245,2026-03-08,2026-03-22,74.5,74.18,74.87,Single GRU
632245,2026-03-08,2026-03-23,74.43,74.11,74.81,Single GRU
632245,2026-03-08,2026-03-24,74.23,73.9,74.7,Single GRU
632245,2026-03-08,2026-03-25,74.13,73.73,74.48,Single GRU
632245,2026-03-08,2026-03-26,74.03,73.67,74.55,Single GRU
632245,2026-03-08,2026-03-27,73.9,73.58,74.35,Single GRU
632245,2026-03-08,2026-03-28,73.95,73.6,74.42,Single GRU
632245,2026-03-08,2026-03-29,73.87,73.53,74.2,Single GRU
632245,2026-03-08,2026-03-30,73.72,73.46,74.12,Single GRU
632245,2026-03-08,2026-03-31,73.73,73.47,74.21,Single GRU
632245,2026-03-08,2026-04-01,73.73,73.45,74.18,Single GRU
632245,2026-03-08,2026-04-02,73.74,73.49,74.13,Single GRU
632245,2026-03-08,2026-04-03,73.64,73.39,74.04,Single GRU
632245,2026-03-08,2026-04-04,73.69,73.42,74.04,Single GRU
632245,2026-03-08,2026-04-05,73.63,73.38,74.06,Single GRU
632245,2026-03-08,2026-04-06,73.65,73.41,74.02,Single GRU
632245,2026-03-08,2026-04-07,73.57,73.37,74.01,Single GRU
632251,2026-03-08,2026-03-09,38.75,38.69,38.82,Single GRU
632251,2026-03-08,2026-03-10,38.87,38.74,39.0,Single GRU
632251,2026-03-08,2026-03-11,38.94,38.78,39.11,Single GRU
632251,2026-03-08,2026-03-12,39.01,38.79,39.22,Single GRU
632251,2026-03-08,2026-03-13,39.08,38.84,39.32,Single GRU
632251,2026-03-08,2026-03-14,39.23,38.9,39.51,Single GRU
632251,2026-03-08,2026-03-15,39.36,39.02,39.6,Single GRU
632251,2026-03-08,2026-03-16,39.43,39.05,39.81,Single GRU
632251,2026-03-08,2026-03-17,39.62,39.14,40.06,Single GRU
632251,2026-03-08,2026-03-18,39.87,39.33,40.24,Single GRU
632251,2026-03-08,2026-03-19,40.06,39.39,40.53,Single GRU
632251,2026-03-08,2026-03-20,40.07,39.53,40.59,Single GRU
632251,2026-03-08,2026-03-21,40.3,39.72,40.71,Single GRU
632251,2026-03-08,2026-03-22,40.42,39.79,40.89,Single GRU
632251,2026-03-08,2026-03-23,40.6,40.0,40.96,Single GRU
632251,2026-03-08,2026-03-24,40.61,39.89,41.08,Single GRU
632251,2026-03-08,2026-03-25,40.74,40.13,41.19,Single GRU
632251,2026-03-08,2026-03-26,40.87,40.17,41.27,Single GRU
632251,2026-03-08,2026-03-27,40.94,40.14,41.37,Single GRU
632251,2026-03-08,2026-03-28,41.01,40.31,41.39,Single GRU
632251,2026-03-08,2026-03-29,41.06,40.34,41.47,Single GRU
632251,2026-03-08,2026-03-30,41.12,40.44,41.46,Single GRU
632251,2026-03-08,2026-03-31,41.15,40.47,41.48,Single GRU
632251,2026-03-08,2026-04-01,41.22,40.64,41.55,Single GRU
632251,2026-03-08,2026-04-02,41.28,40.63,41.62,Single GRU
632251,2026-03-08,2026-04-03,41.3,40.7,41.58,Single GRU
632251,2026-03-08,2026-04-04,41.35,40.74,41.62,Single GRU
632251,2026-03-08,2026-04-05,41.34,40.74,41.62,Single GRU
632251,2026-03-08,2026-04-06,41.4,40.89,41.61,Single GRU
632251,2026-03-08,2026-04-07,41.39,40.88,41.68,Single GRU
632252,2026-03-08,2026-03-09,36.75,36.74,36.77,Single GRU
632252,2026-03-08,2026-03-10,36.7,36.67,36.73,Single GRU
632252,2026-03-08,2026-03-11,36.67,36.63,36.71,Single GRU
632252,2026-03-08,2026-03-12,36.62,36.57,36.66,Single GRU
632252,2026-03-08,2026-03-13,36.58,36.51,36.67,Single GRU
632252,2026-03-08,2026-03-14,36.51,36.42,36.61,Single GRU
632252,2026-03-08,2026-03-15,36.47,36.36,36.58,Single GRU
632252,2026-03-08,2026-03-16,36.45,36.34,36.6,Single GRU
632252,2026-03-08,2026-03-17,36.36,36.25,36.53,Single GRU
632252,2026-03-08,2026-03-18,36.34,36.21,36.53,Single GRU
632252,2026-03-08,2026-03-19,36.32,36.2,36.56,Single GRU
632252,2026-03-08,2026-03-20,36.32,36.13,36.56,Single GRU
632252,2026-03-08,2026-03-21,36.36,36.16,36.61,Single GRU
632252,2026-03-08,2026-03-22,36.34,36.15,36.58,Single GRU
632252,2026-03-08,2026-03-23,36.36,36.16,36.59,Single GRU
632252,2026-03-08,2026-03-24,36.32,36.11,36.57,Single GRU
632252,2026-03-08,2026-03-25,36.35,36.14,36.61,Single GRU
632252,2026-03-08,2026-03-26,36.27,36.04,36.55,Single GRU
632252,2026-03-08,2026-03-27,36.37,36.19,36.59,Single GRU
632252,2026-03-08,2026-03-28,36.33,36.03,36.63,Single GRU
632252,2026-03-08,2026-03-29,36.2,35.95,36.45,Single GRU
632252,2026-03-08,2026-03-30,36.24,36.0,36.51,Single GRU
632252,2026-03-08,2026-03-31,36.19,35.9,36.55,Single GRU
632252,2026-03-08,2026-04-01,36.18,35.97,36.48,Single GRU
632252,2026-03-08,2026-04-02,36.16,35.93,36.44,Single GRU
632252,2026-03-08,2026-04-03,36.28,36.08,36.55,Single GRU
632252,2026-03-08,2026-04-04,36.18,35.98,36.48,Single GRU
632252,2026-03-08,2026-04-05,36.22,36.0,36.58,Single GRU
632252,2026-03-08,2026-04-06,36.23,35.95,36.54,Single GRU
632252,2026-03-08,2026-04-07,36.17,35.9,36.52,Single GRU
632684,2026-03-08,2026-03-09,80.1,80.08,80.14,Single GRU
632684,2026-03-08,2026-03-10,80.04,79.99,80.13,Single GRU
632684,2026-03-08,2026-03-11,80.06,79.99,80.17,Single GRU
632684,2026-03-08,2026-03-12,79.99,79.9,80.15,Single GRU
632684,2026-03-08,2026-03-13,80.02,79.91,80.2,Single GRU
632684,2026-03-08,2026-03-14,79.99,79.88,80.2,Single GRU
632684,2026-03-08,2026-03-15,80.0,79.87,80.19,Single GRU
632684,2026-03-08,2026-03-16,79.92,79.76,80.18,Single GRU
632684,2026-03-08,2026-03-17,79.88,79.69,80.2,Single GRU
632684,2026-03-08,2026-03-18,80.0,79.78,80.27,Single GRU
632684,2026-03-08,2026-03-19,80.03,79.75,80.41,Single GRU
632684,2026-03-08,2026-03-20,80.35,80.07,80.7,Single GRU
632684,2026-03-08,2026-03-21,80.59,80.34,80.94,Single GRU
632684,2026-03-08,2026-03-22,80.46,80.12,80.86,Single GRU
632684,2026-03-08,2026-03-23,80.62,80.34,80.96,Single GRU
632684,2026-03-08,2026-03-24,80.39,80.05,80.78,Single GRU
632684,2026-03-08,2026-03-25,80.78,80.49,81.14,Single GRU
632684,2026-03-08,2026-03-26,80.9,80.54,81.33,Single GRU
632684,2026-03-08,2026-03-27,80.49,80.04,81.1,Single GRU
632684,2026-03-08,2026-03-28,80.86,80.49,81.27,Single GRU
632684,2026-03-08,2026-03-29,80.42,79.91,81.1,Single GRU
632684,2026-03-08,2026-03-30,80.79,80.31,81.32,Single GRU
632684,2026-03-08,2026-03-31,80.87,80.48,81.36,Single GRU
632684,2026-03-08,2026-04-01,80.8,80.33,81.32,Single GRU
632684,2026-03-08,2026-04-02,80.23,79.7,80.93,Single GRU
632684,2026-03-08,2026-04-03,80.91,80.48,81.37,Single GRU
632684,2026-03-08,2026-04-04,80.71,80.25,81.2,Single GRU
632684,2026-03-08,2026-04-05,81.18,80.58,81.74,Single GRU
632684,2026-03-08,2026-04-06,80.95,80.3,81.61,Single GRU
632684,2026-03-08,2026-04-07,80.93,80.27,81.53,Single GRU
632686,2026-03-08,2026-03-09,55.44,55.43,55.46,Single GRU
632686,2026-03-08,2026-03-10,55.37,55.34,55.39,Single GRU
632686,2026-03-08,2026-03-11,55.36,55.31,55.39,Single GRU
632686,2026-03-08,2026-03-12,55.27,55.2,55.32,Single GRU
632686,2026-03-08,2026-03-13,55.22,55.14,55.34,Single GRU
632686,2026-03-08,2026-03-14,55.16,55.07,55.29,Single GRU
632686,2026-03-08,2026-03-15,55.11,54.99,55.27,Single GRU
632686,2026-03-08,2026-03-16,55.02,54.9,55.21,Single GRU
632686,2026-03-08,2026-03-17,54.92,54.79,55.15,Single GRU
632686,2026-03-08,2026-03-18,54.95,54.79,55.19,Single GRU
632686,2026-03-08,2026-03-19,54.86,54.72,55.19,Single GRU
632686,2026-03-08,2026-03-20,55.07,54.78,55.43,Single GRU
632686,2026-03-08,2026-03-21,55.14,54.93,55.52,Single GRU
632686,2026-03-08,2026-03-22,55.05,54.81,55.42,Single GRU
632686,2026-03-08,2026-03-23,55.17,54.9,55.46,Single GRU
632686,2026-03-08,2026-03-24,55.0,54.71,55.3,Single GRU
632686,2026-03-08,2026-03-25,55.17,54.94,55.57,Single GRU
632686,2026-03-08,2026-03-26,55.24,54.99,55.54,Single GRU
632686,2026-03-08,2026-03-27,55.06,54.71,55.38,Single GRU
632686,2026-03-08,2026-03-28,55.2,54.88,55.55,Single GRU
632686,2026-03-08,2026-03-29,54.89,54.65,55.28,Single GRU
632686,2026-03-08,2026-03-30,55.21,54.96,55.46,Single GRU
632686,2026-03-08,2026-03-31,55.08,54.77,55.48,Single GRU
632686,2026-03-08,2026-04-01,55.09,54.77,55.53,Single GRU
632686,2026-03-08,2026-04-02,54.82,54.55,55.16,Single GRU
632686,2026-03-08,2026-04-03,55.19,54.89,55.46,Single GRU
632686,2026-03-08,2026-04-04,55.04,54.79,55.35,Single GRU
632686,2026-03-08,2026-04-05,55.22,54.95,55.46,Single GRU
632686,2026-03-08,2026-04-06,55.19,54.93,55.49,Single GRU
632686,2026-03-08,2026-04-07,55.02,54.67,55.42,Single GRU
632720,2026-03-08,2026-03-09,223.26,223.17,223.34,Single GRU
632720,2026-03-08,2026-03-10,222.97,222.82,223.11,Single GRU
632720,2026-03-08,2026-03-11,222.77,222.52,223.02,Single GRU
632720,2026-03-08,2026-03-12,222.45,222.16,222.75,Single GRU
632720,2026-03-08,2026-03-13,222.26,221.77,222.74,Single GRU
632720,2026-03-08,2026-03-14,221.85,221.34,222.39,Single GRU
632720,2026-03-08,2026-03-15,221.58,220.97,222.22,Single GRU
632720,2026-03-08,2026-03-16,221.38,220.7,222.11,Single GRU
632720,2026-03-08,2026-03-17,221.03,220.33,221.8,Single GRU
632720,2026-03-08,2026-03-18,220.91,220.01,221.81,Single GRU
632720,2026-03-08,2026-03-19,220.67,219.89,221.69,Single GRU
632720,2026-03-08,2026-03-20,220.82,219.74,222.2,Single GRU
632720,2026-03-08,2026-03-21,220.85,219.52,222.12,Single GRU
632720,2026-03-08,2026-03-22,220.43,219.34,221.65,Single GRU
632720,2026-03-08,2026-03-23,220.4,219.2,221.72,Single GRU
632720,2026-03-08,2026-03-24,220.11,218.87,221.38,Single GRU
632720,2026-03-08,2026-03-25,219.86,218.49,221.33,Single GRU
632720,2026-03-08,2026-03-26,219.89,218.36,221.59,Single GRU
632720,2026-03-08,2026-03-27,219.69,218.33,221.32,Single GRU
632720,2026-03-08,2026-03-28,219.85,218.28,221.54,Single GRU
632720,2026-03-08,2026-03-29,219.27,217.78,220.61,Single GRU
632720,2026-03-08,2026-03-30,219.16,217.82,220.64,Single GRU
632720,2026-03-08,2026-03-31,219.12,217.48,220.91,Single GRU
632720,2026-03-08,2026-04-01,219.12,217.53,220.64,Single GRU
632720,2026-03-08,2026-04-02,219.22,217.9,220.57,Single GRU
632720,2026-03-08,2026-04-03,218.83,217.22,220.9,Single GRU
632720,2026-03-08,2026-04-04,218.86,217.46,220.61,Single GRU
632720,2026-03-08,2026-04-05,219.45,217.39,221.65,Single GRU
632720,2026-03-08,2026-04-06,219.41,217.66,221.05,Single GRU
632720,2026-03-08,2026-04-07,218.97,217.19,220.45,Single GRU
633053,2026-03-08,2026-03-09,109.34,109.3,109.38,Single GRU
633053,2026-03-08,2026-03-10,109.33,109.26,109.41,Single GRU
633053,2026-03-08,2026-03-11,109.34,109.25,109.44,Single GRU
633053,2026-03-08,2026-03-12,109.34,109.2,109.46,Single GRU
633053,2026-03-08,2026-03-13,109.34,109.2,109.49,Single GRU
633053,2026-03-08,2026-03-14,109.35,109.18,109.52,Single GRU
633053,2026-03-08,2026-03-15,109.39,109.2,109.58,Single GRU
633053,2026-03-08,2026-03-16,109.38,109.12,109.63,Single GRU
633053,2026-03-08,2026-03-17,109.42,109.1,109.68,Single GRU
633053,2026-03-08,2026-03-18,109.47,109.17,109.74,Single GRU
633053,2026-03-08,2026-03-19,109.59,109.18,109.93,Single GRU
633053,2026-03-08,2026-03-20,109.65,109.33,109.93,Single GRU
633053,2026-03-08,2026-03-21,109.73,109.39,110.05,Single GRU
633053,2026-03-08,2026-03-22,109.82,109.32,110.17,Single GRU
633053,2026-03-08,2026-03-23,110.0,109.58,110.53,Single GRU
633053,2026-03-08,2026-03-24,109.94,109.43,110.44,Single GRU
633053,2026-03-08,2026-03-25,109.92,109.47,110.47,Single GRU
633053,2026-03-08,2026-03-26,110.11,109.57,110.7,Single GRU
633053,2026-03-08,2026-03-27,110.16,109.45,110.74,Single GRU
633053,2026-03-08,2026-03-28,110.22,109.64,110.8,Single GRU
633053,2026-03-08,2026-03-29,110.27,109.45,110.9,Single GRU
633053,2026-03-08,2026-03-30,110.19,109.48,110.83,Single GRU
633053,2026-03-08,2026-03-31,110.42,109.78,111.11,Single GRU
633053,2026-03-08,2026-04-01,110.32,109.64,111.07,Single GRU
633053,2026-03-08,2026-04-02,110.44,109.6,111.23,Single GRU
633053,2026-03-08,2026-04-03,110.3,109.63,110.98,Single GRU
633053,2026-03-08,2026-04-04,110.4,109.72,111.18,Single GRU
633053,2026-03-08,2026-04-05,110.48,109.67,111.25,Single GRU
633053,2026-03-08,2026-04-06,110.55,109.75,111.28,Single GRU
633053,2026-03-08,2026-04-07,110.51,109.56,111.32,Single GRU
633098,2026-03-08,2026-03-09,122.6,122.57,122.65,Single GRU
633098,2026-03-08,2026-03-10,122.61,122.54,122.68,Single GRU
633098,2026-03-08,2026-03-11,122.62,122.55,122.72,Single GRU
633098,2026-03-08,2026-03-12,122.61,122.51,122.76,Single GRU
633098,2026-03-08,2026-03-13,122.66,122.55,122.82,Single GRU
633098,2026-03-08,2026-03-14,122.68,122.54,122.87,Single GRU
633098,2026-03-08,2026-03-15,122.71,122.56,122.89,Single GRU
633098,2026-03-08,2026-03-16,122.72,122.52,122.97,Single GRU
633098,2026-03-08,2026-03-17,122.76,122.51,123.07,Single GRU
633098,2026-03-08,2026-03-18,122.85,122.59,123.16,Single GRU
633098,2026-03-08,2026-03-19,122.92,122.58,123.3,Single GRU
633098,2026-03-08,2026-03-20,123.04,122.8,123.35,Single GRU
633098,2026-03-08,2026-03-21,123.18,122.95,123.51,Single GRU
633098,2026-03-08,2026-03-22,123.21,122.85,123.61,Single GRU
633098,2026-03-08,2026-03-23,123.3,123.04,123.58,Single GRU
633098,2026-03-08,2026-03-24,123.27,122.92,123.67,Single GRU
633098,2026-03-08,2026-03-25,123.35,123.05,123.68,Single GRU
633098,2026-03-08,2026-03-26,123.44,123.07,123.86,Single GRU
633098,2026-03-08,2026-03-27,123.5,122.93,124.05,Single GRU
633098,2026-03-08,2026-03-28,123.51,123.19,123.89,Single GRU
633098,2026-03-08,2026-03-29,123.55,122.89,124.24,Single GRU
633098,2026-03-08,2026-03-30,123.53,123.06,124.12,Single GRU
633098,2026-03-08,2026-03-31,123.65,123.23,124.17,Single GRU
633098,2026-03-08,2026-04-01,123.52,123.06,124.1,Single GRU
633098,2026-03-08,2026-04-02,123.43,122.78,124.2,Single GRU
633098,2026-03-08,2026-04-03,123.7,123.2,124.19,Single GRU
633098,2026-03-08,2026-04-04,123.53,123.03,124.08,Single GRU
633098,2026-03-08,2026-04-05,123.84,123.32,124.48,Single GRU
633098,2026-03-08,2026-04-06,123.79,123.09,124.51,Single GRU
633098,2026-03-08,2026-04-07,123.81,123.13,124.65,Single GRU
633099,2026-03-08,2026-03-09,66.82,66.77,66.87,Single GRU
633099,2026-03-08,2026-03-10,66.91,66.84,67.01,Single GRU
633099,2026-03-08,2026-03-11,66.98,66.88,67.1,Single GRU
633099,2026-03-08,2026-03-12,67.03,66.88,67.2,Single GRU
633099,2026-03-08,2026-03-13,67.1,66.94,67.3,Single GRU
633099,2026-03-08,2026-03-14,67.19,67.04,67.45,Single GRU
633099,2026-03-08,2026-03-15,67.33,67.13,67.57,Single GRU
633099,2026-03-08,2026-03-16,67.37,67.13,67.67,Single GRU
633099,2026-03-08,2026-03-17,67.52,67.21,67.83,Single GRU
633099,2026-03-08,2026-03-18,67.71,67.44,68.09,Single GRU
633099,2026-03-08,2026-03-19,67.83,67.49,68.26,Single GRU
633099,2026-03-08,2026-03-20,67.97,67.62,68.38,Single GRU
633099,2026-03-08,2026-03-21,68.13,67.76,68.5,Single GRU
633099,2026-03-08,2026-03-22,68.24,67.83,68.69,Single GRU
633099,2026-03-08,2026-03-23,68.39,67.97,68.74,Single GRU
633099,2026-03-08,2026-03-24,68.42,67.91,68.8,Single GRU
633099,2026-03-08,2026-03-25,68.56,68.09,68.88,Single GRU
633099,2026-03-08,2026-03-26,68.63,68.15,68.99,Single GRU
633099,2026-03-08,2026-03-27,68.68,68.25,69.0,Single GRU
633099,2026-03-08,2026-03-28,68.79,68.25,69.07,Single GRU
633099,2026-03-08,2026-03-29,68.82,68.35,69.15,Single GRU
633099,2026-03-08,2026-03-30,68.83,68.39,69.13,Single GRU
633099,2026-03-08,2026-03-31,68.85,68.36,69.16,Single GRU
633099,2026-03-08,2026-04-01,68.97,68.57,69.21,Single GRU
633099,2026-03-08,2026-04-02,68.99,68.56,69.26,Single GRU
633099,2026-03-08,2026-04-03,69.01,68.63,69.24,Single GRU
633099,2026-03-08,2026-04-04,69.04,68.59,69.26,Single GRU
633099,2026-03-08,2026-04-05,69.07,68.56,69.29,Single GRU
633099,2026-03-08,2026-04-06,69.11,68.68,69.31,Single GRU
633099,2026-03-08,2026-04-07,69.09,68.69,69.3,Single GRU
633103,2026-03-08,2026-03-09,130.02,130.0,130.05,Single GRU
633103,2026-03-08,2026-03-10,129.92,129.87,129.96,Single GRU
633103,2026-03-08,2026-03-11,129.88,129.8,129.94,Single GRU
633103,2026-03-08,2026-03-12,129.77,129.68,129.84,Single GRU
633103,2026-03-08,2026-03-13,129.72,129.57,129.84,Single GRU
633103,2026-03-08,2026-03-14,129.62,129.45,129.75,Single GRU
633103,2026-03-08,2026-03-15,129.56,129.34,129.69,Single GRU
633103,2026-03-08,2026-03-16,129.44,129.2,129.64,Single GRU
633103,2026-03-08,2026-03-17,129.35,129.08,129.53,Single GRU
633103,2026-03-08,2026-03-18,129.35,128.98,129.56,Single GRU
633103,2026-03-08,2026-03-19,129.28,128.91,129.56,Single GRU
633103,2026-03-08,2026-03-20,129.41,129.04,129.75,Single GRU
633103,2026-03-08,2026-03-21,129.52,129.14,129.86,Single GRU
633103,2026-03-08,2026-03-22,129.41,128.92,129.74,Single GRU
633103,2026-03-08,2026-03-23,129.43,128.97,129.78,Single GRU
633103,2026-03-08,2026-03-24,129.26,128.82,129.65,Single GRU
633103,2026-03-08,2026-03-25,129.3,128.74,129.71,Single GRU
633103,2026-03-08,2026-03-26,129.4,128.79,129.84,Single GRU
633103,2026-03-08,2026-03-27,129.19,128.62,129.59,Single GRU
633103,2026-03-08,2026-03-28,129.36,128.8,129.81,Single GRU
633103,2026-03-08,2026-03-29,129.1,128.64,129.61,Single GRU
633103,2026-03-08,2026-03-30,129.16,128.63,129.57,Single GRU
633103,2026-03-08,2026-03-31,129.15,128.66,129.6,Single GRU
633103,2026-03-08,2026-04-01,129.22,128.83,129.63,Single GRU
633103,2026-03-08,2026-04-02,129.03,128.5,129.47,Single GRU
633103,2026-03-08,2026-04-03,129.02,128.39,129.52,Single GRU
633103,2026-03-08,2026-04-04,129.02,128.54,129.54,Single GRU
633103,2026-03-08,2026-04-05,129.3,128.67,129.83,Single GRU
633103,2026-03-08,2026-04-06,129.36,128.91,129.76,Single GRU
633103,2026-03-08,2026-04-07,129.16,128.67,129.57,Single GRU
633104,2026-03-08,2026-03-09,123.3,123.21,123.39,Single GRU
633104,2026-03-08,2026-03-10,123.4,123.23,123.6,Single GRU
633104,2026-03-08,2026-03-11,123.51,123.28,123.72,Single GRU
633104,2026-03-08,2026-03-12,123.56,123.29,123.9,Single GRU
633104,2026-03-08,2026-03-13,123.7,123.36,124.02,Single GRU
633104,2026-03-08,2026-03-14,123.83,123.43,124.25,Single GRU
633104,2026-03-08,2026-03-15,123.97,123.62,124.42,Single GRU
633104,2026-03-08,2026-03-16,124.03,123.58,124.64,Single GRU
633104,2026-03-08,2026-03-17,124.28,123.59,124.99,Single GRU
633104,2026-03-08,2026-03-18,124.54,123.93,125.28,Single GRU
633104,2026-03-08,2026-03-19,124.86,124.08,125.89,Single GRU
633104,2026-03-08,2026-03-20,125.03,124.42,125.94,Single GRU
633104,2026-03-08,2026-03-21,125.27,124.68,126.22,Single GRU
633104,2026-03-08,2026-03-22,125.4,124.72,126.53,Single GRU
633104,2026-03-08,2026-03-23,125.82,125.02,126.71,Single GRU
633104,2026-03-08,2026-03-24,125.87,124.92,126.92,Single GRU
633104,2026-03-08,2026-03-25,126.1,125.3,127.09,Single GRU
633104,2026-03-08,2026-03-26,126.39,125.5,127.39,Single GRU
633104,2026-03-08,2026-03-27,126.48,125.33,127.53,Single GRU
633104,2026-03-08,2026-03-28,126.53,125.61,127.46,Single GRU
633104,2026-03-08,2026-03-29,126.75,125.39,127.95,Single GRU
633104,2026-03-08,2026-03-30,126.76,125.87,127.92,Single GRU
633104,2026-03-08,2026-03-31,126.93,125.86,127.95,Single GRU
633104,2026-03-08,2026-04-01,127.01,125.96,128.03,Single GRU
633104,2026-03-08,2026-04-02,127.07,125.55,128.24,Single GRU
633104,2026-03-08,2026-04-03,127.13,125.93,127.99,Single GRU
633104,2026-03-08,2026-04-04,127.12,126.06,128.25,Single GRU
633104,2026-03-08,2026-04-05,127.45,126.33,128.41,Single GRU
633104,2026-03-08,2026-04-06,127.38,126.36,128.41,Single GRU
633104,2026-03-08,2026-04-07,127.44,126.3,128.6,Single GRU
647656,2026-03-08,2026-03-09,4.62,4.62,4.63,Single GRU
647656,2026-03-08,2026-03-10,4.62,4.61,4.62,Single GRU
647656,2026-03-08,2026-03-11,4.6,4.59,4.62,Single GRU
647656,2026-03-08,2026-03-12,4.59,4.58,4.62,Single GRU
647656,2026-03-08,2026-03-13,4.58,4.57,4.62,Single GRU
647656,2026-03-08,2026-03-14,4.59,4.58,4.61,Single GRU
647656,2026-03-08,2026-03-15,4.57,4.56,4.61,Single GRU
647656,2026-03-08,2026-03-16,4.57,4.56,4.6,Single GRU
647656,2026-03-08,2026-03-17,4.57,4.56,4.6,Single GRU
647656,2026-03-08,2026-03-18,4.56,4.54,4.59,Single GRU
647656,2026-03-08,2026-03-19,4.55,4.52,4.59,Single GRU
647656,2026-03-08,2026-03-20,4.57,4.54,4.6,Single GRU
647656,2026-03-08,2026-03-21,4.55,4.51,4.6,Single GRU
647656,2026-03-08,2026-03-22,4.55,4.51,4.6,Single GRU
647656,2026-03-08,2026-03-23,4.53,4.5,4.59,Single GRU
647656,2026-03-08,2026-03-24,4.54,4.5,4.59,Single GRU
647656,2026-03-08,2026-03-25,4.53,4.49,4.58,Single GRU
647656,2026-03-08,2026-03-26,4.51,4.47,4.57,Single GRU
647656,2026-03-08,2026-03-27,4.53,4.49,4.58,Single GRU
647656,2026-03-08,2026-03-28,4.51,4.47,4.57,Single GRU
647656,2026-03-08,2026-03-29,4.51,4.47,4.57,Single GRU
647656,2026-03-08,2026-03-30,4.5,4.46,4.57,Single GRU
647656,2026-03-08,2026-03-31,4.51,4.46,4.57,Single GRU
647656,2026-03-08,2026-04-01,4.48,4.44,4.55,Single GRU
647656,2026-03-08,2026-04-02,4.5,4.46,4.56,Single GRU
647656,2026-03-08,2026-04-03,4.51,4.46,4.57,Single GRU
647656,2026-03-08,2026-04-04,4.5,4.45,4.56,Single GRU
647656,2026-03-08,2026-04-05,4.51,4.46,4.59,Single GRU
647656,2026-03-08,2026-04-06,4.46,4.43,4.54,Single GRU
647656,2026-03-08,2026-04-07,4.5,4.44,4.57,Single GRU
647657,2026-03-08,2026-03-09,4.33,4.32,4.34,Single GRU
647657,2026-03-08,2026-03-10,4.35,4.32,4.37,Single GRU
647657,2026-03-08,2026-03-11,4.36,4.33,4.38,Single GRU
647657,2026-03-08,2026-03-12,4.36,4.32,4.4,Single GRU
647657,2026-03-08,2026-03-13,4.38,4.33,4.41,Single GRU
647657,2026-03-08,2026-03-14,4.39,4.33,4.44,Single GRU
647657,2026-03-08,2026-03-15,4.41,4.34,4.46,Single GRU
647657,2026-03-08,2026-03-16,4.41,4.32,4.48,Single GRU
647657,2026-03-08,2026-03-17,4.43,4.33,4.53,Single GRU
647657,2026-03-08,2026-03-18,4.46,4.34,4.53,Single GRU
647657,2026-03-08,2026-03-19,4.49,4.34,4.59,Single GRU
647657,2026-03-08,2026-03-20,4.53,4.37,4.62,Single GRU
647657,2026-03-08,2026-03-21,4.53,4.42,4.61,Single GRU
647657,2026-03-08,2026-03-22,4.57,4.44,4.68,Single GRU
647657,2026-03-08,2026-03-23,4.58,4.46,4.68,Single GRU
647657,2026-03-08,2026-03-24,4.62,4.46,4.72,Single GRU
647657,2026-03-08,2026-03-25,4.67,4.52,4.77,Single GRU
647657,2026-03-08,2026-03-26,4.69,4.52,4.8,Single GRU
647657,2026-03-08,2026-03-27,4.66,4.54,4.77,Single GRU
647657,2026-03-08,2026-03-28,4.74,4.58,4.84,Single GRU
647657,2026-03-08,2026-03-29,4.76,4.51,4.86,Single GRU
647657,2026-03-08,2026-03-30,4.74,4.57,4.86,Single GRU
647657,2026-03-08,2026-03-31,4.76,4.61,4.86,Single GRU
647657,2026-03-08,2026-04-01,4.77,4.59,4.88,Single GRU
647657,2026-03-08,2026-04-02,4.81,4.62,4.95,Single GRU
647657,2026-03-08,2026-04-03,4.84,4.63,4.93,Single GRU
647657,2026-03-08,2026-04-04,4.85,4.64,4.95,Single GRU
647657,2026-03-08,2026-04-05,4.84,4.68,4.95,Single GRU
647657,2026-03-08,2026-04-06,4.86,4.66,4.98,Single GRU
647657,2026-03-08,2026-04-07,4.87,4.66,4.99,Single GRU
647659,2026-03-08,2026-03-09,3.47,3.47,3.48,Single GRU
647659,2026-03-08,2026-03-10,3.48,3.47,3.49,Single GRU
647659,2026-03-08,2026-03-11,3.48,3.47,3.5,Single GRU
647659,2026-03-08,2026-03-12,3.48,3.46,3.5,Single GRU
647659,2026-03-08,2026-03-13,3.49,3.46,3.51,Single GRU
647659,2026-03-08,2026-03-14,3.49,3.46,3.52,Single GRU
647659,2026-03-08,2026-03-15,3.5,3.46,3.53,Single GRU
647659,2026-03-08,2026-03-16,3.5,3.46,3.55,Single GRU
647659,2026-03-08,2026-03-17,3.51,3.45,3.56,Single GRU
647659,2026-03-08,2026-03-18,3.51,3.46,3.56,Single GRU
647659,2026-03-08,2026-03-19,3.52,3.45,3.6,Single GRU
647659,2026-03-08,2026-03-20,3.53,3.47,3.6,Single GRU
647659,2026-03-08,2026-03-21,3.54,3.49,3.61,Single GRU
647659,2026-03-08,2026-03-22,3.56,3.49,3.63,Single GRU
647659,2026-03-08,2026-03-23,3.56,3.49,3.63,Single GRU
647659,2026-03-08,2026-03-24,3.56,3.48,3.64,Single GRU
647659,2026-03-08,2026-03-25,3.58,3.51,3.65,Single GRU
647659,2026-03-08,2026-03-26,3.59,3.5,3.67,Single GRU
647659,2026-03-08,2026-03-27,3.61,3.51,3.69,Single GRU
647659,2026-03-08,2026-03-28,3.62,3.52,3.69,Single GRU
647659,2026-03-08,2026-03-29,3.61,3.48,3.71,Single GRU
647659,2026-03-08,2026-03-30,3.65,3.55,3.72,Single GRU
647659,2026-03-08,2026-03-31,3.64,3.54,3.72,Single GRU
647659,2026-03-08,2026-04-01,3.61,3.5,3.71,Single GRU
647659,2026-03-08,2026-04-02,3.66,3.53,3.74,Single GRU
647659,2026-03-08,2026-04-03,3.66,3.54,3.73,Single GRU
647659,2026-03-08,2026-04-04,3.67,3.56,3.75,Single GRU
647659,2026-03-08,2026-04-05,3.71,3.59,3.77,Single GRU
647659,2026-03-08,2026-04-06,3.66,3.54,3.76,Single GRU
647659,2026-03-08,2026-04-07,3.7,3.57,3.78,Single GRU
647660,2026-03-08,2026-03-09,8.48,8.47,8.48,Single GRU
647660,2026-03-08,2026-03-10,8.47,8.47,8.48,Single GRU
647660,2026-03-08,2026-03-11,8.47,8.46,8.48,Single GRU
647660,2026-03-08,2026-03-12,8.46,8.45,8.47,Single GRU
647660,2026-03-08,2026-03-13,8.46,8.45,8.47,Single GRU
647660,2026-03-08,2026-03-14,8.46,8.44,8.47,Single GRU
647660,2026-03-08,2026-03-15,8.45,8.43,8.47,Single GRU
647660,2026-03-08,2026-03-16,8.45,8.42,8.47,Single GRU
647660,2026-03-08,2026-03-17,8.44,8.41,8.47,Single GRU
647660,2026-03-08,2026-03-18,8.44,8.4,8.47,Single GRU
647660,2026-03-08,2026-03-19,8.43,8.4,8.47,Single GRU
647660,2026-03-08,2026-03-20,8.45,8.41,8.49,Single GRU
647660,2026-03-08,2026-03-21,8.44,8.4,8.48,Single GRU
647660,2026-03-08,2026-03-22,8.44,8.4,8.49,Single GRU
647660,2026-03-08,2026-03-23,8.43,8.39,8.47,Single GRU
647660,2026-03-08,2026-03-24,8.44,8.38,8.48,Single GRU
647660,2026-03-08,2026-03-25,8.43,8.39,8.48,Single GRU
647660,2026-03-08,2026-03-26,8.42,8.37,8.49,Single GRU
647660,2026-03-08,2026-03-27,8.43,8.39,8.48,Single GRU
647660,2026-03-08,2026-03-28,8.44,8.38,8.5,Single GRU
647660,2026-03-08,2026-03-29,8.42,8.36,8.49,Single GRU
647660,2026-03-08,2026-03-30,8.43,8.37,8.49,Single GRU
647660,2026-03-08,2026-03-31,8.42,8.37,8.48,Single GRU
647660,2026-03-08,2026-04-01,8.42,8.37,8.49,Single GRU
647660,2026-03-08,2026-04-02,8.45,8.39,8.52,Single GRU
647660,2026-03-08,2026-04-03,8.44,8.37,8.51,Single GRU
647660,2026-03-08,2026-04-04,8.42,8.36,8.51,Single GRU
647660,2026-03-08,2026-04-05,8.44,8.36,8.51,Single GRU
647660,2026-03-08,2026-04-06,8.41,8.34,8.49,Single GRU
647660,2026-03-08,2026-04-07,8.42,8.33,8.49,Single GRU
647663,2026-03-08,2026-03-09,1529.08,1525.07,1533.01,Single GRU
647663,2026-03-08,2026-03-10,1528.46,1523.99,1532.31,Single GRU
647663,2026-03-08,2026-03-11,1528.93,1522.06,1534.95,Single GRU
647663,2026-03-08,2026-03-12,1528.86,1520.28,1536.36,Single GRU
647663,2026-03-08,2026-03-13,1530.27,1519.24,1540.58,Single GRU
647663,2026-03-08,2026-03-14,1530.6,1518.84,1538.14,Single GRU
647663,2026-03-08,2026-03-15,1527.17,1516.15,1543.26,Single GRU
647663,2026-03-08,2026-03-16,1535.54,1516.94,1546.72,Single GRU
647663,2026-03-08,2026-03-17,1537.18,1515.03,1551.16,Single GRU
647663,2026-03-08,2026-03-18,1533.36,1513.17,1555.92,Single GRU
647663,2026-03-08,2026-03-19,1543.11,1511.81,1559.73,Single GRU
647663,2026-03-08,2026-03-20,1545.51,1513.16,1558.85,Single GRU
647663,2026-03-08,2026-03-21,1536.49,1511.83,1557.39,Single GRU
647663,2026-03-08,2026-03-22,1540.92,1508.4,1565.08,Single GRU
647663,2026-03-08,2026-03-23,1537.76,1505.36,1567.35,Single GRU
647663,2026-03-08,2026-03-24,1534.44,1500.85,1556.44,Single GRU
647663,2026-03-08,2026-03-25,1534.17,1495.95,1568.09,Single GRU
647663,2026-03-08,2026-03-26,1538.11,1497.13,1558.22,Single GRU
647663,2026-03-08,2026-03-27,1522.55,1494.75,1550.15,Single GRU
647663,2026-03-08,2026-03-28,1527.66,1489.06,1559.08,Single GRU
647663,2026-03-08,2026-03-29,1532.21,1489.59,1564.13,Single GRU
647663,2026-03-08,2026-03-30,1511.86,1481.55,1542.25,Single GRU
647663,2026-03-08,2026-03-31,1522.93,1482.08,1553.66,Single GRU
647663,2026-03-08,2026-04-01,1513.42,1477.77,1554.05,Single GRU
647663,2026-03-08,2026-04-02,1510.8,1476.02,1551.72,Single GRU
647663,2026-03-08,2026-04-03,1499.7,1474.83,1531.87,Single GRU
647663,2026-03-08,2026-04-04,1502.03,1474.09,1535.65,Single GRU
647663,2026-03-08,2026-04-05,1501.83,1474.35,1543.14,Single GRU
647663,2026-03-08,2026-04-06,1499.07,1474.36,1531.95,Single GRU
647663,2026-03-08,2026-04-07,1502.69,1472.49,1552.0,Single GRU
649230,2026-03-08,2026-03-09,125.75,125.74,125.77,Single GRU
649230,2026-03-08,2026-03-10,125.71,125.68,125.75,Single GRU
649230,2026-03-08,2026-03-11,125.72,125.68,125.76,Single GRU
649230,2026-03-08,2026-03-12,125.68,125.62,125.75,Single GRU
649230,2026-03-08,2026-03-13,125.73,125.67,125.79,Single GRU
649230,2026-03-08,2026-03-14,125.69,125.62,125.77,Single GRU
649230,2026-03-08,2026-03-15,125.7,125.62,125.78,Single GRU
649230,2026-03-08,2026-03-16,125.65,125.55,125.77,Single GRU
649230,2026-03-08,2026-03-17,125.62,125.49,125.77,Single GRU
649230,2026-03-08,2026-03-18,125.7,125.58,125.84,Single GRU
649230,2026-03-08,2026-03-19,125.7,125.56,125.87,Single GRU
649230,2026-03-08,2026-03-20,125.96,125.83,126.11,Single GRU
649230,2026-03-08,2026-03-21,126.09,125.98,126.21,Single GRU
649230,2026-03-08,2026-03-22,126.04,125.86,126.22,Single GRU
649230,2026-03-08,2026-03-23,126.12,125.99,126.29,Single GRU
649230,2026-03-08,2026-03-24,125.99,125.82,126.19,Single GRU
649230,2026-03-08,2026-03-25,126.16,126.05,126.38,Single GRU
649230,2026-03-08,2026-03-26,126.26,126.09,126.42,Single GRU
649230,2026-03-08,2026-03-27,126.02,125.78,126.3,Single GRU
649230,2026-03-08,2026-03-28,126.27,126.11,126.52,Single GRU
649230,2026-03-08,2026-03-29,125.96,125.66,126.27,Single GRU
649230,2026-03-08,2026-03-30,126.11,125.88,126.39,Single GRU
649230,2026-03-08,2026-03-31,126.24,126.04,126.48,Single GRU
649230,2026-03-08,2026-04-01,126.11,125.89,126.36,Single GRU
649230,2026-03-08,2026-04-02,125.82,125.47,126.17,Single GRU
649230,2026-03-08,2026-04-03,126.29,126.04,126.64,Single GRU
649230,2026-03-08,2026-04-04,126.03,125.77,126.41,Single GRU
649230,2026-03-08,2026-04-05,126.35,126.07,126.68,Single GRU
649230,2026-03-08,2026-04-06,126.21,125.9,126.56,Single GRU
649230,2026-03-08,2026-04-07,126.2,125.85,126.56,Single GRU
649231,2026-03-08,2026-03-09,89.86,89.84,89.89,Single GRU
649231,2026-03-08,2026-03-10,89.84,89.76,89.92,Single GRU
649231,2026-03-08,2026-03-11,89.85,89.77,89.94,Single GRU
649231,2026-03-08,2026-03-12,89.82,89.7,89.94,Single GRU
649231,2026-03-08,2026-03-13,89.86,89.75,89.98,Single GRU
649231,2026-03-08,2026-03-14,89.83,89.7,89.98,Single GRU
649231,2026-03-08,2026-03-15,89.88,89.7,90.08,Single GRU
649231,2026-03-08,2026-03-16,89.84,89.61,90.06,Single GRU
649231,2026-03-08,2026-03-17,89.85,89.56,90.17,Single GRU
649231,2026-03-08,2026-03-18,89.97,89.65,90.24,Single GRU
649231,2026-03-08,2026-03-19,89.93,89.66,90.24,Single GRU
649231,2026-03-08,2026-03-20,90.26,89.93,90.64,Single GRU
649231,2026-03-08,2026-03-21,90.49,90.17,90.75,Single GRU
649231,2026-03-08,2026-03-22,90.4,90.03,90.8,Single GRU
649231,2026-03-08,2026-03-23,90.54,90.14,90.88,Single GRU
649231,2026-03-08,2026-03-24,90.42,89.92,90.92,Single GRU
649231,2026-03-08,2026-03-25,90.8,90.23,91.17,Single GRU
649231,2026-03-08,2026-03-26,90.69,90.26,91.13,Single GRU
649231,2026-03-08,2026-03-27,90.42,89.91,90.95,Single GRU
649231,2026-03-08,2026-03-28,90.82,90.22,91.4,Single GRU
649231,2026-03-08,2026-03-29,90.46,89.88,91.18,Single GRU
649231,2026-03-08,2026-03-30,90.9,90.13,91.45,Single GRU
649231,2026-03-08,2026-03-31,90.77,90.2,91.25,Single GRU
649231,2026-03-08,2026-04-01,90.73,90.16,91.24,Single GRU
649231,2026-03-08,2026-04-02,90.38,89.6,91.23,Single GRU
649231,2026-03-08,2026-04-03,91.13,90.28,91.79,Single GRU
649231,2026-03-08,2026-04-04,90.92,89.92,91.7,Single GRU
649231,2026-03-08,2026-04-05,91.22,90.31,91.85,Single GRU
649231,2026-03-08,2026-04-06,90.97,90.06,91.76,Single GRU
649231,2026-03-08,2026-04-07,91.17,90.18,92.0,Single GRU
649236,2026-03-08,2026-03-09,80.8,80.59,81.15,Single GRU
649236,2026-03-08,2026-03-10,81.22,80.66,81.84,Single GRU
649236,2026-03-08,2026-03-11,81.34,80.67,82.03,Single GRU
649236,2026-03-08,2026-03-12,81.69,80.74,82.72,Single GRU
649236,2026-03-08,2026-03-13,81.93,80.91,82.94,Single GRU
649236,2026-03-08,2026-03-14,82.2,81.03,83.68,Single GRU
649236,2026-03-08,2026-03-15,82.71,81.34,84.14,Single GRU
649236,2026-03-08,2026-03-16,83.17,81.47,85.02,Single GRU
649236,2026-03-08,2026-03-17,83.84,81.63,86.14,Single GRU
649236,2026-03-08,2026-03-18,84.11,81.88,86.59,Single GRU
649236,2026-03-08,2026-03-19,85.13,82.14,87.74,Single GRU
649236,2026-03-08,2026-03-20,85.32,83.0,87.54,Single GRU
649236,2026-03-08,2026-03-21,85.81,83.36,87.98,Single GRU
649236,2026-03-08,2026-03-22,86.31,83.47,88.92,Single GRU
649236,2026-03-08,2026-03-23,86.76,84.19,89.34,Single GRU
649236,2026-03-08,2026-03-24,87.3,84.17,89.95,Single GRU
649236,2026-03-08,2026-03-25,87.48,84.8,90.38,Single GRU
649236,2026-03-08,2026-03-26,88.1,85.22,91.09,Single GRU
649236,2026-03-08,2026-03-27,88.4,84.33,91.16,Single GRU
649236,2026-03-08,2026-03-28,88.47,85.45,91.39,Single GRU
649236,2026-03-08,2026-03-29,89.22,85.18,92.31,Single GRU
649236,2026-03-08,2026-03-30,89.77,85.8,92.67,Single GRU
649236,2026-03-08,2026-03-31,89.66,86.37,92.64,Single GRU
649236,2026-03-08,2026-04-01,89.3,85.83,92.12,Single GRU
649236,2026-03-08,2026-04-02,90.36,86.06,93.31,Single GRU
649236,2026-03-08,2026-04-03,90.17,86.86,93.0,Single GRU
649236,2026-03-08,2026-04-04,90.87,86.84,93.8,Single GRU
649236,2026-03-08,2026-04-05,91.29,87.41,93.8,Single GRU
649236,2026-03-08,2026-04-06,91.01,87.5,93.76,Single GRU
649236,2026-03-08,2026-04-07,91.75,87.85,94.26,Single GRU
650141,2026-03-08,2026-03-09,2.4,2.4,2.4,Single GRU
650141,2026-03-08,2026-03-10,2.4,2.4,2.41,Single GRU
650141,2026-03-08,2026-03-11,2.4,2.39,2.41,Single GRU
650141,2026-03-08,2026-03-12,2.4,2.39,2.41,Single GRU
650141,2026-03-08,2026-03-13,2.4,2.39,2.41,Single GRU
650141,2026-03-08,2026-03-14,2.4,2.39,2.42,Single GRU
650141,2026-03-08,2026-03-15,2.4,2.39,2.42,Single GRU
650141,2026-03-08,2026-03-16,2.4,2.38,2.42,Single GRU
650141,2026-03-08,2026-03-17,2.4,2.38,2.43,Single GRU
650141,2026-03-08,2026-03-18,2.41,2.38,2.43,Single GRU
650141,2026-03-08,2026-03-19,2.41,2.38,2.44,Single GRU
650141,2026-03-08,2026-03-20,2.43,2.4,2.46,Single GRU
650141,2026-03-08,2026-03-21,2.43,2.41,2.46,Single GRU
650141,2026-03-08,2026-03-22,2.43,2.41,2.47,Single GRU
650141,2026-03-08,2026-03-23,2.44,2.41,2.47,Single GRU
650141,2026-03-08,2026-03-24,2.44,2.41,2.48,Single GRU
650141,2026-03-08,2026-03-25,2.45,2.42,2.49,Single GRU
650141,2026-03-08,2026-03-26,2.45,2.41,2.5,Single GRU
650141,2026-03-08,2026-03-27,2.45,2.41,2.49,Single GRU
650141,2026-03-08,2026-03-28,2.47,2.42,2.51,Single GRU
650141,2026-03-08,2026-03-29,2.46,2.4,2.52,Single GRU
650141,2026-03-08,2026-03-30,2.46,2.42,2.52,Single GRU
650141,2026-03-08,2026-03-31,2.47,2.43,2.52,Single GRU
650141,2026-03-08,2026-04-01,2.46,2.42,2.5,Single GRU
650141,2026-03-08,2026-04-02,2.47,2.41,2.54,Single GRU
650141,2026-03-08,2026-04-03,2.48,2.43,2.54,Single GRU
650141,2026-03-08,2026-04-04,2.48,2.42,2.55,Single GRU
650141,2026-03-08,2026-04-05,2.49,2.44,2.55,Single GRU
650141,2026-03-08,2026-04-06,2.5,2.43,2.56,Single GRU
650141,2026-03-08,2026-04-07,2.49,2.43,2.57,Single GRU
650142,2026-03-08,2026-03-09,15.61,15.58,15.63,Single GRU
650142,2026-03-08,2026-03-10,15.63,15.58,15.68,Single GRU
650142,2026-03-08,2026-03-11,15.63,15.58,15.69,Single GRU
650142,2026-03-08,2026-03-12,15.64,15.55,15.72,Single GRU
650142,2026-03-08,2026-03-13,15.66,15.57,15.75,Single GRU
650142,2026-03-08,2026-03-14,15.69,15.58,15.79,Single GRU
650142,2026-03-08,2026-03-15,15.69,15.59,15.81,Single GRU
650142,2026-03-08,2026-03-16,15.73,15.57,15.89,Single GRU
650142,2026-03-08,2026-03-17,15.76,15.57,15.92,Single GRU
650142,2026-03-08,2026-03-18,15.77,15.57,15.93,Single GRU
650142,2026-03-08,2026-03-19,15.85,15.59,16.09,Single GRU
650142,2026-03-08,2026-03-20,15.91,15.63,16.09,Single GRU
650142,2026-03-08,2026-03-21,15.91,15.68,16.12,Single GRU
650142,2026-03-08,2026-03-22,15.98,15.72,16.2,Single GRU
650142,2026-03-08,2026-03-23,16.0,15.78,16.21,Single GRU
650142,2026-03-08,2026-03-24,16.05,15.72,16.23,Single GRU
650142,2026-03-08,2026-03-25,16.14,15.81,16.33,Single GRU
650142,2026-03-08,2026-03-26,16.19,15.86,16.4,Single GRU
650142,2026-03-08,2026-03-27,16.15,15.83,16.37,Single GRU
650142,2026-03-08,2026-03-28,16.26,15.93,16.5,Single GRU
650142,2026-03-08,2026-03-29,16.2,15.84,16.54,Single GRU
650142,2026-03-08,2026-03-30,16.31,15.93,16.6,Single GRU
650142,2026-03-08,2026-03-31,16.29,16.01,16.6,Single GRU
650142,2026-03-08,2026-04-01,16.23,15.82,16.49,Single GRU
650142,2026-03-08,2026-04-02,16.41,15.94,16.72,Single GRU
650142,2026-03-08,2026-04-03,16.41,16.02,16.69,Single GRU
650142,2026-03-08,2026-04-04,16.45,16.04,16.75,Single GRU
650142,2026-03-08,2026-04-05,16.55,16.22,16.85,Single GRU
650142,2026-03-08,2026-04-06,16.47,16.08,16.77,Single GRU
650142,2026-03-08,2026-04-07,16.55,16.1,16.85,Single GRU
650143,2026-03-08,2026-03-09,5.1,5.1,5.11,Single GRU
650143,2026-03-08,2026-03-10,5.1,5.09,5.12,Single GRU
650143,2026-03-08,2026-03-11,5.09,5.07,5.11,Single GRU
650143,2026-03-08,2026-03-12,5.08,5.05,5.11,Single GRU
650143,2026-03-08,2026-03-13,5.08,5.04,5.11,Single GRU
650143,2026-03-08,2026-03-14,5.07,5.05,5.12,Single GRU
650143,2026-03-08,2026-03-15,5.06,5.03,5.11,Single GRU
650143,2026-03-08,2026-03-16,5.06,5.02,5.12,Single GRU
650143,2026-03-08,2026-03-17,5.05,5.0,5.12,Single GRU
650143,2026-03-08,2026-03-18,5.05,4.99,5.11,Single GRU
650143,2026-03-08,2026-03-19,5.04,4.98,5.13,Single GRU
650143,2026-03-08,2026-03-20,5.08,5.01,5.16,Single GRU
650143,2026-03-08,2026-03-21,5.07,4.99,5.16,Single GRU
650143,2026-03-08,2026-03-22,5.07,4.99,5.17,Single GRU
650143,2026-03-08,2026-03-23,5.07,4.96,5.16,Single GRU
650143,2026-03-08,2026-03-24,5.08,4.94,5.18,Single GRU
650143,2026-03-08,2026-03-25,5.09,4.98,5.18,Single GRU
650143,2026-03-08,2026-03-26,5.08,4.95,5.2,Single GRU
650143,2026-03-08,2026-03-27,5.11,5.02,5.23,Single GRU
650143,2026-03-08,2026-03-28,5.14,5.01,5.23,Single GRU
650143,2026-03-08,2026-03-29,5.08,4.96,5.24,Single GRU
650143,2026-03-08,2026-03-30,5.16,5.02,5.27,Single GRU
650143,2026-03-08,2026-03-31,5.13,4.96,5.25,Single GRU
650143,2026-03-08,2026-04-01,5.06,4.92,5.2,Single GRU
650143,2026-03-08,2026-04-02,5.12,4.99,5.28,Single GRU
650143,2026-03-08,2026-04-03,5.15,5.01,5.28,Single GRU
650143,2026-03-08,2026-04-04,5.14,5.0,5.28,Single GRU
650143,2026-03-08,2026-04-05,5.2,5.08,5.34,Single GRU
650143,2026-03-08,2026-04-06,5.11,4.92,5.28,Single GRU
650143,2026-03-08,2026-04-07,5.16,4.98,5.33,Single GRU
650145,2026-03-08,2026-03-09,2.85,2.85,2.86,Single GRU
650145,2026-03-08,2026-03-10,2.85,2.85,2.85,Single GRU
650145,2026-03-08,2026-03-11,2.84,2.84,2.85,Single GRU
650145,2026-03-08,2026-03-12,2.84,2.83,2.84,Single GRU
650145,2026-03-08,2026-03-13,2.83,2.82,2.84,Single GRU
650145,2026-03-08,2026-03-14,2.83,2.82,2.83,Single GRU
650145,2026-03-08,2026-03-15,2.82,2.81,2.83,Single GRU
650145,2026-03-08,2026-03-16,2.81,2.8,2.83,Single GRU
650145,2026-03-08,2026-03-17,2.81,2.8,2.82,Single GRU
650145,2026-03-08,2026-03-18,2.8,2.79,2.82,Single GRU
650145,2026-03-08,2026-03-19,2.8,2.78,2.81,Single GRU
650145,2026-03-08,2026-03-20,2.79,2.78,2.81,Single GRU
650145,2026-03-08,2026-03-21,2.78,2.77,2.8,Single GRU
650145,2026-03-08,2026-03-22,2.77,2.76,2.79,Single GRU
650145,2026-03-08,2026-03-23,2.77,2.76,2.78,Single GRU
650145,2026-03-08,2026-03-24,2.76,2.76,2.78,Single GRU
650145,2026-03-08,2026-03-25,2.76,2.76,2.77,Single GRU
650145,2026-03-08,2026-03-26,2.76,2.76,2.77,Single GRU
650145,2026-03-08,2026-03-27,2.76,2.76,2.77,Single GRU
650145,2026-03-08,2026-03-28,2.76,2.76,2.77,Single GRU
650145,2026-03-08,2026-03-29,2.76,2.76,2.76,Single GRU
650145,2026-03-08,2026-03-30,2.76,2.76,2.76,Single GRU
650145,2026-03-08,2026-03-31,2.76,2.76,2.76,Single GRU
650145,2026-03-08,2026-04-01,2.76,2.76,2.76,Single GRU
650145,2026-03-08,2026-04-02,2.76,2.76,2.76,Single GRU
650145,2026-03-08,2026-04-03,2.76,2.76,2.76,Single GRU
650145,2026-03-08,2026-04-04,2.76,2.76,2.76,Single GRU
650145,2026-03-08,2026-04-05,2.76,2.76,2.76,Single GRU
650145,2026-03-08,2026-04-06,2.76,2.76,2.76,Single GRU
650145,2026-03-08,2026-04-07,2.76,2.76,2.76,Single GRU
650147,2026-03-08,2026-03-09,4.21,4.21,4.21,Single GRU
650147,2026-03-08,2026-03-10,4.21,4.2,4.21,Single GRU
650147,2026-03-08,2026-03-11,4.21,4.2,4.21,Single GRU
650147,2026-03-08,2026-03-12,4.21,4.2,4.21,Single GRU
650147,2026-03-08,2026-03-13,4.21,4.2,4.21,Single GRU
650147,2026-03-08,2026-03-14,4.21,4.2,4.21,Single GRU
650147,2026-03-08,2026-03-15,4.21,4.2,4.21,Single GRU
650147,2026-03-08,2026-03-16,4.2,4.19,4.21,Single GRU
650147,2026-03-08,2026-03-17,4.2,4.19,4.21,Single GRU
650147,2026-03-08,2026-03-18,4.2,4.18,4.21,Single GRU
650147,2026-03-08,2026-03-19,4.2,4.18,4.22,Single GRU
650147,2026-03-08,2026-03-20,4.2,4.18,4.22,Single GRU
650147,2026-03-08,2026-03-21,4.21,4.18,4.23,Single GRU
650147,2026-03-08,2026-03-22,4.21,4.18,4.23,Single GRU
650147,2026-03-08,2026-03-23,4.2,4.17,4.23,Single GRU
650147,2026-03-08,2026-03-24,4.21,4.17,4.23,Single GRU
650147,2026-03-08,2026-03-25,4.21,4.17,4.23,Single GRU
650147,2026-03-08,2026-03-26,4.21,4.16,4.24,Single GRU
650147,2026-03-08,2026-03-27,4.22,4.19,4.24,Single GRU
650147,2026-03-08,2026-03-28,4.21,4.18,4.24,Single GRU
650147,2026-03-08,2026-03-29,4.21,4.18,4.25,Single GRU
650147,2026-03-08,2026-03-30,4.22,4.18,4.26,Single GRU
650147,2026-03-08,2026-03-31,4.22,4.17,4.25,Single GRU
650147,2026-03-08,2026-04-01,4.21,4.16,4.24,Single GRU
650147,2026-03-08,2026-04-02,4.22,4.19,4.26,Single GRU
650147,2026-03-08,2026-04-03,4.22,4.19,4.26,Single GRU
650147,2026-03-08,2026-04-04,4.22,4.17,4.26,Single GRU
650147,2026-03-08,2026-04-05,4.23,4.19,4.27,Single GRU
650147,2026-03-08,2026-04-06,4.22,4.17,4.26,Single GRU
650147,2026-03-08,2026-04-07,4.22,4.16,4.27,Single GRU
650149,2026-03-08,2026-03-09,4.67,4.66,4.68,Single GRU
650149,2026-03-08,2026-03-10,4.66,4.65,4.67,Single GRU
650149,2026-03-08,2026-03-11,4.64,4.62,4.66,Single GRU
650149,2026-03-08,2026-03-12,4.61,4.59,4.63,Single GRU
650149,2026-03-08,2026-03-13,4.58,4.56,4.62,Single GRU
650149,2026-03-08,2026-03-14,4.56,4.54,4.6,Single GRU
650149,2026-03-08,2026-03-15,4.54,4.51,4.58,Single GRU
650149,2026-03-08,2026-03-16,4.52,4.49,4.57,Single GRU
650149,2026-03-08,2026-03-17,4.49,4.46,4.55,Single GRU
650149,2026-03-08,2026-03-18,4.47,4.44,4.53,Single GRU
650149,2026-03-08,2026-03-19,4.45,4.42,4.51,Single GRU
650149,2026-03-08,2026-03-20,4.43,4.4,4.49,Single GRU
650149,2026-03-08,2026-03-21,4.41,4.38,4.47,Single GRU
650149,2026-03-08,2026-03-22,4.39,4.36,4.44,Single GRU
650149,2026-03-08,2026-03-23,4.37,4.35,4.44,Single GRU
650149,2026-03-08,2026-03-24,4.36,4.35,4.4,Single GRU
650149,2026-03-08,2026-03-25,4.35,4.35,4.39,Single GRU
650149,2026-03-08,2026-03-26,4.35,4.34,4.37,Single GRU
650149,2026-03-08,2026-03-27,4.35,4.34,4.36,Single GRU
650149,2026-03-08,2026-03-28,4.35,4.34,4.36,Single GRU
650149,2026-03-08,2026-03-29,4.35,4.34,4.37,Single GRU
650149,2026-03-08,2026-03-30,4.34,4.34,4.35,Single GRU
650149,2026-03-08,2026-03-31,4.34,4.34,4.35,Single GRU
650149,2026-03-08,2026-04-01,4.34,4.34,4.36,Single GRU
650149,2026-03-08,2026-04-02,4.34,4.34,4.36,Single GRU
650149,2026-03-08,2026-04-03,4.34,4.34,4.35,Single GRU
650149,2026-03-08,2026-04-04,4.34,4.34,4.35,Single GRU
650149,2026-03-08,2026-04-05,4.34,4.34,4.35,Single GRU
650149,2026-03-08,2026-04-06,4.34,4.34,4.35,Single GRU
650149,2026-03-08,2026-04-07,4.34,4.34,4.35,Single GRU
650150,2026-03-08,2026-03-09,5.24,5.23,5.24,Single GRU
650150,2026-03-08,2026-03-10,5.24,5.23,5.25,Single GRU
650150,2026-03-08,2026-03-11,5.23,5.22,5.25,Single GRU
650150,2026-03-08,2026-03-12,5.23,5.22,5.25,Single GRU
650150,2026-03-08,2026-03-13,5.23,5.21,5.25,Single GRU
650150,2026-03-08,2026-03-14,5.23,5.21,5.25,Single GRU
650150,2026-03-08,2026-03-15,5.23,5.21,5.26,Single GRU
650150,2026-03-08,2026-03-16,5.23,5.2,5.26,Single GRU
650150,2026-03-08,2026-03-17,5.23,5.2,5.27,Single GRU
650150,2026-03-08,2026-03-18,5.23,5.19,5.27,Single GRU
650150,2026-03-08,2026-03-19,5.24,5.19,5.29,Single GRU
650150,2026-03-08,2026-03-20,5.26,5.22,5.31,Single GRU
650150,2026-03-08,2026-03-21,5.25,5.21,5.3,Single GRU
650150,2026-03-08,2026-03-22,5.26,5.21,5.31,Single GRU
650150,2026-03-08,2026-03-23,5.27,5.22,5.32,Single GRU
650150,2026-03-08,2026-03-24,5.28,5.23,5.34,Single GRU
650150,2026-03-08,2026-03-25,5.29,5.23,5.34,Single GRU
650150,2026-03-08,2026-03-26,5.3,5.23,5.37,Single GRU
650150,2026-03-08,2026-03-27,5.28,5.23,5.34,Single GRU
650150,2026-03-08,2026-03-28,5.32,5.26,5.37,Single GRU
650150,2026-03-08,2026-03-29,5.28,5.22,5.37,Single GRU
650150,2026-03-08,2026-03-30,5.3,5.23,5.39,Single GRU
650150,2026-03-08,2026-03-31,5.32,5.26,5.38,Single GRU
650150,2026-03-08,2026-04-01,5.3,5.23,5.37,Single GRU
650150,2026-03-08,2026-04-02,5.32,5.22,5.41,Single GRU
650150,2026-03-08,2026-04-03,5.32,5.25,5.41,Single GRU
650150,2026-03-08,2026-04-04,5.34,5.26,5.42,Single GRU
650150,2026-03-08,2026-04-05,5.34,5.26,5.41,Single GRU
650150,2026-03-08,2026-04-06,5.33,5.25,5.42,Single GRU
650150,2026-03-08,2026-04-07,5.34,5.25,5.45,Single GRU
650151,2026-03-08,2026-03-09,5.42,5.42,5.43,Single GRU
650151,2026-03-08,2026-03-10,5.43,5.41,5.44,Single GRU
650151,2026-03-08,2026-03-11,5.42,5.41,5.44,Single GRU
650151,2026-03-08,2026-03-12,5.42,5.4,5.44,Single GRU
650151,2026-03-08,2026-03-13,5.42,5.4,5.44,Single GRU
650151,2026-03-08,2026-03-14,5.43,5.4,5.46,Single GRU
650151,2026-03-08,2026-03-15,5.43,5.4,5.46,Single GRU
650151,2026-03-08,2026-03-16,5.44,5.4,5.47,Single GRU
650151,2026-03-08,2026-03-17,5.44,5.4,5.49,Single GRU
650151,2026-03-08,2026-03-18,5.44,5.4,5.49,Single GRU
650151,2026-03-08,2026-03-19,5.46,5.4,5.52,Single GRU
650151,2026-03-08,2026-03-20,5.47,5.42,5.54,Single GRU
650151,2026-03-08,2026-03-21,5.47,5.42,5.53,Single GRU
650151,2026-03-08,2026-03-22,5.49,5.43,5.56,Single GRU
650151,2026-03-08,2026-03-23,5.5,5.43,5.55,Single GRU
650151,2026-03-08,2026-03-24,5.51,5.43,5.57,Single GRU
650151,2026-03-08,2026-03-25,5.53,5.45,5.59,Single GRU
650151,2026-03-08,2026-03-26,5.54,5.46,5.61,Single GRU
650151,2026-03-08,2026-03-27,5.51,5.44,5.58,Single GRU
650151,2026-03-08,2026-03-28,5.56,5.47,5.63,Single GRU
650151,2026-03-08,2026-03-29,5.55,5.43,5.63,Single GRU
650151,2026-03-08,2026-03-30,5.57,5.47,5.63,Single GRU
650151,2026-03-08,2026-03-31,5.57,5.49,5.64,Single GRU
650151,2026-03-08,2026-04-01,5.55,5.45,5.63,Single GRU
650151,2026-03-08,2026-04-02,5.59,5.47,5.68,Single GRU
650151,2026-03-08,2026-04-03,5.59,5.48,5.66,Single GRU
650151,2026-03-08,2026-04-04,5.61,5.5,5.69,Single GRU
650151,2026-03-08,2026-04-05,5.61,5.51,5.69,Single GRU
650151,2026-03-08,2026-04-06,5.61,5.47,5.69,Single GRU
650151,2026-03-08,2026-04-07,5.62,5.49,5.7,Single GRU
650152,2026-03-08,2026-03-09,7.62,7.61,7.62,Single GRU
650152,2026-03-08,2026-03-10,7.62,7.6,7.63,Single GRU
650152,2026-03-08,2026-03-11,7.61,7.59,7.63,Single GRU
650152,2026-03-08,2026-03-12,7.6,7.58,7.63,Single GRU
650152,2026-03-08,2026-03-13,7.6,7.57,7.63,Single GRU
650152,2026-03-08,2026-03-14,7.61,7.58,7.64,Single GRU
650152,2026-03-08,2026-03-15,7.6,7.57,7.65,Single GRU
650152,2026-03-08,2026-03-16,7.6,7.56,7.65,Single GRU
650152,2026-03-08,2026-03-17,7.61,7.55,7.66,Single GRU
650152,2026-03-08,2026-03-18,7.6,7.55,7.66,Single GRU
650152,2026-03-08,2026-03-19,7.61,7.55,7.68,Single GRU
650152,2026-03-08,2026-03-20,7.65,7.58,7.71,Single GRU
650152,2026-03-08,2026-03-21,7.64,7.56,7.69,Single GRU
650152,2026-03-08,2026-03-22,7.65,7.55,7.73,Single GRU
650152,2026-03-08,2026-03-23,7.64,7.55,7.73,Single GRU
650152,2026-03-08,2026-03-24,7.66,7.58,7.75,Single GRU
650152,2026-03-08,2026-03-25,7.66,7.56,7.76,Single GRU
650152,2026-03-08,2026-03-26,7.69,7.57,7.8,Single GRU
650152,2026-03-08,2026-03-27,7.66,7.56,7.74,Single GRU
650152,2026-03-08,2026-03-28,7.71,7.61,7.81,Single GRU
650152,2026-03-08,2026-03-29,7.68,7.55,7.8,Single GRU
650152,2026-03-08,2026-03-30,7.68,7.55,7.81,Single GRU
650152,2026-03-08,2026-03-31,7.69,7.58,7.82,Single GRU
650152,2026-03-08,2026-04-01,7.67,7.57,7.8,Single GRU
650152,2026-03-08,2026-04-02,7.71,7.56,7.85,Single GRU
650152,2026-03-08,2026-04-03,7.73,7.6,7.85,Single GRU
650152,2026-03-08,2026-04-04,7.72,7.58,7.88,Single GRU
650152,2026-03-08,2026-04-05,7.73,7.59,7.87,Single GRU
650152,2026-03-08,2026-04-06,7.7,7.55,7.87,Single GRU
650152,2026-03-08,2026-04-07,7.73,7.55,7.9,Single GRU
650153,2026-03-08,2026-03-09,10.24,10.23,10.25,Single GRU
650153,2026-03-08,2026-03-10,10.24,10.22,10.25,Single GRU
650153,2026-03-08,2026-03-11,10.22,10.19,10.25,Single GRU
650153,2026-03-08,2026-03-12,10.21,10.16,10.25,Single GRU
650153,2026-03-08,2026-03-13,10.2,10.14,10.26,Single GRU
650153,2026-03-08,2026-03-14,10.21,10.16,10.26,Single GRU
650153,2026-03-08,2026-03-15,10.2,10.13,10.25,Single GRU
650153,2026-03-08,2026-03-16,10.2,10.13,10.25,Single GRU
650153,2026-03-08,2026-03-17,10.19,10.12,10.26,Single GRU
650153,2026-03-08,2026-03-18,10.19,10.1,10.26,Single GRU
650153,2026-03-08,2026-03-19,10.18,10.07,10.27,Single GRU
650153,2026-03-08,2026-03-20,10.22,10.14,10.3,Single GRU
650153,2026-03-08,2026-03-21,10.21,10.11,10.32,Single GRU
650153,2026-03-08,2026-03-22,10.23,10.12,10.32,Single GRU
650153,2026-03-08,2026-03-23,10.22,10.12,10.29,Single GRU
650153,2026-03-08,2026-03-24,10.22,10.13,10.35,Single GRU
650153,2026-03-08,2026-03-25,10.23,10.13,10.32,Single GRU
650153,2026-03-08,2026-03-26,10.25,10.14,10.36,Single GRU
650153,2026-03-08,2026-03-27,10.27,10.15,10.38,Single GRU
650153,2026-03-08,2026-03-28,10.28,10.17,10.37,Single GRU
650153,2026-03-08,2026-03-29,10.25,10.11,10.42,Single GRU
650153,2026-03-08,2026-03-30,10.29,10.18,10.4,Single GRU
650153,2026-03-08,2026-03-31,10.31,10.2,10.41,Single GRU
650153,2026-03-08,2026-04-01,10.19,10.07,10.34,Single GRU
650153,2026-03-08,2026-04-02,10.25,10.1,10.39,Single GRU
650153,2026-03-08,2026-04-03,10.31,10.19,10.44,Single GRU
650153,2026-03-08,2026-04-04,10.29,10.18,10.42,Single GRU
650153,2026-03-08,2026-04-05,10.37,10.23,10.48,Single GRU
650153,2026-03-08,2026-04-06,10.28,10.12,10.43,Single GRU
650153,2026-03-08,2026-04-07,10.36,10.22,10.49,Single GRU
650154,2026-03-08,2026-03-09,2.05,2.04,2.05,Single GRU
650154,2026-03-08,2026-03-10,2.04,2.04,2.05,Single GRU
650154,2026-03-08,2026-03-11,2.04,2.03,2.05,Single GRU
650154,2026-03-08,2026-03-12,2.04,2.03,2.04,Single GRU
650154,2026-03-08,2026-03-13,2.03,2.02,2.04,Single GRU
650154,2026-03-08,2026-03-14,2.03,2.03,2.04,Single GRU
650154,2026-03-08,2026-03-15,2.03,2.02,2.04,Single GRU
650154,2026-03-08,2026-03-16,2.03,2.02,2.04,Single GRU
650154,2026-03-08,2026-03-17,2.02,2.01,2.04,Single GRU
650154,2026-03-08,2026-03-18,2.02,2.01,2.04,Single GRU
650154,2026-03-08,2026-03-19,2.02,2.0,2.04,Single GRU
650154,2026-03-08,2026-03-20,2.03,2.01,2.05,Single GRU
650154,2026-03-08,2026-03-21,2.03,2.01,2.05,Single GRU
650154,2026-03-08,2026-03-22,2.03,2.0,2.05,Single GRU
650154,2026-03-08,2026-03-23,2.03,2.0,2.05,Single GRU
650154,2026-03-08,2026-03-24,2.03,2.01,2.05,Single GRU
650154,2026-03-08,2026-03-25,2.03,2.0,2.05,Single GRU
650154,2026-03-08,2026-03-26,2.03,2.0,2.06,Single GRU
650154,2026-03-08,2026-03-27,2.03,2.02,2.06,Single GRU
650154,2026-03-08,2026-03-28,2.04,2.01,2.06,Single GRU
650154,2026-03-08,2026-03-29,2.02,1.99,2.05,Single GRU
650154,2026-03-08,2026-03-30,2.03,2.01,2.06,Single GRU
650154,2026-03-08,2026-03-31,2.04,2.01,2.07,Single GRU
650154,2026-03-08,2026-04-01,2.02,1.99,2.06,Single GRU
650154,2026-03-08,2026-04-02,2.02,2.0,2.06,Single GRU
650154,2026-03-08,2026-04-03,2.03,2.01,2.07,Single GRU
650154,2026-03-08,2026-04-04,2.03,2.0,2.06,Single GRU
650154,2026-03-08,2026-04-05,2.04,2.01,2.07,Single GRU
650154,2026-03-08,2026-04-06,2.02,1.98,2.06,Single GRU
650154,2026-03-08,2026-04-07,2.04,2.0,2.08,Single GRU
650155,2026-03-08,2026-03-09,3.35,3.35,3.36,Single GRU
650155,2026-03-08,2026-03-10,3.35,3.34,3.36,Single GRU
650155,2026-03-08,2026-03-11,3.34,3.33,3.35,Single GRU
650155,2026-03-08,2026-03-12,3.33,3.32,3.35,Single GRU
650155,2026-03-08,2026-03-13,3.33,3.31,3.35,Single GRU
650155,2026-03-08,2026-03-14,3.33,3.31,3.35,Single GRU
650155,2026-03-08,2026-03-15,3.32,3.3,3.35,Single GRU
650155,2026-03-08,2026-03-16,3.32,3.29,3.34,Single GRU
650155,2026-03-08,2026-03-17,3.31,3.29,3.34,Single GRU
650155,2026-03-08,2026-03-18,3.31,3.28,3.34,Single GRU
650155,2026-03-08,2026-03-19,3.31,3.27,3.34,Single GRU
650155,2026-03-08,2026-03-20,3.33,3.29,3.36,Single GRU
650155,2026-03-08,2026-03-21,3.31,3.26,3.35,Single GRU
650155,2026-03-08,2026-03-22,3.32,3.26,3.36,Single GRU
650155,2026-03-08,2026-03-23,3.3,3.24,3.34,Single GRU
650155,2026-03-08,2026-03-24,3.31,3.26,3.36,Single GRU
650155,2026-03-08,2026-03-25,3.3,3.23,3.36,Single GRU
650155,2026-03-08,2026-03-26,3.28,3.2,3.35,Single GRU
650155,2026-03-08,2026-03-27,3.29,3.23,3.34,Single GRU
650155,2026-03-08,2026-03-28,3.29,3.22,3.34,Single GRU
650155,2026-03-08,2026-03-29,3.28,3.2,3.35,Single GRU
650155,2026-03-08,2026-03-30,3.27,3.18,3.33,Single GRU
650155,2026-03-08,2026-03-31,3.27,3.2,3.35,Single GRU
650155,2026-03-08,2026-04-01,3.26,3.19,3.34,Single GRU
650155,2026-03-08,2026-04-02,3.26,3.2,3.34,Single GRU
650155,2026-03-08,2026-04-03,3.27,3.18,3.35,Single GRU
650155,2026-03-08,2026-04-04,3.25,3.17,3.34,Single GRU
650155,2026-03-08,2026-04-05,3.26,3.18,3.34,Single GRU
650155,2026-03-08,2026-04-06,3.23,3.14,3.33,Single GRU
650155,2026-03-08,2026-04-07,3.25,3.16,3.35,Single GRU
650156,2026-03-08,2026-03-09,3.78,3.78,3.79,Single GRU
650156,2026-03-08,2026-03-10,3.78,3.77,3.78,Single GRU
650156,2026-03-08,2026-03-11,3.77,3.76,3.78,Single GRU
650156,2026-03-08,2026-03-12,3.76,3.75,3.77,Single GRU
650156,2026-03-08,2026-03-13,3.75,3.74,3.77,Single GRU
650156,2026-03-08,2026-03-14,3.75,3.74,3.76,Single GRU
650156,2026-03-08,2026-03-15,3.74,3.73,3.76,Single GRU
650156,2026-03-08,2026-03-16,3.73,3.72,3.75,Single GRU
650156,2026-03-08,2026-03-17,3.73,3.71,3.74,Single GRU
650156,2026-03-08,2026-03-18,3.72,3.7,3.74,Single GRU
650156,2026-03-08,2026-03-19,3.71,3.69,3.74,Single GRU
650156,2026-03-08,2026-03-20,3.71,3.69,3.74,Single GRU
650156,2026-03-08,2026-03-21,3.7,3.67,3.73,Single GRU
650156,2026-03-08,2026-03-22,3.69,3.66,3.73,Single GRU
650156,2026-03-08,2026-03-23,3.68,3.64,3.71,Single GRU
650156,2026-03-08,2026-03-24,3.68,3.64,3.73,Single GRU
650156,2026-03-08,2026-03-25,3.66,3.62,3.71,Single GRU
650156,2026-03-08,2026-03-26,3.64,3.61,3.69,Single GRU
650156,2026-03-08,2026-03-27,3.65,3.62,3.7,Single GRU
650156,2026-03-08,2026-03-28,3.65,3.6,3.69,Single GRU
650156,2026-03-08,2026-03-29,3.64,3.6,3.7,Single GRU
650156,2026-03-08,2026-03-30,3.62,3.58,3.67,Single GRU
650156,2026-03-08,2026-03-31,3.62,3.58,3.69,Single GRU
650156,2026-03-08,2026-04-01,3.62,3.58,3.68,Single GRU
650156,2026-03-08,2026-04-02,3.63,3.59,3.68,Single GRU
650156,2026-03-08,2026-04-03,3.62,3.58,3.67,Single GRU
650156,2026-03-08,2026-04-04,3.62,3.58,3.67,Single GRU
650156,2026-03-08,2026-04-05,3.61,3.58,3.67,Single GRU
650156,2026-03-08,2026-04-06,3.6,3.57,3.64,Single GRU
650156,2026-03-08,2026-04-07,3.6,3.57,3.65,Single GRU
650157,2026-03-08,2026-03-09,3.45,3.44,3.45,Single GRU
650157,2026-03-08,2026-03-10,3.46,3.45,3.47,Single GRU
650157,2026-03-08,2026-03-11,3.46,3.45,3.47,Single GRU
650157,2026-03-08,2026-03-12,3.46,3.45,3.48,Single GRU
650157,2026-03-08,2026-03-13,3.47,3.45,3.49,Single GRU
650157,2026-03-08,2026-03-14,3.48,3.46,3.5,Single GRU
650157,2026-03-08,2026-03-15,3.49,3.47,3.52,Single GRU
650157,2026-03-08,2026-03-16,3.5,3.47,3.53,Single GRU
650157,2026-03-08,2026-03-17,3.51,3.48,3.55,Single GRU
650157,2026-03-08,2026-03-18,3.52,3.49,3.56,Single GRU
650157,2026-03-08,2026-03-19,3.54,3.49,3.58,Single GRU
650157,2026-03-08,2026-03-20,3.55,3.51,3.59,Single GRU
650157,2026-03-08,2026-03-21,3.55,3.51,3.59,Single GRU
650157,2026-03-08,2026-03-22,3.57,3.53,3.61,Single GRU
650157,2026-03-08,2026-03-23,3.58,3.55,3.62,Single GRU
650157,2026-03-08,2026-03-24,3.59,3.55,3.63,Single GRU
650157,2026-03-08,2026-03-25,3.6,3.55,3.63,Single GRU
650157,2026-03-08,2026-03-26,3.61,3.56,3.64,Single GRU
650157,2026-03-08,2026-03-27,3.61,3.57,3.64,Single GRU
650157,2026-03-08,2026-03-28,3.62,3.58,3.65,Single GRU
650157,2026-03-08,2026-03-29,3.63,3.58,3.66,Single GRU
650157,2026-03-08,2026-03-30,3.63,3.58,3.66,Single GRU
650157,2026-03-08,2026-03-31,3.64,3.59,3.66,Single GRU
650157,2026-03-08,2026-04-01,3.64,3.59,3.66,Single GRU
650157,2026-03-08,2026-04-02,3.65,3.6,3.67,Single GRU
650157,2026-03-08,2026-04-03,3.65,3.61,3.67,Single GRU
650157,2026-03-08,2026-04-04,3.65,3.61,3.67,Single GRU
650157,2026-03-08,2026-04-05,3.65,3.61,3.67,Single GRU
650157,2026-03-08,2026-04-06,3.66,3.62,3.67,Single GRU
650157,2026-03-08,2026-04-07,3.66,3.62,3.67,Single GRU
651106,2026-03-08,2026-03-09,825.95,825.58,826.34,Single GRU
651106,2026-03-08,2026-03-10,825.87,825.08,826.85,Single GRU
651106,2026-03-08,2026-03-11,825.83,824.9,826.89,Single GRU
651106,2026-03-08,2026-03-12,826.17,825.15,827.2,Single GRU
651106,2026-03-08,2026-03-13,825.9,824.66,827.35,Single GRU
651106,2026-03-08,2026-03-14,825.85,824.18,827.49,Single GRU
651106,2026-03-08,2026-03-15,825.67,823.56,828.08,Single GRU
651106,2026-03-08,2026-03-16,825.8,823.29,828.48,Single GRU
651106,2026-03-08,2026-03-17,825.86,823.13,829.03,Single GRU
651106,2026-03-08,2026-03-18,825.6,822.58,829.31,Single GRU
651106,2026-03-08,2026-03-19,825.83,822.16,829.67,Single GRU
651106,2026-03-08,2026-03-20,826.32,822.32,830.84,Single GRU
651106,2026-03-08,2026-03-21,826.65,823.22,830.68,Single GRU
651106,2026-03-08,2026-03-22,826.77,821.53,831.74,Single GRU
651106,2026-03-08,2026-03-23,827.27,823.13,832.28,Single GRU
651106,2026-03-08,2026-03-24,827.81,822.67,832.76,Single GRU
651106,2026-03-08,2026-03-25,828.21,824.11,832.94,Single GRU
651106,2026-03-08,2026-03-26,827.53,821.76,833.2,Single GRU
651106,2026-03-08,2026-03-27,828.19,823.33,833.43,Single GRU
651106,2026-03-08,2026-03-28,828.81,824.09,834.43,Single GRU
651106,2026-03-08,2026-03-29,829.01,821.61,835.22,Single GRU
651106,2026-03-08,2026-03-30,830.13,823.15,835.42,Single GRU
651106,2026-03-08,2026-03-31,830.9,825.05,835.55,Single GRU
651106,2026-03-08,2026-04-01,828.34,821.87,834.41,Single GRU
651106,2026-03-08,2026-04-02,831.4,825.04,836.82,Single GRU
651106,2026-03-08,2026-04-03,830.46,823.3,836.2,Single GRU
651106,2026-03-08,2026-04-04,831.75,824.21,837.13,Single GRU
651106,2026-03-08,2026-04-05,832.22,825.62,837.77,Single GRU
651106,2026-03-08,2026-04-06,831.21,824.06,837.62,Single GRU
651106,2026-03-08,2026-04-07,832.12,823.91,837.96,Single GRU
651107,2026-03-08,2026-03-09,322.32,322.23,322.41,Single GRU
651107,2026-03-08,2026-03-10,322.04,321.89,322.21,Single GRU
651107,2026-03-08,2026-03-11,321.94,321.73,322.22,Single GRU
651107,2026-03-08,2026-03-12,321.63,321.3,321.97,Single GRU
651107,2026-03-08,2026-03-13,321.66,321.28,322.13,Single GRU
651107,2026-03-08,2026-03-14,321.37,320.82,321.94,Single GRU
651107,2026-03-08,2026-03-15,321.2,320.54,321.96,Single GRU
651107,2026-03-08,2026-03-16,320.71,319.95,321.68,Single GRU
651107,2026-03-08,2026-03-17,320.33,319.42,321.47,Single GRU
651107,2026-03-08,2026-03-18,320.35,319.14,321.8,Single GRU
651107,2026-03-08,2026-03-19,320.28,318.73,321.65,Single GRU
651107,2026-03-08,2026-03-20,321.04,319.39,322.76,Single GRU
651107,2026-03-08,2026-03-21,321.21,319.65,323.14,Single GRU
651107,2026-03-08,2026-03-22,320.81,319.4,322.79,Single GRU
651107,2026-03-08,2026-03-23,321.32,319.76,323.1,Single GRU
651107,2026-03-08,2026-03-24,320.19,318.07,322.49,Single GRU
651107,2026-03-08,2026-03-25,321.61,319.62,323.65,Single GRU
651107,2026-03-08,2026-03-26,321.0,318.32,323.41,Single GRU
651107,2026-03-08,2026-03-27,320.66,318.72,322.4,Single GRU
651107,2026-03-08,2026-03-28,322.11,319.51,324.14,Single GRU
651107,2026-03-08,2026-03-29,319.54,317.33,322.05,Single GRU
651107,2026-03-08,2026-03-30,321.34,319.33,323.33,Single GRU
651107,2026-03-08,2026-03-31,320.73,317.92,323.0,Single GRU
651107,2026-03-08,2026-04-01,319.95,317.29,322.78,Single GRU
651107,2026-03-08,2026-04-02,320.12,318.33,322.02,Single GRU
651107,2026-03-08,2026-04-03,322.02,319.31,324.18,Single GRU
651107,2026-03-08,2026-04-04,321.1,318.74,322.99,Single GRU
651107,2026-03-08,2026-04-05,322.39,320.27,324.37,Single GRU
651107,2026-03-08,2026-04-06,319.79,316.62,322.9,Single GRU
651107,2026-03-08,2026-04-07,320.68,318.22,323.11,Single GRU
651108,2026-03-08,2026-03-09,122.49,122.4,122.59,Single GRU
651108,2026-03-08,2026-03-10,122.62,122.39,122.85,Single GRU
651108,2026-03-08,2026-03-11,122.67,122.41,122.93,Single GRU
651108,2026-03-08,2026-03-12,122.74,122.38,123.16,Single GRU
651108,2026-03-08,2026-03-13,122.85,122.48,123.26,Single GRU
651108,2026-03-08,2026-03-14,122.97,122.49,123.45,Single GRU
651108,2026-03-08,2026-03-15,123.1,122.64,123.61,Single GRU
651108,2026-03-08,2026-03-16,123.24,122.61,123.91,Single GRU
651108,2026-03-08,2026-03-17,123.48,122.62,124.33,Single GRU
651108,2026-03-08,2026-03-18,123.59,122.95,124.44,Single GRU
651108,2026-03-08,2026-03-19,123.91,123.09,124.9,Single GRU
651108,2026-03-08,2026-03-20,124.25,123.36,125.07,Single GRU
651108,2026-03-08,2026-03-21,124.42,123.57,125.28,Single GRU
651108,2026-03-08,2026-03-22,124.66,123.59,125.51,Single GRU
651108,2026-03-08,2026-03-23,124.76,124.04,125.78,Single GRU
651108,2026-03-08,2026-03-24,124.94,123.69,126.07,Single GRU
651108,2026-03-08,2026-03-25,125.09,123.84,126.11,Single GRU
651108,2026-03-08,2026-03-26,125.36,124.22,126.38,Single GRU
651108,2026-03-08,2026-03-27,125.28,124.08,126.81,Single GRU
651108,2026-03-08,2026-03-28,125.6,124.27,126.87,Single GRU
651108,2026-03-08,2026-03-29,125.82,123.87,127.07,Single GRU
651108,2026-03-08,2026-03-30,125.88,124.25,127.32,Single GRU
651108,2026-03-08,2026-03-31,125.97,124.66,127.22,Single GRU
651108,2026-03-08,2026-04-01,125.8,124.27,127.04,Single GRU
651108,2026-03-08,2026-04-02,126.01,124.01,127.62,Single GRU
651108,2026-03-08,2026-04-03,126.26,124.81,127.77,Single GRU
651108,2026-03-08,2026-04-04,126.38,124.5,127.99,Single GRU
651108,2026-03-08,2026-04-05,126.74,124.87,128.21,Single GRU
651108,2026-03-08,2026-04-06,126.69,124.68,128.12,Single GRU
651108,2026-03-08,2026-04-07,126.92,124.73,128.49,Single GRU
651110,2026-03-08,2026-03-09,72.67,72.66,72.69,Single GRU
651110,2026-03-08,2026-03-10,72.69,72.65,72.72,Single GRU
651110,2026-03-08,2026-03-11,72.69,72.65,72.73,Single GRU
651110,2026-03-08,2026-03-12,72.7,72.65,72.75,Single GRU
651110,2026-03-08,2026-03-13,72.71,72.67,72.77,Single GRU
651110,2026-03-08,2026-03-14,72.72,72.66,72.79,Single GRU
651110,2026-03-08,2026-03-15,72.75,72.67,72.83,Single GRU
651110,2026-03-08,2026-03-16,72.76,72.67,72.84,Single GRU
651110,2026-03-08,2026-03-17,72.8,72.67,72.91,Single GRU
651110,2026-03-08,2026-03-18,72.82,72.7,72.94,Single GRU
651110,2026-03-08,2026-03-19,72.84,72.72,72.98,Single GRU
651110,2026-03-08,2026-03-20,72.9,72.77,73.02,Single GRU
651110,2026-03-08,2026-03-21,72.93,72.83,73.06,Single GRU
651110,2026-03-08,2026-03-22,72.95,72.8,73.09,Single GRU
651110,2026-03-08,2026-03-23,72.98,72.83,73.11,Single GRU
651110,2026-03-08,2026-03-24,72.99,72.82,73.17,Single GRU
651110,2026-03-08,2026-03-25,73.04,72.86,73.21,Single GRU
651110,2026-03-08,2026-03-26,73.06,72.91,73.21,Single GRU
651110,2026-03-08,2026-03-27,73.03,72.81,73.25,Single GRU
651110,2026-03-08,2026-03-28,73.11,72.89,73.28,Single GRU
651110,2026-03-08,2026-03-29,73.08,72.83,73.33,Single GRU
651110,2026-03-08,2026-03-30,73.14,72.89,73.37,Single GRU
651110,2026-03-08,2026-03-31,73.13,72.94,73.34,Single GRU
651110,2026-03-08,2026-04-01,73.1,72.91,73.3,Single GRU
651110,2026-03-08,2026-04-02,73.13,72.83,73.39,Single GRU
651110,2026-03-08,2026-04-03,73.22,72.94,73.45,Single GRU
651110,2026-03-08,2026-04-04,73.22,72.92,73.5,Single GRU
651110,2026-03-08,2026-04-05,73.25,72.99,73.5,Single GRU
651110,2026-03-08,2026-04-06,73.23,72.96,73.5,Single GRU
651110,2026-03-08,2026-04-07,73.28,72.99,73.54,Single GRU
651111,2026-03-08,2026-03-09,57.89,57.83,57.93,Single GRU
651111,2026-03-08,2026-03-10,57.95,57.82,58.04,Single GRU
651111,2026-03-08,2026-03-11,57.97,57.83,58.06,Single GRU
651111,2026-03-08,2026-03-12,58.02,57.82,58.18,Single GRU
651111,2026-03-08,2026-03-13,58.07,57.84,58.21,Single GRU
651111,2026-03-08,2026-03-14,58.12,57.82,58.3,Single GRU
651111,2026-03-08,2026-03-15,58.18,57.9,58.42,Single GRU
651111,2026-03-08,2026-03-16,58.24,57.85,58.53,Single GRU
651111,2026-03-08,2026-03-17,58.35,57.88,58.77,Single GRU
651111,2026-03-08,2026-03-18,58.45,57.97,58.84,Single GRU
651111,2026-03-08,2026-03-19,58.54,57.94,59.0,Single GRU
651111,2026-03-08,2026-03-20,58.68,58.22,59.15,Single GRU
651111,2026-03-08,2026-03-21,58.81,58.34,59.24,Single GRU
651111,2026-03-08,2026-03-22,58.93,58.29,59.39,Single GRU
651111,2026-03-08,2026-03-23,58.94,58.46,59.41,Single GRU
651111,2026-03-08,2026-03-24,59.01,58.31,59.62,Single GRU
651111,2026-03-08,2026-03-25,59.03,58.42,59.73,Single GRU
651111,2026-03-08,2026-03-26,59.23,58.52,59.83,Single GRU
651111,2026-03-08,2026-03-27,59.25,58.43,59.98,Single GRU
651111,2026-03-08,2026-03-28,59.35,58.57,59.94,Single GRU
651111,2026-03-08,2026-03-29,59.46,58.34,60.17,Single GRU
651111,2026-03-08,2026-03-30,59.54,58.58,60.24,Single GRU
651111,2026-03-08,2026-03-31,59.51,58.68,60.12,Single GRU
651111,2026-03-08,2026-04-01,59.4,58.49,60.02,Single GRU
651111,2026-03-08,2026-04-02,59.52,58.28,60.29,Single GRU
651111,2026-03-08,2026-04-03,59.73,58.76,60.37,Single GRU
651111,2026-03-08,2026-04-04,59.68,58.61,60.47,Single GRU
651111,2026-03-08,2026-04-05,59.95,58.82,60.61,Single GRU
651111,2026-03-08,2026-04-06,59.9,58.7,60.63,Single GRU
651111,2026-03-08,2026-04-07,60.0,58.7,60.74,Single GRU
651112,2026-03-08,2026-03-09,129.96,129.9,130.01,Single GRU
651112,2026-03-08,2026-03-10,129.88,129.75,129.99,Single GRU
651112,2026-03-08,2026-03-11,129.82,129.68,129.97,Single GRU
651112,2026-03-08,2026-03-12,129.7,129.47,129.91,Single GRU
651112,2026-03-08,2026-03-13,129.71,129.44,129.96,Single GRU
651112,2026-03-08,2026-03-14,129.57,129.24,129.88,Single GRU
651112,2026-03-08,2026-03-15,129.44,129.07,129.89,Single GRU
651112,2026-03-08,2026-03-16,129.26,128.79,129.81,Single GRU
651112,2026-03-08,2026-03-17,129.19,128.5,129.88,Single GRU
651112,2026-03-08,2026-03-18,129.16,128.41,129.97,Single GRU
651112,2026-03-08,2026-03-19,129.2,128.3,130.1,Single GRU
651112,2026-03-08,2026-03-20,129.4,128.47,130.39,Single GRU
651112,2026-03-08,2026-03-21,129.58,128.48,130.46,Single GRU
651112,2026-03-08,2026-03-22,129.54,128.28,130.51,Single GRU
651112,2026-03-08,2026-03-23,129.5,128.07,130.75,Single GRU
651112,2026-03-08,2026-03-24,129.03,127.66,130.67,Single GRU
651112,2026-03-08,2026-03-25,129.7,128.34,130.92,Single GRU
651112,2026-03-08,2026-03-26,129.2,127.82,130.96,Single GRU
651112,2026-03-08,2026-03-27,129.76,128.08,131.0,Single GRU
651112,2026-03-08,2026-03-28,129.57,128.48,131.03,Single GRU
651112,2026-03-08,2026-03-29,128.85,127.1,130.67,Single GRU
651112,2026-03-08,2026-03-30,129.85,128.41,131.1,Single GRU
651112,2026-03-08,2026-03-31,128.83,127.31,130.56,Single GRU
651112,2026-03-08,2026-04-01,128.54,126.75,130.17,Single GRU
651112,2026-03-08,2026-04-02,129.2,127.72,130.36,Single GRU
651112,2026-03-08,2026-04-03,129.79,128.35,131.06,Single GRU
651112,2026-03-08,2026-04-04,129.4,128.03,130.92,Single GRU
651112,2026-03-08,2026-04-05,130.21,128.67,131.5,Single GRU
651112,2026-03-08,2026-04-06,128.55,126.84,130.51,Single GRU
651112,2026-03-08,2026-04-07,129.18,127.48,130.64,Single GRU
651113,2026-03-08,2026-03-09,85.85,85.8,85.89,Single GRU
651113,2026-03-08,2026-03-10,85.88,85.71,85.99,Single GRU
651113,2026-03-08,2026-03-11,85.9,85.71,86.01,Single GRU
651113,2026-03-08,2026-03-12,85.93,85.66,86.12,Single GRU
651113,2026-03-08,2026-03-13,85.97,85.7,86.16,Single GRU
651113,2026-03-08,2026-03-14,85.97,85.66,86.2,Single GRU
651113,2026-03-08,2026-03-15,86.05,85.74,86.31,Single GRU
651113,2026-03-08,2026-03-16,86.1,85.62,86.41,Single GRU
651113,2026-03-08,2026-03-17,86.2,85.58,86.61,Single GRU
651113,2026-03-08,2026-03-18,86.25,85.84,86.7,Single GRU
651113,2026-03-08,2026-03-19,86.35,85.76,86.75,Single GRU
651113,2026-03-08,2026-03-20,86.69,85.98,87.07,Single GRU
651113,2026-03-08,2026-03-21,86.76,86.3,87.16,Single GRU
651113,2026-03-08,2026-03-22,86.88,86.07,87.37,Single GRU
651113,2026-03-08,2026-03-23,86.92,86.45,87.41,Single GRU
651113,2026-03-08,2026-03-24,86.98,86.14,87.53,Single GRU
651113,2026-03-08,2026-03-25,87.19,86.42,87.57,Single GRU
651113,2026-03-08,2026-03-26,87.24,86.5,87.75,Single GRU
651113,2026-03-08,2026-03-27,87.29,86.13,87.94,Single GRU
651113,2026-03-08,2026-03-28,87.49,86.58,87.98,Single GRU
651113,2026-03-08,2026-03-29,87.32,85.94,88.13,Single GRU
651113,2026-03-08,2026-03-30,87.5,86.48,88.29,Single GRU
651113,2026-03-08,2026-03-31,87.39,86.67,88.04,Single GRU
651113,2026-03-08,2026-04-01,87.33,86.29,88.0,Single GRU
651113,2026-03-08,2026-04-02,87.39,85.65,88.26,Single GRU
651113,2026-03-08,2026-04-03,87.78,86.69,88.64,Single GRU
651113,2026-03-08,2026-04-04,87.61,86.35,88.47,Single GRU
651113,2026-03-08,2026-04-05,87.94,86.66,88.78,Single GRU
651113,2026-03-08,2026-04-06,87.89,86.37,88.78,Single GRU
651113,2026-03-08,2026-04-07,88.04,86.38,88.99,Single GRU
651114,2026-03-08,2026-03-09,87.4,87.34,87.46,Single GRU
651114,2026-03-08,2026-03-10,87.47,87.33,87.6,Single GRU
651114,2026-03-08,2026-03-11,87.49,87.33,87.65,Single GRU
651114,2026-03-08,2026-03-12,87.57,87.33,87.77,Single GRU
651114,2026-03-08,2026-03-13,87.62,87.37,87.86,Single GRU
651114,2026-03-08,2026-03-14,87.71,87.41,87.97,Single GRU
651114,2026-03-08,2026-03-15,87.77,87.48,88.05,Single GRU
651114,2026-03-08,2026-03-16,87.87,87.45,88.29,Single GRU
651114,2026-03-08,2026-03-17,88.01,87.48,88.52,Single GRU
651114,2026-03-08,2026-03-18,88.1,87.63,88.65,Single GRU
651114,2026-03-08,2026-03-19,88.31,87.68,88.95,Single GRU
651114,2026-03-08,2026-03-20,88.45,87.88,89.03,Single GRU
651114,2026-03-08,2026-03-21,88.66,88.11,89.13,Single GRU
651114,2026-03-08,2026-03-22,88.76,88.01,89.33,Single GRU
651114,2026-03-08,2026-03-23,88.79,88.25,89.36,Single GRU
651114,2026-03-08,2026-03-24,88.93,88.17,89.63,Single GRU
651114,2026-03-08,2026-03-25,89.04,88.32,89.69,Single GRU
651114,2026-03-08,2026-03-26,89.17,88.52,89.85,Single GRU
651114,2026-03-08,2026-03-27,89.3,88.28,90.03,Single GRU
651114,2026-03-08,2026-03-28,89.43,88.6,90.03,Single GRU
651114,2026-03-08,2026-03-29,89.46,88.39,90.38,Single GRU
651114,2026-03-08,2026-03-30,89.57,88.54,90.38,Single GRU
651114,2026-03-08,2026-03-31,89.53,88.61,90.26,Single GRU
651114,2026-03-08,2026-04-01,89.44,88.54,90.22,Single GRU
651114,2026-03-08,2026-04-02,89.59,88.33,90.63,Single GRU
651114,2026-03-08,2026-04-03,89.76,88.89,90.55,Single GRU
651114,2026-03-08,2026-04-04,89.88,88.6,90.73,Single GRU
651114,2026-03-08,2026-04-05,90.19,88.89,90.87,Single GRU
651114,2026-03-08,2026-04-06,90.05,88.83,90.89,Single GRU
651114,2026-03-08,2026-04-07,90.14,89.04,91.06,Single GRU
651116,2026-03-08,2026-03-09,162.08,162.0,162.13,Single GRU
651116,2026-03-08,2026-03-10,161.88,161.78,161.95,Single GRU
651116,2026-03-08,2026-03-11,161.7,161.55,161.81,Single GRU
651116,2026-03-08,2026-03-12,161.43,161.26,161.58,Single GRU
651116,2026-03-08,2026-03-13,161.2,161.0,161.43,Single GRU
651116,2026-03-08,2026-03-14,160.98,160.74,161.24,Single GRU
651116,2026-03-08,2026-03-15,160.74,160.47,161.06,Single GRU
651116,2026-03-08,2026-03-16,160.5,160.17,160.86,Single GRU
651116,2026-03-08,2026-03-17,160.27,159.92,160.68,Single GRU
651116,2026-03-08,2026-03-18,160.04,159.66,160.54,Single GRU
651116,2026-03-08,2026-03-19,159.88,159.47,160.39,Single GRU
651116,2026-03-08,2026-03-20,159.63,159.11,160.26,Single GRU
651116,2026-03-08,2026-03-21,159.36,158.69,160.09,Single GRU
651116,2026-03-08,2026-03-22,158.91,158.34,159.72,Single GRU
651116,2026-03-08,2026-03-23,158.48,157.9,159.31,Single GRU
651116,2026-03-08,2026-03-24,158.18,157.77,159.03,Single GRU
651116,2026-03-08,2026-03-25,157.94,157.5,158.7,Single GRU
651116,2026-03-08,2026-03-26,157.76,157.37,158.38,Single GRU
651116,2026-03-08,2026-03-27,157.63,157.31,158.23,Single GRU
651116,2026-03-08,2026-03-28,157.57,157.26,158.13,Single GRU
651116,2026-03-08,2026-03-29,157.46,157.24,158.05,Single GRU
651116,2026-03-08,2026-03-30,157.33,157.15,157.73,Single GRU
651116,2026-03-08,2026-03-31,157.26,157.12,157.73,Single GRU
651116,2026-03-08,2026-04-01,157.32,157.13,157.74,Single GRU
651116,2026-03-08,2026-04-02,157.39,157.2,157.83,Single GRU
651116,2026-03-08,2026-04-03,157.25,157.1,157.54,Single GRU
651116,2026-03-08,2026-04-04,157.24,157.1,157.55,Single GRU
651116,2026-03-08,2026-04-05,157.22,157.09,157.55,Single GRU
651116,2026-03-08,2026-04-06,157.17,157.07,157.42,Single GRU
651116,2026-03-08,2026-04-07,157.17,157.07,157.43,Single GRU
651117,2026-03-08,2026-03-09,196.57,196.45,196.66,Single GRU
651117,2026-03-08,2026-03-10,196.75,196.46,196.97,Single GRU
651117,2026-03-08,2026-03-11,196.79,196.47,197.07,Single GRU
651117,2026-03-08,2026-03-12,197.0,196.48,197.34,Single GRU
651117,2026-03-08,2026-03-13,197.07,196.6,197.5,Single GRU
651117,2026-03-08,2026-03-14,197.27,196.6,197.74,Single GRU
651117,2026-03-08,2026-03-15,197.42,196.76,197.98,Single GRU
651117,2026-03-08,2026-03-16,197.64,196.79,198.28,Single GRU
651117,2026-03-08,2026-03-17,198.01,196.82,198.87,Single GRU
651117,2026-03-08,2026-03-18,198.23,197.17,199.04,Single GRU
651117,2026-03-08,2026-03-19,198.62,197.39,199.62,Single GRU
651117,2026-03-08,2026-03-20,198.92,197.69,199.88,Single GRU
651117,2026-03-08,2026-03-21,199.18,198.09,200.04,Single GRU
651117,2026-03-08,2026-03-22,199.49,198.04,200.56,Single GRU
651117,2026-03-08,2026-03-23,199.65,198.38,200.78,Single GRU
651117,2026-03-08,2026-03-24,200.02,198.38,201.27,Single GRU
651117,2026-03-08,2026-03-25,200.21,198.73,201.33,Single GRU
651117,2026-03-08,2026-03-26,200.43,199.0,201.6,Single GRU
651117,2026-03-08,2026-03-27,200.57,198.46,202.13,Single GRU
651117,2026-03-08,2026-03-28,200.89,198.99,201.97,Single GRU
651117,2026-03-08,2026-03-29,200.91,198.56,202.73,Single GRU
651117,2026-03-08,2026-03-30,201.31,199.25,202.76,Single GRU
651117,2026-03-08,2026-03-31,200.92,199.53,202.48,Single GRU
651117,2026-03-08,2026-04-01,200.92,199.06,202.26,Single GRU
651117,2026-03-08,2026-04-02,201.37,198.75,203.1,Single GRU
651117,2026-03-08,2026-04-03,201.79,199.48,203.1,Single GRU
651117,2026-03-08,2026-04-04,201.89,199.3,203.45,Single GRU
651117,2026-03-08,2026-04-05,202.4,199.98,203.72,Single GRU
651117,2026-03-08,2026-04-06,201.98,199.73,203.67,Single GRU
651117,2026-03-08,2026-04-07,202.39,200.1,204.04,Single GRU
651118,2026-03-08,2026-03-09,56.47,56.38,56.58,Single GRU
651118,2026-03-08,2026-03-10,56.65,56.44,56.88,Single GRU
651118,2026-03-08,2026-03-11,56.7,56.46,56.97,Single GRU
651118,2026-03-08,2026-03-12,56.87,56.53,57.3,Single GRU
651118,2026-03-08,2026-03-13,56.95,56.59,57.36,Single GRU
651118,2026-03-08,2026-03-14,57.12,56.68,57.61,Single GRU
651118,2026-03-08,2026-03-15,57.26,56.79,57.84,Single GRU
651118,2026-03-08,2026-03-16,57.47,56.76,58.09,Single GRU
651118,2026-03-08,2026-03-17,57.66,56.96,58.55,Single GRU
651118,2026-03-08,2026-03-18,57.96,57.14,58.89,Single GRU
651118,2026-03-08,2026-03-19,58.32,57.14,59.35,Single GRU
651118,2026-03-08,2026-03-20,58.34,57.31,59.18,Single GRU
651118,2026-03-08,2026-03-21,58.47,57.52,59.35,Single GRU
651118,2026-03-08,2026-03-22,58.77,57.52,59.59,Single GRU
651118,2026-03-08,2026-03-23,58.89,57.93,59.89,Single GRU
651118,2026-03-08,2026-03-24,59.16,57.99,60.26,Single GRU
651118,2026-03-08,2026-03-25,59.24,57.99,60.27,Single GRU
651118,2026-03-08,2026-03-26,59.56,58.15,60.41,Single GRU
651118,2026-03-08,2026-03-27,59.51,58.2,60.72,Single GRU
651118,2026-03-08,2026-03-28,59.68,58.22,60.64,Single GRU
651118,2026-03-08,2026-03-29,60.01,58.52,60.92,Single GRU
651118,2026-03-08,2026-03-30,60.13,58.57,60.99,Single GRU
651118,2026-03-08,2026-03-31,60.0,58.84,60.97,Single GRU
651118,2026-03-08,2026-04-01,59.94,58.57,60.81,Single GRU
651118,2026-03-08,2026-04-02,60.32,58.66,61.12,Single GRU
651118,2026-03-08,2026-04-03,60.13,58.8,61.06,Single GRU
651118,2026-03-08,2026-04-04,60.47,58.81,61.22,Single GRU
651118,2026-03-08,2026-04-05,60.4,58.95,61.26,Single GRU
651118,2026-03-08,2026-04-06,60.5,58.81,61.2,Single GRU
651118,2026-03-08,2026-04-07,60.68,58.89,61.32,Single GRU
651119,2026-03-08,2026-03-09,233.04,232.91,233.16,Single GRU
651119,2026-03-08,2026-03-10,233.2,232.87,233.51,Single GRU
651119,2026-03-08,2026-03-11,233.27,232.87,233.6,Single GRU
651119,2026-03-08,2026-03-12,233.38,232.89,233.81,Single GRU
651119,2026-03-08,2026-03-13,233.52,232.94,233.97,Single GRU
651119,2026-03-08,2026-03-14,233.62,232.93,234.17,Single GRU
651119,2026-03-08,2026-03-15,233.75,233.08,234.47,Single GRU
651119,2026-03-08,2026-03-16,233.89,232.94,234.81,Single GRU
651119,2026-03-08,2026-03-17,234.23,232.98,235.3,Single GRU
651119,2026-03-08,2026-03-18,234.44,233.41,235.57,Single GRU
651119,2026-03-08,2026-03-19,234.86,233.28,236.11,Single GRU
651119,2026-03-08,2026-03-20,235.46,234.03,236.98,Single GRU
651119,2026-03-08,2026-03-21,235.88,234.57,237.21,Single GRU
651119,2026-03-08,2026-03-22,236.05,234.31,237.51,Single GRU
651119,2026-03-08,2026-03-23,236.3,234.94,237.73,Single GRU
651119,2026-03-08,2026-03-24,236.31,234.41,237.93,Single GRU
651119,2026-03-08,2026-03-25,236.98,234.75,238.63,Single GRU
651119,2026-03-08,2026-03-26,237.27,235.34,238.76,Single GRU
651119,2026-03-08,2026-03-27,236.65,234.78,238.49,Single GRU
651119,2026-03-08,2026-03-28,237.79,235.44,239.9,Single GRU
651119,2026-03-08,2026-03-29,237.44,234.73,239.5,Single GRU
651119,2026-03-08,2026-03-30,238.04,235.29,240.18,Single GRU
651119,2026-03-08,2026-03-31,238.16,236.33,239.65,Single GRU
651119,2026-03-08,2026-04-01,237.7,235.4,239.56,Single GRU
651119,2026-03-08,2026-04-02,238.0,234.6,240.58,Single GRU
651119,2026-03-08,2026-04-03,238.6,235.92,240.95,Single GRU
651119,2026-03-08,2026-04-04,238.93,235.62,241.49,Single GRU
651119,2026-03-08,2026-04-05,239.51,236.06,242.1,Single GRU
651119,2026-03-08,2026-04-06,239.33,235.69,241.74,Single GRU
651119,2026-03-08,2026-04-07,239.67,235.65,242.39,Single GRU
651120,2026-03-08,2026-03-09,56.84,56.82,56.85,Single GRU
651120,2026-03-08,2026-03-10,56.82,56.79,56.87,Single GRU
651120,2026-03-08,2026-03-11,56.82,56.78,56.87,Single GRU
651120,2026-03-08,2026-03-12,56.82,56.76,56.88,Single GRU
651120,2026-03-08,2026-03-13,56.84,56.79,56.9,Single GRU
651120,2026-03-08,2026-03-14,56.81,56.74,56.89,Single GRU
651120,2026-03-08,2026-03-15,56.82,56.75,56.92,Single GRU
651120,2026-03-08,2026-03-16,56.86,56.75,56.95,Single GRU
651120,2026-03-08,2026-03-17,56.84,56.71,56.97,Single GRU
651120,2026-03-08,2026-03-18,56.86,56.75,56.97,Single GRU
651120,2026-03-08,2026-03-19,56.91,56.77,57.03,Single GRU
651120,2026-03-08,2026-03-20,56.95,56.81,57.12,Single GRU
651120,2026-03-08,2026-03-21,57.03,56.91,57.15,Single GRU
651120,2026-03-08,2026-03-22,57.04,56.88,57.24,Single GRU
651120,2026-03-08,2026-03-23,57.08,56.91,57.22,Single GRU
651120,2026-03-08,2026-03-24,57.04,56.87,57.26,Single GRU
651120,2026-03-08,2026-03-25,57.12,56.94,57.33,Single GRU
651120,2026-03-08,2026-03-26,57.17,56.96,57.33,Single GRU
651120,2026-03-08,2026-03-27,57.09,56.9,57.31,Single GRU
651120,2026-03-08,2026-03-28,57.12,56.96,57.38,Single GRU
651120,2026-03-08,2026-03-29,57.11,56.8,57.4,Single GRU
651120,2026-03-08,2026-03-30,57.13,56.83,57.41,Single GRU
651120,2026-03-08,2026-03-31,57.17,56.93,57.34,Single GRU
651120,2026-03-08,2026-04-01,57.1,56.85,57.31,Single GRU
651120,2026-03-08,2026-04-02,57.07,56.72,57.4,Single GRU
651120,2026-03-08,2026-04-03,57.31,56.97,57.57,Single GRU
651120,2026-03-08,2026-04-04,57.18,56.78,57.51,Single GRU
651120,2026-03-08,2026-04-05,57.19,56.96,57.56,Single GRU
651120,2026-03-08,2026-04-06,57.2,56.86,57.56,Single GRU
651120,2026-03-08,2026-04-07,57.31,56.89,57.69,Single GRU
651121,2026-03-08,2026-03-09,142.24,141.97,142.49,Single GRU
651121,2026-03-08,2026-03-10,142.6,142.09,143.23,Single GRU
651121,2026-03-08,2026-03-11,142.81,142.09,143.44,Single GRU
651121,2026-03-08,2026-03-12,143.02,142.22,144.08,Single GRU
651121,2026-03-08,2026-03-13,143.34,142.33,144.22,Single GRU
651121,2026-03-08,2026-03-14,143.76,142.52,145.16,Single GRU
651121,2026-03-08,2026-03-15,144.2,142.93,145.48,Single GRU
651121,2026-03-08,2026-03-16,144.57,142.34,146.28,Single GRU
651121,2026-03-08,2026-03-17,144.97,142.62,147.34,Single GRU
651121,2026-03-08,2026-03-18,145.61,143.58,147.72,Single GRU
651121,2026-03-08,2026-03-19,146.53,143.56,148.96,Single GRU
651121,2026-03-08,2026-03-20,147.04,143.82,149.19,Single GRU
651121,2026-03-08,2026-03-21,147.5,145.12,149.87,Single GRU
651121,2026-03-08,2026-03-22,148.19,145.24,150.17,Single GRU
651121,2026-03-08,2026-03-23,148.62,146.21,150.58,Single GRU
651121,2026-03-08,2026-03-24,148.81,145.75,151.02,Single GRU
651121,2026-03-08,2026-03-25,149.63,146.3,151.6,Single GRU
651121,2026-03-08,2026-03-26,149.89,146.54,152.04,Single GRU
651121,2026-03-08,2026-03-27,149.67,146.49,151.85,Single GRU
651121,2026-03-08,2026-03-28,150.73,147.6,152.65,Single GRU
651121,2026-03-08,2026-03-29,150.37,147.28,152.58,Single GRU
651121,2026-03-08,2026-03-30,151.16,147.99,152.97,Single GRU
651121,2026-03-08,2026-03-31,151.5,148.78,153.03,Single GRU
651121,2026-03-08,2026-04-01,151.32,147.83,153.17,Single GRU
651121,2026-03-08,2026-04-02,151.67,147.71,153.61,Single GRU
651121,2026-03-08,2026-04-03,151.87,149.04,153.44,Single GRU
651121,2026-03-08,2026-04-04,152.57,149.09,153.9,Single GRU
651121,2026-03-08,2026-04-05,152.63,149.07,153.92,Single GRU
651121,2026-03-08,2026-04-06,152.29,149.54,153.86,Single GRU
651121,2026-03-08,2026-04-07,152.63,149.54,153.97,Single GRU
651122,2026-03-08,2026-03-09,68.54,68.44,68.64,Single GRU
651122,2026-03-08,2026-03-10,68.75,68.46,68.97,Single GRU
651122,2026-03-08,2026-03-11,68.82,68.48,69.03,Single GRU
651122,2026-03-08,2026-03-12,68.96,68.51,69.29,Single GRU
651122,2026-03-08,2026-03-13,69.06,68.59,69.4,Single GRU
651122,2026-03-08,2026-03-14,69.18,68.64,69.63,Single GRU
651122,2026-03-08,2026-03-15,69.37,68.8,69.84,Single GRU
651122,2026-03-08,2026-03-16,69.54,68.82,70.18,Single GRU
651122,2026-03-08,2026-03-17,69.86,68.84,70.64,Single GRU
651122,2026-03-08,2026-03-18,70.06,69.22,70.84,Single GRU
651122,2026-03-08,2026-03-19,70.41,69.4,71.28,Single GRU
651122,2026-03-08,2026-03-20,70.41,69.33,71.25,Single GRU
651122,2026-03-08,2026-03-21,70.62,69.75,71.43,Single GRU
651122,2026-03-08,2026-03-22,70.87,69.66,71.84,Single GRU
651122,2026-03-08,2026-03-23,71.11,70.18,72.08,Single GRU
651122,2026-03-08,2026-03-24,71.28,70.06,72.31,Single GRU
651122,2026-03-08,2026-03-25,71.33,70.13,72.27,Single GRU
651122,2026-03-08,2026-03-26,71.73,70.41,72.6,Single GRU
651122,2026-03-08,2026-03-27,71.83,70.29,72.99,Single GRU
651122,2026-03-08,2026-03-28,71.83,70.49,72.89,Single GRU
651122,2026-03-08,2026-03-29,72.12,70.37,73.45,Single GRU
651122,2026-03-08,2026-03-30,72.32,70.8,73.41,Single GRU
651122,2026-03-08,2026-03-31,72.29,71.09,73.3,Single GRU
651122,2026-03-08,2026-04-01,72.18,70.68,73.15,Single GRU
651122,2026-03-08,2026-04-02,72.63,70.68,73.66,Single GRU
651122,2026-03-08,2026-04-03,72.57,71.07,73.61,Single GRU
651122,2026-03-08,2026-04-04,72.8,71.14,73.78,Single GRU
651122,2026-03-08,2026-04-05,72.86,71.21,73.84,Single GRU
651122,2026-03-08,2026-04-06,72.84,71.1,74.03,Single GRU
651122,2026-03-08,2026-04-07,73.05,71.19,74.07,Single GRU
651123,2026-03-08,2026-03-09,200.02,199.94,200.08,Single GRU
651123,2026-03-08,2026-03-10,199.82,199.68,199.88,Single GRU
651123,2026-03-08,2026-03-11,199.68,199.51,199.8,Single GRU
651123,2026-03-08,2026-03-12,199.43,199.22,199.58,Single GRU
651123,2026-03-08,2026-03-13,199.33,199.05,199.55,Single GRU
651123,2026-03-08,2026-03-14,199.1,198.76,199.41,Single GRU
651123,2026-03-08,2026-03-15,198.9,198.5,199.31,Single GRU
651123,2026-03-08,2026-03-16,198.63,198.19,199.05,Single GRU
651123,2026-03-08,2026-03-17,198.32,197.82,198.83,Single GRU
651123,2026-03-08,2026-03-18,198.16,197.53,198.84,Single GRU
651123,2026-03-08,2026-03-19,197.99,197.29,198.69,Single GRU
651123,2026-03-08,2026-03-20,197.93,196.96,198.82,Single GRU
651123,2026-03-08,2026-03-21,197.72,196.71,198.69,Single GRU
651123,2026-03-08,2026-03-22,197.47,196.18,198.53,Single GRU
651123,2026-03-08,2026-03-23,196.84,195.62,198.22,Single GRU
651123,2026-03-08,2026-03-24,196.43,195.1,197.62,Single GRU
651123,2026-03-08,2026-03-25,196.47,194.96,197.84,Single GRU
651123,2026-03-08,2026-03-26,195.96,194.35,197.39,Single GRU
651123,2026-03-08,2026-03-27,195.77,194.35,197.31,Single GRU
651123,2026-03-08,2026-03-28,195.87,194.41,197.35,Single GRU
651123,2026-03-08,2026-03-29,194.98,193.71,196.51,Single GRU
651123,2026-03-08,2026-03-30,195.06,193.64,196.32,Single GRU
651123,2026-03-08,2026-03-31,194.7,193.34,196.58,Single GRU
651123,2026-03-08,2026-04-01,194.45,193.21,196.04,Single GRU
651123,2026-03-08,2026-04-02,194.78,193.34,196.27,Single GRU
651123,2026-03-08,2026-04-03,194.96,193.23,197.03,Single GRU
651123,2026-03-08,2026-04-04,194.47,193.11,196.17,Single GRU
651123,2026-03-08,2026-04-05,194.65,193.13,196.53,Single GRU
651123,2026-03-08,2026-04-06,193.99,192.87,195.67,Single GRU
651123,2026-03-08,2026-04-07,194.31,192.87,195.67,Single GRU
