id,cost,strength,willpower,lore,ink,type_clean,keywords,classifications,illustrators,flavor_text
crd_a9407e39c2ee47869d7a634aa46a7f04,8,5,5,4,Ruby,Character,Evasive,"c(""Dreamborn"", ""Hero"")",Nicholas Kole,"When defeat looms and victory hangs by a thread, a hero bolts to the rescue, patching things up through shear determination."
crd_f8c86fca55d8453da9c1c6a39a5164dd,6,3,5,3,Amber,Character,Shift,"c(""Floodborn"", ""Hero"", ""Alien"")",Simangaliso Sibaya,The best part about a beachside concert is that there's always room for one more.
crd_d01b88e57beb41db97537585ad763334,3,2,3,1,Amethyst,Character,character(0),"c(""Dreamborn"", ""Hero"", ""Queen"", ""Sorcerer"")",Nicholas Kole,"Recreated by magical ink, Elsa found herself in an unfamiliar new world. Fortunately, ice works the same way everywhere."
crd_09435d146f0844b3ac864e77a8ac746d,2,1,3,1,Emerald,Character,character(0),"c(""Storyborn"", ""Villain"")",Nicholas Kole,"When she stops by, misery is company."
crd_4962196e0306474a8191dc8624c1b7ef,9,7,5,2,Ruby,Character,character(0),"c(""Storyborn"", ""Villain"", ""Dragon"")",Luis Huerta,"The ninth Rule of Villainy: When all else fails, turn into a dragon."
crd_ca25b4581bec448ca5dc7f742615aea8,6,4,4,2,Sapphire,Character,character(0),"c(""Storyborn"", ""Hero"")",John Loren,"""We never rob. We just sort of borrow a bit from those who can afford it."""
crd_d41a4c80d657424e855e6e3f06caccb8,1,1,2,1,Steel,Character,Challenger,"c(""Dreamborn"", ""Villain"", ""Pirate"", ""Captain"")",Marcel Berg,He loves to make light of a foe's predicament.
crd_a4e2a291ea24493f8974e6ba5f2ec64d,3,1,3,1,Sapphire,Character,character(0),"c(""Dreamborn"", ""Hero"", ""Detective"")",Jared Nickerl,"Wherever the seaweed had come from, Mickey was sure of one thing: something fishy was going on."
crd_34cb2d9dcb664dd590e7122735212e37,1,1,2,1,Amber,Character,Support,"c(""Storyborn"", ""Ally"")",Jenna Gray,"""Sometimes, our strengths lie beneath the surface. Far beneath, in some cases....""
-Moana"
crd_d5ae36cf042240b6b63968ee83fb113e,2,2,2,1,Amethyst,Character,character(0),"c(""Dreamborn"", ""Villain"", ""Sorcerer"")",Hadjie Joos,"""When I want your opinion, I will give it to you!"""
crd_e81b8a65eb1f4006a70ca1cc89adc3b2,6,2,7,2,Steel,Character,Bodyguard,"c(""Dreamborn"", ""Hero"", ""Musketeer"")",Jochem Van Gool,
crd_ca9423d0bba546db977330274d8928ff,5,3,6,1,Amber,Character,Bodyguard,"c(""Dreamborn"", ""Hero"", ""Musketeer"")",Jochem Van Gool,"""En gawrsh!"""
crd_9bfdd01bee6045f2b694a2b280e834ec,4,2,5,1,Steel,Character,Bodyguard,"c(""Dreamborn"", ""Hero"", ""Musketeer"")",Dav Augereau,
crd_4ca99dff350049e6a2a72a72b595d33f,2,2,2,1,Steel,Character,character(0),"c(""Dreamborn"", ""Hero"", ""Princess"", ""Knight"")",Grace Tran,"She's always had the heart of a champion—now she'll have the skills, too."
crd_c0112540b6764a02a42944c0434d87ae,3,1,1,1,Emerald,Character,character(0),"c(""Storyborn"", ""Ally"")",Alex Accorsi,"""There's a lot of nuance to squirrel.""
–Kronk"
crd_a82fc925002649ae93310c73c8a74a8c,4,2,3,1,Ruby,Character,"c(""Evasive"", ""Shift"")","c(""Floodborn"", ""Hero"")",Adam Fenton,
crd_ba8bf1ab1f3a454eac2237a820e5da88,2,1,3,1,Steel,Character,character(0),"c(""Dreamborn"", ""Hero"")",Noukah,"""Capable? You don't know the half of it.""
–Little John"
crd_6cb04ac82f5f43b1a4a7cf2deae221df,6,1,6,3,Amber,Character,character(0),"c(""Storyborn"", ""Hero"")",Mark Henn,"""Come on in—there's lots to explore."""
crd_2dcbea7036c54b9688bba4a478e03294,4,3,4,1,Amethyst,Character,Challenger,"c(""Storyborn"", ""Hero"", ""Queen"", ""Sorcerer"")",Brittney Lee,"The power of ice may not stop the flood, but it will
help protect Lorcana."
crd_a751124c50e347d68fe2a2b340f01719,8,3,5,3,Emerald,Character,"c(""Evasive"", ""Shift"")","c(""Floodborn"", ""Hero"")",Eric Goldberg,NA
crd_7ed94ab06dc44f91895dd7b9bf648b97,6,4,6,3,Ruby,Character,character(0),"c(""Storyborn"", ""Hero"", ""Alien"")",Alex Kupershmidt,"""His destructive programming is taking effect. He will
be irresistibly drawn to large cities, where he will back
up sewers, reverse street signs, and steal everyone's
left shoe.""
—Jumba Jookiba"
crd_f8ac73538afa418390174732631ffa52,5,3,6,3,Sapphire,Character,character(0),"c(""Dreamborn"", ""Villain"", ""Sorcerer"")",Lorelay Bové,"She had no invitation—and needed no
introduction."
crd_23bbbd44361b4dcf9942bd281212a613,8,8,8,3,Steel,Character,character(0),"c(""Storyborn"", ""Hero"", ""Deity"")",Bill Schwab,"When the gods gift you a boat, you take it. The boat's
owner is optional."
crd_0f37017fbc274dae8dc0603b6c6a73c3,2,4,2,0,Ruby,Character,Reckless,"c(""Storyborn"", ""Villain"")",Matthew Robert Davies,It's not arrogance when you really are the best.
crd_a204f84909b6469c95cf671500547b35,3,3,3,2,Amber,Character,character(0),"c(""Storyborn"", ""Hero"")",Dave Beauchene,"As long as he's around, newcomers to the Great Illuminary will always get a warm welcome."
crd_e12a06c8188f4b1ba084b7c6b14b466d,3,3,3,2,Amber,Character,character(0),"c(""Storyborn"", ""Hero"")",Dave Beauchene,"As long as he's around, newcomers to the Great Illuminary will always get a warm welcome."
crd_cddd82bf6ec742418d26e653630792e9,3,2,2,1,Emerald,Character,character(0),"c(""Storyborn"", ""Ally"")",Jake Parker,"""It's been fun, guys, but I got to be going. Yahoooo!"""
crd_3fde5b7a72b24201b728abd6c7f1797a,1,0,5,0,Ruby,Location,character(0),NULL,Nicolas Ky,
crd_1dace5aa2ed9488e88a16feb02561049,4,NA,NA,NA,Sapphire,Action Song,character(0),NULL,Anna Rud / Anna Stosik,
crd_1dfcefb9ec294a798aabd2a21300d88d,3,3,3,1,Steel,Character,character(0),"c(""Dreamborn"", ""Villain"", ""Alien"", ""Pirate"", ""Captain"")",Kumatori Gaku,"""I was never much good at games. Always hated to lose."""
crd_6625bb30bff14209886c5157c85c37a4,6,3,5,3,Amber,Character,Shift,"c(""Floodborn"", ""Hero"", ""Alien"")",Nicholas Kole,
crd_953f8e5972634de5935794d17a4a3e06,5,0,6,2,Amber,Character,Shift,"c(""Floodborn"", ""Hero"", ""Princess"")",Aubrey Archer,NA
crd_31457772bf37423d9723625203754abd,2,1,1,1,Amethyst,Character,character(0),"c(""Storyborn"", ""Hero"")",Juan Diego Leon,"""A lie keeps growing and growing until it's as plain as the nose on your face.""
-Blue Fairy"
crd_8b31286860cf4d2da0374f76bf93e6e7,4,NA,NA,NA,Sapphire,Action Song,character(0),NULL,Jochem van Gool,
crd_96d515e8823e42ce96c3aab0ad415d01,4,2,5,1,Amber,Character,Support,"c(""Storyborn"", ""Hero"")",Filipe Laurentino,
crd_5fbd8a029bf344a6a3e42793c324f12c,5,0,6,1,Amethyst,Character,character(0),Location,Eri Welli / Sam Burley,
crd_c961ff4c701b45da8cc477d7a5192b6e,2,NA,NA,NA,Emerald,Item,character(0),NULL,Adam Fenton,"""It looks like it's been here forever.""
-Flounder"
crd_ac797e7b8dc043fa8cc160ee82f94713,2,1,3,1,Ruby,Character,character(0),"c(""Storyborn"", ""Hero"", ""Princess"")",Jared Mathews,"Ursula's messengers fled, leaving behind tendrils of dark ink."
crd_5b8b1ca3bad5482e8fc1592899c58cbf,7,4,7,3,Amethyst,Character,Shift,"c(""Floodborn"", ""Villain"", ""Queen"", ""Sorcerer"")",John Loren,
crd_c77d5fd7b519414d848dc5e73124f5ce,2,1,3,1,Sapphire,Character,character(0),"c(""Dreamborn"", ""Hero"")",Stefano Zanchi,A strange new world is the perfect place to make a strange new fortune!
crd_a7de9bb16f4540ec9e7bb9a870a9b289,6,5,5,2,Amethyst,Character,Shift,"c(""Floodborn"", ""Ally"")",Brian Kesinger,
crd_d9f3b86af85f48579ed9d0d7ce0de129,4,3,4,2,Amber,Character,character(0),"c(""Storyborn"", ""Hero"", ""Princess"")",Matthew Robert Davies,"""..."""
crd_be92bba983424f2f9546f237e65ce357,3,2,3,1,Amber,Character,Singer,"c(""Storyborn"", ""Hero"", ""Princess"")",Alice Pisoni,NA
crd_5a280549e94f43c09ef0bcdf8ce4fa31,4,2,5,2,Amber,Character,Singer,"c(""Storyborn"", ""Hero"", ""Princess"")",Javier Salas,NA
crd_9bd583ab207a4366a12f37ab94ed8619,5,3,6,1,Amber,Character,Bodyguard,"c(""Dreamborn"", ""Hero"", ""Musketeer"")",Jochem Van Gool,"""En gawrsh!"""
crd_ab901cb3afed4b95b0bbca4350b0d4d7,8,6,7,1,Amber,Character,Shift,"c(""Floodborn"", ""Villain"", ""King"", ""Deity"")",Alex Accorsi,"""Oh hey, I'm gonna need new business cards."""
crd_4c9f441611314185a25b1fca893f6643,4,3,2,1,Amber,Character,character(0),"c(""Storyborn"", ""Villain"", ""Deity"")",Randy Bishop,"""Production is up, costs are down, the rivers are full. Time to talk expansion."""
crd_7b875417a470447eb4d998d9b634580b,1,1,2,1,Amber,Character,Support,"c(""Storyborn"", ""Ally"")",Jenna Gray,"""Sometimes, our strengths lie beneath the surface. Far beneath, in some cases....""
—Moana"
crd_5a1091c1a03c43d4854b66426d49aa10,2,1,2,2,Amber,Character,character(0),"c(""Storyborn"", ""Ally"")",Andrey Chumak,You need a good toady to be a proper bad guy.
crd_0ccbea0b8fd54779939f56e1fcc3769a,1,1,1,2,Amber,Character,character(0),"c(""Storyborn"", ""Hero"")",Dave Beauchene,"""A falling star... I have to make a wish!"""
crd_1d41bcb819ef4f12b40b5aab332e0c4c,5,4,5,1,Amber,Character,"c(""Bodyguard"", ""Support"")","c(""Storyborn"", ""Ally"")",Brian Weisz,NA
crd_dbc44ab9437a44568efdf23b37f3f278,3,3,3,1,Amber,Character,character(0),"c(""Dreamborn"", ""Ally"")",Kendall Hale,"He pursues his quarry with courage, discipline, and a touch of class."
crd_682afbbf65fa43ec8d17d382183a81e0,3,3,3,2,Amber,Character,character(0),"c(""Storyborn"", ""Hero"")",Dave Beauchene,"As long as he's around, newcomers to the Great Illuminary will always get a warm welcome."
crd_e40a35d966914476b267935d79337667,2,2,3,1,Amber,Character,character(0),"c(""Dreamborn"", ""Princess"")",Kendall Hale,"Wherever the princess goes, her musketeers are... well, they're around somewhere, probably."
crd_6c18714222c749b8b16800630a5d26cf,5,1,6,3,Amber,Character,character(0),"c(""Storyborn"", ""Hero"", ""Princess"")",Nicholas Kole,"""I am Moana of Motunui. You will board my boat, sail across the sea, and restore the heart of Te Fiti."""
crd_ef759d382c954423b841d6cbac94dfbc,3,2,5,1,Amber,Character,character(0),"c(""Dreamborn"", ""Ally"", ""Pirate"")",Kamil Murzyn / Eri Welli,"""Mr. Smee is a kind, gentle soul who lives to bring comfort and aid to a twisted old villain. Now, what good is kindness like that?""
—Peter Pan"
crd_f1e67c29942c408daaa683520972e1ea,4,3,3,2,Amber,Character,character(0),"c(""Storyborn"", ""Hero"", ""Prince"")",Philipp Kruse,"""The road to true love may be barred by still many more dangers, which you alone will have to face.""
—Flora"
crd_389a5296a2114c10a16be57f0677429f,4,3,5,1,Amber,Character,character(0),"c(""Storyborn"", ""Ally"")",Jenna Gray,"""You gotta put your behind in your past."""
crd_63a9a93217614c00a186fe10b8791073,4,1,5,2,Amber,Character,character(0),"c(""Storyborn"", ""Hero"", ""Princess"")",Jochem Van Gool,NA
crd_acaae5dbf3c341b8ad35851ac755cfd6,2,2,2,1,Amber,Character,Singer,"c(""Storyborn"", ""Ally"")",Isaiah Mesq,"""I should be writing symphonies, not tagging along after some headstrong teenager."""
crd_a3bd1e1b8b3a4ca094cefbc1d7bf4d60,2,2,3,1,Amber,Character,Bodyguard,"c(""Storyborn"", ""Hero"", ""Prince"")",Filipe Laurentino,Courage comes in all sizes.
crd_78e5de38150f48c5b9813c08cc534dfb,7,4,8,2,Amber,Character,character(0),"c(""Dreamborn"", ""Hero"", ""Alien"")",Marcel Berg,"""So you're from outer space, huh? I hear the surfing's choice.""
—David"
crd_a46be9bd3971477695ee84d0f25ff88d,1,2,2,1,Amber,Character,character(0),"c(""Storyborn"", ""Hero"", ""Alien"")",Alex Accorsi,"Lilo: ""David! I got a new dog!""
David: ""Auwe!...You sure it's a dog?""
Lilo: ""Uh-huh. He used to be a collie before he got ran over."""
crd_c32945ecfd3d44859d3af3841977a737,6,3,5,3,Amber,Character,Shift,"c(""Floodborn"", ""Hero"", ""Alien"")",Simangaliso Sibaya,The best part about a beachside concert is that there's always room for one more.
crd_a7a780b01376481388b871a1b533de08,1,1,2,1,Amber,Character,character(0),"c(""Storyborn"", ""Ally"")",Juan Diego Leon,"""There's all manner of tasty treats in the world—ya just gotta know where to look."""
crd_49437643a6454368a630d12ba20c146f,2,NA,NA,NA,Amber,Action Song,character(0),NULL,R. La Barbera / L. Giammichele,NA
crd_3a593c8dd2fe4552a4874f7346527387,1,NA,NA,NA,Amber,Action,character(0),NULL,Amber Kommavongsa,NA
crd_2894c74113e7436abf095fe35dde6ea8,4,NA,NA,NA,Amber,Action Song,character(0),NULL,Juan Diego Leon,What a wonderful phrase!
crd_ce4f357a6aa24302ba5553eefea4930a,1,NA,NA,NA,Amber,Action,character(0),NULL,Philipp Kruse,"""Don't freak out!""
—Rapunzel"
crd_4d9c8fd7ab2241d9893ca3ad6a31daed,3,NA,NA,NA,Amber,Action,character(0),NULL,Leonardo Giammichele,The best heroes always arrive at the perfect moment—whether they know it or not.
crd_df53bbf046f542d19202f4e11bbe9d5b,3,NA,NA,NA,Amber,Action Song,character(0),NULL,Samanta Erdini,"What would I give
If I could live out of these waters?"
crd_c91b8810b881450faa5942daf03e03ef,4,NA,NA,NA,Amber,Action,character(0),NULL,Alice Pisoni,"""You are more than what you have become.""
—Mufasa"
crd_4ab0c55e07324d30903f51b7bbd41c8d,1,NA,NA,NA,Amber,Item,character(0),NULL,Eri Welli,Enjoy the finest of human hairstyles!
crd_8d54bb18a7514ab19536ac9afe747002,2,NA,NA,NA,Amber,Item,character(0),NULL,Eri Welli,"Lanterns fill the sky on one special night, beacons of hope and love."
crd_a2c18604455b4a4c8d4868ad36370d3d,3,NA,NA,NA,Amber,Item,character(0),NULL,Jenna Gray,"""Singing is a lovely pastime...if you've got the voice for it.""
—Ursula"
crd_6e2cd50802964cfdb903d16ef856caae,4,2,4,2,Amethyst,Character,character(0),"c(""Storyborn"", ""Hero"", ""Queen"")",Valerio Buonfantino,"""Two sisters, one mind."""
crd_f2b9a7e014e64eca88d8c9c7eee07019,1,2,2,1,Amethyst,Character,character(0),"c(""Dreamborn"", ""Ally"")",Kendall Hale,"""Flying is not merely some crude, mechanical process. It is a delicate art. Purely aesthetic. Poetry of motion. And the best way to learn it is to do it!"""
crd_a23c8618b0aa41f9b41b9f0603495380,7,4,5,3,Amethyst,Character,Shift,"c(""Floodborn"", ""Villain"", ""Sorcerer"")",Isaiah Mesq,NA
crd_17c7228380dd4d8e8b5e2cce3058d9d3,2,0,4,1,Amethyst,Character,Challenger,"c(""Storyborn"", ""Villain"", ""Sorcerer"")",Grace Tran,"""Enchantée. A tip of the hat from Dr. Facilier."""
crd_7c6dbcfcfb90484c9e7d5f28cee46687,3,2,4,1,Amethyst,Character,character(0),"c(""Storyborn"", ""Villain"", ""Sorcerer"")",Cam Kendell,NA
crd_643a385f109c4e50a6462b86c64b98b2,4,4,4,1,Amethyst,Character,character(0),"c(""Storyborn"", ""Hero"", ""Queen"", ""Sorcerer"")",Duyen Nguyen / Aubrey Archer,"""I never knew what I was capable of."""
crd_cd96e3f148dd46de80ac08abe51a48e4,3,2,3,1,Amethyst,Character,character(0),"c(""Dreamborn"", ""Hero"", ""Queen"", ""Sorcerer"")",Nicholas Kole,"Recreated by magical ink, Elsa found herself in an entirely new world. Fortunately, ice works the same way everywhere."
crd_04bca46a8e2d4e9ba0fbdbfc6c99e51e,8,4,6,3,Amethyst,Character,Shift,"c(""Floodborn"", ""Hero"", ""Queen"", ""Sorcerer"")",Matthew Robert Davies,Ice is stronger than you may think.
crd_e5912655e48f42a9ab863ac2337171cc,5,3,4,2,Amethyst,Character,Rush,"c(""Storyborn"", ""Ally"")",Luis Huerta,"""We know someone who can help you... for a price."""
crd_10bcf02ebeea4a3c8aac36e976120e99,4,0,5,2,Amethyst,Character,character(0),"c(""Dreamborn"", ""Villain"", ""Sorcerer"")",Marcel Berg,There's more than one way to bury secrets.
crd_695cab1b70c24a0289cc2d3c2316dfed,4,2,5,1,Amethyst,Character,Challenger,"c(""Dreamborn"", ""Villain"", ""Sorcerer"")",Jake Parker,"""Enough skulking about. It's time to show that sniveling sultan what a sorcerer can do."""
crd_3725a62bd3aa40a086ad041a84a910d3,4,3,3,1,Amethyst,Character,Evasive,"c(""Storyborn"", ""Ally"")",Brian Weisz,"""We can help you get anything you want...."""
crd_95ecf1d59f004e4399a2c61e280dfd13,2,2,2,1,Amethyst,Character,character(0),"c(""Dreamborn"", ""Broom"")",Dav Augereau / Giulia Riva,"In the immense story-forge known as the Great Illuminary, there is always work to be done."
crd_ed5b22e519844e948a57784cdc4d5a48,1,1,1,2,Amethyst,Character,character(0),"c(""Dreamborn"", ""Villain"", ""Sorcerer"")",Grace Tran,"""One mustn't rush these things, or the greatest plan might come to nothing."""
crd_ff8bf99d2bd84183bcc4b5d7a18360f0,3,2,2,1,Amethyst,Character,character(0),"c(""Storyborn"", ""Villain"", ""Sorcerer"")",Valerio Buonfantino,"""You dare challenge me? Fool, my magic is more powerful than you could possibly imagine!"""
crd_de3c296136f24c1a8bada1580861504c,6,5,5,1,Amethyst,Character,character(0),"c(""Storyborn"", ""Ally"")",Kendall Hale / Anh Dang,"""Hey! We were just talking about you! All good things, all good things.""
—Olaf"
crd_fa380ef9482e4e808e11365588c7178e,4,3,4,2,Amethyst,Character,character(0),"c(""Dreamborn"", ""Sorcerer"")",Nicholas Kole,He always goes for the clean sweep.
crd_2ceed4bdc2b3437c82a41d83d9fe8aee,1,1,3,1,Amethyst,Character,character(0),"c(""Storyborn"", ""Ally"")",Giulia Riva,"""I'm Olaf and I like warm hugs!"""
crd_52d47bf453634824858ebdd26f42d5f6,1,1,1,1,Amethyst,Character,character(0),"c(""Storyborn"", ""Ally"")",Brian Weisz,"A true friend is always there for you, whether you can see them or not."
crd_3939d10a183b4eb48b843a68c74ed87b,3,3,3,1,Amethyst,Character,Rush,"c(""Dreamborn"", ""Mentor"", ""Sorcerer"")",Giulia Riva,"""The past can hurt. But the way I see it, you can either run from it or learn from it."""
crd_33319f66def14264811a95e658040bb9,6,5,7,1,Amethyst,Character,character(0),"c(""Storyborn"", ""Ally"")",Jared Nickerl,"""Reindeer comin' through!""
—Kristoff"
crd_03be711c05fe4b8ebd081c3578f37444,5,4,5,1,Amethyst,Character,character(0),"c(""Storyborn"", ""Villain"", ""Queen"")",Matthew Robert Davies,Sublime beauty matched with peerless cunning. Is there any question who is fairest?
crd_0ab2ecd7d121461e8053278706d889d5,3,3,4,1,Amethyst,Character,character(0),"c(""Dreamborn"", ""Ally"")",Giulia Riva,When you simply must have the hautest couture.
crd_3ac122b5a08e42ac986aa536da6c1000,5,3,3,2,Amethyst,Character,Evasive,"c(""Storyborn"", ""Ally"", ""Fairy"")",Adrianne Gumaya,NA
crd_2700ee961f214ad48e6284b2a8e864dc,7,2,8,3,Amethyst,Character,character(0),"c(""Storyborn"", ""Villain"", ""Sorcerer"")",Simangaliso Sibaya,"The first Rule of Villainy: If you're going to be evil, you've got to have style."
crd_fd1e38170964420294911187ef450c55,2,2,2,1,Amethyst,Character,character(0),"c(""Dreamborn"", ""Villain"", ""Sorcerer"")",Hadjie Joos,"""When I want your opinion, I will give it to you!"""
crd_48d5eae218d14c72a3b0485e369b2d06,4,0,4,2,Amethyst,Character,"c(""Challenger"", ""Rush"")","c(""Storyborn"", ""Deity"")",Koni,"""A little lightning solves a whole lot of problems."""
crd_6e2faccbf9a240219279b1c4acff7bd5,1,NA,NA,NA,Amethyst,Action,character(0),NULL,Kendall Hale,Never be afraid to have your mind boggled now and then.
crd_7ea36567dec64789a714995b1f459a47,2,NA,NA,NA,Amethyst,Action,character(0),NULL,Cristian Romero,It's time for you to chill.
crd_f9097c53f99d488aa8685b73ea5a9373,3,NA,NA,NA,Amethyst,Action Song,character(0),NULL,Amber Kommavongsa,"The cards, the cards
the cards will tell..."
crd_2edd696f67314cde96ae6ff8f6661033,1,NA,NA,NA,Amethyst,Action Song,character(0),NULL,Kevin Hong,"When will my reflection show
Who I am inside?"
crd_75b7a6e439114050b3e283955b439058,2,NA,NA,NA,Amethyst,Item,character(0),NULL,Andrew Trabbold,"""What wouldst thou know, my Queen?"""
crd_9548bea5e69544d5b3e488e97d33065c,2,NA,NA,NA,Amethyst,Item,character(0),NULL,Oleg Yurkov,Perfect for mixing potions and stealing voices.
crd_5e059b9ed96e4fb68bb54b1086394797,3,NA,NA,NA,Amethyst,Item,character(0),NULL,Kamil Murzyn,"""No wonder you're late. Why, this watch is exactly two days slow."" —The Mad Hatter"
crd_cae2a3157f7a42d782a2c3cefae01615,2,2,2,1,Emerald,Character,Ward,"c(""Storyborn"", ""Hero"", ""Prince"")",Lauren Walsh,Fabulously wealthy. Practically untouchable. Genuinely inauthentic.
crd_cd3d8417b8544063ae6a41766d24b130,5,4,4,2,Emerald,Character,Rush,"c(""Dreamborn"", ""Hero"", ""Prince"")",Jeff Murchie,"""I'll take on all of you if I have to!"""
crd_e49c0deba37f453f8f27da810c8bfe39,3,0,3,2,Emerald,Character,character(0),Storyborn,Caner Soylu,"""You may have noticed that I'm not all there myself."""
crd_a3a886b05f4149c695ffbd5e5b9a049f,2,1,3,1,Emerald,Character,character(0),"c(""Storyborn"", ""Villain"")",Nicholas Kole,"When she stops by, misery is company."
crd_fb2dc6f12f584032a54f9925f060e059,1,2,2,1,Emerald,Character,character(0),"c(""Storyborn"", ""Villain"")",R. La Barbera / L. Giammichele,"""Sorcery! I knew there was something dubious going on here."""
crd_c0742f7731e04b749870bceb5c6b133b,2,1,2,2,Emerald,Character,character(0),"c(""Storyborn"", ""Hero"", ""Prince"")",Leonardo Giammichele,"""I didn't want to have to do this, but you leave me no choice...."""
crd_e910a64a2c12444e9eb34bab151b0428,6,3,4,2,Emerald,Character,Evasive,"c(""Storyborn"", ""Ally"")",Giulia Riva,"""Can your friends go 'Abracadabra, let 'er rip' and then make the sucker disappear?"""
crd_976b70e13c194a6f8b955d7ea5307bbc,8,3,5,3,Emerald,Character,"c(""Evasive"", ""Shift"")","c(""Floodborn"", ""Hero"")",Javier Salas,NA
crd_64d94b7ad8e84bac909438767e1e63af,2,2,3,1,Emerald,Character,character(0),"c(""Dreamborn"", ""Ally"")",Matt Chapman,"""You can wish for nearly anything! Do you want the short version, or should I give you the whole song and dance?"""
crd_c0ca53eaf2d849e7b533d0628ea7585c,4,3,3,3,Emerald,Character,character(0),"c(""Storyborn"", ""Villain"", ""Prince"")",Massimiliano Narciso,"""Rules are like older siblings. All they do is get in the way."""
crd_449f6f94972b4bce9a87460460204cd8,3,4,3,1,Emerald,Character,character(0),"c(""Storyborn"", ""Ally"")",Isaiah Mesq,"""Well, they ain't in here, Jasper."""
crd_fb67b53a2df44bff96ca7fff2d607437,3,1,4,1,Emerald,Character,character(0),"c(""Storyborn"", ""Ally"")",Brian Weisz,NA
crd_1dd05220d5994e3181153d33340718fc,3,2,4,1,Emerald,Character,character(0),"c(""Storyborn"", ""Ally"")",Jochem Van Gool,"""Now, look here, Horace, I warned you about thinkin'."""
crd_ab006041fefc4aba8f3142821fded198,6,5,5,2,Emerald,Character,character(0),"c(""Storyborn"", ""Villain"", ""Alien"", ""Pirate"", ""Captain"")",Duyen Nguyen / Jared Nickerl,"""Don't be too put off by this... hunk of hardware."""
crd_a1887fe9f3f74f7183a0a9bc44f57582,5,4,5,2,Emerald,Character,character(0),"c(""Dreamborn"", ""Alien"", ""Inventor"")",Milica Celikovic,"""Created something? Ha! But that would be irresponsible and unethical. I would never, ever... make more than one."""
crd_6e0fa538c4894981b9e014b0ef5efd97,5,2,4,3,Emerald,Character,Ward,"c(""Storyborn"", ""King"")",Grace Tran,"""I asked for emerald and that is clearly jade! What is wrong with you people?"""
crd_1acda7d08eb443e9bd36798a1fd7741a,6,1,5,1,Emerald,Character,character(0),"c(""Dreamborn"", ""Villain"")",Leonardo Giammichele,"""If your chores are done, then clearly you don't have enough of them."""
crd_6f4d7a28b34b4520a7456a89f3d72a15,5,2,4,3,Emerald,Character,character(0),Storyborn,Rosa la Barbera,"Mad Hatter: ""Would you like a little more tea?""
Alice: ""I haven't had any yet, so I can't very well take more."""
crd_769e68c4d309489fa1a27c2d237a7b2e,2,2,1,1,Emerald,Character,character(0),"c(""Dreamborn"", ""Ally"")",Aubrey Archer,"""A deal's a deal. But falling in love was never supposed to be part of it."""
crd_1fc96a36c5a94f05a295d7d565ece2b8,7,6,5,2,Emerald,Character,Shift,"c(""Floodborn"", ""Hero"")",Alex Accorsi / Kendall Hale,"Quiet as a... well, you know."
crd_03cc8c548715482fb5d2d3d894767dbd,3,3,4,1,Emerald,Character,character(0),"c(""Storyborn"", ""Hero"", ""Captain"")",Juan Diego Leon,"On rivers throughout the Inklands, the little steamboat's whistle answers the cheery tunes of its pilot."
crd_b9b75a9f9ec8475b836925a711e88d8d,6,3,6,2,Emerald,Character,character(0),"c(""Storyborn"", ""Villain"")",Javier Salas,"""Great. Now I'm the bad guy."""
crd_91d042c887b54b7098c9044a36816008,3,3,2,1,Emerald,Character,Evasive,"c(""Dreamborn"", ""Hero"")",Koni,"""What's the matter, Hook? Can't you fly?"""
crd_ce61d71725be41b7a5a766b690f56a1b,2,1,4,1,Emerald,Character,character(0),Dreamborn,Jeff Murchie,"""Someday, I'll grow up to be the most crabulous crustacean the world has ever seen!"""
crd_314a692823404f41b6c94ef90a3fc5e8,4,2,3,2,Emerald,Character,Evasive,"c(""Storyborn"", ""Ally"", ""Fairy"")",Caner Soylu,NA
crd_c6e59761b01b488b9a46b1dbfb30707e,3,NA,NA,NA,Emerald,Action,character(0),NULL,Ellie Horie,"""...Then scrub the terrace, sweep the halls and the stairs, clean the chimneys. And of course there's the mending, and the sewing, and the laundry...""
—Lady Tremaine"
crd_ae6da5a02eb8403e9dd4df5ff4dac55b,3,NA,NA,NA,Emerald,Action Song,character(0),NULL,R. La Barbera / L. Giammichele,"One way or another
Something will go wrong, I swear"
crd_c2b11d41ddb1477a8f7293afb674c765,1,NA,NA,NA,Emerald,Action,character(0),NULL,Matt Chapman,A wildebeest stampede is like a raging river: best experienced from a distance.
crd_cc2d13ea26124968b44151ab66a7a343,5,NA,NA,NA,Emerald,Action,character(0),NULL,Hedvig Häggman-Sund,"""Wonder how much ol' Prince John spent on all those fancy locks.""
—Little John"
crd_cf7aaffeb44d43fdb372b21fec59ff3b,2,NA,NA,NA,Emerald,Action Song,character(0),NULL,Giulia Riva,"Cruella De Vil, Cruella De Vil
If she doesn't scare you, no evil thing will"
crd_7c0b98be9394466198db3610a9b64953,3,NA,NA,NA,Emerald,Action,character(0),NULL,Matthew Robert Davies,"""It's only fitting that the finest hunter gets the foulest beast!""
—Gaston"
crd_85e0edbb8cbd458fa3957029a8bb5697,1,NA,NA,NA,Emerald,Action,character(0),NULL,Michaela Martin,"""A true king takes matters into his own claws.""
—Scar"
crd_b30843c0d5e845ee88fc040b5c5e727b,2,NA,NA,NA,Emerald,Item,character(0),NULL,Koni,"""Take a little trip into your future with me!""
—Dr. Facilier"
crd_a86ebded73ba41e2ab58fcebfd30eeb0,2,NA,NA,NA,Emerald,Item,character(0),NULL,Kendall Hale,Sometimes you've got to take what you can get.
crd_e080b948d1bd4c87b40c050f56b2d50f,3,3,2,2,Ruby,Character,character(0),"c(""Storyborn"", ""Ally"")",Oleg Yurkov,"""Someday, Abu, things are gonna change. We'll be rich, live in a palace, and never have any problems at all.""
—Aladdin"
crd_69b75104832b4cd6ada38b185f7bd579,7,5,5,2,Ruby,Character,Shift,"c(""Floodborn"", ""Hero"")",Nicholas Kole,NA
crd_a2d28e5e695747fb95ebe50f891eb0b4,3,2,2,1,Ruby,Character,character(0),"c(""Storyborn"", ""Hero"")",Peter Brockhammer,"It can be hard to tell the difference between a diamond in the rough and someone who's just, well, rough."
crd_6b4e0c325cbb46698922c45438b4f1a7,5,6,5,1,Ruby,Character,character(0),"c(""Storyborn"", ""Ally"", ""Captain"")",Brian Weisz,"""Barking signal. It's an alert. Report to the Colonel at once!"""
crd_6b3ab2c893c34e5989908e451259e1b1,7,5,5,2,Ruby,Character,Rush,"c(""Storyborn"", ""Villain"", ""Pirate"", ""Captain"")",Cam Kendell,"""You wouldn't dare fight old Hook man-to-man!"""
crd_9db4390c3200400db02bf38305508d38,2,2,3,1,Ruby,Character,character(0),Storyborn,Kenneth Anderson,"""Who you callin' boisterous, buster?"""
crd_4dff89f588a5466097978e9889eef559,4,3,4,1,Ruby,Character,character(0),"c(""Dreamborn"", ""Hero"", ""Queen"", ""Sorcerer"")",Alice Pisoni / Whitney Pollett,"""My sister has always been there for me. I need to be there for her."""
crd_559add80c2b44fb0bc383708f59d11c5,2,4,2,0,Ruby,Character,Reckless,"c(""Storyborn"", ""Villain"")",Matthew Robert Davies,It's not arrogance when you really are the best.
crd_6571a57fd39542b6945b43880bccc254,5,3,4,2,Ruby,Character,Evasive,"c(""Dreamborn"", ""Hero"")",Kenneth Anderson,Sometimes you gotta give it the ol' jump and hyuck.
crd_350f66335966462b90a118ec2d81578f,2,2,2,1,Ruby,Character,character(0),"c(""Dreamborn"", ""Ally"")",Gaku Kumatori,All a mob needs is a push in the wrong direction.
crd_f27f48f1eb8642a39de3ea91df67ccfc,9,7,5,2,Ruby,Character,character(0),"c(""Storyborn"", ""Villain"", ""Dragon"")",Luis Huerta,"The ninth Rule of Villainy: When all else fails, turn into a dragon."
crd_407bb2a4ff5c4d46b0e4e76cbc2be949,5,6,5,0,Ruby,Character,"c(""Reckless"", ""Rush"")","c(""Storyborn"", ""Hero"", ""Deity"")",Pirel / Marco Giorgianni,"""What I believe you were trying to say is 'Thank you.'"""
crd_e74ef94562b9440e8dd95ada098728d6,8,5,5,4,Ruby,Character,Evasive,"c(""Dreamborn"", ""Hero"")",Nicholas Kole,"When defeat looms and victory hangs by a thread, a hero bolts to the rescue, patching things up through shear determination."
crd_3f9c08ed5eae46f98e593890c2ec975b,1,1,3,1,Ruby,Character,character(0),"c(""Storyborn"", ""Hero"")",Kenneth Anderson,Her fashion sense is always spot on.
crd_49b96ca319434f588d5d36b30597c832,5,2,6,2,Ruby,Character,character(0),"c(""Storyborn"", ""Hero"", ""Princess"")",Tanisha Cherislin,"""You know who you are."""
crd_45037644be034dad9ec46ffdabcde550,5,4,5,1,Ruby,Character,character(0),"c(""Storyborn"", ""Hero"", ""Princess"")",Mel Milton,NA
crd_7f4cc9a32a834ebabaeaea3407d06dbc,3,3,2,1,Ruby,Character,Rush,"c(""Storyborn"", ""Hero"")",Anh Dang,"""Nobody calls Pan a coward and lives! I'll fight you man-to-man, with one hand behind my back."""
crd_e17a4efa1eaf47e2aefdcf3b98d4f03c,4,2,3,2,Ruby,Character,Evasive,"c(""Storyborn"", ""Hero"")",Brian Weisz,"""At first I had no particular plan, just anything to attract attention. You know, stir things up a bit."""
crd_3be63bf0c46342acb7d08759788757b6,6,5,4,2,Ruby,Character,character(0),"c(""Dreamborn"", ""Hero"", ""Princess"")",Clio Wolfensberger,"""Who are you? And how did you find me?"""
crd_59bf4857765e425bb663ea128e53ee0b,4,5,3,1,Ruby,Character,character(0),"c(""Dreamborn"", ""Villain"")",Amber Kommavongsa,Consumed by the flames of ambition.
crd_5ad957ef62844bcaba344b0af0a5ff24,8,6,6,1,Ruby,Character,Shift,"c(""Floodborn"", ""Villain"", ""King"")",Jenna Gray,"""The time has come to take what is ours!"""
crd_1666aca597bf414e87a2cc320b7b2111,1,2,2,1,Ruby,Character,character(0),"c(""Storyborn"", ""Ally"")",Cory Godbey,"""Yes, sir. Righto, sir. Right away, sir!"""
crd_19a7e851b7724bd58b285b76eb387c5a,6,4,6,3,Ruby,Character,character(0),"c(""Storyborn"", ""Hero"", ""Alien"")",Bill Robinson,"""His destructive programming is taking effect. He will be irresistibly drawn to large cities, where he will back up sewers, reverse street signs, and steal everyone's left shoe.""
—Jumba Jookiba"
crd_e70380b0a938449cb7e2b433737ec824,6,8,6,0,Ruby,Character,Reckless,"c(""Storyborn"", ""Villain"", ""Deity"")",Kamil Murzyn,She burns for that which was stolen from her.
crd_f1f7e5ef15f04872a721d1792aa677d1,6,4,4,2,Ruby,Character,Evasive,"c(""Storyborn"", ""Tigger"")",Kenneth Anderson,"""I'm the bounciest bouncer that ever bounced!"""
crd_a7c6d3aa2de6462f8d205d70a8fcc54f,7,NA,NA,NA,Ruby,Action Song,character(0),NULL,Jared Nickerl,Our teeth and ambitions are bared!
crd_df33509235464d18becdd63bd8ce91eb,2,NA,NA,NA,Ruby,Action,character(0),NULL,Ellie Horie,"""Surprise!"""
crd_a6ae2c14b1b849488f1e8c8744401a05,5,NA,NA,NA,Ruby,Action,character(0),NULL,Luis Huerta,Rare is the hero who can withstand a dragon's wrath.
crd_0df4378c1d3d40409014b2502a9926b1,1,NA,NA,NA,Ruby,Action,character(0),NULL,Jenna Gray,"Pretty words can move a crowd, but so can ugly ones."
crd_3f328e2a6ea741bcb31348ee2954b3e8,1,NA,NA,NA,Ruby,Action,character(0),NULL,Koni,"""We've all got swords!""
—Razoul"
crd_6e0a4c7a191f4e6fbdc58193e35bbc7c,2,NA,NA,NA,Ruby,Action,character(0),NULL,Eri Welli,"""Stay right there! I mean, you don't have a choice, I guess. But still! Don't move!""
—Rapunzel"
crd_3c0355d3cc2d409e9b10876744aa534a,3,NA,NA,NA,Ruby,Item,character(0),NULL,Andrew Trabbold,"""One taste of the poisoned apple, and the victim's eyes will close forever....""
—The Queen"
crd_81867e9c25c44f33aa150e70b57bb4dd,1,NA,NA,NA,Ruby,Item,character(0),NULL,Eri Welli,"""Arm thyself with this enchanted Shield of Virtue and this mighty Sword of Truth, for these weapons of righteousness will triumph over evil."" —Flora"
crd_19c135ff62f2427d93b3131114b4c10b,4,NA,NA,NA,Ruby,Item,character(0),NULL,Andrew Trabbold,Almost as powerful as True Love's Kiss.
crd_a23c99ed9f3243969466fb000bd139dc,4,3,3,1,Sapphire,Character,character(0),"c(""Storyborn"", ""Hero"", ""Princess"")",Hedvig Häggman-Sund,"""You want thingamabobs? I got twenty."""
crd_ce469941c08b425484af9a8c69eb8ce1,4,2,5,1,Sapphire,Character,character(0),"c(""Storyborn"", ""Hero"", ""Princess"")",Rosalia Radosti,"""There was something strange about that voice. Too beautiful to be real...""
—Prince Phillip"
crd_1a45dd7bd500476991afd5bb75f173b2,5,3,5,2,Sapphire,Character,Shift,"c(""Floodborn"", ""Hero"", ""Princess"")",Nicholas Kole,"As the princess slumbered, her power awoke."
crd_f6c70da42b524965bcd4f7d6d86e8437,2,2,2,2,Sapphire,Character,character(0),"c(""Storyborn"", ""Hero"", ""Princess"")",Samanta Erdini,"""They say if you dream a thing more than once, it's sure to come true!"""
crd_2a6cd27f6ba44515827ed800f377cdbd,3,2,3,2,Sapphire,Character,character(0),"c(""Dreamborn"", ""Hero"", ""Princess"", ""Inventor"")",Gabriel Romero / Pix Smith,A little ingenuity and a lot of heart will take you far in this world.
crd_63c2ca66eeea417b9079d833e0fd88d4,4,2,4,1,Sapphire,Character,character(0),"c(""Storyborn"", ""Hero"", ""Princess"")",Alice Pisoni,"""Far-off places, daring sword fights, magic spells, a prince in disguise..."""
crd_2bd7564121d5445ab350345c91a45ef4,7,3,6,3,Sapphire,Character,Support,"c(""Storyborn"", ""Mentor"", ""King"")",Pirel,"""You can always rely on the strength of those who love you."""
crd_8d5ff9b706fd4f59b44e0ca52638a257,5,4,3,2,Sapphire,Character,Ward,"c(""Dreamborn"", ""Hero"", ""Inventor"")",Cam Kendell,"Walk smarter, not harder."
crd_a5a7e2a876b24835aca7fd5cd5408e0d,1,2,2,1,Sapphire,Character,character(0),"c(""Storyborn"", ""Ally"")",Brian Weisz,"""Excitement... adventure... danger lurking around every cor— AAAAAGGH!"""
crd_2556ec8a10224e6bb75f2bd54e7a612f,2,1,1,1,Sapphire,Character,character(0),"c(""Storyborn"", ""Mentor"")",Filipe Laurentino,"Moana: ""Is there something you want to tell me?""
Gramma Tala: ""Is there something you want to hear?"""
crd_e372495979314c78b3613e2b19c30366,7,3,6,2,Sapphire,Character,character(0),"c(""Dreamborn"", ""Villain"", ""Deity"")",Matthew Robert Davies,"""He's gotta have a weakness, because everybody's got a weakness."""
crd_c401f199cd7046b4838589db368f2391,3,3,3,2,Sapphire,Character,character(0),"c(""Storyborn"", ""Princess"")",R. La Barbera / L. Giammichele,"""Try to understand. I've never done a thing on my own. I've never had any real friends.... I've never even been outside the palace walls."""
crd_6b26bc2dda6e49bba695529a039dcaee,5,2,5,2,Sapphire,Character,Shift,"c(""Floodborn"", ""Hero"", ""Princess"", ""Queen"")",Filipe Laurentino,NA
crd_071ac28029b947ea8bf6b77d287ff401,4,3,4,2,Sapphire,Character,character(0),"c(""Storyborn"", ""Villain"", ""Sorcerer"")",Nicholas Kole,"""The princess shall indeed grow in grace and beauty, beloved by all who know her. But before the sun sets on her sixteenth birthday, she shall prick her finger on the spindle of a spinning wheel...."""
crd_7d72a31f03964ae2b79110b788039b73,5,3,6,3,Sapphire,Character,character(0),"c(""Dreamborn"", ""Villain"", ""Sorcerer"")",Gaku Kumatori,She had no invitation—and needed no introduction.
crd_de24a04b1d83417594730a5036cfc2a4,6,2,7,2,Sapphire,Character,character(0),"c(""Dreamborn"", ""Mentor"", ""Inventor"")",Alex Accorsi,NA
crd_47e91685dd1f4021908561ca134dfe94,4,3,4,1,Sapphire,Character,Support,"c(""Dreamborn"", ""Mentor"", ""Sorcerer"")",Dave Beauchene,"""What a mess! What a medieval muddle! We'll have to modernize it."""
crd_02e7c0b1ef054407a29dc95b1a8d7d9a,3,1,3,1,Sapphire,Character,character(0),"c(""Dreamborn"", ""Hero"", ""Detective"")",Jared Nickerl,"Wherever the seaweed had come from, Mickey was sure of one thing: something fishy was going on."
crd_91e0b5934fad4b74835dd274b02d484d,6,4,6,3,Sapphire,Character,character(0),"c(""Storyborn"", ""Mentor"", ""King"")",Luis Huerta,"""A king must care for all of the creatures in his kingdom, no matter their size."""
crd_3d8ce215614244a483a06d6ecf99c2e2,2,3,1,1,Sapphire,Character,Support,"c(""Storyborn"", ""Mentor"")",Leonardo Giammichele,"""Ya gotta be the best to train the best. And I train the best!"""
crd_4a9c161784fa428f843e9b76858abf96,6,4,4,2,Sapphire,Character,character(0),"c(""Storyborn"", ""Hero"")",John Loren,"""We never rob. We just sort of borrow a bit from those who can afford it."""
crd_39139dbf0feb48b1924d20cc03c58d47,6,5,4,2,Sapphire,Character,character(0),"c(""Storyborn"", ""Villain"")",Bill Robinson,"""The best plans involve a little danger. Just not for me."""
crd_43467fa51d7b4bcc9ebe110d9fe9e3b9,8,5,8,1,Sapphire,Character,character(0),"c(""Storyborn"", ""Villain"")",Leonardo Giammichele,"""Watch me dazzle like a diamond in the rough!"""
crd_76258afdc2084ca2b2657664bbca3efa,7,5,9,2,Sapphire,Character,character(0),"c(""Storyborn"", ""King"")",Cristian Romero,"""Isn't 'Because I said so' enough of a reason?"""
crd_eb91a973f3ff4394a919aab77d9c71b9,1,NA,NA,NA,Sapphire,Action,character(0),NULL,Pao Yong,"""Knowledge, wisdom—there's the real power!""
—Merlin"
crd_fcfc387c36dc450c93bb85840e3b6957,3,NA,NA,NA,Sapphire,Action,character(0),NULL,Kenneth Anderson,"""...Don't fix it."""
crd_cb6a73f229b646c8bf57adbb4356dbd4,5,NA,NA,NA,Sapphire,Action Song,character(0),NULL,Milica Celikovic,"It's time to see what I can do
To test the limits and break through"
crd_0de7275633824d0f8b48461aa047a472,2,NA,NA,NA,Sapphire,Action Song,character(0),NULL,Bill Robinson,"Gotta eat to live, gotta steal to eat—
Tell you all about it when I got the time"
crd_8f64870b7d4f490ea13c8da48ebe514b,1,NA,NA,NA,Sapphire,Action,character(0),NULL,Bill Robinson,"Pacha: ""Put your whole back into it!""
Kuzco: ""This is my whole back!"""
crd_aa19240342864dd7a428b95c5b6a85b6,2,NA,NA,NA,Sapphire,Item,character(0),NULL,Milica Celikovic,"The coconut is a versatile gift from the gods, used to make nearly everything—including baskets to carry more coconuts."
crd_2c6eae027003403c832a8463afbb6ec0,4,NA,NA,NA,Sapphire,Item,character(0),NULL,Ron Baird,You can change the future once you know what you're looking at.
crd_33db0577186a4483aa85190fd0496d90,3,NA,NA,NA,Sapphire,Item,character(0),NULL,Tanisha Cherislin,"""If you want to cross the bridge, my sweet, you've got to pay the toll.""
—Ursula"
crd_33a1cfa2557e48ba8b7aac42a10592f6,1,NA,NA,NA,Sapphire,Item,character(0),NULL,Cory Godbey,"""Once upon a time, a single drop of sunlight fell from the heavens....""
—Flynn Rider"
crd_e6bc27d53eb341549fc31d79de6ddb7f,1,NA,NA,NA,Sapphire,Item,character(0),NULL,Grace Tran,NA
crd_cabcdb68fdc14360a495869d3e7fc281,2,2,1,2,Steel,Character,character(0),"c(""Storyborn"", ""Hero"")",Randy Bishop,"""Oh ho! So the street rat found a sword and a backbone!""
—Razoul"
crd_9600ba030e244c31becf34a3bf0822af,5,4,4,2,Steel,Character,character(0),"c(""Storyborn"", ""Hero"", ""Prince"")",Cookie,"""She'll never see me as anything... but a monster."""
crd_ec7df19190b24fe1a70ac895f40b5853,4,3,4,1,Steel,Character,character(0),"c(""Storyborn"", ""Villain"", ""Pirate"", ""Captain"")",Adrianne Gumaya,"""A pretty sight, Mr. Smee. We'll pot 'em like sitting ducks."""
crd_0b0cf12160764765a874a7fdee924d25,1,1,2,1,Steel,Character,Challenger,"c(""Dreamborn"", ""Villain"", ""Pirate"", ""Captain"")",Marcel Berg,He loves to make light of a foe's predicament.
crd_217eb0feed8b46fea1b5dc6c0b2b9e12,5,2,5,1,Steel,Character,"c(""Challenger"", ""Shift"")","c(""Floodborn"", ""Villain"", ""Pirate"", ""Captain"")",Elliot Bocxtaele,NA
crd_25c3b767ba91433682a1643b31b7645b,5,5,6,1,Steel,Character,character(0),Storyborn,Oleg Yurkov,Always vigilant. Always fierce. Always fighting over the ball.
crd_e854c2e94f504118b3618ae2eb10a195,4,2,5,1,Steel,Character,Bodyguard,"c(""Dreamborn"", ""Hero"", ""Musketeer"")",Dav Augereau,NA
crd_c165a1025f82402fa3834ed4c9da14ba,8,6,6,2,Steel,Character,character(0),"c(""Storyborn"", ""Alien"", ""Captain"")",Luis Huerta,"""Relax, enjoy the trip... and don't get any ideas!"""
crd_665baed36bfe4c0194ea9e3b22b19ac2,1,2,2,1,Steel,Character,character(0),"c(""Storyborn"", ""Ally"")",Cam Kendell,"They may be useless, but they came with the castle."
crd_4fa7d5ae1044415e8ad8c609a527498c,4,3,3,2,Steel,Character,character(0),"c(""Storyborn"", ""Villain"", ""Prince"")",Kendall Hale,"Tired of being last, he decided to cut the line."
crd_fdde46d849ab42f894ccc15e3cd38f12,3,3,3,1,Steel,Character,Bodyguard,"c(""Dreamborn"", ""Hero"", ""Prince"")",Marcel Berg,"""You gotta admit, that was pretty heroic."""
crd_097bd499debd459f9ce55afa7bc72d66,3,3,3,2,Steel,Character,character(0),"c(""Storyborn"", ""Ally"")",Ron Baird,"Kristoff: ""You want to talk about a supply and demand problem? I sell ice for a living.""
Anna: ""Ooh, that's a rough business to be in right now. I mean, that is really—ah, mm. That's unfortunate."""
crd_4dff2ba7b2d744a1a6c33741e2c1fcf6,6,6,6,2,Steel,Character,character(0),"c(""Storyborn"", ""Ally"")",Jake Parker,"""Oh yeah. It's all coming together!"""
crd_6a986375d35444ad9660332cda624a14,3,4,2,2,Steel,Character,character(0),"c(""Dreamborn"", ""Hero"")",Jared Nickerl,"""Space. That's where aliens come from. And also tourists!"""
crd_d32d5f07d1274a6ebcf0e8e437155768,8,8,8,3,Steel,Character,character(0),"c(""Storyborn"", ""Hero"", ""Deity"")",Isaiah Mesq,"When the gods gift you a boat, you take it. The boat's owner is optional."
crd_94245aa3b4a241379cf9f7fbbf7f6cd7,6,2,7,2,Steel,Character,Bodyguard,"c(""Dreamborn"", ""Hero"", ""Musketeer"")",Jochem Van Gool,NA
crd_74dbd9f579a34dbbaa8cd2139122ee97,2,1,3,1,Steel,Character,Challenger,"c(""Storyborn"", ""Hero"", ""Prince"")",Cristian Romero,"""I lost her once! I'm not gonna lose her again!"""
crd_9f35462bf6cc430f89c193d85507ea73,1,1,2,1,Steel,Character,character(0),"c(""Storyborn"", ""Hero"", ""Prince"")",Nicholas Kole,"""I'm gonna be the best king the Pride Lands have ever seen!"""
crd_3325b070fe8b4709b756066f49ba3b3c,7,4,6,2,Steel,Character,Challenger,"c(""Storyborn"", ""Hero"", ""King"")",Nicholas Kole,"""I'll do whatever it takes to save my kingdom."""
crd_b2976a87410e4dd5a753e7f871c2b6fc,5,3,5,2,Steel,Character,character(0),"c(""Storyborn"", ""Hero"", ""Prince"")",Cookie,"""I can't hide anymore. It's time to accept my destiny."""
crd_fdbf31b467214b229b4e4f149c487a47,5,5,4,1,Steel,Character,character(0),"c(""Storyborn"", ""Ally"", ""Pirate"")",Leonardo Giammichele,"A pirate must be tough, loyal, and strong. ""Smart"" doesn't even make the list."
crd_5fa3eadb1c984d63b845035c1e227af9,6,5,5,2,Steel,Character,character(0),"c(""Dreamborn"", ""Villain"", ""Deity"")",Andrew Trabbold,"Maui: ""Ever defeat a lava monster?""
Moana: ""No. Have you?"""
crd_5fb3a8282fa34c2bbeb9a56b4ccc7e36,6,4,5,2,Steel,Character,Shift,"c(""Floodborn"", ""Ally"", ""Fairy"")",Cookie,NA
crd_86981ec7570145568aecd428c2b88101,3,2,4,1,Steel,Character,character(0),"c(""Dreamborn"", ""Ally"", ""Fairy"")",Grace Tran,Sometimes all you need is a little tactical genius.
crd_3a299da6bf864690a188f07aeb55ffdf,5,NA,NA,NA,Steel,Action Song,character(0),NULL,Koni,"Shining, shimmering, splendid..."
crd_327f997026094ec49f0dc7d77e4628f5,2,NA,NA,NA,Steel,Action,character(0),NULL,Grace Tran,No one throws a tantrum like a beast.
crd_eb6216aa3f6b4cccaf6216809f915658,1,NA,NA,NA,Steel,Action,character(0),NULL,Matt Chapman,"Captain Hook: ""Double the powder and shorten the fuse!""
Mr. Smee: ""Shorten the powder and double the fuse!"""
crd_48cd856a0632489c916bc354a3090cb2,5,NA,NA,NA,Steel,Action Song,character(0),NULL,Peter Brockhammer,"We don't like
What we don't understand
In fact, it scares us"
crd_151c0155aa7c4f4fbec1bdb3a10f2676,2,NA,NA,NA,Steel,Action,character(0),NULL,Amber Kommavongsa,Who has time to read labels?
crd_24031addb4d1417482177b19c5d8edcb,3,NA,NA,NA,Steel,Action,character(0),NULL,Simangaliso Sibaya,"""Go away!"""
crd_8e6dc19330d3414885271a4243ca3da4,2,NA,NA,NA,Steel,Item,character(0),NULL,Samanta Erdini,"Ashamed of his monstrous form, the Beast concealed himself inside his castle, with a magic mirror as his only window to the outside world."
crd_aa294faf68c14f559c22e0e79a6c101e,2,NA,NA,NA,Steel,Item,character(0),NULL,Kamil Murzyn,"It's a fine piece of cookware, but as a weapon it's truly stunning."
crd_540aa5414bc94516a563bab640ced601,4,NA,NA,NA,Steel,Item,character(0),NULL,Dav Augereau,There's no such thing as a lone musketeer.
crd_22373df684c0420ea90d2f8508ac096c,3,NA,NA,NA,Steel,Item,character(0),NULL,Oleg Yurkov,"""You don't have to say 'pew pew' when you use it, but it doesn't hurt.""
—Lilo, galactic hero"
crd_a9c86e6316084d76a03b32be95977091,8,6,7,1,Amber,Character,Shift,"c(""Floodborn"", ""Villain"", ""King"", ""Deity"")",Juan Diego Leon,NA
crd_35c968e4b25945e897940860221f9d51,7,4,8,2,Amber,Character,character(0),"c(""Dreamborn"", ""Hero"", ""Alien"")",Milica Celikovic,NA
crd_cbc18e77d7ec4d50bf19650a9a559686,8,4,6,3,Amethyst,Character,Shift,"c(""Floodborn"", ""Hero"", ""Queen"", ""Sorcerer"")",Matthew Robert Davies,NA
crd_5739e1f6076840cd901a1bc283ca6e96,4,3,4,2,Amethyst,Character,character(0),"c(""Dreamborn"", ""Sorcerer"")",Cam Kendell,NA
crd_ae7e91462bfc4861bbf97e99ed53a1c1,6,3,4,2,Emerald,Character,Evasive,"c(""Storyborn"", ""Ally"")",Cristian Romero,NA
crd_1a8604b7ba6c45e2bc8b32b0a70d08b5,7,6,5,2,Emerald,Character,Shift,"c(""Floodborn"", ""Hero"")",Kendall Hale,NA
crd_7c621010e3e6471d9916eee4bcd0b11d,7,5,5,2,Ruby,Character,Shift,"c(""Floodborn"", ""Hero"")",Massimiliano Narciso,NA
crd_f839f8a7cb9a47ae962503f3ea69bec5,5,6,5,0,Ruby,Character,"c(""Reckless"", ""Rush"")","c(""Storyborn"", ""Hero"", ""Deity"")",Pirel / Stefano Zanchi,NA
crd_72fe56f4aa85484284d8e3632d06ad9b,5,3,5,2,Sapphire,Character,Shift,"c(""Floodborn"", ""Hero"", ""Princess"")",Clio Wolfensberger,NA
crd_021c1d57c42d4fb7836097cbe9eacfb7,4,2,4,1,Sapphire,Character,character(0),"c(""Storyborn"", ""Hero"", ""Princess"")",Valerio Buonfantino,NA
crd_80cf71e223cf491796609458b2866665,7,4,6,2,Steel,Character,Challenger,"c(""Storyborn"", ""Hero"", ""King"")",Hedvig Häggman-Sund,NA
crd_b42271147bf14a5e89d33571e64abb6d,6,4,5,2,Steel,Character,Shift,"c(""Floodborn"", ""Ally"", ""Fairy"")",Cookie,NA
crd_ac175f73ee3c4cce86c8ffe6d32db73a,4,2,5,3,Amber,Character,character(0),"c(""Storyborn"", ""Ally"", ""Seven Dwarfs"")",Kendall Hale,Life is sweeter with friends.
crd_4730c91483f24305b42abe86b2bb34ee,6,2,6,2,Amber,Character,character(0),"c(""Dreamborn"", ""Hero"")",Eri Welli,"""Look, Pooh! Have you ever seen anything so grand?""
—Christopher Robin"
crd_853c5c99d28f4304ba79004c91379057,1,1,2,1,Amber,Character,Singer,"c(""Storyborn"", ""Hero"", ""Princess"")",Casey Robin,"With a magical dress and a song in her heart, she dazzled everyone at the ball."
crd_ab2c56210cf647609962b1be64726001,7,5,9,2,Amber,Character,character(0),"c(""Storyborn"", ""Ally"")",Jake Parker,"""Let me get this straight. Your 'magic' spellbook got washed away in a flood of 'magic' ink?"""
crd_2fec41cf370c44e4a11f2024d8375c4c,3,2,3,2,Amber,Character,character(0),"c(""Storyborn"", ""Ally"", ""Seven Dwarfs"")",Kendall Hale,He's in charge of this outfit.
crd_45bf84f2a90e48be812c82d9c9272438,3,2,2,1,Amber,Character,character(0),"c(""Storyborn"", ""Ally"", ""Seven Dwarfs"")",Kendall Hale,He's a real gem.
crd_1c8429d7ddbe4e4895be3442a801c039,5,1,9,2,Amber,Character,character(0),"c(""Storyborn"", ""Ally"")",Lissette Carrera,Love holds everything together.
crd_88ec6886b1a0481c9ab402049d1649e8,3,3,3,1,Amber,Character,Singer,"c(""Dreamborn"", ""Villain"")",Jochem van Gool,No one... sings like Gaston!
crd_0b2c5d800fc14fdfacf098d74ec7ab74,2,2,2,1,Amber,Character,character(0),"c(""Storyborn"", ""Ally"")",Javi Salas,He takes being opinionated to a higher level.
crd_9d62c487faa543c78f964ac8ff1a73f6,4,3,4,1,Amber,Character,character(0),"c(""Storyborn"", ""Ally"", ""Seven Dwarfs"")",Kendall Hale,Sour as a green gooseberry!
crd_7bea75aa713d410a9be82d9e82ace333,5,3,5,2,Amber,Character,Support,"c(""Storyborn"", ""Ally"", ""Seven Dwarfs"")",Kendall Hale,You couldn't pick a better friend.
crd_5a9c44f3e0884493b853e0a1c8b1fca6,7,3,8,2,Amber,Character,character(0),"c(""Storyborn"", ""King"")",Hadjie Joos,"""Cool it, boy. Unwind yourself."""
crd_e32380ac2e3f4e69b385cad4b3c3df11,6,1,6,3,Amber,Character,character(0),"c(""Storyborn"", ""Hero"")",Veronica Di Lorenzo / Livio Cacciatore,"""Come on in—there's lots to explore."""
crd_00dc125290b34527b59cec4901ec94f9,5,3,3,2,Amber,Character,character(0),"c(""Storyborn"", ""Mentor"", ""King"")",Stefano Zanchi,NA
crd_ba402a6eed1344f8832f0032b3fed4dc,3,2,3,2,Amber,Character,Support,"c(""Dreamborn"", ""Hero"", ""Princess"")",Amber Kommavongsa,Everything looks better when you're free to be yourself.
crd_f04fa097a7234ecb95ea7eeea70c9c39,4,3,3,2,Amber,Character,Shift,"c(""Floodborn"", ""Hero"", ""Princess"")",Lissette Carrera,NA
crd_2efc304326314401b518565ccfc8f238,2,1,3,1,Amber,Character,character(0),"c(""Storyborn"", ""Ally"")",Filipe Laurentino,Children are a dog's best friend.
crd_9eba1ff8237f48d9aa89b725e90e2fb4,3,2,4,2,Amber,Character,character(0),"c(""Storyborn"", ""Ally"")",Kiersten Hale,"For a very small animal, he has an awfully big heart."
crd_a324c0fddfab4d7681efcf47adae3c6d,5,0,6,2,Amber,Character,Shift,"c(""Floodborn"", ""Hero"", ""Princess"")",Aubrey Archer,NA
crd_003d1c2326544b7493e1641770d22b0a,2,1,4,1,Amber,Character,character(0),"c(""Dreamborn"", ""Hero"", ""Princess"")",Aubrey Archer,"""We can all make the world a little brighter in our own way."""
crd_02c9d135c9774d4ca1cd3a70c62cd9f1,2,2,3,2,Amber,Character,character(0),"c(""Storyborn"", ""Ally"", ""Seven Dwarfs"")",Kendall Hale,He never gets tired of naps.
crd_e7b04611dd234fc7a07b0e48c2811fd2,2,1,4,1,Amber,Character,character(0),"c(""Storyborn"", ""Ally"", ""Seven Dwarfs"")",Kendall Hale,Look out! He's gonna blow!
crd_abb29b66e814454ab886f18985102a9d,2,2,3,1,Amber,Character,character(0),"c(""Storyborn"", ""Hero"", ""Princess"")",LadyShalirin,"""Why, you're all alone, just like me."""
crd_a40dcfcf0f944762a1b3f31d9a322c9a,2,1,2,1,Amber,Character,character(0),"c(""Storyborn"", ""Hero"", ""Princess"")",Samanta Erdini,"""Nothing says 'hello' better than a fresh-baked pie."""
crd_d93d338ebe6c4e2dbbfb72a3059dcbc3,6,3,5,2,Amber,Character,Shift,"c(""Floodborn"", ""Hero"", ""Princess"")",Javi Salas,NA
crd_fe74bbe0dddc45fc8ecb07ba325f1e69,5,4,3,2,Amber,Character,Shift,"c(""Floodborn"", ""Villain"", ""Queen"")",Matthew Robert Davies / LadyShalirin,NA
crd_068db63a90ad43afa91b940fbb546575,1,2,2,1,Amber,Character,character(0),"c(""Storyborn"", ""Villain"", ""Queen"")",Eva Widermann,"Don't question her. Don't doubt her. And above all, don't disobey her."
crd_7672e43ea7ac4d9a8a51e463a77b6358,2,NA,NA,NA,Amber,Action,character(0),NULL,Connie Kang / Jackie Droujko,"""This might sting a little."""
crd_a7f5bdc867ac4e5da287d746420e7448,2,NA,NA,NA,Amber,Action,character(0),NULL,Aisha Durmagambetova,"""Let's finish this, binturi.""
—Namaari"
crd_5ed0be30062e4fa9a32f4edb4e53c47c,2,NA,NA,NA,Amber,Action Song,character(0),NULL,Matt Chapman,NA
crd_1f27fecaf7074061abaaf6684bce4e2f,3,NA,NA,NA,Amber,Action Song,character(0),NULL,Giulia Riva,NA
crd_03538324959a406cb3ac98684214d437,2,NA,NA,NA,Amber,Action Song,character(0),NULL,Rob Di Salvo,NA
crd_9d869b2d59da48ad81923dc474ab2bfc,3,NA,NA,NA,Amber,Item,character(0),NULL,Andrew Trabbold,Hope shines in even the darkest situations.
crd_341b56d7d2d549f5b2caa285c026278e,2,NA,NA,NA,Amber,Item,character(0),NULL,Antonia Flechsig,NA
crd_c64093c102d445409f2386f06e43b3c0,3,1,3,1,Amethyst,Character,character(0),"c(""Dreamborn"", ""Hero"", ""Sorcerer"")",Jake Parker,"""Hmm.. what spell should I try next?"""
crd_fde84e341b0c47929fba2503d3141e45,2,1,1,1,Amethyst,Character,Evasive,"c(""Storyborn"", ""Ally"", ""Fairy"")",Kiersten Hale,"""To make Geppetto's wish come true will be entirely up to you."" —Blue Fairy"
crd_a385d4bd2e5543609f40f170f17a6a55,1,2,2,1,Amethyst,Character,character(0),"c(""Storyborn"", ""Ally"")",Aubrey Archer,"""Wanna see me do a trick?"""
crd_bb645060d48e4242b0003701c6b27400,4,4,2,1,Amethyst,Character,Evasive,"c(""Storyborn"", ""Villain"", ""Sorcerer"")",Leonardo Giammichele,NA
crd_6e6ef50186da41dbb767e450c6ccc20e,4,3,4,1,Amethyst,Character,Challenger,"c(""Storyborn"", ""Hero"", ""Queen"", ""Sorcerer"")",Cristian Romero,"The power of ice may not stop the flood, but it will help protect Lorcana."
crd_28f00cdb65fe48deb2f97ff979670b4b,5,3,7,2,Amethyst,Character,character(0),"c(""Storyborn"", ""Ally"", ""Fairy"")",Hedvig Häggman-Sund,"""Use a humdrum spell, and you'll end up with humdrum magic. I like my magic to have something special!"""
crd_ea4fdeec62324b1eac04465ca25a1fbc,5,3,4,2,Amethyst,Character,Shift,"c(""Floodborn"", ""Mentor"", ""Fairy"")",Filipe Laurentino,NA
crd_c35b1525a65d4eb28169ad5d88a0bc27,3,3,4,1,Amethyst,Character,character(0),"c(""Storyborn"", ""Ally"", ""Fairy"")",Matt Chapman,"""We'll have to hurry, because even miracles take a little time."""
crd_907f9d8972fd47b6903590bd53f1e662,2,2,1,1,Amethyst,Character,character(0),"c(""Dreamborn"", ""Ally"")",Ellie Horie,Power. Beauty. HeiHei.
crd_cf6f37c499d34d8aaf47e0e3e2eb6523,2,1,2,1,Amethyst,Character,Evasive,"c(""Storyborn"", ""Mentor"")",Isaiah Mesq,"""Say, that's pretty swell."""
crd_d0b64b7438ce40baa803ae8f13d6981f,2,1,2,1,Amethyst,Character,character(0),"c(""Storyborn"", ""King"")",Michaela Martin,"""So there I was. Perfectly in control of the situation."""
crd_3c23dd0191ce4f80897a8f50d75bc7bc,3,4,3,1,Amethyst,Character,Rush,"c(""Storyborn"", ""Villain"", ""Sorcerer"")",Alice Pisoni,NA
crd_1a19968d0ca94ea484efbacfb804c206,7,5,7,4,Amethyst,Character,Evasive,"c(""Storyborn"", ""Villain"", ""Sorcerer"", ""Dragon"")",Ally Zermeno,"""Did I say no purple dragons? Did I?"""
crd_06dda85b506e4a448ce0615f07758bfa,5,2,5,2,Amethyst,Character,Shift,"c(""Floodborn"", ""Villain"", ""Sorcerer"")",Mané Kandalyan / Pix Smith,NA
crd_1718e93b703240a8a8be4fd0ab13b4e6,2,3,3,1,Amethyst,Character,character(0),"c(""Storyborn"", ""Villain"", ""Sorcerer"")",Brian Weisz,"""I've got you rattled now!"""
crd_ce53812441ff4a67bd0b987da44126c8,3,3,3,1,Amethyst,Character,character(0),"c(""Storyborn"", ""Mentor"", ""Sorcerer"")",Valentina Graziuso,He'll be out of this in a snap!
crd_760a3c258ef143de8f8e85176c0bfd1d,4,4,3,1,Amethyst,Character,character(0),"c(""Storyborn"", ""Mentor"", ""Sorcerer"")",S. Shaw / L. Giammichele,"""He always was a stubborn old goat.""
—Madam Mim"
crd_6ebf8ca0c6b848e992e9927bf0d93d2b,4,2,3,1,Amethyst,Character,character(0),"c(""Storyborn"", ""Mentor"", ""Sorcerer"")",Michaela Martin,It was turning out to be a bad hare day.
crd_05560bab5aba45cd8cd838e0d3597cce,4,1,5,1,Amethyst,Character,character(0),"c(""Storyborn"", ""Mentor"", ""Sorcerer"")",Matthew Robert Davies,"""Oh, blast it all—I can't make up my mind."""
crd_68c2d4e87fa84e0bb650d5e2b9c0737b,2,2,1,1,Amethyst,Character,character(0),"c(""Storyborn"", ""Mentor"", ""Sorcerer"")",Brian Weisz,"""You can't always trust to luck, boy."""
crd_12146ea4da72415a89be38870433e765,4,2,3,2,Amethyst,Character,"c(""Evasive"", ""Rush"")","c(""Storyborn"", ""Ally"")",Giulia Riva,NA
crd_a32fde4ae1e84354ae7f20d6953d08f0,2,1,1,3,Amethyst,Character,character(0),"c(""Storyborn"", ""Hero"")",Kapik,"""With that personality, that profile, that physique... Why, I can see your name in lights, lights six feet high.""
—Honest John"
crd_a3bfa4a999c04a9ea29d4877f877474e,5,3,3,2,Amethyst,Character,Shift,"c(""Floodborn"", ""Hero"")",Isaiah Mesq,He raced into the Inklands without a thought.
crd_526769983dde47589d6ddf5cd4e74caa,2,1,1,1,Amethyst,Character,character(0),"c(""Storyborn"", ""Hero"")",Juan Diego Leon,"""A lie keeps growing and growing until it's as plain as the nose on your face.""
—Blue Fairy"
crd_073ed613c952404b9bb513fb78ea17f5,5,5,5,2,Amethyst,Character,character(0),"c(""Dreamborn"", ""Hero"", ""Sorcerer"")",John Loren,"He'd always felt a kinship with honey. They were both golden, and sweet, and likely to end up in sticky situations."
crd_b687a800e99b4465a744086c0eb9c93f,6,4,4,2,Amethyst,Character,Shift,"c(""Floodborn"", ""Villain"", ""Sorcerer"")",Casey Robin,NA
crd_73984c4885124477b3a6a48fbe5cb2ac,3,3,4,1,Amethyst,Character,character(0),"c(""Storyborn"", ""Villain"", ""Sorcerer"")",Pablo Hidalgo,"Yzma: ""Llamas! All I see when I close my eyes is llamas!""
Kronk: ""Weird. I just saw one in the flood. Poor little guy."""
crd_15c2ebf5713c436eaf0478e2b7f8547c,3,NA,NA,NA,Amethyst,Action Song,character(0),NULL,Mariana Moreno,NA
crd_3ef790bdb3a2494783a80d778429c034,1,NA,NA,NA,Amethyst,Action,character(0),NULL,Rob Di Salvo,"""Oh, bother—not again."""
crd_d4eaff075b2b41659976e71933d2c3e4,2,NA,NA,NA,Amethyst,Action Song,character(0),NULL,Kuya Jaypi,"A legend is sung of when England was young
And knights were brave and bold"
crd_baa89f6923b94ff6a59e1957814a2645,4,NA,NA,NA,Amethyst,Item,character(0),NULL,Kasia Brzezinska,"Just a standard form, nothing to worry about."
crd_2f8f2276cb254195b2abf5cffd2b8193,1,NA,NA,NA,Amethyst,Item,character(0),NULL,Matt Chapman,NA
crd_0d0630d4e335471e9a11643b9b82ffcd,2,NA,NA,NA,Amethyst,Item,character(0),NULL,Andrew Trabbold,"Alice: ""I just wanted to ask you which way I ought to go.""
Cheshire Cat: ""Well, that depends on where you want to get to."""
crd_c48a5579b74d4299b4bc48db0776cd36,3,NA,NA,NA,Amethyst,Item,character(0),NULL,Julie Vu,Illumineers seek the power of knowledge—but must be aware of the price.
crd_fd6fc618265f462787b1a9bc6c988b54,4,4,3,2,Emerald,Character,character(0),"c(""Dreamborn"", ""Hero"")",Mario Oscar Gabriele,"""It's not just fancy horses and swinging a sword around, you know! A true master must use his brain as well as his blade.""
—Merlin"
crd_c7a3740622334580a1f011a55e286bc8,6,4,5,2,Emerald,Character,character(0),"c(""Storyborn"", ""Hero"", ""Prince"")",Eri Welli,NA
crd_1379d064484a4269bc01c74fd935c221,3,2,4,1,Emerald,Character,character(0),"c(""Storyborn"", ""Hero"", ""Princess"")",Jenna Gray,There's nothing more tempting than a pile of unread books.
crd_db68b32c197d4f808a46afc957338877,5,3,3,3,Emerald,Character,Shift,"c(""Floodborn"", ""Hero"", ""Princess"")",Aisha Durmagambetova,She slips through the trees as easily as shadow.
crd_b577553c749f4093b477e1ade7e52a2b,3,1,1,1,Emerald,Character,character(0),"c(""Storyborn"", ""Ally"")",Alex Accorsi,"""There's a lot of nuance to squirrel.""
—Kronk"
crd_6ba7d8ee8a894df9a67bc08fa0ad9b35,2,3,2,1,Emerald,Character,character(0),Storyborn,Alex Accorsi,"Alice felt quite confused. ""But I don't see much ink here at all. How can the flood still be changing the Inklands?""
""Things are always changing, you know,"" said the cat. ""It would be quite a change if they didn't."""
crd_7212b4d89eff4f039568f65cc8fd9855,8,5,6,2,Emerald,Character,"c(""Evasive"", ""Shift"")",Floodborn,Jeff Murchie,NA
crd_8f7af60c55b644ffbd49a856e3187bc8,4,2,3,2,Emerald,Character,character(0),"c(""Dreamborn"", ""Ally"")",Lissette Carrera,NA
crd_c189dd421b024c29b83e86aea8bbc347,4,2,5,2,Emerald,Character,Shift,"c(""Floodborn"", ""Ally"")",Ron Baird,NA
crd_7388269750db42eebdd7fbe6cbcfe30b,3,0,5,1,Emerald,Character,character(0),Storyborn,Leonardo Giammichele,Heading toward a rude awakening!
crd_d544feae1c8b4accae8e8f3d185380c4,7,4,4,3,Emerald,Character,Evasive,"c(""Storyborn"", ""Villain"", ""Sorcerer"")",Ron Baird,NA
crd_3b397fb706a24feab4001ec2becf901a,2,1,1,2,Emerald,Character,character(0),"c(""Dreamborn"", ""Sorcerer"")",Isaiah Mesq,Appearances can be deceiving.
crd_e6055fbcee8a4a03a980c5e2e3a2cff9,1,1,3,1,Emerald,Character,character(0),"c(""Storyborn"", ""Hero"", ""Prince"")",Ron Baird,"""I love a good fan club, but they could at least try to get the nose right!"""
crd_ce8e3338542f433193eaf3a3737ba1c4,4,2,3,4,Emerald,Character,"c(""Evasive"", ""Shift"")","c(""Floodborn"", ""Hero"", ""Prince"")",E. Meleranci / L. Giammichele,NA
crd_4cb55532004549e59945436fd57a62b7,2,1,3,1,Emerald,Character,character(0),"c(""Storyborn"", ""Villain"")",Valerio Buonfantino,"""Don't I deserve the best?"""
crd_dd74aaf06b6e48c59d8b8e4aea1dcad4,6,6,6,2,Emerald,Character,character(0),"c(""Storyborn"", ""Ally"")",Cristian Romero,"""What's the rush, Rob? Take a load off! There's plenty of time to go lookin' for lore lost in that crazy ink."""
crd_436427be3a944c3983c61f6038ef6ea6,5,2,2,2,Emerald,Character,character(0),"c(""Storyborn"", ""Ally"")",Isabella Ceravolo,"""There must be something good about him.""
—Cinderella"
crd_756eca11fdec48c2bc3b4f427b151b6e,2,1,4,1,Emerald,Character,character(0),"c(""Storyborn"", ""Ally"")",Kristina Chouri / Mariana Moreno,"""Get a move on! I'm a busy god, lots to do—meetings, curses, a little light scheming.""
—Hades"
crd_995ce4bea35048d3b53f224ba4fc7664,3,2,3,2,Emerald,Character,character(0),"c(""Storyborn"", ""Ally"")",Kristina Chouri / Mariana Moreno,"""Who says it's hard to find good help these days? Oh, yeah... ME!""
—Hades"
crd_6a9fdf228b704ed9babf570ea82fcdcb,5,3,4,2,Emerald,Character,Ward,"c(""Storyborn"", ""Villain"")",Hedvig Häggman-Sund,NA
crd_f5e766865cfb44288cd71675cda91f7f,3,1,2,2,Emerald,Character,Ward,"c(""Dreamborn"", ""Villain"", ""Prince"")",Koni,"""Taxes! Taxes! Beautiful, lovely taxes!"""
crd_2f01947ccb4d4bae8b2cda6308a77323,2,1,2,2,Emerald,Character,character(0),"c(""Dreamborn"", ""Villain"", ""Queen"")",Matthew Robert Davies,"""You know, we could make her really angry. Shall we try?""
—Cheshire Cat"
crd_9dcde646049c4c889034da24e175f7f8,4,4,1,2,Emerald,Character,Evasive,"c(""Dreamborn"", ""Villain"")",Michaela Martin,"""I've outdone myself this time! Soon I will have everything I deserve. Riches... power... an entire kingdom at my feet!"""
crd_b7cb9265f8b84f77afabe12e61219153,5,3,3,3,Emerald,Character,Evasive,"c(""Storyborn"", ""Ally"")",Filipe Laurentino,"He may be hard to follow, but his heart isn't."
crd_6cdb5c7da33a4158b6646d784ec0f2d5,3,2,3,0,Emerald,Character,character(0),"c(""Storyborn"", ""Villain"", ""Queen"")",Leonardo Giammichele,"""This is no ordinary apple..."""
crd_5403ff921bce4bbc90468b0f860dc23c,5,5,3,3,Emerald,Character,character(0),"c(""Storyborn"", ""Hero"", ""Princess"")",Casey Robin,Finding your true self will set your heart aglow.
crd_703facdf13c34886a976ad5a31f955ff,5,5,5,2,Emerald,Character,character(0),"c(""Storyborn"", ""Villain"", ""Queen"")",Mané Kandalyan / Luca Pinelli,"""I must make the hard decisions to protect my daughter, especially in this unfamiliar world."""
crd_5438ceaeaafb4d50a66613cc5df1ac84,3,NA,NA,NA,Emerald,Action Song,character(0),NULL,LadyShalirin,"It'll do magic, believe it or not"
crd_af02f016a89c4174baa02ff8a5355f4e,2,NA,NA,NA,Emerald,Action,character(0),NULL,Bill Robinson,"""Are you ready for some bouncing?""
—Tigger"
crd_1391eb60b4054ac9a02e6b1f0e150c0f,3,NA,NA,NA,Emerald,Action,character(0),NULL,Lauren Levering,"""Look me in the eye when I'm speaking to you."""
crd_5fb3a3421c9c4fd9a83a6d235b268b2d,1,NA,NA,NA,Emerald,Action,character(0),NULL,Mané Kandalyan,"Shan-Yu: ""It looks like you're out of ideas.""
Mulan: ""Not quite!"""
crd_3255845b67e447e9821ea5cee4848f57,4,NA,NA,NA,Emerald,Action,character(0),NULL,Don Aguillo,"Pacha: ""You want to survive the jungle? Start thinking like you belong here.""
Kuzco: ""No problem... Grrr, look at me, I'm a jaguar."""
crd_50bb3e4e83fa4e7d9e603a15bc296c3e,3,NA,NA,NA,Emerald,Action,character(0),NULL,Brian Weisz,"""I'm afraid that you've gone and upset me.""
—Ratigan"
crd_99154bf3bafd47f6ae3736da4cd5424f,3,NA,NA,NA,Emerald,Item,character(0),NULL,Leonardo Giammichele,"Simple in purpose, elaborate in execution—just like Ratigan."
crd_8f2b1625f47a4b4ea1d5f90b61985827,3,4,3,1,Ruby,Character,character(0),"c(""Storyborn"", ""Ally"")",R. la Barbera / L. Giammichele,"""The bees are buzzin' in the tree to make some honey just for me!"""
crd_5531bbdbce6c4d0b86a40ea6fecac853,2,2,3,1,Ruby,Character,character(0),"c(""Storyborn"", ""Ally"")",Alice Pisoni,"""If you see any hungry faces, send 'em my way."""
crd_1d57accf2ede4947b8cfd1a71c7b85c6,5,5,5,2,Ruby,Character,character(0),"c(""Storyborn"", ""Ally"")",Bill Robinson,You'll have to deal with them sooner or later.
crd_9599f783023446468e24ada470972aa4,5,1,5,1,Ruby,Character,Evasive,"c(""Dreamborn"", ""Hero"")",Carmine Pucci / Leonardo Giammichele,NA
crd_5898c1f57f914c70880a9a3fee5a4962,1,3,1,0,Ruby,Character,Reckless,"c(""Dreamborn"", ""Ally"")","Michael ""Cookie"" Niewiadomy","""This isn't how most cat-and-mouse games go, is it, Dr. Dawson?""
—Basil"
crd_0883cd88c2404f829929be8755b3d865,3,3,2,1,Ruby,Character,Evasive,"c(""Dreamborn"", ""Ally"")",Giulia Riva,When a normal henchman just won't cut it.
crd_834655aa7bc54dd0b1bdf69ce343359d,3,2,3,1,Ruby,Character,character(0),"c(""Storyborn"", ""Villain"")",Sandra Rios,"""A thing like that ought to be worth a fortune to someone!"""
crd_31618f4403c2423683f1b82f04a2959e,6,3,4,2,Ruby,Character,Shift,"c(""Floodborn"", ""Villain"", ""Queen"")",Arianna Rea,"The twelfth Rule of Villainy: If you don't have a throne, take one."
crd_5c953b299f3b4de08ff77ddd3b041270,2,2,2,1,Ruby,Character,character(0),"c(""Storyborn"", ""Villain"")",Samanta Erdini,"""Make no mistake: this time I will make certain the key remains safe!"""
crd_78adb82131a54205b5ba3cef451bee00,7,7,7,2,Ruby,Character,character(0),"c(""Dreamborn"", ""Ally"")",Giulia Riva,"When things heat up, no one can hold a candle to him."
crd_bce37cc08d944fb99b90fa9f6fcda16d,3,1,3,2,Ruby,Character,Evasive,"c(""Dreamborn"", ""Hero"")",Mario Oscar Gabriele,"""This goes into my top ten most fun things!"""
crd_a79cd84bf7444d0f847f6ceb36c93f24,4,2,3,1,Ruby,Character,"c(""Evasive"", ""Shift"")","c(""Floodborn"", ""Hero"")",Adam Fenton,NA
crd_08ee7216354243869129fd8d6491168e,2,3,2,1,Ruby,Character,character(0),"c(""Storyborn"", ""Hero"")",Ellie Horie,Zero to fun in under three seconds!
crd_0bac00816e484c9897881390d90a614f,2,3,4,1,Ruby,Character,character(0),"c(""Storyborn"", ""Villain"")",Koni,Her feelings are written all over her face.
crd_ddd89c441cdd4795907313f38e85c1e7,4,4,3,1,Ruby,Character,Rush,"c(""Storyborn"", ""Hero"", ""Princess"")","Michael ""Cookie"" Niewiadomy","""I have to do something!"""
crd_6b414f08443c4f009d32f627f1d46256,4,3,3,1,Ruby,Character,character(0),"c(""Storyborn"", ""Villain"", ""Princess"")",Hedvig Häggman-Sund,"""I don't need swords to beat you. They just make it more fun."""
crd_b933d7086ba94eeaacdcd18f872402c4,2,2,2,1,Ruby,Character,Rush,"c(""Storyborn"", ""Villain"", ""Queen"")",Valerio Buonfantino,"The glow of lore in the flood caught her eye.
""The spellbook!"" she cried. ""Don't let it get away!"""
crd_137c6f751cfa4c56a1fb8443e611b0f4,5,4,3,1,Ruby,Character,Shift,"c(""Floodborn"", ""Villain"", ""Queen"")",Isaiah Mesq,NA
crd_35af0ddde9834b5e8b37b9ba98126c71,5,3,3,2,Ruby,Character,character(0),"c(""Storyborn"", ""Villain"")",Valerio Buonfantino,"""This time, nothing, not even Basil, can stand in my way!"""
crd_2aef4896a5194dd69fccf9581d20e735,3,2,3,1,Ruby,Character,character(0),"c(""Storyborn"", ""Hero"", ""Princess"")",Amber Kommavongsa,"Two parts bravery, one part cleverness, and a whole lot of determination."
crd_5b613c1368aa4c94a43c012f9a73394e,6,5,3,2,Ruby,Character,Shift,"c(""Floodborn"", ""Hero"", ""Princess"")",Amber Kommavongsa,NA
crd_13f1e523e8454e648cda03bba3603643,4,5,3,1,Ruby,Character,character(0),"c(""Storyborn"", ""Hero"", ""Princess"")",Matthew Robert Davies,"""My ba dreams of a united Kumandra. I fight to honor that dream."""
crd_02f5f28e11b84721906692f042d0baee,7,6,5,2,Ruby,Character,Rush,"c(""Storyborn"", ""Villain"")",Nicholas Kole,NA
crd_d61c5630a6b649589ac1fd4a8bcb1014,3,3,3,1,Ruby,Character,character(0),"c(""Storyborn"", ""Villain"")",M. Robert Davies / L. Giammichele,The sixth Rule of Villainy: Keep your mind sharp and your claws sharper.
crd_a3aef995690e4b4995241341af5f31e3,3,3,3,1,Ruby,Character,character(0),"c(""Dreamborn"", ""Tigger"")",P. Gaylord / L. Giammichele,Bouncing in to save the day!
crd_afce8f318b6d4d68a9ff9ccb5a616655,4,4,5,0,Ruby,Character,Reckless,"c(""Storyborn"", ""Ally"")",Brian Weisz,A good friend is always ready to roll.
crd_2d25ebdcc8874b25b749753468ba5956,2,NA,NA,NA,Ruby,Action Song,character(0),NULL,Gaku Kumatori,NA
crd_5fede8ed6d6845b7be83496ccb0fb2f8,2,NA,NA,NA,Ruby,Action Song,character(0),NULL,Jake Parker,"Of course, quid pro quo, you're expected
To take certain duties on board"
crd_07082198195e40d6b940142d1383c881,3,NA,NA,NA,Ruby,Action Song,character(0),NULL,Carlos Ruiz,"Now comes the real tour de force
Tricky and wicked, of course"
crd_b62b44f1e2144c1e9ebec3da471579c3,1,NA,NA,NA,Ruby,Action,character(0),NULL,Luis Huerta,"""No one can have a higher opinion of you than I have, and I think you're a slimy, contemptible sewer rat!""
—Basil"
crd_db2f742945da407b952d5bc900e43f18,2,NA,NA,NA,Ruby,Action Song,character(0),NULL,Eva Widermann,NA
crd_c6aa9e3981f6416d9cdd69d6fa76651c,4,NA,NA,NA,Ruby,Item,character(0),NULL,Peter Brockhammer,The delicate sound of impending doom.
crd_d6f21fdca571497883e46666abc022bc,2,NA,NA,NA,Ruby,Item,character(0),NULL,Leonardo Giammichele,"Like so much other lore, Peter Pan's dagger was safe in the Great Illuminary until the flood."
crd_24945449688b42f699bff7a47b3f282b,1,NA,NA,NA,Ruby,Item,character(0),NULL,Gaku Kumatori,"""Whoso pulleth out this sword of this stone and anvil is rightwise king born of England."""
crd_297bfc741b2c4c01b430258d55aef604,3,1,4,1,Sapphire,Character,character(0),"c(""Dreamborn"", ""Hero"")",Alice Pisoni,NA
crd_ebdef6b29bb74afaa3e5efea83fe89c7,6,3,4,3,Sapphire,Character,Shift,"c(""Floodborn"", ""Hero"", ""Detective"")",Bill Robinson,A solution always presents itself.
crd_e820659ebe3f4a2fa154ffae96da8bde,2,2,2,1,Sapphire,Character,Support,"c(""Dreamborn"", ""Hero"", ""Detective"")",Jake Parker,"""What an ingenious device! If its light is refracted through these, then its images must resolve somewhere below."""
crd_c26b377f986245bd8f63360bcf26d5be,4,3,4,2,Sapphire,Character,character(0),"c(""Storyborn"", ""Hero"", ""Detective"")",Roger Pérez,"""There is no question: something is afoot in the Great Illuminary."""
crd_f3402d0395ee4f5c8fe1c1f897f6e06e,3,1,3,3,Sapphire,Character,character(0),Dreamborn,Cory Godbey,"""Keep your tempo."""
crd_d98a2d4cddac4630b7e3364443381093,5,2,5,2,Sapphire,Character,"c(""Shift"", ""Ward"")","c(""Floodborn"", ""Ally"")",Isaiah Mesq,NA
crd_6ae3b063360244f19a8aa03334b16078,2,2,3,1,Sapphire,Character,character(0),"c(""Storyborn"", ""Ally"")",Leonardo Giammichele,"""This has gone far enough. I'm in charge here."""
crd_3459a012234b4a23b83deebefa450d7b,2,3,2,1,Sapphire,Character,character(0),"c(""Dreamborn"", ""Villain"")",Aisha Durmagambetova,"""Isn't it just gorgeous, darling? And just as stylish as I am."""
crd_1676a1863764440991d68270eaf35bcd,5,4,3,2,Sapphire,Character,Shift,"c(""Floodborn"", ""Villain"")",GusGadget / Leonardo Giammichele,"""It's ink couture, darling. I wear only the best!"""
crd_302ea1ce0fe94e5c97360498d05eee9d,2,1,2,2,Sapphire,Character,Ward,Storyborn,Rosa la Barbera / Leonardo Giammichele,"""It's Wee-sel-ton."""
crd_f3d2d4123acd473da89b7358ae6dc5e4,6,4,4,3,Sapphire,Character,Shift,"c(""Floodborn"", ""Villain"")",Matthew Robert Davies,NA
crd_11164a4fe7894e46882f5490ebd875cc,7,3,6,3,Sapphire,Character,character(0),"c(""Storyborn"", ""Mentor"")",Juan Diego Leon,"When he talks, even the sky listens."
crd_e0ddeb51820a4e46840686240e076a57,4,1,6,1,Sapphire,Character,character(0),"c(""Storyborn"", ""Inventor"")",Leonardo Giammichele,His creations are even more wondrous with the Illuminary's resources at his fingertips.
crd_648eda5b1ace49e1abf842cce776399d,4,3,3,2,Sapphire,Character,character(0),"c(""Storyborn"", ""Mentor"")",Kevin Hong,NA
crd_01848d5183c64bdbbc3d2bfbdf2f1aa8,1,1,2,1,Sapphire,Character,character(0),"c(""Storyborn"", ""Hero"", ""Princess"")",R. la Barbera / L. Giammichele,"She may be young, but she's got the spirit of a true leader."
crd_9408beff78404a25a70496ffe22a7bf4,3,2,3,2,Sapphire,Character,character(0),"c(""Storyborn"", ""Hero"")",Arianna Rea,"""I'll get to the bottom of what happened with that locked lorebook. You can count on me!"""
crd_f70bca6387dd4f34a80c7a0ac8bc102e,4,1,5,2,Sapphire,Character,character(0),"c(""Storyborn"", ""Ally"")",Michaela Martin,"""I know just the thing. Let me fetch you a pot of tea and some of my fresh cheese crumpets."""
crd_e9c693252fcc405988a7aab7ec8d7a19,4,2,4,2,Sapphire,Character,character(0),"c(""Storyborn"", ""Ally"")",Brian Weisz,"""It's criminal how good these things taste!"""
crd_1e4c0158e3ac4e989d2886cf87564dd5,2,1,2,2,Sapphire,Character,character(0),"c(""Storyborn"", ""Ally"")",Kristina Chouri,NA
crd_c60b5558ee6c404f8cdf7955d1087b10,1,2,2,1,Sapphire,Character,character(0),"c(""Storyborn"", ""Ally"")",Agnes Christianson,"""For instance, based on the quality of the light and the subtle change in wind direction, I can safely say that it is time for tea."""
crd_06f238177bee499eab1cf34e60e55725,4,3,3,3,Sapphire,Character,character(0),"c(""Dreamborn"", ""Hero"", ""Prince"")",Vicky Xie / Mariana Moreno,"He'd searched across the Inklands for the young woman who'd stolen his heart at the ball, only to find more mysteries."
crd_3d0ac2e2f0bb4f7bbb4831522a6cbd8b,5,4,6,2,Sapphire,Character,character(0),"c(""Storyborn"", ""Ally"")",Giulia Riva,"Pooh: ""Isn't there anybody here at all?""
Rabbit: ""Nobody!""
Pooh: ""Somebody's there... because somebody must have said 'Nobody.'"""
crd_79a0419883024bdbb3b8127318829daa,4,2,4,2,Sapphire,Character,character(0),"c(""Storyborn"", ""Hero"", ""Deity"", ""Dragon"")",Grace Tran,"No matter her shape, you can't mistake her heart."
crd_780972e5c4f84315bcd27496ef5184a3,4,4,3,1,Sapphire,Character,Ward,Storyborn,Hadjie Joos,As elusive as water.
crd_c4dbd53e73ce43b4aa66cbc1fd93885f,3,2,3,2,Sapphire,Character,character(0),"c(""Storyborn"", ""Hero"")",Rianti Hidayat,"When he thought, he thought in the most thoughtful way he could think."
crd_2a71e5ea621f41ce9028d6551c153764,4,NA,NA,NA,Sapphire,Action,character(0),NULL,Lissette Carrera,"Down, down, down she went, floating in a swirl of ink. How curious!"
crd_5013266a9fe04d7b9685bddef9c6f6e8,4,NA,NA,NA,Sapphire,Action Song,character(0),NULL,Jochem van Gool,NA
crd_93883c73ea3d4c269ed099da7f77414b,3,NA,NA,NA,Sapphire,Action,character(0),NULL,Juan Diego Leon,Ready... aim... coconut?
crd_e295d49c71554b108a26b197046ca47c,1,NA,NA,NA,Sapphire,Action,character(0),NULL,Mané Kandalyan / Jochem van Gool,Helps you avoid unpleasant surprises.
crd_8944266c591440ad9bcb0a6723cf0645,3,NA,NA,NA,Sapphire,Item,character(0),NULL,Antonia Flechsig,NA
crd_45bfb8a9f002440191e7bfd8b993fd22,2,NA,NA,NA,Sapphire,Item,character(0),NULL,Tanisha Cherislin,"""A gift this special just got to be shared.""
—James"
crd_3c5cc621f8c2419aa3e82f1189fb74b0,3,NA,NA,NA,Sapphire,Item,character(0),NULL,Antonia Flechsig,The solution you need could be just a few adjustments away.
crd_60f1bf0ac9ac46ca92e290a11ac334e5,1,NA,NA,NA,Sapphire,Item,character(0),NULL,Isaiah Mesq,NA
crd_ac6b41f1d4314cd48a6c0e40b01203fd,4,NA,NA,NA,Sapphire,Item,character(0),NULL,Peter Brockhammer,"""Flight 3759 boarding now! Let's go get that lore!""
—Orville"
crd_eb28d5bab74d4784a6a59b2c5cfae6bc,4,3,4,1,Steel,Character,character(0),"c(""Dreamborn"", ""Hero"", ""Prince"")",Alice Pisoni,Woe to the one who draws his gaze.
crd_966bd91d331f46b3af9f199a2e03515d,6,2,8,1,Steel,Character,character(0),"c(""Storyborn"", ""Hero"", ""Prince"")",Matthew Robert Davies,"""You'll have to go through me first."""
crd_7ffeed1a4c364378ab7814dda3b99b73,5,3,5,2,Steel,Character,Shift,"c(""Floodborn"", ""Hero"", ""Prince"")",Evana Kisa,"""It must be my destiny—to remain a beast forever."""
crd_694283d53b724c6aae880fe453cef8c9,3,2,3,2,Steel,Character,character(0),"c(""Storyborn"", ""Mentor"", ""King"")",Grace Tran,"""Don't mistake spirit for skill."""
crd_2f24650e05da4e108e8988b03fb64a01,4,2,4,2,Steel,Character,character(0),Dreamborn,Adam Bunch,"""We can confirm the ink flood was caused by an explosion. We have it under control—now clear the area."""
crd_be028c8d6e9144f4ac4f03b17462db1c,2,2,2,1,Steel,Character,character(0),"c(""Dreamborn"", ""Hero"", ""Princess"", ""Knight"")",Grace Tran,"She's always had the heart of a champion—now she'll have the skills, too."
crd_ac32bfe50af84f459d9cc9d4c0d659ef,7,5,5,3,Steel,Character,"c(""Resist"", ""Shift"")","c(""Floodborn"", ""Hero"", ""Princess"", ""Knight"")",Grace Tran,NA
crd_0e5d59110fee4c7e922e2ec67f5fe1a6,5,6,5,1,Steel,Character,character(0),"c(""Dreamborn"", ""Hero"")",Nicholas Kole,"""You go ahead, Minnie! I'm going to see if there's any lore over here."""
crd_8161f9ba546e46c2850f4f97f5b623eb,4,2,5,2,Steel,Character,character(0),"c(""Storyborn"", ""Mentor"")",Isaiah Mesq,"""I don't suppose y'all could whip up some more magical beignets with them inkcasters?"""
crd_3efeba396af644afb4fbef6c35b58521,9,10,10,4,Steel,Character,character(0),"c(""Dreamborn"", ""Hero"", ""Knight"")",Marco Giorgianni,"It's a banner day for Sir Goofy, who is steeled to prove his mettle against anyone courting trouble—joust in case."
crd_025c5e1c614940ee94c0d2e1d96ebbf1,6,6,3,2,Steel,Character,"c(""Resist"", ""Shift"")","c(""Floodborn"", ""Hero"", ""Prince"", ""Deity"")",Grace Tran,A good guy to have around when something wrecks your inkworks.
crd_9d7dbe554e37401d8507e1b3b69c69bd,2,2,3,1,Steel,Character,character(0),"c(""Storyborn"", ""Hero"", ""Prince"")",Eva Widermann,No need to call IX-I-I!
crd_89090f037609469eaa214e72bc12d218,4,3,4,1,Steel,Character,Shift,"c(""Floodborn"", ""Villain"", ""Sorcerer"")",Cam Kendell,NA
crd_c9089f2ab85a42349c84cd3bc0bd3f2c,2,3,2,1,Steel,Character,character(0),"c(""Storyborn"", ""Villain"", ""Sorcerer"")",Rob Di Salvo,"""Soon you'll learn who holds the real power!"""
crd_452868f6888045018e50e2b4e41e0f7b,6,4,5,2,Steel,Character,Resist,"c(""Storyborn"", ""Ally"")",Brian Weisz,NA
crd_40708d21822d4d2cb668603a1dda664f,3,0,4,2,Steel,Character,character(0),"c(""Storyborn"", ""Ally"")",Luis Huerta,"In this new world, the crown could finally be his."
crd_71250fc9f98742369de2116914b4109f,5,3,6,2,Steel,Character,character(0),"c(""Storyborn"", ""Hero"")",Cristian Romero,"Learn what to do, then learn to do it without thought."
crd_e3b8971a2d4140a79429277295edc4eb,3,2,3,1,Steel,Character,character(0),"c(""Dreamborn"", ""Broom"")",Cristian Romero,"Even with a hauling weight of ""seriously, a lot,"" it can only do so much in a magical flood."
crd_f032f51e8af64d8db27c87e1f6db56a7,4,2,4,1,Steel,Character,Bodyguard,"c(""Storyborn"", ""Villain"", ""Princess"")",Jenna Gray,NA
crd_4baaef6e190c46e4b03966728f10034a,6,4,8,2,Steel,Character,character(0),"c(""Storyborn"", ""Hero"")",Koni,"""Don't be fooled by the folksy peasant look.""
—Kuzco"
crd_449f87a8929343be814ba9a5556c0b2d,3,4,3,1,Steel,Character,character(0),"c(""Storyborn"", ""Prince"")",Gaku Kumatori,All he's got is his charm.
crd_e2f72bebe6594283a1d71d93ba4e72bc,7,5,6,1,Steel,Character,character(0),"c(""Storyborn"", ""Villain"", ""Queen"")",Jenna Gray,The fourth Rule of Villainy: Do whatever it takes to get ahead.
crd_cd7996cdfb3146438a6c0564f5a5fb3b,2,1,3,1,Steel,Character,character(0),"c(""Dreamborn"", ""Hero"")",Noukah,"""Capable? You don't know the half of it.""
—Little John"
crd_98f78d167b2e41d58e796d0124e5f9bf,2,1,1,2,Steel,Character,character(0),"c(""Storyborn"", ""Ally"")",Gaku Kumatori,"""Run away, hide! In the woods, anywhere!"""
crd_9cc22e72ff234c27acb37f7d0e1f4441,3,1,3,2,Steel,Character,"c(""Bodyguard"", ""Resist"")","c(""Dreamborn"", ""Hero"", ""Prince"")",Eri Welli,NA
crd_5879c143b9484d898408440f80e8531e,4,1,4,2,Steel,Character,Resist,"c(""Dreamborn"", ""Hero"", ""Princess"")",Matthew Robert Davies,NA
crd_ea7ccd56a6474fd897146c5e15f30fa3,1,1,3,1,Steel,Character,character(0),"c(""Storyborn"", ""Hero"", ""Princess"")",Samanta Erdini,"""My place is going be special, with great food to fill people's bellies and hot jazz to feed their souls!"""
crd_7f7875c57b0f49d9a0ca569ec1037777,2,NA,NA,NA,Steel,Action,character(0),NULL,Hedvig Häggman-Sund,Sometimes subtlety is required. This is not one of those times.
crd_ce1ec049b9994d6fae071a0f74886cb3,3,NA,NA,NA,Steel,Action Song,character(0),NULL,R. la Barbera / L. Giammichele,The cold never bothered me anyway
crd_5516a5f756734f2c89d1ef63e8c9964d,2,NA,NA,NA,Steel,Action,character(0),NULL,Pablo Hidalgo / Jeff Merghart,"""I'm gonna wreck it!"""
crd_c51eb90cb4f54e9dac6596ea653c956d,3,NA,NA,NA,Steel,Action Song,character(0),NULL,Jared Nickerl / Alex Accorsi,"Tranquil as a forest
But on fire within"
crd_a776fb952998401394dcee6936d85b56,1,NA,NA,NA,Steel,Item,character(0),NULL,Jared Nickerl,One shot can change everything.
crd_a529727601b84e9ca6f8b5052d1d2572,2,NA,NA,NA,Steel,Item,character(0),NULL,Gaku Kumatori,Built by the tiniest of hands for the bravest of hearts.
crd_c3f4b42a04de464a8f93814fd4e1884b,3,NA,NA,NA,Steel,Item,character(0),NULL,Antonia Flechsig,Personally endorsed by Hercules himself!
crd_4cf391db31ba468f948bad5a20b0bc16,1,1,2,1,Amber,Character,Singer,"c(""Storyborn"", ""Hero"", ""Princess"")",Casey Robin,NA
crd_e97e4b9894fe4c9798b0d925092d3eea,6,3,5,2,Amber,Character,Shift,"c(""Floodborn"", ""Hero"", ""Princess"")",Javi Salas,NA
crd_19431b87131547d98fef8a693077a77e,3,1,3,1,Amethyst,Character,character(0),"c(""Dreamborn"", ""Hero"", ""Sorcerer"")",Jake Parker,NA
crd_26dd3cd037974467a3c4078d58f4ae25,7,5,7,4,Amethyst,Character,Evasive,"c(""Storyborn"", ""Villain"", ""Sorcerer"", ""Dragon"")",Nicholas Kole,NA
crd_67714955a33e4508913f44b8ccb08e5c,5,3,4,2,Emerald,Character,Ward,"c(""Storyborn"", ""Villain"")",Hedvig Häggman-Sund,NA
crd_458325805fc445799aabfe4c4046f89b,6,4,5,2,Emerald,Character,character(0),"c(""Storyborn"", ""Hero"", ""Prince"")",Eri Welli,NA
crd_e08d7a85c4e84f1e83a7521ff9c15a89,6,3,4,2,Ruby,Character,Shift,"c(""Floodborn"", ""Villain"", ""Queen"")",Arianna Rea,NA
crd_9c3f1e9961584a3ca4c8c32241d25d0b,3,3,3,1,Ruby,Character,character(0),"c(""Storyborn"", ""Villain"")",Rob Di Salvo,NA
crd_3f0711ce8e06486a8bde68218e75d360,3,1,4,1,Sapphire,Character,character(0),"c(""Dreamborn"", ""Hero"")",Alice Pisoni,NA
crd_f9edf9a591974716b2d7f02764f93737,4,2,4,2,Sapphire,Character,character(0),"c(""Storyborn"", ""Hero"", ""Deity"", ""Dragon"")",Grace Tran,NA
crd_42ef053d7aab445fa7b0a2bf2e028864,6,6,3,2,Steel,Character,"c(""Resist"", ""Shift"")","c(""Floodborn"", ""Hero"", ""Prince"", ""Deity"")",Grace Tran,NA
crd_8b02499c992945e2990cb669d7468256,4,2,4,1,Steel,Character,Bodyguard,"c(""Storyborn"", ""Villain"", ""Princess"")",Jenna Gray,NA
crd_2867c1fd1a954efabc42975882f5be8c,3,0,3,1,Amber,Character,Bodyguard,"c(""Dreamborn"", ""Hero"")",Cam Kendell,NA
crd_b00e336742ab4743850d9927c06c7c6e,4,1,5,2,Amber,Character,character(0),"c(""Storyborn"", ""Hero"")",Jacob McAlister,"""You stay there. I'll look for scattered lore."""
crd_58705a75ce1c4f19aabe741129079750,10,9,9,3,Amber,Character,character(0),"c(""Storyborn"", ""Villain"")",Evana Kisa / Jochem van Gool,Darkness calls to minions everywhere.
crd_97f8be5e176144378d58823c6f9c29c7,2,2,3,1,Amber,Character,character(0),"c(""Storyborn"", ""Puppy"")",Kapik,First they steal your heart. Then they steal your chair.
crd_2ecfea1cd29e41618fda08362f460bdc,2,2,3,1,Amber,Character,character(0),"c(""Storyborn"", ""Puppy"")",Kapik,First they steal your heart. Then they steal your chair.
crd_82e9ddd673ac49919082b20bcb77abbd,2,2,3,1,Amber,Character,character(0),"c(""Storyborn"", ""Puppy"")",Kapik,First they steal your heart. Then they steal your chair.
crd_cb48f84437c6466281d05da11bcef9fc,2,2,3,1,Amber,Character,character(0),"c(""Storyborn"", ""Puppy"")",Kapik,First they steal your heart. Then they steal your chair.
crd_69bb8a1a94dc429c91610c92a7108dbb,2,2,3,1,Amber,Character,character(0),"c(""Storyborn"", ""Puppy"")",Kapik,First they steal your heart. Then they steal your chair.
crd_3ff14fbe696348d281fb1974bdcd8e5f,4,1,5,2,Amber,Character,Bodyguard,"c(""Storyborn"", ""Ally"")",Jeanne Plounevez,"""Heading out to the Inklands? Come on back if
you need patching up."""
crd_0f90f3b193fa44789e5abeb293636e4f,1,2,2,1,Amber,Character,character(0),"c(""Storyborn"", ""Hero"", ""Princess"")",Nicoletta Baldari,"""Welcome to the Inklands"""
crd_edeffddbafd54b319a0f9bf65a1480b5,5,3,5,2,Amber,Character,Shift,"c(""Floodborn"", ""Hero"", ""Princess"")",Adam Fenton,"""She has been chosen."" —King Kashekim Nedakh"
crd_885f1f8ac17a447fa3c9f7b668fa8663,4,2,3,1,Amber,Character,character(0),"c(""Storyborn"", ""Puppy"")",Brian Weisz,NA
crd_a6d0aaef05744b279192132d481af4be,2,1,3,1,Amber,Character,Singer,"c(""Dreamborn"", ""Hero"")",Erika Wiseman,Her musical talents are off the charts!
crd_a2bdf443390f4009bed7f162badd841c,2,2,2,1,Amber,Character,Singer,"c(""Storyborn"", ""Hero"")",Jeff Merghart,"""Our society has never failed to answer a call for
help.""
—Mr. Chairman"
crd_748599af9c8e4272b5f2926597a405ba,6,4,8,2,Amber,Character,character(0),"c(""Dreamborn"", ""Ally"")",Alexandria Neonakis,"""This is simple, Snoops! I want that lore! The one
that shines like a diamond!""
—Madame Medusa"
crd_fbdc035fda194814bd934292d2e78c13,5,3,6,2,Amber,Character,Bodyguard,"c(""Storyborn"", ""Hero"")",Shannon Hallstein,"""Let me handle this, Lilo."""
crd_07dfc12012794405ad72a71f1a738c5d,2,1,4,1,Amber,Character,character(0),"c(""Storyborn"", ""Ally"")",Isaiah Mesq,"""Boy, look at those things go! Whaddaya call 'em?
Inkrunners? I wish I could fly like that."""
crd_d087e066b0484bf9aed46a182f60f0ff,4,3,4,1,Amber,Character,character(0),"c(""Storyborn"", ""Puppy"")",Ellie Horie,"Just like Thunderbolt, he'll stand up to any bad guy."
crd_a1c95bf6c8744ccaa5ff363453aa8716,6,1,6,2,Amber,Character,character(0),"c(""Storyborn"", ""Hero"")",Defne Tözüm / Livio Cacciatore,Her pups will follow her anywhere.
crd_f478c96f7b1b45b790d74395480da563,2,2,2,1,Amber,Character,character(0),"c(""Dreamborn"", ""Hero"", ""Pirate"", ""Captain"")",Grace Tran,"""Ahoy! There's lore out there, and I'm g-gonna
find it!"""
crd_02f6ca615a304f47848ac36590cb7b94,7,3,8,2,Amber,Character,"c(""Bodyguard"", ""Shift"")","c(""Floodborn"", ""Ally"")",Dave Alvarez / Alice Pisoni,NA
crd_f405327bb31a4ca0880e91e09bf5893a,1,0,2,1,Amber,Character,character(0),"c(""Storyborn"", ""Ally"")",Jiahui Eva Gao,He just can't wait for new friends to arrive!
crd_fcdb51245c0a468896166eb745d1cf55,3,3,2,1,Amber,Character,character(0),"c(""Storyborn"", ""Hero"")",Grace Tran,"""We'll find our way. I know we will!"""
crd_deb260b9c0d5473f9ce8685415520940,3,3,3,1,Amber,Character,character(0),"c(""Dreamborn"", ""Villain"", ""Queen"")",Brianna Garcia,"The more of the Inklands she claims, the more
she wants."
crd_2e4b186b853e4bd7b5d3144645efd6a1,3,3,3,1,Amber,Character,Support,"c(""Storyborn"", ""Puppy"")",Defne Tözüm / Denny Minonne,"""I'm hungry, Mother. I really am."""
crd_136ffadfd42e4f968a125c32a8d18591,4,1,4,1,Amber,Character,character(0),"c(""Storyborn"", ""Ally"", ""Fairy"")",Aisha Durmagambetova,Plenty of berries—and friendship—to go around.
crd_e989edbf82194e8e9f4bd73426377d57,2,1,3,2,Amber,Character,character(0),"c(""Dreamborn"", ""Hero"")",Aubrey Archer,"With Tink's upgrades in place, Wendy took them to
the skies to find the missing mermaid."
crd_56003cfee81148e9a2ceebe4136e4e06,5,NA,NA,NA,Amber,Action,character(0),NULL,Agnes Christianson,"""Two, four, six, and three is nine, plus two is 11...""
—Roger"
crd_d1f9df5413484ad6975ba55243e4804e,1,NA,NA,NA,Amber,Action,character(0),NULL,Zuzana Sokolova / Livio Cacciatore,"""Snoops! I know you can look harder! Find me that lore!""
—Madame Medusa"
crd_c6998d2082d348b18f01e8a90afde5f1,3,NA,NA,NA,Amber,Action Song,character(0),NULL,Monica Catalano,"Let your power shine
Make the clock reverse..."
crd_5364fdf0cf144ac38d2d7c824f8cc72f,1,NA,NA,NA,Amber,Action,character(0),NULL,Wouter Bruneel,"""Good as new! Well, almost."""
crd_54e5e880c70e4e2bb68cc318a7d47e34,2,NA,NA,NA,Amber,Action Song,character(0),NULL,Maxine Vee / David Navarro Arenas,Forget about your worries and your strife....
crd_46df24a1b90a460d8572440c007f0af5,2,NA,NA,NA,Amber,Item,character(0),NULL,"Michael ""Cookie"" Niewiadomy",Rainwater lands as stone melts and dragons fly again.
crd_925579c341974d16b613c348efe8df5e,4,NA,NA,NA,Amber,Item,character(0),NULL,Elliot Baum / Viv Tanner,"""It's what's keeping you—all of Atlantis—alive!""
—Milo Thatch"
crd_e46266028977431da15b820d9f665664,2,NA,NA,NA,Amber,Item,character(0),NULL,Ellie Horie,The right tool makes all the difference.
crd_b9ecaeeeee5a467ea41b58edda3b8f13,1,NA,4,1,Amber,Location,character(0),NULL,Cécile Carre,"The mermaids told Peter they'd seen some items floating by several days earlier,
but they were more concerned that one of their sisters had gone missing."
crd_c73b3306eee042a0a17938812b0a564a,2,NA,7,1,Amber,Location,character(0),NULL,Beverly Arce / Jonathan Livslyst,NA
crd_ed1ca708595f44a49f40680e20635ff5,3,NA,8,1,Amber,Location,character(0),NULL,Valerio Buonfantino,"In New Orleans, dreams can come true."
crd_df136840866d426db031332e34942735,6,4,4,2,Amethyst,Character,character(0),"c(""Dreamborn"", ""Hero"", ""Sorcerer"")",Nicola Saviori / Raquel Villanueva,"With the right tea leaves and a little magic, she
creates the perfect cup for any party guest."
crd_bda38dbbd3974a5bb53bc91853faa172,1,2,1,1,Amethyst,Character,character(0),"c(""Storyborn"", ""Ally"")",Monica Catalano,Let chaos reign.
crd_96b06169bec644898473633766c5e534,1,2,1,1,Amethyst,Character,character(0),"c(""Dreamborn"", ""Ally"")",Agnes Christianson,"With a little ink-enhanced magic, nothing escapes
his sight."
crd_54d0edb01460400e9612bebf555aa2f1,4,3,5,1,Amethyst,Character,character(0),"c(""Storyborn"", ""Ally"")",Koni,"""Right here, direct from the lamp, right here for
your very much wish fulfillment."""
crd_fabf6b8091ab49a1b2dccff0b1bb66ab,3,2,2,2,Amethyst,Character,character(0),"c(""Storyborn"", ""Titan"")",Alice Pisoni,"""Freeze Zeus!"""
crd_c6206520d53f48a7ba4b32af8ca6cf66,3,3,2,1,Amethyst,Character,Evasive,"c(""Storyborn"", ""Ally"")",Giulia Riva,"""Your majesty certainly has a way with dumb
animals.""
—Jafar"
crd_a8ac3c9400574fac83d320e3c4bd6e49,3,2,2,2,Amethyst,Character,character(0),"c(""Storyborn"", ""Villain"", ""Sorcerer"")",Veronica Di Lorenzo / Livio Cacciatore,"""I will rule as far as the eye can see."""
crd_021972513f684c6185280e93fa2f41ef,7,4,5,1,Amethyst,Character,"c(""Evasive"", ""Shift"")","c(""Floodborn"", ""Villain"", ""Sorcerer"")",Nicola Saviori,NA
crd_d8f0d093ffa743e48801e90e1b98cf14,2,1,3,1,Amethyst,Character,Rush,"c(""Storyborn"", ""Hero"", ""Sorcerer"")",Heidi Neunhoffer,Born from the shadows. Saved by friendship.
crd_bf44f442286c4b5fa783412ae85c3b58,6,3,3,1,Amethyst,Character,character(0),"c(""Dreamborn"", ""Broom"")",Giulia Riva,Super-smooth tidiness.
crd_9b1e3b67709f41c58130599854495ff5,5,4,4,2,Amethyst,Character,Rush,"c(""Dreamborn"", ""Broom"")",Cristian Romero,Super-speedy tidiness.
crd_5bb1d62852d74227a37ae937c075eef0,3,1,5,1,Amethyst,Character,character(0),"c(""Dreamborn"", ""Broom"")",Eri Welli,Super-sized tidiness.
crd_308bd5ecd73f4d26af79fb786fab2eea,2,2,1,1,Amethyst,Character,Evasive,"c(""Storyborn"", ""Ally"")",Cory Godbey,"""Carpet and I can swoop in, grab the lore, and be back
before anyone knows it!"" —Aladdin"
crd_1613e74208754e64b862c2a8b28add19,2,2,3,1,Amethyst,Character,character(0),"c(""Storyborn"", ""Villain"", ""Sorcerer"")",Lissette Carrera,"""Feed my power, Dark Eclipse. Free my form
from the abyss. Dormant magic now unchain,
the Shadow Queen be whole again!"""
crd_fc52c08c7f254d8cb1e54150de516407,7,4,6,0,Amethyst,Character,Shift,"c(""Floodborn"", ""Villain"", ""Sorcerer"")",Lauren Levering,"""I can feel my powers growing the closer I get to
Scrooge's precious dime!"""
crd_177102be31464591b1637a5b9b2b5aca,4,3,4,2,Amethyst,Character,character(0),"c(""Storyborn"", ""Villain"", ""Sorcerer"")",Giulia Riva,"""Do you know what I call this? A good start!"""
crd_ffec4fba40d948dc8cd4f54b5f9897a9,5,2,3,2,Amethyst,Character,character(0),"c(""Storyborn"", ""Villain"", ""Sorcerer"")",Grace Tran,NA
crd_7c8f8f0af4fb4d6087a414c04c0fca4c,6,3,6,2,Amethyst,Character,character(0),"c(""Dreamborn"", ""Ally"", ""Sorcerer"")",Cristian Romero,"""That's the way to give it what it needs, Juju!"""
crd_835c907af9be4b9d93b301eb3324b83e,2,2,2,2,Amethyst,Character,character(0),"c(""Storyborn"", ""Ally"")",Denny Minonne,"Always ready to lend a hand...er, snout."
crd_444d8b9e59e44e919534ccc79bd66d85,1,0,2,1,Amethyst,Character,Challenger,"c(""Dreamborn"", ""Mentor"", ""Sorcerer"")",Otto Paredes,Mind the stick!
crd_a3263d84bb5645f3974b837b717d50f5,5,4,4,0,Amethyst,Character,Evasive,"c(""Storyborn"", ""Titan"")",Jared Nickerl / Alice Pisoni,"""Blow Zeus away!"""
crd_67c15e1a10e04510a5f6c78cf9119e22,4,6,2,1,Amethyst,Character,character(0),"c(""Dreamborn"", ""Villain"")",Hedvig Häggman-Sund,"It rages through the forest,
Wings spread wide with flame
Spring sings its ancient chorus
And green renews its claim"
crd_8af5e037a64f41e58380427a86148bb5,3,4,3,1,Amethyst,Character,character(0),"c(""Dreamborn"", ""Villain"", ""Queen"", ""Sorcerer"")",Anna Rud / Livio Cacciatore,"""A cobweb's strand to hold her fast
An eagle's eye to see her well
Sands of time to steal her past
Thus I cast my magic spell!"""
crd_8b9133c809b04113a3b464d0f1c2ca82,4,6,6,2,Amethyst,Character,character(0),Storyborn,Hedvig Häggman-Sund,"""Only one may enter here."""
crd_ef7ea6ffd33a4557961b74ea45e095d4,3,3,3,1,Amethyst,Character,character(0),"c(""Dreamborn"", ""Villain"", ""Sorcerer"")",John Loren,The secret contract has already been written.
crd_f3f30e7e137c4336a2551abfa4b4eeaf,1,NA,NA,NA,Amethyst,Action,character(0),NULL,Dylan Bonner,"""From magic ink I call this gift.
Fly my minion, thy wings be swift!""
—Maleficent"
crd_7a47845bdb01452e9faae9028fb22eeb,1,NA,NA,NA,Amethyst,Action Song,character(0),NULL,Luis Huerta,I am everything I've learned and more
crd_13df9fbee1d6457f8d4ca866073d28d3,3,NA,NA,NA,Amethyst,Action,character(0),NULL,Ian MacDonald,"""I got your back."""
crd_716a89f3b6cf4f57b66888fd4166d1df,3,NA,NA,NA,Amethyst,Action Song,character(0),NULL,Koni,Go ahead! Make your choice!
crd_5008b128a011481396f80e0c9c5424bc,2,NA,NA,NA,Amethyst,Item,character(0),NULL,Ever Galvez / Anna Stosik,NA
crd_4ae1ca3505fc492eb6e4310ae36f3ba3,2,NA,NA,NA,Amethyst,Item,character(0),NULL,Jiahui Eva Gao,"Minnie approached it cautiously. Whoever had placed it here
might have prepared traps."
crd_5ac4816ce7b240db942b5963a8db9909,2,NA,6,1,Amethyst,Location,character(0),NULL,Jimmy Lo,"An eerie quiet surrounds the castle—but beware of the dangerous
occupant within."
crd_a4f0a9a928674b2a93d17f7c81eb09d7,4,NA,7,2,Amethyst,Location,character(0),NULL,Matthew Oates,Those who visit the mirror can choose their question—but not the answer.
crd_d9a1c24b8bf4469f8535e75c38cf61f7,3,NA,7,0,Amethyst,Location,character(0),NULL,Wietse Treurniet,Everything you need to make some magic.
crd_1406e73a81ad4687ad3e502447d21287,4,3,5,1,Emerald,Character,character(0),"c(""Storyborn"", ""Ally"")",Wouter Bruneel,"With Peter holding off Hook, Cubby did what he
does best: break stuff."
crd_25aa34175eeb4f30bbb9199f46040395,1,0,1,2,Emerald,Character,character(0),Storyborn,Massimiliano Narciso / Marieke Ferrari,"""Now it's happened once or twice, someone couldn't
pay the price...""
—Ursula"
crd_566472b873bc4f0caf367e8bc583e92e,5,4,4,2,Emerald,Character,Evasive,"c(""Dreamborn"", ""Villain"", ""Prince"", ""Pirate"")",Luis Huerta,"""You didn't expect to find me here, did you? Well
neither did I."""
crd_ba452763794342109447ecb7b492d919,3,5,2,1,Emerald,Character,character(0),"c(""Dreamborn"", ""Ally"")",Brian Kesinger,"""Ursula needs lore to complete her plan...."""
crd_f6b07239b4384329b151160a80691d1b,4,2,4,2,Emerald,Character,character(0),"c(""Storyborn"", ""Ally"")",Denny Minonne,"""Get outta my church! Out! Out! Out!"""
crd_bd43b98b4db44fc49f0aea4790ad393a,5,4,4,2,Emerald,Character,Shift,"c(""Floodborn"", ""Villain"")",Alice Pisoni,NA
crd_43db4d680b1c4ea7a375334266b28294,2,2,1,1,Emerald,Character,character(0),"c(""Storyborn"", ""Villain"")",Kasia Brzezinska,"""You said we were in this together!"""
crd_d3950786da4a4d3497090ce82253a144,3,2,2,2,Emerald,Character,Ward,"c(""Dreamborn"", ""Ally"")",Brian Kesinger,"""There must be powerful lore here, very powerful."""
crd_e672bba7d4c5402f82d9360fca1594f5,3,2,2,1,Emerald,Character,character(0),"c(""Storyborn"", ""Ally"")",Jake Parker,"""It's been fun, guys, but I got to be going.
Yahoooo!"""
crd_04851c839e844359bfe6a0fa70158d38,3,2,4,1,Emerald,Character,character(0),"c(""Storyborn"", ""Villain"")",Mike Parker,NA
crd_8745424825aa4fa6840fbb0a19711247,1,2,2,1,Emerald,Character,character(0),"c(""Dreamborn"", ""Hero"")",Giuseppe di Maio,"""Believe me, studying gibberish really can take
you places!"""
crd_1ab44dc7b1b1406ea256eb308fb857f5,7,4,4,3,Emerald,Character,Shift,"c(""Floodborn"", ""Hero"", ""King"")",Valerio Buonfantino,"""You don't know what you're tampering with."""
crd_be70d689335140bdadcde5f5356e169d,2,2,1,1,Emerald,Character,character(0),"c(""Storyborn"", ""Ally"", ""Alien"")",Alan Batson,"""You jiggle-headed blob of mischief!""
—John Silver"
crd_d4d29339b89f4a0aaeeb42f533e6fbbc,4,3,3,1,Emerald,Character,character(0),"c(""Dreamborn"", ""Hero"")",Grace Tran,"The Illumineers needed someone to find a missing
spellbook, and Peter was the first to volunteer."
crd_1af5228c0d75411ebc9eccf5cae1c086,5,2,4,2,Emerald,Character,character(0),"c(""Storyborn"", ""Villain"", ""Prince"")",Koni,"""Too late to be known as John the First, he's sure to
be known as John the Worst!""
—Sheriff of Nottingham"
crd_4d6d0cbb004e486c8d038d3818d668a1,6,4,5,4,Emerald,Character,character(0),"c(""Dreamborn"", ""Hero"")",John Loren,"""Some days, it's nice to let the river do the
running."""
crd_45b441afc5ff420f85eb9732b8b8e0c4,4,0,6,1,Emerald,Character,character(0),"c(""Storyborn"", ""Ally"", ""Hyena"")",Jochem van Gool,"""Why not stick around for dinner?"""
crd_8ab16485ed264e15b2e70a3ff7d97ce0,2,3,1,1,Emerald,Character,Evasive,"c(""Dreamborn"", ""Ally"")",Alan Batson,"Prince John isn't the only one collecting ""taxes"""
crd_5aab3c53b77844b2921a280dfe53bdaa,2,2,2,1,Emerald,Character,Ward,"c(""Storyborn"", ""Ally"")",Jeanne Plounevez,Even the bravest outlaw knows when to lie low.
crd_92c7a997ed6f441a807e91c8bd5aa470,7,6,6,3,Emerald,Character,character(0),"c(""Storyborn"", ""Ally"", ""Pirate"")",Adam Ford,"Point him in the right direction, and he'll do the rest."
crd_a9fd85371b4f4a45bb279981167941d1,5,3,3,2,Emerald,Character,Evasive,"c(""Dreamborn"", ""Hero"", ""Alien"")",Grace Tran,"For such a flashy dresser, he sure is hard to spot."
crd_00735a560a294b3d9be2ca39fe1385a6,2,1,3,1,Emerald,Character,character(0),"c(""Storyborn"", ""Villain"", ""Sorcerer"")",Lisanne Koeteeuw,NA
crd_00dafa7609fb42d2a1a8e4e81e79474a,3,2,3,1,Emerald,Character,character(0),"c(""Dreamborn"", ""Villain"", ""Sorcerer"")",Matthew Robert Davies,"""I don't want much—just the most powerful lore!"""
crd_957cb3e7fff94353971bea94f4d0f154,3,2,3,1,Emerald,Character,Evasive,"c(""Storyborn"", ""Ally"")",Valentina Graziuso,"""I can take anything apart in under five minutes!"""
crd_ad676278d4e74481af58729c5c986b7b,1,2,1,1,Emerald,Character,character(0),"c(""Storyborn"", ""Ally"")",Ron Baird,"""I'd be lyin' if I said I ran the place, but welcome to
the Pride Lands all the same!"""
crd_86e375807dee4e26ab3254c11e7eed00,2,NA,NA,NA,Emerald,Action Song,character(0),NULL,Hyuna Lee,"He's not real smart
And yet, he's touched my little cowhide heart"
crd_699c0e28637945e0a2ad8698e9695bb0,1,NA,NA,NA,Emerald,Action Song,character(0),NULL,Carmine Pucci,"I would go most anywhere
To feel like I belong"
crd_cc8e7afe0f344c32b64446caf7b31456,2,NA,NA,NA,Emerald,Action Song,character(0),NULL,Maxine Vee,"Please bring honor to us
Please bring honor to us all"
crd_bb11d0da1233459c84ade5157719208f,2,NA,NA,NA,Emerald,Item,character(0),NULL,Jenna Gray,"Discovered in the lost Sea Duck, it looked good as new."
crd_1784510055ec43e49b13b2837192c1d1,3,NA,NA,NA,Emerald,Item,character(0),NULL,McKay Anderson,"""The forest always provides just what you need.""
—Robin Hood"
crd_c6b673289f9a4d2680a50dc6be9605dc,4,NA,NA,NA,Emerald,Item,character(0),NULL,Billy Wimblett,"In the wrong hands, this vial of magic could be disastrous."
crd_7ddf29d6110e4ccf838fa1ae76bbe034,1,NA,4,1,Emerald,Location,character(0),NULL,Ryan Moeck,"""They say the ol' place is haunted, or bewitched, or some such fiddle-faddle.""
—Colonel"
crd_6438731e38f642b38a24a0b566078fa3,4,NA,6,2,Emerald,Location,character(0),NULL,Michael Guimont,A nation protected by fierce assassins and their even fiercer cats.
crd_872d8dd267f44d1ca4410036e7eed315,3,NA,7,1,Emerald,Location,character(0),NULL,Andreas Rocha,"""Sure it's a little small, but also it DOESN'T HAVE A POOL!"" —Kuzco"
crd_341f45661be2402b86ec54dd9e402bd3,3,2,3,1,Ruby,Character,Evasive,"c(""Dreamborn"", ""Hero"", ""Princess"")",Javi Salas,Shipwrecks are great places to find lore—and hide from sharks!
crd_962d3a1f68d842a2818db2f230723b87,5,6,5,1,Ruby,Character,character(0),"c(""Storyborn"", ""Alien"", ""Pirate"")",Roger Pérez,"""He's after me chest, that fiendish cyborg and his
band of cutthroats."""
crd_cded72e2cdf242d490be6e3e32c3e17b,5,5,4,1,Ruby,Character,character(0),"c(""Dreamborn"", ""Villain"", ""Pirate"", ""Captain"")",Simone Buonfantino,NA
crd_97817cbd2b964970b24740509392cf7b,2,3,3,0,Ruby,Character,Reckless,"c(""Storyborn"", ""Ally"")",Rudy Hill,"""I survived the moon. How tough could the flooded
Inklands be?"""
crd_27a77344b85748bd9d7d45de2969c918,2,3,2,1,Ruby,Character,character(0),"c(""Storyborn"", ""Ally"")",Jiahui Eva Gao,Considering the coconut.
crd_f9025821a35c4cea9fd04182f7db5896,6,6,5,2,Ruby,Character,character(0),Storyborn,Jochem van Gool,More heads are better than one.
crd_163516a9fa684676b2bed66aa7a64a35,5,4,4,2,Ruby,Character,character(0),"c(""Storyborn"", ""Hero"")",Veronica Di Lorenzo / Livio Cacciatore,"""You're gonna rattle the stars, you are.""
—John Silver"
crd_bdeabb102e8a43af9b4e1699df256503,2,3,2,1,Ruby,Character,character(0),"c(""Dreamborn"", ""Hero"")",Marcel Berg,"If you want a bigger reward, you've got to take
bigger risks."
crd_d119988be09743af8639f30e658caa8c,3,3,2,1,Ruby,Character,character(0),"c(""Storyborn"", ""Pirate"")",Brian Kesinger,There's a bunch more where he came from.
crd_62c656f20cba4c43a1ed1f7ebc2ca720,6,4,4,1,Ruby,Character,character(0),"c(""Storyborn"", ""Villain"")",Jackie Droujko,"""Finding lore will be as easy as taking candy from
children."""
crd_1b985f3a7a854505902294c666c69c34,3,5,2,0,Ruby,Character,Reckless,"c(""Storyborn"", ""Hero"", ""Deity"")",Rob Di Salvo,"""You got any more of those chickens hanging around?"""
crd_a7d5d3768a9d4c3db389429ccc654146,7,8,8,1,Ruby,Character,character(0),"c(""Storyborn"", ""Hero"", ""Deity"")",Sandara Tang,Always ready to make a splash.
crd_c219f80dc2d34bea9b7a9bfdb4e04528,2,2,2,1,Ruby,Character,character(0),"c(""Storyborn"", ""Hero"")",Massimiliano Narciso,"""My grandpa never told me about this place!"""
crd_d506a2271c444d7f9c2becae74535475,5,4,4,2,Ruby,Character,Shift,"c(""Floodborn"", ""Hero"", ""Princess"", ""Captain"")",Grace Tran,NA
crd_c4bb70c1ad214e2093ce724398d59e4b,4,3,4,1,Ruby,Character,Evasive,"c(""Storyborn"", ""Hero"", ""Princess"")",Mila Useche,No fire or storm will keep her from her goal.
crd_d9f88c1c25a1490f9cac1cef82b51219,2,2,3,1,Ruby,Character,character(0),"c(""Storyborn"", ""Ally"")",Denny Minonne,"""Nutsy, button your beak.""
—Trigger"
crd_ffccea571e7e4efb9b5258ecc03e847b,3,1,3,2,Ruby,Character,Rush,"c(""Storyborn"", ""Hero"")",Aubrey Archer,"With Peter, plans often meant diving headlong into
danger."
crd_74965b03fa644306af97644d8ad19c1d,6,4,5,2,Ruby,Character,"c(""Evasive"", ""Shift"")","c(""Floodborn"", ""Hero"")",Simone Buonfantino,NA
crd_4d0b6d09ae6c423ea874fbb6c659355e,4,2,2,2,Ruby,Character,character(0),"c(""Dreamborn"", ""Hero"", ""Prince"")",Randy Bishop,"The storm came out of nowhere, forcing Eric
to turn back before he reached the mysterious
structure at the edge of Lorcana."
crd_d785c3ffe80440a5a9ef39641add4d23,5,2,5,2,Ruby,Character,character(0),"c(""Storyborn"", ""Villain"", ""Alien"", ""Pirate"")",Carmine Pucci,"Always keep him in front of you. And downwind,
if possible."
crd_f05ecc57c03640c68b45c6fc102f8a92,2,1,1,3,Ruby,Character,character(0),"c(""Storyborn"", ""Hero"", ""Prince"")",Agnes Christianson,"He'll join the hunt for lore after he's had a quick
snack."
crd_3893e351132b4fc28df9093b721f4f28,4,4,3,1,Ruby,Character,Evasive,"c(""Storyborn"", ""Ally"")",Luca Pinelli,"""Pirates sure are easy to trick!"""
crd_1f0feec19b8843c8888d22c1520239ac,2,3,1,1,Ruby,Character,Rush,"c(""Dreamborn"", ""Hero"", ""Alien"")",Nicola Saviori,"""Who thought giving him power armor was a
good idea?!""
—Nani"
crd_89a33b4b36de4c2a97042cd58ca0e6e5,2,3,1,1,Ruby,Character,character(0),"c(""Storyborn"", ""Ally"")",Denny Minonne,"""Criminently, Trigger! Point that peashooter the
other way.""
—Sheriff of Nottingham"
crd_b1bb1284147849648c18082ac8b7f6b0,3,3,4,1,Ruby,Character,character(0),"c(""Storyborn"", ""Ally"")",Louis Jones,"""Finding lore is a lot easier when you have a
grappling hook!"""
crd_a4bd827fb4c6497fba686f38a21448ee,3,NA,NA,NA,Ruby,Action,character(0),NULL,Lisanne Koeteeuw,NA
crd_980a374d3ce34527868e0f78b48f63c6,2,NA,NA,NA,Ruby,Action Song,character(0),NULL,Michela Cacciatore,"Tor would like to quit and be a florist
Gunther does interior design"
crd_d42f3cca7b9c46a988d81347b0a4ba8b,4,NA,NA,NA,Ruby,Action,character(0),NULL,Lisanne Koeteeuw,"""Catch them! Before they get away!"""
crd_cc0c5bf9ccbf4884926461d06eed76b0,1,NA,NA,NA,Ruby,Action,character(0),NULL,Alex Shin,"""We were voyagers! Why'd we stop?"" —Moana"
crd_2ad6131751ce45c681919a185cbe640a,3,NA,NA,NA,Ruby,Item,character(0),NULL,Peter Brockhammer,NA
crd_890de7a0c3e34c8da80430d86a27365c,3,NA,NA,NA,Ruby,Item,character(0),NULL,Adam Bunch,"""Summoned spirit from the dark
Show thyself before this arc.""
—Lena Sabrewing"
crd_993b13d7185d4c83a00718ee79e6ef00,3,NA,5,2,Ruby,Location,character(0),NULL,Kaitlin Cuthbertson,"""Welcome to Agrabah, city of mystery, of enchantment, and the finest
merchandise this side of the river.""
—Merchant"
crd_f74acb5e986f496092a1c5ef8bfa741a,1,NA,5,0,Ruby,Location,character(0),NULL,Nicolas Ky,NA
crd_9f8f3cf328fe451e9be15353026085ee,4,NA,8,2,Ruby,Location,character(0),NULL,Wietse Treurniet,NA
crd_ac107df1d3864416ac579de7b826d297,5,2,5,2,Sapphire,Character,Ward,"c(""Storyborn"", ""Ally"")",Richelle Canto,"""How'd you break this thing, anyway?"""
crd_9ada4799889b49d69ae388f141a0c52c,3,1,5,1,Sapphire,Character,character(0),"c(""Storyborn"", ""Alien"", ""Captain"")",Amber Kommavongsa,"""I've spotted a strange structure on the horizon.
Hard to port, helmsman!"""
crd_ada8dfe4da974553886bcf9387198373,3,2,3,2,Sapphire,Character,Support,"c(""Dreamborn"", ""Ally"")",Federico M. Cugliari,"""I got it! I knew I could do it! Dewey for the win!"""
crd_1121277f1b454321be2740185a61c1c7,4,3,4,2,Sapphire,Character,character(0),"c(""Storyborn"", ""Villain"")",Federico M. Cugliari,"""Nobody tells Flintheart Glomgold what to do!"""
crd_c978412b40d24029866de7fb2c2218ee,2,2,2,2,Sapphire,Character,character(0),"c(""Storyborn"", ""Ally"")",Ally Zermeno,"""Ten thousand years will give you such a crick in
the neck!"""
crd_2b3c2bc74af94a07ae07634fb74f237b,4,3,3,1,Sapphire,Character,character(0),"c(""Storyborn"", ""Mentor"")",Cécile Carre / Anna Stosik,"Listen with your whole heart, and the ancestors will
guide you."
crd_db1756b0f3fb4f77b212b8d264b73f84,7,4,8,2,Sapphire,Character,Shift,"c(""Floodborn"", ""Mentor"")",Jennifer Park / Ellie Horie,"She will always be with you, no matter how far your
journey takes you."
crd_921f3a8bbf1c486490121d18a6d45752,3,1,4,1,Sapphire,Character,character(0),"c(""Storyborn"", ""Ally"", ""Inventor"")",Mario Oscar Gabriele,"""Maybe the bulb tech will be less evil this time..."""
crd_234735870c52442da86a7f8b2910ab74,2,2,2,1,Sapphire,Character,Support,"c(""Storyborn"", ""Ally"")",Federico M. Cugliari,"""This looks like part of a larger crystal!"""
crd_fc70bb26c18544679b91bca3a7ad025c,7,7,7,3,Sapphire,Character,character(0),"c(""Storyborn"", ""Ally"", ""King"")",Kenneth Anderson,"""Hold up, cuz. Why not sit back and enjoy some
sweet beats?"""
crd_d77c74eca9ae4b56b85f6c1feac4c1c5,6,2,5,3,Sapphire,Character,"c(""Shift"", ""Ward"")","c(""Floodborn"", ""Ally"")",Roger Pérez,NA
crd_9a81433a0c2c4944a0af1b1724213f40,1,0,1,1,Sapphire,Character,Ward,"c(""Storyborn"", ""Ally"")",Valentin Palombo,"Thrilled to have his airfoil back, he launched into
the Inklands."
crd_2acf88cb06b24d1f990226ef95b1e9aa,4,3,4,2,Sapphire,Character,Support,"c(""Dreamborn"", ""Ally"")",Federico M. Cugliari,"""Found the last one!"""
crd_b893e4f0b17c41338fe0396ba1dcc8b3,5,4,4,2,Sapphire,Character,character(0),"c(""Storyborn"", ""Princess"")",Jenna Gray,She makes every space more beautiful.
crd_99add79c98f24262aff4cdc1e3d8231c,3,1,3,1,Sapphire,Character,character(0),"c(""Storyborn"", ""Mentor"")",Rogie Custodio / Erin Shin,"""You dig a little deeper, you'll find everything you need."""
crd_936d98ea79ba4a54bd3ef0a166ce6875,3,3,4,1,Sapphire,Character,character(0),"c(""Dreamborn"", ""Ally"")",Rianti Hidayat,"Pluto's job was to keep Gustav's attention so
Minnie could get to the cave."
crd_c914737245874c918af51cac073d6d36,5,4,5,1,Sapphire,Character,character(0),"c(""Dreamborn"", ""Ally"")",Hadjie Joos,"""Faith is a bluebird you see from afar."""
crd_396903bc291c456ab3a3ebbdea9b1952,5,3,5,1,Sapphire,Character,character(0),"c(""Storyborn"", ""Hero"")",Grace Tran,He can make money anywhere.
crd_e25b0a04fd4a44c18a2d52940e33ff64,2,1,3,1,Sapphire,Character,character(0),"c(""Dreamborn"", ""Hero"")",Stefano Zanchi,"A strange new world is the perfect place to make a
strange new fortune!"
crd_2e69a512d9764bfdbfc1764bf8fd8e96,4,2,5,1,Sapphire,Character,character(0),"c(""Storyborn"", ""Villain"", ""Queen"", ""Sorcerer"")",Jennifer Gheduzzi / Livio Cacciatore,"She has only one question, and she'd better like
the answer."
crd_62d821004e3d483a8d3d91a220cada53,5,3,4,2,Sapphire,Character,character(0),"c(""Dreamborn"", ""Ally"", ""Fairy"")",Grace Tran,She lives in a world of possibilities.
crd_43915110e8b94147baf492d89356e0ca,3,3,1,2,Sapphire,Character,"c(""Support"", ""Ward"")","c(""Storyborn"", ""Hero"")",Julie Vu,NA
crd_462476bc47ff4cd7bf84c2bb4cd8f169,2,NA,NA,NA,Sapphire,Action,character(0),NULL,Giuseppe di Maio,NA
crd_dda178292c7746de913c4dacee008ac9,5,NA,NA,NA,Sapphire,Action Song,character(0),NULL,Emily Abeydeera,You got some power in your corner now
crd_b6996baaca9440328210eecc4afdc123,4,NA,NA,NA,Sapphire,Action Song,character(0),NULL,Anna Rud / Anna Stosik,NA
crd_e2433a86940b43e8ac63f6eeddedf085,2,NA,NA,NA,Sapphire,Action,character(0),NULL,Denny Minonne,"""I'm thinkin' about opening a shop here. What do you
think?"""
crd_f42bd512c6d845f8a20449124fa02025,2,NA,NA,NA,Sapphire,Item,character(0),NULL,Mario Oscar Gabriele,"""It can point you toward lost lore, but if you're not careful,
it'll lead you off a cliff.""
—Venturo, an Illumineer"
crd_3ce4bffdc70b43b3b9da42984cd97a52,3,NA,NA,NA,Sapphire,Item,character(0),NULL,Kamil Murzyn,It takes a pure heart to calm the raging storm within.
crd_b4342b1e77754c4caec6596f27f963b2,7,NA,NA,NA,Sapphire,Item,character(0),NULL,Leonardo Giammichele,This one simple coin changed Scrooge's life forever.
crd_9897b7dc2c8142b5b2afc74e87fa14ae,2,NA,NA,NA,Sapphire,Item,character(0),NULL,Gabriel Angelo,Just the thing to top off another brilliant deal.
crd_d4897bfa5fb047a894e6f69c3feebc1f,4,NA,NA,NA,Sapphire,Item,character(0),NULL,Nicolas Ky,"Only Scrooge knows about this vault. And he's going to
keep it that way."
crd_9f0ca76ac1444a1290ac0003ef15d292,1,NA,6,0,Sapphire,Location,character(0),NULL,Alex Shin,Some of the most important tools in Lorcana are crafted here.
crd_c653c06c96ec4b699dde5bcec70e0693,4,NA,9,2,Sapphire,Location,character(0),NULL,Alex Accorsi,"""It's only the coolest home in Lorcana!""
—Webby Vanderquack"
crd_e60ec9d70c4a46bd8b7e69b3092af826,2,NA,5,1,Sapphire,Location,character(0),NULL,Etienne Savoie,NA
crd_5646a42f0a98475ba7c07e55f7cb47df,4,3,4,2,Steel,Character,character(0),"c(""Storyborn"", ""Mentor"", ""King"")",Eri Welli,"""Look at our home! There is no better place to be."""
crd_3c62b89fbbdc4162b250ee5525e10135,5,4,5,1,Steel,Character,Resist,"c(""Storyborn"", ""Ally"")",Mariana Moreno,"""Not much of a roadblock, but I suppose I'll do."""
crd_2977bf4ea525446f9f26eb7c272ed37b,3,6,6,1,Steel,Character,character(0),"c(""Dreamborn"", ""Villain"")",Giuseppe di Maio,NA
crd_380dc3639d7349c28a244b65ed675fcb,6,5,5,2,Steel,Character,character(0),"c(""Storyborn"", ""Villain"", ""Deity"")",Brian Kesinger,"""Brothers! Titans! Look at you in your squalid prison.
Who put you down there?"""
crd_7cc596998ca54d02b163996079f18414,3,2,4,1,Steel,Character,Challenger,"c(""Storyborn"", ""Villain"")",Kasia Brzezinska,"""That was an order, not a suggestion. Let's go!"""
crd_4b26cd44ef39414fbcb762fef390a5f3,3,3,3,1,Steel,Character,character(0),"c(""Dreamborn"", ""Villain"", ""Alien"", ""Pirate"", ""Captain"")",Kumatori Gaku,"""I was never much good at games. Always hated to lose."""
crd_3cead19199044fd5bb448a13f2ce8189,2,2,3,1,Steel,Character,Bodyguard,"c(""Storyborn"", ""Hero"", ""Princess"")",Carlos Ruiz,"She's seen strange things before, but nothing like this."
crd_71fd1d1099c9451393725c4afa6ca274,6,4,5,2,Steel,Character,Shift,"c(""Floodborn"", ""Hero"")",Filipe Laurentino,NA
crd_95f558d0b08e47cf9c92c57a7719f874,3,2,4,1,Steel,Character,Bodyguard,"c(""Storyborn"", ""Ally"")",Jacob McAlister,NA
crd_03d2c58be83e4132a95c060de2b00cbe,4,4,1,1,Steel,Character,Resist,"c(""Storyborn"", ""Titan"")",Alice Pisoni,"""Crush Zeus!"""
crd_6910c7f861604c41b2921961ebf886d1,3,3,3,1,Steel,Character,character(0),"c(""Dreamborn"", ""Hero"")",Louis Jones,"Mickey knew just where to start searching for
the Sorcerer's Hat, but he didn't expect it to be
guarded."
crd_f607033b63f544219ebcff94bd3c6e81,4,0,1,1,Steel,Character,character(0),"c(""Dreamborn"", ""Hero"")",Gonzalo Kenny,NA
crd_e5e54863fdb8474db4d0515a2a562ced,1,0,3,1,Steel,Character,character(0),"c(""Dreamborn"", ""Hero"")",Grace Tran,She'll never cave under pressure.
crd_c608166f5ffb4bb195af64fb501902cb,2,3,3,2,Steel,Character,character(0),"c(""Storyborn"", ""Ally"", ""Pirate"")",Ally Zermeno,"""Catch those little—OUCH!"""
crd_40537dcea12e45f1b057ab68b337632c,7,3,10,3,Steel,Character,character(0),"c(""Storyborn"", ""Mentor"", ""King"")",Evana Kisa / Livio Cacciatore,Even his name makes enemies quiver in fear.
crd_03d8f4376dce4de989d8ba11a0d65ceb,3,2,4,2,Steel,Character,character(0),"c(""Storyborn"", ""Ally"")",Brian Weisz,"""Pinned ya again."""
crd_f68e5422b47243a1b385c562531498f4,5,5,4,1,Steel,Character,character(0),"c(""Storyborn"", ""Titan"")",Eva Widermann,"""Melt Zeus!"""
crd_35f95b92c0ce4e8e85eef87a3edbeb29,2,1,3,1,Steel,Character,character(0),"c(""Storyborn"", ""Ally"", ""Captain"")",Kuya Jaypi,"""There's no princess here to save you this time,
street rat."""
crd_69258eaba19a498182c2e4039c89466d,1,2,2,1,Steel,Character,character(0),"c(""Storyborn"", ""Hero"")",Valerio Buonfantino,"""You call this an ambush? Tsk, tsk. It's barely a
bushwhack."""
crd_fc5e485b906a4e97b420d9ea122b4414,5,3,6,2,Steel,Character,Shift,"c(""Floodborn"", ""Hero"")",Rudy Hill,NA
crd_989b5642c80e4a999f54f75e02a2fb13,4,2,4,1,Steel,Character,character(0),"c(""Dreamborn"", ""Villain"")",Alice Pisoni,"The thirteenth Rule of Villainy: Take everything you
can, but do it with a smile."
crd_95033988f96048348b305ef2c6293ac6,7,5,7,2,Steel,Character,character(0),"c(""Dreamborn"", ""Hero"", ""Prince"")",Noukah,He's ready to restore the Pride Lands to their former glory.
crd_1985d10b104a4176a621275358537fa9,5,4,6,1,Steel,Character,character(0),"c(""Storyborn"", ""Hero"", ""King"")",Mariana Moreno,"With dangers multiplying all around, the pride needs
its guardian."
crd_810ae6612d094f8a89c5db907d193cf5,5,3,5,2,Steel,Character,character(0),"c(""Storyborn"", ""Villain"")",Juan Diego Leon,"""Soon the bells will ring in the sound of your doom!"""
crd_420df750d99c4942abedc0cde1307a3a,4,NA,NA,NA,Steel,Action Song,character(0),NULL,Isabella Ceravolo,"He hurled his thunderbolt—He zapped
Locked those suckers in a vault—They're trapped
And on his own stopped chaos in its tracks"
crd_8355f42d81564fc288c8e67b0f04628c,2,NA,NA,NA,Steel,Action,character(0),NULL,Heidi Neunhoffer,Bigger than your average boom!
crd_68b76d76c7b1460cbae204778e1da3f2,1,NA,NA,NA,Steel,Action,character(0),NULL,Michaela Martin,"""Now that I set you free, what is the first thing you are
going to do?""
—Hades"
crd_d36e3111ff2a40f4916b08b01de3cbeb,3,NA,NA,NA,Steel,Action,character(0),NULL,Nicola Saviori,"""Oh, we're in trouble, big trouble!""
—Hermes"
crd_3c6f007d30714e5183dc6d9da8b200ae,3,NA,NA,NA,Steel,Item,character(0),NULL,Jeremy Adams,NA
crd_4ffb52f1841e434f9263e1b8973f46a6,3,NA,NA,NA,Steel,Item,character(0),NULL,Dustin Panzino,"It stands in the Hall of Lorcana, waiting for someone to
speak the secret words."
crd_07d0c6cc94bc4eee9c5f12d78bc8a84c,3,NA,NA,NA,Steel,Item,character(0),NULL,Gabriel Angelo,"""Gentlemen, this must be kept under lock and key.""
—Captain Amelia"
crd_50ae7c2bc4c94414be98bbe98e01944c,2,NA,5,0,Steel,Location,character(0),NULL,Jeremy Adams,Nothing but boulders and sand—easy to miss.
crd_398194a72dfd4e41be4b6939e4e13ee3,2,NA,6,1,Steel,Location,character(0),NULL,Bryn Jones,"Sir Hiss: ""I say, sire, your mother's castle will be the perfect place to set up our scheme!""
Prince John: ""Mommy!"""
crd_65119a74cb394cec89eab4175ad228bf,1,NA,3,1,Steel,Location,character(0),NULL,Ryan Moeck,"A place to find what you need, not just what you want."
crd_7a288d030d1a471fbb818ccfdddc6052,10,9,9,3,Amber,Character,character(0),"c(""Storyborn"", ""Villain"")",Thomas Brissot,NA
crd_ae42b2ab4e074f3e91c29d4ba2c3e601,5,3,5,2,Amber,Character,Shift,"c(""Floodborn"", ""Hero"", ""Princess"")",Grzegorz Krysiński,NA
crd_bbb647e1cbe3487baa2ad65b27a999ba,2,NA,7,1,Amber,Location,character(0),NULL,Jonathan Livslyst,NA
crd_3ecab24376cb4cd5989309e000f797c1,7,4,5,1,Amethyst,Character,"c(""Evasive"", ""Shift"")","c(""Floodborn"", ""Villain"", ""Sorcerer"")",Ivan Shavrin,NA
crd_40690491af114f2e810a6fd1c6ddcafa,5,2,3,2,Amethyst,Character,character(0),"c(""Storyborn"", ""Villain"", ""Sorcerer"")",Javi Salas,NA
crd_5a2ba6e63b07496d96a17d2565b2a1db,2,NA,NA,NA,Amethyst,Item,character(0),NULL,Luis Huerta,NA
crd_2e1d43823fc642549ba92787523ce17f,2,2,1,1,Emerald,Character,character(0),"c(""Storyborn"", ""Ally"", ""Alien"")",Diogo Saito,NA
crd_7c5be60911d844b48189f3a042abdcfa,3,2,3,1,Emerald,Character,character(0),"c(""Dreamborn"", ""Villain"", ""Sorcerer"")",John Loren / Nicholas Kole,NA
crd_a1af7dad15b64d31a696f7bbb49bfe92,3,NA,7,1,Emerald,Location,character(0),NULL,Roberto Gatto,NA
crd_266d7d17b42a44be9472057e4e6dd1b1,5,5,4,1,Ruby,Character,character(0),"c(""Dreamborn"", ""Villain"", ""Pirate"", ""Captain"")",Kuya Jaypi,NA
crd_b5e74b533270492982dff9472aee8664,6,4,5,2,Ruby,Character,"c(""Evasive"", ""Shift"")","c(""Floodborn"", ""Hero"")",Kuya Jaypi,NA
crd_7c421033c14c40e7a5be957ba42bb1b7,4,NA,8,2,Ruby,Location,character(0),NULL,Matt Gaser,NA
crd_7ad03b4873f042bcae4da820a7061ba4,7,4,8,2,Sapphire,Character,Shift,"c(""Floodborn"", ""Mentor"")",Alan Batson,NA
crd_ee9f19ba64f54bf78ba3cf40e0cac256,5,3,5,1,Sapphire,Character,character(0),"c(""Storyborn"", ""Hero"")",Gonzalo Kenny,NA
crd_c9f08696c3cd44bf96e2a149bb3cfb12,1,NA,6,0,Sapphire,Location,character(0),NULL,Pablo J. Rivera,NA
crd_51bf217683f54e1bb4e6835392851031,4,0,1,1,Steel,Character,character(0),"c(""Dreamborn"", ""Hero"")",Luigi Aimé,NA
crd_0a9db863f78c46429d3f1835d046bb2e,5,3,6,2,Steel,Character,Shift,"c(""Floodborn"", ""Hero"")",Noukah,NA
crd_0bd8f734ff064b3881191b916f8354cf,4,NA,NA,NA,Steel,Action Song,character(0),NULL,Leonardo Giammichele,NA
crd_50f9f3e358124c8bbe7714840adb4a45,2,NA,NA,NA,Amber,Action,character(0),NULL,Taraneh,NA
crd_30598adaf21345729b49247364480d30,3,NA,4,1,Amethyst,Location,character(0),NULL,Wietse Treurniet,NA
crd_0fadff61937844e19a88aa608af3392c,5,2,4,3,Emerald,Character,Ward,"c(""Storyborn"", ""King"")",Koni,
crd_361b2bbfc70b4eb5a934fc18f4653371,5,2,6,2,Sapphire,Character,character(0),"c(""Storyborn"", ""Hero"", ""Robot"")",Amber Kommavongsa,
crd_94aea01bdb0a49a4aff52b8802388bb1,5,NA,NA,NA,Steel,Action Song,character(0),NULL,Ian MacDonald,"Shining, shimmering, splendid..."
crd_01d7e6fed9f74da6910769c8b8780f17,5,NA,NA,NA,Ruby,Action,character(0),NULL,Luis Huerta,Rare is the hero who can withstand a dragon's wrath.
crd_49923766da0445deab289bad2cde7662,5,NA,NA,NA,Sapphire,Action Song,character(0),NULL,Milica Celikovic,"It's time to see what I can do
to test the limits and break through"
crd_5526a660684f4be1a1abdbd210e754b2,7,5,5,3,Steel,Character,"c(""Resist"", ""Shift"")","c(""Floodborn"", ""Hero"", ""Princess"", ""Knight"")",Alice Pisoni,NA
crd_ea580b2aaa374dff847750dee360b51b,4,1,5,2,Amber,Character,character(0),"c(""Storyborn"", ""Hero"", ""Princess"")",Grace Tran,NA
crd_80c9df6d04f94ccab3df1e24619e21a3,1,2,2,1,Amber,Character,character(0),"c(""Storyborn"", ""Mentor"", ""Madrigal"")",Eri Welli,Falling for Julieta was the easiest thing he'd ever done.
crd_a853bb92fbe7486ea510a97f6a8494e2,3,1,3,2,Amber,Character,character(0),"c(""Storyborn"", ""Mentor"", ""Madrigal"")",Maxine Vee,"""Let's be clear, Abuela runs this show.""
—Mirabel"
crd_edb9044de69d43319f8a3eabb7111333,4,3,3,2,Amber,Character,Singer,"c(""Storyborn"", ""Hero"", ""Princess"")",Matthew Robert Davies,"""Watch and you'll see—some day I'll be part of your world!"""
crd_4dcd2225913d4c7b8ff2527a2b1b3fb7,5,1,5,2,Amber,Character,Singer,"c(""Dreamborn"", ""Hero"", ""Princess"")",Miss Tania Soler,
crd_a0934af0f0b04689914f8e20d868c1af,4,3,3,1,Amber,Character,character(0),"c(""Dreamborn"", ""Ally"")",Heidi Neunhoffer,"""If it's a fight they want, we'll be ready for them."""
crd_2ea290775cb046cebfd884af9fd14fb6,1,1,3,1,Amber,Character,character(0),"c(""Dreamborn"", ""Ally"")",Stefano Zanchi,"Sweet Daisy, the fairest duck I ever met
Each flaxen lock a rush of flowing gold
Her bill the color of summer sunset
Exquisite plumes, a wonder to behold"
crd_c0153fff146d4250aff6c03e0e1744aa,4,2,3,1,Amber,Character,character(0),"c(""Dreamborn"", ""Hero"", ""Musketeer"")",Kendall Hale,She has a talent for thwarting hidden schemes.
crd_dd1edbb4a44c4017a3aabb30184c0888,3,2,3,1,Amber,Character,Bodyguard,"c(""Dreamborn"", ""Hero"", ""Musketeer"")",Jochem van Gool,
crd_294d9cff39f64e0394a0af134957afc3,3,2,4,2,Amber,Character,character(0),"c(""Storyborn"", ""Ally"", ""Madrigal"")",Hedvig Häggman-Sund,Who needs a gift when you're having this much fun?
crd_17b54146ce0942e29c41fd91356c1940,3,2,4,1,Amber,Character,character(0),"c(""Storyborn"", ""Villain"")",Brian Kesinger,"""Yes, yes, everything will be ready. Just make sure you do your part."""
crd_4047afdc24734dc081571f81815febd8,1,1,4,2,Amber,Character,character(0),"c(""Storyborn"", ""Ally"")",Andrea Parisi,You'll miss her when she's gone.
crd_497f584c0a1d45e3aea9795cff7150df,4,3,4,2,Amber,Character,character(0),"c(""Dreamborn"", ""Hero"", ""Musketeer"")",Carlos Luzzi,"""Count me in!"""
crd_9939fa3d69c24dc1ba7479c32d541229,3,1,4,1,Amber,Character,character(0),"c(""Storyborn"", ""Mentor"", ""Madrigal"")",Cristian Romero,"""Eat this, mi amor."""
crd_9002164290424cb1911b9817cf1abf95,3,4,3,1,Amber,Character,character(0),"c(""Storyborn"", ""Ally"")",Stefano Zanchi,
crd_74dbff9983194285973b48e74a2c3f90,4,2,5,1,Amber,Character,Support,"c(""Storyborn"", ""Hero"")",Filipe Laurentino,
crd_a8b84c38955448fc8e9851870f2829de,7,3,6,2,Amber,Character,"c(""Bodyguard"", ""Shift"")","c(""Floodborn"", ""Hero"", ""Musketeer"", ""Captain"")",Jochem van Goor,
crd_e04ecf128d0b4bd59c3764ab5bcb978c,5,1,5,2,Amber,Character,Bodyguard,"c(""Dreamborn"", ""Hero"", ""Musketeer"")",Leonardo Giammichele,
crd_0f2a801e619f4b5eba26e139a30e49ef,5,3,5,2,Amber,Character,Support,"c(""Dreamborn"", ""Hero"", ""Madrigal"")",Aubrey Archer,NA
crd_42b2c061d90345869820c14b4bad81ee,2,2,2,1,Amber,Character,Support,"c(""Storyborn"", ""Hero"", ""Madrigal"")",Samanta Erdini,"""Why would Bruno break this prophecy? Could it be something dangerous? We have to find out!"""
crd_e621d41552194ed9819082de86d7d7fa,5,4,5,2,Amber,Character,character(0),"c(""Storyborn"", ""Ally"")",Kenneth Anderson,"When you need help, it's its head what you want to see first."
crd_59c6d7badfc34295857ca0743b40ceca,3,3,3,1,Amber,Character,Bodyguard,"c(""Dreamborn"", ""Hero"", ""Prince"")",Linh Dang,
crd_58e889f440504f44b3283ed76f3f54a4,6,5,5,2,Amber,Character,Shift,"c(""Floodborn"", ""Hero"", ""Prince"")",Lisanne Koeteeuw,
crd_8f1fc76631484555b4722899212d5625,2,2,3,1,Amber,Character,character(0),"c(""Storyborn"", ""Hero"", ""Alien"")",Aisha Durmagambetova,"Moving to the beat of the music, he begins to understand the true meaning of ohana and her place in the family he has found."
crd_982da8b7486a480fac3fd751a353a4eb,4,2,4,2,Amber,Character,Shift,"c(""Floodborn"", ""Villain"", ""Princess"", ""Sorcerer"")",Lisanne Koteeuw,
crd_a7946badda8f45c59504dc3df868ac26,2,1,4,1,Amber,Character,Singer,"c(""Storyborn"", ""Villain"", ""Sorcerer"")",Angela Simpson,This magic will certainly do the trick.
crd_c7bbb74e75664ffc99444f764f2375f0,2,NA,NA,NA,Amber,Action,character(0),NULL,Cristian Romero,"""I feel like I missed something important."""
crd_258d12e6617d4e648d73be028f191b40,1,NA,NA,NA,Amber,Action,character(0),NULL,Gonzalo Kenny,"""There, now–isn't that better?"""
crd_5b7424c24743452289505b89cdf16f9b,7,NA,NA,NA,Amber,Action Song,Sing Together,NULL,Giulia Riva,
crd_29586917a2974607a3961531ff425f4f,4,NA,NA,NA,Amber,Action Song,character(0),NULL,Ellie Horie,"I'm left behind, wondering if I should follow"
crd_9f0c12874b204c0f99d48aa7ddb68c51,3,NA,NA,NA,Amber,Action,character(0),NULL,Mariana Moreno Ayala,NA
crd_f192e99706074455884cf28efb9ee03a,2,NA,NA,NA,Amber,Item,character(0),NULL,Kuya Jaypi,
crd_15a22d22153042c6ae825f60587268f1,2,NA,NA,NA,Amber,Item,character(0),NULL,Simone Buonfantino,NA
crd_eaceb59bf4e6464c98ac6c6c37fccfe3,1,NA,6,NA,Amber,Location,character(0),NULL,Alex Shin,
crd_0c75f068ac98487f9544d1bce3858b39,2,NA,6,1,Amber,Location,character(0),NULL,Jeremy Adams,
crd_bf3808fbbb364067a497257398cf353d,3,3,4,1,Amethyst,Character,character(0),"c(""Storyborn"", ""Ally"", ""Madrigal"")",Ellie Horie,"""Once upon a time, there was a casita in the mountains with a very special family..."""
crd_28b38ef0a82544318f15540b4351041e,5,4,4,2,Amethyst,Character,Shift,"c(""Floodborn"", ""Hero"", ""Princess"", ""Sorcerer"")",Malia Ewart,The mixed ink had changed more than just the rose.
crd_66c07857c8554f0e838323669a19ffa5,3,3,3,1,Amethyst,Character,character(0),"c(""Dreamborn"", ""Hero"", ""Princess"")",Angelina Ricardo,"No matter what she tried, Belle couldn't fully heal the Beast's wound."
crd_140b4894a53d4884a4ec1e15dab9319a,5,4,5,1,Amethyst,Character,character(0),"c(""Storyborn"", ""Ally"", ""Madrigal"")",Aubrey Archer,NA
crd_a7a6c097879443db9bb5299c7017fd20,4,3,3,1,Amethyst,Character,Evasive,"c(""Storyborn"", ""Ally"", ""Madrigal"")",Juan Diego Leon,
crd_dd2e51f86dbb42e59b5b378170b9c189,4,2,5,1,Amethyst,Character,character(0),"c(""Storyborn"", ""Ally"", ""Madrigal"")",Emily Abeydeera,
crd_d469872faa0b4f0fb50d4a0dbc521211,4,3,3,2,Amethyst,Character,character(0),"c(""Storyborn"", ""Ally"", ""Madrigal"")",Otto Paredes,NA
crd_178373b0fe2f483b90202bfeb6014e0a,3,1,4,1,Amethyst,Character,character(0),"c(""Storyborn"", ""Hero"", ""Queen"", ""Sorcerer"")",Mariana Moreno,"After Elsa dispersed Ursula's storm, Anna was nowhere to be found."
crd_5fb77165fcbc43e99fc15c3d64426b65,3,4,2,1,Amethyst,Character,character(0),"c(""Dreamborn"", ""Ally"")",Brian Kesinger,"""Now the crown and the trident are mine!"" -Ursula"
crd_2eb85540f12446e38d0eef16937315eb,6,5,5,2,Amethyst,Character,Shift,"c(""Floodborn"", ""Ally"")",Brian Kesinger,
crd_21cddbd22cb445fbb3b810abe4ecbaf6,5,3,4,1,Amethyst,Character,Evasive,"c(""Storyborn"", ""Ally"", ""Madrigal"")",Otto Paredes,
crd_b61f1e595b3844cdad00a05ee402457b,3,2,4,1,Amethyst,Character,Challenger,"c(""Dreamborn"", ""Ally"")",Brian Kesinger,He snatched the trident from the betrayed glimmer.
crd_6505ff3398e942299cadd1b3995258cd,4,4,3,1,Amethyst,Character,Rush,"c(""Storyborn"", ""Ally"", ""Madrigal"")",Juan Diego Leon,"""This rock? No problem. Go get that prophecy, hermana!"""
crd_65f55cf2eedd49668ac8946ebd4d2105,1,1,2,1,Amethyst,Character,character(0),"c(""Dreamborn"", ""Broom"")",Eva Widermann,Just a few barnacles away from retirement...
crd_bdc1291ed02b4526802da87554f615fd,3,2,4,1,Amethyst,Character,character(0),"c(""Dreamborn"", ""Broom"")",Rudy Hill,
crd_217effcb1f034d1ca6e36929cce6f11d,2,2,2,2,Amethyst,Character,character(0),"c(""Storyborn"", ""Ally"")",Natalia Trykowska,"""Have you ever seen anything so beautiful?"" she asked, marveling at the Amethyst trees. 
""No, cherie,"" Lumiere replied, never taking his eyes off her. ""I have not."""
crd_4539b94483584e5591a52ff5f95348ae,3,0,3,1,Amethyst,Character,character(0),"c(""Storyborn"", ""Ally"")",Simone de Bertini,"""You're very strong. Do you work out?"" -Olaf"
crd_26639bb10e744e3ca745b81492084497,4,3,4,2,Amethyst,Character,character(0),"c(""Storyborn"", ""Ally"")",Veronica Di Lorenzo / Livio Cacciatore,
crd_8f5bdfa86b31418bb75a251ce2ebd313,5,1,5,1,Amethyst,Character,character(0),"c(""Storyborn"", ""Ally"", ""Madrigal"")",Samanta Erdini,
crd_2d0021113d084cee92cd6b33f104c1b4,3,2,3,1,Amethyst,Character,"c(""Evasive"", ""Rush"")","c(""Storyborn"", ""Hero"")",Emily Abeydeera,
crd_f71295d13f8441589472b5a993df7372,2,3,2,1,Amethyst,Character,character(0),"c(""Storyborn"", ""Ally"")",Hadjie Joos,He spotted a mysterious glow in the mountains nearby. Could it be the missing piece of the prophecy?
crd_8702d63bf6f64674b5871fa1373a1221,6,4,7,1,Amethyst,Character,Evasive,"c(""Storyborn"", ""Ally"")",Kenneth Anderson,"""That cursed beast liked the taste of me so well he's followed me ever since . . .""
- Captain Hook"
crd_3bee770abeec4669a01be3a0e307cf14,2,1,3,1,Amethyst,Character,Challenger,"c(""Dreamborn"", ""Villain"", ""Sorcerer"")",Adam Ford,"After her, Flotsam! I can't rule Lorcana without the Hexwell Crown!"
crd_d7277fc755604989840cc645a4324ba9,7,4,7,3,Amethyst,Character,Shift,"c(""Floodborn"", ""Villain"", ""Queen"", ""Sorcerer"")",Lady Shalivin,NA
crd_09c5139c68724642b9f7e54f50264473,2,1,3,1,Amethyst,Character,character(0),"c(""Storyborn"", ""Hero"", ""Sorcerer"")",Matthew Robert Davies,
crd_44c51a9b55cd433fb569767a78ebf976,2,NA,NA,NA,Amethyst,Action Song,character(0),NULL,Denny Minonne,"In pain, in need"
crd_2712b680c8c541bc868af5e0e208d295,10,NA,NA,NA,Amethyst,Action Song,Sing Together,NULL,Natalia Trykowska,Lead us to the land we dream of
crd_388773c70283456b87414157b1eebd98,1,NA,NA,NA,Amethyst,Action,character(0),NULL,Wouter Bruneel,
crd_d06befe89918438384a8d38e7acea2bd,3,NA,NA,NA,Amethyst,Action,character(0),NULL,Eri Welli,"""With both the crown and the trident, together we would be unstoppable!"""
crd_1f22214638bd46d089a6751e57dfd829,2,NA,NA,NA,Amethyst,Item,character(0),NULL,Olivier Désirée,"Ink surrounded Belle's last hope to heal the Beast. With no other choice, she reached out for it..."
crd_61d6a3538b6e40389baa4516d896cf06,2,NA,NA,NA,Amethyst,Item,character(0),NULL,Gabriel Angelo,The transformed rose made short work of the Beast's wound. But even the gentlest magic comes at a cost.
crd_57067560f7f0499da43dd94731e85552,2,NA,NA,NA,Amethyst,Item,character(0),NULL,Matt Chapman,"""Just imagine all this power in the wrong hands...""
-Ursula"
crd_3d71ecca4c6c4ec8ba289a785f237535,1,NA,6,NA,Amethyst,Location,character(0),NULL,Rachel Elese,
crd_70a2a01e064142b0a132d9ce3a86a293,3,NA,6,1,Amethyst,Location,character(0),NULL,Eri Welli / Sam Burley,
crd_38b8a802fe784ee286fd81ddc09ea7ec,5,3,4,3,Emerald,Character,character(0),"c(""Storyborn"", ""Ally"")",Heidi Neunhoffer,Everyone feels better just knowing he's around.
crd_af531020efc14cb38f4ffeb159eb8eff,3,2,2,1,Emerald,Character,"c(""Evasive"", ""Shift"")","c(""Floodborn"", ""Ally"")",Alice Pisoni,
crd_abd789362dc8479c8dc89e89859b6a6a,1,1,2,1,Emerald,Character,character(0),"c(""Storyborn"", ""Ally"")",Ellie Horie,"""Keep an eye on the sea witch, my pet. Tell me everything.""
– Maleficent"
crd_96a14bbf788e4a138b05f46f08c0fa47,4,3,3,2,Emerald,Character,character(0),"c(""Dreamborn"", ""Ally"")",Anderson Mahanski,"""I hate to cover this trap door. It really pulls the room together!"""
crd_773d33f2fd1e4f54b3a47363b31ebce1,2,2,3,1,Emerald,Character,character(0),"c(""Storyborn"", ""Ally"")",Maddie Shilt,You can always rely on him when it comes to cheese.
crd_56206ef4f9ec4b82afc4a656d41e5ba4,4,3,3,1,Emerald,Character,character(0),"c(""Storyborn"", ""Villain"", ""Deity"")",Alan Batson,
crd_5417eda101854e4e965af0714d41cb8b,3,2,3,2,Emerald,Character,character(0),"c(""Storyborn"", ""Ally"")",Anna Stosik,
crd_0ac3ee4c2bb043a280fa2e4f7f6505e7,3,1,3,2,Emerald,Character,Ward,"c(""Storyborn"", ""Queen"", ""Deity"")",Raquel Villanueva,
crd_b0d75ae5da0646e797f1563c8811e629,3,1,4,2,Emerald,Character,character(0),"c(""Storyborn"", ""Ally"")",Maddie Shilt,Teamwork makes the cheese work.
crd_762ed07f53ea4ca6a4cf7ae20ed53535,5,3,3,2,Emerald,Character,character(0),"c(""Dreamborn"", ""Hero"", ""Princess"")",Alice Pisoni,
crd_bb689737789640e98f540464691035a6,3,3,6,2,Emerald,Character,character(0),"c(""Dreamborn"", ""Ally"")",Yu Nguyen,"With love, there's always a catch."
crd_6cb1a1b4a1e447b19a2a22c63e15dec9,5,4,4,2,Emerald,Character,Ward,"c(""Storyborn"", ""Ally"")",Ye Yang / Raquel Villanueva,
crd_ca58ca94b74e4df8983b1eaecff999a3,3,2,4,2,Emerald,Character,character(0),"c(""Storyborn"", ""Ally"")",Oggy Christiansson,"""We totally took care of that thing you told us to do and definitely did not spend the day in Thebes ticketing chariots and stealing people's laundry."""
crd_3b8a6e3644374d98828747b29622e053,4,3,3,2,Emerald,Character,character(0),"c(""Storyborn"", ""Ally"")",Oggy Christiansson,"""We absolutely took care of that thing, boss. No problems, just great."""
crd_618b8dca0fe24706aae51c2c75736dd9,5,3,3,2,Emerald,Character,"c(""Evasive"", ""Shift"")","c(""Floodborn"", ""Ally"")",Brian Weisz,
crd_e7fa7e2b66a6410b9baafd7d7e46f119,1,1,1,1,Emerald,Character,Evasive,"c(""Storyborn"", ""Ally"")",Briab Weisz,"""His name is Pegasus. And he's all yours....""
–Zeus"
crd_07556ab263e64b3e816e9b094893b497,2,2,3,1,Emerald,Character,character(0),"c(""Dreamborn"", ""Villain"", ""Musketeer"")",Carlos Luzzi,
crd_e99a28536b8c4a7e98db8ee70e564fba,4,1,5,2,Emerald,Character,character(0),"c(""Storyborn"", ""Villain"", ""Musketeer"")",Stefano Zanchi,"Minnie: ""This is an outrage!""
Pete: ""No. It's my nefarious plan to steal the throne."""
crd_c7b6cf4db56e43acae3ec918308dc672,9,6,6,3,Emerald,Character,"c(""Evasive"", ""Shift"")","c(""Floodborn"", ""Hero"", ""Prince"")",Randy Bishop,
crd_79e2d6da18c84548bfc363e1aea10da1,4,3,4,2,Emerald,Character,character(0),"c(""Dreamborn"", ""Hero"", ""Prince"")",Mike Parker,He stands ready to protect his friends from any threat.
crd_cd05e8e7bb5c434cba3487e6f2aaf7ed,1,2,1,1,Emerald,Character,character(0),"c(""Storyborn"", ""Ally"")",Jon Densk / Hayley Evans,"""We know everything."" 
– Lachesis"
crd_12e044565cad4dea9a798105ec0df2f2,4,2,4,1,Emerald,Character,Ward,"c(""Storyborn"", ""Ally"")",Brittney Hackett,NA
crd_da27f6ea33754e3990af2592197c8c35,5,4,7,1,Emerald,Character,character(0),"c(""Dreamborn"", ""Ally"")",Anderson Mahanski,"They say that his arrangements are exquisite,
His composites and bouquets are so divine.
But when the crowds try to come and visit,
There's always quite a fight to form a line."
crd_6c8b36633fae4e9c9106e63af43934eb,3,0,5,2,Emerald,Character,character(0),"c(""Storyborn"", ""King"", ""Deity"")",Moniek Schilder,"""Ha! Now watch your old man work!"""
crd_d02ae657899e4523a0db31c20bdb03e9,2,NA,NA,NA,Emerald,Action,character(0),NULL,Wouter Bruneel,"""Missed me, you doggone bully!"""
crd_afc3862d2be34a6893a1d99cef9c90e6,2,NA,NA,NA,Emerald,Action,character(0),NULL,Elodie Mondoloni,
crd_dbd4475720c8479481050b2ba6ef3c5a,8,NA,NA,NA,Emerald,Action Song,Sing Together,NULL,Dylan Bonner,Such wonderful things surround you
crd_ab7661f7212743ee9509dc6f2546baa6,1,NA,NA,NA,Emerald,Action,character(0),NULL,Matthew Robert Davies,"""How dare you double-cross me!"" Ursula shouted, lunging at the other glimmer."
crd_57e2c4722d1b4d5c96a196415c1ca434,5,NA,NA,NA,Emerald,Action Song,character(0),NULL,Giulia Riva,Your fate is sealed when your prophecy is read!
crd_8bea9b8848964337b64e2ceed5c41302,2,NA,NA,NA,Emerald,Item,character(0),NULL,Adam Fenton,"""It looks like it's been here forever.""
-Flounder"
crd_03e583258e944837bd3b9f4772c45f8c,2,NA,NA,NA,Emerald,Item,character(0),NULL,Andrew Peña,"""I would love to help you, of course, but there's the little matter of the contract ..."" -Ursula"
crd_58f8144b0f884b70a2a6b946ba8377cd,3,NA,NA,NA,Emerald,Item,character(0),NULL,Jonas Petrauskas,"""Tio Bruno! What's happening to him? We have to help!""
—Mirabel"
crd_765e58c338aa4f4aa667d89198ec741b,1,NA,6,NA,Emerald,Location,character(0),NULL,Roberto Gatto,"""Flounder, this is perfect! I can't wait to explore it.""
-Ariel"
crd_5b7970f5f54d4311882227c856ac28ac,4,NA,7,1,Emerald,Location,character(0),NULL,Jonathan Livslyst,NA
crd_c3acd1c879e645779501109c65580c93,3,2,6,2,Ruby,Character,character(0),"c(""Storyborn"", ""Hero"", ""Prince"")",Ian MacDonald,It wasn't the severity of the wounds but the sickly substance that caused such unbearable pain.
crd_35af1bfc231746a3914e8e02bb3b8afa,4,5,3,1,Ruby,Character,character(0),"c(""Storyborn"", ""Mentor"", ""King"")",Eri Welli,"""We must work together to heal the entangled."""
crd_8fe17bb9974247b18e4180d4e4df3ab0,2,0,4,1,Ruby,Character,character(0),"c(""Storyborn"", ""Mentor"")",Carmine Pucci,"""I'm ready to serve the Emperor."""
crd_7cdbe543d7e447a6a84144d85870b3b9,2,2,2,1,Ruby,Character,character(0),"c(""Storyborn"", ""Hero"", ""Prince"")",Mike Mu,"""You guys look busy—I'll just keep an eye on this lore for you."""
crd_2079d6704f3a4822be89fffeb6ed32dd,4,2,4,1,Ruby,Character,Rush,"c(""Storyborn"", ""Hero"")",Justin Runfola,Never underestimate the power of a Goof.
crd_606b261078744cc8819ce42293651b88,3,3,3,1,Ruby,Character,Rush,"c(""Storyborn"", ""Hero"", ""Prince"")",Antoine Couttolenec,"""Nice catch, Jerkules.""
–Village boy"
crd_90c1d84c1ab7490897021c0eb19f781c,5,7,3,0,Ruby,Character,"c(""Reckless"", ""Rush"")","c(""Dreamborn"", ""Hero"", ""Prince"")",Diogo Saito,
crd_de5bf1478737423d8469d662e40a89d0,2,3,2,1,Ruby,Character,character(0),"c(""Storyborn"", ""Ally"")",Nicholas Kole,"As silent as a shadow and faster than the wind: brave Khan, the mightiest stallion."
crd_bbec90ced5704bd6b427c55fcfc0e3bf,1,2,2,1,Ruby,Character,character(0),"c(""Storyborn"", ""Hero"")",Brian Kesinger,"His training was unsurpassed, but it was his courage that would see him through this fight."
crd_4a59e793877041acaa1b8bf5543d85b0,3,3,2,1,Ruby,Character,Shift,"c(""Floodborn"", ""Hero"")",Nicola Saviori,
crd_d9c43964a9e84935940c0e01e52a7e6b,2,2,2,1,Ruby,Character,character(0),"c(""Dreamborn"", ""Ally"")",Valentin Palombo,"""The invaders are at our gates, mes amis! It's time to show them what we're made of."""
crd_d716dab053a54d448c9544db720aa77c,6,2,6,2,Ruby,Character,Shift,"c(""Floodborn"", ""Hero"", ""Princess"")",Nicola Saviori,
crd_263c69baf83347208e5cd76863a4afd9,2,1,3,1,Ruby,Character,character(0),"c(""Storyborn"", ""Hero"", ""Princess"")",Jared Matthews,"Ursula's messengers fled, leaving behind tendrils of dark ink."
crd_3ef4ed482d774066a82884d9424efe5c,1,2,3,1,Ruby,Character,character(0),"c(""Storyborn"", ""Hero"", ""Princess"")",Jared Mathews,She'll never give up.
crd_5c2aaf063d1f46c89b17dae93940f47c,3,2,3,1,Ruby,Character,character(0),"c(""Storyborn"", ""Villain"", ""Princess"")",Kasia Brzezinska,
crd_8ae1e6ad39e04645b85489774efd1418,6,7,5,2,Ruby,Character,character(0),"c(""Storyborn"", ""Villain"")",Justin Runfola,He sent the eels away when they came with the sea witch's offer. He didn't need her help making trouble.
crd_eb12e8151688469f9b259778c64812ca,4,4,4,1,Ruby,Character,character(0),"c(""Storyborn"", ""Ally"")",Denny Minonne,Fortune favors the bold—no matter how small.
crd_42751c368c5545afbfc23be49ae65519,2,3,1,1,Ruby,Character,Evasive,"c(""Storyborn"", ""Ally"")",Kenneth Anderson,"""It zigs, it zags, what else do you need?""
-Phil"
crd_e79d0ba09f4342b5a7a3ffe96ebef508,3,3,3,1,Ruby,Character,character(0),"c(""Storyborn"", ""Hero"", ""Princess"")",Peter Brockhammer,"""You're gonna fight an entire army?""
–Sisu"
crd_37a7ae2b078b415aab3dff267ca8c86d,4,3,3,2,Ruby,Character,character(0),"c(""Storyborn"", ""Hero"", ""Princess"")",Brittney Hackett,"""There are too many for me. But not for us."""
crd_2224596386434e1cafa9972b63cdf6e1,3,1,1,1,Ruby,Character,Evasive,"c(""Storyborn"", ""Hero"", ""Deity"", ""Dragon"")",Otto Paredes,"""Come on—what's the worst that can happen?"""
crd_36f13b7802ed494fa436673cf2a765ea,3,1,4,2,Ruby,Character,character(0),"c(""Storyborn"", ""Hero"", ""Deity"", ""Dragon"")",Lady Shalirin,Sometimes the only way to fight the unimaginable is with the incredible.
crd_1f7b39db813d495ea2aebf5c8e7ddcbe,8,5,4,3,Ruby,Character,Shift,"c(""Floodborn"", ""Hero"", ""Deity"", ""Dragon"")",Grace Tran,
crd_bf643690c507479592f493f27a9dfeb2,4,3,6,0,Ruby,Character,Reckless,"c(""Storyborn"", ""Ally"")",Mike Parker,"""I too wish to join this fellowship of Druun butt-kickery."""
crd_b90a24aba39e4054897969f472657dc9,3,2,3,1,Ruby,Character,Evasive,"c(""Storyborn"", ""Ally"")",Sandra Rios,
crd_2853060e0d9f479aaf19095e11706ae8,6,NA,NA,NA,Ruby,Action Song,Sing Together,NULL,Valentina Graziuso,"Give me a career
As a buccaneer"
crd_40dfc709e42242c8bf1a905735708345,4,NA,NA,NA,Ruby,Action Song,character(0),NULL,Emily Abeydeera,"Respected, saluted"
crd_be06b6df39cd46c2a192ae1be15fb42c,3,NA,NA,NA,Ruby,Action,character(0),NULL,R. la Barbera / L. Giammichele,There are two ways to leave the Snuggly Duckling — the door or the window.
crd_32f858adfcc74249b32a879235f871c1,1,NA,NA,NA,Ruby,Item,character(0),NULL,Devin Yang,"""By order of the Emperor, one man from every family must serve in the Imperial Army.""
—Chi Fu"
crd_26599f04c2b242a194da9d9207b944b4,2,NA,NA,NA,Ruby,Item,character(0),NULL,Defne Tözüm,
crd_20286eaca8e44e0c8527a00bf07be1c7,3,NA,NA,NA,Ruby,Item,character(0),NULL,Roberto Gatto,It's a once-in-a-lifetime view.
crd_0377cc62eb6044bc808843bbcd39eb48,1,NA,NA,NA,Ruby,Item,character(0),NULL,Sandara Tang,
crd_af45f5f03d0944e79c47f0375cc9597a,2,NA,9,NA,Ruby,Location,character(0),NULL,Jeremiah Schuster,NA
crd_ed931c16cb0142469bd6f7571576d61a,1,NA,5,NA,Ruby,Location,character(0),NULL,Matthew Oates,
crd_323c71c954624f77820944871a8100bd,2,1,4,1,Sapphire,Character,character(0),"c(""Dreamborn"", ""Hero"", ""Queen"")",Maria Dresden,"After talking to Olaf, Anna marched into the unexpected storm to save Kristoff."
crd_03719aa382e14078a9b8a9c35946e850,4,2,4,2,Sapphire,Character,character(0),"c(""Dreamborn"", ""Hero"", ""Queen"", ""Knight"")",Leonardo Giammichele,Make sure you know what's truly important and be willing to fight for it.
crd_268651d4999a481faa22b6598a4dea0c,6,3,4,3,Sapphire,Character,Ward,"c(""Storyborn"", ""Hero"", ""Princess"")",Miss Tania Soler,
crd_f6e236483db94d5cbd74ec3d0c69f685,4,3,3,2,Sapphire,Character,Shift,"c(""Floodborn"", ""Hero"", ""Princess"")",Koni,
crd_4b28e79eba2d4d97bfcad188fd8db943,2,1,3,1,Sapphire,Character,Ward,"c(""Dreamborn"", ""Hero"", ""Princess"")",Koni,Her music fills the Illuminary's gardens with joy and light.
crd_0e74340fa12045cb9bdb4824d72f2ad3,5,3,5,2,Sapphire,Character,character(0),"c(""Storyborn"", ""Villain"")",Rudy Hill,You can find villainy in the most unexpected places.
crd_b792d79485f44ddd8d1fb20b25cb19a3,1,1,3,1,Sapphire,Character,character(0),"c(""Storyborn"", ""Mentor"")",Sarah Schmidt,"When far from home, Mulan often thinks of her calming presence."
crd_e5268062a91d46d1b89bd272a3f8c043,3,2,2,2,Sapphire,Character,Support,"c(""Storyborn"", ""Ally"")",James C Mulligan,"""Ariel, Ariel! You won't believe what I found!"""
crd_d555fad606ee4b13b0493364de8c4cda,4,3,6,1,Sapphire,Character,character(0),"c(""Storyborn"", ""Villain"", ""Deity"")",Carlos Ruiz,"""On this cute little plot Ursula tentacles are sold a mile away. That sneaky sea witch… Wait! I can use this thing. While you keep those hateful Illumineers busy, I can carry out my plan."""
crd_9b50f321f3a44275b82b5e49b6766c7c,3,3,2,2,Sapphire,Character,character(0),"c(""Storyborn"", ""Villain"", ""Prince"")",Dustin Panzino / Leonardo Giammichele,Hans was confident he could bring Anna to Ursula-all he needed was something of Kristoff's to lure her in.
crd_162d0aec8da44e1d88e84982dd524156,4,3,3,1,Sapphire,Character,character(0),"c(""Storyborn"", ""Mentor"", ""Queen"")",Jake Murphy,"""Come my darling, homeward bound
When all is lost, then all is found."""
crd_08cbc914c0634bae8d6932b81f7bcdcb,8,8,8,3,Sapphire,Character,character(0),"c(""Dreamborn"", ""Villain"", ""Alien"", ""Pirate"", ""Captain"")",Leonardo Giammichele,"""There are strange things on the edge of the map: sea witches, entangled glimmers, and so on. I'll stick with my ship, thank you very much."""
crd_f4f749bc095641e1b953b1784a6efa51,3,1,4,2,Sapphire,Character,Shift,"c(""Floodborn"", ""Ally"")",Lauren Levering,
crd_d7ce71c1b8814223bb8f1d9ed75cdfb6,1,1,2,1,Sapphire,Character,Support,"c(""Storyborn"", ""Ally"")",Brian Kesinger,"""Isn't this Kristoff's hat? If he went this way, he'll be caught in that storm!"""
crd_551090cbc3134b44b9736a0fd5320b3a,3,3,3,1,Sapphire,Character,character(0),"c(""Storyborn"", ""Ally"")",Noukah,"If you want to find something hidden, get someone who's an expert at hiding."
crd_02bb98b56ae0427abdd944699f1bda1c,3,1,3,2,Sapphire,Character,Support,"c(""Storyborn"", ""Hero"", ""Prince"")",Mike Parker,
crd_7cfbdaa5c45f4ee9a73d3359c2f206c7,5,3,5,3,Sapphire,Character,character(0),"c(""Dreamborn"", ""Hero"", ""Princess"")",Aubrey Archer,"""Pascal! A new flower for the wall!"""
crd_3dcdfd3bf35341d7835d5b51893bd0cb,2,1,3,1,Sapphire,Character,character(0),"c(""Storyborn"", ""Ally"")",Kapik,"""Wow. This is special. This is very, very unusual."""
crd_bcef0c1c280242a8878b505860c6d89b,6,6,6,2,Sapphire,Character,character(0),"c(""Storyborn"", ""Hero"", ""Deity"", ""Dragon"")",Roger Pérez,"""It may feel impossible, but sometimes, you just have to take the first step, even before you're ready."""
crd_6cb237f1ebb641b1b4eded004068e865,3,3,3,1,Sapphire,Character,character(0),"c(""Dreamborn"", ""Villain"", ""Queen"", ""Sorcerer"")",Mel Milton,
crd_a5ecfd31d79b4556ab6bf7233081349c,4,3,3,2,Sapphire,Character,character(0),"c(""Storyborn"", ""Ally"")",James C Mulligan,"""A good, hot meal will set you right as rain.""
- Mrs. Potts"
crd_9ddadbe1950b402696855e6668e5cf8f,9,7,9,3,Sapphire,Character,Shift,"c(""Floodborn"", ""King"")",Erin Shin,
crd_a2ef85d2f5774b6d910349770f5db42e,3,3,3,1,Sapphire,Character,character(0),"c(""Storyborn"", ""King"")",Diogo Saito,"""If this is the only way, so be it."""
crd_ba5d06b298f545f8a2df2df6accd3294,4,3,4,1,Sapphire,Character,character(0),"c(""Dreamborn"", ""Prince"")",Malia Ewart,
crd_835ae01a69684fe7af625817ecb51341,2,2,3,1,Sapphire,Character,character(0),"c(""Storyborn"", ""Ally"")",Oggy Christiansson,"""Some say he's easily distracted. They're not wrong...""
-Raya"
crd_01a9a94d42824240b555d065d5f5f715,8,NA,NA,NA,Sapphire,Action Song,Sing Together,NULL,Rachel Else,
crd_3185489386dc4b9a833fec1e0668d65f,1,NA,NA,NA,Sapphire,Action,character(0),NULL,Veronica Di Lorenzo / Livio Caciattore,"""Maybe this is just what I need to make my invention work."""
crd_c894fefd53624306a2a7f29942641a9c,2,NA,NA,NA,Sapphire,Action Song,character(0),NULL,Rachel Elese,"I know you
I walked with you once upon a dream"
crd_e0862c1712b84e8eafa76836362c9870,6,NA,NA,NA,Sapphire,Action Song,character(0),NULL,Matt Gaser,How many wonders can one cavern hold?
crd_e8595996603e4e3ab8d772a573e75f5b,3,NA,NA,NA,Sapphire,Item,character(0),NULL,Mariana Moreno,
crd_11587e02677148c28e30eeaa164a2569,3,NA,NA,NA,Sapphire,Item,character(0),NULL,Ryan Bittner,
crd_53adf0c7c527414ab222421a8b5e4ef3,1,NA,NA,NA,Sapphire,Item,character(0),NULL,Gregor Krysiński,Frozen ink can be harvested and processed to many useful ends.
crd_e993888b82a845c698effa4248c9a980,2,NA,7,NA,Sapphire,Location,character(0),NULL,Jeremy Adams,
crd_0d7681a6ac944b5aa5606946cff8ebd5,3,NA,8,1,Sapphire,Location,character(0),NULL,Elodie Mondoloni,
crd_2e7bad8041bf496fad79f3ad42a4fd89,3,3,3,1,Steel,Character,Shift,"c(""Floodborn"", ""Hero"")",Randy Bishop,
crd_7f533fd75db94b9da5770ff4daa062ce,1,1,3,1,Steel,Character,character(0),"c(""Hero"", ""Storyborn"")",Randy Bishop,"""How about we get straight to the part where I leave quickly and you scream after me? No? I can't say I didn't give you a chance."""
crd_8b213fe23fec4f629b8368b197d7d7c8,2,4,1,1,Steel,Character,character(0),"c(""Storyborn"", ""Titan"")",Alice Pisoni,"""Looks like you got some big feelings there, buddy—let's stomp 'em out!""
-Hades"
crd_4bf96e5f5d6146ed8ccc1b2021393803,3,2,4,1,Steel,Character,character(0),"c(""Storyborn"", ""Hero"", ""Princess"")",Dylan Bonner,Everything she's ever wanted is almost in reach.
crd_fd34f98e6230426fb411e1fd8528a7dc,6,3,8,2,Steel,Character,Shift,"c(""Floodborn"", ""Hero"", ""Princess"")",Marcel Berg,NA
crd_aca54534108b43fcb881cb411581c618,3,2,3,1,Steel,Character,Resist,"c(""Storyborn"", ""Hero"", ""Prince"")",Simangaliso Sibaya,He's even tougher than he looks.
crd_6d38ee3cce1e48ae9a8e945734ab950f,3,0,5,1,Steel,Character,character(0),"c(""Storyborn"", ""Ally"")",Gaku Kumatori,"""You, there! Keep that fighting away from here! It is imperative that I write to the Emperor."""
crd_dd040ced1dd34dab9d822a6584cdc41d,5,4,7,1,Steel,Character,Bodyguard,"c(""Storyborn"", ""Ally"")",Michela Cacciatore / Giulia Priori,
crd_da097130ff544f99b4ff980b404c053e,4,3,4,1,Steel,Character,character(0),"c(""Dreamborn"", ""Hero"", ""Pirate"", ""Captain"")",Federico M. Cugliari,Nobody stands a chance against the daring duck of the high seas!
crd_a31f635bcd1f479f86d0a7d15c17e6c9,6,6,5,2,Steel,Character,"c(""Bodyguard"", ""Resist"")","c(""Storyborn"", ""Hero"", ""Prince"")",Leonardo Giammichele,NA
crd_91f835d4527741b8b1190e6695d55698,3,2,3,1,Steel,Character,character(0),"c(""Dreamborn"", ""Ally"")",Kendall Hale,
crd_8f6772e3a731466797fceabc9e3543d1,5,5,5,2,Steel,Character,character(0),"c(""Dreamborn"", ""Hero"", ""Captain"")",Carlos Ruiz,Immovable as a mountain and fierce as a dragon—the Empire's finest warrior.
crd_b99de29dfb744a0184319f957208d126,3,3,3,1,Steel,Character,character(0),"c(""Storyborn"", ""Ally"")",Michela Cacciatore / Giulia Priori,A good friend is handy in a fight.
crd_308aa649ad114f3195d950a5a60586c2,3,2,4,1,Steel,Character,character(0),"c(""Storyborn"", ""Ally"", ""Madrigal"")",Samanta Erdini,There's no way Ursula's creatures are getting to that donkey.
crd_df2a4ae009034326bac684df1aac9287,2,2,3,1,Steel,Character,character(0),"c(""Dreamborn"", ""Broom"")",Alibeth Zermeno,It spends its days keeping the treasured glimmers in the Hall of Lorcana sparkling clean.
crd_989cc7ce93b04fae9388328e9f46d840,6,2,6,2,Steel,Character,Resist,"c(""Dreamborn"", ""Broom"")",Otto Paredes,
crd_7295a54624614f55a8d469d9d6b2e502,5,3,4,2,Steel,Character,"c(""Resist"", ""Shift"")","c(""Floodborn"", ""Hero"", ""Sorcerer"")",Alice Pisoni,NA
crd_bc7f7f83093148e6b3f0adb729b6bd61,2,1,3,1,Steel,Character,character(0),"c(""Storyborn"", ""Hero"")",Cristian Romero,He sets the standard for intrepid adventurers everywhere.
crd_029ec16d7f294ef0a9e2b924ae6819ce,4,3,6,1,Steel,Character,character(0),"c(""Storyborn"", ""Hero"", ""Princess"")",Amber Kommayongsa,"""Maybe what I really wanted was to prove I could do things right, so when I looked in the mirror, I'd see someone worthwhile."""
crd_0fce6ec303a44937ab4b3f6ace5d4f5c,4,2,3,2,Steel,Character,character(0),"c(""Storyborn"", ""Ally"")",Stefano Spagnuolo,
crd_e66f39ac0f6a44b0bd2f7ffbd633cf9b,5,3,5,3,Steel,Character,Resist,"c(""Dreamborn"", ""Hero"")",Alex Accorsi,
crd_dbc5f2c9f1cc41ebb7b6ba6c9133a942,4,3,4,2,Steel,Character,character(0),"c(""Storyborn"", ""Ally"")",Sandara Tang,As regal as his namesake and just as powerful.
crd_498044d6e5da4eb3868df6a6d0c058d4,7,3,6,2,Steel,Character,"c(""Challenger"", ""Resist"")","c(""Dreamborn"", ""Hero"", ""Princess"")",Grace Tran,
crd_80c0754783744500af77590d9234826c,4,2,5,1,Steel,Character,Challenger,"c(""Storyborn"", ""Ally"")",Michela Cacciatore / Giulia Priori,"""I'm gonna hit you so hard, it'll make your ancestors dizzy."""
crd_9bf4859e7a784073aa4b4de08c5211f0,4,NA,NA,NA,Steel,Action,character(0),NULL,Justin Gerard,"A little snow never hurt anyone. That big rock, however..."
crd_51a5b016b78e4a22b0f2b527a65d2147,4,NA,NA,NA,Steel,Action Song,character(0),NULL,Jennifer Park,"All the most difficult missions are for me, because I am indestructible."
crd_8d3ed88361eb4e9e8af1cc1658ec69b1,3,NA,NA,NA,Steel,Action Song,character(0),NULL,Alice Pisoni,
crd_bf617c80f0c9417a8434ffa4428e7911,10,NA,NA,NA,Steel,Action Song,Sing Together,NULL,Ian MacDonald,
crd_b54632a900e042c39771ae748820bf43,1,NA,NA,NA,Steel,Action,character(0),NULL,Carlos Gomes Cabral,"""Ursula's foul creatures are not welcome in my kingdom!"""
crd_5359fd5a9e4f43568d3419a2cd737640,1,NA,NA,NA,Steel,Item,character(0),NULL,Mariana Moreno,
crd_c7979a7d0305443eb9ddb9b10469644d,2,NA,NA,NA,Steel,Item,character(0),NULL,Yari Lute,
crd_d12740d7854a4ff69d2921c943454bc8,3,NA,NA,NA,Steel,Item,character(0),NULL,Luigi Aimé,"""So help me, I'll use the ship's cannons to blast ya all to kingdom come!""
- John Silver"
crd_a8ad84833e7f41d5bf65fe1787c65fe3,4,NA,8,NA,Steel,Location,character(0),NULL,Jimm Merkle,
crd_d30e4b994223457c8b38bc696aa91e06,2,NA,7,NA,Steel,Location,character(0),NULL,Nicolas Ky,
crd_eaf7db4a652b47939bddb0db4c9030e9,5,1,5,2,Amber,Character,Singer,"c(""Dreamborn"", ""Hero"", ""Princess"")",noc4urne,
crd_b20587f1945e42d59b750f9b69cc4a6b,5,1,5,2,Amber,Character,Bodyguard,"c(""Dreamborn"", ""Hero"", ""Musketeer"")",Alice Pisoni,
crd_7bd65d4574434dd3ba908203c8cea774,7,NA,NA,NA,Amber,Action Song,Sing Together,NULL,Marine Josephine,
crd_68c45595c25041f3bcf2073a5b533edd,7,4,7,3,Amethyst,Character,Shift,"c(""Floodborn"", ""Villain"", ""Queen"", ""Sorcerer"")",John Loren / Nicholas Kole,
crd_34dd94ad32194a96931c9e2ff311ad26,2,1,3,1,Amethyst,Character,character(0),"c(""Storyborn"", ""Hero"", ""Sorcerer"")",Alan Batson,
crd_45acf301d7e2469fb961cc1f06bd2889,10,NA,NA,NA,Amethyst,Action Song,Sing Together,NULL,Saulo Nate,
crd_93ab5d88940f4610a375a928963a570f,3,2,2,1,Emerald,Character,"c(""Evasive"", ""Shift"")","c(""Floodborn"", ""Ally"")",Cristian Romero,
crd_54e413e671dc4fa3872b3481db960d47,5,3,3,2,Emerald,Character,character(0),"c(""Dreamborn"", ""Hero"", ""Princess"")",nocr4une,
crd_3694abe0d09349ca9dbef6861ea42f5a,5,NA,NA,NA,Emerald,Action Song,character(0),NULL,Victor “Yano” Covarrubias,
crd_3088ee50256240d0b22c045f593df9a8,4,2,4,1,Ruby,Character,Rush,"c(""Storyborn"", ""Hero"")",Sam Nielson,
crd_d0714091b2a14f478e2d7704c8eb50d8,8,5,4,3,Ruby,Character,Shift,"c(""Floodborn"", ""Hero"", ""Deity"", ""Dragon"")",João Moura,
crd_016db7e8b21348aca4b407fb6d2ce26d,2,NA,9,NA,Ruby,Location,character(0),NULL,Roberto Gatto,
crd_6155d5f7f7da4f3da02d755d51f10fa7,4,2,4,2,Sapphire,Character,character(0),"c(""Dreamborn"", ""Hero"", ""Queen"", ""Knight"")",noc4urne,
crd_20f6a0577b714cf393648a074b1f0bb2,3,3,3,1,Sapphire,Character,character(0),"c(""Dreamborn"", ""Villain"", ""Queen"", ""Sorcerer"")",noc4urne,
crd_79195cfde0ae4948894c37bef02d9e6f,2,NA,7,NA,Sapphire,Location,character(0),NULL,Trevor Spencer,
crd_94501fb9ecad49e9a81cd51f7c31dac7,6,3,8,2,Steel,Character,Shift,"c(""Floodborn"", ""Hero"", ""Princess"")",noc4urne,
crd_8ac9f95c19af4213b7c6aed341965206,5,3,5,3,Steel,Character,Resist,"c(""Dreamborn"", ""Hero"")",Simangaliso Sibaya,
crd_ae2a969b746542268ff0bcfc735ea367,4,NA,8,NA,Steel,Location,character(0),NULL,Andreas Rocha,
crd_86d6559da2404639813a26adaa8ccedf,2,1,3,1,Amethyst,Character,character(0),"c(""Storyborn"", ""Hero"", ""Sorcerer"")",Matthew Robert Davies,NA
crd_40af5ff824594a7a899021662e0210ca,6,2,6,2,Ruby,Character,Shift,"c(""Floodborn"", ""Hero"", ""Princess"")",Nicola Saviori,NA
crd_bd9957831e61475fa527ff77c2976f40,5,3,4,2,Steel,Character,"c(""Resist"", ""Shift"")","c(""Floodborn"", ""Hero"", ""Sorcerer"")",Alice Pisoni,NA
crd_a0a1e1bb99794f04991929ced6001ae8,8,5,5,4,Ruby,Character,Evasive,"c(""Dreamborn"", ""Hero"")",Nicholas Kole,"When defeat looms and victory hangs by a thread, a hero bolts to the rescue, patching things up with sheer determination."
crd_8de3ae21bca6455bb44da9803af19ea8,7,5,5,3,Steel,Character,"c(""Resist"", ""Shift"")","c(""Floodborn"", ""Hero"", ""Princess"", ""Knight"")",Grace Tran,
crd_e18e96745a00405d8e927f8d4c75dc72,2,1,3,1,Emerald,Character,character(0),"c(""Storyborn"", ""Villain"", ""Sorcerer"")",Lisanne Koeteuw,
crd_8d986fbd95984691b7fe1a27a5e110bc,4,3,3,1,Amethyst,Character,Evasive,"c(""Storyborn"", ""Ally"", ""Madrigal"")",Juan Diego Leon,
crd_b2e4820cbbda4610b54f3e9c00fa4576,4,2,4,2,Amber,Character,Shift,"c(""Floodborn"", ""Hero"", ""Princess"", ""Racer"")",Vanessa Morales,
crd_9093f79568f941ccaf0f4708a1b74133,2,2,1,2,Sapphire,Character,character(0),"c(""Storyborn"", ""Hero"")",Tom Bancroft,
crd_7202d58f49f84525b3a9364c319772f3,2,2,1,2,Amber,Character,character(0),"c(""Storyborn"", ""Ally"")",Therese Vildefall,"""I mean, I don't want to brag or nothing, but I got some moves."""
crd_7cfdb563e48a4998ae06726dd5feda7d,1,0,4,1,Amber,Character,character(0),"c(""Storyborn"", ""Ally"")",Shannon Hallstein,The Lorcana Hide-and-Seek Championship was hers for the taking.
crd_e9dd2025da3b4ef7adf3f2b9cd67f421,4,3,3,2,Amber,Character,Singer,"c(""Storyborn"", ""Hero"", ""Prince"")",Rosa la Barbera / Livio Cacciatore,NA
crd_db3ade6d337c4c72aad63938a16e7692,4,3,4,1,Amber,Character,Support,"c(""Storyborn"", ""Ally"")",Ron Baird,"""Let's find some nice twigs, eh? I could use a snack!"""
crd_85a886f78a71416aa253879cbe81d8dd,2,1,4,1,Amber,Character,character(0),"c(""Storyborn"", ""Hero"")",Chunxi Mu,"""You have to look after your little brother, no matter how big a pain he is.""
-Kenai"
crd_d3dd900e88304c778c319c8facd2c8f2,1,2,2,1,Amber,Character,character(0),"c(""Storyborn"", ""Hero"", ""Princess"", ""Racer"")",César Vergara / Eri Welli,"""Look, the code may say I'm a princess, but I know who I really am..."""
crd_461c6287b34c4be19933bac34f7c7d78,4,4,4,1,Amber,Character,character(0),"c(""Storyborn"", ""Ally"")",Ron Baird,"""I'd love a snack, but I'm kinda tied up right now."""
crd_907793ab7fb44dd38c58f0dc1172a7d6,2,1,3,1,Amber,Character,Support,"c(""Storyborn"", ""Hero"")",Olivier Désirée,"""Peanut butter and pineapple! This'll be the best cake ever!"""
crd_48fb46a8fbdd4615a2c9ab99f304a0f2,2,2,2,1,Amber,Character,character(0),"c(""Dreamborn"", ""Hero"", ""Princess"", ""Racer"")",Hedvig Häggman-Sund,"""I'll take whatever you've got...as long as it's got sugar in it."""
crd_e300981771704026815250b876ae28be,3,2,4,1,Amber,Character,Bodyguard,"c(""Storyborn"", ""Hero"")",Hedvig Häggman-Sund,"""Golly, this place is going to take some real fixing!"""
crd_12426744b21049a39b01acf3d93e4311,3,2,3,2,Amber,Character,Singer,"c(""Storyborn"", ""Ally"")",Lauren Barger,"""Good evening, Lorcana! We are here tonight to celebrate the possibilities that open up to us when we unite."""
crd_894f1b97871342e29b414e927dcd1140,5,4,5,1,Amber,Character,Shift,"c(""Floodborn"", ""Hero"")",João Moura,NA
crd_1ebd5b431d3c46b882e3c95712a9502a,9,3,7,3,Amber,Character,character(0),"c(""Dreamborn"", ""Ally"")",Jochem van Gool,NA
crd_7c261f64006d414180bf53ea7ae2f467,5,5,5,5,Amber,Character,character(0),"c(""Storyborn"", ""Hero"", ""Madrigal"")",Emily Abeydeera,"""There's nothing we can't accomplish together!"""
crd_9b72fe4e823b447fbdd927b3dae1342a,5,4,4,2,Amber,Character,Shift,"c(""Floodborn"", ""Hero"")",Roger Pérez / Leonardo Giammichele,NA
crd_8ae92c4a53ef47acb4aefde6341cba60,1,1,4,2,Amber,Character,character(0),"c(""Storyborn"", ""Ally"")",Francesco D'ippolito / Giuseppe di Maio,NA
crd_3a3a926925af4b4ca1cd8567c7a300ae,2,1,3,1,Amber,Character,character(0),"c(""Storyborn"", ""Hero"")",Cristian Romero,"""I don't think I've ever seen anything as sweet as this."""
crd_da584233ea5149dd814bd6b372e015d5,3,3,4,2,Amber,Character,character(0),"c(""Storyborn"", ""Hero"", ""Princess"")",Isabella Ceravolo,"""Investigate every part of the Illuminary, find the chromicons, restore the Illuminary, how hard can it—wait, what was that noise?"""
crd_412dcf4edf204b919385a120e64b4b50,4,2,4,2,Amber,Character,Shift,"c(""Floodborn"", ""Hero"", ""Princess"", ""Racer"")",Vanessa Morales,NA
crd_d46b1371e56d486786fb471a1c043d3a,4,2,3,2,Amber,Character,character(0),"c(""Storyborn"", ""Ally"")",John Loren,"""Thank you! Now here's a little ditty for our floodborn friends that we call 'Martin and the Flood.'"""
crd_4bb6eeb124574cc6ac3695e255598cfb,7,6,7,2,Amber,Character,character(0),"c(""Storyborn"", ""Hero"")",Hyuna Lee,"If he must give a victory speech, he'll keep it brief."
crd_0140dc8d8b8444878839e0c94f358497,6,4,5,2,Amber,Character,character(0),"c(""Dreamborn"", ""Princess"")",Jenna Gray,"""And who might you be, my noble knight and champion?"""
crd_a35ce7543f7e4af49eb325083776e061,4,3,3,2,Amber,Character,character(0),"c(""Storyborn"", ""Ally"")",Gonzalo Kenny,NA
crd_edb33beb5360472080df4b6d2a6878a2,4,1,5,2,Amber,Character,character(0),"c(""Storyborn"", ""Hero"")",Gonzalo Kenny,"""Oh my! Is that part of the Illuminary? I have to go help!"""
crd_43b3128f2b504d7b9364db3803511c13,4,NA,NA,NA,Amber,Action Song,character(0),NULL,Nicolas Ky,I want to try even though I could fail
crd_10b23643a0b146bcb95389cfb37c6133,3,NA,NA,NA,Amber,Action,character(0),NULL,Mariana Moreno,"""The heart is not so easily changed, but the head can be persuaded."" —Grand Pabbie"
crd_0eaf4bdb418a4e63a69851152b8bb057,5,NA,NA,NA,Amber,Action,character(0),NULL,Jared Mathews,Not all that is lost is gone forever.
crd_1fafea8238334475ae8ed9ece3728309,6,NA,NA,NA,Amber,Action Song,character(0),NULL,Nicola Saviori,NA
crd_d544feda22c44e0e9fccb9936fb20202,2,NA,NA,NA,Amber,Action,character(0),NULL,Taraneh,NA
crd_af887c9fbbbf4e12bf91a9d221681e71,2,NA,NA,NA,Amber,Item,character(0),NULL,Alex Accorsi,NA
crd_a3736e115d014a5e85d5913b9d100f9e,2,NA,NA,NA,Amber,Item,character(0),NULL,Juan Diego Leon,NA
crd_a849716500754889824d4a9aeb2c6b84,2,NA,NA,NA,Amber,Item,character(0),NULL,Dustin Panzino,"""Comfort the weak and weary.""
-Inscription"
crd_f27b7d5ae80b49c4a1a6019138a14ace,2,NA,8,0,Amber,Location,character(0),NULL,Jeremy Adams,"""It's a scary world out there.""
–Mother Gothel"
crd_210e4fd42fff4273b7ed916683431def,3,NA,8,1,Amber,Location,character(0),NULL,Matthew Oates,NA
crd_d3bfcff390e54c9bbd1027b57320d621,8,7,7,2,Amethyst,Character,Shift,"c(""Floodborn"", ""Villain"", ""Queen"", ""Sorcerer"")",Malia Ewart,NA
crd_fdc463d617dd4b938a2991c4f1e1f542,6,5,5,1,Amethyst,Character,character(0),"c(""Storyborn"", ""Ally"")",Randy Bishop,NA
crd_5004569c2e0246e8bc9014bc00c21cd1,1,1,1,1,Amethyst,Character,character(0),"c(""Dreamborn"", ""Ally"")",Alice Pisoni,"""Step to it! Time is of the essence."""
crd_830fee590a4e49c1a54622779b4380c3,4,3,3,2,Amethyst,Character,character(0),"c(""Storyborn"", ""Mentor"", ""Sorcerer"")",Andrea Femerstrand,"""Don't rush me, now—this is important."""
crd_fc8acdf39f114f398bca3f962a072274,3,2,2,2,Amethyst,Character,Evasive,"c(""Storyborn"", ""Ally"")",Kendall Hale,"""Hmph. What does an owl have to do to get a little peace and quiet around here?"""
crd_c1cb807b384241ea876b8b2d52b1bc46,4,2,2,2,Amethyst,Character,Evasive,"c(""Storyborn"", ""Ally"")",Kendall Hale,NA
crd_314343a109e74d31bb84143aeb72d25f,4,4,5,2,Amethyst,Character,character(0),"c(""Storyborn"", ""Ally"")",Alice Pisoni,Who woke up the big guy?
crd_a9888f3a8e1845588922ff69068e6f78,3,1,2,2,Amethyst,Character,character(0),"c(""Storyborn"", ""Ally"")",Amber Kommavongsa,NA
crd_3cc55696a89340ceb63f0ad739644c17,3,3,4,1,Amethyst,Character,character(0),"c(""Storyborn"", ""Ally"")",James C Mulligan,"Oh me, oh my! Did a piece just fall off the Illuminary?! I've got to tell someone before it's too late, late, late!"
crd_68ff503b4be94f6cbf93a9b0cd097c80,4,3,7,1,Amethyst,Character,character(0),"c(""Storyborn"", ""Villain"", ""Sorcerer"")",Kenneth Anderson,NA
crd_5c628b6eefe64685a02ea0bd3bef7a44,6,4,8,3,Amethyst,Character,character(0),"c(""Storyborn"", ""Ally"", ""Madrigal"")",Samanta Erdini,"""This is just a warm-up, folks! Wait 'til you see the big finale!"""
crd_2254457f8600435abc8520521283f8ff,7,4,5,2,Amethyst,Character,Shift,"c(""Floodborn"", ""Hero"", ""Queen"", ""Sorcerer"")",Jackie Droujko,NA
crd_14a6c9cb57b54a889bad8a3e1f62e8ba,5,1,4,2,Amethyst,Character,"c(""Challenger"", ""Evasive"", ""Shift"")","c(""Floodborn"", ""Ally"")",Michaela Martin,NA
crd_db64e740e8ef4c22b87c89fa48093cee,5,2,5,1,Amethyst,Character,"c(""Evasive"", ""Rush"")","c(""Dreamborn"", ""Hero"", ""Queen"", ""Sorcerer"")",Lisanne Koeteeuw,NA
crd_e0a935e3f8394d2b881f48d3c9c46b05,7,5,5,2,Amethyst,Character,character(0),"c(""Storyborn"", ""Ally"")",Brian Kesinger,"""Keep your eyes on me, folks! It's time for a little prestidigitation!"""
crd_bb8f3a2d154346dc8e21ef6fea46a1f0,9,6,6,3,Amethyst,Character,Evasive,"c(""Storyborn"", ""Ally"")",Andrea Parisi,NA
crd_ec332a15608840ad942e800aa7b17294,3,0,4,2,Amethyst,Character,character(0),"c(""Storyborn"", ""Villain"", ""Sorcerer"")",Carlos Gomes Cabral,NA
crd_5dc832dce6f943ddbb2bcdce8893ae61,5,5,6,1,Amethyst,Character,character(0),Storyborn,Ivan Shavrin,"The great beast breached the surface of the Azurite Sea, and the cry went out, ""Monstro! Monstro!"""
crd_5a958c7371a3467fbb486adb3bd370ce,4,2,5,1,Amethyst,Character,character(0),"c(""Storyborn"", ""Villain"", ""Sorcerer"")",Stefano Spagnuolo,NA
crd_9fce790e0b1c4e0788899b6eb0d6aad0,2,2,2,2,Amethyst,Character,character(0),"c(""Storyborn"", ""Villain"", ""Sorcerer"")",Aris Zentelis,"""Evidently my invitation was lost. How dreadful. Here, let me help with the decorations . . ."""
crd_1f76ed2f61db4a9cb5a5647c43e1ebfc,4,1,4,2,Amethyst,Character,Rush,"c(""Storyborn"", ""Mentor"", ""Sorcerer"")",Giulia Riva,NA
crd_63be1159dcec47dba6234bf124f86c75,3,1,3,1,Amethyst,Character,character(0),"c(""Dreamborn"", ""Hero"", ""Queen"")",Leonardo Giammichele,"""Okay, I can move small objects without any problems. I need something bigger... Where is Kristoff's sleigh?"""
crd_19a1d88c22204acf9412f49437e0eb00,4,1,4,2,Amethyst,Character,character(0),"c(""Storyborn"", ""Ally"", ""King"")",Brittney Hackett,"""By order of the king. You heard what she said!"""
crd_7fd5d0e0a462464dbc04f11a37718f4a,6,3,7,1,Amethyst,Character,character(0),"c(""Storyborn"", ""Ally"", ""Madrigal"")",Saulo Nate,NA
crd_9444cd2552124a658a0c276513934a4f,2,NA,NA,NA,Amethyst,Action,character(0),NULL,Giulia Riva,"Suddenly, Basil felt a strong desire to find the broken crown."
crd_78be93b7d9664f388cebf0499a2e6dd8,5,NA,NA,NA,Amethyst,Action,character(0),NULL,Andy Estra / Stefano Zanchi,"""Three wishes, comin' right up!""
- Iago"
crd_74fab45eaa32470b9ca3c830ab920f93,3,NA,NA,NA,Amethyst,Action Song,character(0),NULL,Jake Murphy,NA
crd_f199d7305e4a4b0a81d20610d4761aa9,2,NA,NA,NA,Amethyst,Action,character(0),NULL,Heidi Neunhoffer,"""Just think! All this knowledge was under our noses the whole time. We only had to look in the right place."""
crd_6efcf80c6ccc458e9892bacc332c32d7,3,NA,NA,NA,Amethyst,Action,character(0),NULL,Luca Pinelli,"""You've got some power in your corner now!"" –Genie"
crd_0aa70773df3a4f87ab5b96825787497d,1,NA,NA,NA,Amethyst,Item,character(0),NULL,Stefano Zanchi,NA
crd_721b1a5a766441a382bd8975b7b7a7ea,6,NA,NA,NA,Amethyst,Item,character(0),NULL,John Loren,The broken crown holds dark and mysterious powers.
crd_6506bc6d995f48a6b643477a796faba1,2,NA,NA,NA,Amethyst,Item,character(0),NULL,Dustin Panzino,"""Seek not power for its own sake.""
– Inscription"
crd_aaae8eab8f604635883282a61d3376ff,3,NA,4,1,Amethyst,Location,character(0),NULL,Wietse Treurniet,NA
crd_cbca0a75a1f9430baae6cf1528a421c4,3,NA,8,1,Amethyst,Location,character(0),NULL,Roberto Gatto,NA
crd_e563c6bf2df446f5b77fbf41d3d3b30a,9,6,6,4,Emerald,Character,Ward,"c(""Storyborn"", ""Hero"")",James Rey Sanchez,NA
crd_e736ff0f31bb455992c5ba93c4875444,3,2,3,1,Emerald,Character,Evasive,"c(""Storyborn"", ""Ally"", ""Hyena"")",Julien Vandois,NA
crd_715fd7db81234ccc970f710f0c4d469e,1,0,4,1,Emerald,Character,character(0),"c(""Storyborn"", ""Ally"")",John Loren,"""You're in for a real treat, Rob. Tonight's house special is my famous outlaw grub. Made from the finest whatever we could find!"""
crd_e069dd79b4104043aab51cde64808d82,5,3,5,2,Emerald,Character,Evasive,"c(""Storyborn"", ""Ally"")",Kuya Jaypi,"""Oh, I guess one quick spin through the lights won't hurt."""
crd_4b2b91b67cde4db99f61c51b388a338f,4,4,3,2,Emerald,Character,character(0),"c(""Storyborn"", ""Ally"")",Matt Chapman,His performances are unspeakably good.
crd_83352cb5f0a94843857df13731c502be,3,2,3,1,Emerald,Character,character(0),"c(""Storyborn"", ""Ally"", ""Hyena"")",Otto Paredes,"""A-heh, heh, heh, heh, heh, heh, heeee."""
crd_b72fb20c7b664b749e55de43aae47b3c,3,2,4,1,Emerald,Character,character(0),"c(""Storyborn"", ""Ally"", ""Fairy"")",Eri Welli,"""Don't fuss, dear! A flick of the wrist will turn these briars into something beautiful."""
crd_c6e74eb559f2406fbea088388759a259,1,1,2,1,Emerald,Character,character(0),"c(""Storyborn"", ""Ally"", ""Fairy"")",Eri Welli,"""The most beautiful color is blue!"""
crd_5d3eec99c8a746a5b8b774fb50cc5180,2,2,2,1,Emerald,Character,character(0),"c(""Storyborn"", ""Hero"")",Oggy Christiansson,"""For a second there, I thought this might be a real challenge."""
crd_f67695810a434de2af182783cbd167e9,5,3,7,2,Emerald,Character,character(0),"c(""Storyborn"", ""Ally"", ""Fairy"")",Eri Welli,"""The secret to a good cake is combining everything just right. Every ingredient is important, but the magic is in how they work together."""
crd_a7aa78d2d3044e7ea94529cb078fced2,4,2,4,1,Emerald,Character,Evasive,"c(""Storyborn"", ""Ally"")",Hadjie Joos / Pix Smith,NA
crd_9a47b5d5d819442882b5319fab5ed77a,2,3,2,2,Emerald,Character,character(0),"c(""Storyborn"", ""Ally"", ""Hyena"")",Otto Paredes,He will never refuse a quick bite before dinner.
crd_f291329542f04339988b4051333a446e,4,2,4,3,Emerald,Character,character(0),"c(""Storyborn"", ""Ally"", ""Hyena"")",Stefano Spagnuolo,"As far as he's concerned, there's no such thing as bad taste."
crd_6ecf18a6435e46238220c23606eb7768,3,2,1,2,Emerald,Character,Evasive,"c(""Storyborn"", ""Villain"", ""Alien"", ""Pirate"")",Justin Runfola,NA
crd_ab1aec84c58d45afb0773657b0990323,7,3,9,3,Emerald,Character,character(0),"c(""Storyborn"", ""Hero"", ""Prince"")",Ian MacDonald,NA
crd_7e4aa6ffcba9401b916220a6f79c355c,7,5,6,2,Emerald,Character,Shift,"c(""Floodborn"", ""Ally"")",Jennifer Park / Livio Cacciatore,NA
crd_e572046b12da49769e2e492828d61636,3,2,3,2,Emerald,Character,character(0),"c(""Storyborn"", ""Hero"", ""Queen"")",Dylan Bonner / Celeste Jamneck,NA
crd_ecb9566eb3fb4a9f9765dac205bf1b2d,1,1,2,1,Emerald,Character,character(0),"c(""Storyborn"", ""Ally"")",Kenneth Anderson,NA
crd_2f8df927b41b4664aa7f6b810df6da4a,2,2,2,1,Emerald,Character,character(0),"c(""Storyborn"", ""Ally"", ""Hyena"")",Alexandria Neonakis,"""What do we got here, a little snack pack?"""
crd_c87a5472942748c6af5d609bb93d63c1,5,3,5,1,Emerald,Character,Shift,"c(""Floodborn"", ""Hero"")",Nicholas Kole,NA
crd_209d406df9574154ad94b0b7c78d635f,2,1,3,1,Emerald,Character,character(0),"c(""Storyborn"", ""Villain"")",Carlos Gomes Cabral,A beautiful lady never stands meekly at the back of the line.
crd_12fad68b6919451cb7165478fec5aee7,3,2,3,1,Emerald,Character,character(0),"c(""Storyborn"", ""Ally"")",Lissette Carrera,"""Golly! Those dancers can really moo-ve!"""
crd_a4bc1bcb3ca54062af8854d9ee7a920f,5,3,6,1,Emerald,Character,character(0),"c(""Storyborn"", ""Ally"", ""Hyena"")",Otto Paredes,NA
crd_df75fce740274e7092a368c0dfa0b417,6,4,6,2,Emerald,Character,Shift,"c(""Floodborn"", ""Villain"")",Dylan Bonner,NA
crd_a6340b8d58a14de28c95f912df744b3e,4,4,2,1,Emerald,Character,Ward,"c(""Storyborn"", ""Villain"")",César Vergara,NA
crd_b467180bb50b4da59a6b99725ad7fa84,2,NA,NA,NA,Emerald,Action,character(0),NULL,Elodie Mondoloni,"""A security device! Easily defeated, of course. Once I make room for the crown, I . . . can . . . bring . . . it . . . to . . . him."""
crd_4fc312f6a56240dba9cb3c6fc6efecde,3,NA,NA,NA,Emerald,Action,character(0),NULL,Antoine Couttolenc,"""I think someone is targeting predators on purpose and making them go savage!""
— Judy Hopps"
crd_c16e96de6fd24d58969aa7429dcbbdcc,4,NA,NA,NA,Emerald,Action Song,character(0),NULL,César Vergara,I make everything happen!
crd_d5e31be3b67a41c0a0f6ce871e8c69c4,4,NA,NA,NA,Emerald,Action,character(0),NULL,Cory Godbey,NA
crd_e37301dbd08d47fcbd95accf72aa2a3c,3,NA,NA,NA,Emerald,Item,character(0),NULL,Stefano Zanchi,NA
crd_20513d1b0b8947e7b18e967292e9fb23,1,NA,NA,NA,Emerald,Item,character(0),NULL,Stefano Zanchi,NA
crd_693273eeac4846a39a3539fc6ded617d,3,NA,NA,NA,Emerald,Item,character(0),NULL,Dustin Panzino,"""Trust in the winds of change.""
- Inscription"
crd_846446f8cb0941d293de679be94fac73,2,NA,7,0,Emerald,Location,character(0),NULL,Douglas De La Hoz,
crd_85d29b6399cc45b696b6f1e9abe19910,3,NA,6,1,Emerald,Location,character(0),NULL,Andreas Rocha,NA
crd_47393fa4b8714ffbb182701c995d4998,2,2,2,2,Ruby,Character,character(0),"c(""Storyborn"", ""Ally"", ""Racer"")",Koni,"""There's not a glimmer that can keep up with me. You might as well quit now."""
crd_f41934191f364d68bc66e64860cc0c92,3,1,4,1,Ruby,Character,character(0),"c(""Storyborn"", ""Hero"")",Lisanne Koeteeuw,NA
crd_a583e1fe8f2144a7bbc320e966734055,6,3,5,2,Ruby,Character,character(0),"c(""Storyborn"", ""Ally"")",Federico Maria Cugliari,It's easy to get carried away when it comes to tug-of-war.
crd_c53a525669114b578666906f5adff421,2,2,3,1,Ruby,Character,Rush,"c(""Storyborn"", ""Villain"", ""Racer"")",Juan Diego Leon,NA
crd_735ff8a1a313478cacec3260dd388dfa,5,3,6,1,Ruby,Character,Shift,"c(""Floodborn"", ""Hero"", ""Knight"")",César Vergara,NA
crd_ba5b6348c7074d0cb21ecde50a1e6651,4,4,4,1,Ruby,Character,character(0),"c(""Storyborn"", ""Ally"", ""Racer"")",Ellie Horie,"Ingredients: Butter, sugar, unsweetened chocolate, vanilla, and arrogance."
crd_0e2b19d48e8447f19582feef97a52725,5,6,3,2,Ruby,Character,character(0),"c(""Storyborn"", ""Villain"")",Dinulescu Alexandru,The second Rule of Villainy: Never settle for second place.
crd_0af4496693f64685885b27455c69e385,3,2,4,1,Ruby,Character,Rush,"c(""Storyborn"", ""Ally"", ""Racer"")",Simangaliso Sibaya,"When it comes to racing, she never gets cold feet."
crd_bfe946722b9545b996eac2d8d5e13dfd,2,2,2,1,Ruby,Character,Evasive,"c(""Storyborn"", ""Hero"")",Maddie Shilt,She has an unblemished record.
crd_bc7acdf1831f4c71bbab9e1c2c16f0ff,4,2,4,2,Ruby,Character,character(0),"c(""Dreamborn"", ""Hero"")",Raquel Villanueva,He loves to share the spotlight with a star like Minnie.
crd_833361002e2a4571b9d12ba392560b16,3,1,5,1,Ruby,Character,character(0),"c(""Dreamborn"", ""Villain"")",Adam Fenton,The world's most diabolical genius should never suffer such indignities!
crd_4a0125f47df34b3c9f0f097e0cc68c84,1,1,2,1,Ruby,Character,character(0),"c(""Storyborn"", ""Ally"", ""Racer"")",Carlos Luzzi,"""Never lose sight of where you're going. Second place."""
crd_9c1f10eec0c84bd8bae7c5403a6221a7,5,7,5,2,Ruby,Character,character(0),Storyborn,Mike Parker,"""You'll pay for what you've done! I'll track you all the way to the Azurite Sea if I have to!"""
crd_3c2769ada879468487b74479a921bc27,7,6,6,2,Ruby,Character,character(0),"c(""Storyborn"", ""Villain"")",Louis Jones,NA
crd_b486db00d41f4888984650e72cc36b00,4,3,3,1,Ruby,Character,Shift,"c(""Floodborn"", ""Ally"", ""Racer"")",Jiahui Eva Gao,NA
crd_04d93f974e354add83a5c60fbcc342d1,4,1,4,2,Ruby,Character,character(0),"c(""Storyborn"", ""Hero"")",Federico Maria Cugliari,NA
crd_63f4432a95d84d9dab23728cf715f31f,9,10,6,2,Ruby,Character,Rush,"c(""Dreamborn"", ""Villain"")",Dave Alvarez / Livio Cacciatore,NA
crd_6351c1cb10e841e09ce43d107309796b,3,4,3,1,Ruby,Character,character(0),"c(""Storyborn"", ""Villain"")",Gaku Kumatori,"His half-baked scheme to whisk away the food almost worked. But in the end, he got his just desserts."
crd_51db72cea0fc47c7a261bea9f511d4eb,1,2,3,0,Ruby,Character,Reckless,"c(""Storyborn"", ""Hero"")",Brian Weisz,"""Hold it, boy. Not so fast."" -Merlin"
crd_79bc467a7ad540e4b2012a26e7a247df,3,2,4,1,Ruby,Character,character(0),"c(""Storyborn"", ""Ally"")",Francesco D’ippolito / Giuseppe di Maio,He keeps his eye on the prize.
crd_e49684f046464f2fac248bd11ba54f5d,7,5,5,3,Ruby,Character,"c(""Evasive"", ""Shift"")","c(""Floodborn"", ""Villain"")",Nicholas Kole,NA
crd_a24dcdebfc7246d4be1faad573e0a23e,4,3,3,2,Ruby,Character,Rush,"c(""Storyborn"", ""Hero"", ""Princess"", ""Racer"")",Hyuna Lee,NA
crd_655a6cb32b86442e8bfc1538371dcded,1,2,1,1,Ruby,Character,character(0),"c(""Storyborn"", ""Hero"", ""Prince"")",Valentin Palombo,NA
crd_534dcd9a655747bfbcb0c52c605e9220,3,2,4,1,Ruby,Character,character(0),"c(""Dreamborn"", ""Hero"")",Raquel Villanueva,She doesn't seek the spotlight—the spotlight seeks her.
crd_8f78f01a16b947d8808ca0d350cb5c31,1,NA,NA,NA,Ruby,Action,character(0),NULL,Brian Kesinger,Tink darted from the shattered lantern in the blink of an eye.
crd_07fed6332fd14403b062bc4f1aed3e63,2,NA,NA,NA,Ruby,Action,character(0),NULL,Adam Bunch,NA
crd_0f1a48118a4d4952864c66eec69808cf,7,NA,NA,NA,Ruby,Action Song,character(0),NULL,Linh Dang,Let's call it a night
crd_00e4569178e847649514f979474839fe,4,NA,NA,NA,Ruby,Action,character(0),NULL,Ian MacDonald,"Hades: ""Listen, kid. If I'm gettin' banished back to the lorebook, you're going with me."" Hercules: ""We'll see about that."""
crd_534a9b86f32b472ab15ec30d254d76e3,3,NA,NA,NA,Ruby,Action,character(0),NULL,Denny Minonne,"""Don't forget, the purple unicorn is mine!"""
crd_96709c5ceb00448ab2b8e4b039319183,1,NA,NA,NA,Ruby,Item,character(0),NULL,Kendall Hale,NA
crd_22989be17783417ea635d11b83b71252,3,NA,NA,NA,Ruby,Item,character(0),NULL,Mario Oscar Gabriele,NA
crd_414acca972834b90bd464855d69b79cf,1,NA,NA,NA,Ruby,Item,character(0),NULL,Dustin Panzino,"""Leave fear behind.""
– Inscription"
crd_38b31e4f9b2043259a5d8909cb58b8d3,1,NA,5,0,Ruby,Location,character(0),NULL,Cristian Romero,NA
crd_2c1dd652a2ff4655a1e26419afe50b4e,2,NA,7,0,Ruby,Location,character(0),NULL,Jeremy Adams,NA
crd_824fecbd011140ecaba3b8c8d7c4740a,1,2,2,1,Sapphire,Character,character(0),"c(""Storyborn"", ""Villain"", ""King"", ""Racer"")",Otto Paredes,"""My sweet subjects, I can without a pinch of hesitation assure you that I have never been so happy."""
crd_ee79f31b26a94960a66ea9e5defa5a0c,4,4,3,2,Sapphire,Character,character(0),"c(""Storyborn"", ""Ally"")",Rianti Hidayat,"""Look, look! My tooth is even looser today!"""
crd_bc6df0ab3743447f9498d36c8f51fe73,2,0,4,1,Sapphire,Character,Ward,"c(""Storyborn"", ""Villain"", ""Queen"", ""Sorcerer"")",Carmine Pucci,She'd seen what the ink could do for other glimmers. What could it do for her?
crd_d71041d05a2249a6a4785367a7236274,4,5,5,2,Sapphire,Character,character(0),"c(""Storyborn"", ""Hero"")",Cam Kendell,"""The secret room should be right here! Ach, I cannot believe I paid a whole penny for this map."""
crd_16dd3d0f11fb4a96a4aa7d7f69468a23,3,1,5,1,Sapphire,Character,character(0),"c(""Dreamborn"", ""Villain"", ""Prince"")",Carlos Gomes Cabral,"""Of course I'm on the list. Check under 'PJ.'"""
crd_0a76a477c4d142439e5005d76bc01da2,4,1,4,2,Sapphire,Character,character(0),"c(""Storyborn"", ""Mentor"", ""Sorcerer"")",Alice Pisoni,"""A little peace and quiet will do your health good, boy."""
crd_761315af205f480fae3ecf8c5018db46,3,0,4,2,Sapphire,Character,character(0),"c(""Storyborn"", ""Hero"")",Alex Accorsi,NA
crd_cf5e4f99f9c44d91b44ba607d640173b,5,2,6,1,Sapphire,Character,"c(""Shift"", ""Ward"")","c(""Floodborn"", ""Villain"", ""Queen"", ""Sorcerer"")",Aisha Durmagambetova,NA
crd_f13c7ff8caa0471c9cea95ac9d2177c2,9,5,9,4,Sapphire,Character,Support,"c(""Storyborn"", ""Villain"")",Josep Solé,NA
crd_11d9c25e05f64856ba6814a42133a734,2,2,1,1,Sapphire,Character,Support,"c(""Storyborn"", ""Ally"")",Grace Tran,NA
crd_dd74a7225ba143989196a76089b46fdc,4,3,4,1,Sapphire,Character,character(0),"c(""Storyborn"", ""Villain"", ""Prince"")",Koni,A villainous schemer from day to night.
crd_65f44d7a61bc416ebc68806cea7f39e2,4,3,2,2,Sapphire,Character,Ward,"c(""Storyborn"", ""Villain"", ""Queen"", ""Sorcerer"")",Lava Hijzelaar / Ellie Horie,NA
crd_b66ac79061b848eba1c927989cc2fd37,6,3,5,2,Sapphire,Character,character(0),"c(""Storyborn"", ""King"")",Carlos Ruiz,NA
crd_c82e5a2740d24cf68ca04688f54a0b50,8,4,9,4,Sapphire,Character,character(0),"c(""Storyborn"", ""Mentor"", ""King"")",Jeanne Plounevez,NA
crd_bf86b60333c941008da0bf213d54829b,5,4,4,3,Sapphire,Character,character(0),"c(""Storyborn"", ""Ally"")",Matt Chapman,"""So you see, there's a dark void at the edge of Lorcana. A complete absence of electromagnetic radiation! What's it made of? I don't know! The light's just gone. Kaput!"""
crd_a5dbf42b10974a1d96749b32de706c58,1,1,2,1,Sapphire,Character,character(0),"c(""Dreamborn"", ""Hero"", ""Inventor"")",Lauren Levering,This puts the Frosting Flinger 2000 to shame.
crd_b73a800e9b434141b154bd521d55d14c,1,2,1,1,Sapphire,Character,Support,"c(""Storyborn"", ""Hero"", ""Detective"")",Eva Widermann,"""This case is as good as solved!""
-Basil"
crd_7217d3c0bad44bd3b8f186720cfb4838,5,3,3,2,Sapphire,Character,Shift,"c(""Floodborn"", ""Villain"", ""King"", ""Racer"")",Jake Parker,NA
crd_d82ace7e03d34ca587519f2c089dc515,5,3,4,2,Sapphire,Character,character(0),"c(""Dreamborn"", ""Hero"", ""Detective"")",Luigi Aimé,There's just gotta be one of those chromi-thingies around here somewhere!
crd_6746b8da59f742ad83ff79efdcbe35a7,2,1,3,1,Sapphire,Character,character(0),"c(""Storyborn"", ""Ally"")",Alice Pisoni,NA
crd_bef15d42bda94a50a0fea05384b4cd72,2,1,2,1,Sapphire,Character,character(0),"c(""Storyborn"", ""Ally"")",Kapik,"""Mom, Mom! I think I'm still growing!"""
crd_d5087e3422e74e3585a2a323b4a06ee7,4,2,3,2,Sapphire,Character,Ward,"c(""Dreamborn"", ""Hero"", ""Princess"")",French Carlomagno,NA
crd_0a8dca5feb454968a2d13e5917127c45,6,3,7,2,Sapphire,Character,Shift,"c(""Floodborn"", ""Mentor"", ""Sorcerer"")",Jake Parker,NA
crd_69128022cf3e4ff7bdd615ab371405a7,2,NA,NA,NA,Sapphire,Action,character(0),NULL,Leonardo Giammichele,"""We must repair the Illuminary before it's too late. And we'll need these devices, these chromicons, to fix it."""
crd_87ecd33b2aa441168c1ff68b4e5e8700,4,NA,NA,NA,Sapphire,Action,character(0),NULL,Michela Cacciatore / Giulia Riva,"""I am King! King! King!"""
crd_127dc81d93624162b4eee478a2f33f5a,2,NA,NA,NA,Sapphire,Action Song,character(0),NULL,Grace Tran,"It will surprise you
Just like the sun from the east"
crd_46aa903866b2477f8601a1cb5a8f56b9,2,NA,NA,NA,Sapphire,Action,character(0),NULL,Mike Parker,"Fauna: ""Oh my! We dropped some ...""
Merryweather: ""You mean you dropped some!"""
crd_22015e39f7a8462688822b423e11f891,1,NA,NA,NA,Sapphire,Action,character(0),NULL,Adam Ford,"""Pretty pathetic, huh?"""
crd_1aea26c4e3a24196a40c9c10de33fc82,2,NA,NA,NA,Sapphire,Item,character(0),NULL,Toni Bruno,"""You have etched in the rock of virtue a legacy beyond compare.""
- General Hologram"
crd_6e39ed3b74964c12a79afd63898cf58a,2,NA,NA,NA,Sapphire,Item,character(0),NULL,McKay Anderson,"'I say, a piece of the Hexwell Crown!' – Basil"
crd_b17b7e285ce043a2bc97e5953a39c574,5,NA,NA,NA,Sapphire,Item,character(0),NULL,Gaku Kumatori,'What a way to pack!' – Arthur
crd_c28dceb08757469c965d2620ac1841d8,4,NA,NA,NA,Sapphire,Item,character(0),NULL,Dustin Panzino,"""Knowledge is eternal.""
-Inscription"
crd_5b27a13096a24ba4af338df7a19a358f,3,NA,9,0,Sapphire,Location,character(0),NULL,Carlos Ruiz,Every surface glows with the joy of celebration.
crd_cc13be0e046742f4ae3e0aaffb5d3f9e,1,NA,7,0,Sapphire,Location,character(0),NULL,Gabe,NA
crd_ce83f9ff395c46bebaee07439d10b43a,4,1,4,1,Steel,Character,character(0),"c(""Storyborn"", ""Hero"", ""Alien"")",Karen Hallion,"He's not the biggest glimmer on the team, but he still packs a wallop."
crd_1ba7f7638b4a47d29957c8eef13099b8,6,0,7,2,Steel,Character,Challenger,"c(""Dreamborn"", ""Villain"", ""Sorcerer"")",Cam Kendell,No one will keep me from the broken crown!
crd_1b36e531978a4a9eae7c7acd0d4436b8,3,2,4,1,Steel,Character,character(0),"c(""Storyborn"", ""Hero"", ""Prince"")",Alexandria Neonakis,"""This is my kingdom. If I don't fight for it, who will?"""
crd_74b0d91817074173a048a42d0835275d,1,2,2,1,Steel,Character,character(0),Storyborn,Jon Densk / Hayley Evans,"""The Illusionary can't handle this much groove! We have to keep the noise down or it'll fall apart for sure!"""
crd_905b7c293d554cbebda90ca9782af3bf,4,1,7,1,Steel,Character,character(0),Storyborn,Valerio Buonfantino,"""Hey, I've been turned into a cow. Can I go home?"""
crd_3fcdfc49c12743bea7e8f632ba06c41b,1,1,2,1,Steel,Character,Resist,"c(""Storyborn"", ""Hero"")",Mariana Moreno,Underestimating him is a recipe for disaster.
crd_4de6cdcaa4d946e5bf5f63d07f8d1b8b,2,0,4,1,Steel,Character,Bodyguard,"c(""Dreamborn"", ""Ally"", ""Knight"", ""Seven Dwarfs"")",Wouter Bruneel,NA
crd_bb7c0120d4b14622b11e2a06f9352a3c,2,1,4,1,Steel,Character,Challenger,"c(""Dreamborn"", ""Ally"")",Alex Accorsi,"""Maybe *this* one's a chromicon. Probably not. I really should have paid more attention when that wizard guy was talking . . ."""
crd_3c5807144992461aa42226464a5cd693,5,4,5,2,Steel,Character,Bodyguard,"c(""Dreamborn"", ""Ally"")",Brian Weisz,Who's the 'boat snack' now?!
crd_ea122d22ac8a430389070f2f090c05e0,4,3,4,1,Steel,Character,character(0),"c(""Dreamborn"", ""Ally"", ""Knight"", ""Seven Dwarfs"")",Alice Pisoni,NA
crd_8711108b2bca45a18bcabd2f982d0457,3,2,2,1,Steel,Character,character(0),"c(""Dreamborn"", ""Ally"", ""Knight"", ""Seven Dwarfs"")",Alice Pisoni,NA
crd_7bc86960d8004c408340e121f634035b,9,5,5,3,Steel,Character,Resist,"c(""Storyborn"", ""Villain"", ""Princess"")",Jenna Gray,NA
crd_8d0e59a2afe64a538efd96c2270336ca,5,3,5,3,Steel,Character,character(0),"c(""Dreamborn"", ""Hero"", ""Princess"", ""Knight"")",Aubrey Archer,Friendship is the best armor of all.
crd_6349578aae2742c6901e3129e8da6925,4,1,4,2,Steel,Character,character(0),"c(""Dreamborn"", ""Villain"", ""Sorcerer"")",Carlos Gomes Cabral,"""What do you mean, 'not on the list'?! I told you to always put me on the list!"""
crd_a1439f505f594dcfb80bb8aa6d495e20,7,6,6,1,Steel,Character,Shift,"c(""Floodborn"", ""Ally"", ""Captain"")",Nicholas Kole,NA
crd_9ec070844bb24ee997efeb9e7bf9dac2,3,3,1,1,Steel,Character,character(0),"c(""Dreamborn"", ""Ally"", ""Knight"", ""Seven Dwarfs"")",Alice Pisoni,NA
crd_77a41111eb054ad3acd73de5f7f800e7,3,1,3,1,Steel,Character,character(0),"c(""Dreamborn"", ""Villain"")",Rianti Hidayat,He'll have you seeing double.
crd_ede0bedf6d774a6db32444997ed3dccf,7,7,10,3,Steel,Character,character(0),"c(""Storyborn"", ""Knight"")",Brian Weisz,"""Well, by Jove. Don't just stand there. Raise a glass to my son Kay...and may we be rid of the trickster wizard Marvin, or whatever his blasted name was."""
crd_f2e3f60f19eb409eaccc1a8dc10f8ebd,4,3,4,1,Steel,Character,character(0),"c(""Dreamborn"", ""Ally"", ""Knight"", ""Seven Dwarfs"")",Mariana Moreno,NA
crd_93993a91205c4c6bb310fd17b0417b7f,2,2,2,2,Steel,Character,character(0),"c(""Storyborn"", ""Hero"")",Kasia Brzezinska,"""That boy's got real spark. Lots of spirit. Throws himself heart and soul into everything he does.""
–Merlin"
crd_fa38166d51fb479a962761c3c17a670d,1,2,1,1,Steel,Character,character(0),"c(""Dreamborn"", ""Ally"", ""Knight"", ""Seven Dwarfs"")",Mariana Moreno,NA
crd_6b0937a994d6436ca4ffaf3e6304534b,6,3,5,1,Steel,Character,Shift,"c(""Floodborn"", ""Hero"", ""King"")",Shannon Hallstein,NA
crd_663b3bcaa1df4b48ad139248ef5a5208,2,1,3,1,Steel,Character,character(0),"c(""Dreamborn"", ""Ally"", ""Knight"", ""Seven Dwarfs"")",Mariana Moreno,NA
crd_3732899cb17442438f292dbb093958eb,7,3,6,3,Steel,Character,Shift,"c(""Floodborn"", ""Hero"", ""King"")",Anna Stosik,NA
crd_d82108b67c434df495ba7ce11b811e79,3,3,3,1,Steel,Character,character(0),"c(""Dreamborn"", ""Villain"")",Luis Huerta,"""It ain't cheatin' if you're the one makin' the rules."""
crd_3a34c665afa94105b0b19383925dd830,5,NA,NA,NA,Steel,Action,character(0),NULL,Maxine Vee,NA
crd_f4219fc0ab3a47ed9fc0b3f5f705f597,3,NA,NA,NA,Steel,Action Song,character(0),NULL,Javi Salas,Stuck in the same place I've always been...
crd_2eae8238f1d54959a3bc9f1e875c1efe,2,NA,NA,NA,Steel,Action,character(0),NULL,Gianluca Barone,NA
crd_301228de8de94aa382a1cface63a3422,1,NA,NA,NA,Steel,Action,character(0),NULL,Leonardo Giammichele,"""Gawrsh, who ordered the...upside-down CAA-AA-AKE?"""
crd_c54910dbfc304bb5b4e71639858ceb82,1,NA,NA,NA,Steel,Item,character(0),NULL,Eva Widermann,NA
crd_170330e953034b0b84419cfff824f737,4,NA,NA,NA,Steel,Item,character(0),NULL,Gaku Kumatori,NA
crd_6cda288d106d4d46837a3c11690dce63,6,NA,NA,NA,Steel,Item,character(0),NULL,Dustin Panzino,"""Strong in will, strong in battle.""
– Inscription"
crd_e66afeb046bd444e87889ec1866cc643,3,NA,7,1,Steel,Location,character(0),NULL,Saulo Nate,NA
crd_30df26498319433588a4ee13b1397ea1,2,NA,6,1,Steel,Location,character(0),NULL,Alexa Rockman,NA
crd_74f050d47ef34391ba29b8c521450dac,4,3,3,2,Amber,Character,Singer,"c(""Storyborn"", ""Hero"", ""Prince"")",Aisha Durmagambetova,NA
crd_6d0b490fddd34aab828b26cb90a827d6,4,2,4,2,Amber,Character,Shift,"c(""Floodborn"", ""Hero"", ""Princess"", ""Racer"")",Natalie Dombois,NA
crd_d7a644695e604c958aee5d0ba8fa8415,5,NA,NA,NA,Amber,Action,character(0),NULL,Aisha Durmagambetova,NA
crd_cb38cec5fa8e49139bb0377111d6d048,5,1,4,2,Amethyst,Character,"c(""Challenger"", ""Evasive"", ""Shift"")","c(""Floodborn"", ""Ally"")",Andrew Thompson,NA
crd_19b1f802f23a4673aac60e04df0fb2ba,9,6,6,3,Amethyst,Character,Evasive,"c(""Storyborn"", ""Ally"")",Alice Pisoni,NA
crd_ae57eb31413644379c43ec4208a4023b,5,NA,NA,NA,Amethyst,Action,character(0),NULL,Rachel Elese,NA
crd_8dbe711cfb4541309eb32cf37fe48997,7,5,6,2,Emerald,Character,Shift,"c(""Floodborn"", ""Ally"")",Natalie Dombois,NA
crd_e382f2cee40343d7ae3faed897045a66,4,4,2,1,Emerald,Character,Ward,"c(""Storyborn"", ""Villain"")",Dominik Mayer,NA
crd_f799b47b4b894912a8d83942d0fa4d22,4,NA,NA,NA,Emerald,Action Song,character(0),NULL,Stefano Zanchi,NA
crd_306fb0ac65b44f289a2cbacac51ba9fe,5,3,6,1,Ruby,Character,Shift,"c(""Floodborn"", ""Hero"", ""Knight"")",Gabriel Quinn,NA
crd_d08869cde8294b0b9f73d0f7192e2335,4,1,4,2,Ruby,Character,character(0),"c(""Storyborn"", ""Hero"")",Vanessa Morales,NA
crd_4690391667a14f42a7df8ef76771703d,2,NA,7,0,Ruby,Location,character(0),NULL,Rachel Elese,NA
crd_ca78ff510359490a862b871b577a5fec,8,4,9,4,Sapphire,Character,character(0),"c(""Storyborn"", ""Mentor"", ""King"")",Jochem van Gool,NA
crd_9c2a04a39aee4b989bf2b1f18bf923ba,5,3,3,2,Sapphire,Character,Shift,"c(""Floodborn"", ""Villain"", ""King"", ""Racer"")",Lorenza Pigliamosche,NA
crd_ae4635bbf7ef4b4fb6a30c61f633fa0d,4,NA,NA,NA,Sapphire,Action,character(0),NULL,Jennifer Wu,NA
crd_222e3894d8c04d2899b047a97912b5c6,5,3,5,3,Steel,Character,character(0),"c(""Dreamborn"", ""Hero"", ""Princess"", ""Knight"")",Otto Schmidt,NA
crd_ad336bbf94b74813aa25312a57af4525,7,3,6,3,Steel,Character,Shift,"c(""Floodborn"", ""Hero"", ""King"")",Lisa Parfenova,NA
crd_c88d044f605440a29cbf41b7cdc7d340,3,NA,7,1,Steel,Location,character(0),NULL,Rachel Elese,NA
crd_cbd6fc9596f14329af2f0c237a7be6a2,6,NA,NA,NA,Amethyst,Item,character(0),NULL,Billy Wimblett,The broken crown holds dark and mysterious powers.
crd_b6134218a3104ed7b31df482ccb0b0a9,4,3,4,1,Sapphire,Character,character(0),"c(""Storyborn"", ""Villain"", ""Prince"")",Yuri Cameirana,A villainous schemer from day to night.
crd_6cba76453f834205a7edf1e8222907c7,9,3,7,3,Amber,Character,Bodyguard,"c(""Dreamborn"", ""Ally"")",Jochem van Gool,
crd_deac8b7b6b514e84a8df865184e81220,1,NA,4,1,Amber,Character,character(0),"c(""Storyborn"", ""Ally"")",Shannon Hallstein,The Lorcana Hide-and-Seek Championship was hers for the taking.
crd_c2ea432892434d9c9814d4bf6c3791a5,5,NA,NA,NA,Amethyst,Action,character(0),NULL,Andy Estrada,"""Three wishes, comin' right up!""
—Iago"
crd_775c901d8b4d4fd3884750a11cb7b1be,2,2,1,1,Sapphire,Character,Support,"c(""Storyborn"", ""Ally"")",Grace Tran,
crd_67fb41c26e2a4f10bfe027e81169daaf,4,1,4,1,Steel,Character,character(0),"c(""Storyborn"", ""Hero"", ""Alien"")",Karen Hallion,"He's not the biggest glimmer on the team, but he still packs a wallop."
crd_79ca7c747dcb4e7189ed8bc3a6b14f8b,5,5,5,5,Amber,Character,character(0),"c(""Storyborn"", ""Hero"", ""Madrigal"")",Hyuna Lee,
crd_ed0ac9694b3b437aa135b0e758ac3ce1,4,3,4,2,Emerald,Character,Shift,"c(""Floodborn"", ""Hero"", ""Alien"", ""Pirate"")",Cristian Romero,
crd_3c803ea6602c49e0869da110c5d31d42,4,1,4,2,Ruby,Character,Shift,"c(""Floodborn"", ""Hero"", ""Prince"")",Alice Pisoni,
crd_37ca8a8c91fa46e8aecbeb9f476e0a3a,2,NA,NA,NA,Amber,Action,character(0),NULL,Mariana Moreno,
crd_b8c769ff9e444e0ba52335172a61c4f9,2,1,1,2,Emerald,Character,character(0),"c(""Storyborn"", ""Hero"", ""Inventor"")",Aristeidis Zentelis,"""You're going to love this!"""
crd_6e88d3615bd94a6fbf2dab003d75287f,3,3,2,1,Ruby,Character,character(0),"c(""Dreamborn"", ""Hero"", ""Pirate"")",Alice Pisoni,Minnie leaned forward. Could it be true? Was this the island at last?
crd_61fa338e64c749f4b236deeade5bf433,4,3,3,1,Sapphire,Character,character(0),"c(""Storyborn"", ""Hero"", ""Inventor"")",Taranek,
crd_8f083e7044764c369fd81b4ab60c3054,5,4,2,3,Ruby,Character,character(0),"c(""Storyborn"", ""Villain"")",Alexandria Neonakis,NA
crd_d90411afb17e4ed3b6788da7f15c9c4e,3,3,3,2,Amber,Character,character(0),"c(""Storyborn"", ""Hero"")",Dave Benachene,
crd_456c21b5683c4664b61f948401b48f31,2,1,4,1,Sapphire,Character,character(0),"c(""Storyborn"", ""Hero"", ""Queen"")",Maria Dresden,
crd_5ede6a78d97e4352bdeef2039b18806d,5,4,4,2,Ruby,Character,Shift,"c(""Floodborn"", ""Hero"", ""Pirate"", ""Captain"")",Koni,NA
crd_68ea88766882485d999c632e3808b0ca,4,2,3,2,Amethyst Sapphire,Character,Support,"c(""Dreamborn"", ""Hero"", ""Queen"", ""Sorcerer"")",Ian MacDonald,NA
crd_ceb61ba69c8a4aa9b7c96baab913d3a5,5,4,4,2,Amethyst Emerald,Character,Ward,"c(""Storyborn"", ""Ally"")",Tony Bancroft / Lindsay Weyman,NA
crd_e5b6f101a58e4f9080b46fb25b8beeab,4,1,4,2,Amber Sapphire,Character,character(0),"c(""Storyborn"", ""Hero"")",Cécile Carre,NA
crd_0ee5f4ec8dfa4e3fbf3fd802f6166047,3,2,3,1,Ruby Steel,Character,character(0),"c(""Storyborn"", ""Hero"", ""Captain"")",Ian MacDonald,NA
crd_690c83ec94cd4f1ba1aa4d8c9d3bcb3b,4,2,2,2,Amber,Character,character(0),"c(""Storyborn"", ""Hero"", ""Princess"")",Mario Manzanares,A true heart can thwart many an evil scheme.
crd_da1fa774c0cf47efb2eb4ba21ece8090,7,4,6,3,Emerald Sapphire,Character,Shift,"c(""Floodborn"", ""Hero"", ""Inventor"")",Max Grecke,NA
crd_d1fa73f7320a4ac194fef7fc2e716a2c,7,4,6,3,Emerald Sapphire,Character,Shift,"c(""Floodborn"", ""Hero"", ""Inventor"")",Max Grecke,NA
crd_c3c64cb69ba049cca193eedb343d01b0,2,1,2,2,Amber,Character,character(0),"c(""Storyborn"", ""Hero"")",Grace Tran,"""You can't keep me away from the fun!"""
crd_6719f7e2898e4621b17ac591412e5b48,3,1,6,1,Sapphire,Character,character(0),"c(""Storyborn"", ""Hero"", ""Princess"")",Anna Stosik,Moana receives a call from the ancestors to sail to new skies and reconnect people across the entire ocean.
crd_e174489fd1b04e4787deeec4ca430910,6,2,7,2,Amber Steel,Character,character(0),"c(""Storyborn"", ""Ally"")",Raquel Villanueva,NA
crd_4c2232fe7f4e4d418b157cda6f1cb6c6,1,0,3,1,Amber Emerald,Character,character(0),"c(""Storyborn"", ""Hero"")",Therese Vildefall,NA
crd_f72ce1714bce4bf3bd1b63a863e7efc3,6,1,9,1,Sapphire Steel,Character,Bodyguard,"c(""Dreamborn"", ""Hero"", ""Prince"")",Marcel Berg,NA
crd_fc53d343b14c4bb08188fee46360d232,1,0,2,1,Amber Sapphire,Character,Ward,"c(""Storyborn"", ""Puppy"")",Oggy Christiansson,Sand sure was more fun than it looked!
crd_a1cba5a32c2641fc8f1efc4fbeb89cfa,3,NA,NA,NA,Amethyst Emerald,Action,character(0),NULL,Mario Manzanares,NA
crd_428073a3a65f4e2984ad22ecd1af4ee4,5,4,4,3,Amethyst Steel,Character,character(0),"c(""Dreamborn"", ""Villain"", ""King"", ""Sorcerer"")",John Loren / Cristian Romero,NA
crd_248b8f0ae7a84f368e48086307f50ff7,5,4,4,3,Amethyst Steel,Character,character(0),"c(""Dreamborn"", ""Villain"", ""King"", ""Sorcerer"")",John Loren / Cristian Romero,NA
crd_f31157a47c49439b8d645b3936b404fb,4,0,8,1,Amber Ruby,Character,Bodyguard,"c(""Dreamborn"", ""Hero"")",Aubrey Archer,NA
crd_7b8a887fbfda4b869f7529f31da115f6,3,3,3,1,Amber,Character,character(0),"c(""Storyborn"", ""Ally"", ""Pirate"")",Omar Lozano,"""I say, land who! Er, ho—land ho!"""
crd_f17c60d077554d25b50fd934061b2e32,2,1,2,2,Amber,Character,character(0),"c(""Storyborn"", ""Hero"")",Grzegorz Krysiński,"""You can't keep me away from the fun!"""
crd_59aa66bcac7b43528a3c9c01f4bc1124,2,2,2,1,Amber,Character,Support,"c(""Storyborn"", ""Hero"", ""Pirate"")",Koni,NA
crd_582917ea24ef4aa4a6921fcbe55d0100,4,1,6,2,Amber,Character,character(0),"c(""Storyborn"", ""Ally"", ""Pirate"")",Wouter Bruneel,"""I keep fixin' this same ding-danged hole! I should start charging overtime, plus 10 percent."""
crd_88538250940d4c2c8b56b60aaeb07674,2,1,4,1,Amber,Character,character(0),"c(""Storyborn"", ""Hero"", ""Prince"")",Marco Giorgianni,"""Look at that water, and those birds! Wow. Wait 'til Timon and Pumbaa see this!"""
crd_a3462450711a4425947830aa8a6039bf,3,3,3,1,Amber,Character,character(0),"c(""Storyborn"", ""Hero"")",Ron Baird,"""Come on, Dale—this is no time for hanging around!"""
crd_166f05d54db54c06813b6dbb7693255d,3,3,4,2,Amber,Character,character(0),"c(""Storyborn"", ""Hero"")",Ron Baird,"""But Chip, hanging around is what I do best!"""
crd_4e3967f948654fc9a2d9595743e1709f,3,3,3,1,Amber,Character,character(0),"c(""Storyborn"", ""Ally"")",Valentin Palombo,"""Grab a board and come on out! Choice waves today."""
crd_39972f3e75a3417488662b70443b3164,5,2,6,2,Amber,Character,"c(""Bodyguard"", ""Shift"")","c(""Floodborn"", ""Hero"", ""Prince"")",Francesco Colucci,NA
crd_65868398266f4f95944543e1568bf043,2,2,3,1,Amber,Character,character(0),"c(""Storyborn"", ""Hero"", ""Prince"")",Luca Pinelli,"""Dance little friends—fill the air with light and joy. Achidanza! It is like seeing music come to life."""
crd_5976c98ec3d145c686c0c1d5042a8ca2,4,4,4,1,Amber,Character,character(0),Storyborn,Cristian Romero,NA
crd_68660de4a81d4426acdb185e3ff4813a,4,3,4,2,Amber,Character,character(0),"c(""Storyborn"", ""Hero"")",French Carlomagno,NA
crd_f20ba045e5754b24b0c431115ab83dd8,4,0,7,2,Amber,Character,character(0),"c(""Storyborn"", ""Ally"")",Simone Buonfantino,"""There's only one thing I like more than cheese—nothin'."""
crd_b0c8c37c12834fa1b2b7d831b172ff0c,8,6,6,3,Amber,Character,Shift,"c(""Floodborn"", ""Hero"")",Louis Jones,NA
crd_17a352bad7df43d2bfd36a9c2c475c6c,6,3,6,2,Amber,Character,Support,"c(""Storyborn"", ""Hero"")",Lauren Barger,NA
crd_c01f3a4124be48dbb77aaa45281e74ba,3,1,4,2,Amber,Character,character(0),"c(""Storyborn"", ""Hero"", ""Princess"")",Marine Josephine,"""The only way to get what you want in this world is through hard work."""
crd_07af0c79c9fe46728b147454f273deac,2,1,3,1,Amber,Character,character(0),"c(""Storyborn"", ""Alien"")",Aisha Durmagambetova,"""I want an expert on this planet in here now!"""
crd_a0d0572121974dd1afc318bb0fd0907e,4,3,4,1,Amber,Character,character(0),"c(""Storyborn"", ""Hero"")",Rosa la Barbera / Livio Cacciatore,NA
crd_43a7721fdfb145f8a5216c85da2c77ec,5,3,5,2,Amber,Character,Support,"c(""Storyborn"", ""Hero"")",Carmine Pucci,NA
crd_a94b5e02de4a43bdba60303fffe3d20f,5,4,4,2,Amber,Character,Shift,"c(""Floodborn"", ""Hero"", ""Prince"")",Kendall Hale,NA
crd_4557d5bc41de40728df0ebbbdce4787f,3,2,4,1,Amber,Character,character(0),"c(""Storyborn"", ""Ally"")",Gianluca Barone,"""My, you've had an awfully big adventure. Now it's time to rest."""
crd_6656edfc61dd4cc0846fee37f6c8e7b9,1,1,2,1,Amber,Character,character(0),"c(""Dreamborn"", ""Ally"", ""Pirate"")",Samoldstoree,"""See? I told you it was dangerous out there!"""
crd_8497d60197bd451c91b4c2468f85b156,2,1,2,1,Amber,Character,character(0),"c(""Dreamborn"", ""Ally"", ""Pirate"")",Gianluca Barone,"""Look at all my ships, mama! We're going on the Azurite Sea!"""
crd_19217586b3924276aa8996d318f83139,3,2,3,1,Amber,Character,character(0),Storyborn,Amanda Duarte / Julio Cesar,"""Come on in. Good to see you."""
crd_5de4864e187a4039b3e47b6ada93b801,7,4,7,2,Amber,Character,Bodyguard,"c(""Dreamborn"", ""Hero"", ""Pirate"", ""Captain"")",Marcel Berg,NA
crd_91292f4ca0684baf9ed9715bf7caa07a,2,1,3,1,Emerald,Character,character(0),"c(""Storyborn"", ""Hero"", ""Alien"")",César Vergara,Always ready in an emergency—usually because he caused it.
crd_a9d39ce276fd4f1b9435d1bb1d09559c,1,NA,NA,NA,Amber,Action,character(0),NULL,Carlos Gomes Cabral,"""Be proud of that badge. You earned it.""
—Judy Hopps"
crd_128b29d2aef043efb62b2fb63189c4ca,2,NA,NA,NA,Amber,Action Song,character(0),NULL,Natalia Trykowska,"'Til I reach the end, and then I'll start again"
crd_be7a93b4b99b4a8b9da63fd956fa3c86,2,NA,NA,NA,Amber,Action,character(0),NULL,Mariana Moreno,NA
crd_cf72db3ded534d7086fb4ead70250f95,2,NA,NA,NA,Amber,Action,character(0),NULL,Simone Tentoni,"""Here I am, mama!"""
crd_d4d40d9e539442f592da01b640e440a7,1,NA,NA,NA,Amber,Item,character(0),NULL,Levi Rogers,"""I love this instrument! I strum, everyone dances.""
—Prince Naveen"
crd_4251575ec547497da73676a6a09c8872,1,NA,NA,NA,Amber,Item,character(0),NULL,Kaitlin Cuthbertson,The friendliest ship on the Azurite Sea.
crd_a631b5ead5b34dd4b89ae313a3dcbd1d,2,NA,NA,NA,Amber,Item,character(0),NULL,Kapik,"""Her head is too big. So I pretend a bug laid eggs in her ears...""
—Lilo"
crd_2fd6877d711c45f68ad61690d224306a,1,NA,5,0,Amber,Location,character(0),NULL,Andreas Rocha,NA
crd_c9365d1b256c4d0fa0600686f72b6f3b,2,NA,7,0,Amber,Location,character(0),NULL,Roberto Gatto,NA
crd_856fe3c718b544ba808b79a6811bca02,6,3,4,3,Amethyst,Character,character(0),"c(""Storyborn"", ""Villain"", ""Deity"")",Denny Minonne,"""You could say I'm big on the catch, not so much on the release."""
crd_cb73a29ef0e94fdb80188902527c5d86,2,0,3,1,Amethyst,Character,Challenger,"c(""Storyborn"", ""Villain"", ""Sorcerer"")",Moniek Schilder,NA
crd_8a0ce27bd434498ba454be0571e58c5b,3,4,3,1,Amethyst,Character,character(0),"c(""Storyborn"", ""Ally"")",Stefano Zanchi,"""For the indecisive sailor we have three, count 'em, three ships in one! It sails, it flies, it juliennes fries! All for the low price of just one wish."""
crd_c695077508c44d728ac42c65ac8c97ab,5,3,6,2,Amethyst,Character,Challenger,"c(""Storyborn"", ""Hero"", ""Deity"", ""Dragon"")",Grace Tran,"""I'm a water dragon. This is water. It's sort of my thing."""
crd_6fbd9103624b4b8d95fec133326385c7,3,3,3,1,Amethyst,Character,character(0),Storyborn,Cory Godbey,"""You can learn a lot of things from the flowers...""
—Alice"
crd_617dc5c42bf6460da3d61a1f330186bf,2,1,2,1,Amethyst,Character,character(0),"c(""Storyborn"", ""Ally"")",Jeanne Plounevez,"""Juju! You get yourself out of that there magic, you bad boy!""
—Mama Odie"
crd_2f12cdedeefb448eb412128fb4a80fc7,1,2,2,1,Amethyst,Character,character(0),"c(""Storyborn"", ""Mentor"", ""Sorcerer"")",Giulia Riva,"""The signs, they never lie. The snake thinks he's planned for everything... Oh, ho, ho! He forgot about the owl. There's hope yet!"""
crd_ea5cca0b6f8747b8a438b6cdced02d93,3,1,3,2,Amethyst,Character,Evasive,"c(""Storyborn"", ""Ally"", ""Fairy"")",Malia Ewart,She zips through the waves without a drop of water touching her.
crd_034ca9ad96044d5297e30286fbd64ecb,2,1,1,1,Amethyst,Character,character(0),Storyborn,Andrea Parisi,The Carpenter's stomach growled as he clenched his hammer tight...
crd_92d831ee2e5b430a9bbbcf7d684bbd57,4,4,2,1,Amethyst,Character,character(0),"c(""Dreamborn"", ""Ally"")",Cam Kendell,"""You think you can get rid of me that easy?!"""
crd_65425d8d8a8447d98f4571b7e42c8782,4,3,6,1,Amethyst,Character,character(0),Storyborn,Carlos Luzzi,"... While the Walrus finished off the lot, down to the final bite."
crd_6cd588941df64ee2a38738b7f7e23c6a,6,4,4,2,Amethyst,Character,"c(""Challenger"", ""Rush"")","c(""Dreamborn"", ""Villain"", ""Sorcerer"")",Peter Brockhammer,NA
crd_99ced91e0cc94c6cb0be7bf655372dfd,7,5,6,2,Amethyst,Character,"c(""Evasive"", ""Shift"")","c(""Floodborn"", ""Ally"", ""Queen"", ""Fairy"", ""Captain"")",Laia López,NA
crd_1419caf47da54560bbafd279ca6cfc4b,1,0,1,1,Amethyst,Character,character(0),"c(""Storyborn"", ""Ally"")",Jennifer Wu,"""Go, and do not fail me.""
—Maleficent"
crd_dc31d36d626f403b871338da45d0a685,4,2,3,2,Amethyst,Character,Rush,Storyborn,James Rey Sanchez,"""Clear the table? Don't mind if I do!"""
crd_00d0840f303c41b1868ce427b9aaf837,3,1,3,3,Amethyst,Character,character(0),"c(""Storyborn"", ""Ally"")",Ron Baird,"""Carpet's always come through for us before! He won't let us down now."" 
—Jasmine"
crd_97344330887a427fb7f2cbb01b7a3f0c,9,6,6,4,Amethyst,Character,Shift,"c(""Floodborn"", ""Mentor"", ""Sorcerer"")",Sam Nielson,NA
crd_9a41d700cf2749da8eed29420df7467c,4,2,4,2,Amethyst,Character,Evasive,"c(""Storyborn"", ""Ally"")",Veronica Di Lorenzo / Livio Cacciatore,"""Oh, does that feel good!"""
crd_d84325bc9e814a69b6789f424c3a1eb8,4,3,3,2,Amethyst,Character,character(0),"c(""Storyborn"", ""Hero"", ""Deity"", ""Dragon"")",Shannon Hallstein,NA
crd_997d20bbd2204f4a8cd9670598d8405c,3,2,3,1,Amethyst,Character,character(0),"c(""Storyborn"", ""Villain"", ""Sorcerer"")",Alice Pisoni,"""I'll give you a sporting chance. I'm mad about games, you know."""
crd_02c20f35d83f4d6094a4427dae0c821f,4,3,3,2,Amethyst,Character,character(0),"c(""Storyborn"", ""Villain"", ""Sorcerer"")",Jared Mathews,"""One of these has got to work. Let's see what happens."""
crd_c6f28ec2e7a94ce0901675915ba9ff7c,5,4,5,1,Amethyst,Character,character(0),"c(""Storyborn"", ""Ally"", ""Sorcerer"")",Mel Milton,NA
crd_421a2dfb847b406fb91556a8ee090423,4,1,3,1,Amethyst,Character,character(0),"c(""Storyborn"", ""Hero"")",Simone Buonfantino,"""You're not getting away from me this time!"""
crd_374115dba006482aa076efca3e52635a,1,1,1,1,Amethyst,Character,character(0),Storyborn,Matthew Robert Davies,NA
crd_6b0de2d0a5b84b5f852ba2a8eccd1a17,1,NA,NA,NA,Amethyst,Action Song,character(0),NULL,Geoffrey Boudout,"Now blow the candle out, my dear
And make your wish come true"
crd_5cbbabaf0d9f4ad58c942174904a1d8f,7,4,7,2,Amethyst,Character,Shift,"c(""Floodborn"", ""Ally"")",Mike Parker,NA
crd_9bc0e3add087485a927ee66c7414802d,3,NA,NA,NA,Amethyst,Action,character(0),NULL,Mario Oscar Gabriele,"""That's got some zang to it!""
—Mama Odie"
crd_d7336a7cef10416793a025c24ffc28a0,2,NA,NA,NA,Amethyst,Action,character(0),NULL,Douglas De La Hoz,"""Well, when one's lost, I suppose it's good advice to stay where you are until someone finds you.""
—Alice"
crd_bb8cbf92bd50483b979bd9ad606987ae,5,NA,NA,NA,Amethyst,Action,character(0),NULL,French Carlomagno,"""I see the other half, in the Inklands. Quick, my tiny companion! Fetch me that crown!""
—Jafar"
crd_2a6593b0affd4fbb8860ab6b3b131a50,2,NA,NA,NA,Amethyst,Item,character(0),NULL,Gabriel Angelo,NA
crd_075482312a124f6585f77be3a693f63f,2,NA,NA,NA,Amethyst,Item,character(0),NULL,Andrea Parisi,"Alice: ""My goodness, the tea missed the cup!""
Mad Hatter: ""No, no, my dear—the cup missed the tea!"""
crd_030f9799a2ef4cc0afedc46a03650e70,4,NA,NA,NA,Amethyst,Item,character(0),NULL,Ellie Horie / Mara Tango,NA
crd_107f43772b78405f8a4fb587e8279d14,1,NA,4,1,Amethyst,Location,character(0),NULL,Kristen Kaluba,"Legends say that whenever something goes missing, it's been taken to build the fairy ships of the Azurite Sea."
crd_9119b44cfe67444288a32f23009541e8,2,NA,7,0,Amethyst,Location,character(0),NULL,Roberto Gatto,NA
crd_3aa1cf07954647c89708b98355e6c976,3,2,3,1,Emerald,Character,character(0),"c(""Storyborn"", ""Hero"", ""Princess"")",Seda Coskun,NA
crd_44fceab89d3a4b40bd343c2c84a5cca3,3,1,4,2,Emerald,Character,character(0),"c(""Storyborn"", ""Villain"", ""Pirate"", ""Captain"")",Tony Bancroft / Lindsay Weyman,NA
crd_efcb250575354ffd8cdce9e8c45d52bf,4,3,4,2,Emerald,Character,Shift,"c(""Floodborn"", ""Hero"", ""Alien"", ""Pirate"")",Cristian Romero,NA
crd_2331f6d883e04464ba99cfff895683e2,2,2,2,1,Emerald,Character,Evasive,"c(""Storyborn"", ""Hero"", ""Inventor"")",Alex Accorsi,NA
crd_f20b9f97af684d8e84eb6b017eabd8d5,2,1,1,2,Emerald,Character,character(0),"c(""Storyborn"", ""Hero"", ""Inventor"")",Aristeidis Zentelis,"""You're going to love this!"""
crd_9cbf437511cf41c7b61f04f01a22c39e,1,1,1,1,Emerald,Character,character(0),"c(""Storyborn"", ""Hero"")",Cam Kendell / Danielle Powers,"""...but by night... I am also a school mascot."""
crd_7c33f5d581a4424f97da41b37ef8f723,1,2,2,1,Emerald,Character,character(0),"c(""Storyborn"", ""Ally"")",Taraneh,Every Lost Boy has a favorite hiding spot. Tootles has twelve.
crd_8c75431635854114b956328d8d30aa10,4,3,4,2,Emerald,Character,character(0),"c(""Storyborn"", ""Ally"")",Brittney Hackett,"""By Jove, he must be around here somewhere. Basil! Basil! Shout if—aaahhh!"""
crd_aab30247315a46debf548693f0b814c0,4,3,3,2,Emerald,Character,Ward,"c(""Storyborn"", ""Ally"")",Veronica Di Lorenzo / Livio Cacciatore,"Loyal butler, training target, helicopter pilot—and completely unflappable."
crd_e2546a2e03c8442aba30fd09105e54db,3,3,2,1,Emerald,Character,Evasive,"c(""Dreamborn"", ""Hero"", ""Detective"")",Alice Pisoni,"""Hmm. Footprints from a large... owl? With droplets of water? Clearly some avian menace has crossed the Azurite Sea and absconded with the crown!"""
crd_466a67ed11c64db5962523365e633f0d,3,2,3,1,Emerald,Character,character(0),"c(""Dreamborn"", ""Hero"", ""Pirate"")",Jochem van Gool,"""A promotion! It's about time someone recognized my natural leadership skills!"""
crd_9aa8f725b1184ad1ab93f2c138625077,4,3,3,2,Emerald,Character,character(0),"c(""Dreamborn"", ""Hero"", ""Pirate"", ""Captain"")",Jochem van Gool,"""The answers we're looking for are on the other side of that maze, I just know it!"""
crd_23e456f99c354c9892c90d72d6992bcb,1,1,3,1,Emerald,Character,character(0),Storyborn,Gonzalo Kenny,"""Get out of my way before I run you over."""
crd_11902901f7364369970762d49a1a760d,3,3,2,2,Emerald,Character,Ward,"c(""Storyborn"", ""Hero"", ""Prince"")",Gaku Kumatori,A clear head and a calm hand will see you through uncharted waters.
crd_ad218b44923244058918299a897f9e4c,6,5,5,2,Emerald,Character,Shift,"c(""Floodborn"", ""Hero"", ""Princess"")",Matthew Robert Davies,NA
crd_582e975ec5b64cb7be3e406585a05a6d,7,4,6,1,Emerald,Character,character(0),"c(""Storyborn"", ""Hero"")",Ellie Horie,NA
crd_3463916fe4e54939a91ee57a62d50ba2,6,6,3,2,Emerald,Character,Ward,"c(""Storyborn"", ""Hero"", ""Prince"")",Kapik,NA
crd_c089296aad2d4e4c86c0225be686795b,3,2,4,1,Emerald,Character,character(0),"c(""Storyborn"", ""Inventor"")",Diogo Saito,"""Sleek yet strong... These inkrunners are an extraordinary feat of engineering."""
crd_c53a704a909445f5b2837b51f29faa47,2,1,2,1,Emerald,Character,character(0),"c(""Dreamborn"", ""Ally"")",Wouter Bruneel,NA
crd_228ea83f82c34ee6a0df937dd8efe3f4,5,1,4,3,Emerald,Character,Ward,"c(""Dreamborn"", ""Hero"", ""Inventor"")",Max Ulichney,NA
crd_94afdca365e64d8ba0d826076fc4448e,3,2,3,1,Emerald,Character,character(0),"c(""Storyborn"", ""Villain"")",Samoldstoree,NA
crd_1ee71443799d40dfb924b0c0f041ea5d,6,4,5,2,Emerald,Character,Shift,"c(""Floodborn"", ""Hero"", ""Detective"")",Stefano Spagnuolo,NA
crd_479312aef4f4411f8bd173c113ab31f4,2,1,1,3,Emerald,Character,character(0),Storyborn,Brittney Hackett,"She had searched high and low in the Illuminary for any hint of Basil. Instead, she found something completely unexpected..."
crd_5406218b8d7a41a68bdf0be3029acf05,7,NA,NA,NA,Emerald,Action,character(0),NULL,Michela Cacciatore,"""At last! This is where your luck runs out!"""
crd_7ce20e98d86e43eaaf8c525c60f4086c,1,NA,NA,NA,Emerald,Action,character(0),NULL,Toni Bruno,"""Bring me the treasure, bring me that ship, and bring me Peter Pan!""
—Captain Hook"
crd_b87dd2f01e364f679975158dd2637a6d,2,NA,NA,NA,Emerald,Action Song,character(0),NULL,Domenico Russo,"If honey's what you covet, you'll find that they love it"
crd_b2f167a1614348f194ac43b390bd7fe1,1,NA,NA,NA,Emerald,Action,character(0),NULL,Kamil Murzyn,"""Don't move. A mosquito has chosen me as her perch. She's so... beautiful."""
crd_7b4400dc0c6b407083fd848dd281e6d8,3,NA,NA,NA,Emerald,Action,character(0),NULL,Michaela Martin,"""Nobody gets left behind.""
—Stitch"
crd_1ed3d03ca8724920aa9dccede9e08900,2,NA,NA,NA,Emerald,Item,character(0),NULL,Kamil Murzyn,NA
crd_6d0654972afb4eb581136a391d3f967b,2,NA,NA,NA,Emerald,Item,character(0),NULL,Jiahui Eva Gao,The best way to keep in touch with those you're looking for.
crd_9d508f285a934e1fbdd5182fc46734b9,1,NA,NA,NA,Emerald,Item,character(0),NULL,Eva Widermann,"""We've reinvented the very concept of transportation.""
—Alistair Krei"
crd_766de0c1ae8b4e5da1ecd7740eb5feb8,3,NA,8,1,Emerald,Location,character(0),NULL,Matthew Oates,NA
crd_2f052175c77d4035b1e261bf1675aee8,3,NA,6,0,Emerald,Location,character(0),NULL,Alex Accorsi,NA
crd_2baa971c1cbf4f349f4d343cd97010d5,5,4,4,2,Ruby,Character,Shift,"c(""Floodborn"", ""Hero"", ""Pirate"", ""Captain"")",Koni,NA
crd_c71e324054e14edfa3df845b31689f31,4,5,2,1,Ruby,Character,Rush,"c(""Storyborn"", ""Pirate"")",Saulo Nate,"Moana: ""Do you think they saw us?""
Maui: ""They saw us."""
crd_46799cbfa9fd48629572bf3851c598af,2,1,3,1,Ruby,Character,character(0),"c(""Storyborn"", ""Pirate"")",Saulo Nate,NA
crd_e093d909d79f4dd5baaccae93139c95b,3,2,3,2,Ruby,Character,character(0),"c(""Storyborn"", ""Hero"", ""Princess"")",Malia Ewart,Even the smallest mouse can make the biggest difference.
crd_8ca524116c8e486f99597ca9a67b803b,4,3,3,2,Ruby,Character,character(0),"c(""Storyborn"", ""Hero"", ""Princess"")",Mariana Moreno / Peter Brockhammer,NA
crd_f0088a27ad794105a7a6858c5f32e3a8,2,1,2,1,Ruby,Character,Evasive,"c(""Dreamborn"", ""Hero"", ""Pirate"", ""Captain"")",French Carlomagno / Mariana Moreno,NA
crd_6c12ae52fc6c4244b1f638ff2102bf59,4,2,4,2,Ruby,Character,character(0),"c(""Storyborn"", ""Villain"", ""Alien"", ""Pirate"", ""Captain"")",César Vergara,NA
crd_cfd767c1ed88437486b41bb5670ccc1c,3,2,3,1,Ruby,Character,character(0),"c(""Storyborn"", ""Hero"", ""Princess"", ""Racer"")",Arianna Rea,"""Almost got it!"""
crd_2f6b3b92c227489ab785e1d828ea5f44,1,2,2,1,Ruby,Character,character(0),"c(""Storyborn"", ""Ally"", ""Pirate"")",Filipe Laurentino,"""Hoist the colors! Prepare to fight! Teddy bear at the ready!"""
crd_8f39dbce50c045b49ae76f290eedd29c,2,2,3,1,Ruby,Character,character(0),"c(""Storyborn"", ""Hero"", ""Prince"")",Lava Hijzelaar,"Finding your way through the Azurite Sea takes a stout heart, plenty of courage, and more than a little luck."
crd_df8f4f463d6e4b7483db0bfccd609059,4,3,2,2,Ruby,Character,Evasive,"c(""Storyborn"", ""Ally"")",Kevin Sidharta,"""Just what we needed—a new place to fight bugs."""
crd_4b053bdcc56546798dfd962d892a3630,5,4,4,2,Ruby,Character,Rush,"c(""Storyborn"", ""Ally"")",OggysonArt,"""Port, Abu! Port! To the left! ABU! The other way!""
—Aladdin"
crd_01d728f9a98643378187ab0151a89b06,3,2,4,1,Ruby,Character,character(0),"c(""Dreamborn"", ""Hero"")",Kenneth Anderson,"""Golly, this looked a lot easier from the ship. But I know I can make it—the crew is counting on me!"""
crd_7873f8596eef4066bc23325ceeedcfd8,3,1,5,1,Ruby,Character,character(0),"c(""Storyborn"", ""Hero"", ""Racer"")",Cristian Romero,"""It'll take more than that to knock me out of the race!"""
crd_772912bd2bb0469890adfcc1b3eedd61,1,3,2,1,Ruby,Character,character(0),"c(""Dreamborn"", ""Hero"", ""Princess"", ""Pirate"")",Koni,"""You wanna tell me I don't know what I'm doing? I know I don't!"""
crd_97ffca1bcf534de0ae272cbe065245f8,2,1,4,1,Ruby,Character,character(0),"c(""Storyborn"", ""Ally"", ""Pirate"")",Filipe Laurentino,"""Get ready, Michael! Here they come!"""
crd_a5acdc20f6a54938be2874ab080a9053,4,1,4,2,Ruby,Character,Shift,"c(""Floodborn"", ""Hero"", ""Prince"")",Alice Pisoni,NA
crd_0e20ed4554c44df494fcf78ac9ce0239,3,3,2,1,Ruby,Character,character(0),"c(""Dreamborn"", ""Hero"", ""Pirate"")",Alice Pisoni,Minnie leaned forward. Could it be true? Was this the island at last?
crd_ea56665b30604ff0977e95ad7442f5f5,7,6,5,1,Ruby,Character,Shift,"c(""Floodborn"", ""Hero"", ""Princess"", ""Pirate"", ""Captain"")",Jared Mathews,NA
crd_a545a0ceb41d4f2583bdc22226df0e31,3,5,2,1,Ruby,Character,character(0),"c(""Dreamborn"", ""Villain"", ""Pirate"")",Celeste Jamneck / Mariana Moreno,Pete was always looking for trouble. Now he was finally getting paid for it.
crd_bb6785f344ac4b43812ed03ffe3793af,6,5,5,1,Ruby,Character,"c(""Evasive"", ""Rush"")","c(""Storyborn"", ""Hero"")",Kenneth Anderson,"""Hold on to yer hat!"""
crd_5123478aad6349f1a3f4500b31bc7d5e,6,7,5,1,Ruby,Character,Evasive,"c(""Storyborn"", ""Hero"", ""Deity"")",Alexandria Neonakis,NA
crd_aace3808bd9f445195dceec7b4fe87e9,5,4,3,1,Ruby,Character,character(0),"c(""Storyborn"", ""Villain"", ""Deity"")",Brian Kesinger,"""Panic, use your head for once!"""
crd_edb66d70e4d743b9927bd431e8aaedf7,3,0,4,1,Ruby,Character,Evasive,"c(""Storyborn"", ""Hero"", ""Tigger"", ""Pirate"")",John Loren,NA
crd_eea9acebbeb6449a8cc03786f5bca24d,5,4,2,3,Ruby,Character,character(0),"c(""Storyborn"", ""Villain"")",Cookie,"""It's for the greater good. I'm sure you understand.""
—Scar"
crd_abdee4f2746b40b48c29ea5f3da815b2,1,NA,NA,NA,Ruby,Action,character(0),NULL,Antoine Couttolenc,"Apples, gems, magic lamp ... Abu's not picky as long as there's something worth stealing."
crd_025d33fc4b0c45caabfa10a108e46acd,2,NA,NA,NA,Ruby,Action,character(0),NULL,Amanda MacFarlane,"""We have what it takes to find our way through this maze, together! Hold on—we're going in!"""
crd_d388e59bbe7d4da98d3779993a350b4c,3,NA,NA,NA,Ruby,Action Song,character(0),NULL,Wietse Treurniet,So what can I say except... you're welcome
crd_d65c18ee25cd417bbb2c14e01f2a69a5,7,NA,NA,NA,Ruby,Action,character(0),NULL,Marco Giorgianni,"""Did you really think I would fight fair?""
—Jafar"
crd_3f429b4816d0421cb951261fa3552a95,2,NA,NA,NA,Ruby,Item,character(0),NULL,Alex Shin,NA
crd_2543ac0748a945e3a4a68ef2f90e2feb,1,NA,NA,NA,Ruby,Item,character(0),NULL,Gabriel Angelo,"""Sweet mother of monkey milk! A gold coin!""
—Vanellope von Schweetz"
crd_b9c345526a994ae88d5832aac9f083b9,1,NA,NA,NA,Ruby,Item,character(0),NULL,Kristen Kaluba,NA
crd_5b57ee130c204b778df487c9826834c1,2,NA,6,0,Ruby,Location,character(0),NULL,Jiahui Eva Gao,NA
crd_5c09e6638f7f4eccaa8ae9cf545702cc,2,NA,6,0,Ruby,Location,character(0),NULL,Nicolas Ky,NA
crd_7dd1be4d36094e6a9429298fb6a2d7df,4,4,3,2,Sapphire,Character,Support,"c(""Storyborn"", ""Ally"", ""Robot"", ""Pirate"")",Gwawi,NA
crd_a881e85e281f4e3abe2fbf0437a5c159,2,1,3,1,Sapphire,Character,character(0),"c(""Storyborn"", ""Mentor"")",Kendall Hale,"""All right, geniuses, let's feed those hungry brains."""
crd_64b2156407ef4b99a1636bf189825eaa,3,1,4,1,Sapphire,Character,character(0),"c(""Storyborn"", ""Ally"", ""Inventor"")",Andrea Femerstrand,"""Golly, a perfect wingnut! There's about a million uses for that!"""
crd_7394b4b887f3447dae760121d9ddef7b,6,3,6,3,Sapphire,Character,Shift,"c(""Floodborn"", ""Ally"", ""Inventor"")",Alex Accorsi,NA
crd_975737e961724e1983ed15fa1f6fbb33,3,2,2,2,Sapphire,Character,Ward,"c(""Storyborn"", ""Ally"")",Eri Welli,NA
crd_5fe66ed6c5c842ac9e0ea2eba5ca3a4f,2,2,1,2,Sapphire,Character,character(0),"c(""Storyborn"", ""Hero"")",Tom Bancroft / Kristen Breshears,NA
crd_aa952f818e964c30b5d4be10e3654474,4,3,3,2,Sapphire,Character,character(0),"c(""Storyborn"", ""Villain"", ""Inventor"")",Juan Diego Leon,NA
crd_b513512cb8c04917ae7d0cbe7e1aa355,3,3,4,1,Sapphire,Character,character(0),"c(""Storyborn"", ""Ally"", ""Alien"")",Heidi Neunhoffer,"""As the duly appointed representative for the Galactic Council, I volunteer for this assignment!"""
crd_4aa4ce170d6840e393a1ffd6c44d96ee,3,0,3,1,Sapphire,Character,character(0),"c(""Storyborn"", ""Hero"", ""Inventor"")",Denny Minonne,"""A couple more tweaks and I've just about... got it!"""
crd_e4908765126742488bab30dd0beb2c12,2,2,2,1,Sapphire,Character,character(0),"c(""Storyborn"", ""Ally"")",Lisanne Koeteeuw,NA
crd_6e547f6533974321a1eb89579e98cac0,3,2,3,2,Sapphire,Character,character(0),"c(""Storyborn"", ""Ally"")",Mike Mu / Livio Cacciatore,"""You want to go in there? Fine. If you do, you won't come back out."""
crd_cbd38ca5b3b04da382b8aa2b3da66adb,1,1,2,1,Sapphire,Character,character(0),"c(""Storyborn"", ""Ally"")",Lauren Barger,"""Glad you could make it."""
crd_40ef816e4c7a43cba37bb9f51a586626,4,3,3,1,Sapphire,Character,character(0),"c(""Storyborn"", ""Hero"", ""Inventor"")",Taraneh,NA
crd_48304fa82c024098bf755ea123884358,3,1,3,1,Sapphire,Character,Shift,"c(""Floodborn"", ""Ally"")",João Moura,NA
crd_57018dbc35d34f65ab2480f09404907d,2,2,3,1,Sapphire,Character,character(0),"c(""Storyborn"", ""Ally"", ""Inventor"")",Samanta Erdini,"""All the clues pointed to an island, but I never thought I'd see it on a map. Golly, this is incredible! I mean, the island actually exists, so it's technically credible—but still! This is amazing!"""
crd_6e0ebfc57c174717baae1a0ec2a16830,4,4,4,1,Sapphire,Character,character(0),"c(""Storyborn"", ""Ally"", ""Alien"")",Valentina Graziuso,"""Of course! It all makes perfect sense. That's why my old star charts are useless. Every star in the sky here is different!"""
crd_3a009848a04944aba8e7402d221c897c,6,3,3,3,Sapphire,Character,character(0),"c(""Storyborn"", ""Mentor"", ""Inventor"")",Jeanne Plounevez,"""I'm not giving up on you. You don't understand this yet, but people need you."""
crd_7115d5f5c2604ff08596a89ef6574d19,4,1,5,1,Sapphire,Character,character(0),"c(""Storyborn"", ""Hero"", ""Inventor"")",Gonzalo Kenny,NA
crd_d27f3196f81b4b17a0134b39608aefe7,3,2,2,2,Sapphire,Character,character(0),"c(""Storyborn"", ""Mentor"", ""Inventor"")",Alibeth Zermeno,His work lives on.
crd_b846145aa8e84e80a877721741b41f50,3,0,4,2,Sapphire,Character,character(0),"c(""Storyborn"", ""Hero"", ""Robot"")",Jared Mathews,NA
crd_982364cf0c5f42ee9ba82a335bf674b5,5,2,6,2,Sapphire,Character,character(0),"c(""Storyborn"", ""Hero"", ""Robot"")",Brianna Garcia,NA
crd_fbf237baa9744eb19ca3d4e6c280d587,1,2,2,1,Sapphire,Character,character(0),"c(""Storyborn"", ""Villain"", ""Inventor"")",Jennifer Park,"""You are all brilliant scientists and inventors. Think of what we could do with this little device. How do we push the boundaries of what is possible?"""
crd_ac870f32bf614f27a7b0c0bdf88837fe,2,0,2,3,Sapphire,Character,character(0),"c(""Storyborn"", ""Ally"", ""Inventor"")",Stefano Spagnuolo,He'll find a way to make anything mouse-sized.
crd_c2ee125c29104a138b2a26608d6849c1,9,6,10,2,Sapphire,Character,Shift,"c(""Floodborn"", ""Villain"", ""Inventor"")",Nicola Saviori,NA
crd_dc30f4ddffb84e7daf742ee323cfb552,3,1,4,2,Sapphire,Character,Ward,"c(""Dreamborn"", ""Hero"")",Dustin Panzino,NA
crd_a9c9c9ba97d94ac48f2a141e17b96230,4,NA,NA,NA,Sapphire,Action Song,character(0),NULL,Ian MacDonald,NA
crd_049739e69c034e898c3c48abd37544cc,2,NA,NA,NA,Sapphire,Action,character(0),NULL,Valerio Buonfantino,You need a good plan and even better luck to make it across these treacherous waters.
crd_82a7bdb095d2477bbad45e524ad4a7dd,1,NA,NA,NA,Sapphire,Action,character(0),NULL,Therese Vildefall,"""When you're making the world a better place, every little thing helps.""
—Judy Hopps"
crd_21d32224cf9f452ab94f70d9a2b40d79,1,NA,NA,NA,Sapphire,Action,character(0),NULL,Ian MacDonald,NA
crd_edfd3ef020dd41d5b1733088bdf2c991,2,NA,NA,NA,Sapphire,Item,character(0),NULL,Rudy Hill,NA
crd_bb181c94e74a4e6e8983a33275b59f55,2,NA,NA,NA,Sapphire,Item,character(0),NULL,Stefano Spagnuolo,NA
crd_f19a04399d3d44a9b9e346a4ee4741a4,3,NA,NA,NA,Sapphire,Item,character(0),NULL,Alexandra Hefez,NA
crd_d6deefa8519c46a39b105b62d7b857f4,2,NA,8,0,Sapphire,Location,character(0),NULL,Geoffrey Boudout,NA
crd_b499c66fd5104b3a994c3a6bd51ba692,1,NA,5,0,Sapphire,Location,character(0),NULL,Gabe,NA
crd_6df56dd3dbb5471589800f12bba4eb46,1,0,2,1,Steel,Character,character(0),"c(""Storyborn"", ""Pirate"")",Matthew Robert Davies,"""They're very good at making trouble.""
—Maui"
crd_af36de00a5544c83989f3295612c0bbf,7,4,6,2,Steel,Character,character(0),"c(""Storyborn"", ""Pirate"", ""Captain"")",Juan Diego Leon,NA
crd_c2b1ec76c46f4bc795726d2c2113e478,2,0,4,1,Steel,Character,character(0),"c(""Storyborn"", ""Hero"")",Ursula Dorada,NA
crd_0b5dcdce945a404395b6c65a894ecf6d,4,1,1,3,Steel,Character,character(0),Storyborn,Federico Maria Cugliari,"""You've done me a great service."""
crd_7ee0b368f69e45f7832d164a926951ff,2,3,2,1,Steel,Character,character(0),"c(""Storyborn"", ""Ally"", ""Pirate"")",Carlos Luzzi,"""Captain Hook'd like a word with ya."""
crd_6a19afc00c8b45769267ad82f20e0929,6,3,6,2,Steel,Character,Shift,"c(""Floodborn"", ""Villain"", ""Pirate"", ""Captain"")",Grace Tran,NA
crd_426eee4c74d74ab08c77aea2b5640760,5,6,4,1,Steel,Character,character(0),"c(""Storyborn"", ""Ally"", ""Pirate"")",Federico Maria Cugliari,"""Anything for you, Mr. Smee! Except me share o' the plunder..."""
crd_3071dce7efaf4e139b192b2e026b2999,2,2,3,1,Steel,Character,character(0),"c(""Storyborn"", ""Ally"")",Kevin Sidharta,"""Ma'am! I am a highly trained instrument of tactical superiority! Maybe we could find someone else for the gruntwork! Ma'am!"""
crd_d9abb9a8a381433486a5da9e3173de4b,3,3,4,1,Steel,Character,character(0),"c(""Storyborn"", ""Mentor"", ""King"")",Gaku Kumatori,"""I told you we'd find an island eventually! Excellent navigating. Yes, yes, I'm quite proud. Now, a toast to our success!"""
crd_1c5e7d4a006c4736baf5e602734fec5b,4,2,4,2,Steel,Character,Challenger,"c(""Dreamborn"", ""Hero"", ""Prince"")",Stefano Zanchi,"""That maze wasn't so bad! Let's see what this island has in store for us."""
crd_fef968cf2e0d47fbb8f241fa7d91fd27,3,3,3,1,Steel,Character,character(0),"c(""Storyborn"", ""Villain"", ""Alien"", ""Pirate"", ""Captain"")",Leonardo Giammichele,"""At the end of the day, it's the simplest tools that come through for you in a pinch."""
crd_7bea7155c9164c43949d5e4031b5d810,2,1,2,2,Steel,Character,Resist,"c(""Storyborn"", ""Ally"", ""Alien"")",Michela Cacciatore / Giulia Priori,"""We're holding steady, Captain. Despite this wind. And these waves."""
crd_88c973fe2a114a198654133896a022b7,5,5,5,2,Steel,Character,Shift,"c(""Floodborn"", ""Hero"")",Ornella Savarese,NA
crd_ccc37a7514f24045ad1e2c6cff286e6f,5,6,5,1,Steel,Character,character(0),"c(""Storyborn"", ""Ally"")",Mariana Moreno,"Raya: ""Nothing gets past Tuk Tuk. Nothing.""
Sisu: ""Except butterflies! Oh, and birds!""
Raya: ""Fine. Most things don't get past Tuk Tuk."""
crd_bd9c0c2fd69e467c82c247d1733c0d19,3,2,2,2,Steel,Character,character(0),"c(""Storyborn"", ""Alien"", ""Pirate"")",Diogo Saito,"""He'll be comin' soon. Can't let them find this."""
crd_0b42ad3a223046c0a3807f04c58a552e,4,1,5,1,Steel,Character,Bodyguard,"c(""Storyborn"", ""Ally"")",Hedvig Häggman-Sund,NA
crd_59714153da7e4a6884f25a5c5edad2c1,3,2,3,2,Steel,Character,Support,"c(""Storyborn"", ""Hero"")",Hedvig Häggman-Sund,"""Gee, Donald was right—it's spooky out here in the dark!"""
crd_0e199ab83f22428784550f317e16fefd,5,3,4,2,Steel,Character,Bodyguard,"c(""Dreamborn"", ""Ally"")",Eri Welli,NA
crd_4ab60bc408c44708b7f820348cad85c5,5,4,3,4,Steel,Character,character(0),"c(""Dreamborn"", ""Alien"", ""Captain"")",Luis Huerta,"""Strength in numbers is overrated. I prefer my own strength."""
crd_6c49377313ce45b683987dbd03936467,6,4,4,3,Steel,Character,character(0),"c(""Dreamborn"", ""Hero"")",Justin Runfola,"""I'm very good at what I do. Probably the best I know."""
crd_f6c83c36dbe04bdcb19ee7bd9d0479cd,2,3,2,1,Steel,Character,Resist,"c(""Storyborn"", ""Hero"")",Kevin Sidharta,NA
crd_3594674864b745f3830c15e72a221bf5,4,1,4,2,Steel,Character,character(0),"c(""Storyborn"", ""Ally"", ""Alien"", ""Captain"")",French Carlomagno,NA
crd_b3029d9bf3ee4b7c8bf5cd2403f0b2f5,5,3,4,1,Steel,Character,character(0),"c(""Dreamborn"", ""Villain"", ""Sorcerer"")",Federico Maria Cugliari,"""The broken crown's power is formidable, but not enough. With both halves of the Hexwell Crown, I could rule all of Lorcana!"""
crd_10eefc9e8b2943c0a29f6e19a1c114a0,8,6,6,2,Steel,Character,"c(""Resist"", ""Shift"")","c(""Floodborn"", ""Villain"", ""Alien"", ""Pirate"", ""Captain"")",Diego Machuca,NA
crd_ab3a202cb90a43beac5943ac4baad67a,3,NA,NA,NA,Steel,Action,character(0),NULL,Nicolas Ky,"""This is not going to end well.""
—Pleakley"
crd_139b6ae1e1c04ea0aef5ef864e8ed14b,3,NA,NA,NA,Steel,Action Song,character(0),NULL,Mike Parker,NA
crd_7f56bbeab3ce4593beb4feea23724b82,2,NA,NA,NA,Steel,Action,character(0),NULL,Taraneh,"""I got 'em!""
""No, I got 'em!"""
crd_35df29e6893942a38a14f775719ce522,3,NA,NA,NA,Steel,Action,character(0),NULL,Ilaria Sposetti,Pirates will use any advantage they can get.
crd_178a79a0d95a433d9a6add9dccca0730,4,NA,NA,NA,Steel,Action,character(0),NULL,Mariana Moreno,NA
crd_4d8747b6f80e4bc5a39ace7edc6df9da,3,NA,NA,NA,Steel,Item,character(0),NULL,Juan Diego Leon,NA
crd_513288f8ceec405e9b17fafcb0f5523a,2,NA,NA,NA,Steel,Item,character(0),NULL,Valentina Graziuso,NA
crd_2ae2d2f7e846489a802db83587a26fc3,4,NA,NA,NA,Steel,Item,character(0),NULL,Kuya Jaypi,The coolest accessory for top agents.
crd_dc9cd90360a14c2488e647a1934a17bb,5,NA,9,2,Steel,Location,character(0),NULL,Douglas De La Hoz,NA
crd_25d8f80f68574d38869b7853d737e8e2,3,NA,7,1,Steel,Location,character(0),NULL,Kaitlin Cuthbertson,NA
crd_c1cd26316f4948a382770ffb29440699,8,6,6,3,Amber,Character,Shift,"c(""Floodborn"", ""Hero"")",Jennifer Park,NA
crd_4dfb12a1e5844317a783074a548bc8c7,3,1,4,2,Amber,Character,character(0),"c(""Storyborn"", ""Hero"", ""Princess"")",Casey Robin,NA
crd_60630688715e45079236d447087a9a83,2,NA,7,0,Amber,Location,character(0),NULL,Andrew Peña / Aubrey Archer,NA
crd_d5432572fd3d4dfc95b01b682c71943c,9,6,6,4,Amethyst,Character,Shift,"c(""Floodborn"", ""Mentor"", ""Sorcerer"")",Diego Machuca,NA
crd_b8f5f89ae4fa49e29637b1fffd9c9e4c,4,3,3,2,Amethyst,Character,character(0),"c(""Storyborn"", ""Villain"", ""Sorcerer"")",Whitney Pollett,NA
crd_66c2f5fd704b45bdbe79f585ac31d6fc,2,NA,NA,NA,Amethyst,Item,character(0),NULL,Laura De Pascale,NA
crd_21bfac43fba64c06ab62139f3befd6c1,4,3,3,2,Emerald,Character,character(0),"c(""Dreamborn"", ""Hero"", ""Pirate"", ""Captain"")",Federico Maria Cugliari,NA
crd_03fecbc6607a4948a586ccf4f0915c79,6,4,5,2,Emerald,Character,Shift,"c(""Floodborn"", ""Hero"", ""Detective"")",Justin Gerard,NA
crd_b29e4a26e9324724aab37e97a7738476,3,NA,NA,NA,Emerald,Action,character(0),NULL,Claire Hummel,NA
crd_b1ea1c67fc224e968a4906149590585c,4,3,3,2,Ruby,Character,character(0),"c(""Storyborn"", ""Hero"", ""Princess"")",Aubrey Archer,NA
crd_865641f3cac34a65a36bb2404f4e39dd,3,0,4,1,Ruby,Character,Evasive,"c(""Storyborn"", ""Hero"", ""Tigger"", ""Pirate"")",Mike Parker,NA
crd_37f652aa15934d2b9bd7ad15eb18bbfb,3,NA,NA,NA,Ruby,Action Song,character(0),NULL,Giulia Riva,NA
crd_ae7e15af9559439ba734caac9aa567e5,6,3,6,3,Sapphire,Character,Shift,"c(""Floodborn"", ""Ally"", ""Inventor"")",Javi Salas,NA
crd_7a1524eb2f994287ab6de2e677431724,3,0,4,2,Sapphire,Character,character(0),"c(""Storyborn"", ""Hero"", ""Robot"")",Laura De Pascale,NA
crd_c75fe9ce070a454696dd8d42c6931c68,4,NA,NA,NA,Sapphire,Action Song,character(0),NULL,Denny Minonne,NA
crd_98e2f67c2ee14092be9f89b31f20db4e,6,4,4,3,Steel,Character,character(0),"c(""Dreamborn"", ""Hero"")",Jake Parker,NA
crd_eb10018264004dc59f9bf0f31295d757,4,1,4,2,Steel,Character,character(0),"c(""Storyborn"", ""Ally"", ""Alien"", ""Captain"")",Mario Manzanares,NA
crd_c343d1fc29f3491f95bb460c90e081a7,5,NA,9,2,Steel,Location,character(0),NULL,Sam Nielson,NA
crd_b817b45c424b49b98e7978f1dcf3d7db,6,4,7,2,Amber Steel,Character,character(0),"c(""Storyborn"", ""Ally"")",Stefano Zanchi,"""Don't forget, you are awesome. You can handle anything. Now channel your inner awesomeness and CLEAR THIS TRAP!"""
crd_9290224bc0aa4571a72a8cca9b3dc655,4,1,4,2,Amber Sapphire,Character,character(0),"c(""Storyborn"", ""Hero"")",Cécile Carre,NA
crd_45494b13fa0d45a8befe78f80312b7d9,5,4,7,1,Amber,Character,character(0),"c(""Storyborn"", ""Mentor"", ""King"")",Mike Parker,Every parent struggles with getting their baby to sleep. Kings are no different.
crd_fa85ca0440e441a19d44e1621e40f1d1,5,3,5,2,Amber Steel,Character,Shift,"c(""Floodborn"", ""Hero"")",John Loren / Nicholas Kole,NA
crd_fb3fdf1042f04416b070bdd8566a53e6,1,1,2,1,Amber,Character,character(0),"c(""Storyborn"", ""Ally"")",Hedvig H-S,The best part of completing the obstacle course was finding their human at the end.
crd_ea6328bcbfc440899e5ecf6e16dbd5f0,2,2,2,1,Amber,Character,Support,"c(""Storyborn"", ""Ally"")",Yu Nguyễn,"""As my grandpappy, Old Reliable, used to say, save your energy for when it matters."""
crd_7085d6eb08764015945d684bc74bceb5,3,2,4,1,Amber Emerald,Character,character(0),"c(""Storyborn"", ""Ally"")",Mariana Moreno,She was born to be a star no matter where she performed.
crd_06b99488cc904626be99d5646a5f4c91,4,3,4,2,Amber,Character,character(0),"c(""Storyborn"", ""Ally"")",Kapik,"The devoted mice were excited to surprise Cinderella with a new dress. Smiling, Archazia gave them a spool of magic thread. ""This will make it perfect,"" she said."
crd_9b5d0e7c5c15447d9f17ea4419b07e3f,5,4,5,2,Amber,Character,Bodyguard,"c(""Storyborn"", ""Ally"")",Brian Weisz,NA
crd_8d473335c16245e684e466b7a745ec89,7,2,6,2,Amber Emerald,Character,character(0),"c(""Storyborn"", ""Hero"")",Alan Batson,NA
crd_7f80a94bb56149dea86cbcf92b7eff6f,2,1,3,1,Amber Steel,Character,Resist,"c(""Storyborn"", ""Ally"")",Carmine Pucci,NA
crd_f25f3276ffc641a6a188b538ca96ac6a,7,5,7,2,Amber Ruby,Character,Evasive,"c(""Dreamborn"", ""Hero"", ""Queen"", ""Pirate"", ""Captain"")",Jochem van Gool,NA
crd_039fcd98eaf7444ea45cea5da181f1c8,3,1,3,1,Amber Amethyst,Character,Evasive,"c(""Storyborn"", ""Hero"", ""Madrigal"")",Koni,"""My family's amazing, and I'm in my family, so..."""
crd_96ad341f42564869a246b51582b51031,3,1,4,2,Amber,Character,character(0),"c(""Storyborn"", ""Hero"", ""Princess"")",Lisanne Koeteeuw,NA
crd_7c8e2317de8840ecaa50bffbff20c87d,4,2,4,2,Amber,Character,character(0),"c(""Storyborn"", ""Hero"", ""Princess"")",Tania Soler,"""But, you see, I have the other slipper."""
crd_e21853e17196454badd15ded13c064fc,3,3,4,1,Amber,Character,character(0),"c(""Storyborn"", ""Ally"")",Samanta Erdini,The puzzles of the heart are trickier than anything Archazia could come up with.
crd_71551dd2d3334d509ce2f72fb84bd5fe,2,2,2,1,Amber,Character,character(0),"c(""Storyborn"", ""Ally"", ""Racer"")",Kapik,NA
crd_9b70e9c76a6643c69167b3f081530ae9,4,2,4,2,Amber,Character,Support,"c(""Storyborn"", ""Hero"")",Ellie Horie,"""Super dog versus super log! This is AWESOME!"" —Rhino"
crd_b2dd259955af479c8816391e13d4e16d,4,3,3,3,Amber Amethyst,Character,Evasive,"c(""Storyborn"", ""Ally"")",Aubrey Archer,"Once Pascal got into Archazia's flowerbeds, there was no getting him out."
crd_68c5e563c4774f3f94a16eed86475c95,4,2,2,2,Amber Ruby,Character,character(0),"c(""Storyborn"", ""Villain"", ""King"", ""Racer"")",Stefano Spagnuolo,"""Get off of my track!"""
crd_32c3d2920fe747bbb4ee7e95f78523d8,2,1,2,2,Amber Steel,Character,character(0),"c(""Storyborn"", ""Ally"")",Aisha Durmagambetova,NA
crd_8e4e89a1b49c4ea5936be4e14cfadb46,5,4,4,2,Amber Ruby,Character,character(0),"c(""Storyborn"", ""Hero"", ""Racer"")",Stefano Spagnuolo,"""A trap is just a puzzle that's not very friendly."""
crd_5a0a0d8b44824cf3b19fd61fc940df4a,5,3,7,2,Amber Sapphire,Character,"c(""shift"", ""bodyguard"")","c(""Floodborn"", ""Hero"")",Max Grecke,NA
crd_a661b0191f2d40ef8622c751bee7c0c5,2,0,5,1,Amber,Character,character(0),"c(""Storyborn"", ""Hero"", ""Prince"")",João Moura,NA
crd_b5348c3b5e494988a10e2adbfd366f50,5,3,3,4,Amber,Character,character(0),"c(""Storyborn"", ""Ally"", ""Madrigal"")",César Vergara,"""I just made something unexpected. Something sharp, something new."""
crd_5d8c259d718d4d54ac5e45275bffbcf0,6,5,5,2,Amber Ruby,Character,Shift,"c(""Floodborn"", ""Hero"", ""Racer"")",Alice Pisoni,NA
crd_98cc1ff61f704e70a88362de3d5d29a7,6,3,8,1,Amber,Character,character(0),"c(""Storyborn"", ""Hero"")",Eri Welli,"""I got that medal in the bag."""
crd_50725381dc53418bbb9acdb5df2d16c2,5,4,4,2,Amber Emerald,Character,Shift,"c(""Floodborn"", ""Hero"")",João Moura,NA
crd_9fbbf95f7db645ad87d4e78d12a05a96,6,5,5,2,Amber Sapphire,Character,character(0),"c(""Storyborn"", ""Hero"")",Cécile Carre,Tricks and traps are nothing for plucky pups.
crd_11827c57989a4d9c961b1c5b08c42945,4,2,4,1,Amber,Character,character(0),"c(""Storyborn"", ""Hero"")",Julien Vandois,NA
crd_9e82c244c06f495eb4de6ae7915cd575,2,1,2,0,Amber,Character,character(0),"c(""Storyborn"", ""Hero"")",SCG,NA
crd_fd0e022a8b8c4171a610ffe0a440d8be,3,3,2,1,Amber Emerald,Character,Evasive,"c(""Storyborn"", ""Ally"")",Kapik,NA
crd_2f6b2d82972a4c47aca9ebf61a664045,4,2,2,2,Amber,Character,character(0),"c(""Storyborn"", ""Hero"", ""Princess"")",Mario Manzanares,A true heart can thwart many an evil scheme.
crd_2b6ec7f6dfed481bbc57c510928c657b,3,2,2,3,Amber,Character,character(0),"c(""Storyborn"", ""Ally"")",Jeanne Plounevez,"""And then they were like, 'How'd you catch so many fish, Koda?' And I said, 'Well, you know me. I know how to catch fish.' And they said..."""
crd_54b4ddf71822489da9c826190fd490c1,6,2,6,2,Amber Amethyst,Character,Shift,"c(""Floodborn"", ""Hero"", ""Madrigal"")",Eri Welli,NA
crd_64a76c911cf94a1c88039f36efdec741,3,2,4,1,Amber,Character,character(0),"c(""Dreamborn"", ""Hero"", ""Racer"")",Alice Pisoni,"""Preparation and luck—you can only rely on one to win a fight!"""
crd_dc149fc0470a4fc2a5cde6ba7dffbdd7,3,2,4,1,Amber,Character,character(0),"c(""Storyborn"", ""Ally"", ""Madrigal"")",Valentina Graziuso,Archazia's calming presence helped Pepa dispel her dark mood.
crd_1420be51e8504e689e1166dfb5bd2790,2,NA,NA,NA,Amber,Action Song,character(0),NULL,Andrea Femerstrand,NA
crd_a9d9c4039f5445c582413664824aad1d,1,NA,NA,NA,Amber Sapphire,Action,character(0),NULL,Nicola Saviori / Livio Cacciatore,"The moment her heart was returned, greenery burst to life and restored Te Fiti to her rightful form."
crd_c6cad61cbf8445be93e29134eb073af6,5,NA,NA,NA,Amber Amethyst,Action Song,character(0),NULL,Juan Diego Leon,NA
crd_928bd23c4cdb4440898accbb73aba3bf,1,NA,NA,NA,Amber,Item,character(0),NULL,Francesco Colucci,Martin smiled as the coil snapped into place and he felt a surge of healing energy.
crd_568855977d47447e9b2977c859dc31c7,2,NA,NA,NA,Amber,Item,character(0),NULL,Roberto Gatto,"""Hey, Tony's! Of course. The very place for a very special occasion.""
—Tramp"
crd_f5583cd014c542abbfcdf83fb1d2feb6,1,NA,NA,NA,Amber,Item,character(0),NULL,Juan Diego Leon,"""Happy dogs are those who eat nutritious Kanine Krunchies!"""
crd_68e6c910a8e74691b4a10dd1d5560643,2,NA,NA,NA,Amber,Item,character(0),NULL,Tania Soler,NA
crd_78e4e2811167449d9b2d7a3fa7c0908b,5,1,4,2,Amethyst,Character,character(0),"c(""Storyborn"", ""King"")",Luca Pinelli,NA
crd_fc616b53f3414fafa9aa52283d03fa3e,4,4,4,1,Amethyst,Character,character(0),"c(""Storyborn"", ""Ally"")",Filipe Laurentino,"""This is a place of wonder and learning. Pay attention to the Owl and see what she can teach you."""
crd_dde4814ef611454ca907668ed03b2027,4,3,3,2,Amethyst,Character,character(0),Storyborn,Alexandria Neonakis,"""At last, after all my years of searching!"" —Jafar"
crd_db6704b5f5e54a799f35d46afeca395d,2,2,2,1,Amethyst,Character,character(0),"c(""Storyborn"", ""Ally"")",Alexandria Neonakis,"""It's said to be a bridge between us and the magic of nature."""
crd_9510a7439adc4dc5b1f444e37334a32e,4,4,6,1,Amethyst,Character,Evasive,"c(""Dreamborn"", ""Ally"", ""Illusion"")",John Loren / Nicholas Kole,NA
crd_557e4cc6a67e4683ab3a48a35fcf6372,5,2,6,1,Amethyst,Character,character(0),"c(""Storyborn"", ""Villain"")",Giulia Riva,NA
crd_4beba63e13ea4be58f3b775bccc5d7d3,4,2,4,2,Amethyst Steel,Character,character(0),"c(""Dreamborn"", ""Villain"", ""Sorcerer"")",John Loren / Nicholas Kole,"""Now that the Hexwell Crown is finally mine, no force in Lorcana can stand against me!"""
crd_5dd4b7c75d134e76998535e1f8ec6b6c,6,4,6,2,Amethyst Ruby,Character,character(0),"c(""Storyborn"", ""Villain"", ""Deity"")",Cristian Romero,"""... You get a whole lotta gain."""
crd_2f6408a754bf40a7a71655da8edc5223,4,3,4,1,Amethyst Ruby,Character,character(0),"c(""Storyborn"", ""Villain"")",Roger Pérez,NA
crd_97ba744205d341099f6b8a54f12eee71,10,12,12,3,Amethyst Ruby,Character,Shift,"c(""Floodborn"", ""Villain"", ""Deity"")",Nicola Saviori,NA
crd_6e04382533a045eda3c48e76e9dda411,2,2,3,1,Amethyst,Character,character(0),"c(""Storyborn"", ""Hero"", ""Queen"", ""Sorcerer"")",Amber Kommavongsa,"""Fear is what can't be trusted."""
crd_e1f18adb01e14dbd97be31ad052d642d,6,4,5,2,Amethyst,Character,character(0),"c(""Storyborn"", ""Villain"", ""Sorcerer"")",Jocelyn Sepulveda,"""She only wants rules so she can break them!"" —Archimedes"
crd_e83395def01e4f76b670fd014c79d440,3,4,4,1,Amethyst Steel,Character,character(0),"c(""Dreamborn"", ""Ally"", ""Illusion"")",Nicola Saviori,NA
crd_ef4c7e8b987648b1ad759f754aaafc9e,6,5,6,2,Amethyst,Character,Challenger,"c(""Storyborn"", ""Villain"", ""Deity"")",Max Grecke,"""You wanna get to Te Fiti, you have to go through a whole ocean of bad. Not to mention Te Kā."" —Maui"
crd_5a028a55c4554cfd94686805d26929b1,2,2,1,1,Amethyst,Character,character(0),"c(""Storyborn"", ""Villain"", ""Sorcerer"")",Oggy Christiansson,"""Yes, I've already finished this course. I'm still going to bounce a few more times."""
crd_e8ae850c18614645b9458dbca01b1f14,3,3,2,1,Amethyst,Character,character(0),"c(""Dreamborn"", ""Ally"")",Kenneth Anderson,"""Oh, hang on. I love this bit! He pops the balloon and all those acorns go flying out. Gets me every time."" —Kronk"
crd_28105ce920e943dbb885b3a831689c38,1,1,3,1,Amethyst,Character,character(0),"c(""Storyborn"", ""Ally"")",Arianna Rea,"""Um, wasn't there something the boss wanted us to take care of? Was it testing these arrows?"""
crd_85bc31bc75a34ebcbcfc164e701ae6ef,2,3,3,1,Amethyst,Character,character(0),"c(""Dreamborn"", ""Ally"", ""Illusion"")",Andrea Femerstrand,"He may be spectral, but the danger is very real."
crd_10a145c920e14c17b01173d348247d95,5,4,4,2,Amethyst Emerald,Character,character(0),"c(""Storyborn"", ""Ally"")",Tony Bancroft / Lindsay Weyman,NA
crd_3c674103cf444a0b948e0b8be6a0e0e4,3,1,4,1,Amethyst Ruby,Character,character(0),"c(""Storyborn"", ""Villain"", ""Sorcerer"")",Ian MacDonald,NA
crd_7b2b13682a1c4b4198f7c27df73abc46,5,2,6,1,Amethyst Sapphire,Character,Rush,"c(""Storyborn"", ""Ally"")",Juan Diego Leon,NA
crd_f13e08ae1efd4ae4be493361797a3497,2,1,2,1,Amethyst Emerald,Character,Evasive,"c(""Storyborn"", ""Ally"")",Mike Parker,NA
crd_1acf47f176fd481791f5e79e900fefe6,1,0,1,1,Amethyst Sapphire,Character,character(0),"c(""Storyborn"", ""Mentor"", ""Sorcerer"")",Cam Kendell,NA
crd_181371118d864cd08cfc849f7b795a5d,7,3,8,2,Amethyst Emerald,Character,Shift,"c(""Floodborn"", ""Villain"", ""Queen"")",Cristian Romero,NA
crd_01c4835a62df4960bb973aeff81f2bb2,7,5,5,2,Amethyst Sapphire,Character,Shift,"c(""Floodborn"", ""Hero"", ""Queen"", ""Sorcerer"")",Ian MacDonald,NA
crd_b9ef052585ff4d9db2b101a61b3b9486,3,1,4,1,Amethyst,Character,Challenger,"c(""Storyborn"", ""Hero"")",Jeanne Plounevez,NA
crd_4b09d3e4c16c4e0d8b579d090a021dd5,4,2,2,2,Amethyst Emerald,Character,Evasive,"c(""Storyborn"", ""King"")",Florencia Vazquez,NA
crd_b46a014c04334b358578cee5fbd9444f,4,2,3,2,Amethyst Sapphire,Character,Support,"c(""Dreamborn"", ""Hero"", ""Queen"", ""Sorcerer"")",Ian MacDonald,NA
crd_a776c58f579148a7b4e6944fb3d9f12e,7,5,6,3,Amethyst,Character,character(0),"c(""Dreamborn"", ""Ally"", ""Sorcerer"")",Eri Welli,"When it comes to magic spells, proper pronunciation is key."
crd_db45bcd9604d43b3b9a430ee1f23bec8,4,4,3,1,Amethyst,Character,character(0),"c(""Storyborn"", ""Villain"", ""Queen"", ""Sorcerer"")",Malia Ewart,NA
crd_4c46bfa161ae4e4d886ddabef7ad8d57,4,2,3,2,Amethyst,Character,character(0),"c(""Storyborn"", ""Ally"")",Arianna Rea,"""What the boss doesn't know won't hurt us. Much. I hope."""
crd_35cac934c7154962803cd87c1d34e32a,2,2,2,1,Amethyst,Character,character(0),"c(""Storyborn"", ""Ally"")",Luis Huerta,Archazia's library was a treasure trove of knowledge even for such an educated owl.
crd_0c0360dcefeb4a60bec287543d586f28,3,4,3,1,Amethyst,Character,character(0),"c(""Storyborn"", ""King"")",Jocelyn Sepulveda,"""You presume much, to think you are welcome here."""
crd_530a9f4cf6274b8d8293c816a38bdf61,1,1,2,1,Amethyst,Character,character(0),"c(""Storyborn"", ""Ally"", ""Madrigal"")",Samanta Erdini,"She heard Mariano's heart skip a beat. Was it because of the puzzle, or was he looking at her?"
crd_5118e8478d8b437693d1b7ff7c09d7fd,7,5,7,2,Amethyst Steel,Character,Shift,"c(""Floodborn"", ""Mentor"", ""King"")",Andrea Femerstrand,NA
crd_a03dfd74bc3343a883df4bb71b193f0c,2,NA,NA,NA,Amethyst,Action,character(0),NULL,Jennifer Wu,"""Oh, I'm sure it's fine if we move these traps around. Archazia won't mind a little magic"".
—Flora"
crd_703029977ead4c46bf7f4991b6fd1736,2,NA,NA,NA,Amethyst,Action Song,character(0),NULL,Cristian Romero,"So many stars, and everybody gets to shine"
crd_f51427b0966d49e0a683cb6eee1b4e2e,2,NA,NA,NA,Amethyst,Action,character(0),NULL,Natalie Dombois,"""Weave of time, attend to me—
Reveal the moments soon to be!"""
crd_73e72e4fa154400f892e295a0eaffb40,6,NA,NA,NA,Amethyst Steel,Action,character(0),NULL,Jochem van Gool,"The Hexwell surged with pure creative energy, fusing the crown's pieces in a final burst of power."
crd_e26f9abffd3943c096c50b0cef7425ff,3,NA,NA,NA,Amethyst,Item,character(0),NULL,Francesco Colucci,"Shanzay's coil flared, sending a tendril of mystical energy toward the damaged glimmer."
crd_40f1a53c285d48ca863b57072d362b48,4,4,4,1,Emerald,Character,character(0),"c(""Storyborn"", ""Ally"")",Rianti Hidayat,"Once again, Drizella was confronted with a simple truth: life wasn't fair."
crd_95d2688246294e40900308cbc135856b,2,2,2,1,Emerald,Character,character(0),"c(""Storyborn"", ""Ally"", ""Pirate"")",Simangaliso Sibaya / Mario Manzanares,He loves two things: explosions and even more explosions.
crd_adb8a67a679f4e2199a7dc7a9c7a98a1,2,3,2,2,Emerald,Character,character(0),"c(""Storyborn"", ""Hero"", ""Robot"")",McKay Anderson,"""Processing data from Archazia's thought scrolls is taking a great deal of power. Extreme battery saver protocol engaged."""
crd_48128e1a036e499a9822cb5bf2be18de,3,4,2,1,Emerald,Character,Ward,"c(""Storyborn"", ""Hero"")",Kasia Brzezinska,There's nothing he can't talk his way out of.
crd_6ff1b412a0b3492ea86308a9f41842b8,1,1,2,1,Emerald,Character,character(0),"c(""Storyborn"", ""Villain"", ""Pirate"")",Serena Wade,"""I wasn't stealin' it! I was just keepin' it safe."""
crd_82584b5e3b2e4d319077b9c8021cb066,3,3,3,1,Emerald,Character,character(0),"c(""Storyborn"", ""Hero"", ""Inventor"")",Jennifer Wu,"Even with a mind as brilliant as his, the mixed ink was a unique puzzle to solve."
crd_6bbaa412cc0d43d8a2c2913ccbf13c3c,5,4,3,2,Emerald,Character,character(0),Storyborn,Sandara Tang,"""He's not your average cat, after all. Then again, what cat is?"" — Archazia"
crd_7a9520920a6d4267a8bcd80653a43c60,4,4,4,4,Emerald,Character,character(0),"c(""Storyborn"", ""Villain"")",Stefano Zanchi,He'd be the first to tell you he's as magnificent as he is deadly.
crd_06d0c264e2e34e248fcce5ce2e0d3efe,6,3,6,3,Emerald,Character,character(0),"c(""Dreamborn"", ""Hero"", ""Detective"")",Valerio Buonfantino,"""The final part of the crown! Jafar will be pleased."""
crd_1d6a93033e0b4304b27bfcfc052aa129,6,3,5,2,Emerald Ruby,Character,character(0),Storyborn,John Loren / Nicholas Kole,"""Don't you care for tea?"""
crd_1a8a91c84777485892034cbc17d8359d,5,2,6,2,Emerald Ruby,Character,Shift,"c(""Floodborn"", ""Villain"", ""Queen"")",Alice Pisoni,NA
crd_d81e14dbf9434f8dbf44f03a0a759fe9,7,4,6,3,Emerald Sapphire,Character,Shift,"c(""Floodborn"", ""Hero"", ""Inventor"")",Alan Batson,NA
crd_f9a3516262004948b7bd488cc55af5b9,2,1,2,1,Emerald Sapphire,Character,character(0),"c(""Storyborn"", ""Villain"", ""Inventor"")",Diogo Saito,"""In the hands of a lesser person, this much power would be irresponsible."""
crd_3c1ded27230c410bb3f454c406bab158,2,1,1,2,Emerald,Character,character(0),"c(""Dreamborn"", ""Hero"", ""Pirate"")",João Moura,"""Aye aye, Captain! I'll get it done."""
crd_8a7ba766a9614ec2b66cd1cb1dc10a3e,3,2,5,1,Emerald,Character,character(0),"c(""Storyborn"", ""Ally"")",Geoffrey Boudout,"""Look what I found! Can we stay here and play?"""
crd_923b464195ae4552b00f557378bc77a3,1,1,2,1,Emerald,Character,character(0),"c(""Storyborn"", ""Hero"")",Sara Leal (Loyal),"""Are you sure we're allowed in here? Jim Dear would never allow me in the kitchen."""
crd_f373768f95114e078fb4d77cd3cdead2,2,2,2,1,Emerald,Character,character(0),"c(""Storyborn"", ""Villain"", ""Sorcerer"")",Mel Milton,"""One of these must be the right lever, but I'll be a llama's aunt if I can figure out which one..."""
crd_b2930c4282b145fe8eabadae2c6567f9,3,3,2,1,Emerald,Character,character(0),"c(""Storyborn"", ""Hero"")",Luca Pinelli,He liked to prepare for any emergency. They happened frequently with Kuzco around.
crd_f412907cdf7346cf8bbc1d02fab3d1d6,5,4,4,2,Emerald Ruby,Character,character(0),Storyborn,Alice Pisoni,"""You can't leave yet! Don't you want to hear the ending? ""
—Tweedledee"
crd_98c983fba498470ba2ff0518902e8cc5,6,5,5,2,Emerald Sapphire,Character,character(0),"c(""Floodborn"", ""Hero"", ""Robot"")",Valerio Buonfantino,NA
crd_bca7b817c7d54046bdf02f573d14d87a,4,4,3,1,Emerald Steel,Character,Resist,"c(""Storyborn"", ""Inventor"")",Cam Kendell,NA
crd_0306993b7adb4a52afb9ff31aea3a9b1,4,2,3,2,Emerald Ruby,Character,character(0),"c(""Storyborn"", ""Ally"")",Ian MacDonald,NA
crd_0cea7c1e74014adeb7fc3a59ddce500f,3,3,3,1,Emerald Steel,Character,character(0),"c(""Dreamborn"", ""Villain"", ""Pirate"", ""Captain"")",João Moura,"""All right now, crew–we've a lot to do today!"""
crd_ea132f418f484b7fa0514107132a8b54,8,6,5,3,Emerald,Character,character(0),"c(""Dreamborn"", ""Hero"", ""Pirate"", ""Captain"")",Emily Abeydeera,"A captain must be inventive, commanding, and unafraid of trampolines."
crd_b6a644c09d674fe6ace0502427a05c6e,8,6,4,2,Emerald Steel,Character,Resist,"c(""Storyborn"", ""Villain"", ""Alien"", ""Pirate"", ""Captain"")",Nicholas Kole,NA
crd_82e7a76ecb914d5cace338ee4280e6d7,2,1,3,1,Emerald,Character,character(0),"c(""Storyborn"", ""Hero"")",Amanda MacFarlane,NA
crd_f20054bb326b460c8ac1dc08f2723ce3,4,3,3,2,Emerald,Character,character(0),"c(""Storyborn"", ""Ally"", ""King"")",Isaiah Mesq,"""You there! You can't be here in the state you're in. Begone before the Queen sees this mess!"""
crd_03494b6689ad4bbb9d4e5afac6db733d,2,3,2,1,Emerald,Character,character(0),"c(""Storyborn"", ""Hero"")",Therese Vildefall,"""Now darlings, pay close attention to where we are. What can you learn about the Owl from the house?"""
crd_17faea698cdc496d81f840310128074b,3,3,1,2,Emerald,Character,character(0),"c(""Storyborn"", ""Ally"")",Rianti Hidayat,"""Out of my way! I'm going to be the first to finish!"""
crd_874601077b644699b9e61662ec1c68a8,6,5,5,2,Emerald Steel,Character,Shift,"c(""Floodborn"", ""Villain"", ""Pirate"")",Kenneth Anderson,NA
crd_9cb99a5eecf64cd9a96cbc780861205c,6,3,3,2,Emerald,Character,character(0),"c(""Storyborn"", ""Villain"")",Gaku Kumatori,NA
crd_688f773c54e34dbf8f96096b19c1c2b9,1,NA,NA,NA,Emerald,Action,character(0),NULL,Valentina Graziuso,"""Alice! Will you kindly pay attention and recite your lesson?"" —Alice's sister"
crd_81b8d1f9be6542e0902b77e4ab51fae0,1,NA,NA,NA,Emerald,Action Song,character(0),NULL,Isaiah Mesq,Wish that I could travel his way
crd_f6df91ec4b8144ec99568e5979a90225,5,NA,NA,NA,Emerald,Action,character(0),NULL,Kevin Sidharta,"""Congratulations, Wonderboy. You'll make one heck of a god.""
—Megara"
crd_1043af1f4d454d8d83c4a85a75e1ad05,3,NA,NA,NA,Emerald Sapphire,Action,character(0),NULL,Kevin Sidharta,NA
crd_6109e70026c649f2baca4f9656b66510,3,NA,NA,NA,Emerald,Item,character(0),NULL,Francesco Colucci,The coil Martin wore lifted his spirits as well as his body.
crd_466c1ad68e6040a0973b922ee491924d,2,1,1,2,Ruby,Character,character(0),"c(""Storyborn"", ""Ally"")",Javi Salas,"""Fear will get you hurt. Luck will get you through."""
crd_8e76340248ad450587db93be8aeeb437,2,1,4,1,Ruby,Character,character(0),"c(""Storyborn"", ""Villain"", ""Queen"")",Antoine Couttolenc / Samanta Erdini,Something told the Illumineers she'd had enough of the obstacles.
crd_9b84afa5574c49e4a0270195f6ced69b,4,4,3,1,Ruby,Character,character(0),Storyborn,Brian Weisz,"""Who spit in her bean curd?""
—Grandmother Fa"
crd_b91e58cc0277450595a28974cf70c180,3,3,2,0,Ruby Steel,Character,Reckless,Storyborn,Brian Weisz,"""There's no time. We have to act now!"""
crd_bb6b464db7a64c6081cdb443267749e4,4,3,4,1,Ruby,Character,Rush,"c(""Storyborn"", ""Ally"")",Florencia Vazquez,NA
crd_2b0915e50c1b41d1aea0dce6be43a6d9,9,7,7,3,Ruby Sapphire,Character,Shift,"c(""Floodborn"", ""Hero"", ""Princess"", ""Inventor"")",Koni,NA
crd_b9cf5f433cd840c295d3b74c39583ee1,2,1,2,1,Ruby,Character,character(0),Storyborn,Cristian Romero,"""Cy-Bugs are like a virus. They don't know they're in a game."" —Calhoun"
crd_2e6d017b97da415fb97b8d42bb129e98,5,4,4,1,Ruby,Character,character(0),"c(""Storyborn"", ""Ally"")",Saulo Nate,Silence is golden. And he loves gold.
crd_ae70cf678a1f47fe9082e2b769fe2a3c,1,1,2,1,Ruby,Character,character(0),"c(""Storyborn"", ""Ally"")",Kamil Murzyn,"The Three of Hearts raised his spear and whispered to himself, ""While others fall, a Queen's soldier stands tall."""
crd_7e99e5b9bd2747d29e6393aff2685158,3,3,3,1,Ruby,Character,character(0),"c(""Storyborn"", ""Ally"")",Tony Bancroft / Lindsay Weyman,"""Top shelf? Pshaw! If it's a book the mademoiselle wants, I'll find a way to get it for her!"""
crd_1cc513a07b96473ebf95f9369c01c25d,1,3,1,1,Ruby,Character,character(0),"c(""Storyborn"", ""Ally"")",Gaku Kumatori,"""Toby has the most splendid sense of smell of any hound I've trained. But he can be deucedly frisky."" —Basil"
crd_0d3c06bef62348d7b6dcb0fe03afa6d0,4,3,3,2,Ruby Sapphire,Character,character(0),"c(""Storyborn"", ""Villain"")",Lauren Barger,NA
crd_82fe7f4aeec649bbba476dddb838a620,3,2,3,1,Ruby Steel,Character,character(0),"c(""Storyborn"", ""Hero"", ""Captain"")",Ian MacDonald,NA
crd_da7a7db2845c4262be680a8a5b03c027,4,4,3,1,Ruby,Character,Evasive,"c(""Storyborn"", ""Hero"", ""Princess"")",Jackie Droujko,NA
crd_1d8717ca485141a48e480838e3667ca3,2,3,1,1,Ruby,Character,Rush,"c(""Storyborn"", ""Villain"")",Luca Pinelli,Nobody knows who or what he really is or what he's planning.
crd_ddee28debf2d4fc7ade06acadd09d058,6,5,5,2,Ruby Sapphire,Character,character(0),"c(""Dreamborn"", ""Hero"", ""Prince"", ""Inventor"")",Koni,"""No, no, no! This is NOT THE WAY I SEE IT IN MY HEAD!"""
crd_5c58452a39084f28b379fdd1133ffdea,5,4,4,1,Ruby Steel,Character,character(0),"c(""Storyborn"", ""Ally"", ""Dragon"")",Tom Bancroft,NA
crd_a02f616f960243249461ac40a8beb36c,4,5,2,1,Ruby,Character,character(0),"c(""Storyborn"", ""Mentor"", ""Inventor"")",Andy Estrada / Greg Shrader,NA
crd_f51072d030ba4e7b892f9ae48175f4cb,7,7,6,1,Ruby,Character,Evasive,"c(""Storyborn"", ""Ally"")",Teresita Q. / SCG,NA
crd_4ba6dbe9f2674bb880ec26795a4663c6,8,6,4,3,Ruby,Character,character(0),"c(""Storyborn"", ""Villain"")",Federico Maria Cugliari,He got what he wanted—just not the way he planned.
crd_5d754111355845818b81e2a9a506bab4,7,5,6,2,Ruby Steel,Character,Shift,"c(""Floodborn"", ""Hero"", ""Princess"")",Jochem van Gool,NA
crd_aded94a6d9d84b958d8e1b56f83af565,6,5,4,2,Ruby,Character,character(0),"c(""Storyborn"", ""Ally"")",Sergio Mancini,"""Now, move. That's it. Now give me a big bear growl. Scare me."""
crd_3b1ed1a8c9694de19eb207ce5f1357e9,4,3,3,1,Ruby,Character,character(0),"c(""Storyborn"", ""Villain"")",Max Ulichney,"""Why stop the show when you can simply steal it?"""
crd_ff5d1835b81b400cac7373fb6310ca6a,2,2,2,2,Ruby,Character,character(0),"c(""Storyborn"", ""Knight"")",Kevin Sidharta,"""An owl in charge? Pshaw."" He glared at the others. Then his eye fell on the targets set up nearby, and he brightened. ""But as long as I still get to joust..."""
crd_afc3f865b594418e86f60e638df7351b,2,2,2,1,Ruby,Character,character(0),"c(""Storyborn"", ""Hero"")",Stefano Zanchi,"""Okay, we rotated the globe to move the mural into position. We have the coordinates. Let's go!"""
crd_4496d449edb34ea2b6994004e5d30c84,5,6,5,1,Ruby,Character,character(0),"c(""Storyborn"", ""Villain"")",Leonardo Giammichele,"""All these traps, all these locks, all these machines... If they think that's going to stop me, they've sorely underestimated Edgar Balthazar!"""
crd_696163f5674e45ddb49ab917a6d91180,3,NA,NA,NA,Ruby,Action,character(0),NULL,Isaiah Mesq,"""Well, as usual, diplomacy has failed us.""
—Lyle Tiberius Rourke"
crd_0b939927deb64ca8a8ddde773f6cc340,7,NA,NA,NA,Ruby,Action,character(0),NULL,Hedvig H-S,The last thing any gamer wants to see.
crd_9d23dd955ab74137bba7be82615b2178,2,NA,NA,NA,Ruby,Item,character(0),NULL,Francesco Colucci,"Venturo felt a spark from his arm coil, and energy flooded his strained muscles."
crd_99bcca2953964e4180ad6d27bea2d14d,1,NA,NA,NA,Ruby,Item,character(0),NULL,Levi Rogers,"""I use this one a lot more than you'd think!"" —Maurice"
crd_86f1f9b1aee3486ca626ba64f1a8edb5,3,NA,NA,NA,Ruby Sapphire,Item,character(0),NULL,Isaiah Mesq,"""I hope it does what I built it to do!""
–Maurice"
crd_5aa0268561ff4690aa520763bc869ed1,2,NA,NA,NA,Ruby,Item,character(0),NULL,Juan Diego Leon,"""Just look at it, filled with power for its owner.""
—Madame Medusa"
crd_0ae6751e22074e8fb6bfe871c4f44f3e,4,3,3,2,Sapphire,Character,Support,"c(""Storyborn"", ""Ally"")",Stefano Spagnuolo,NA
crd_485779f8b4954059b78e81f46882d744,4,4,4,1,Sapphire,Character,character(0),"c(""Storyborn"", ""Hero"")",Kenneth Anderson,NA
crd_f9e60e9ffff4477d8c4715bd38fb90a2,2,3,2,1,Sapphire,Character,character(0),"c(""Storyborn"", ""Ally"", ""Knight"")",Samanta Erdini,"""You must move quickly before the trap resets. Go!"""
crd_2e61b6cfa0da4f32a21cc3375e0855b1,3,1,6,1,Sapphire,Character,character(0),"c(""Storyborn"", ""Hero"", ""Princess"")",Anna Stosik,Moana receives a call from the ancestors to sail to new skies and reconnect people across the entire ocean.
crd_986ba61b527b4e5f822c0c8e2d675b7d,1,1,2,1,Sapphire,Character,character(0),"c(""Storyborn"", ""Villain"")",Kamil Murzyn,"""I can help you with your problem... for the right price."""
crd_097da6b8bdc94d0f8accc703735147e5,3,3,4,1,Sapphire,Character,character(0),"c(""Storyborn"", ""Ally"")",Saulo Nate,"""Fascinating. This shouldn't exist, yet it does. It may be older than the Great Illuminary itself!"""
crd_13859ddeec154d23a532a94835179144,3,3,3,1,Sapphire,Character,character(0),"c(""Storyborn"", ""Hero"", ""Princess"", ""Inventor"")",Jochem van Gool,Helping her dad keep the flying debris to a minimum.
crd_6f2802da6557456c8a34693d3650784f,3,1,3,2,Sapphire,Character,character(0),"c(""Storyborn"", ""Puppy"")",Carlos Luzzi,NA
crd_9fcd1bf3255d48ecb5f16b78512c01bb,1,1,2,1,Sapphire,Character,character(0),"c(""Storyborn"", ""Ally"", ""Detective"")",Mario Oscar Gabriele,"""I say, what sort of contraption is this?"""
crd_06dfa21b660f45cabf624bb321400368,6,4,5,2,Sapphire,Character,character(0),"c(""Storyborn"", ""Villain"")",Federico Maria Cugliari,NA
crd_f424db642c4340f7a412e29c1bcde568,5,1,5,2,Sapphire Steel,Character,Shift,"c(""Floodborn"", ""Ally"")",Maxine Vee,NA
crd_19e9e680d0d044d6a5fa0d39b5ab3206,4,3,3,1,Sapphire,Character,character(0),"c(""Storyborn"", ""Hero"", ""Princess"")",Jennifer Park / Leonardo Giammichele,NA
crd_a46f9d543f42488aa953e79ab9993010,1,1,3,1,Sapphire,Character,character(0),"c(""Storyborn"", ""Ally"")",Celeste Jamneck,"He squeezed more paint from the tube and wiggled in delight. Archazia was fun, even if she was a giant owl. She had so many new colors to paint with!"
crd_4022fcc6593a41dfb1f50cc003acd15c,2,1,2,2,Sapphire,Character,character(0),"c(""Storyborn"", ""Ally"")",Ellie Horie,"""Find yourself another Illumineer. This one's taken."""
crd_eddf6a4eb7af4098997b5e91e4a763e7,3,2,2,1,Sapphire,Character,character(0),"c(""Storyborn"", ""Puppy"")",Rachel Elese,Pepper proves every puppy is part of the pack.
crd_150d93e25ca744b69a232651dcd2caa3,2,2,2,1,Sapphire,Character,character(0),"c(""Storyborn"", ""Puppy"")",Laura Pauselli,"""I want to play with the others! Can I, Dad? Please?"""
crd_78044308d04647f5ac60546f4d320292,2,2,2,1,Sapphire,Character,character(0),"c(""Storyborn"", ""Hero"", ""Inventor"")",Brianna Garcia,NA
crd_35c7b95d00c14614857dcb98e4fb99e1,3,3,3,1,Sapphire,Character,Support,"c(""Storyborn"", ""Hero"")",Mariana Moreno,"""There's been a heap of legends and tall tales about Robin Hood. All different too."" —Alan-a-Dale"
crd_ca23777aebb648ae879ec623bc4f760d,2,2,1,2,Sapphire,Character,character(0),"c(""Storyborn"", ""Ally"")",Otto Paredes,"""Penny, dear, now don't cry. We are here to help you.""
—Miss Bianca"
crd_e8dd905ba7294b62a44a49ab52a3860a,5,2,7,1,Sapphire Steel,Character,Bodyguard,"c(""Storyborn"", ""Ally"")",Mariana Moreno,NA
crd_62c3a4d3b2234f26b7d63be72faf93a4,5,3,5,2,Sapphire Steel,Character,character(0),"c(""Storyborn"", ""Hero"", ""Princess"")","Victor ""Yano"" Covarrubias / Milica Celikovic","""Oh, this is wonderful! I knew Archazia's thought scrolls would be worth a little extra effort!"""
crd_2c68909051f6499f8a6cab0f663e7bba,4,3,3,1,Sapphire,Character,Support,"c(""Storyborn"", ""Ally"")",Pix Smith,NA
crd_4b7cdb55b647410f85f60e74a4a4b619,5,3,5,1,Sapphire,Character,Support,"c(""Storyborn"", ""Hero"", ""Robot"")",Dustin Panzino,NA
crd_1a7dadb10b334375b5b5b4eca2cce42c,4,3,3,2,Sapphire Steel,Character,character(0),"c(""Dreamborn"", ""Hero"", ""Princess"")",Emily Abeydeera,NA
crd_63c20a20927a4cb1b67736648b2867c8,1,NA,NA,NA,Sapphire,Action,character(0),NULL,Samoldstoree,NA
crd_a3eb0593f33d4ff78e6fd4dccc9257a2,5,NA,NA,NA,Sapphire,Action Song,character(0),NULL,Kuya Jaypi,Where the north wind meets the sea There's a river full of memory
crd_3f99d55a6a434a00b6e547ec30e48a69,2,NA,NA,NA,Sapphire,Item,character(0),NULL,Francesco Colucci,A single flash of light from the coil on Venturo's leg could blind any foe.
crd_c2a15901752f4d5289f1296558834989,3,NA,NA,NA,Sapphire,Item,character(0),NULL,Juan Diego Leon,"""Battery at 100%. Ready for action!"" —Hiro"
crd_f985e42477e649a5af573894d9b0ac74,4,3,4,1,Steel,Character,character(0),"c(""Storyborn"", ""Villain"")",Wouter Bruneel,"""Everything is positioning nicely."""
crd_b8f203cb54ee40baae13e58050d0c843,2,3,2,1,Steel,Character,character(0),"c(""Storyborn"", ""Ally"")",Mike Parker,A wise leader does not shy away from difficult decisions when the safety of the pack is at stake.
crd_ba65ec4007544e7ba265690e8e823312,2,0,4,1,Steel,Character,Challenger,"c(""Storyborn"", ""Villain"")",Samoldstoree,NA
crd_b6cecef16e364dc6bbc9b538aaa52226,2,1,3,1,Steel,Character,character(0),"c(""Storyborn"", ""Hero"")",Brian Weisz,Looks like we're gonna do this the hard way.
crd_dc00dae899dc496da15fb2e6d8fb4eda,1,2,2,1,Steel,Character,character(0),"c(""Dreamborn"", ""Ally"")",Alan Batson,"Archazia: ""Why is he wearing a coconut?""
Shanzay: ""It's probably better not to ask."""
crd_0ab7da34efae4501b26ae156eb69755c,3,1,4,2,Steel,Character,character(0),"c(""Storyborn"", ""Hero"", ""Princess"")",Maxine Vee,NA
crd_fd63d8b5d43d49ae9441e6839bfdec37,2,0,1,1,Steel,Character,Bodyguard,"c(""Storyborn"", ""Ally"")",Maria Dresden,NA
crd_c7f70b64da8740e0a6cc47d0862b88e3,3,2,3,1,Steel,Character,character(0),"c(""Storyborn"", ""Hero"")",Mel Milton,"""Every trap you disarm, every test you pass, honors us all. Well done."""
crd_96a1de9a610e4a3e9dd061cc349d5870,2,1,3,1,Steel,Character,character(0),"c(""Dreamborn"", ""Ally"", ""Captain"")",Carlos Luzzi,"""Mere trinkets won't get you any closer to Jafar."""
crd_61da3f5c01564ae386af3de304e910af,3,3,2,2,Steel,Character,character(0),"c(""Dreamborn"", ""Villain"", ""Sorcerer"")",César Vergara,"""At last, both halves of the crown belong to me!"""
crd_64885a846c394abfa482aa6aa4a3711e,5,5,6,1,Steel,Character,character(0),Storyborn,Rachel Elese,"""I say, Captain, do you hear something?""
—Peter Pan"
crd_e97a6df3786a4f2489911d0b9201a127,4,1,6,1,Steel,Character,character(0),"c(""Storyborn"", ""Pirate"")",Juan Diego Leon,"""They're... kinda cute.""
—Moana"
crd_9b812b75cd834563aeae274699657a59,1,2,1,1,Steel,Character,character(0),"c(""Storyborn"", ""Hero"", ""Princess"")",Jochem van Gool,"""Okay this is it, time to show 'em your man walk."" —Mushu"
crd_9d44a1dff239492ebbafca394d0f475c,3,4,3,1,Steel,Character,character(0),"c(""Storyborn"", ""Ally"")",Rudy Hill,"""Doesn't he fly beautifully?""
—Miss Bianca"
crd_977124ea617d440a9224e0eb1619ded6,6,5,5,1,Steel,Character,character(0),"c(""Dreamborn"", ""Hero"")",Maria Dresden,"""We'll reach the top of this tower in no time if we work together, darling."""
crd_0f26db7d01c74453b49bf5bc316cfea9,4,4,4,1,Steel,Character,character(0),"c(""Storyborn"", ""Mentor"", ""King"")",Amanda MacFarlane,"""Do you see this pillar? Even after it has fallen, it still can serve a purpose."""
crd_cf7a354247654f8f914b04e101558f6f,4,2,4,2,Steel,Character,character(0),"c(""Storyborn"", ""Hero"")","Victor ""Yano"" Covarrubias / Milica Celikovic",NA
crd_cb99ab75225f41d49a1a33be32c8a170,5,4,3,2,Steel,Character,character(0),"c(""Storyborn"", ""Ally"")",Alice Pisoni,NA
crd_9cc5e63998164343909390b767c6d3ae,4,2,4,1,Steel,Character,character(0),"c(""Storyborn"", ""Alien"", ""Captain"")",Heidi Neunhoffer,NA
crd_7b39bf9a14c84b239c83583925fbfeff,2,1,1,1,Steel,Character,character(0),"c(""Dreamborn"", ""Hero"")",Leonardo Giammichele,He leads the way with a steadfast heart.
crd_7dec0a0d27274499a97466ef6f6a6c06,5,NA,NA,NA,Steel,Action,character(0),NULL,Ricardo Caria,"""In times of danger, the crystal will choose a host, one of royal blood, to protect itself and its people."" —King Kashekim Nedakh"
crd_b03fcfe1974a4516a5b260cd9cd838b2,2,NA,NA,NA,Steel,Action,character(0),NULL,Natalie Dombois,"""We've had enough of your shenanigans! Take that!""
—Merryweather"
crd_9733c3ea959643178de845a528ff915c,2,NA,NA,NA,Steel,Item,character(0),NULL,Francesco Colucci,"As the coil clicked onto Shanzay's arm, she felt a strengthened sense of clarity."
crd_58e5277d1e554fd28d2b56ce65317d81,2,NA,NA,NA,Steel,Item,character(0),NULL,Roberto Gatto,"""Do not sit idle while others quest for glory."" —Li Shang"
crd_54102dba80604a609eed679b7f33fad3,3,1,4,2,Amber,Character,character(0),"c(""Storyborn"", ""Hero"", ""Princess"")",Viv Tanner,NA
crd_dbecb4ca526f46ac8faa1a361f1c8bdf,6,2,6,2,Amber Amethyst,Character,Shift,"c(""Floodborn"", ""Hero"", ""Madrigal"")",Lisanne Koeteeuw,NA
crd_e8863a1965284a3bad897ee8614d2866,5,3,5,2,Amber Steel,Character,character(0),"c(""Floodborn"", ""Hero"")",Beatrice Blue,NA
crd_aa7db27471b142cfa97cd5ca3409669d,2,NA,NA,NA,Amber,Item,character(0),NULL,Anna Stosik,NA
crd_ac531a6c2f3046d3adcffbd1b1e5228e,7,5,6,3,Amethyst,Character,character(0),"c(""Dreamborn"", ""Ally"", ""Sorcerer"")",Rachel Elese,NA
crd_1cda76d2cbe84ccda25bd2dc1b21844b,4,2,4,2,Amethyst Steel,Character,character(0),"c(""Dreamborn"", ""Villain"", ""Sorcerer"")",Jochem van Gool,NA
crd_29df1d46e9f9463f9058c264f7b3bbd5,2,NA,NA,NA,Amethyst,Action,character(0),NULL,Maria Zafrilla,NA
crd_07d1ea2923ad44b9b2dddf78993e103b,2,1,3,1,Emerald,Character,character(0),"c(""Storyborn"", ""Hero"")",Brie Schmida,NA
crd_6826d906dfc147e89f475f146034e75f,6,3,5,2,Emerald Ruby,Character,character(0),Storyborn,Maria Zafrilla,NA
crd_434537e486234e2095f03c19628e07d4,7,4,6,3,Emerald Sapphire,Character,Shift,"c(""Floodborn"", ""Hero"", ""Inventor"")",Rachel Elese,NA
crd_7896cd21215c42609fc262c908068d94,5,NA,NA,NA,Emerald,Action,character(0),NULL,Brie Schmida,NA
crd_c43f19388b414266aeddb6cd78f7c020,4,3,3,1,Ruby,Character,character(0),"c(""Storyborn"", ""Villain"")",Maria Zafrilla,NA
crd_0d38ed42e8f14a299f6efefb250350d3,9,7,7,3,Ruby Sapphire,Character,character(0),"c(""Floodborn"", ""Hero"", ""Princess"", ""Inventor"")",Jochem van Gool,NA
crd_6a4c5fe1b3b74110acd16d725f8cc3f6,2,NA,NA,NA,Ruby,Item,character(0),NULL,Isabella Ceravolo,NA
crd_f2493d13b19a45559af0e7ce96f079bc,6,4,5,2,Sapphire,Character,character(0),"c(""Storyborn"", ""Villain"")",Beatrice Blue,NA
crd_0fa2b60dcf3d46fbb5e61428e33d7d7d,5,NA,NA,NA,Sapphire,Action Song,character(0),NULL,Viv Tanner,NA
crd_ec8ba95c2c20470ab00ef4f03c8db8ee,2,1,1,1,Steel,Character,character(0),"c(""Dreamborn"", ""Hero"")",Maria Zafrilla,NA
crd_ad5f241dfb68479189af1ac3802327d7,5,NA,NA,NA,Steel,Action,character(0),NULL,Lisanne Koeteeuw,NA
crd_9977cd39e1244f29a352a5ef0564d3cb,3,2,3,2,Amber,Character,character(0),"c(""Storyborn"", ""Ally"")",Federico Maria Cugliari,"""The snakes are cool, I guess. Pretty standard trap, though."""
crd_3fc64a6e60ce4fcd9688de5efd25cfea,3,2,3,2,Amber,Character,character(0),"c(""Storyborn"", ""Ally"")",Federico Maria Cugliari,"""The snakes are cool, I guess. Pretty standard trap, though."""
crd_e4383a9f6b7d4f3291c7935a76610f44,4,4,4,1,Amber,Character,character(0),"c(""Storyborn"", ""Ally"")",Federico Maria Cugliari,"""Snakes? Firing lasers? In a secret underground lair? No problem!"""
crd_31ad785c8eab4eba82f08ec3420584b2,4,4,4,1,Amber,Character,character(0),"c(""Storyborn"", ""Ally"")",Federico Maria Cugliari,"""Snakes? Firing lasers? In a secret underground lair? No problem!"""
crd_06ee763580a046ed859614320f686f8f,2,2,3,1,Amber,Character,character(0),"c(""Storyborn"", ""Ally"")",Federico Maria Cugliari,"""Forget the magical snakes. There's the way out of the trap!"""
crd_8e39d0718ce5499c92ac736ff111f7e3,2,2,3,1,Amber,Character,character(0),"c(""Storyborn"", ""Ally"")",Federico Maria Cugliari,"""Forget the magical snakes. There's the way out of the trap!"""
crd_5271034abc194947b4c2b0e9c66b7f78,4,3,4,2,Amber,Character,character(0),"c(""Storyborn"", ""Hero"")",Carlos Luzzi,"""You're just in time for Surprise à la Goof!"""
crd_2564aee724494e5f99b9688aad48753f,4,2,2,2,Amber Amethyst,Character,character(0),"c(""Storyborn"", ""Ally"", ""Madrigal"")",Valerio Buonfantino,NA
crd_693ec0809a974a8ba6ce2a5b3a29f209,4,0,8,1,Amber Ruby,Character,Bodyguard,"c(""Dreamborn"", ""Hero"")",Aubrey Archer,NA
crd_a22eb000866a46439fd736cd7a8ec535,2,1,1,1,Amber Sapphire,Character,character(0),"c(""Storyborn"", ""Ally"")",Pietro B. Zemelo,NA
crd_6183fa48800b4b52b6a5e81f473dee3b,1,1,3,1,Amber,Character,character(0),"c(""Storyborn"", ""Ally"", ""Princess"")",Emily Abeydeera,"""Seems like only yesterday we were both little girls dreaming our fairy tale dreams, and tonight they're finally coming true."""
crd_e1412fbad88c459a989f3738fb678789,4,2,4,1,Amber,Character,Singer,"c(""Storyborn"", ""Hero"", ""Princess"")",Milica Celikovic,NA
crd_c58b2d33655f4541baec11fcf639b1c5,1,0,2,1,Amber,Character,character(0),"c(""Storyborn"", ""Hero"", ""Madrigal"")",Arianna Rea,"""Whatever gift awaits will be just as special as you."" —Alma Madrigal"
crd_5cad0c55b4644a3ea12fff8717e5fe83,3,2,2,2,Amber,Character,character(0),"c(""Storyborn"", ""Hero"")",Erika Wiseman,She's happiest in the company of those she loves.
crd_18b8e544b96748dc9950322a3fcb5cf8,2,0,4,1,Amber,Character,Bodyguard,"c(""Storyborn"", ""Ally"")",Kendall Hale,Family is family no matter what.
crd_c4cc9368ba4d4f488b35ac8f8b0b07a1,1,1,2,1,Amber,Character,character(0),Storyborn,Rianti Hidayat,"""Getting a medal feels pretty great. Making Gene squirm feels even better."" —Wreck-It Ralph"
crd_c033341068524d02a75e3ff4d9c9f3e8,2,1,4,1,Amber,Character,character(0),"c(""Storyborn"", ""Hero"")",Carmine Pucci,"""Where did the forest go? Stay close, my darlings. Something's amiss here."" —Perdita"
crd_2a18b29a3b7a4034b98a6207ec515377,1,1,2,1,Amber,Character,character(0),"c(""Dreamborn"", ""Ally"")",Ellie Horie,"""I eat danger for breakfast."""
crd_135ceb6f79ed43aa90077b344b26ea10,5,4,4,1,Amber,Character,character(0),"c(""Storyborn"", ""Ally"")",Jake Murphy,"""I don't imagine anything could ever take her place in our hearts."""
crd_cddc453bf8734d989b68193f212de440,5,3,6,1,Amber,Character,character(0),"c(""Storyborn"", ""Ally"")",Mariana Moreno,His training was invaluable in infiltrating the palace.
crd_cafa13413b754a96b2ac5df738bd0b89,6,5,5,1,Amber,Character,character(0),Storyborn,Nicola Saviori,NA
crd_dec273aa1bbc492dafa914363265979c,3,2,2,1,Amber Amethyst,Character,Bodyguard,"c(""Storyborn"", ""Ally"")",Alexandria Neonakis,NA
crd_5620f9d7486543ea90d2b6a4499c7ae4,7,3,7,2,Amber Amethyst,Character,Shift,"c(""Floodborn"", ""Ally"", ""Madrigal"")",Milica Celikovic,NA
crd_c71a707f446d4f01b5c4e66bdde91643,4,3,3,2,Amber Emerald,Character,character(0),"c(""Storyborn"", ""Villain"")",Francesco D'ippolito / Malia Ewart,"""You have just made a s-serious mis-sstake, my friend."""
crd_85f71d1d81a54038b066e3efe226a8f9,6,2,8,2,Amber Emerald,Character,Shift,"c(""Floodborn"", ""Hero"")",Erika Wiseman,NA
crd_c7f64e55e7234c46bc9ed7d742e22265,3,3,2,1,Amber Ruby,Character,character(0),"c(""Storyborn"", ""Villain"", ""King"", ""Racer"")",Joseph Buenning,NA
crd_e6bab2cd722641e885c85c13987bd38c,7,7,5,1,Amber Ruby,Character,Shift,"c(""Floodborn"", ""Hero"", ""Racer"")",Javi Salas,NA
crd_1df8d47cd5c3400293a2fa3d060bd425,1,0,2,1,Amber Sapphire,Character,Ward,"c(""Storyborn"", ""Puppy"")",Oggy Christiansson,Sand sure was more fun than it looked!
crd_b2cd67df2b87491f9b39c5d31e7b91d1,4,2,3,1,Amber Sapphire,Character,Support,"c(""Storyborn"", ""Puppy"")",Oggy Christiansson,NA
crd_6367664eb4c34561a0051df14b2683e5,6,4,6,2,Amber Sapphire,Character,Shift,"c(""Floodborn"", ""Hero"")",Brian Weisz,NA
crd_1d9e80fa46b14aaea261d56a602224ba,6,2,7,2,Amber Steel,Character,character(0),"c(""Storyborn"", ""Ally"")",Raquel Villanueva,NA
crd_2571eeb8c4914f82863610ee7c92535a,3,0,4,4,Amber Steel,Character,character(0),"c(""Storyborn"", ""Hero"")",Joy Ang / Jaime Puga,"""The only power you need is the power of AWESOMENESS!"" —Rhino"
crd_b7d241314eca4aa2b268c00cd4dde064,4,4,3,2,Amber Steel,Character,Shift,"c(""Floodborn"", ""Ally"")",Leonardo Giammichele,NA
crd_5aeba01760c3494cae9eb6629dfdb1de,2,1,4,1,Amber,Character,character(0),"c(""Storyborn"", ""Ally"")",Denny Minonne,"""He knows the way through. Just try to keep up!"" —Antonio"
crd_6fe60149cee34a1e8c979d598251e279,6,4,5,2,Amber,Character,Bodyguard,"c(""Storyborn"", ""Hero"")",Edu Francisco / Amanda Duarte,NA
crd_51948a3a4c2442da9beca8d1afbb746e,1,0,3,1,Amber Emerald,Character,character(0),"c(""Storyborn"", ""Hero"")",Therese Vildefall,NA
crd_387766e68940442bb6c5b7e29d18626f,6,5,5,2,Amber Amethyst,Character,character(0),"c(""Storyborn"", ""Mentor"", ""Madrigal"")",Simone Buonfantino,"""I'm sorry I held on too tight."""
crd_1727b81007044782bc9c1df26820e7e1,3,1,4,2,Amber,Character,"c(""Bodyguard"", ""Singer"")","c(""Storyborn"", ""Ally"", ""Detective"")",Denny Minonne,NA
crd_8667edc82b784cbb96e48962ef4583a9,3,3,3,1,Amber,Character,character(0),Storyborn,French Carlomagno,"""If you need fixin', ol' Joey's on the job."""
crd_fef2291c6e394415a529772dcda9e9b0,8,4,8,2,Amber,Character,character(0),"c(""Storyborn"", ""Hero"")",Rianti Hidayat,NA
crd_61323fccb37c45d9b2fb428f60adcf05,2,2,3,1,Amber,Character,character(0),"c(""Storyborn"", ""Puppy"")",Gwawi,"""Oh boy! A new friend to play with!"""
crd_25e476ae1e6545bc87787d0705f87364,2,NA,NA,NA,Amber Ruby,Action,character(0),NULL,Stefano Spagnuolo,"""This will overheat your engine like a sack of cinnamon candy, so you better win quick!""
–Vanellope von Schweetz"
crd_45f97fb5ff014a158519e81b63e644c5,1,NA,NA,NA,Amber Steel,Action,character(0),NULL,Samanta Erdini,NA
crd_2085340ba83e4380a30c2451823aa80e,4,NA,NA,NA,Amber Emerald,Action,character(0),NULL,Therese Vildefall,"""Home wreckers! That's what they are!"" —Tramp"
crd_7080d0a6d9884294b3f966086ea956b7,9,NA,NA,NA,Amber,Action Song,Sing Together,NULL,Gianluca Barone,NA
crd_0194ae6591894265a420ae3e50f6a355,2,NA,NA,NA,Amber,Action Song,character(0),NULL,Pauline Voss,NA
crd_69db4cb0362b4673aeee6d9dea53f23f,2,NA,NA,NA,Amber,Item,character(0),NULL,Jeremy Adams,NA
crd_d4c1ddfeea1142b192f7e289c5bb880d,1,1,4,1,Amethyst,Character,Vanish,"c(""Dreamborn"", ""Ally"", ""Illusion"")",Eva Widermann,"""All of the power of the normal guards, with none of the insolence."" —Jafar"
crd_e147780b566e405e84ffe7dab98ab97f,4,1,5,1,Amethyst,Character,Challenger,"c(""Storyborn"", ""Villain"")",Alex Accorsi,"""They've always been here. Waiting for a moment of weakness to attack.""
–Sisu"
crd_c25b03f0800041229325ec211c5e132c,3,3,3,1,Amethyst Ruby,Character,character(0),"c(""Storyborn"", ""Villain"")",Heidi Neunhoffer,NA
crd_4c3204fa9fa14ff9a13a41cadc4259aa,7,3,6,2,Amethyst Ruby,Character,character(0),"c(""Dreamborn"", ""Villain"", ""Deity"")",Marcel Berg,"""Don't forget—I'm the guy with the leverage here."""
crd_5d5fd6b02f3646c9ae4661c9a36177c6,3,1,3,1,Amethyst Steel,Character,Evasive,"c(""Dreamborn"", ""Hero"", ""Sorcerer"")",Federico Maria Cugliari,NA
crd_befc74dca10e458ba4a71a1f4ac05e7e,6,3,7,1,Amethyst Steel,Character,Vanish,"c(""Dreamborn"", ""Ally"", ""Illusion"")",Grace Tran,NA
crd_8aa3ca8ac51847e2987d4798c5ddb893,4,3,4,1,Amethyst,Character,character(0),"c(""Storyborn"", ""Ally"", ""Madrigal"")",Natalia Trykowska,"""I'm not in the vision business right now. I'm in the stopping you business."""
crd_5251999627264dabb73043f14e7b7b25,1,1,2,1,Amethyst,Character,character(0),Storyborn,Rachel Elese,NA
crd_5508d787ca204fdcbba52a26d7258301,4,1,3,1,Amethyst,Character,character(0),"c(""Storyborn"", ""King"")",Rachel Elese,"""Wait'll they get a whiff of this . . ."""
crd_60f9c25e26a148c6bae493b7c7792a0f,3,2,5,1,Amethyst,Character,character(0),"c(""Dreamborn"", ""Ally"")",Samanta Erdini,"The sooner we get this done, the sooner I'm free . . . of you."
crd_f5703e0094dd406ba95d5bb9dc6e195c,3,2,3,2,Amethyst,Character,character(0),"c(""Storyborn"", ""Ally"")",Aisha Durmagambetova,NA
crd_83ba8c925b1d471d8f3833bdf059d6ad,4,3,4,1,Amethyst,Character,Evasive,"c(""Storyborn"", ""Ally"")",Lisanne Koeteeuw,"Sheesh, what is it with this high sultan guy? Can't he put in stairs like a normal person?"
crd_83fb168f74ce49fa9c92000143bf3402,2,3,2,1,Amethyst,Character,character(0),"c(""Storyborn"", ""Hero"", ""Prince"")",Heidi Neunhoffer,"As he grew older, he began to understand his responsibilities to all the creatures of the woods."
crd_75c10c12f3394d92a6e2d4806474dd62,3,3,4,1,Amethyst,Character,character(0),"c(""Storyborn"", ""Ally"", ""Sorcerer"")",Kamil Murzyn,"""Sister, dear, if we turn all the townspeople into frogs, who will give us our gold and turnips?"""
crd_246606d417374c8fa6ba822d85eb9e62,3,4,3,1,Amethyst,Character,character(0),"c(""Storyborn"", ""Villain"", ""Sorcerer"")",Wouter Bruneel,"""They think they know my tricks . . . Oh, this one's going to be marvelously malicious!"""
crd_a6a007b0f7ae4fa19480721bacd2b0b6,4,3,4,1,Amethyst,Character,character(0),"c(""Storyborn"", ""Hero"", ""Queen"", ""Sorcerer"")",Hedvig H-S,"""I have to protect my sister. You're not going anywhere!"""
crd_a0a931cb7b6248b3a56080e7f39b7e2b,4,0,4,2,Amethyst,Character,Evasive,"c(""Storyborn"", ""Hero"")",Hedvig H-S,NA
crd_c9470722efc54fbbad1e2485e03b52c2,2,1,1,1,Amethyst,Character,Evasive,"c(""Storyborn"", ""Mentor"")",Rosa la Barbera / Livio Cacciatore,NA
crd_963903245af941b6a3d3d5203854a403,3,1,1,3,Amethyst,Character,character(0),"c(""Storyborn"", ""Hero"", ""Prince"")",Brian Weisz,NA
crd_bb513d50f4fb44aab988cf4dca6c9fe5,8,6,8,2,Amethyst,Character,Rush,Storyborn,Alexandria Neonakis,NA
crd_6a09318455784c9aba8bafeb65d28d62,2,2,3,1,Amethyst,Character,character(0),"c(""Storyborn"", ""Ally"")",Teresita Q. / SCG,He's identical to Brutus in temperament and toothiness.
crd_25752105ef234b63b373e43d61eaf48b,2,2,3,1,Amethyst,Character,character(0),"c(""Storyborn"", ""Ally"")",Teresita Q. / SCG,He's identical to Brutus in temperament and toothiness.
crd_67e61d2f97084cb69e58b70c2a5d90d4,5,3,3,2,Amethyst Emerald,Character,Evasive,"c(""Storyborn"", ""Villain"", ""Sorcerer"")",Sandara Tang,NA
crd_4bac50502815415f85c40e884fe5db24,7,5,5,2,Amethyst Emerald,Character,Shift,"c(""Floodborn"", ""King"")",Kendall Hale,NA
crd_b19fb19a289f4cf5a223278de7b2b2e0,6,3,6,2,Amethyst Emerald,Character,character(0),"c(""Storyborn"", ""Villain"", ""Sorcerer"")",Julien Vandois,NA
crd_5af1ae1121a447af9a275e5b2c6cf71f,6,6,5,1,Amethyst Ruby,Character,character(0),"c(""Floodborn"", ""Villain"", ""Sorcerer"")",Alibeth Zermeno,NA
crd_45b267300d7e4d89a7d839e9e00a0f09,2,1,3,1,Amethyst Ruby,Character,character(0),"c(""Storyborn"", ""Villain"", ""Sorcerer"")",Joel DuQue,NA
crd_b36358ea2e404178ab14c1815fce6bb5,2,2,2,1,Amethyst Sapphire,Character,Evasive,"c(""Storyborn"", ""Ally"", ""Fairy"")",Mané Kandalyan Manderson,NA
crd_ae35ed50c6954dab9925888b61a657f2,6,3,6,2,Amethyst Sapphire,Character,Shift,"c(""Floodborn"", ""Hero"", ""Queen"", ""Sorcerer"")",Luigi Aimè,NA
crd_34f916796e6844d081bdebaa3f7df182,5,5,5,2,Amethyst Steel,Character,Vanish,"c(""Dreamborn"", ""Ally"", ""King"", ""Illusion"")",Max Ulichney,NA
crd_30ee33dee0c64851bcdcc676e724a787,5,4,4,3,Amethyst Steel,Character,character(0),"c(""Dreamborn"", ""Villain"", ""King"", ""Sorcerer"")",Cristian Romero,NA
crd_0d9e3acb5cc6406c9d6965fa60d58ff6,5,4,4,2,Amethyst,Character,character(0),"c(""Storyborn"", ""Ally"", ""Madrigal"")",Carlos Gomes Cabral,"""My primo Camilo won't stop until he makes you smile today."" —Mirabel"
crd_36e404bad05f458dad8ab8a894d0118f,3,3,3,1,Amethyst,Character,character(0),"c(""Storyborn"", ""Ally"")",Sandra Rios,His sweet nature outmatches all the blooms in the meadow.
crd_79eeecfdd20849aaade7d29646fed146,5,NA,NA,NA,Amethyst,Action,character(0),NULL,Viv Tanner,"Fight with honor, win with dignity."
crd_2c56f14b54074c8890e8c66d93e1d1f3,3,NA,NA,NA,Amethyst,Action,character(0),NULL,Saulo Nate,"""You boys have had your fun. Now, pay for it."" —The Coachman"
crd_9dfb87c4e43b49619e138291a5c9dbea,9,NA,NA,NA,Amethyst,Action Song,Sing Together,NULL,Natalia Trykowska,NA
crd_6cc548274208402aa28a8b1da0c983aa,3,NA,NA,NA,Amethyst Emerald,Action,character(0),NULL,Mario Manzanares,NA
crd_4f93311edfdb4958a45cc7d70490891f,3,NA,NA,NA,Amethyst Sapphire,Action Song,character(0),NULL,Maria Dresden,NA
crd_af2675aaffe94ff2bf54e5635e2657d8,4,NA,NA,NA,Amethyst,Action,character(0),NULL,Linh Dang,NA
crd_ae421dc6240c4060ae788fa48c5aa487,2,NA,NA,NA,Amethyst,Item,character(0),NULL,Carlos Ruiz,"""If we can catch one, maybe we can recalibrate it to help us get rid of Jafar's illusions!"" —Venturo, an Illumineer"
crd_f045d7f21ccd4cbe8ffb41e436759221,2,NA,NA,NA,Amethyst Sapphire,Item,character(0),NULL,Priya Kakati,NA
crd_c20ae400ed1e4439be69f940428832fd,3,3,4,1,Emerald,Character,character(0),"c(""Storyborn"", ""Ally"")",Aurélie Lise-Anne,"Helga: ""Sounds metallic. Could be an echo off one of the rocks.""
Wilhelmina: ""Do you want to do my job? Be my guest."""
crd_36c4b9223273478a903b07f18fe7d193,7,5,4,2,Emerald,Character,character(0),"c(""Dreamborn"", ""Hero"", ""Detective"")",Stefano Spagnuolo,NA
crd_adb73493071d4f3a909f089ae63cc0c8,3,3,3,1,Emerald,Character,character(0),"c(""Storyborn"", ""Hero"")",Edu Francisco,"One glance at the tiny tracks, and his protective instincts kicked in."
crd_4be229ca7b79419896cf9bea3c11ee66,4,3,3,1,Emerald,Character,character(0),"c(""Storyborn"", ""Ally"")",Florencia Vazquez,NA
crd_00b83f7a91894fae8af0a95226aafe17,2,2,2,1,Emerald,Character,Evasive,"c(""Storyborn"", ""Ally"")",Florencia Vazquez,"""This is so much fun, Chaca! I want to go higher!"""
crd_f76b2615a724413dbb91cdc1b1787b21,1,1,2,1,Emerald,Character,character(0),Storyborn,Kendall Hale,"""We need a lazard with a lizard!"" —White Rabbit"
crd_03fb917c4b444c35a0f174f40655e419,4,3,4,1,Emerald,Character,character(0),Storyborn,Dustin Panzino,He really knows how to light up a room.
crd_cce48aee1b594c6db6fbc7f6bc3eada7,3,2,3,2,Emerald,Character,character(0),"c(""Storyborn"", ""Hero"")",Jared Nickerl / Patri Balanovsky,Don't be alarmed. It is just a suit. This is not my real face and body.
crd_a48e0fd953434daa8315590258fe62a6,4,4,4,1,Emerald,Character,character(0),"c(""Storyborn"", ""Ally"", ""Pirate"")",Luis Huerta,He certainly isn't the brains of the operation.
crd_bfb723663a9d477c92b6b0322d7a578d,1,1,3,1,Emerald,Character,character(0),"c(""Storyborn"", ""Hero"")",Wouter Bruneel,"""You're the fearless copilot who can handle any job.... Did I say fearless? I meant brainless!"" —Chip"
crd_fbddbf17f5824cb38bc0b35502f0d9a9,3,4,3,1,Emerald,Character,character(0),"c(""Storyborn"", ""Ally"")",Grace Tran,NA
crd_7c16b96741d041d9875c2cb270ab5fc2,4,3,6,1,Emerald,Character,character(0),Storyborn,Mariana Moreno,"Everyone knows that without rations, an operation'll be a failure. And this is why I outrank you, Lafayette. 'Cause I see the big picture."
crd_51597c28f0b444a6a4cf319ff579c839,4,3,2,1,Emerald,Character,character(0),"c(""Storyborn"", ""Hero"")",Brian Weisz,"""Don't worry, Dale! I've got you!"""
crd_c4073b6ba72a428e9e213027b112d48f,7,5,6,3,Emerald,Character,Shift,"c(""Floodborn"", ""Hero"")",Jules Dubost,NA
crd_d09689076d3344cd9a6fb53f2790c103,4,3,2,2,Emerald,Character,character(0),"c(""Storyborn"", ""Ally"", ""Inventor"")",Lisanne Koeteeuw,"""The scarab's power source! I knew that if I dug around I'd find it!"""
crd_0a97dde4f01045ccb29a9f61ac3c36d8,6,5,5,2,Emerald,Character,character(0),"c(""Storyborn"", ""Hero"", ""Princess"")",Dustin Panzino,NA
crd_963d4566252a47b2ae12307309ab2022,5,2,5,2,Emerald,Character,Evasive,"c(""Dreamborn"", ""Hero"", ""Princess"")",Alice Pisoni,NA
crd_b41f273d5c6b4abe99a596fd14435de1,4,1,4,3,Emerald,Character,character(0),"c(""Storyborn"", ""Hero"", ""Prince"")",Koni,"""One way or another, I get what I want."""
crd_ff4402de300941a0a708629ab5f59aae,2,1,2,1,Emerald Ruby,Character,character(0),Storyborn,Joel DuQue,"The tea is strong, even if he isn't."
crd_2de38611ab924e2da249c2ceeb1eb89d,6,2,6,2,Emerald Ruby,Character,Shift,"c(""Floodborn"", ""Hero"")",Arianna Rea,NA
crd_f941ecb827224dc5ae1054314c084d0f,4,2,3,3,Emerald Ruby,Character,character(0),"c(""Storyborn"", ""Villain"", ""Queen"")",Gonzalo Kenny,"She'll go wherever she pleases, no matter who she has to step on to get there."
crd_6153926b4f794e639c0b628501b8fc1a,2,1,3,1,Emerald Sapphire,Character,character(0),"c(""Storyborn"", ""Hero"", ""Inventor"")",Kendall Hale,NA
crd_85baf02feabb47349db98e61d2437f71,4,3,3,2,Emerald Sapphire,Character,"c(""Evasive"", ""Shift"")","c(""Floodborn"", ""Hero"", ""Inventor"")",Beno Meli,NA
crd_618a43c6b78446dbb31c8637116fafb7,3,3,2,1,Emerald Steel,Character,Evasive,"c(""Storyborn"", ""Villain"", ""Prince"", ""Pirate"")",Leonardo Giammichele,NA
crd_70bf0783fba940a594f5f2cbac285f58,5,4,5,2,Emerald Steel,Character,Shift,"c(""Floodborn"", ""Villain"", ""King"", ""Pirate"", ""Captain"")",Kenneth Anderson,NA
crd_e58f4c06ff8049e791b111019217c486,6,4,4,3,Emerald Steel,Character,character(0),"c(""Storyborn"", ""Hero"", ""Deity"")",Natalie Dombois,NA
crd_68a30037a4074eed8e5d0924b542cec9,4,3,3,2,Emerald Sapphire,Character,character(0),"c(""Storyborn"", ""Hero"", ""Inventor"")",Adam Ford,NA
crd_69f2afcfdc244d3c9fd71c4dcfd39c25,4,3,4,1,Emerald,Character,character(0),"c(""Storyborn"", ""Ally"")",Raquel Villanueva,"""Settle in, ye wee pups, and let Uncle Jock tell ye a story about some Illumineers and a mad adventure . . ."""
crd_bf2471b2597f495db6b088a5705d4502,3,2,2,2,Emerald,Character,character(0),"c(""Storyborn"", ""Ally"")",Gwawi,NA
crd_b575a1f23d864e64841909db44f25221,3,NA,NA,NA,Emerald,Action,character(0),NULL,Luis Huerta,Lives to steal another day!
crd_655c8f27d9fa48ce9e7ff33c0bf4f6c8,8,NA,NA,NA,Emerald,Action Song,Sing Together,NULL,Edu Francisco,NA
crd_adc00c1169074261831e6ed7f44f50d4,3,NA,NA,NA,Emerald,Action,character(0),NULL,Cristian Romero,NA
crd_056bd71d4a064d9a890c5558a88de654,2,NA,NA,NA,Emerald Ruby,Action,character(0),NULL,Luigi Aimè,"""It's a real shame I didn't even get a chance to study it."""
crd_d5390ce678f1438eb716de9952cfd9d2,3,NA,NA,NA,Emerald Steel,Action,character(0),NULL,Alibeth Zermeno,It was at this point that John decided he'd had quite enough adventure.
crd_537258cef9b5410fafafa47026feedf6,2,NA,NA,NA,Emerald,Item,character(0),NULL,Jared Nickerl,"""Cute, but also potentially devastating. Perfect."" —Honey Lemon"
crd_ee5ef7def0ca4c6a9ed3fac74fb1d1b4,2,NA,NA,NA,Emerald Sapphire,Item,character(0),NULL,Filipe Laurentino,"Archazia created many wondrous things, but none as beautiful as this."
crd_77abad9a7ad14dd5841c473e6639eccf,3,1,2,1,Ruby,Character,character(0),"c(""Storyborn"", ""Ally"", ""Racer"")",Rudy Hill / Denny Minonne,"""I've got tricks for my opponents and treats for my fans!"""
crd_2c1c280cbd8d446eb1520ac32e816f66,6,7,5,2,Ruby,Character,character(0),"c(""Storyborn"", ""Villain"")",Valentina Graziuso,"""Say, jewels just lying around in a fancy joint like this? It would be a shame if a few went missing..."""
crd_3e2e03e343f64fa9ad398cb733b154bd,3,1,3,1,Ruby Sapphire,Character,Evasive,"c(""Storyborn"", ""Ally"", ""Inventor"")",Pietro B. Zemelo,NA
crd_3b52c05d999944679005cd5fe94c2adb,2,3,1,1,Ruby,Character,Evasive,"c(""Storyborn"", ""Hero"", ""Princess"", ""Racer"")",French Carlomagno,"""I can handle anything you throw at me... Wait, are those laser snakes? This is the best track ever!"""
crd_c58dd411430545cf8347b0993cd685f7,4,4,3,1,Ruby,Character,character(0),"c(""Storyborn"", ""Ally"")",Teresita Q. / SCG,He's identical to Nero in cruelty and classiness.
crd_413aa60d7950479282acb68e97eaafcd,4,4,3,1,Ruby,Character,character(0),"c(""Storyborn"", ""Ally"")",Teresita Q. / SCG,He's identical to Nero in cruelty and classiness.
crd_98f834b45bba4455b572aa08bcfe8715,3,0,6,1,Ruby,Character,character(0),Storyborn,Filipe Laurentino,"""And there I was in the cave below the palace when suddenly sand began pouring down. Did I stop? No! What's a little sand?"""
crd_4269fd204f144eb4b5044df82a899bd1,4,2,4,2,Ruby,Character,character(0),"c(""Storyborn"", ""Hero"")",Filipe Laurentino,"""Goodness, those scarabs are awfully close! We must find the way out!"""
crd_a5ab1a4a40304395b5363fff5858b9a8,2,1,1,2,Ruby,Character,character(0),"c(""Storyborn"", ""Ally"")",Heidi Neunhoffer,"""Sacrebleu! This is no way to treat a guest in your palace!"""
crd_0e17eaad60a343068204ccdf776daa36,4,4,4,1,Ruby,Character,character(0),"c(""Storyborn"", ""Villain"")",Samoldstoree,"""Take this magical stone. You'll need it to keep up with me!"""
crd_ea0d142942ae47fb8d5840fedf77bd08,3,2,3,1,Ruby,Character,character(0),"c(""Storyborn"", ""Ally"", ""Dragon"")",Kuya Jaypi,"""Move, move, move! There's no time to explain. Well, maybe a little time, so listen up..."""
crd_084eb569ca02425791bf38993a74f23f,4,4,3,1,Ruby,Character,character(0),"c(""Storyborn"", ""Ally"")",Yu Nguyen,"""You were so focused on me and Mulan that you forgot about my man Cri-Kee here. And that was a mistake!"" —Mushu"
crd_5ac6e3218d074de683c518bcd4d9901c,5,7,4,1,Ruby,Character,character(0),Storyborn,Sara Leal (Loyal),"""What are we guarding the kitchen for, Napoleon? There ain't no scarabs 'round here. Call me when there's somethin' serious that needs fixin'."""
crd_9da6ba4d41244f61b558bc6a63a93ec3,3,3,3,1,Ruby,Character,character(0),"c(""Storyborn"", ""Ally"")",Saulo Nate,"""Say hello to Figaro. Up to mischief already!"" —Geppetto"
crd_def9163ddaf740d6820cbc2df3fddbf3,2,0,3,1,Ruby,Character,character(0),"c(""Storyborn"", ""Ally"")",Oggy Christiansson,"C'mon! Let's show that mean old high sultan what's what."""
crd_9eeb0424b962449d8a91e3ff5487e96c,3,4,2,1,Ruby,Character,character(0),"c(""Storyborn"", ""Hero"", ""Racer"")",Joseph Buenning,"""Let's burn rubber, kid!"" —Wreck-It Ralph"
crd_b2fee16bc7bb46119501e583d0e97980,2,1,1,1,Ruby,Character,Evasive,"c(""Storyborn"", ""Ally"", ""Fairy"")",Amber Kommavongsa,NA
crd_47c2da8209984454827c9278f078f1dc,5,4,4,2,Ruby,Character,character(0),"c(""Dreamborn"", ""Hero"")",Julien Vandois,NA
crd_b89e331f531c40c7a269911b0ca4a92b,2,2,2,1,Ruby Sapphire,Character,character(0),"c(""Storyborn"", ""Ally"")",Simone Buonfantino,"""LeFou, sometimes you really take the cake."" —Gaston"
crd_29af9e5b5190472eaa2fb7e637fa3050,5,4,3,2,Ruby Sapphire,Character,"c(""Evasive"", ""Shift"")","c(""Floodborn"", ""Ally"")",Justin Runfola,NA
crd_be9dcbe9a9fa41a1986ff7c26818f092,2,2,2,1,Ruby Steel,Character,Reckless,"c(""Storyborn"", ""Villain"")",Filipe Laurentino,NA
crd_460e1f2d54244710902cf898533beaa8,4,3,3,0,Ruby Steel,Character,Reckless,"c(""Storyborn"", ""Hero"", ""Princess"")",Gonzalo Kenny,NA
crd_72aee0ede57046b1ad53a67b8f39d6f0,6,4,6,2,Ruby Steel,Character,Shift,"c(""Floodborn"", ""Ally"", ""Dragon"")",Jared Mathews,NA
crd_8010db6668ab482899edbda27487eaae,3,3,3,1,Ruby,Character,character(0),"c(""Storyborn"", ""Ally"")",noc4urne,"""You can't do this to me, you swindler! We had a verbal agreement!"""
crd_fee05898e5484f948ef002681b38ec43,2,2,2,2,Ruby,Character,character(0),"c(""Storyborn"", ""Ally"")",James Rey Sanchez,"""Sand? In the forest? I'll bet some magical miscreant's up to no good. Well, it's none of my concern. I'm going back to bed."""
crd_586a47f740a3450b930cd1cbc7f3e640,4,2,4,1,Ruby,Character,Evasive,"c(""Storyborn"", ""Ally"")",Raquel Villanueva,NA
crd_e55251bd10c24f90a388f5dc18a2867f,3,5,5,1,Ruby,Character,character(0),"c(""Storyborn"", ""Villain"", ""Prince"")",Denny Minonne,Even a frightened lion still has claws.
crd_d3991d318fce49248c57af5fea2ee5a7,8,NA,NA,NA,Ruby,Action Song,Sing Together,NULL,Jeanne Plounevez,NA
crd_f0f2c6f11556497abc5ada3ae5fabe5c,6,NA,NA,NA,Ruby Sapphire,Action,character(0),NULL,Diogo Saito,"Leave now. Before I change my mind."" —The Beast"
crd_e416c26c509b4f3eb41a49cf0d478734,1,NA,NA,NA,Ruby Steel,Action,character(0),NULL,Kenneth Anderson,A bold act can change the course of battle.
crd_5bdb76e9410847a48c43a4a8b0f2ef81,1,NA,NA,NA,Ruby,Action,character(0),NULL,Omar Lozano,A mysterious phenomenon that makes you feel both invincible and vulnerable at the same time.
crd_bc307680b7a247268c3e25f80be90450,7,NA,NA,NA,Ruby,Action,character(0),NULL,Leonardo Giammichele,"""Well, some go this way, some go that way. But as for me, myself, personally, I prefer the shortcut."""
crd_3f12c1e7975a4ed5bab75266fe3cfd4a,1,NA,NA,NA,Ruby,Item,character(0),NULL,Domenico Russo,"""I know what this means to you."" —The Emperor"
crd_eafad143336248a791556f90cc93192f,4,3,6,1,Sapphire,Character,character(0),"c(""Storyborn"", ""Ally"", ""Queen"")",Jon Densk / Hayley Evans,"""After that dreadful Ratigan business, I know about villains. This Jafar is certainly a villain of the highest order."""
crd_b4a7b13bd7904038ac156d59dedf0023,3,1,4,1,Sapphire,Character,character(0),"c(""Storyborn"", ""Knight"")",Rudy Hill,"""Together, lads, we prevail!"""
crd_3e1fbfdb7f9c42119cd02bba07f694e7,3,3,3,1,Sapphire,Character,character(0),"c(""Storyborn"", ""Ally"")",Carmine Pucci,NA
crd_af73ab0ecfb241e08c2ab10bc74ea708,1,2,1,1,Sapphire,Character,character(0),"c(""Storyborn"", ""Ally"")",Matt Chapman,"""It began with two sisters. One born with magical powers, and one born powerless. Their love of snowmen, infinite."""
crd_37bea5da923b495eaeecaf71420a2beb,3,2,2,2,Sapphire,Character,character(0),"c(""Storyborn"", ""Hero"", ""Queen"")",Samanta Erdini,NA
crd_d23689ec2d064f2c957ff6751e0a3c38,5,3,5,2,Sapphire,Character,Support,"c(""Storyborn"", ""Hero"", ""Inventor"")",Jules Dubost,"""Okay, so the plan is 'leave Wasabi to watch our backs while we steal the crown.' Good to know."""
crd_bc3a96f6dcf64d1d87da6c83288a8146,2,1,3,1,Sapphire,Character,character(0),"c(""Storyborn"", ""Hero"", ""Inventor"")",Jennifer Wu,"""Check it out! This 'ink' offers so many possibilities."""
crd_00a8d41f53554e5b9151021f4bd59f41,4,3,4,1,Sapphire,Character,character(0),"c(""Storyborn"", ""Ally"")",Giulia Riva,"""Time to try something new, dear."""
crd_28a3d3d8855040c3a9fcb602177ff86e,3,2,4,1,Sapphire,Character,character(0),"c(""Storyborn"", ""Ally"")",Julie Vu,"""Now, don't fret over the mess, love. We'll have everything shipshape in no time."""
crd_d3a3d2e8ab64463b824138c932880523,1,1,2,1,Sapphire,Character,character(0),"c(""Storyborn"", ""Hero"", ""Princess"")",Joseph Buenning,NA
crd_fe47a07a0f14415284cb6ad8cbdd190e,1,1,2,1,Sapphire,Character,character(0),"c(""Storyborn"", ""Ally"")",Andrea Parisi,"As Skippy's older sister, she's had lots of experience putting things back together."
crd_c624490feea04b46b3c6dbd9863d61f0,2,2,3,1,Sapphire,Character,character(0),"c(""Storyborn"", ""Ally"")",Lisanne Koeteeuw,"""Beautiful music can ennoble one's spirit, no matter how dire things seem."""
crd_b5e5171ece4a407eb3261f2f026f4df7,4,3,3,1,Sapphire,Character,character(0),"c(""Storyborn"", ""Hero"")",Alex Accorsi,NA
crd_10e4bced869f4a60b7bdbb256506a2c1,3,3,3,2,Sapphire,Character,character(0),"c(""Storyborn"", ""Hero"", ""Alien"")",Matteo Marzocco,NA
crd_6119229219f04cdaa2650c87645a1bf4,8,6,7,4,Sapphire,Character,Ward,"c(""Storyborn"", ""Villain"")",Matthew Robert Davies,NA
crd_c79a6e612467451ca809ce7ed1a9889f,4,6,6,3,Sapphire Steel,Character,character(0),"c(""Storyborn"", ""Hero"")",Edu Francisco,"""Do you want to be all muscle and no brain?"" —Merlin"
crd_66c4a3962c704f18ac6b7131fa2662f1,2,2,2,1,Sapphire Steel,Character,character(0),"c(""Storyborn"", ""Hero"")",McKay Anderson,"""Miss Bianca, over here! I found something!"""
crd_809fee72df7a4e4e837973d452e858f6,6,1,9,1,Sapphire Steel,Character,Bodyguard,"c(""Dreamborn"", ""Hero"", ""Prince"")",Marcel Berg,NA
crd_e7e7a32216674ff5b5928592a8236ffd,4,2,5,1,Sapphire Steel,Character,Shift,"c(""Floodborn"", ""Hero"", ""Princess"")",Hedvig H-S,NA
crd_d2291465ec4640f585a653be4290e2ac,2,2,2,1,Sapphire,Character,character(0),"c(""Storyborn"", ""Ally"")",Anderson Mahanski,"""Jafar will never expect us to hide lore from him in his own safe! How exciting!"""
crd_303840f357ac4b089d20984dee17a8fa,4,1,6,2,Sapphire,Character,character(0),"c(""Storyborn"", ""Alien"", ""Inventor"")",Malia Ewart,"This little thing has a much more rudimentary design than if I had created it. But if you were rushing development, then this makes sense."
crd_f19b9d58f8d44e60b66d72d64c16ab09,5,4,4,2,Sapphire,Character,character(0),"c(""Storyborn"", ""Ally"", ""Inventor"")",Malia Ewart,Everything he carves is a work of art.
crd_9a3f7df243294b3f9247aec8128be37a,6,NA,NA,NA,Sapphire,Action Song,Sing Together,NULL,Lorenza Pigliamosche / Livio Cacciatore,NA
crd_80199d9b642b481ba9a0b3435f1756de,2,NA,NA,NA,Sapphire,Action,character(0),NULL,Moniek Schilder,"""Check out this cool trick my dad taught me!"" —Simba"
crd_eaa05e5b86e743a08331ddbbc5f19f4b,6,NA,NA,NA,Sapphire,Action Song,character(0),NULL,Rubin Chung,NA
crd_133af5231e8e4e3798381e8a03b4ae09,3,NA,NA,NA,Sapphire,Item,character(0),NULL,Mariana Moreno,Thunderbolt's show was one thing all the puppies could agree on.
crd_af0770252d004096b01a2056b3fe10e1,3,NA,NA,NA,Sapphire,Item,character(0),NULL,Edgar Pasten,Some stories stay with you forever.
crd_a6c7778d84d249c8be2863e3fb67678b,2,NA,NA,NA,Sapphire,Item,character(0),NULL,Greez,NA
crd_a4e5d72ce815494eb8647bbe7aa33454,7,7,7,3,Steel,Character,character(0),"c(""Storyborn"", ""Ally"")",French Carlomagno,"""Spears of Fang, stand strong and tall. We are the last line of defense and we will not fall!"""
crd_88d71cff12ab4e23940f32ab8c568af4,3,4,2,1,Steel,Character,Bodyguard,Storyborn,Adam Fenton,"""You come at me, you get the beak, capisce?"""
crd_bbeb5ead52854a1d869e7e449dc6aee7,3,2,4,2,Steel,Character,Vanish,"c(""Dreamborn"", ""Ally"", ""Illusion"")",Andrea Parisi,NA
crd_7330464a904f4bc48287806c802ca7f1,2,2,2,1,Steel,Character,character(0),"c(""Storyborn"", ""Prince"")",Jake Murphy,"""Talk about overdressed and self-absorbed!"" —Jasmine"
crd_43f09ed39a77426a8a351ed3446d180a,1,0,1,1,Steel,Character,character(0),"c(""Storyborn"", ""Ally"", ""Pirate"")",Adam Fenton,"""Say, let me do it, Mad Dog. It's my turn."""
crd_269551f76e10446cbf947278bf155889,1,1,2,1,Steel,Character,Challenger,"c(""Dreamborn"", ""Villain"", ""Pirate"", ""Captain"")",Ornella Savarese,"""How dare you? Arm yourself, scoundrel!"""
crd_a0a9f2ad02684ebd877ed697c7ce1188,3,2,4,1,Steel,Character,Resist,"c(""Storyborn"", ""Mentor"")",Kendall Hale,A single grain of rice can tip the scale. One man may be the difference between victory and defeat. —The Emperor
crd_c36fb1d14427405e9855584cc3303929,5,4,5,2,Steel,Character,Bodyguard,"c(""Storyborn"", ""Ally"")",Ricardo Caria,NA
crd_1a915d634d8048febe7e324fa0c4730b,3,3,4,1,Steel,Character,character(0),"c(""Storyborn"", ""Ally"", ""Dragon"")",Rosa la Barbera / Livio Cacciatore,NA
crd_0de5fd56ffa5426c854d2123b28a61c1,2,0,4,1,Steel,Character,character(0),"c(""Storyborn"", ""Ally"")",Irish Chua,"""This place is scarier than Prince John."""
crd_1168e8040a86449695383ef10c9daa2e,5,5,5,2,Steel,Character,character(0),"c(""Storyborn"", ""Queen"")",Carmine Pucci,"""In dark times, a crown is a weighty honor we must bear with grace and courage."""
crd_7a1795d8ea814feb8b1c6bc53a692f78,3,2,4,1,Steel,Character,character(0),"c(""Storyborn"", ""Ally"")",Ian MacDonald,NA
crd_3ae06939a98a4e41a6c37b577aedd462,4,2,7,1,Steel,Character,character(0),"c(""Storyborn"", ""Ally"")",Defne Tözüm,"""When the whole world changes around you, remember that Khan will always be the same—steadfast and true."" —Fa Zhou"
crd_81959a7827c2427d9ec829539d2a7418,3,1,4,1,Steel,Character,character(0),Storyborn,Cam Kendell,"""That's quite a predicament you're in. Glad it ain't me."""
crd_14cf336ace334aa4bb012d3a932242bf,4,3,3,2,Steel,Character,character(0),"c(""Storyborn"", ""Ally"")",Carlos Luzzi,"""Nice try, chumps! Too bad I'm all the way up here!"""
crd_06dcb232c2b84e47923c74acc1f755aa,2,3,3,2,Steel,Character,character(0),"c(""Storyborn"", ""Villain"", ""Alien"", ""Pirate"", ""Captain"")",Edu Francisco,"""Flint's secret trove was never found, but stories have persisted that it remains hidden..."" —Narrator"
crd_bf626cba6fd7425793d1cbfb0ee6aa2b,7,2,8,3,Steel,Character,character(0),"c(""Storyborn"", ""Ally"")",Ha Jung Song,"""Never be afraid to make a big entrance."""
crd_444715c10be04c9f875a24424adb9fb4,5,0,5,2,Steel,Character,character(0),"c(""Storyborn"", ""Villain"", ""Princess"")",Max Ulichney,NA
crd_475efa3afb754da4bba8e1d7104ebdf1,10,10,10,5,Steel,Character,Bodyguard,"c(""Dreamborn"", ""Hero"")",Joy Ang / Giulia Riva,NA
crd_e402670f5e814601b3995fd962e79a7e,4,3,4,1,Steel,Character,character(0),"c(""Storyborn"", ""Hero"", ""Alien"")",Jeanne Plounevez / Andrew Theophilopoulos,"""Ah! Finally, a good use for his destructive instincts."" —Jumba Jookiba"
crd_c7ad283c2e514045abdd3680133717a3,3,NA,NA,NA,Steel,Action,character(0),NULL,Gianluca Barone,"""It's my decision. My choice. And you won't stop me."" —Namaari"
crd_b653851369d8432198a23d09e7642dbd,7,NA,NA,NA,Steel,Action Song,Sing Together,NULL,Taraneh,NA
crd_312b989c72124b8ba3e6722d4ffa16b6,2,NA,NA,NA,Steel,Action,character(0),NULL,Diego Machuca,NA
crd_38ec8cb24ad14a0cb16620ec01a89b88,3,NA,NA,NA,Steel,Item,character(0),NULL,Alex Accorsi,NA
crd_d5c56759b4164f8d98eac7c93c8514b2,1,0,3,1,Amber Emerald,Character,character(0),"c(""Storyborn"", ""Hero"")",Juan Diego León,NA
crd_5615e8aef96941acb0e5cf1cfc8988c0,7,7,5,1,Amber Ruby,Character,Shift,"c(""Floodborn"", ""Hero"", ""Racer"")",Sam Nielson,NA
crd_db4137ebc57046a3ba7736adbdb01d44,6,4,6,2,Amber Sapphire,Character,character(0),"c(""Floodborn"", ""Hero"")",Natalie Dombois,NA
crd_a288e4ad2fa24cadada391a6d1896d9c,9,NA,NA,NA,Amber,Action Song,Sing Together,NULL,Ian MacDonald,NA
crd_6527615670294d2a8a23873bc964cec0,3,1,1,3,Amethyst,Character,character(0),"c(""Storyborn"", ""Hero"", ""Prince"")",Aubrey Archer,NA
crd_7f8ab8154a444fb69a3eed9c7647b623,7,5,5,2,Amethyst Emerald,Character,Shift,"c(""Floodborn"", ""King"")",Alan Batson,NA
crd_a44f1da598c94ec18b4060bb1e932c66,2,1,3,1,Amethyst Ruby,Character,character(0),"c(""Storyborn"", ""Villain"", ""Sorcerer"")",Andrew Theophilopoulos,NA
crd_a728498e9f554bb2b5e4fd82595ed11e,9,NA,NA,NA,Amethyst,Action Song,Sing Together,NULL,Samanta Erdini,NA
crd_1f6ec070467643d195c82c92cf93c955,3,NA,NA,NA,Amethyst Sapphire,Action Song,character(0),NULL,Yrgane Ramon,NA
crd_cf079ada81bd48cdb9290647f227982c,5,2,5,2,Emerald,Character,Evasive,"c(""Dreamborn"", ""Hero"", ""Princess"")",Viv Tanner / Ellie Horie,NA
crd_0a53330fb9424adcab9e92d04aa428a0,5,4,5,2,Emerald Steel,Character,Shift,"c(""Floodborn"", ""Villain"", ""King"", ""Pirate"", ""Captain"")",Nicola Saviori,NA
crd_a209d31e37bc44e78b2f56cf474bde5d,3,NA,NA,NA,Emerald,Action,character(0),NULL,Koni,NA
crd_95167fa28eb2442c8d04fc67d2db7fa7,5,4,4,2,Ruby,Character,character(0),"c(""Dreamborn"", ""Hero"")",Grace Tran,NA
crd_4ea909f6818d4776ae936aa51aed88b8,6,4,6,2,Ruby Steel,Character,Shift,"c(""Floodborn"", ""Ally"", ""Dragon"")",Nicola Saviori,NA
crd_8b81f6ba845442d095833d7c1bee3a6c,1,NA,NA,NA,Ruby,Item,character(0),NULL,Jonathan Livslyst / Renée Chio,NA
crd_1a6358dd0385477eb83213749cb5d38f,3,3,3,2,Sapphire,Character,character(0),"c(""Storyborn"", ""Hero"", ""Alien"")",Natalie Dombois,NA
crd_a8b66e0b4abe48f58f9c47dc25593197,4,2,5,1,Sapphire Steel,Character,Shift,"c(""Floodborn"", ""Hero"", ""Princess"")",Viv Tanner,NA
crd_cfbcf752b5064d1e8abfc2a2c6d3e98a,3,NA,NA,NA,Steel,Action,character(0),NULL,LadyShalirin,NA
crd_2cbda843e29c4e6392ccddd6858eeb7d,4,3,3,1,Amethyst,Character,Evasive,"c(""Storyborn"", ""Ally"", ""Madrigal"")",Juan Diego León,NA
crd_34b9804b3a084d46b134459658dc8bad,3,2,4,1,Amber,Character,Support,"c(""Storyborn"", ""Villain"", ""Queen"", ""Sorcerer"")",Eri Welli,NA
crd_5677adbd3274456285c9b05ae5f55fdc,3,3,2,1,Amber,Character,character(0),"c(""Storyborn"", ""Hero"")",Grace Tran,"""We'll find our way. I know we will!"""
crd_1135ff76d7504441942b3f9e9edae58d,6,3,5,3,Amber,Character,Shift,"c(""Floodborn"", ""Hero"", ""Alien"")",Simangaliso Sibaya,The best part about a beachside concert is that there's always room for one more.
crd_15c40e21a84340ac93e308564a1d2493,5,5,4,1,Amber,Character,character(0),"c(""Storyborn"", ""Hero"", ""Prince"")",Grace Tran,His heart warmed as the music began and the dancers took their places.
crd_2a28cdd2430b478ba3251c5478a09d02,4,2,4,2,Amber,Character,character(0),"c(""Dreamborn"", ""Hero"", ""Princess"")",Ellie Horie,NA
crd_d67f356f55914781ae98fc85dcadfd57,1,1,2,1,Amber,Character,character(0),"c(""Storyborn"", ""Hero"", ""Princess"")",Jeanne Plounevez,The other princesses were especially happy to attend her long-awaited celebration.
crd_94ecd20c33354dabb0cc32b7133133a9,1,2,2,1,Amber,Character,character(0),"c(""Storyborn"", ""Villain"", ""Queen"")",Eva Widermann,"Don't question her. Don't doubt her. And above all, don't disobey her."
crd_ecef763660c74bd49ddb8930fb0ff10b,2,1,4,1,Amber,Character,character(0),"c(""Dreamborn"", ""Hero"", ""Princess"")",Aubrey Archer,We can all make the world a little brighter in our own way.
crd_c0950f4fac0946dc84be5efc2b32432f,2,2,3,1,Amber,Character,character(0),"c(""Storyborn"", ""Hero"", ""Alien"")",Aisha Durmagambetova,"Moving to the music, he begins to understand the true meaning of ohana and how he fits into the family he has found."
crd_a931864a0b0e42c7852e9609ea84914f,3,2,3,2,Amber,Character,Support,"c(""Dreamborn"", ""Hero"", ""Princess"")",Amber Kommavongsa,Everything looks better when you're free to be yourself.
crd_df9fc4392077467ab80211e4c47b6b2c,4,2,3,1,Amber,Character,character(0),"c(""Dreamborn"", ""Hero"", ""Musketeer"")",Kendall Hale,She has a talent for thwarting hidden schemes.
crd_6ec58a64abf84ea2968667aa02d50769,4,1,4,1,Amber,Character,character(0),"c(""Storyborn"", ""Ally"", ""Fairy"")",Aisha Durmagambetova,Plenty of berries—and friendship—to go around.
crd_da34abc7da464b338103666b1ca3d0f8,3,3,3,2,Amber,Character,character(0),"c(""Storyborn"", ""Hero"")",Dave Beauchene,"As long as he's around, newcomers to the Great Illuminary will always get a warm welcome."
crd_d30e5a514aae4bd9b28d98cf45569a23,7,3,8,2,Amber,Character,"c(""Bodyguard"", ""Shift"")","c(""Floodborn"", ""Ally"")",Dave Alvarez / Alice Pisoni,NA
crd_4b656001901d4c34829cfe124d5c166b,4,3,3,2,Amber,Character,Singer,"c(""Storyborn"", ""Hero"", ""Princess"")",Matthew Robert Davies,"""Watch and you'll see—some day I'll be part of your world!"""
crd_e16de0af3ca24eaa9e6570598920d9e8,5,4,5,2,Amber,Character,character(0),"c(""Storyborn"", ""Ally"")",Kenneth Anderson,"When you need help, his is the first face you want to see."
crd_46a9657cca954d1981ba9f69647ebe44,5,3,6,2,Amber,Character,Bodyguard,"c(""Storyborn"", ""Hero"")",Shannon Hallstein,"""Let me handle this, Lilo."""
crd_e0516a7bb03e48249017bd27b84a9d92,3,1,4,1,Amber,Character,character(0),"c(""Storyborn"", ""Mentor"", ""Madrigal"")",Cristian Romero,"""Eat this, mi amor."""
crd_0ae012bfcad54631949412a2947a8f7d,4,2,5,2,Amber,Character,Singer,"c(""Storyborn"", ""Hero"", ""Princess"")",Javi Salas,NA
crd_612c000e0f7047659edee1e275069811,5,1,6,3,Amber,Character,character(0),"c(""Storyborn"", ""Hero"", ""Princess"")",Nicholas Kole,"""I am Moana of Motunui. You will board my boat, sail across the sea, and restore the heart of Te Fiti."""
crd_c042279e4692458c906cc27ec66448ab,1,0,2,1,Amber,Character,character(0),"c(""Storyborn"", ""Ally"")",Jiahui Eva Gao,He just can't wait for new friends to arrive!
crd_357824b1398340d8979b1ead1c7ff44f,2,1,4,1,Amber,Character,Singer,"c(""Storyborn"", ""Villain"", ""Sorcerer"")",Angie Simpson,This magic will certainly do the trick.
crd_8da184a94db34eee8c9b4cc378a58d11,3,3,3,1,Amber,Character,character(0),"c(""Dreamborn"", ""Villain"", ""Queen"")",Brianna Garcia,"The more of the Inklands she claims, the more she wants."
crd_fdaea5bd7f31497a8284771dd57894cf,7,4,8,2,Amber,Character,character(0),"c(""Dreamborn"", ""Hero"", ""Alien"")",Marcel Berg,"""So you're from outer space, huh? I hear the surfing's choice."" —David"
crd_c8a627814d404f46ad87c09ece866017,7,NA,NA,NA,Amber,Action Song,Sing Together,NULL,Giulia Riva,NA
crd_e573fd1307ec42b6b2dbd9ebb94504f0,8,NA,NA,NA,Amber,Action Song,Sing Together,NULL,Eri Welli,NA
crd_d3bdbbdbd842435fa3fa0ac7ec4eb28d,3,NA,NA,NA,Amber,Action Song,character(0),NULL,Monica Catalano,"Let your power shine
Make the clock reverse..."
crd_fbdf8cd3fdd840c6b1a52b64d63e2fee,4,NA,NA,NA,Amber,Action Song,character(0),NULL,Ellie Horie,"I'm left behind, wondering if I should follow"
crd_abc3f1da50d04f768b1181878b17f8da,2,NA,NA,NA,Amber,Action,character(0),NULL,Cristian Romero,"""I feel like I missed something important."""
crd_772b7e1de7024e47bdbe47e672f35d2f,3,NA,NA,NA,Amber,Action Song,character(0),NULL,Giulia Riva,NA
crd_ecf737e88516492c9592efb0c0b6da85,2,NA,NA,NA,Amber,Action Song,character(0),NULL,Rosa la Barbera / Leonardo Giammichele,NA
crd_c77ef321da53426c9f7d856202152b2e,2,NA,NA,NA,Amber,Item,character(0),NULL,Eri Welli,"Lanterns fill the sky on one special night, beacons of hope and love."
crd_cfa8f36f7729492fa74fa256816c7f55,3,NA,NA,NA,Amber,Item,character(0),NULL,Jenna Gray,"""Singing is a lovely pastime... if you've got the voice for it."" —Ursula"
crd_74c2fa84872c4c68ac1eb0e2a7a8affc,1,NA,6,0,Amber,Location,character(0),NULL,Alex Shin,NA
crd_ab6a9775bfbb446bb03724f1f7ba0f3a,5,4,5,1,Amethyst,Character,character(0),"c(""Storyborn"", ""Villain"", ""Queen"")",Matthew Robert Davies,Sublime beauty matched with peerless cunning. Is there any question who is fairest?
crd_f0b125bab638401e834b91dc4577a894,1,0,2,1,Amethyst,Character,Challenger,"c(""Dreamborn"", ""Mentor"", ""Sorcerer"")",Otto Paredes,Mind the stick!
crd_ddb06ba3c9da4b9c88542204d02eeb6d,3,3,3,1,Amethyst,Character,character(0),"c(""Dreamborn"", ""Villain"", ""Sorcerer"")",John Loren,The secret contract has already been written.
crd_2f69538767394390bc91d25fd5948a5b,4,0,5,2,Amethyst,Character,character(0),"c(""Dreamborn"", ""Villain"", ""Sorcerer"")",Marcel Berg,There's more than one way to bury secrets.
crd_53d3d0830c344ef08b076c3aada0afa6,3,3,3,1,Amethyst,Character,character(0),"c(""Dreamborn"", ""Hero"", ""Princess"")","Angelina ""Spikie"" Ricardo","No matter what she tried, Belle couldn't completely heal Beast's wound."
crd_6a3e78bd46b74dbe81da78b2d64cc75f,5,4,4,2,Amethyst,Character,Shift,"c(""Floodborn"", ""Hero"", ""Princess"", ""Sorcerer"")",Malia Ewart,The mixed ink had changed more than just the rose.
crd_6754fb447a2d4bbf901387509a864a10,5,5,5,2,Amethyst,Character,character(0),"c(""Dreamborn"", ""Hero"", ""Sorcerer"", ""Hunny"")",John Loren,"He'd always felt a kinship with honey. They were both golden, and sweet, and likely to end up in sticky situations."
crd_929d3fa7c5324a1dbc9ebc1d93bbee6d,4,2,3,2,Amethyst,Character,"c(""Evasive"", ""Rush"")","c(""Storyborn"", ""Ally"")",Giulia Riva,NA
crd_096f0a6be34a4134aaa682c768cceeec,8,4,6,3,Amethyst,Character,Shift,"c(""Floodborn"", ""Hero"", ""Queen"", ""Sorcerer"")",Matthew Robert Davies,Ice is stronger than you may think.
crd_1c44a2b730a54018a567031f38363a17,5,3,4,1,Amethyst,Character,character(0),"c(""Storyborn"", ""Villain"", ""Sorcerer"")",Max Ulichney,NA
crd_535bf9178837443f894f45d8c71045a0,4,3,3,1,Amethyst,Character,Evasive,"c(""Storyborn"", ""Hero"")",Mariana Moreno,NA
crd_1c42d9e976d0414099a145227b83b08c,3,2,2,1,Amethyst,Character,Evasive,"c(""Storyborn"", ""Hero"")",Sandara Tang,NA
crd_7132ae64563f4ca688e7033e90cf50fb,2,1,4,1,Amethyst,Character,character(0),"c(""Storyborn"", ""Mentor"")",Grace Tran,"""Stick with me, kid, and we'll fly all the way to the top!"""
crd_07b1ad34ad4540b3a65c189dab2dc805,4,3,4,1,Amethyst,Character,Challenger,"c(""Storyborn"", ""Hero"", ""Queen"", ""Sorcerer"")",Cristian Romero,"The power of ice may not stop the flood, but it will help protect Lorcana."
crd_0da7128b38524119b441c3df9091184d,2,1,2,1,Amethyst,Character,character(0),"c(""Storyborn"", ""King"")",Michaela Martin,So there I was. Perfectly in control of the situation.
crd_cefa62e7a0f246dd81c4c7628c3c054c,6,4,7,1,Amethyst,Character,Evasive,"c(""Storyborn"", ""Ally"")",Kenneth Anderson,"""That cursed beast liked the taste of me so well he's followed me ever since...."" —Captain Hook"
crd_d9a1ea3bfe5d4911918825597c51e0a6,4,3,3,2,Amethyst,Character,character(0),"c(""Storyborn"", ""Ally"", ""Madrigal"")",Otto Paredes,NA
crd_b07f766507574745ae00ade904bd2558,4,2,5,1,Amethyst,Character,character(0),"c(""Storyborn"", ""Ally"", ""Madrigal"")",Emily Abeydeera,NA
crd_285e5cadf23a4b2b836effe0550a237a,3,2,3,1,Amethyst,Character,character(0),"c(""Dreamborn"", ""Hero"", ""Queen"", ""Sorcerer"")",Nicholas Kole,"Recreated by magical ink, Elsa found herself in an entirely new world. Fortunately, ice works the same way everywhere."
crd_777ef1df73214a63a89bce29396afefa,4,3,5,1,Amethyst,Character,character(0),"c(""Storyborn"", ""Ally"")",Koni,"""Right here, direct from the lamp, right here for your very much wish fulfillment."""
crd_e00da6aac653437aba64ee3268fc29b8,1,1,3,1,Amethyst,Character,character(0),"c(""Storyborn"", ""Ally"")",Giulia Riva,"""I'm Olaf and I like warm hugs!"""
crd_7b8e4758284944abbee5ba2f79d2b353,6,5,7,1,Amethyst,Character,character(0),"c(""Storyborn"", ""Ally"")",Jared Nickerl,"""Reindeer comin' through!""
–Kristoff"
crd_262e1faa79d74ec38f16ba92a9981e54,6,3,6,2,Amethyst,Character,character(0),"c(""Dreamborn"", ""Ally"", ""Sorcerer"")",Cristian Romero,"That's the way to give it what it needs, Juju!"
crd_4ce57ce9f6484fd386b2add4847b5dc8,4,4,3,1,Amethyst,Character,Rush,"c(""Storyborn"", ""Ally"", ""Madrigal"")",Juan Diego León,"""This rock? No problem. Go get that prophecy, hermana!"""
crd_fb78447abbd740c3a3509fa91e338b4f,3,2,2,2,Amethyst,Character,character(0),"c(""Storyborn"", ""Villain"", ""Sorcerer"")",Veronica Di Lorenzo / Livio Cacciatore,"""I will rule as far as the eye can see."""
crd_07d43fd911d2476caa9c4aa982d29405,10,NA,NA,NA,Amethyst,Action Song,Sing Together,NULL,Natalia Trykowska,Lead us to the land we dream of
crd_06c998317b6d45d0abc056cea429ad13,2,NA,NA,NA,Amethyst,Action Song,character(0),NULL,Denny Minonne,"In pain, in need"
crd_1b909f18bf5e43948a2f59d32a9dbaa7,3,NA,NA,NA,Amethyst,Action,character(0),NULL,Ian MacDonald,"""I got your back."""
crd_8dedb2a4e41e48039aea2bca6938d28f,1,NA,NA,NA,Amethyst,Action,character(0),NULL,Rob Di Salvo,"Oh, bother—not again."
crd_34d603519eae499991189bf1efc0207c,2,NA,NA,NA,Amethyst,Item,character(0),NULL,Mariana Moreno,NA
crd_d0073192de544630825d3b25614fcd12,2,NA,NA,NA,Amethyst,Item,character(0),NULL,Andrew Trabbold,"""What wouldst thou know, my Queen?"""
crd_d483668415d54d07861f290ceebc0c38,3,NA,NA,NA,Amethyst,Item,character(0),NULL,Kamil Murzyn,"""No wonder you're late. Why, this watch is exactly two days slow.""
—The Mad Hatter"
crd_0294484e638d4f389732639af2b5d5e8,2,NA,NA,NA,Amethyst,Item,character(0),NULL,Gabriel Angelo,The transformed rose made short work of the Beast's wound. But even the gentlest magic comes at a cost.
crd_3badd6eb64ca49b18e7ee2cefea06b46,1,NA,6,0,Amethyst,Location,character(0),NULL,Rachel Elese,NA
crd_758f6165053247138a43133356718b77,5,2,4,3,Emerald,Character,Ward,"c(""Storyborn"", ""King"")",Grace Tran,"""I asked for emerald and that is clearly jade! What is wrong with you people?"""
crd_93d3181a0964484f8c491f7b96dd7d02,6,4,5,4,Emerald,Character,character(0),"c(""Dreamborn"", ""Hero"")",John Loren,"Some days, it's nice to let the river do the running."
crd_c571350ccb314e4aac4f3e79d9a29c87,1,0,1,2,Emerald,Character,character(0),Storyborn,Massimiliano Narciso / Marieke Ferrari,"""Now it's happened once or twice, someone couldn't pay the price..."" —Ursula"
crd_330073fee4914065839565db68acf025,4,3,4,2,Emerald,Character,character(0),"c(""Dreamborn"", ""Hero"", ""Prince"")",Mike Parker,He stands ready to protect his friends from any threat.
crd_4c762e16709149b79b4f7d895fd1de8b,9,6,6,3,Emerald,Character,"c(""Evasive"", ""Shift"")","c(""Floodborn"", ""Hero"", ""Prince"")",Randy Bishop,NA
crd_3bb37ffc029f49ab8557f2eda4c13e58,2,2,2,1,Emerald,Character,character(0),"c(""Storyborn"", ""Hero"")",Carlos Ruiz,NA
crd_0599c55386a649bb9af21a906ed52db5,3,2,2,1,Emerald,Character,character(0),"c(""Storyborn"", ""Hero"")",Rodrigo Camilo,"Fast board, cool tunes—what more could you want?"
crd_c96e43d222af4305828dce251d49ac1e,4,2,3,2,Emerald,Character,Evasive,"c(""Dreamborn"", ""Ally"")",Jeanne Plounevez,NA
crd_520397ac5c7a4811b50c9adea4f2f1c9,6,4,5,2,Emerald,Character,Shift,"c(""Floodborn"", ""Hero"")",Max Ulichney,NA
crd_912d9241d6084800bd0168df05d52bc3,1,1,2,1,Emerald,Character,character(0),"c(""Storyborn"", ""Ally"")",Stefano Spagnuolo,"""It's the Leaning Tower of Cheese-a."""
crd_bac12540d0734d2080c8cac9d19265d7,2,2,1,1,Emerald,Character,character(0),"c(""Dreamborn"", ""Ally"")",Aubrey Archer,"""A deal's a deal. But falling in love was never supposed to be part of it."""
crd_d4a3ddcb1d0743239de2b493403ef0c1,3,3,4,1,Emerald,Character,character(0),"c(""Storyborn"", ""Hero"", ""Captain"")",Juan Diego León,"On rivers throughout the Inklands, the little steamboat's whistle answers the cheery tunes of its pilot."
crd_140b8662d4f1474e8c39019b0bfbd3f3,2,1,1,2,Emerald,Character,character(0),"c(""Dreamborn"", ""Sorcerer"")",Isaiah Mesq,Appearances can be deceiving.
crd_6b025bc8b17a487c8e3b40067851f9b9,5,5,5,2,Emerald,Character,character(0),"c(""Storyborn"", ""Villain"", ""Queen"")",Mané Kandalyan / Luca Pinelli,"""I must make the hard decisions to protect my daughter, especially in this unfamiliar world."""
crd_a93802d7a13a4535acb8c9a6bc31dfc2,3,0,5,1,Emerald,Character,character(0),Storyborn,Leonardo Giammichele,Heading toward a rude awakening!
crd_388d508eecb242879b9cbac8272cdd27,1,1,1,1,Emerald,Character,Evasive,"c(""Storyborn"", ""Ally"")",Brian Weisz,"""His name is Pegasus. And he's all yours...""
—Zeus"
crd_0fbd5245e47044bc842780f9340d4ddd,4,2,5,2,Emerald,Character,Shift,"c(""Floodborn"", ""Ally"")",Ron Baird,NA
crd_fe534ba2bc92411385d7176097db4f43,3,2,3,2,Emerald,Character,character(0),"c(""Storyborn"", ""Ally"")",Anna Stosik,NA
crd_b082a2cb0d9f4c24a54a8ebb85f6b0a6,4,0,6,1,Emerald,Character,character(0),"c(""Storyborn"", ""Ally"", ""Hyena"")",Jochem van Gool,"""Why not stick around for dinner?"""
crd_2cb6f3824afc43249a7d4dfcdcacbd53,4,2,3,2,Emerald,Character,Evasive,"c(""Storyborn"", ""Ally"", ""Fairy"")",Caner Soylu,NA
crd_e775c2ea351d4c3ca09630ade10092de,6,5,5,2,Emerald,Character,character(0),"c(""Storyborn"", ""Villain"", ""Alien"", ""Pirate"", ""Captain"")",Duyen Nguyen / Jared Nickerl,"""Don't be too put off by this... hunk of hardware."""
crd_af9ce05b294a4ecdb8e7401fff74a992,2,1,3,1,Emerald,Character,character(0),"c(""Storyborn"", ""Villain"", ""Sorcerer"")",Lisanne Koeteeuw,NA
crd_c7a6168b43fd4c71a441f6f2e236117b,3,2,3,1,Emerald,Character,Evasive,"c(""Storyborn"", ""Ally"")",Valentina Graziuso,"""I can take anything apart in under five minutes!"""
crd_24ef95291e2f4379983568b7c01974ff,2,2,2,1,Emerald,Character,Ward,"c(""Storyborn"", ""Hero"", ""Prince"")",Lauren Walsh,Fabulously wealthy. Practically untouchable. Genuinely inauthentic.
crd_2da1b21d6bdc4b29b5e04bacfa14eded,4,2,3,2,Emerald,Character,Evasive,"c(""Dreamborn"", ""Ally"")",Lissette Carrera,NA
crd_e753b2ea3c6142e99097d527dc10e6a9,3,NA,NA,NA,Emerald,Action Song,character(0),NULL,Raquel Villanueva,NA
crd_541fd75946914a688a54b5fc5f1d966d,2,NA,NA,NA,Emerald,Action Song,character(0),NULL,Giulia Riva,"Cruella De Vil, Cruella De Vil
If she doesn't scare you, no evil thing will"
crd_856e21edc8814f10863eae7f75635f23,1,NA,NA,NA,Emerald,Action,character(0),NULL,Mané Kandalyan / Anna Stosik,"Shan-Yu: ""It looks like you're out of ideas.""
Mulan: ""Not quite!"""
crd_1d6a3d2a881b42f0a7160c2617e19fea,8,NA,NA,NA,Emerald,Action Song,Sing Together,NULL,Dylan Bonner,Such wonderful things surround you
crd_5ecd4f8d0e8f44f8bda2b3986c6da49a,2,NA,NA,NA,Emerald,Action,character(0),NULL,Elodie Mondoloni,NA
crd_39a0e5d019794fcd9a96be1309addb7c,3,NA,NA,NA,Emerald,Action Song,character(0),NULL,Rosa la Barbera / Leonardo Giammichele,"One way or another
Something will go wrong, I swear"
crd_b081887da7a445c0b0a5a1404d9102b0,2,NA,NA,NA,Emerald,Item,character(0),NULL,Carlos Ruiz,NA
crd_ebe4a26a2312422db81dc2b43198f159,2,NA,NA,NA,Emerald,Item,character(0),NULL,Andrew Peña,"""I would love to help you, of course, but there's the little matter of the contract..."" —Ursula"
crd_a7b30a7923bd4b3596c48ede7e6b438e,1,NA,6,0,Emerald,Location,character(0),NULL,Roberto Gatto,"Flounder, this is perfect! I can't wait to explore it. —Ariel"
crd_f3852a9841064672acd078eb9d2220a1,2,2,2,1,Ruby,Character,character(0),"c(""Dreamborn"", ""Ally"")",Gaku Kumatori,All a mob needs is a push in the wrong direction.
crd_4245d44a1e8344e1878acd9002b813e0,3,3,3,1,Ruby,Character,character(0),"c(""Storyborn"", ""Villain"")",Matthew Robert Davies / Leonardo Giammichele,The sixth Rule of Villainy: Keep your mind sharp and your claws sharper.
crd_49d30b3074984f9288f650908b3d0654,2,1,1,3,Ruby,Character,character(0),"c(""Storyborn"", ""Hero"", ""Prince"")",Oggy Christiansson,He'll join the hunt for lore after he's had a quick snack.
crd_eca6a044a1a24319948f3c2698344fad,7,8,8,1,Ruby,Character,character(0),"c(""Storyborn"", ""Hero"", ""Deity"")",Sandara Tang,Always ready to make a splash.
crd_d46b2630aeaf4f42b5bba4e29bee58df,3,2,3,1,Ruby,Character,Evasive,"c(""Dreamborn"", ""Hero"", ""Princess"")",Javi Salas,Shipwrecks are great places to find lore—and hide from sharks!
crd_331c3ce2f2a74490acc4b2bec16a0ad9,9,7,5,2,Ruby,Character,character(0),"c(""Storyborn"", ""Villain"", ""Dragon"")",Luis Huerta,"The ninth Rule of Villainy: When all else fails, turn into a dragon."
crd_7d7835f351084d94aa5f108f373a1de2,2,3,2,1,Ruby,Character,Singer,Storyborn,Stefano Spagnuolo,"""Goin' to the Powerline concert. Ah! It's unbelievable, man."" —P.J. Pete"
crd_3a5f83e2f53f4bf0b0d621014cd8f6cf,6,6,4,2,Ruby,Character,Shift,Floodborn,Nicholas Kole,NA
crd_8c2b197768734180bf5a4ec7bf1b4e37,3,2,2,1,Ruby,Character,"c(""Evasive"", ""Shift"")","c(""Floodborn"", ""Hero"", ""Prince"")",Cristian Romero,NA
crd_bb2ace4414ab49e5a25181049e58c660,3,4,3,1,Ruby,Character,Singer,"c(""Storyborn"", ""Hero"")",Stefano Spagnuolo,NA
crd_1d1f302d846749939eb57dbe5013d807,2,2,3,1,Ruby,Character,character(0),"c(""Storyborn"", ""Ally"")",Carlos Ruiz,NA
crd_6ce1cd22f2bb44b18d3c31ffb9c8251c,4,3,5,1,Ruby,Character,character(0),"c(""Storyborn"", ""Ally"")",Kenneth Anderson,He's a real music buff.
crd_6f87816bd3e042a4852e68f2d23a5807,2,4,2,0,Ruby,Character,Reckless,"c(""Storyborn"", ""Villain"")",Matthew Robert Davies,It's not arrogance when you really are the best.
crd_0f11f39f42d84f9cb09ca24a2893f39d,4,3,4,1,Ruby,Character,Evasive,"c(""Storyborn"", ""Hero"", ""Princess"")",Mila Useche,No fire or storm will keep her from her goal.
crd_5f1407a8b5fc45a2954e49b95832de67,3,4,3,1,Ruby,Character,character(0),Storyborn,Kenneth Anderson,"For the first time ever, we're seeing it eye to eye."
crd_03cbb7961ddc4db7b724f1a934e1114b,3,1,4,2,Ruby,Character,character(0),"c(""Storyborn"", ""Hero"", ""Deity"", ""Dragon"")",LadyShalirin,Sometimes the only way to fight the unimaginable is with the incredible.
crd_76066fccc9724d34b6e7a238e52bee61,3,1,1,1,Ruby,Character,Evasive,"c(""Storyborn"", ""Hero"", ""Deity"", ""Dragon"")",Otto Paredes,"""Come on—what's the worst that can happen?"""
crd_51f0f91029254f61ab6d7b91efb0873b,5,4,3,1,Ruby,Character,Shift,"c(""Floodborn"", ""Villain"", ""Queen"")",Isaiah Mesq,NA
crd_724fef83bb594bbf883b6fc1bcc6d4e2,2,2,2,1,Ruby,Character,character(0),"c(""Dreamborn"", ""Ally"")",Valentin Palombo,"The invaders are at our gates, mes amis! It's time to show them what we're made of."
crd_9da81e46cc0d47c186f220e4007b0fd4,5,5,5,2,Ruby,Character,character(0),"c(""Storyborn"", ""Ally"")",Bill Robinson,You'll have to deal with them sooner or later.
crd_2eb6be8b7b7a4bd6b131eacfee97dbc0,2,2,2,1,Ruby,Character,Rush,"c(""Storyborn"", ""Villain"", ""Queen"")",Valerio Buonfantino,"The glow of lore in the flood caught her eye.
""The spellbook!"" she cried. ""Don't let it get away!"""
crd_cdba0ed02d3a4361afb0aaa7689ee1de,6,5,4,2,Ruby,Character,character(0),"c(""Dreamborn"", ""Hero"", ""Princess"")",Clio Wolfensberger,"""Who are you? And how did you find me?"""
crd_2acf4a3090844ac6a8e091f806c28aed,1,2,3,1,Ruby,Character,character(0),"c(""Storyborn"", ""Hero"", ""Princess"")",Jared Mathews,She'll never give up.
crd_44fe3bead4bf40f79163468a4fd647e5,6,2,6,2,Ruby,Character,Shift,"c(""Floodborn"", ""Hero"", ""Princess"")",Nicola Saviori,NA
crd_f658a42763fe4f4bbd7e0605d2fb1e2f,3,2,3,1,Ruby,Character,character(0),"c(""Storyborn"", ""Hero"", ""Princess"")",Amber Kommavongsa,"Two parts bravery, one part cleverness, and a whole lot of determination."
crd_d86fe241e2434bc49ee61f5516366f08,1,2,2,1,Ruby,Character,character(0),"c(""Storyborn"", ""Ally"")",Cory Godbey,"""Yes, sir. Righto, sir. Right away, sir!"""
crd_1f37e8ef12cb407f815ee35eb21abf61,3,2,3,1,Ruby,Character,Evasive,"c(""Storyborn"", ""Ally"")",Sandra Rios,NA
crd_aab461b250e4450ba96ddc1baff4bdea,9,NA,NA,NA,Ruby,Action Song,Sing Together,NULL,Eri Welli,NA
crd_53b7756b77ee49df8373e45db50bd1de,2,NA,NA,NA,Ruby,Action Song,character(0),NULL,Eva Widermann,NA
crd_480463cc9e3f4f7b9cb1c96a83d69544,6,NA,NA,NA,Ruby,Action Song,Sing Together,NULL,Valentina Graziuso,"Give me a career
As a buccaneer"
crd_e20ac0daac8445eb8c7d2a8a27f06745,4,NA,NA,NA,Ruby,Action Song,character(0),NULL,Emily Abeydeera,"Respected, saluted"
crd_568ccd26d0fa49ac94a67b49e599930d,2,NA,NA,NA,Ruby,Item,character(0),NULL,Defne Tözüm,NA
crd_205f1fdf160e42a4837e5d9ca8759f45,4,NA,NA,NA,Ruby,Item,character(0),NULL,Peter Brockhammer,The delicate sound of impending doom.
crd_6e330a06c76a4a15b2a62a2b5d25369f,3,NA,5,2,Ruby,Location,character(0),NULL,Kaitlin Cuthbertson,"Welcome to Agrabah, city of mystery, of enchantment, and the finest merchandise this side of the river. —Merchant"
crd_a0dbcc4e038e43ee90773445e70c170c,4,2,4,2,Sapphire,Character,character(0),"c(""Dreamborn"", ""Hero"", ""Queen"", ""Knight"")",Leonardo Giammichele,Make sure you know what's truly important and be willing to fight for it.
crd_5008e2e0ceb04bb9878d2590c92b32ee,2,2,2,1,Sapphire,Character,Support,"c(""Dreamborn"", ""Ally"")",Federico Maria Cugliari,"""This looks like part of a larger crystal!"""
crd_0367a7c71bef46c39719f0c5c0b0dc3b,3,2,3,2,Sapphire,Character,Support,"c(""Dreamborn"", ""Ally"")",Federico Maria Cugliari,"""I got it! I knew I could do it! Dewey for the win!"""
crd_f81fa2c1489a44eab54bd8e0528cc202,4,3,4,2,Sapphire,Character,Support,"c(""Dreamborn"", ""Ally"")",Federico Maria Cugliari,"""Found the last one!"""
crd_25107990bd5f41f88814d0eb79aaa801,4,2,3,2,Sapphire,Character,character(0),"c(""Storyborn"", ""Hero"")",Ellie Horie,NA
crd_1a90e72da27d4638ad9aed26776feee5,5,3,5,2,Sapphire,Character,character(0),"c(""Storyborn"", ""Hero"", ""Princess"")",LadyShalirin,NA
crd_2f6ba76c24224b52ad93ee5abc882b80,3,2,3,1,Sapphire,Character,character(0),"c(""Storyborn"", ""Villain"")",Juan Diego León,NA
crd_b7423a2c84b542a58d2605d3a6c28b2b,6,4,6,3,Sapphire,Character,character(0),"c(""Storyborn"", ""Mentor"", ""King"")",Luis Huerta,"""A king must care for all of the creatures in his kingdom, no matter their size."""
crd_f3478602630b4f20aed9e34d8ce4d995,2,3,2,1,Sapphire,Character,character(0),"c(""Dreamborn"", ""Villain"")",Aisha Durmagambetova,"Isn't it just gorgeous, darling? And just as stylish as I am."
crd_22030877f3b6497d841ffef288b491ab,2,1,4,1,Sapphire,Character,character(0),"c(""Storyborn"", ""Hero"", ""Queen"")",Maria Dresden,"After talking to Olaf, Anna marched into the unexpected storm to save Kristoff."
crd_62d32921f32d4504b83949a0c78002e7,1,2,2,1,Sapphire,Character,character(0),"c(""Storyborn"", ""Ally"")",Brian Weisz,"""Excitement... adventure... danger lurking around every cor- AAAAAAGGH!"""
crd_34956960ca9c4048b6d2887bb9ca7446,3,3,2,2,Sapphire,Character,character(0),"c(""Storyborn"", ""Villain"", ""Prince"")",Dustin Panzino / Leonardo Giammichele,Hans was confident he could bring Anna to Ursula—all he needed was something of Kristoff's to lure her in.
crd_aef9377ea8d84a2db06e16fc2353a311,4,2,5,1,Sapphire,Character,character(0),"c(""Storyborn"", ""Villain"", ""Queen"", ""Sorcerer"")",Jennifer Gheduzzi / Livio Cacciatore,"She has only one question, and she'd better like the answer."
crd_fded826f4af24bb7aac039d15848173e,7,3,6,3,Sapphire,Character,character(0),"c(""Storyborn"", ""Mentor"")",Juan Diego León,"When he talks, even the sky listens."
crd_01628a4e66c2451ab623ce46309c8378,7,3,6,2,Sapphire,Character,character(0),"c(""Dreamborn"", ""Villain"", ""Deity"")",Matthew Robert Davies,"""He's gotta have a weakness, because everybody's got a weakness."""
crd_901fa7746b2745bc84aa4c7c6fddbbc7,3,1,3,1,Sapphire,Character,character(0),"c(""Storyborn"", ""Mentor"")",Rogie Custodio / Erin Shin,"""You dig a little deeper, you'll find everything you need."""
crd_81f418041acd4fd98990e02403938de4,5,3,5,2,Sapphire,Character,Shift,"c(""Floodborn"", ""Hero"", ""Princess"")",Nicholas Kole,"As the princess slumbered, her power awoke."
crd_84ca414b157a462fa322e66c8fe9cebc,2,1,3,1,Sapphire,Character,Ward,"c(""Dreamborn"", ""Hero"", ""Princess"")",Koni,Her music fills the Illuminary's gardens with joy and light.
crd_76abbf408f4940dea3dc5daf5afdd314,1,1,2,1,Sapphire,Character,character(0),"c(""Storyborn"", ""Hero"", ""Princess"")",Rosa la Barbera / Leonardo Giammichele,"She may be young, but she's got the spirit of a true leader."
crd_b77ec6c391cd4ccaa1b1e01ca897502d,3,2,3,2,Sapphire,Character,character(0),"c(""Dreamborn"", ""Hero"", ""Princess"", ""Inventor"")",Gabriel Romero / Pix Smith,A little ingenuity and a lot of heart will take you far in this world.
crd_bb0a1c04d9ed4941a9cda16b55a05da9,3,2,3,2,Sapphire,Character,character(0),"c(""Storyborn"", ""Hero"")",Arianna Rea,I'll get to the bottom of what happened with the locked lorebook. You can count on me!
crd_73c0d376411b4b588a9de5cc5644e4bb,5,4,4,2,Sapphire,Character,character(0),"c(""Storyborn"", ""Princess"")",Jenna Gray,She makes every space more beautiful.
crd_bf5d82370e8e4900a9e7b05d502470df,3,2,3,2,Sapphire,Character,character(0),"c(""Storyborn"", ""Hero"")",Rianti Hidayat,"When he thought, he thought in the most thoughtful way he could think."
crd_8619541a52554ab3b8a32dcaf795748e,3,1,4,1,Sapphire,Character,character(0),"c(""Dreamborn"", ""Hero"")",Alice Pisoni,NA
crd_3935700ef8a04122935f3a9289dfa4af,2,2,2,2,Sapphire,Character,character(0),"c(""Storyborn"", ""Hero"", ""Princess"")",Samanta Erdini,"""They say if you dream a thing more than once, it's sure to come true!"""
crd_b00a7190a315433ebbd327dd79450960,6,4,4,2,Sapphire,Character,character(0),"c(""Storyborn"", ""Hero"")",John Loren,"""We never rob. We just sort of borrow a bit from those who can afford it."""
crd_441f1bb9f8c2478d84c13e70dd62755c,1,NA,NA,NA,Sapphire,Action,character(0),NULL,Pao Yong,"""Knowledge, wisdom—there's the real power!"" —Merlin"
crd_afa9023a2aeb4569bad0116e638821fa,4,NA,NA,NA,Sapphire,Action Song,character(0),NULL,Jochem van Gool,NA
crd_5bc8b5538ba94d59979d7ebb574c0bd2,2,NA,NA,NA,Sapphire,Action Song,character(0),NULL,Bill Robinson,"Gotta eat to live, gotta steal to eat—
Tell you all about it when I got the time"
crd_7dc546270337447fb4c4bac833fc4c17,8,NA,NA,NA,Sapphire,Action Song,Sing Together,NULL,Rachel Elese,NA
crd_6e6d5ca027b34def81032f79864dc6c6,2,NA,NA,NA,Sapphire,Item,character(0),NULL,Mario Oscar Gabriele,"""It can point you toward lost lore, but if you're not careful, it'll lead you off a cliff."" —Venturo, an Illumineer"
crd_81cea9b9222c496a8de13d5eb3215ab2,3,NA,NA,NA,Sapphire,Item,character(0),NULL,Kamil Murzyn,It takes a pure heart to calm the raging storm within.
crd_a175d05b419e4250bd62273eeb6d48c5,2,NA,NA,NA,Sapphire,Item,character(0),NULL,Milica Celikovic,"The coconut is a versatile gift from the gods, used to make nearly everything—including baskets to carry more coconuts."
crd_fc47f435832f4356ab419cf268febdb2,2,NA,5,1,Sapphire,Location,character(0),NULL,Etienne Savoie,NA
crd_f92eff31c1e24bb7802247c709840973,4,2,3,2,Steel,Character,character(0),"c(""Storyborn"", ""Ally"")",Stefano Spagnuolo,NA
crd_631c3f90c74b4c0cabded03d2b07f85b,4,0,1,1,Steel,Character,character(0),"c(""Dreamborn"", ""Hero"")",Gonzalo Kenny,NA
crd_11287d0d009b455ba9cde545d4f98c5b,2,0,2,2,Steel,Character,character(0),"c(""Storyborn"", ""Ally"")",Eri Welli,NA
crd_72bf539d1293473cb7d5d53231862bcb,3,2,2,1,Steel,Character,character(0),"c(""Storyborn"", ""Hero"")",Mariana Moreno,NA
crd_e05358d63cb44d8a9915ccd81c77458c,5,5,4,2,Steel,Character,character(0),"c(""Storyborn"", ""Villain"", ""King"")",Kenneth Anderson,NA
crd_4d7bf56fb70e41289a010677c1ebea27,2,2,2,1,Steel,Character,character(0),"c(""Storyborn"", ""Ally"")",Cristian Romero,NA
crd_2bf47bf7bc7f46afa6d39e40f0dc86e7,5,3,6,2,Steel,Character,Shift,"c(""Floodborn"", ""Hero"")",Rudy Hill,NA
crd_70f818f3196e4178a8bd5735332d8f06,5,3,7,2,Steel,Character,character(0),"c(""Storyborn"", ""Hero"", ""Princess"")",Ian MacDonald,NA
crd_1843141c81254b5bb5dd3dfc7cc624dc,1,1,3,1,Steel,Character,character(0),"c(""Storyborn"", ""Hero"", ""Princess"")",Samanta Erdini,"""My place is going to be special, with great food to fill people's bellies and hot jazz to feed their souls!"""
crd_66a2a59da61b4b54a92f25b54c375d93,3,2,3,2,Steel,Character,character(0),"c(""Storyborn"", ""Mentor"", ""King"")",Grace Tran,Don't mistake spirit for skill.
crd_7d0510c02fca4d878ec8a11ed836ae80,2,3,2,1,Steel,Character,character(0),"c(""Storyborn"", ""Villain"", ""Sorcerer"")",Rob Di Salvo,Soon you'll learn who holds the real power!
crd_6bfaedf8350c4f27ad9c60c2ecb2c942,3,4,3,1,Steel,Character,character(0),"c(""Storyborn"", ""Prince"")",Gaku Kumatori,All he's got is his charm.
crd_214cf74b7c2e445282009e4d227b2519,5,4,5,1,Steel,Character,Resist,"c(""Storyborn"", ""Ally"")",Mariana Moreno,"""Not much of a roadblock, but I suppose I'll do."""
crd_e772b66217694798b4a09dda0949184d,2,1,3,1,Steel,Character,character(0),"c(""Dreamborn"", ""Hero"")",Noukah,"""Capable? You don't know the half of it."" —Little John"
crd_1d3be42741804a65bec6c1e4c5cdabd3,2,1,3,1,Steel,Character,character(0),"c(""Storyborn"", ""Hero"")",Mariana Moreno,He sets the standard for intrepid adventurers everywhere.
crd_37be647e4dfe481996bdf2bad1909176,6,6,5,2,Steel,Character,"c(""Bodyguard"", ""Resist"")","c(""Storyborn"", ""Hero"", ""Prince"")",Leonardo Giammichele,NA
crd_9cba34a84bf04721aefd09dc1e87cb3a,3,0,4,2,Steel,Character,character(0),"c(""Storyborn"", ""Ally"")",Luis Huerta,"In this new world, the crown could finally be his."
crd_a77ba07844374c399becfa3d49262642,6,4,5,2,Steel,Character,Shift,"c(""Floodborn"", ""Ally"", ""Fairy"")",Cookie,NA
crd_24d837a8adab46e8ac2ffa7859489926,3,2,4,1,Steel,Character,character(0),"c(""Dreamborn"", ""Ally"", ""Fairy"")",Grace Tran,Sometimes all you need is a little tactical genius.
crd_79c990fe5bf14f4bbd075b6f80ad4290,4,3,4,1,Steel,Character,character(0),"c(""Storyborn"", ""Villain"", ""Pirate"", ""Captain"")",Adrianne Gumaya,"A pretty sight, Mr. Smee. We'll pot 'em like sitting ducks."
crd_2ae8a63bba494c3e842e54ec56da3021,3,3,3,1,Steel,Character,Bodyguard,"c(""Dreamborn"", ""Hero"", ""Prince"")",Marcel Berg,"""You gotta admit, that was pretty heroic."""
crd_8db5f81d06034612b857a11fc606c5d2,3,3,3,1,Steel,Character,character(0),"c(""Dreamborn"", ""Villain"", ""Alien"", ""Pirate"", ""Captain"")",Gaku Kumatori,The eighth Rule of Villainy: Don't underestimate the power of a bad reputation.
crd_3a743f412ff34cd38bd9896f146950f4,5,5,5,2,Steel,Character,character(0),"c(""Dreamborn"", ""Hero"", ""Captain"")",Carlos Ruiz,Immovable as a mountain and fierce as a dragon—the Empire's finest warrior.
crd_81a978c964b049f19747a98304b7f03d,2,1,3,1,Steel,Character,Challenger,"c(""Storyborn"", ""Hero"", ""Prince"")",Cristian Romero,"""I lost her once! I'm not gonna lose her again!"""
crd_8744600f576e484fa2e93cec672eba2f,6,3,8,2,Steel,Character,Shift,"c(""Floodborn"", ""Hero"", ""Princess"")",Marcel Berg,NA
crd_8e9017b673fa48039cb919188a8dae7a,3,2,4,1,Steel,Character,character(0),"c(""Storyborn"", ""Hero"", ""Princess"")",Dylan Bonner,Everything she's ever wanted is almost in reach.
crd_7c83455e9e254e79822773d1ebc173d5,3,NA,NA,NA,Steel,Action Song,character(0),NULL,Alice Pisoni,NA
crd_108a4980fc8d4e3f84faf7b7ffc18cc0,3,NA,NA,NA,Steel,Action,character(0),NULL,Simangaliso Sibaya,"""Go away!"""
crd_47f56a5b08b04ccda46e94744710ad9c,4,NA,NA,NA,Steel,Action Song,character(0),NULL,Jennifer Park,"I don't ask how hard the work is
Got a rough, indestructible surface"
crd_5056d5a4da8e4d9bb329620e1e77329b,1,NA,NA,NA,Steel,Action,character(0),NULL,Matt Chapman,"Captain Hook: ""Double the powder and shorten the fuse!""
Mr. Smee: ""Shorten the powder and double the fuse!"""
crd_0f4ad89d1f5348b0ae5b8d6010dc70d9,3,NA,NA,NA,Steel,Action Song,character(0),NULL,Jared Nickerl / Alex Accorsi,"Tranquil as a forest
But on fire within"
crd_3145e83418b2482291dc9687d76a4057,10,NA,NA,NA,Steel,Action Song,Sing Together,NULL,Ian MacDonald,NA
crd_d23121463b6b482ab4af10faa55ba4ba,2,NA,NA,NA,Steel,Item,character(0),NULL,Samanta Erdini,"Ashamed of his monstrous form, the Beast concealed himself inside his castle, with a magic mirror as his only window to the outside world."
crd_f2169b618849493a969102f760825622,2,NA,5,0,Steel,Location,character(0),NULL,Jeremy Adams,Nothing but boulders and sand—easy to miss.
crd_61593ca4abb44723ae95ab9228e27aee,3,2,4,1,Amber,Character,Support,"c(""Storyborn"", ""Villain"", ""Queen"", ""Sorcerer"")",Eri Welli,NA
crd_d292fcaa144d4f739bda2c14948da2ce,1,1,2,1,Amber,Character,character(0),"c(""Storyborn"", ""Hero"", ""Princess"")",Jeanne Plounevez,The other princesses were especially happy to attend her long-awaited celebration.
crd_6ccc388f32064927a08d9914aad4bc8f,2,2,3,1,Amber,Character,character(0),"c(""Storyborn"", ""Hero"", ""Alien"")",Aisha Durmagambetova,"Moving to the music, he begins to understand the true meaning of ohana and how he fits into the family he has found."
crd_48ccbae93afd4032a54bf09f03f6a0c2,3,3,3,1,Amethyst,Character,character(0),"c(""Dreamborn"", ""Villain"", ""Sorcerer"")",John Loren,The secret contract has already been written.
crd_21489dcd479a4d209a1b740f356fff6f,2,1,2,1,Amethyst,Character,character(0),"c(""Storyborn"", ""King"")",Michaela Martin,So there I was. Perfectly in control of the situation.
crd_2b5958e1524648629b663fb210bb7f76,3,2,3,1,Amethyst,Character,character(0),"c(""Dreamborn"", ""Hero"", ""Queen"", ""Sorcerer"")",Nicholas Kole,"Recreated by magical ink, Elsa found herself in an entirely new world. Fortunately, ice works the same way everywhere."
crd_bc96b5e1045e45a38da57c302c634ba2,2,2,2,1,Emerald,Character,character(0),"c(""Storyborn"", ""Hero"")",Carlos Ruiz,NA
crd_5623b1aaf330477aa9d14cd755597509,1,1,1,1,Emerald,Character,Evasive,"c(""Storyborn"", ""Ally"")",Brian Weisz,"""His name is Pegasus. And he's all yours...""
—Zeus"
crd_7b7cb2bd63084cf6942b7174b07be8c0,3,NA,NA,NA,Emerald,Action Song,character(0),NULL,Raquel Villanueva,NA
crd_4d1c2c4913d1417294da21592cee8363,3,4,3,1,Ruby,Character,Singer,"c(""Storyborn"", ""Hero"")",Stefano Spagnuolo,NA
crd_e234293cec8f422eb1d613594771e5ee,3,4,3,1,Ruby,Character,character(0),Storyborn,Kenneth Anderson,"For the first time ever, we're seeing it eye to eye."
crd_d47a329c9f87420c8c2714ea6f7fffde,4,NA,NA,NA,Ruby,Action Song,character(0),NULL,Emily Abeydeera,"Respected, saluted"
crd_54148f51de174f4a93a475eec138365e,4,2,3,2,Sapphire,Character,character(0),"c(""Storyborn"", ""Hero"")",Ellie Horie,NA
crd_d911158c4175449e9814484f3c5adb06,2,1,4,1,Sapphire,Character,character(0),"c(""Storyborn"", ""Hero"", ""Queen"")",Maria Dresden,"After talking to Olaf, Anna marched into the unexpected storm to save Kristoff."
crd_2124e542c7de4cadb69cb6e1887547ee,4,2,5,1,Sapphire,Character,character(0),"c(""Storyborn"", ""Villain"", ""Queen"", ""Sorcerer"")",Jennifer Gheduzzi / Livio Cacciatore,"She has only one question, and she'd better like the answer."
crd_888f26474eba4f569f94c99251eddf06,2,1,3,1,Steel,Character,character(0),"c(""Dreamborn"", ""Hero"")",Noukah,"""Capable? You don't know the half of it."" —Little John"
crd_a78a6d864bae48dca06ed1dc25e75e3f,2,1,3,1,Steel,Character,character(0),"c(""Storyborn"", ""Hero"")",Mariana Moreno,He sets the standard for intrepid adventurers everywhere.
crd_ae1714b13cbc42a4a83ec36fee365526,3,NA,NA,NA,Steel,Action Song,character(0),NULL,Alice Pisoni,NA
crd_c233fd3627b24b02bd616aa62bbdc83a,3,3,2,1,Amber,Character,character(0),"c(""Storyborn"", ""Hero"")",Kenneth Anderson,NA
crd_8016f590ebb344a2934d76f614fedbba,5,5,4,1,Amber,Character,character(0),"c(""Storyborn"", ""Hero"", ""Prince"")",Ian MacDonald,NA
crd_ee377c93c09341fe808b8582cbded0f2,8,NA,NA,NA,Amber,Action Song,Sing Together,NULL,Alice Pisoni,NA
crd_c51b6a26015b45f298d1664787f37234,5,4,4,2,Amethyst,Character,Shift,"c(""Floodborn"", ""Hero"", ""Princess"", ""Sorcerer"")",Giulia Riva,NA
crd_69d9b22e10244e2fb65ffbdb5f99da83,5,5,5,2,Amethyst,Character,character(0),"c(""Dreamborn"", ""Hero"", ""Sorcerer"", ""Hunny"")",Carlos Ruiz,NA
crd_aa13ad9fe176464bac51e72c45dd6914,4,3,3,1,Amethyst,Character,Evasive,"c(""Storyborn"", ""Hero"")",Anna Stosik,NA
crd_aed92d8e19b14ef19a92fb436dde357c,4,2,3,2,Emerald,Character,Evasive,"c(""Dreamborn"", ""Ally"")",Grace Tran,NA
crd_b5087f60fdf4442686a00fb4243fcf48,6,4,5,2,Emerald,Character,Shift,"c(""Floodborn"", ""Hero"")",Federico Maria Cugliari,NA
crd_d72f9b00497a4ff0ac7ddb0f85da659d,3,3,4,1,Emerald,Character,character(0),"c(""Storyborn"", ""Hero"", ""Captain"")",Mariana Moreno,NA
crd_e6a1d03334964fb78033020d86a5f502,3,2,3,1,Ruby,Character,Evasive,"c(""Dreamborn"", ""Hero"", ""Princess"")",João Moura,NA
crd_be9c85638bda44878c44cf4cc7e7cfb0,6,6,4,2,Ruby,Character,character(0),Floodborn,Max Ulichney,NA
crd_d2d94d7cffe349d9a618f8bdb6695f29,9,NA,NA,NA,Ruby,Action Song,Sing Together,NULL,Jochem van Gool,NA
crd_08b670dabf3b4ff0a56cb4525b0b57db,5,3,5,2,Sapphire,Character,character(0),"c(""Storyborn"", ""Hero"", ""Princess"")",Aubrey Archer,NA
crd_f5d62175b09243eda1bf9f34ea01d884,3,2,3,1,Sapphire,Character,character(0),"c(""Storyborn"", ""Villain"")",Alex Accorsi,NA
crd_050ae6da90154532905911c8c2569802,7,3,6,2,Sapphire,Character,character(0),"c(""Dreamborn"", ""Villain"", ""Deity"")",LadyShalirin,NA
crd_fbccd8fc95fa45009665824b0731c3d3,3,2,2,1,Steel,Character,character(0),"c(""Storyborn"", ""Hero"")",Kuya Jaypi,NA
crd_3d02b1019aa34f70b5e0da64191d9326,5,5,4,2,Steel,Character,character(0),"c(""Storyborn"", ""Villain"", ""King"")",Jeanne Plounevez,NA
crd_7e0b8f2e97fc4d6ca8badbb552024f58,5,3,7,2,Steel,Character,character(0),"c(""Storyborn"", ""Hero"", ""Princess"")",Juan Diego León,NA
crd_77b92f4bb7d2460ea85b9d547cb8e72f,4,2,4,2,Amber,Character,character(0),"c(""Dreamborn"", ""Hero"", ""Princess"")",Alice Pisoni,NA
crd_4d10d4cd91454ff389318fd9a19a879f,3,2,2,1,Ruby,Character,Shift,"c(""Floodborn"", ""Hero"", ""Prince"")",Nicola Saviori,NA
crd_9149ad820976479daad901fbd5bb1679,6,3,8,2,Amber,Character,"c(""Bodyguard"", ""Support"")","c(""Storyborn"", ""Ally"")",Amanda Duarte / Julio Cesar,NA
crd_429e35bda1a141a9870b8943f8847109,2,3,3,1,Amber,Character,character(0),"c(""Storyborn"", ""Villain"", ""Whisper"")",Nicholas Kole,NA
crd_70ae5f21fa1347b49ee910683e34d90e,2,1,2,1,Amber,Character,Support,"c(""Dreamborn"", ""Hero"", ""Princess"")",Jackie Droujko,NA
crd_b29df88a89414f9cb5ad2f74b7fd428c,6,5,10,1,Amber,Character,character(0),"c(""Storyborn"", ""Ally"")",Gabriel Quinn / Jules Dubost,"Manny was looking to get ahead, but he'd never considered that something in the Inkwell Caverns was looking for him."
crd_0511a324cc744453bb56c0d34d8f8d2a,1,2,2,1,Amber,Character,character(0),"c(""Dreamborn"", ""Ally"", ""Detective"")",Narges Jafari,"The paper trail led me to this bench, in this park. I'll have to keep an eye peeled for my quarry. The Littering Loiterer won't give me the slip this time!"
crd_aa590039809f41f6b67c833b1fba999c,3,3,4,1,Amber,Character,Bodyguard,"c(""Storyborn"", ""Ally"")",Andrea Femerstrand,"He's determined to protect his friends, no matter what forms they take."
crd_495426e5c16b4039977439b3c7a9b9e2,1,2,1,1,Amber,Character,Support,"c(""Storyborn"", ""Ally"", ""Princess"")",Pix Smith,"""If you want to come with me, you may."""
crd_c44b5e749e584c13a821007c6dce1cec,3,4,3,1,Amber,Character,character(0),"c(""Storyborn"", ""Hero"")",Adam Fenton,"""Curse me kilts, have I missed trouble!"""
crd_5608e887343c4adbadaacf7ba7379ff0,3,1,6,1,Amber,Character,character(0),"c(""Storyborn"", ""Ally"")",Lauren Levering / Patri Balanovsky,"""If I'm correct, and I know I am, these are the plants from chapter 6 of Hana's Herborium."""
crd_9b85042e33b2405e923af72d271b377e,2,2,3,1,Amber,Character,character(0),"c(""Storyborn"", ""Ally"")",McKay Anderson,"In its reflection he could see the future: Moments from now, they'd be less hungry."
crd_a935c6ef1e2c459e8f5ae49d95c044b2,4,2,6,1,Amber,Character,Bodyguard,"c(""Storyborn"", ""Ally"")",Rosa la Barbera / Livio Cacciatore,Initiator of the STOP protocol: Strategic Termination of Progression.
crd_bd27b70ddc3540489c47c824128ec53f,3,4,4,1,Amber,Character,character(0),"c(""Storyborn"", ""Ally"")",Brian Weisz,"He had seen many strange things in the Mysterious Ruins, but the glowing river was the most concerning. It looked and moved like water but somehow felt... different."
crd_656fee63050e47b8aa6d9c9a732ca5a6,3,0,5,2,Amber,Character,Singer,"c(""Storyborn"", ""Ally"")",Casey Robin,"Her song winds through the forest, the gentle melody soothing the hearts of all who hear it."
crd_08f33a2464654944a7424e6b5971033c,3,3,4,2,Amber,Character,character(0),"c(""Dreamborn"", ""Ally"")",Sergio Mancinelli,NA
crd_8f86e553eb5c40dc8833c69b23a732ff,5,5,5,2,Amber,Character,Support,"c(""Storyborn"", ""Hero"")",Alejandro Hernandez,NA
crd_8318e877bb544f51831367a559189e22,2,1,1,3,Amber,Character,character(0),"c(""Storyborn"", ""Ally"")",Laura De Pascale,"""A fine mess you've gotten yourself into this time, Sebastian. If the Sea King finds out something's wrong with Ariel before we find a way to fix it, you really will be in hot water!"""
crd_43c967fc98154d6f86b8ac05b8953c10,4,3,4,2,Amber,Character,character(0),"c(""Storyborn"", ""Hero"", ""Princess"", ""Whisper"")",Clio Wolfensberger,NA
crd_6da6c21dbc834a55b8b49e039c0e3c52,6,4,7,2,Amber,Character,Shift,"c(""Floodborn"", ""Hero"")",Giulia Riva,NA
crd_8cb497be95844e9ba41be7ed0e6aa2e2,2,1,2,1,Amber,Character,character(0),"c(""Storyborn"", ""Hero"")",Casey Robin,This place is just a different kind of jungle.
crd_01ba964bb84745b09a29da266cddccfd,7,5,5,3,Amber,Character,character(0),"c(""Storyborn"", ""Hero"", ""Prince"", ""Whisper"")",Koni,NA
crd_0615d3c29a3f4d5bb9c23c6f87a052dc,4,4,5,1,Amber,Character,character(0),"c(""Dreamborn"", ""Hero"", ""Detective"")",Janel Reh,"""If you wanna beat a ghost, you gotta think like a ghost."""
crd_93548601e4fd42fcb0d385947c09fc8e,4,2,5,2,Amber,Character,character(0),"c(""Storyborn"", ""Ally"")",Jiahui Eva Gao,"""I promise I'm coming home, somehow. Nothing can stop Della Duck!"""
crd_46402c967ba24a1ca2ea62cb69f3b243,4,2,5,1,Amber,Character,character(0),"c(""Dreamborn"", ""Hero"")",Lisa Parfenova,NA
crd_70871546bb2548d094e4cd171efb603f,8,5,7,3,Amber,Character,Shift,"c(""Floodborn"", ""Hero"", ""Detective"")",Giacomo Boni,NA
crd_089f8cf3f74944b5ad3c64b25adc7886,5,3,8,1,Amber,Character,Singer,"c(""Dreamborn"", ""Ally"")",Celeste Jamneck,NA
crd_3945ef0eb7ba41b8b1c9382bf3380579,4,NA,NA,NA,Amber,Action,character(0),NULL,Rubin Chung,"Judy: ""Wait, are these lorebook pages?""
Nick: ""Looks like it, Carrots. Maybe that's where the whispers come from!"""
crd_a6fe0f1466334c1abc4a7cda49a6db08,3,NA,NA,NA,Amber,Action Song,character(0),NULL,Carlos Gomes Cabral,"Every day they're out there making
DuckTales! Woo-oo!"
crd_ebc01607e02e4421b658f6fbe90a97ca,2,NA,NA,NA,Amber,Action Song,character(0),NULL,Beatrice Blue / Otto Paredes,Life is strange and vast
crd_47696b283a634a63be19e785284804a6,3,NA,NA,NA,Amber,Action,character(0),NULL,Jaime Puga,Just when you thought you'd escaped...
crd_f682ac8152d24a3192669d92bb1f22d0,2,NA,NA,NA,Amber,Item,character(0),NULL,Kasia Brzezinska,NA
crd_553961389abc4bd4b49cc302ee271ba8,3,NA,NA,NA,Amber,Item,character(0),NULL,Julie Vu,"""A girl needs a place to put her innermost thoughts and feelings—not to mention trap designs!"" —Webby"
crd_02bc7b97b6044592b68b86b9afadd113,3,NA,NA,NA,Amber,Item,character(0),NULL,Kaitlin Cuthbertson,NA
crd_ef6c610fc243499c894239a4f0d50c00,2,NA,NA,NA,Amber,Item,character(0),NULL,Marco Giorgianni,NA
crd_516d19ec66bf46689607d453ce6f267d,2,NA,6,0,Amber,Location,character(0),NULL,Nevena Nikolcheva,NA
crd_7667c79b34784802930a659a5c904ccf,4,2,3,2,Amethyst,Character,character(0),"c(""Dreamborn"", ""Hero"")",Lisa Parfenova,NA
crd_a639524bb8704134a25060ad9d7799b4,4,3,4,2,Amethyst,Character,Shift,"c(""Floodborn"", ""Villain"", ""King"", ""Sorcerer"")",Julian del Rey,NA
crd_69ea9fcabac1418eae3f2dc3a51254bf,5,4,3,2,Amethyst,Character,Evasive,"c(""Storyborn"", ""Ally"", ""Dragon"")",João Moura,NA
crd_f2535ab8555e4cc3bcd5cf3f5ff022e1,1,2,2,1,Amethyst,Character,character(0),"c(""Storyborn"", ""Villain"", ""King"", ""Sorcerer"")",Kevin Sidharta,"""Untried courage is no match for his evil.""
—Dallben"
crd_3675f8f0ce8e461e8bd1e3f89a63d590,5,6,7,1,Amethyst,Character,character(0),Storyborn,Kendall Hale,"""My beloved warriors have come to life! All the dead of centuries past! Never has anyone created an army like this!""
—The Horned King"
crd_35f7836ceed84e21ba7cfdde813d73bc,4,4,6,1,Amethyst,Character,Challenger,"c(""Storyborn"", ""Villain"", ""Gargoyle"", ""Sorcerer"")",Alice Pisoni,NA
crd_6f5c4ee5c5ee4479be8ad253eb275033,3,3,4,1,Amethyst,Character,character(0),"c(""Storyborn"", ""Villain"", ""Sorcerer"")",Brian Kesinger,"""My power is still not enough. I need something more. Something... shadowy."""
crd_041e41c6ea3349e6a3734dd749f9543e,4,3,3,2,Amethyst,Character,character(0),"c(""Storyborn"", ""Ally"", ""Sorcerer"")",Mara Tango,"""This is a strange kind of magic. These 'whispers' seem independent, but they're still incomplete."""
crd_93fe86cf6bea47328896bd5ff2560694,2,0,2,1,Amethyst,Character,Challenger,"c(""Storyborn"", ""Ally"")",Renée Chio,That does it—now I'm really ticked off!
crd_6e4756264eee4c9a8e6043984cba2c1d,2,3,1,1,Amethyst,Character,Evasive,"c(""Storyborn"", ""Ally"")",Lauren Levering,"At last, an opportunity to earn my Mysterious Ruins Exploration badge!"
crd_df577add2294407d8594959234177041,3,1,3,1,Amethyst,Character,character(0),"c(""Dreamborn"", ""Hero"", ""Queen"", ""Sorcerer"")",Clio Wolfensberger,"""This world still has secrets to uncover."""
crd_27a72e72f78d4fb6812740625edf9f79,4,4,4,2,Amethyst,Character,character(0),"c(""Storyborn"", ""Ally"", ""Dragon"")",Giorgio Di Santo,"""I'm the scariest thing in this forest. That pumpkin head should be scared of me!"""
crd_8fc9a082fe1d49d0a81867c9665b00b2,3,3,1,2,Amethyst,Character,Rush,"c(""Storyborn"", ""Ally"", ""Ghost"")",Brian Kesinger,NA
crd_c7e80f6c5dbe488380403f55cd22784a,4,3,3,2,Amethyst,Character,character(0),"c(""Storyborn"", ""Ally"")",Isabella Ceravolo,"""That was fun! Let's do it again!"""
crd_133b244940a04f5cb851d8f179fcd91a,2,2,2,1,Amethyst,Character,character(0),"c(""Storyborn"", ""Villain"", ""King"", ""Sorcerer"")",Dev Madan,"""Only moments away from victory."""
crd_872fb0e1ed4740b3bac30565ba52e9a2,6,5,4,4,Amethyst,Character,character(0),"c(""Storyborn"", ""Ally"")",Alejandro Hernandez,"""Yes! Things are going exactly as sire planned. Soon the cauldron will be ours—I mean his."""
crd_988e3140d13242c5b38ba85e86702f91,5,5,4,2,Amethyst,Character,character(0),"c(""Storyborn"", ""Ally"", ""Gargoyle"")",Cam Kendell / Alejandro Hernandez,"""It's alive! Alive! I've always wanted to say that."" —Xanatos"
crd_e209409eb89242b58b08601654b417dc,5,3,6,2,Amethyst,Character,character(0),"c(""Storyborn"", ""Villain"", ""Sorcerer"")",Matteo Marzocco,"""I am the stuff of nightmares lurking in the hidden recesses of your mind!"""
crd_217c6bfcdfaa48be949cb14f7ef7a862,3,3,3,1,Amethyst,Character,character(0),"c(""Storyborn"", ""Ally"")",Rosa la Barbera / Livio Cacciatore,NA
crd_c8b3b3f1c90f441ca2eab63ef98d79cf,7,7,7,1,Amethyst,Character,Shift,"c(""Floodborn"", ""Villain"", ""Sorcerer"")",Rebecka Helmersson,NA
crd_a6116dcba33643b9a31897960a2267f1,6,5,6,2,Amethyst,Character,character(0),"c(""Storyborn"", ""Villain"", ""Gargoyle"", ""Sorcerer"")",Leonardo Giammichele,NA
crd_d4514592d27b40cca5821f510aea2db2,5,3,4,1,Amethyst,Character,character(0),"c(""Storyborn"", ""Villain"", ""Deity"")",Javi Salas,"""I'm kind of on a schedule here—I got plans for August."""
crd_e9f12c944cfb48bb98fc1a02e87bb6db,1,2,1,1,Amethyst,Character,character(0),"c(""Storyborn"", ""Ally"")",Matteo Marzocco,"""Here, hold this while I get help. Try not to go anywhere."""
crd_7e7bbc5fda91421c9950368d5fee65ad,2,0,3,2,Amethyst,Character,character(0),"c(""Storyborn"", ""Mentor"", ""Sorcerer"", ""Whisper"")",Gaku Kumatori,NA
crd_340e919c6c0647b89636411cc834debc,5,4,5,2,Amethyst,Character,character(0),"c(""Storyborn"", ""Villain"", ""Sorcerer"", ""Whisper"")","Angelina ""Spikie"" Ricardo",NA
crd_19c39ba1fb674390bbb747f8cdcaa9c3,3,3,4,1,Amethyst,Character,character(0),"c(""Storyborn"", ""Whisper"")",Alice Pisoni,NA
crd_34f44dc8dcef41ba9b4c4f23f9720ff6,3,NA,NA,NA,Amethyst,Action,character(0),NULL,Agathe Molin,"""Alakazam, alakazook, send this page back to its book!"""
crd_217ec805ad494104bcdd188e2a38dbb3,4,NA,NA,NA,Amethyst,Action Song,character(0),NULL,E. Melaranci / Mario O. Gabriele,NA
crd_c285a7ee2f8644b3a286c71d28dabaa6,1,NA,NA,NA,Amethyst,Action,character(0),NULL,Gabriel Nascimento,You could try to run...
crd_222374c54b4848939d442c144758404e,2,NA,NA,NA,Amethyst,Action,character(0),NULL,Patri Balanovsky,"""Listen, fellas, it's a real 'what have you done for me lately' business. So give me something to work with here!"""
crd_84584c67578c4843a7aa845642566259,3,NA,NA,NA,Amethyst,Action Song,character(0),NULL,Janel Reh,NA
crd_531cdf5a74f047b29e6129e583b12aa3,2,NA,NA,NA,Amethyst,Item,character(0),NULL,Francesca Risoldi,"""How come ghosts get a whole section, but not were-ducks?!""
—Huey"
crd_026c97ceb5a740ad879cc16ffc0d6116,3,NA,NA,NA,Amethyst,Item,character(0),NULL,Irish Chua,NA
crd_f0a21489090449a4af62aa6f09ad9552,2,NA,3,1,Amethyst,Location,character(0),NULL,Priya Kakati,"""Remember, we're looking for clues to who tore up the lorebook pages."" —Elisa Maza"
crd_d7134801fdd04fb6bf20166667a14f20,2,2,4,1,Emerald,Character,character(0),"c(""Storyborn"", ""Ally"")",Laura Pauselli,"""I tell ya, for a spooky forest, this place is all right. Plenty of berries, lots of trees for back-scratching... A bear could do a lot worse."""
crd_204b70ea506f41b6b6c01bc04ea2b4b0,1,1,3,1,Emerald,Character,character(0),"c(""Storyborn"", ""Ally"")",Jochem van Gool,"""Thou art pretty as a brawl
Thy hair's as dark as a moonless night
Thy cheeks the red of leaves in fall—
I love to sit and watch you fight"""
crd_478ffd8c6de24f6c8beda8f4863b7154,3,4,2,1,Emerald,Character,Evasive,"c(""Storyborn"", ""Ally"")",Ricardo Caria,"""You're in our world now."""
crd_f4468086528c47d289a18c4681699d76,3,3,2,2,Emerald,Character,Ward,"c(""Storyborn"", ""Villain"")",Sergio Mancinelli,"""It's bessst to play it s-ssafe."""
crd_0b5b8900e91c47b482e5032c1490dccf,1,1,2,1,Emerald,Character,character(0),"c(""Storyborn"", ""Ally"")",Rosa la Barbera / Livio Cacciatore,"""It's happening! IT'S HAPPENING! There's a whisper nearby, and I get to see it!"""
crd_c9465de418104f1fab0483d5c168266b,1,1,2,1,Emerald,Character,character(0),"c(""Storyborn"", ""Ally"")",Mario Oscar Gabriele,NA
crd_86a728449c4a46b7862052f531d3cea4,6,5,6,2,Emerald,Character,character(0),"c(""Storyborn"", ""Ally"")",Jochem van Gool,His commitment to excellent craftsmanship is unparalleled.
crd_6337614f5664420999e442e0bfa1dd31,4,1,4,3,Emerald,Character,character(0),"c(""Storyborn"", ""Villain"")",Mike Parker,"""Long live Glomgold! Glomgold! Glomgold!"""
crd_9228d591151a4ba0a1e577d19d9e38f9,7,6,6,2,Emerald,Character,character(0),"c(""Storyborn"", ""Ally"")",Ricardo Caria,"""You're coming with us."""
crd_0c447e6056964c328c30b4ddb32d8148,5,6,5,2,Emerald,Character,character(0),"c(""Storyborn"", ""Ally"")",Jochem van Gool,"""You're a strange lookin' glimmer, ain'tcha?"" he said to the whisper lingering uncertainly in the doorway. ""Welcome to the Snuggly Duckling!"""
crd_69900a654e7d428186915334266a7e8c,7,6,7,3,Emerald,Character,Evasive,"c(""Storyborn"", ""Villain"")",Mariana Moreno,It's hard to tell where the branches end and the snake begins.
crd_9309b1cf13e545c2a5ef5292f2ffae01,2,2,2,1,Emerald,Character,character(0),"c(""Storyborn"", ""Ally"")",Mario Oscar Gabriele,"""Hana's Herborium? The book that Illumineer wrote? Our only copy has been checked out, sadly."""
crd_e24a3ebbac57485091abad86f0e5064f,1,1,2,1,Emerald,Character,character(0),"c(""Storyborn"", ""Hero"", ""Prince"", ""Whisper"")",Gaku Kumatori,NA
crd_5c98a0c3b0924e90bb20d53354594c02,4,3,3,2,Emerald,Character,character(0),"c(""Storyborn"", ""Villain"")",Kenneth Anderson,"""I will have sweet revenge!"""
crd_5380e792419f4668ad25176094c6e667,4,4,4,1,Emerald,Character,character(0),"c(""Storyborn"", ""Ally"")",Aristeidis Zentelis,"""You can't spell 'crash-landed' without 'landed'!"""
crd_b3484a7d91f949b485eb269bcb2d9975,5,7,6,2,Emerald,Character,character(0),"c(""Storyborn"", ""Alien"")",Mike Parker,"""You will treat the vastly superior Moon with respect, or you will suffer the ultimate consequence."""
crd_7858350d79594f45aa4a11625f300b31,5,4,5,2,Emerald,Character,Shift,"c(""Floodborn"", ""Ally"")",Luis Huerta,NA
crd_fb78388845f54934a97c596a774bb98f,3,3,4,1,Emerald,Character,character(0),"c(""Storyborn"", ""Ally"", ""Whisper"")",Pauline Voss,NA
crd_eaa7f672c1fe4c099ec6fda242d6aa13,3,3,4,1,Emerald,Character,character(0),Storyborn,Jiahui Eva Gao,NA
crd_3a25fa761fb34e3d96aacc65d82eb2af,6,5,4,2,Emerald,Character,Evasive,"c(""Storyborn"", ""Villain"")",Luis Huerta,NA
crd_4572c32844ee48398f43a1c7aa86826d,2,0,2,2,Emerald,Character,character(0),"c(""Storyborn"", ""Hero"")",Federico Maria Cugliari,NA
crd_37c56a7dac1a492499e021595eda74a7,3,2,5,1,Emerald,Character,character(0),"c(""Storyborn"", ""Ally"")",Shavrin Ivan,"""Follow me, if you can,"" Akela said, bounding into the Bitterwood. ""The hunt is on!"""
crd_eade7bfcfdcf4189a0cc13d7ca4bb7ae,5,3,5,2,Emerald,Character,character(0),"c(""Dreamborn"", ""Hero"")",Lisa Parfenova,NA
crd_b3668f2df08949359912fa775c750a52,6,4,5,3,Emerald,Character,character(0),"c(""Storyborn"", ""Ally"", ""Whisper"")",Nicholas Kole,NA
crd_58ae0148760646e99f9394011ca1cbb9,4,2,4,2,Emerald,Character,Shift,"c(""Floodborn"", ""Ally"")",Jon Densk / Hayley Evans,NA
crd_758f17fbfa45410ab196cc29a03a4c45,2,NA,NA,NA,Emerald,Action,character(0),NULL,Valentina Graziuso,He's a patient merman—up to a point.
crd_a8554e2076074a8599f09e171436ac14,6,NA,NA,NA,Emerald,Action Song,character(0),NULL,Hadjie Joos,NA
crd_1b74cd74b69f4a369ce0a8af4cb21e10,1,NA,NA,NA,Emerald,Action,character(0),NULL,Grace Tran,"Mickey: ""What IS that thing?!""
Goofy: ""It's hungry, that's what!"""
crd_7039c6bce8754b01894d3d1e7868b6b2,3,NA,NA,NA,Emerald,Action Song,character(0),NULL,Marcelo Vignali,My sneer could curdle dairy
crd_9df06512bc4c4b928c62b8d263e2bf51,3,NA,NA,NA,Emerald,Item,character(0),NULL,Nicolas Ky,NA
crd_9c1be117f6004fffaa9455c468395bf7,3,NA,NA,NA,Emerald,Item,character(0),NULL,Jessen Cao,"Nick: ""What kind of nonsense is this?""
Judy: ""These symbols must mean something..."""
crd_d774288aca6149239c554da4daab38b4,2,NA,NA,NA,Emerald,Item,character(0),NULL,Rizal Badar,"""Whoever's room this was, I think we just found their inkcaster."" —Shanzay, an Illumineer"
crd_e3db74a687664c44971134d8a326fa68,2,NA,NA,NA,Emerald,Item,character(0),NULL,Simone Buonfantino,NA
crd_4296f5bd9774451e920827cc374b8981,2,NA,7,0,Emerald,Location,character(0),NULL,Maximillien Borie,NA
crd_65729f741f574e078711c5cec14ee087,2,3,3,2,Ruby,Character,character(0),"c(""Storyborn"", ""Ally"")",Giulia Iacopini / Livio Cacciatore,"""Be careful when gathering herbs in the Inkwell Caverns. You never know who's watching.""
—Hana's Herborium"
crd_1b9b2bd814d249f2ab8ae1db9949c045,2,3,3,0,Ruby,Character,Reckless,"c(""Storyborn"", ""Deity"")",Kiersten Hale,NA
crd_9868e624b438444a9cdf1f4ef0878547,3,1,3,2,Ruby,Character,Evasive,"c(""Storyborn"", ""Hero"")",Marcel Berg,"""Wanna race? Last one through the Inkwell Caverns is a codfish!"""
crd_ce9fa671bcbf4f63a3c79ab1f117d098,1,3,1,1,Ruby,Character,character(0),"c(""Storyborn"", ""Ally"", ""Fairy"")",Devin Elle Kurtz,"""Okay, now we know pixie dust doesn't affect the torn lorebook pages. Thanks, Tink.""
—Venturo, an Illumineer"
crd_2e40c49df1cd47a8ace3dfcb6bec1741,3,5,3,1,Ruby,Character,character(0),"c(""Storyborn"", ""Ally"")",Shavrin Ivan / Jaime Puga,"Her name means ""protection,"" and she'll do anything to defend the cubs under her care."
crd_92a9208587e145dc808634c7d82007ef,2,3,3,1,Ruby,Character,character(0),"c(""Storyborn"", ""Villain"")",Mariana Moreno,"""Jungle or forest, it doesn't matter. I'd recognize the scent of man anywhere."""
crd_869c25119c0747c7a1de1cdbfff70eb0,6,6,6,2,Ruby,Character,character(0),"c(""Storyborn"", ""Ally"")",Shavrin Ivan,"With cubs to protect, any strange sound must be investigated."
crd_3450ebee9acb4c258e0d161ca6c77010,1,2,1,1,Ruby,Character,character(0),"c(""Storyborn"", ""Villain"", ""Sorcerer"")",Malia Ewart,"""The world is a cruel place, and sometimes you've got to be a little cruel to get by."""
crd_9c86af4392a04099982e5f11127d8c6c,4,6,4,1,Ruby,Character,character(0),Storyborn,Celeste Jamneck,"She danced the night away, hoping to find someone who could keep up with her."
crd_54dc293b739a4ed0afb598fa0484eaf6,3,3,3,1,Ruby,Character,Rush,"c(""Storyborn"", ""Deity"")",Rodrigo Camilo,"""What do you mean, 'late'? Kid, I was ahead of my time before time was invented."""
crd_4686c4ed63c846719806ece46f1cc106,2,3,2,1,Ruby,Character,character(0),"c(""Storyborn"", ""Hero"", ""Prince"", ""Whisper"")",Juan Diego León,NA
crd_69fabb81a4894f389aea9207733a28c6,3,6,4,0,Ruby,Character,Reckless,"c(""Storyborn"", ""Ally"", ""Gargoyle"")",Michaela Martin / Livio Cacciatore,NA
crd_0a3d4d70ca5f45bfa3642a425a4943f9,5,5,3,1,Ruby,Character,Shift,"c(""Floodborn"", ""Ally"", ""Fairy"")",Malia Ewart,NA
crd_c587751a496c4f5f9c199ca81459e231,6,5,5,2,Ruby,Character,character(0),"c(""Storyborn"", ""Villain"")",Randy Bishop,NA
crd_c8a9d4fc3bd241468dc26f8415bea95a,6,6,4,2,Ruby,Character,character(0),"c(""Storyborn"", ""Villain"", ""Prince"")",Josh Black / Alejandro Hernandez,NA
crd_ee4bc5f80eb74a19b749e0b31be7d920,4,5,3,2,Ruby,Character,character(0),"c(""Storyborn"", ""Hero"", ""Prince"", ""Deity"")",Amanda MacFarlane,NA
crd_5cf26c9115a64c96a22f5151714cbc61,4,5,5,1,Ruby,Character,character(0),"c(""Storyborn"", ""Hero"", ""Gargoyle"")",Max Grecke,NA
crd_07d54e366c0548e6890cee09e3eaa032,2,3,2,1,Ruby,Character,Evasive,"c(""Storyborn"", ""Ally"", ""Gargoyle"")",Cam Kendell,"""If they think we're beasts and monsters..."""
crd_a9118586fa7c492bbe23ad34b60dcc57,4,4,4,1,Ruby,Character,character(0),"c(""Dreamborn"", ""Hero"")",Lisa Parfenova,NA
crd_78d6ec7c65b746efaec6c74337bdb84d,3,4,3,1,Ruby,Character,character(0),"c(""Storyborn"", ""Hero"", ""Detective"")",Paloma Sauvage,"""Now, you can let me look the place over, or I can come back with a warrant and a lot more cops. Your call."""
crd_6c9828a835ab4902adfb20bd744bf3a6,3,4,4,0,Ruby,Character,Reckless,"c(""Storyborn"", ""Hero"", ""Whisper"")",E. Melaranci / Mario O. Gabriele,NA
crd_5e356ee21c484c87bcd2f4197dc637ac,5,5,4,2,Ruby,Character,character(0),"c(""Storyborn"", ""Villain"", ""Whisper"")",Mariana Moreno,NA
crd_e50f2393108947e785165163324df9e2,5,4,2,2,Ruby,Character,character(0),"c(""Storyborn"", ""Villain"")",Andrew Chesworth,NA
crd_775c04f987c24e39bcd8cda88d20d2ab,3,4,2,1,Ruby,Character,character(0),"c(""Storyborn"", ""Hero"", ""Princess"")",Nicoletta Baldari / Raquel Vilanueva,NA
crd_8f73a6eed2b94aae85021a25eaa083fc,4,5,4,1,Ruby,Character,character(0),Storyborn,Aisha Durmagambetova,"""Hold on, schoolmaster! That's a mighty big book. Let me take that for you!"""
crd_024a30a70f624c58bc3219532ffdd37c,8,8,8,2,Ruby,Character,Shift,"c(""Floodborn"", ""Villain"")",Roger Pérez,NA
crd_9072eca9a2d74193b9beb9527d6fec2d,2,NA,NA,NA,Ruby,Action,character(0),NULL,Simone Buonfantino,NA
crd_898936239d774f7199fa2911d1528878,1,NA,NA,NA,Ruby,Action,character(0),NULL,Sebastian Pinson,"Run scared if you must—but whatever you do, RUN!"
crd_a34fbc1360b340faa269ab2347af7ee1,3,NA,NA,NA,Ruby,Action,character(0),NULL,Matthew Robert Davies,"""What are you doing here when there's a rogue horseman out there? Have you lost your head?"" —Gaston"
crd_7724545f54ee47aaadb5ea5aee9cd92e,4,NA,NA,NA,Ruby,Action,character(0),NULL,Sara Storino,"Brom emphasized every frightful detail, determined to scare his rival."
crd_c5d9b54870104360b88dfd59bbb28af5,5,NA,NA,NA,Ruby,Action,character(0),NULL,David Otalora / Xavi Planas,Never underestimate the wrath of a dragon.
crd_26b89746756b40979ee1a9885c8e3f5b,1,NA,NA,NA,Ruby,Item,character(0),NULL,Brookes Eggleston,NA
crd_d694639a68614bcc8d3a482c1f5c5da1,4,NA,7,1,Ruby,Location,character(0),NULL,Maximillien Borie,NA
crd_98339be4f48249779fb2ae2de3e9b757,3,NA,6,0,Ruby,Location,character(0),NULL,Jimmy Lo,NA
crd_23a4b454b25c4c2f98c8e42664bc2394,3,4,3,1,Sapphire,Character,character(0),"c(""Storyborn"", ""Hero"", ""Detective"")",Andrew Chesworth,"""More torn lorebook pages! Who could have done this?"""
crd_48058e5daf3b4a409e525f826f96ddb1,2,1,4,1,Sapphire,Character,character(0),"c(""Storyborn"", ""Ally"")",Kapik,"""She's a special pig, Taran.""
—Dallben"
crd_13a02a2c79fa4493bc8a593d5fb1bd98,4,4,3,2,Sapphire,Character,Support,"c(""Storyborn"", ""Hero"", ""Queen"")",Pauline Voss,"""Come on—there's tons to do! Skating and snow forts and sledding and hot chocolate!"""
crd_9e590e6d47e9422fa521110e41e48cd1,7,6,8,3,Sapphire,Character,character(0),Storyborn,Alibeth Zermeno,"""When added to a clear soup, the pale, triple-pointed leaves of Trispiritus can have a restorative effect. CAUTION: DO NOT confuse it with Three Thorns, which causes itchy rashes.""
—Hana's Herborium"
crd_9193681ad61242069ba2fe957ca8cb8d,2,2,3,1,Sapphire,Character,Support,"c(""Dreamborn"", ""Hero"", ""Detective"")",Alan Batson,"""If I'm reading this right, these aren't actually ghosts at all! Boy, you're lucky I came along on this one."""
crd_7b35f4aed143419a821f8426d17be7bf,2,3,2,1,Sapphire,Character,character(0),"c(""Storyborn"", ""Ally"")",Kapik,"""Small glimmers may feel safe in the jungle around the Mysterious Ruins, where they can easily go unnoticed."" —Hana's Herborium"
crd_000a947aaa794fb098baed9d88b6fab1,5,3,6,2,Sapphire,Character,character(0),"c(""Storyborn"", ""Hero"", ""Princess"")",Mariana Moreno,"""Well, that should slow you down for a minute."""
crd_a6ad0755a1114acca877267acb719f59,3,3,2,2,Sapphire,Character,character(0),"c(""Storyborn"", ""Mentor"")",Kenneth Anderson,"""Ach, close the secret entrance! You're letting all the mysterious air out!"""
crd_b8e31f6f54ad44749dc441c7547ab686,3,2,4,2,Sapphire,Character,character(0),"c(""Storyborn"", ""Hero"", ""Captain"")",Kasia Brzezinska,"The sound of hoofbeats filled the air. Li Shang moved his men into position, ready to turn the tables on their pursuer."
crd_cd2b67f12f9f42beab11392540a24c2e,5,4,7,2,Sapphire,Character,character(0),"c(""Storyborn"", ""Ally"", ""Detective"")",Veronica Di Lorenzo / Livio Cacciatore,"""You know, most books are a lot more compelling when you read the pages in order..."""
crd_f734275e89e94f6a8b2ace1f90c3efb0,5,5,5,2,Sapphire,Character,Ward,"c(""Dreamborn"", ""Ally"")",Kendall Hale,Whoa! The wind's all of a sudden on the move here.
crd_83cc465308474e60aed6b86986d57854,4,2,4,2,Sapphire,Character,character(0),"c(""Storyborn"", ""Hero"")",Ismael González-Granero / Casey Jo Ocean,NA
crd_19f087c81e534ceda53b510446d75965,4,2,5,2,Sapphire,Character,character(0),"c(""Storyborn"", ""Hero"", ""Princess"", ""Whisper"")",Shannon Hallstein,NA
crd_8b5e1f11dda44f6890e67ab6f2d065b5,6,6,4,2,Sapphire,Character,Shift,"c(""Floodborn"", ""Hero"", ""Detective"")",Kurokuma,NA
crd_cf7781eb1d414b07bdc36ec8ee7acfcf,1,1,1,2,Sapphire,Character,character(0),"c(""Storyborn"", ""Ally"", ""King"")","Victor ""Yano"" Covarrubias",Never mind what the Curator intended these trinkets for; the sultan found his own use for them soon enough.
crd_295ea334c82b494ca1954f544117bf8a,2,0,2,2,Sapphire,Character,character(0),"c(""Storyborn"", ""Hero"")",Laura Galiano,"""Every small detail in Brom's awful story returned to haunt his recollection."" —Narrator"
crd_f2674e110de64c81ae9b07068364c22d,5,6,5,2,Sapphire,Character,character(0),"c(""Storyborn"", ""Villain"", ""Whisper"")",Lisanne Koeteeuw,NA
crd_ca1180986a264b5f815f69fb01406b4e,6,4,6,2,Sapphire,Character,Shift,"c(""Floodborn"", ""Hero"", ""Detective"")",Grace Tran,NA
crd_31e94039c2494d31b8966443911b0fb2,4,2,3,1,Sapphire,Character,character(0),"c(""Storyborn"", ""Hero"", ""Princess"")",Brittney Hackett,NA
crd_977a785a450a4621b0dcff4404592877,4,3,3,1,Sapphire,Character,character(0),"c(""Storyborn"", ""Hero"", ""Detective"")",Jennifer Park,NA
crd_bfdd0f1b2c564334afb8ee438ebd677e,2,2,2,1,Sapphire,Character,character(0),"c(""Dreamborn"", ""Ally"")",Liz Richards,Every detective can use an assistant to sniff out clues.
crd_a41add9515e547cb8273ba6973b125b4,5,5,6,1,Sapphire,Character,character(0),"c(""Dreamborn"", ""Hero"")",Lisa Parfenova,NA
crd_6372a1b64e1644ab8824221d8bd0cb72,3,2,3,2,Sapphire,Character,character(0),"c(""Storyborn"", ""Ally"", ""Whisper"")",Alejandro Hernandez,NA
crd_9b6f273381924929ba2d6f6d3e990f66,3,1,3,1,Sapphire,Character,character(0),"c(""Dreamborn"", ""Hero"", ""Detective"")","Victor ""Yano"" Covarrubias / Bryan Turner","The clues all pointed toward ghosts, but he knew there was something more going on here."
crd_e118a4c9805c426687bc202180e54e46,1,NA,NA,NA,Sapphire,Action,character(0),NULL,"Victor ""Yano"" Covarrubias","""Hen Wen, from you I do beseech Knowledge that lies beyond my reach...""
—Taran"
crd_7e8b9ff676484f2bb8a16dde98de13a7,2,NA,NA,NA,Sapphire,Action,character(0),NULL,Greez,"""The books on these pages match up with those shelves. And the ley lines... The answer's right here!"" —Judy Hopps"
crd_3f49acb68d7d44f4a8f98b555b7e47dd,4,NA,NA,NA,Sapphire,Action Song,character(0),NULL,Rachel Elese,NA
crd_0df623db97dc4fb8be3a67db8c593564,4,NA,NA,NA,Sapphire,Action,character(0),NULL,Federico Maria Cugliari,NA
crd_d959afe5ddf24d399c5c9ec7ad449d6c,6,NA,NA,NA,Sapphire,Action,character(0),NULL,Mariana Moreno,"""We've got to get out of here!"" —Mickey Mouse"
crd_423d5717f2d347448441e9da6d022847,1,NA,NA,NA,Sapphire,Item,character(0),NULL,Svetlozara Nikolova,"""It's not just a badge. It's who we are. There's no greater honor."" — Detective Judy Hopps"
crd_999386b36e224d6b9c1693142b62a20c,3,NA,NA,NA,Sapphire,Item,character(0),NULL,Pany Bubble,"With a crackle of energy, the strange device lit up when the glimmers entered the study."
crd_ddf2f3b6243d46b693fa4c08113e8930,2,NA,NA,NA,Sapphire,Item,character(0),NULL,Aurélie Lise-Anne,Sometimes a glimpse is all you need.
crd_2e63442a36994d4fa8266285fe63addd,2,NA,NA,NA,Sapphire,Item,character(0),NULL,Jeremy Adams,NA
crd_da44468c05d647ad965adcaf8f568c8c,1,NA,5,0,Sapphire,Location,character(0),NULL,Alyssa Lee,NA
crd_3881a0b53f854152ad578f5151143244,4,2,4,2,Steel,Character,character(0),"c(""Storyborn"", ""Hero"", ""Whisper"")",Stefano Spagnuolo,NA
crd_54826b5dca034c2d8afd142a96fedf58,4,5,4,1,Steel,Character,character(0),"c(""Dreamborn"", ""Hero"", ""Detective"")",Carmine Cassese,"""Let's show those rotten ghosts who's in charge! You go first."""
crd_daf2fde77da94e85898ad1cbd36059e6,6,6,5,2,Steel,Character,character(0),"c(""Dreamborn"", ""Hero"", ""Gargoyle"")",Valerio Buonfantino,NA
crd_1e28088d9c49441390e874b91d6352d0,8,5,7,2,Steel,Character,Shift,"c(""Floodborn"", ""Villain"")",Marcel Berg,NA
crd_d9964e71c9c442d48702f92af971833f,6,5,6,2,Steel,Character,character(0),"c(""Dreamborn"", ""Ally"", ""Detective"")",SGeer,"It was only a crumb, but Clawhauser knew it was a small piece of a larger mystery."
crd_3a814a78339d4df290966005abc1a5e4,3,4,3,1,Steel,Character,Resist,"c(""Storyborn"", ""Ally"", ""Detective"")",Sandra Rios,"Francine stared at the torn page, trying to take her mind off Higgins and his pursuit of the littering mastermind. Was he ready for the danger of undercover work?"
crd_0033f4eb44a14ebea87dbdca205d9247,2,2,3,1,Steel,Character,Bodyguard,"c(""Storyborn"", ""Ally"", ""Detective"")",SOWSOW,"""Stand back. I'll handle this.""
—Inspector Tezuka"
crd_cd157cb698744c9ab14a292d392123b8,1,2,2,1,Steel,Character,character(0),"c(""Dreamborn"", ""Ally"", ""Detective"")",Marta Andreeva,"""Okay, Nick, it's time to use those superior sleuthing skills to find a way out of this. Wait, why am I talking to myself?"""
crd_5047361d5e154f1099d8996c8904fb2d,3,3,2,2,Steel,Character,character(0),"c(""Dreamborn"", ""Hero"", ""Detective"")",Federico Maria Cugliari,"""It's time to make a stand!"""
crd_02e6e99d68464f9894c940f686132741,2,2,4,1,Steel,Character,character(0),"c(""Storyborn"", ""Mentor"", ""Gargoyle"")",Leonardo Giammichele,NA
crd_1066153275e3477fb6486d5975196c5f,2,2,3,1,Steel,Character,character(0),"c(""Dreamborn"", ""Hero"", ""Detective"")",Brianna Garcia,It's hard to catch a ghost without going somewhere spooky.
crd_bc05194173e446a8b3e4dc80c1a68962,2,3,3,1,Steel,Character,character(0),"c(""Storyborn"", ""Villain"")",Mara Tango,"""You may have bested me before, McDuck, but not this time!"""
crd_59040c22431844d18165c4f7e1c5ac2a,3,4,4,1,Steel,Character,character(0),"c(""Storyborn"", ""Ally"", ""Gargoyle"")",Leonardo Giammichele,NA
crd_af2df57fb8c4408f9bf4e1358f6cac30,3,3,2,1,Steel,Character,character(0),"c(""Storyborn"", ""Villain"")",Renato Roldan / Amanda Duarte,"""A plan only fails when you don't learn from it. And my plans never fail.""
—David Xanatos"
crd_49b1333917404a9fa4e855f4c2da3487,4,4,1,1,Steel,Character,character(0),Storyborn,Marco Guadalupi,NA
crd_171e6569a06946a89dcc64afdd1585c7,6,5,5,2,Steel,Character,character(0),"c(""Storyborn"", ""Ally"")",Hana Augustine,"""Hooray! A whole new forest to be lost in!""
""Yeah, lost in!"""
crd_5f0c0fa9eb5d4394bac82782bef7aaef,5,5,4,2,Steel,Character,Shift,"c(""Floodborn"", ""Ally"", ""Detective"")",César Vergara / Alex Accorsi,NA
crd_af858595efd7455b8c37dd000fe6d136,4,5,7,1,Steel,Character,character(0),Storyborn,Simone Giovanardi,"It's the role of a lifetime, and it'll take every bit of his considerable charm and fabulous mane to get it right."
crd_fafe3c3da4484cf6b0485a5f5a1c557a,7,3,10,2,Steel,Character,Bodyguard,"c(""Dreamborn"", ""Hero"", ""Prince"")",Sara Storino,NA
crd_63132ee7ba1f4847a88e67273e1714fa,5,4,6,2,Steel,Character,Bodyguard,"c(""Storyborn"", ""Ally"", ""Gargoyle"")",Kuya Jaypi,NA
crd_bd58d594eb5940b98b648d9eeffe6272,5,5,5,2,Steel,Character,character(0),"c(""Dreamborn"", ""Ally"")",Lisa Parfenova,NA
crd_96d8b0484c8441f0a214eee856f60f35,4,3,5,1,Steel,Character,character(0),"c(""Storyborn"", ""Ally"", ""Fairy"", ""Sorcerer"", ""Whisper"")",Tania Soler,NA
crd_0e33059eee7d4f39a4082bb9b1211660,3,2,3,2,Steel,Character,character(0),"c(""Storyborn"", ""King"", ""Deity"", ""Whisper"")",Otto Paredes,NA
crd_27747f32e8a3479cac5b138f81f0dff0,4,4,4,1,Steel,Character,Bodyguard,"c(""Storyborn"", ""Villain"")",Cristian Romero,"If you hear hoofbeats in the dark, don't look back."
crd_194c57c22f0c46a5a7ec456ac28c7bfa,1,NA,NA,NA,Steel,Action Song,character(0),NULL,Carlos Luzzi,NA
crd_5c1f05cc2e5c4dae84e51404de23df74,2,NA,NA,NA,Steel,Action,character(0),NULL,Kevin Sidharta,"""Okay, so the ghostly glimmers were first seen <here>, and the trail of torn lorebook pages started in this part of the Illuminary...""
—Judy Hopps"
crd_d1d7087095df46dbaeafac4d6512d2ae,4,NA,NA,NA,Steel,Action Song,character(0),NULL,Carlos Luzzi,NA
crd_dcc0cd9b218f4392bcf503bf27701202,2,NA,NA,NA,Steel,Action,character(0),NULL,Kevin Slawinski,"""We've not a moment to lose!""
—Basil"
crd_66f7d006b33147e3b08181ee9299e5d1,1,NA,NA,NA,Steel,Item,character(0),NULL,Anne Neyens,"""To our beloved Queen this gift we send,
As her 60-year reign comes to an end.""
—Note delivered with the robot queen"
crd_ba8f9757d4864c8fbc0de96be4579ef3,2,NA,NA,NA,Steel,Item,character(0),NULL,Kamil Murzyn,NA
crd_415b89e575ba4ce289709dfd16d4ff14,3,NA,NA,NA,Steel,Item,character(0),NULL,Kaitlin Cuthbertson,NA
crd_f0d2c7f7fb9243bdb38b6c1e5eb522cd,3,NA,6,1,Steel,Location,character(0),NULL,Dave Mitcheson / Paul Hogg,NA
crd_e86d177fb9f24d4683e8f639595038d1,1,NA,4,1,Steel,Location,character(0),NULL,Kaitlin Cuthbertson,NA
crd_8212061efed6498f87b6df190c10c4fa,2,NA,5,1,Steel,Location,character(0),NULL,Etienne Savoie,NA
crd_6283ca50c61544b7a6226fadbc7f0a17,4,4,5,1,Amber,Character,character(0),"c(""Dreamborn"", ""Hero"", ""Detective"")",Janel Reh,"""If you wanna beat a ghost, you gotta think like a ghost."""
crd_22fb811c179742f6b17bead54e0d68f2,2,3,3,1,Amber,Character,character(0),"c(""Storyborn"", ""Villain"", ""Whisper"")",Nicholas Kole,NA
crd_faf17cc51b9748daa7187f81103430d0,3,NA,NA,NA,Amber,Action,character(0),NULL,Jaime Puga,Just when you thought you'd escaped...
crd_04d59c2ff0e648eb9dad622fa82ce49b,3,1,3,1,Amethyst,Character,character(0),"c(""Dreamborn"", ""Hero"", ""Queen"", ""Sorcerer"")",Clio Wolfensberger,"""This world still has secrets to uncover."""
crd_d51cdd2a1d904e03adb5e255a2b53a22,2,0,3,2,Amethyst,Character,character(0),"c(""Storyborn"", ""Mentor"", ""Sorcerer"", ""Whisper"")",Gaku Kumatori,NA
crd_ffc221e006704b97a8b62c29180b33b2,2,2,2,1,Amethyst,Character,character(0),"c(""Storyborn"", ""Villain"", ""King"", ""Sorcerer"")",Dev Madan,"""Only moments away from victory."""
crd_63194dcb766c473093e3802f309030e0,1,1,2,1,Emerald,Character,character(0),"c(""Storyborn"", ""Ally"")",Rosa la Barbera / Livio Cacciatore,"""It's happening! IT'S HAPPENING! There's a whisper nearby, and I get to see it!"""
crd_f2d99b79354c466ebcaaeadcba69678e,7,6,7,3,Emerald,Character,Evasive,"c(""Storyborn"", ""Villain"")",Mariana Moreno,It's hard to tell where the branches end and the snake begins.
crd_78c11305e1674d348fe8839940f029a5,3,3,4,1,Emerald,Character,character(0),"c(""Storyborn"", ""Ally"", ""Whisper"")",Pauline Voss,NA
crd_1eeb3d6d93bf4e228fafce3b3d4cdcff,1,3,1,1,Ruby,Character,character(0),"c(""Storyborn"", ""Ally"", ""Fairy"")",Devin Elle Kurtz,"""Okay, now we know pixie dust doesn't affect the torn lorebook pages. Thanks, Tink.""
—Venturo, an Illumineer"
crd_082177dd6df34573a455c5f1b2ddad31,3,4,2,1,Ruby,Character,character(0),"c(""Storyborn"", ""Hero"", ""Princess"")",Nicoletta Baldari / Raquel Vilanueva,NA
crd_eca465c4f9f6483db912ae876f8011ce,3,4,4,0,Ruby,Character,Reckless,"c(""Storyborn"", ""Hero"", ""Whisper"")",E. Melaranci / Mario O. Gabriele,NA
crd_8076e7de5c3a4681b8a91629932092e5,2,2,3,1,Sapphire,Character,Support,"c(""Dreamborn"", ""Hero"", ""Detective"")",Alan Batson,"""If I'm reading this right, these aren't actually ghosts at all! Boy, you're lucky I came along on this one."""
crd_c74126bc80ba4d52bc7c499ba67dce25,3,2,3,2,Sapphire,Character,character(0),"c(""Storyborn"", ""Ally"", ""Whisper"")",Alejandro Hernandez,NA
crd_7101d6f7aaba488e9a508b0d40172743,4,NA,NA,NA,Sapphire,Action,character(0),NULL,Federico Maria Cugliari,NA
crd_1ad6e15d73174d7ab0d55b27d770e14d,2,2,3,1,Steel,Character,character(0),"c(""Dreamborn"", ""Hero"", ""Detective"")",Brianna Garcia,It's hard to catch a ghost without going somewhere spooky.
crd_9a7e83a63b8444438f4bc7714df6faf9,4,2,4,2,Steel,Character,character(0),"c(""Storyborn"", ""Hero"", ""Whisper"")",Stefano Spagnuolo,NA
crd_de5dfda85c534def9ee3a0d93cb55597,4,NA,NA,NA,Steel,Action Song,character(0),NULL,Carlos Luzzi,NA
crd_51faef6e502845188f6fee9429829df2,8,5,7,3,Amber,Character,Shift,"c(""Floodborn"", ""Hero"", ""Detective"")",Federico Maria Cugliari,NA
crd_54bfc0bd37f44871a4ef50193d58ca2c,7,5,5,3,Amber,Character,character(0),"c(""Storyborn"", ""Hero"", ""Prince"", ""Whisper"")",noc4urne / Alice Pisoni,NA
crd_24dfd54db49e4a5d8004c51d0882aa46,3,NA,NA,NA,Amber,Item,character(0),NULL,Marcin Panasiuk,NA
crd_831e34ca1c2143dd82785500356c339e,4,3,4,2,Amethyst,Character,Shift,"c(""Floodborn"", ""Villain"", ""King"", ""Sorcerer"")",Alberto Dal Lago,NA
crd_ed9fc60aa63a4eafa4116188e41910f2,6,5,6,2,Amethyst,Character,character(0),"c(""Storyborn"", ""Villain"", ""Gargoyle"", ""Sorcerer"")",Sara Leal (Loyal),NA
crd_715c77fe8d9b410d8194beea91b7163d,4,NA,NA,NA,Amethyst,Action Song,character(0),NULL,Monika Pałosz,NA
crd_c607f55525894e1bbdb8121eed6bf886,4,2,4,2,Emerald,Character,Shift,"c(""Floodborn"", ""Ally"")",Iwo Widuliński,NA
crd_9a1c82a2d3dd4ef898fb86f089242018,5,4,5,2,Emerald,Character,Shift,"c(""Floodborn"", ""Ally"")",Lisanne Koeteeuw,NA
crd_5547bd08bb6344d4bcd03d37e415c75f,3,NA,NA,NA,Emerald,Action Song,character(0),NULL,Marco Wulfr,NA
crd_c2a0cc56159841db921d13a52589d13a,5,4,2,2,Ruby,Character,character(0),"c(""Storyborn"", ""Villain"")",Rubin Chung,NA
crd_ee5abfdfaa9d469e93dd20e1253ed1d0,5,5,4,2,Ruby,Character,character(0),"c(""Storyborn"", ""Villain"", ""Whisper"")",Javi Salas,NA
crd_fe0bc499ead74e4f8a5d2b0e6037cf91,2,NA,NA,NA,Ruby,Action,character(0),NULL,Tomek Pietrzyk,NA
crd_5413c96876fd4884861caaef3fcb58b5,6,6,4,2,Sapphire,Character,Shift,"c(""Floodborn"", ""Hero"", ""Detective"")",Slawomir Maniak,NA
crd_3c235410b79145c080fa8e3b000a2c60,4,2,3,1,Sapphire,Character,character(0),"c(""Storyborn"", ""Hero"", ""Princess"")",LadyShalirin,NA
crd_9a1fff8a9426484ebc7fae9cb8605572,6,NA,NA,NA,Sapphire,Action,character(0),NULL,Grzegorz Krysiński,NA
crd_8941521977e54d6fa2baaae91d13fb6e,6,6,5,2,Steel,Character,character(0),"c(""Dreamborn"", ""Hero"", ""Gargoyle"")","Mariana ""mu"" Galiano",NA
crd_8a558015ad0948f5be96f85dc60b3c76,5,5,4,2,Steel,Character,Shift,"c(""Floodborn"", ""Ally"", ""Detective"")",Slawomir Maniak,NA
crd_70fa88bf3a35452b8178209944e8604a,2,NA,NA,NA,Steel,Item,character(0),NULL,Alberto Dal Lago,NA
crd_5b53a4c5b3854ab0ba71dd388aaa0d9f,4,3,4,2,Amber,Character,character(0),"c(""Storyborn"", ""Hero"", ""Princess"", ""Whisper"")",Aristeidis Zentelis,NA
crd_4656262d1cbc478aab92978dc7729663,5,3,4,1,Amethyst,Character,character(0),"c(""Storyborn"", ""Villain"", ""Deity"")",Marcel Berg,NA
crd_4baf2f3e2b1a4c8da121d3a0473684c5,1,0,4,1,Amber,Character,character(0),"c(""Storyborn"", ""Ally"")",Valentin Palombo,"""I've never seen a winter so beautiful! Look at the snow—pristine as far as the eye can see!"""
crd_df49511658c9468b9a5353f1561cc9cc,1,1,2,1,Amber,Character,character(0),"c(""Storyborn"", ""Hero"")",Eri Welli,"""A snow Stitch is like a snowman, but even hungrier."""
crd_a862524392a1444389f95109d49ddd31,2,1,3,1,Amber,Character,character(0),"c(""Storyborn"", ""Deity"")",Domenico Russo,"""How many sandwiches will I need to feed you to make all this snow melt?""
—Lilo"
crd_3538927a26154cb78ef3e9cfd6899035,6,5,6,2,Amber,Character,character(0),"c(""Storyborn"", ""Ally"")",Sandy Lee,"""See? I told ya he was hardheaded!""
—Timon"
crd_0c1fa4bfab94474da9e4a8396bbed19f,4,3,4,2,Amber,Character,Support,"c(""Dreamborn"", ""Hero"", ""Princess"")",Kiersten Hale,"""This cocoa will warm you up like a hug from your mama."""
crd_1bd5bf1817684e57a918f2fdc04b4e3a,4,4,6,1,Amber,Character,character(0),"c(""Storyborn"", ""Ally"")",Nicoletta Baldari / Patri Balanovsky,"""Come sit by the fire. It will keep you warm until this storm blows over."""
crd_26dc8e8705a240689f8af906cb3c600a,5,4,5,2,Amber,Character,character(0),"c(""Storyborn"", ""Hero"", ""Alien"")",Federico Maria Cugliari,"""First one down the mountain gets all the marshmallows for their cocoa!""
—Lilo"
crd_aa9b3ea05aa64ee9aa09783eb6ca425c,3,2,5,1,Amber,Character,character(0),"c(""Storyborn"", ""Hero"", ""Princess"")",Tania Soler,"""If you don't know the way, the spirits will show you.""
—Pocahontas"
crd_b5db84fe81624162968c99d1ca9ee5af,2,1,4,1,Amber,Character,Bodyguard,"c(""Storyborn"", ""Ally"")",Diego Machuca,"""These snowboards are pretty sweet—and they make great shields!"""
crd_f3392db6475445bbb5ad6f608dc86c4b,5,4,4,2,Amber,Character,character(0),"c(""Storyborn"", ""Ally"", ""Detective"")",Javi Salas,"""Failure to signal, broken tail light, and taunting an officer with hot chocolate. That's gonna be a hefty fine."""
crd_4b12af84da2444928667b6d356a70766,4,5,5,1,Amber,Character,Bodyguard,"c(""Storyborn"", ""Mentor"", ""King"")",Kiersten Hale,NA
crd_7820a5ea1cc44b97b4b5aeb89fc1882a,4,4,4,1,Amber,Character,character(0),"c(""Storyborn"", ""Mentor"", ""Queen"")",Luis Huerta,"A loving mother, a cunning hunter, and a fierce warrior."
crd_a3822d68287f451baa20438d5a31e307,2,1,2,1,Amber,Character,character(0),"c(""Storyborn"", ""Mentor"")",Mariana Moreno,"""I haven't had this much excitement in 200 years."""
crd_f3b02d0a1478421da5b8ad2dac40d1b0,5,3,6,2,Amber,Character,character(0),"c(""Storyborn"", ""Ally"")",Brian Kesinger,"""No, it can't wait until this storm blows over!"""
crd_b1c578429eb547b3b5908a637c491c3e,2,2,3,1,Amber,Character,character(0),"c(""Storyborn"", ""Hero"")",Valerio Buonfantino,"""Interesting. These animal tracks lead away from the vine. But toward what?"""
crd_4b2cd621705743f38c49fee9f610bdec,3,2,3,1,Amber,Character,character(0),"c(""Storyborn"", ""Ally"")",Juan Diego León,"""Okay, Pumbaa—hit it!"""
crd_85108b76785246e98f3f0b462684ff0b,6,3,5,2,Amber,Character,Shift,"c(""Floodborn"", ""Hero"")",Marta Andreeva,NA
crd_d2e66bee41214f2f9b1e38f4e1ccdbc3,3,2,4,1,Amber,Character,character(0),"c(""Dreamborn"", ""Ally"", ""Alien"")",Omar Lozano,"""Amazing! This storm has created all sorts of new life forms. I will call you 'Avis frigida.'"""
crd_aa9fd9e677e946f0ab5f0148b0874568,8,4,5,2,Amber,Character,character(0),"c(""Storyborn"", ""Ally"", ""Alien"", ""Inventor"")",Leonardo Giammichele,NA
crd_20232422b3314d02b054a923d610d81d,3,3,3,1,Amber,Character,character(0),"c(""Dreamborn"", ""Hero"")",Jake Murphy,NA
crd_47d6da02d19a4b82a6d7aaf593ca151e,2,1,3,1,Amber,Character,character(0),"c(""Storyborn"", ""Ally"", ""Alien"")",Wouter Bruneel,"""At least I'll be ready in case of a sandwich shortage."""
crd_7d2a989b37854bd5ac05ab0ee4bf086e,5,3,6,2,Amber,Character,Shift,"c(""Floodborn"", ""Hero"", ""Princess"")",Alice Pisoni,NA
crd_9a221a16584b472c8bdec14c1b4ae5b8,2,2,2,1,Amber,Character,character(0),"c(""Storyborn"", ""Hero"", ""Prince"")",Sandy Lee,"Like Zazu always says, practice makes perfect!"
crd_33a165a8153e4ba587d52961bca86f79,4,3,5,1,Amber,Character,Boost,"c(""Storyborn"", ""Hero"", ""Prince"", ""Whisper"")",Viv Tanner,NA
crd_ce082b2459af4c0a94a900a468bd9096,2,2,2,1,Amber,Character,Singer,"c(""Storyborn"", ""Ally"", ""Alien"")",Oggy Christiansson,NA
crd_5d8b927e8f92419c93dd42424d44f562,6,2,8,2,Amber,Character,character(0),"c(""Storyborn"", ""Ally"")",Vanessa Morales,"""No, I just can't leave you out here all alone."""
crd_1a61d954f0524416a6c0f46814520495,3,1,4,3,Amber,Character,character(0),"c(""Storyborn"", ""Ally"")",Josep Solé,"""That's the strangest creature I've ever seen.""
–Grandmother Willow"
crd_46ccfcbf96124424a2467f7f13a2f0c5,8,NA,NA,NA,Amber,Action,character(0),NULL,Alice Pisoni,"""The storm . . . it's too much, Lilo. We have to go back!""
–Nani"
crd_ff15d454e2f84f89a64bf17216e0b5f4,3,NA,NA,NA,Amber,Action Song,character(0),NULL,Oggy Christiansson,"Alan ot agan, atoom on ataki
Oteem-ich atooca"
crd_026951e834c74886a9c05341b713b3fa,2,NA,NA,NA,Amber,Action Song,character(0),NULL,Javi Salas,NA
crd_9efb436da763484ba54c2b75e1e0fcd9,4,NA,NA,NA,Amber,Action,character(0),NULL,Saulo Nate,"""Ripples are so small at first, then look how they grow. But someone has to start them.""
—Grandmother Willow"
crd_b1aa36e48c8e4041b07e30efb7837fa3,3,NA,NA,NA,Amber,Action,character(0),NULL,Jenna Gray,"""Family means nobody is left behind.""
—Lilo"
crd_09f9741601234011a2ea8ad45c845099,3,NA,NA,NA,Amber,Item,character(0),NULL,Leonardo Giammichele,NA
crd_7a26dcac46ba4e0291bf8bedaec4923d,1,NA,5,1,Amber,Location,character(0),NULL,Wietse Treurniet,"""Welcome to Tundratown. Please respect our hibernating inhabitants and keep noise to a minimum.""
-Zootopia Chamber of Commerce"
crd_c86496abfa1c4cc9a138143a845e15ce,2,2,2,1,Amethyst,Character,character(0),"c(""Storyborn"", ""Ally"")",Giulia Iacopini,"""Told ya I'd make it to the bottom first, Simba!"""
crd_4328715a70224a1fae6ee75034f305fa,4,4,4,1,Amethyst,Character,Boost,"c(""Storyborn"", ""Hero"", ""Whisper"")",Hyuna Lee,NA
crd_e690df88c3ab46c1ace417ff7f2681c9,4,4,3,1,Amethyst,Character,character(0),"c(""Storyborn"", ""Tigger"")",Simone Tentoni,"""What do you mean, can Tiggers bounce in the snow? Just watch!"""
crd_48084ac3a18c452cadbabd4675f9672b,4,4,4,1,Amethyst,Character,character(0),"c(""Storyborn"", ""Super"", ""Villain"")",Lissette Carrera,"Darkwing: ""Just cool it, lady.""
Launchpad: ""I think you might want to rephrase that, DW."""
crd_fcdeeb8639c74831b6c234d81ad2f476,1,0,2,1,Amethyst,Character,character(0),"c(""Storyborn"", ""Ally"")",Eva Widermann,NA
crd_08e7171f69da4091b9e8691356768b86,3,5,3,1,Amethyst,Character,character(0),"c(""Storyborn"", ""Super"", ""Villain"", ""Sorcerer"")",Chemène de Heus,"""Sometimes I don't even know whose side you're on"", Darkwing said.
""The same side I've always been on,"" Morgana replied.
""Mine."""
crd_260df0802696480898a5d7f6634c5a43,3,1,4,2,Amethyst,Character,Challenger,"c(""Storyborn"", ""Ally"")",Andrea Parisi,"""Not another step. I've got a shovel full of snow, and I'm not afraid to use it!"""
crd_044b499eebfa487ea9fb1a43e8d5fcdb,2,3,2,1,Amethyst,Character,character(0),"c(""Dreamborn"", ""Hero"", ""Princess"")",Malia Ewart,"""She has her mother's spirit. She goes wherever the wind takes her.""
—Kekata"
crd_72e6b0eee1f1425ea52d9be4a2984843,3,2,4,1,Amethyst,Character,Rush,"c(""Storyborn"", ""Super"", ""Hero"", ""Detective"")",Stefano Spagnuolo,"""I am the terrier that yaps in the night. I am the schnauzer that digs up your petunias. I am Darkwolf Dog!"""
crd_b0231e5ba8c34691ac5bf29e6fc96c46,5,5,5,1,Amethyst,Character,Rush,"c(""Storyborn"", ""Hero"")",Emily Abeydeera,NA
crd_2dd93d7bd66a4ce78cba02bbfdbcafef,9,5,5,2,Amethyst,Character,character(0),"c(""Storyborn"", ""Ally"")",Matthew Robert Davies,NA
crd_5be7a45f5453485dbebcd37b436210d9,1,1,1,2,Amethyst,Character,Evasive,"c(""Storyborn"", ""Ally"")",Heidi Neunhoffer,NA
crd_1d1f7c6cafbd497292467de4c883cf0c,6,6,6,1,Amethyst,Character,Shift,"c(""Floodborn"", ""Super"", ""Hero"", ""Sorcerer"")",Julian del Rey,NA
crd_52cd7cdc36254654b13e484e2dbc989e,3,3,3,1,Amethyst,Character,character(0),"c(""Dreamborn"", ""Ally"", ""Fairy"")",Koni,NA
crd_0f1e171e26c9423aa264732a2e38dd7f,3,3,4,1,Amethyst,Character,Boost,"c(""Storyborn"", ""Ally"", ""Whisper"")",Diego Machuca,NA
crd_be89cf4d06b54426801f296b3cbf751d,5,5,5,1,Amethyst,Character,character(0),"c(""Floodborn"", ""Hero"", ""Queen"")",Aubrey Archer,NA
crd_094f62fcb6094af1922921881eddf3f6,4,4,4,1,Amethyst,Character,character(0),"c(""Dreamborn"", ""Ally"")",Valerio Buonfantino,NA
crd_1ea627edc2aa4a099e53afb91a2bdbf1,2,2,3,1,Amethyst,Character,character(0),"c(""Storyborn"", ""Hero"", ""Queen"")",Maria Dresden,"Even in the deep forest, Anna could see the vine poking above the treetops."
crd_f000a1651ff54227806f5da0c5d89c42,5,5,5,2,Amethyst,Character,character(0),"c(""Dreamborn"", ""Ally"")",Ian MacDonald,"""GO AWAY!!"""
crd_9ac4f4fb26084e66aae3bc5a7beea167,7,6,8,3,Amethyst,Character,character(0),"c(""Storyborn"", ""Ally"", ""Alien"")",Brian Kesinger,"""The cows are not what they seem.""
–Launchpad"
crd_6ef0db16a9b944d29c9a18fb37a8916d,2,1,3,2,Amethyst,Character,character(0),"c(""Storyborn"", ""Hero"")",Kasia Brzezinska,"The air was crisp and clear. ""A perfect morning for a snowball fight,"" said Christopher Robin."
crd_89bb9007e02e4003911ada97cfbe4009,6,6,5,2,Amethyst,Character,Evasive,"c(""Storyborn"", ""Ally"")",Eri Welli,"""Wheee! This is even more fun than a game of leaplog!"""
crd_5c24d2a781524b8fa28b72a0dddd91c5,5,4,4,2,Amethyst,Character,character(0),"c(""Storyborn"", ""Villain"", ""Sorcerer"")",Eva Widermann,What are you willing to give up in exchange for power?
crd_122d3f9ccb034f7d9e59245d311a7004,2,2,1,1,Amethyst,Character,character(0),"c(""Dreamborn"", ""Ally"")",Federico Maria Cugliari,More powerful. More beautiful. More Heihei.
crd_e7d84a4948de49e49e717671d44fbb4c,1,2,2,1,Amethyst,Character,character(0),"c(""Storyborn"", ""Ally"")",Kendall Hale,"""Don't worry, buddy. We're going to have fun today, I promise!""
—Moana"
crd_ad33da4d6a2e44569e0bb8f16810ba1a,4,2,3,1,Amethyst,Character,"c(""Challenger"", ""Evasive"", ""Rush"")","c(""Dreamborn"", ""Ally"")",Carlos Gomes Cabral,NA
crd_adb608b3667f4c769a3bab709840dad1,3,NA,NA,NA,Amethyst,Action Song,character(0),NULL,LadyShalirin,NA
crd_9d9eb44aa6324c2ebce958cbf92a2d31,2,NA,NA,NA,Amethyst,Action,character(0),NULL,Serena Wade,"Mickey: ""All right, let's get that ghost!""
Goofy: ""How do you reckon we do that?"""
crd_79bedff3158647f791e28faa270773b5,1,NA,NA,NA,Amethyst,Action,character(0),NULL,Emily Abeydeera,"""It takes a great hero to handle a sword like this!""
—Taran"
crd_0e8280a06c6a482caa3cb51b207fe284,4,NA,NA,NA,Amethyst,Action Song,character(0),NULL,Kasia Brzezinska,NA
crd_f91b39cb2d4a47f984e9e5114216e75b,2,NA,NA,NA,Amethyst,Item,character(0),NULL,Randy Bishop,"""It's more than a necklace—it's a connection to her past.""
—Chief Powhatan"
crd_3d8ed3e3edf846c7b5dc9cc034436b8e,3,NA,NA,NA,Amethyst,Item,character(0),NULL,Leonardo Giammichele,"""We need your help. Show us what you've got.""
—Shanzay, an Illumineer"
crd_9ab9a1951014457b824c8f11a3d0fdbc,1,NA,NA,NA,Amethyst,Item,character(0),NULL,Brian Kesinger,"""Oh, bother. Not again... again."""
crd_27d46247102c480c8b2ce98be8bb15f5,3,NA,4,2,Amethyst,Location,character(0),NULL,Jeremy Adams,NA
crd_3825929341ca42099c98d099ed40d2ac,2,1,4,0,Emerald,Character,character(0),"c(""Storyborn"", ""Hero"", ""Princess"")",Amber Kommavongsa,"""Now remember, it's your first day of training, so listen to your teacher and no fightin', play nice with the other kids...""
—Mushu"
crd_38185e538f0e444bbffd676c96efd9c9,1,2,1,1,Emerald,Character,character(0),"c(""Storyborn"", ""Hero"", ""Alien"")",Jiahui Eva Gao,"""Hi."""
crd_692e18212e974f8e808f8a8dc45169a8,4,3,4,2,Emerald,Character,Ward,"c(""Storyborn"", ""Ally"")",Ellie Horie,"""Gather 'round, little ones. Let Big Mama teach you how to stay warm in the snow!"""
crd_8db0f3b74ec145c39cb0ec2413c48c75,2,3,3,1,Emerald,Character,character(0),"c(""Storyborn"", ""Hero"")",Domenico Russo,"She's the epitome of grace, beauty, and a whole lot of fun."
crd_85ee925c4b1c4c1bbf2d6320a9aeaf7d,4,4,3,2,Emerald,Character,character(0),"c(""Storyborn"", ""Ally"")",Rosa la Barbera / Livio Cacciatore,"In his mind, he was ""Snow-General Yao,"" surveying his frozen lands from atop his icy fortress."
crd_9ea59b497df74d759d70cf087e044b16,7,7,7,3,Emerald,Character,character(0),"c(""Storyborn"", ""Ally"")",Rosa la Barbera / Livio Cacciatore,"""Stay right here, little snowball. I'll come get you when it's time for your date with Ling's face."""
crd_00eb4b66a7f945adaa15ca341179bbf7,3,2,3,2,Emerald,Character,character(0),"c(""Storyborn"", ""Ally"")",Rosa la Barbera / Livio Cacciatore,"""If I keep carrying these, I'll be as strong as Chien-Po!"""
crd_db6ccc6d3dde4e4890ff8a1fd391e905,3,4,3,1,Emerald,Character,character(0),"c(""Storyborn"", ""Ally"")",James Rey Sanchez,"""Good work, Boomer. We'll get him this time.""
—Dinky"
crd_10d405a5074a498592c40bed3888538a,5,5,4,2,Emerald,Character,character(0),"c(""Storyborn"", ""Villain"")",Kendall Hale,NA
crd_0fc3d71d5b8e4fb08b5c9108cbd3e28a,2,1,2,2,Emerald,Character,character(0),"c(""Storyborn"", ""Ally"")",James Rey Sanchez,"""Nail him, Boomer! Sock it to him!"""
crd_5864156730e6408181fd43e5a59dbe05,8,7,7,2,Emerald,Character,character(0),"c(""Storyborn"", ""Ally"", ""Dinosaur"")",David Galopim,NA
crd_c583ec314a73469d890da787bcb08426,2,0,4,1,Emerald,Character,Evasive,Storyborn,Yu Nguyen,"""Snug as a bug, while we're out here freezin' our b-b-beaks off!""
—Boomer"
crd_1088d26ccab942568c740c3ebaccb2c7,3,2,3,2,Emerald,Character,character(0),"c(""Storyborn"", ""Hero"")",Gwawi,NA
crd_5830e796ad074e8c83d2757dfa318992,5,3,2,3,Emerald,Character,character(0),"c(""Storyborn"", ""Ally"", ""Dragon"")",Matteo Marzocco,"""You want a snowball? I'll give you a snowball. I'll give you the biggest snowball you've ever seen!"""
crd_6a38f391cffc44ce8c818845eec37f01,4,4,4,2,Emerald,Character,Boost,"c(""Storyborn"", ""Ally"", ""Ghost"")",Gonzalo Kenny,NA
crd_1828e2a9c3c547abbcd95f8c4fdc211f,5,3,5,2,Emerald,Character,Shift,"c(""Floodborn"", ""Hero"")",Ellie Horie,NA
crd_47915154ee494451b714c3ec1084331a,1,2,1,1,Emerald,Character,character(0),"c(""Storyborn"", ""Hero"", ""Puppy"")",Mariana Moreno,"""How's this for a huntin' dog? He's just a little runt now, but he'll grow.""
—Amos Slade"
crd_6edf9f351f6d4d8ea588fbbdbf8ed253,3,1,3,2,Emerald,Character,Evasive,"c(""Storyborn"", ""Ally"")",Oggy Christiansson,NA
crd_fdbc7b03d5194e2cb2c407273f96e01a,1,2,2,1,Emerald,Character,character(0),"c(""Storyborn"", ""Hero"")",Mariana Moreno,"""Come on, now. I'm not going to harm you.""
—Widow Tweed"
crd_192bf6789d194f1c8f7985dee2353891,5,3,4,2,Emerald,Character,Ward,"c(""Storyborn"", ""Ally"")",Giulia Iacopini,NA
crd_a8878d5ac3ea4ff7bfacb512552943cc,2,2,2,1,Emerald,Character,Evasive,"c(""Storyborn"", ""Ally"")",Jiahui Eva Gao,NA
crd_da2a2175ec4d44f0b624880a24548506,4,2,4,2,Emerald,Character,character(0),"c(""Storyborn"", ""Hero"")",Malia Ewart,NA
crd_23f005944c784e158b9709de1c587d1e,6,4,6,2,Emerald,Character,character(0),"c(""Dreamborn"", ""Hero"")",Federico Maria Cugliari,"""Now, that's what I call shredding!"""
crd_3d891c7945f04b6d9095dda6a9a81a4f,7,6,6,2,Emerald,Character,"c(""Evasive"", ""Shift"")","c(""Floodborn"", ""Hero"")",Oggy Christiansson,NA
crd_0ad5cc52cd5f49bb9594afa82796f42e,4,4,4,1,Emerald,Character,character(0),"c(""Storyborn"", ""Ally"")",Federico Maria Cugliari,NA
crd_5423fd35369b41ebbfff99eeb1928fc4,2,NA,NA,NA,Emerald,Action Song,character(0),NULL,Kendall Hale,"Please bring honor to us
Please bring honor to us all"
crd_8bd23953f8744c588a3f122476f67c3c,2,NA,NA,NA,Emerald,Action,character(0),NULL,Ian MacDonald,"""Snowflakes compacted into sphere makes for excellent projectile.""
—Jumba Jookiba"
crd_d8867ccffeba46a5b16ab0f876653f4b,4,NA,NA,NA,Emerald,Action,character(0),NULL,Ian MacDonald,"""There's only one way to stop this vine. Wait, no... It's full of mixed ink? There's too much! I can't control it!"""
crd_69c74f5a7fcb431290622e2321e786fe,4,NA,NA,NA,Emerald,Action Song,character(0),NULL,Eva Widermann,NA
crd_626e78520f89461d8982834bdc9ac172,3,NA,NA,NA,Emerald,Item,character(0),NULL,Matthew Oates,NA
crd_b33671b3938940708ac2a4f7d00d942b,2,NA,NA,NA,Emerald,Item,character(0),NULL,Simone Tentoni,NA
crd_a7afac820f8249d9896e3cc693fe0094,3,NA,NA,NA,Emerald,Item,character(0),NULL,Matt Chapman,"""It's great for reheating leftovers, and it turns people into dinosaurs.""
—Stegmutt"
crd_c49a2f008f0048d4951384b30880eba6,4,NA,NA,NA,Emerald,Item,character(0),NULL,Tanisha Cherislin,There's a right tool for every job.
crd_f25d2634d58b4a00ab2ac2f2753b8116,3,NA,4,2,Emerald,Location,character(0),NULL,Douglas De La Hoz,NA
crd_cb5f4cea3a664d12952b12a0a30fbbf3,7,3,4,3,Ruby,Character,Boost,"c(""Storyborn"", ""Hero"", ""Whisper"")",Rodrigo Camilo,NA
crd_4209198480ed495d9d5ed7608ece035f,2,3,3,1,Ruby,Character,Boost,"c(""Dreamborn"", ""Villain"", ""Ghost"")",Lissette Carrera,This grim future is but one possibility.
crd_39f53f01a4b948a886a82a0c6bf742a3,1,2,2,1,Ruby,Character,character(0),"c(""Storyborn"", ""Ally"")",Hana Augustine,"Bob Cratchit: ""That Fred, always so full of kindness.""
Ebenezer Scrooge: ""Aye, he always was a little peculiar."""
crd_85d6bd70dfe74990af90d215e5010a8d,3,5,3,1,Ruby,Character,character(0),"c(""Storyborn"", ""Super"", ""Villain"")",Isaiah Mesq,"Looks like Taurus Bulba's new computer brain has the same old disposition.
—Launchpad"
crd_f5ec9aa34cb2438fb19806535e9ffcc5,6,8,5,0,Ruby,Character,"c(""Reckless"", ""Rush"")","c(""Storyborn"", ""Hero"")",Gonzalo Kenny,"""I won't get lost, Chief. I can smell my way back."""
crd_96a789fd5e1943adbb12361ff791aec9,4,4,3,2,Ruby,Character,character(0),"c(""Storyborn"", ""Hero"", ""Princess"")",Julian del Rey,NA
crd_d6b606b2691f493bb74f2faf13339c28,4,4,3,2,Ruby,Character,Rush,"c(""Storyborn"", ""Hero"", ""Deity"")",Isaiah Mesq,"""This has to be worth at least three chee hoos!"""
crd_e10790e2f76f46f4aeb38d35164934b1,2,1,4,2,Ruby,Character,character(0),"c(""Storyborn"", ""Mentor"")",Carmine Pucci,It had been his duty and his honor to serve the Empire.
crd_109b0bfb7a374953b896f3d6d051c099,2,4,2,0,Ruby,Character,Reckless,"c(""Storyborn"", ""Super"", ""Villain"")",Veronica Di Lorenzo / Livio Cacciatore,NA
crd_8d6d9d233b644d8d88baf2a34751328b,3,4,4,1,Ruby,Character,character(0),"c(""Storyborn"", ""Hero"", ""Gargoyle"", ""Detective"")",Jenna Gray,"""I'll never get the hang of jumping off rooftops."""
crd_d79f18fa0da949079077eb5ecaad8426,2,2,3,1,Ruby,Character,Evasive,"c(""Storyborn"", ""Mentor"", ""Queen"")",Patri Balanovsky,"""Oh, dear. Look at the ice! Do you think this means...?"""
crd_9315eb79ba14485fa0ecc0b6dcabd054,3,3,4,1,Ruby,Character,character(0),"c(""Storyborn"", ""Mentor"", ""King"")",Patri Balanovsky,"""It's just as we feared."""
crd_c7e5c7bde26548919587cb50662ebef3,2,4,2,1,Ruby,Character,character(0),"c(""Storyborn"", ""Super"", ""Villain"")",Julian del Rey,"""Only someone so dastardly, so despicable, so disdainful of the utterly defenseless would dare perform such a deed!""
—Darkwing Duck"
crd_6f9057fdce974222a39f3a84c51114ec,5,6,5,1,Ruby,Character,Shift,"c(""Floodborn"", ""Super"", ""Villain"")",Cam Kendell,NA
crd_993a0b8e1985452d8ea6f90459a6e294,1,0,3,1,Ruby,Character,Boost,"c(""Storyborn"", ""Hero"", ""Prince"", ""Deity"", ""Whisper"")",Marcel Berg,NA
crd_cde01953c3aa414290991fddcffe4651,2,3,1,1,Ruby,Character,Rush,"c(""Storyborn"", ""Hero"", ""Prince"")",Omar Lozano,NA
crd_bf26fddf7a2741a48dbe56961de6a5cb,4,5,5,1,Ruby,Character,Evasive,"c(""Storyborn"", ""Alien"")",Kevin Slawinski,"""All right, Slushy. Do your stuff.""
–Lilo"
crd_aeb75ac2ab524eb690b3b96aeddc80cc,5,5,5,2,Ruby,Character,character(0),"c(""Storyborn"", ""Ally"", ""Ghost"")",Kevin Slawinski,"""Tonight, you will be visited by three spirits. Listen to 'em."""
crd_9ec4271d84b44a8f8ac40e0d1ea0bf0a,3,1,2,2,Ruby,Character,character(0),"c(""Storyborn"", ""Hero"")",Louis Jones,"""Skiing really is quite simple, once you get the hang of it.""
—Narrator"
crd_22e26220f81745b394485c0cb6ef2c2d,9,4,4,2,Ruby,Character,character(0),"c(""Storyborn"", ""Ally"")",Lauren Levering,NA
crd_e9a1997821d647d5b13378a801921bf6,6,5,5,1,Ruby,Character,Shift,"c(""Floodborn"", ""Hero"", ""Queen"", ""Sorcerer"")",Nicholas Kole,NA
crd_a06d887649d146a89f4c56939b02ad13,4,4,3,1,Ruby,Character,character(0),"c(""Storyborn"", ""Villain"")",Hedvig H-S,NA
crd_a6f3c215973844fc8ae5cbc2a4ea388f,3,2,2,2,Ruby,Character,character(0),"c(""Storyborn"", ""Hero"", ""Queen"", ""Sorcerer"")",Hollie Hibbert,"""The vine is worse than I thought. I'll have to take care of this myself."""
crd_f472ec7c6a294a6498f3788b189472c4,4,7,7,2,Ruby,Character,Boost,"c(""Storyborn"", ""Ally"", ""Ghost"", ""Giant"")",Gonzalo Kenny,NA
crd_ade83b5dd75144a4b901097e22b7b8b1,4,NA,NA,NA,Ruby,Action,character(0),NULL,Lisanne Koeteeuw,"""Older sister's wrath is even more dangerous than Hamsterviel.""
—Jumba Jookiba"
crd_dbff3559ccd647889b1fb934994a2d02,2,NA,NA,NA,Ruby,Action Song,character(0),NULL,Stefano Zanchi,"Once you find your center
You are sure to win"
crd_ec2f9a5da94841b68ac5f69bfed3c1bd,4,NA,NA,NA,Ruby,Action Song,character(0),NULL,Douglas De La Hoz,NA
crd_a3e135574f3142caabee6f51a9171a40,3,NA,NA,NA,Ruby,Action Song,character(0),NULL,Amber Kommavongsa,NA
crd_4bf208bd16b043ac8eb27209b522c3c6,5,NA,NA,NA,Ruby,Action Song,character(0),NULL,Kevin Slawinski,NA
crd_0fb558452ff949e1ad997108b6f0ad06,1,NA,NA,NA,Ruby,Item,character(0),NULL,Marco Wulfr,A frightening prospect for the richest man in town.
crd_ec94f5c4a31b40c99f5b421ac7dd3acf,3,NA,NA,NA,Ruby,Item,character(0),NULL,Milica Celikovic,"""A little music and a campfire is the best way to keep warm in winter . . . well, mostly the campfire.""
—Kristoff"
crd_889f6b26a5a746d6a6cbe4139412855a,2,NA,4,1,Ruby,Location,character(0),NULL,Douglas De La Hoz,NA
crd_648f06059c3b4f8680bc932c085d6182,4,NA,8,1,Ruby,Location,character(0),NULL,Jaime Puga,NA
crd_5f6b06befa5143649062b5ac4414d7ba,1,NA,6,0,Ruby,Location,character(0),NULL,Geoffrey Boudout,"While the flowers slept, something else began to bloom."
crd_e2a1ea3f5b0d48db8e7197056581c11d,1,1,1,1,Sapphire,Character,character(0),"c(""Storyborn"", ""Ally"", ""Whisper"")",Jeanne Plounevez,"""Look, Mama—the icy magic is going away! Aren't the flowers pretty?"""
crd_9f1b0784cd5e4536bad1c85dabbd1943,5,5,5,2,Sapphire,Character,Boost,"c(""Storyborn"", ""Ally"", ""Whisper"")",Jeanne Plounevez,NA
crd_39ccc87a07884c2789a33b03738f2bb3,2,2,4,1,Sapphire,Character,character(0),"c(""Storyborn"", ""Ally"")",Aurélie Lise-Anne,"""I've always thought,"" said Pooh, ""that sometimes the smallest things are the best."""
crd_9280b9713ade4c7fb2fb651ff5a2e815,6,6,7,2,Sapphire,Character,character(0),"c(""Storyborn"", ""Hero"")",Gwawi,"Tiny Tim loves seeing the Christmas decorations at
the Winter Festival. His father, Bob Cratchit, loves
every chance to spend time with him."
crd_33f12c74df68498cb444d6a493be67ef,3,2,4,2,Sapphire,Character,Support,"c(""Storyborn"", ""Ally"")",Hana Augustine,She's always ready with a warm plate and a warm heart.
crd_6f3a637fc61e4ad084fc878c55ff543c,1,2,1,1,Sapphire,Character,character(0),"c(""Storyborn"", ""Ally"")",Yu Nguyen / Mariana Moreno,"Sometimes, people just need to know there's someone watching over them."
crd_864fbdcc6f91431db5a365dd2aa4dba1,1,1,2,1,Sapphire,Character,character(0),"c(""Storyborn"", ""Ally"", ""Inventor"")",Kamil Murzyn,"""It's clear you're the brains of this operation, Honker.""
—Darkwing Duck"
crd_44777bc0e3f44e018e9fad2f10644de8,3,2,2,3,Sapphire,Character,character(0),"c(""Storyborn"", ""Ally"")",Andrea Parisi,"""You loved your gold more than that precious
creature. And you lost her forever.""
—Ghost of Christmas Past, to Scrooge"
crd_39abc3bfefc14489beca55a40a48153c,2,4,1,1,Sapphire,Character,Ward,"c(""Storyborn"", ""Super"", ""Hero"", ""Detective"")",Serena Wade,"""The noble visage of one of history's greatest detectives, carved by one of history's other greatest detectives: me."""
crd_7d28f2a0002d4255a41bd0f03d6d8ea5,3,3,4,1,Sapphire,Character,Boost,"c(""Storyborn"", ""Ally"", ""Ghost"")",Simone Tentoni,NA
crd_be96288326484fd880acd268246cc300,5,3,5,2,Sapphire,Character,Shift,"c(""Floodborn"", ""Ally"")",Vanessa Morales,NA
crd_600ad28b57694ad2b078261118277ad2,12,6,6,2,Sapphire,Character,character(0),"c(""Storyborn"", ""Mentor"")",Florencia Vazquez,"""Ice fishing? No, no—this is ice feeding!"""
crd_dc802d9673ac4bd3ae7f6976a4faae09,3,1,3,2,Sapphire,Character,character(0),"c(""Storyborn"", ""Ally"")",French Carlomagno,NA
crd_79e8c2e58ef1439ba301da0ec23f1f08,4,3,5,1,Sapphire,Character,character(0),"c(""Dreamborn"", ""Super"", ""Hero"", ""Detective"")",Alice Pisoni,"""I've got things in here that haven't even been tested yet!"""
crd_bdaa50ed73874775b00eead51a5c83de,4,2,4,1,Sapphire,Character,character(0),"c(""Storyborn"", ""Hero"")",Patri Balanovsky,"""Oh, bother! Empty again!"""
crd_8ce2b4cc2aff4ed9b3bc3fe2b1d78b18,6,4,6,2,Sapphire,Character,Shift,"c(""Floodborn"", ""Hero"")",Randy Bishop,NA
crd_dd7610ea1502422199f68ea86fce5b19,2,1,2,2,Sapphire,Character,Ward,"c(""Storyborn"", ""Super"", ""Villain"")",Randy Bishop,NA
crd_cc4685ee359648a9b100d7a20c00ee5f,5,5,5,1,Sapphire,Character,Boost,"c(""Storyborn"", ""Ally"", ""Ghost"")",Valerio Buonfantino,NA
crd_d598d22b1dbf4566bede003c3af9e0a8,5,4,4,2,Sapphire,Character,character(0),"c(""Storyborn"", ""Hero"", ""Princess"")",Rizal Badar,"""I've never seen anything like this before! It's so dazzling, so beautiful. So . . . cold."""
crd_1ec6bad52ccc4a4facc7bbe7e7aa6c53,7,6,6,1,Sapphire,Character,"c(""Boost"", ""Ward"")","c(""Storyborn"", ""Villain"", ""Whisper"")",Kamil Murzyn,NA
crd_5c9d96ae2b6248f19d3a431a93576adb,3,3,3,1,Sapphire,Character,character(0),"c(""Storyborn"", ""Ally"")",Gwawi,NA
crd_c38c857e2cbd433699e354e085a4625c,4,2,3,2,Sapphire,Character,character(0),"c(""Storyborn"", ""Hero"", ""Princess"")",Matthew Robert Davies,What the Beast didn't know was that her father had taught her how to throw a perfect snowball.
crd_df33ab22a6b1429781e4be47ec28e350,2,3,2,1,Sapphire,Character,character(0),"c(""Storyborn"", ""Hero"")",Serena Wade,NA
crd_d5104ffcc4cc4473b8f4ffba12447855,3,3,2,1,Sapphire,Character,character(0),"c(""Storyborn"", ""Villain"")",Matt Chapman,"""You work all your life to get money, and people want you to give it away."""
crd_1bd99dad44d341dda6d1f73ffb2bc529,5,4,5,2,Sapphire,Character,character(0),"c(""Storyborn"", ""Mentor"", ""King"")",Valentin Palombo,"""And still a spark of hope burned in their hearts..."""
crd_8c8dd7b9235e4b778aeff7b8b4da14ce,3,NA,NA,NA,Sapphire,Action,character(0),NULL,Hana Augustine,"""What's wrong, Scrooge? I thought you enjoyed looking down on the world!""
—The Ghost of Christmas Past"
crd_7e294ae586f24eddae3b7d1263c73ee7,5,NA,NA,NA,Sapphire,Action Song,character(0),NULL,Hyuna Lee,NA
crd_8ca0325f7667410d8b83628e02028294,2,NA,NA,NA,Sapphire,Action,character(0),NULL,Andrea Parisi,"""Be off with you, spirits! Can't a man enjoy his meal in peace?"""
crd_0d28e0cfc9ea44d4a568fa034fc67dbd,2,NA,NA,NA,Sapphire,Action,character(0),NULL,Simangaliso Sibaya,NA
crd_9d937b1e551d47c18d97a54494378368,1,NA,NA,NA,Sapphire,Item,character(0),NULL,Hana Augustine,NA
crd_f87c783d2fe2456687533d4b5f641131,1,NA,NA,NA,Sapphire,Item,character(0),NULL,Louis Jones,"""We all need a little help from time to time.""
—Mrs. Cratchit"
crd_2663ccb2084547c0a55220f63f46a36c,3,NA,NA,NA,Sapphire,Item,character(0),NULL,Danielle Powers,NA
crd_51455b45e452420caabc777bd7bd1ee5,3,NA,NA,NA,Sapphire,Item,character(0),NULL,Phillip Kruse,NA
crd_7e0852ee050446dd96742b3986444917,2,NA,NA,NA,Sapphire,Item,character(0),NULL,Eva Widermann,NA
crd_1416db548e594c8baff2fab420ae3c59,3,3,3,2,Steel,Character,Boost,"c(""Storyborn"", ""Hero"", ""Princess"", ""Whisper"")",Grace Tran,NA
crd_31c0320e66744254b1a8a70f108427aa,3,2,5,1,Steel,Character,character(0),"c(""Dreamborn"", ""Ally"")",Julian del Rey,"""No one'll crash the gate while I'm here. And I know about crashing!"""
crd_6c7e5e05d9ad44ceb4f84c5a82ee8c6b,5,7,6,1,Steel,Character,character(0),"c(""Dreamborn"", ""Hero"", ""Prince"")",Luca Pinelli,"""Achidanza! I've never been this cold in my life. It's so... invigorating!"""
crd_b776bea5bc784d669be7db1efd244ef3,1,2,2,1,Steel,Character,character(0),"c(""Storyborn"", ""Super"", ""Hero"", ""Detective"")",Sergio Mancinelli,"""I am the terror that flaps in the night! I am the chill that runs up your spine! I am Darkwing Duck."""
crd_b63df19a6a2e47edb0325ce080a7ac04,3,2,5,1,Steel,Character,Challenger,"c(""Storyborn"", ""Hero"", ""Captain"")",Randy Bishop,"""My father was strict and stern, but he made me who I am."""
crd_e58426a12e4840d1a58c49c2a147f6b4,1,3,3,1,Steel,Character,character(0),"c(""Storyborn"", ""Alien"", ""Captain"")",Luis Huerta,"""I'd better be getting paid for this."""
crd_5dd9c7a6d0ca4d4e9b0891adf35e1a99,2,2,3,1,Steel,Character,character(0),"c(""Storyborn"", ""Ally"")",Lissette Carrera,"""Excuse my sidekick. His brain seems to be having an out-of-body experience.""
—Darkwing Duck"
crd_d7b4bc07ebf4418eab82165a82343d18,5,4,6,2,Steel,Character,character(0),"c(""Storyborn"", ""Hero"")",Matt Chapman,"""Where are the brakes on this doggone thing?!"""
crd_a26bf7d81173483589a2df5446ab1ec0,3,2,5,1,Steel,Character,character(0),"c(""Storyborn"", ""Ally"")",Luis Huerta,"""Sonny, you've got a lot of learnin' to do about a-sniffin' and a-smellin'."""
crd_da80d9da41e84566969a1c1585dfc75c,4,6,4,1,Steel,Character,character(0),Storyborn,Omar Lozano,"""I heard two of them foxes skitterin' about. Shouldn't be long now..."""
crd_a878e31ab9a94c4ba48079ebff6b155e,5,6,5,1,Steel,Character,Bodyguard,"c(""Dreamborn"", ""Ally"", ""Detective"")",Patri Balanovsky,"""If this storm keeps up, every neighborhood will be like Tundratown."""
crd_d7aa2aa9bd12495096d00d33c6f09821,3,3,3,1,Steel,Character,character(0),Storyborn,Andrea Femerstrand,"""What'd you go and do that for?"""
crd_cf304010edfd42ddb7e2a2ee5702f7ab,7,9,5,2,Steel,Character,Shift,"c(""Floodborn"", ""Hero"", ""Captain"")",Carmine Pucci,"""The best way I can honor my father's memory is to finish his fight."""
crd_b10b1d80d4a94ec5b2ed59c1318bb046,2,1,4,1,Steel,Character,character(0),"c(""Storyborn"", ""Hero"")",Maria Dresden,"""For a warming winter tea, add the following Lorcana spices to your cup: frosted peppercorns, silver cardamom, wishing star anise.""
—Hana's Herbarium"
crd_7e2cac54dd5d4e0ea2db87cf752df00a,2,3,2,1,Steel,Character,character(0),"c(""Storyborn"", ""Hero"", ""Alien"")",Kuya Jaypi,"""No more caffeine for you.""
—Lilo"
crd_fa25fc0098884a649dc40a9e0551cff2,8,5,5,2,Steel,Character,character(0),"c(""Storyborn"", ""Villain"", ""Alien"", ""Inventor"")",Jiahui Eva Gao,NA
crd_d0248ffc9fe545b68653691286a005c6,3,2,3,1,Steel,Character,character(0),"c(""Dreamborn"", ""Ally"", ""Gargoyle"")",Jenna Gray,NA
crd_a74daac05bd643ce8913eec4fcbf2bdc,5,4,5,2,Steel,Character,Challenger,"c(""Storyborn"", ""Super"", ""Detective"")",Randy Bishop,NA
crd_a1e3f0b6249140fcbab13e33ef76fba8,3,2,4,1,Steel,Character,character(0),"c(""Storyborn"", ""Alien"")",Hollie Hibbert,NA
crd_a0d09a062bc54cceb56ecef2636860c3,4,3,5,3,Steel,Character,character(0),"c(""Dreamborn"", ""Alien"")",Amber Kommavongsa / Laura Galiano,"""Mr. Pleakley?! Are you responsible for this snowball? You are a member of the Galactic Council—have some self-respect!"""
crd_e4d3bcc244e44eefae088a4970acffc5,4,3,3,1,Steel,Character,character(0),"c(""Storyborn"", ""Ally"", ""Alien"")",Oggy Christiansson,NA
crd_5215a54a63fe44f38f2e56f30d6847e6,7,6,8,2,Steel,Character,Shift,"c(""Storyborn"", ""Super"", ""Hero"", ""Detective"")",Cam Kendell,NA
crd_26b1e9d58acf429aa2d77f89f6534c16,5,3,6,2,Steel,Character,Bodyguard,"c(""Dreamborn"", ""Hero"")",Grace Tran,NA
crd_bc75672185f940fc88f84192ceff4973,2,2,2,1,Steel,Character,Resist,"c(""Dreamborn"", ""Hero"", ""Detective"")",Matteo Marzocco,NA
crd_f86297c4c6f940cc8135cd806d96105a,2,1,2,2,Steel,Character,character(0),"c(""Dreamborn"", ""Hero"")",Malia Ewart,"""My big dumb sister said I had to wear warm clothes, so I took ALL of them."""
crd_491b1cb4aadf4bf999230048abf2cf0b,2,NA,NA,NA,Steel,Action Song,character(0),NULL,Jaime Puga,NA
crd_e615766ea0d647aba10803d596d3adb7,2,NA,NA,NA,Steel,Action,character(0),NULL,Eri Welli,"""The first rule of superheroing is always utilize the element of surprise.""
—Darkwing Duck"
crd_bdf35f1859df44e19594261c5bcede11,4,NA,NA,NA,Steel,Action Song,character(0),NULL,French Carlomagno,NA
crd_6e3ec107e64e498ca64d1a4de4e6abb9,1,NA,NA,NA,Steel,Action,character(0),NULL,Matthew Oates,"""Well, that backfired. Anyone know how to thaw an Illuminary?""
—Shanzay, an Illumineer"
crd_60d34f2b1b38499e8f7a5915a0a7e59c,1,NA,NA,NA,Steel,Action,character(0),NULL,Matteo Marzocco,"""I designed this creature for to be unstoppable.""
—Jumba Jookiba"
crd_472838feca334c31913db3f2fc0b39db,1,NA,NA,NA,Steel,Item,character(0),NULL,Matt Chapman,NA
crd_997f90baa0e94ea6bf9babc7ded3bc8a,3,NA,NA,NA,Steel,Item,character(0),NULL,Jake Murphy,NA
crd_1d63cf69c7e24c3dabc4475484568e70,2,NA,NA,NA,Steel,Item,character(0),NULL,Cristian Romero,NA
crd_22e1f1dc8f434e0a87d5335d7a6b2984,4,NA,8,1,Steel,Location,character(0),NULL,Sergio Mancinelli,NA
crd_801cd6ba9a3048499af41d6186fa4100,4,3,4,2,Amber,Character,Support,"c(""Dreamborn"", ""Hero"", ""Princess"")",Kiersten Hale,"""This cocoa will warm you up like a hug from your mama."""
crd_d8dddac12b0749ba9c6510af447895bd,2,1,2,1,Amber,Character,character(0),"c(""Storyborn"", ""Mentor"")",Mariana Moreno,"""I haven't had this much excitement in 200 years."""
crd_adca393d2367497aac99f2c4dd29b8ce,5,4,5,2,Amber,Character,character(0),"c(""Storyborn"", ""Hero"", ""Alien"")",Jochem van Gool,"""First one down the mountain gets all the marshmallows for their cocoa!""
—Lilo"
crd_899fe35731aa4f609bb72a19d7e831c8,4,4,3,1,Amethyst,Character,character(0),"c(""Storyborn"", ""Tigger"")",Simone Tentoni,"""What do you mean, can Tiggers bounce in the snow? Just watch!"""
crd_9702c37c04864acd9912592d55d9dce0,2,2,3,1,Amethyst,Character,character(0),"c(""Storyborn"", ""Hero"", ""Queen"")",Maria Dresden,"Even in the deep forest, Anna could see the vine poking above the treetops."
crd_13f9925099454b7a8fd6225381d11061,3,3,4,1,Amethyst,Character,Boost,"c(""Storyborn"", ""Ally"", ""Whisper"")",Diego Machuca,NA
crd_629d577b144c424286035635ec968b4a,3,2,3,2,Emerald,Character,character(0),"c(""Storyborn"", ""Hero"")",Gwawi,NA
crd_239773eb4b194139916d4c31bba66356,5,3,2,3,Emerald,Character,character(0),"c(""Storyborn"", ""Ally"", ""Dragon"")",Matteo Marzocco,"""You want a snowball? I'll give you a snowball. I'll give you the biggest snowball you've ever seen!"""
crd_84aa488aa433406493abed00a9d99611,5,3,4,2,Emerald,Character,Ward,"c(""Storyborn"", ""Ally"")",Giulia Iacopini,NA
crd_366f46e2c0bc4366832935158a49cdb4,1,0,3,1,Ruby,Character,Boost,"c(""Storyborn"", ""Hero"", ""Prince"", ""Deity"", ""Whisper"")",Marcel Berg,NA
crd_d66016477d454f19abf12684a50221ef,3,2,2,2,Ruby,Character,character(0),"c(""Storyborn"", ""Hero"", ""Queen"", ""Sorcerer"")",Hollie Hibbert,"""The vine is worse than I thought. I'll have to take care of this myself."""
crd_05285db16a3b4cb28941b7a24913d33f,3,1,2,2,Ruby,Character,character(0),"c(""Storyborn"", ""Hero"")",Louis Jones,"""Skiing really is quite simple, once you get the hang of it.""
—Narrator"
crd_5da5944a7e9240aab2d30466337643c3,4,2,4,1,Sapphire,Character,character(0),"c(""Storyborn"", ""Hero"")",Patri Balanovsky,"""Oh, bother! Empty again!"""
crd_ea1ae83b3c414a2a838398390473ebc6,3,3,4,1,Sapphire,Character,Boost,"c(""Storyborn"", ""Ally"", ""Ghost"")",Simone Tentoni,NA
crd_7379a15083914913b21c37d59e503c0c,2,3,2,1,Sapphire,Character,character(0),"c(""Storyborn"", ""Hero"")",Serena Wade,NA
crd_197bd1d5d07843d49d892ea9536fcbed,5,4,6,2,Steel,Character,character(0),"c(""Storyborn"", ""Hero"")",Matt Chapman,"""Where are the brakes on this doggone thing?!"""
crd_b7a2a60eb9d34fd986cf0bd44e2a1f1a,2,2,2,1,Steel,Character,Resist,"c(""Dreamborn"", ""Hero"", ""Detective"")",Matteo Marzocco,NA
crd_b3924beae9a04927adc0e542f5656aa0,3,3,3,2,Steel,Character,Boost,"c(""Storyborn"", ""Hero"", ""Princess"", ""Whisper"")",Grace Tran,NA
crd_41acb92e0c494214949c72c409593b50,6,3,5,2,Amber,Character,character(0),"c(""Floodborn"", ""Hero"")",Domenico Russo,NA
crd_87abaabc59344ef1bfed548f0b6753bf,3,NA,NA,NA,Amber,Action,character(0),NULL,Kei Yotsuba,NA
crd_b3c4b83755bd417bb09f35ffea57cb68,8,NA,NA,NA,Amber,Action,character(0),NULL,Jane Pica,NA
crd_758bab20496f4673991e53ac59f1bcaa,9,5,5,2,Amethyst,Character,character(0),"c(""Storyborn"", ""Ally"")",Gabby Zapata,NA
crd_862f8b58a6e247cd865509856286449e,5,5,5,1,Amethyst,Character,character(0),"c(""Floodborn"", ""Hero"", ""Queen"")",Giulia Riva,NA
crd_8ef1d474eb68402e8d35e2aa3bce689a,4,NA,NA,NA,Amethyst,Action Song,character(0),NULL,Miguel Lasarte,NA
crd_5eb205c36e0b4038a8a46aa47dd50b0f,2,1,4,0,Emerald,Character,character(0),"c(""Storyborn"", ""Hero"", ""Princess"")",Juan Pablo Velázquez,NA
crd_2319774247e242a19dfa6a0fe584fff0,7,6,6,2,Emerald,Character,"c(""Evasive"", ""Shift"")","c(""Floodborn"", ""Hero"")",Maria Luisa Petrarca,NA
crd_d0659baf8fad4748ae9abf7260279d8c,4,NA,NA,NA,Emerald,Action,character(0),NULL,Steph Laberis,NA
crd_580ca4f029554dd68409aac983fdae69,5,6,5,1,Ruby,Character,Shift,"c(""Floodborn"", ""Super"", ""Villain"")",Lyle Cruse,NA
crd_b35b509f95d441c1bd11ec67d755db5d,6,5,5,1,Ruby,Character,Shift,"c(""Floodborn"", ""Hero"", ""Queen"", ""Sorcerer"")",Juliette Oberndorfer,NA
crd_e3dbc3e8ae3543059ee67af1d144c576,3,NA,NA,NA,Ruby,Action Song,character(0),NULL,Elsa Chang,NA
crd_b30562a95420404b911886bcfc9e7a9c,6,4,6,2,Sapphire,Character,Shift,"c(""Floodborn"", ""Hero"")",Marco Guadalupi,NA
crd_9652fdf2822645ee91302352c74c9d6a,4,2,3,2,Sapphire,Character,character(0),"c(""Storyborn"", ""Hero"", ""Princess"")",Jane Pica,NA
crd_82807328c2514c0d8f22366b4720a583,7,6,6,1,Sapphire,Character,"c(""Boost"", ""Ward"")","c(""Storyborn"", ""Villain"", ""Whisper"")",Joey Chou,NA
crd_fbad358f2f804554838545c738341380,4,3,3,1,Steel,Character,character(0),"c(""Storyborn"", ""Ally"", ""Alien"")",Juan Pablo Velázquez,NA
crd_789d5871174e4da293165a39bdfece14,7,6,8,2,Steel,Character,Shift,"c(""Storyborn"", ""Super"", ""Hero"", ""Detective"")",Kei Yotsuba,NA
crd_656cd1bfb0084f92bfd003ca69b3b3c9,4,NA,NA,NA,Steel,Action Song,character(0),NULL,Juan Pablo Velázquez,NA
crd_40a3f6d8de604ff085fa5629597780a3,5,3,6,2,Amber,Character,Shift,"c(""Floodborn"", ""Hero"", ""Princess"")",Domenico Russo,NA
crd_b73d08030c9646ab8a227158b8e453d4,5,4,4,2,Sapphire,Character,character(0),"c(""Storyborn"", ""Hero"", ""Princess"")",Leslie Strock,NA
