card_id,tier_group,price,tier,age_days,log_price,weight,premium_log,true_log_value,tier_fair_usd,ask_vs_fair,name,version,rarity,true_value_usd,deal_pct
crd_77b92f4bb7d2460ea85b9d547cb8e72f,graded,4150.0,PSA_10,2.0,8.330863613224745,0.47742080195520825,1.8374737602039684,7.693612249126989,13781.549851588596,-1.2002223961062128,Minnie Mouse,Sweetheart Princess,Iconic,2194.2865733062567,-0.698872765059756
crd_5b53a4c5b3854ab0ba71dd388aaa0d9f,graded,2150.0,PSA_10,9.0,7.673223121121708,0.4061261981781178,1.8374737602039684,7.03163684286854,7108.955477489186,-1.1958874819508,Ariel,Ethereal Voice,Iconic,1131.8818073780278,-0.697564570940405
crd_4d10d4cd91454ff389318fd9a19a879f,graded,6480.0,PSA_10,1.0,8.776475789346321,0.48857998421712295,1.8374737602039684,8.130197178021778,21325.75845557708,-1.1911951488794248,Mickey Mouse,Brave Little Prince,Iconic,3395.4690110017727,-0.6961421084507611
crd_40a3f6d8de604ff085fa5629597780a3,graded,1924.0,PSA_10,5.0,7.562161631225652,0.44544935907016964,1.8374737602039684,6.911200382584319,6302.326581070386,-1.1865125115626354,Pocahontas,Peacekeeper,Iconic,1003.4510447923094,-0.6947159155828404
crd_9a1c82a2d3dd4ef898fb86f089242018,graded,164.26,PSA_10,6.0,5.101450538312046,0.43527528164806206,1.8374737602039684,4.444165919088938,534.6646239950448,-1.1801891409808603,Baloo,Carefree Bear,Enchanted,85.12884387374834,-0.6927793749048893
crd_3c235410b79145c080fa8e3b000a2c60,graded,2500.0,BGS_10,1.0,7.824046010856292,0.48857998421712295,2.7612936197634506,6.240918127371316,8121.025734290746,-1.1781657362784737,Cinderella,Dream Come True,Enchanted,513.329596604566,-0.6921571139168003
crd_b35b509f95d441c1bd11ec67d755db5d,graded,1045.0,PSA_10,2.0,6.951772164398911,0.47742080195520825,1.8374737602039684,6.290386379146,3387.5429339958905,-1.1760879749510567,Elsa,Ice Artisan,Enchanted,539.36168693747,-0.6915168249196667
crd_0a9db863f78c46429d3f1835d046bb2e,graded,202.5,PSA_10,6.0,5.310739886546594,0.43527528164806206,1.8374737602039684,4.641699057784507,651.4318706199583,-1.168432931441881,Robin Hood,Champion of Sherwood,Enchanted,103.72042495353912,-0.6891463111755897
crd_ee5abfdfaa9d469e93dd20e1253ed1d0,graded,91.85,PSA_10,6.0,4.520156811661135,0.43527528164806206,1.8374737602039684,3.8459088048766024,293.942028252383,-1.163225753419436,Lady Tremaine,Sinister Socialite,Enchanted,46.801198186738354,-0.6875234190017352
crd_580ca4f029554dd68409aac983fdae69,graded,202.5,PSA_10,0.0,5.310739886546594,0.5,1.8374737602039684,4.632513143154335,645.4752733513258,-1.159247016811709,Negaduck,Public Enemy Number One,Enchanted,102.77202063400269,-0.6862776804003438
crd_a44f1da598c94ec18b4060bb1e932c66,graded,45.0,PSA_9,6.0,3.8066624897703196,0.43527528164806206,0.536857305571269,4.417844061913489,141.84024193936176,-1.1480388777144386,Mother Gothel,Knows What's Best,Enchanted,82.91732789181833,-0.682741657905251
crd_ae42b2ab4e074f3e91c29d4ba2c3e601,graded,134.95,PSA_10,6.0,4.9049043394640135,0.43527528164806206,1.8374737602039684,4.207009608334029,421.77979647195696,-1.1395790290739836,Kida,Protector of Atlantis,Enchanted,67.15541824082855,-0.6800463153313403
crd_aa13ad9fe176464bac51e72c45dd6914,graded,310.0,PSA_9,2.0,5.736572297479192,0.47742080195520825,0.536857305571269,6.339090388130046,968.6929549310754,-1.139375396222123,Dumbo,Ninth Wonder of the Universe,Enchanted,566.2809811397012,-0.6799811556159637
crd_26dd3cd037974467a3c4078d58f4ae25,graded,44.99,CGC_10,3.0,3.806440242853081,0.4665164957684037,1.261937946767605,3.682143176403654,140.34183472552724,-1.1376408803181777,Madam Mim,Purple Dragon,Enchanted,39.73145440593027,-0.6794255961667528
crd_248b8f0ae7a84f368e48086307f50ff7,graded,102.5,CGC_10,2.0,4.629862798578463,0.47742080195520825,1.261937946767605,4.50149825476639,318.440677422469,-1.1335734029555322,Jafar,High Sultan of Lorcana,Enchanted,90.152100980785,-0.6781190115858996
crd_dbecb4ca526f46ac8faa1a361f1c8bdf,graded,44.51,PSA_9,6.0,3.795713883027763,0.43527528164806206,0.536857305571269,4.379738776328317,136.53706031308252,-1.120882198871823,Mirabel Madrigal,Musically Talented,Enchanted,79.81718054460745,-0.6740079221133253
crd_68c45595c25041f3bcf2073a5b533edd,graded,95.76,ACE_10,36.0,4.561845061249718,0.21763764082403103,1.6057765256190977,4.067549336937604,291.00075525807597,-1.1114808013069837,Ursula,Sea Witch Queen,Enchanted,58.413634902292166,-0.6709286891194677
crd_c2a0cc56159841db921d13a52589d13a,graded,425.0,PSA_10,5.0,6.052089168924417,0.44544935907016964,1.8374737602039684,5.308628664721605,1269.1496965297142,-1.0940132560011566,The Headless Horseman,Terror of Sleepy Hollow,Enchanted,202.07292856034258,-0.6651301251837397
crd_ee9f19ba64f54bf78ba3cf40e0cac256,graded,100.0,graded_other,116.0,4.605170185988092,0.03427578061545706,0.7914881086636676,4.899304620447644,296.1282771246416,-1.08562254312322,Scrooge McDuck,Richest Duck in the World,Enchanted,134.19642977862188,-0.6623085070734072
crd_fbad358f2f804554838545c738341380,graded,400.0,PSA_10,2.0,5.991464547107982,0.47742080195520825,1.8374737602039684,5.201479768853877,1140.1938024145509,-1.047488981949864,Angel,Experiment 624,Enchanted,181.54068145803365,-0.6491824467446384
crd_41acb92e0c494214949c72c409593b50,graded,76.0,PSA_9,4.0,4.330733340286331,0.4558612442791084,0.536857305571269,4.83778306868257,215.8622287350597,-1.0439070339675078,Lilo,Rock Star,Enchanted,126.18928841883624,-0.6479235832718134
crd_ca78ff510359490a862b871b577a5fec,graded,425.0,BGS_9.5,3.0,6.052089168924417,0.4665164957684037,1.3974563958329538,5.691957909220656,1199.2052264430429,-1.0373251361291924,Mufasa,Ruler of Pride Rock,Enchanted,296.4735209995496,-0.6455986092884279
crd_7c5be60911d844b48189f3a042abdcfa,graded,202.5,PSA_10,6.0,5.310739886546594,0.43527528164806206,1.8374737602039684,4.502106243624174,566.5583090841178,-1.0288401172815478,Ursula,Deceiver of All,Enchanted,90.20692911944687,-0.6425787129883315
crd_07d1ea2923ad44b9b2dddf78993e103b,graded,26.0,PSA_8,2.0,3.258096538021482,0.47742080195520825,-0.6445711756794924,4.925281027145104,72.29173819443359,-1.0226133134441295,Tramp,Enterprising Dog,Enchanted,137.72804152305548,-0.6403461771790406
crd_1a6358dd0385477eb83213749cb5d38f,graded,200.0,PSA_9,0.0,5.298317366548036,0.5,0.536857305571269,5.766673254280695,546.4979518504682,-1.0052131933039279,Stitch,Experiment 626,Enchanted,319.47315688565106,-0.6340333951430369
crd_7c621010e3e6471d9916eee4bcd0b11d,graded,71.0,PSA_9,2.0,4.2626798770413155,0.47742080195520825,0.536857305571269,4.726692708463432,193.16601761288408,-1.0008701369933855,Aladdin,Heroic Outlaw,Enchanted,112.92147983512059,-0.6324405251119888
crd_248b8f0ae7a84f368e48086307f50ff7,justtcg,33.22,justtcg,0.0,3.503152104185149,1.5,0.0,4.50149825476639,90.152100980785,-0.998346150581241,Jafar,High Sultan of Lorcana,Enchanted,90.152100980785,-0.6315116382359129
crd_b73d08030c9646ab8a227158b8e453d4,graded,2500.0,PSA_10,2.0,7.824046010856292,0.47742080195520825,1.8374737602039684,6.980247007736197,6752.855746421786,-0.9936747570838742,Moana,Curious Explorer,Iconic,1075.1839129428015,-0.6297862572697923
crd_4656262d1cbc478aab92978dc7729663,graded,2000.0,PSA_10,5.0,7.600902459542082,0.44544935907016964,1.8374737602039684,6.734466383535167,5281.366466755659,-0.9710376841970518,Hades,Looking for a Deal,Iconic,840.8946491149553,-0.6213101263490624
crd_51bf217683f54e1bb4e6835392851031,graded,93.0,PSA_9,2.0,4.532599493153256,0.47742080195520825,0.536857305571269,4.961901893040525,244.3885064594933,-0.966159705458538,Mickey Mouse,Trumpeter,Enchanted,142.8652521035368,-0.6194583724606766
crd_d08869cde8294b0b9f73d0f7192e2335,graded,300.0,PSA_10,1.0,5.703782474656201,0.48857998421712295,1.8374737602039684,4.8134899072708865,773.5293915950508,-0.947181192818654,Robin Hood,Sharpshooter,Enchanted,123.1606877537888,-0.6121672902675526
crd_7c421033c14c40e7a5be957ba42bb1b7,graded,61.0,PSA_10,0.0,4.110873864173311,0.5,1.8374737602039684,3.2007134529905703,154.19024747688738,-0.9273133490212269,RLS Legacy,Solar Galleon,Enchanted,24.550039249344874,-0.6043848362773806
crd_831e34ca1c2143dd82785500356c339e,graded,61.47,PSA_9,6.0,4.118549250918918,0.43527528164806206,0.536857305571269,4.483110905886144,151.40649072587456,-0.9014189605384946,The Horned King,Wicked Ruler,Enchanted,88.50958983723362,-0.5940068374526092
crd_54bfc0bd37f44871a4ef50193d58ca2c,graded,354.67,PSA_10,6.0,5.871187779685555,0.43527528164806206,1.8374737602039684,4.927008615391961,866.5175610484423,-0.8932945959103744,Simba,King in the Making,Enchanted,137.966184516142,-0.5906949657536458
crd_b20587f1945e42d59b750f9b69cc4a6b,graded,77.0,CGC_9,1.0,4.343805421853684,0.48857998421712295,0.4221935450757942,4.808956581289892,187.00776243968207,-0.8873447045120022,Minnie Mouse,Musketeer Champion,Enchanted,122.60362383833801,-0.5882523859145378
crd_69d9b22e10244e2fb65ffbdb5f99da83,graded,8071.2,BGS_10,10.0,8.99605744909417,0.3968502629920499,2.7612936197634506,7.119406259821572,19549.40010125729,-0.8846424304908531,Winnie the Pooh,Hunny Wizard,Enchanted,1235.7165210628511,-0.5871382263294659
crd_95167fa28eb2442c8d04fc67d2db7fa7,graded,269.04,ACE_10,0.0,5.594860067432014,0.5,1.6057765256190977,4.862982192358771,644.6829966880628,-0.8738986505458541,Lilo,Causing an Uproar,Enchanted,129.4095514042727,-0.5826786166501331
crd_3ecab24376cb4cd5989309e000f797c1,graded,277.0,PSA_10,6.0,5.6240175061873385,0.43527528164806206,1.8374737602039684,4.6548086034757095,660.0280695119515,-0.8682648574923393,Jafar,Striking Illusionist,Enchanted,105.0891043846117,-0.5803208790728798
crd_08b670dabf3b4ff0a56cb4525b0b57db,graded,28.97,PSA_8,6.0,3.366260811781259,0.43527528164806206,-0.6445711756794924,4.874410007994799,68.70615806905634,-0.8635780205340473,Mulan,Considerate Diplomat,Enchanted,130.89690229848742,-0.5783492948203806
crd_aed92d8e19b14ef19a92fb436dde357c,graded,510.0,PSA_10,0.0,6.234410725718371,0.5,1.8374737602039684,5.25590604308777,1203.970113988184,-0.8589690775733674,Genie,Of the Lamp,Enchanted,191.69509120788396,-0.5764014454556426
crd_eaf7db4a652b47939bddb0db4c9030e9,graded,62.0,PSA_9,6.0,4.127134385045092,0.43527528164806206,0.536857305571269,4.437342858343391,144.63309610281988,-0.8470657788695686,Cinderella,Melody Weaver,Enchanted,84.54998165255068,-0.5713290963782998
crd_ae7e15af9559439ba734caac9aa567e5,graded,37.0,PSA_9,6.0,3.6109179126442243,0.43527528164806206,0.536857305571269,3.9199197232029777,86.20921105731352,-0.8458591161300224,Gadget Hackwrench,Brilliant Bosun,Enchanted,50.396398954185265,-0.5708115229658964
crd_8ac9f95c19af4213b7c6aed341965206,graded,295.0,PSA_10,6.0,5.68697535633982,0.43527528164806206,1.8374737602039684,4.694959528470139,687.0680139288708,-0.8454579323342868,Piglet,Sturdy Swordsman,Enchanted,109.39438119425543,-0.5706393049603671
crd_266d7d17b42a44be9472057e4e6dd1b1,graded,63.88,graded_other,4.0,4.1570063233468115,0.4558612442791084,0.7914881086636676,4.204968759892622,147.888242245751,-0.8394505452094778,Captain Hook,Master Swordsman,Enchanted,67.0185039683409,-0.5680522059769404
crd_8016f590ebb344a2934d76f614fedbba,graded,760.0,PSA_10,1.0,6.633318433280377,0.48857998421712295,1.8374737602039684,5.631588849869358,1752.9627055883345,-0.8357441767929492,Beast,Gracious Prince,Enchanted,279.10522182203664,-0.5664482777772921
crd_d0659baf8fad4748ae9abf7260279d8c,graded,450.0,PSA_10,4.0,6.1092475827643655,0.4558612442791084,1.8374737602039684,5.099292170291676,1029.4355594635003,-0.8275183477312789,Freeze the Vine,,Enchanted,163.90584880077137,-0.5628672471402468
crd_789d5871174e4da293165a39bdfece14,graded,87.0,PSA_9,2.0,4.465908118654584,0.47742080195520825,0.536857305571269,4.744142426328279,196.56629074530596,-0.8150916132449648,Darkwing Duck,Cool Under Pressure,Enchanted,114.90922011522599,-0.5574012224063013
crd_80cf71e223cf491796609458b2866665,graded,250.0,CGC_10,11.0,5.521460917862246,0.38778619045843365,1.261937946767605,5.066282296569918,560.1587598806077,-0.8067593254752774,Simba,Returned King,Enchanted,158.5836630382216,-0.5536979551060044
crd_54102dba80604a609eed679b7f33fad3,graded,510.0,PSA_10,5.0,6.234410725718371,0.44544935907016964,1.8374737602039684,5.195885385141203,1133.83292994744,-0.7989484196268002,Aurora,Waking Beauty,Enchanted,180.52790878736874,-0.5501982818371298
crd_5739e1f6076840cd901a1bc283ca6e96,graded,799.0,PSA_10,5.0,6.683360945766275,0.44544935907016964,1.8374737602039684,5.6346041851798,1758.256453133327,-0.7887169996174936,Mickey Mouse,Wayward Sorcerer,Enchanted,279.9480877758329,-0.5455725479772134
crd_cf079ada81bd48cdb9290647f227982c,graded,159.32,PSA_9,6.0,5.070914758313443,0.43527528164806206,0.536857305571269,5.322288963342657,350.42484769299466,-0.7882315106004825,Rapunzel,High Climber,Enchanted,204.85224503510378,-0.5453518748773792
crd_7a288d030d1a471fbb818ccfdddc6052,graded,65.0,graded_other,4.0,4.174387269895637,0.4558612442791084,0.7914881086636676,4.170631712286337,142.89638982203064,-0.7877325510543676,Chernabog,Evildoer,Enchanted,64.7563465690221,-0.5451249672510705
crd_3f0711ce8e06486a8bde68218e75d360,graded,400.0,PSA_10,1.0,5.991464547107982,0.48857998421712295,1.8374737602039684,4.9403839866640995,878.1854121130258,-0.7863931997600861,Alice,Growing Girl,Enchanted,139.8239297774561,-0.5445153216135201
crd_e6a1d03334964fb78033020d86a5f502,graded,2200.0,PSA_10,1.0,7.696212639346407,0.48857998421712295,1.8374737602039684,6.644803328629324,4828.432157281602,-0.7860644494868856,Ariel,Adventurous Collector,Enchanted,768.7788359755419,-0.5443655562847143
crd_aa7db27471b142cfa97cd5ca3409669d,graded,255.0,PSA_10,8.0,5.541263545158426,0.4156189480713939,1.8374737602039684,4.484942805659309,556.917194702001,-0.7811530207048518,The Glass Slipper,,Enchanted,88.67187913826132,-0.5421222357186386
crd_fbccd8fc95fa45009665824b0731c3d3,graded,139.99,TAG_9,42.0,4.941570991486734,0.18946457081379978,0.825439368638622,4.892297093025289,304.2155394922277,-0.776165470177177,Lilo,Best Explorer Ever,Enchanted,133.2593318214962,-0.5398328427480721
crd_e97e4b9894fe4c9798b0d925092d3eea,graded,95.92,PSA_9,1.0,4.5635145107192585,0.48857998421712295,0.536857305571269,4.788750005449714,205.53314511360634,-0.7620928003017244,Snow White,Well Wisher,Enchanted,120.15108655347139,-0.5333112819979416
crd_e08d7a85c4e84f1e83a7521ff9c15a89,graded,11.47,PSA_8,2.0,2.4397349311412793,0.47742080195520825,-0.6445711756794924,3.844510560137015,24.531043189551454,-0.7602044533162435,Lady Tremaine,Imperious Queen,Enchanted,46.73580438649019,-0.5324291791681556
crd_f839f8a7cb9a47ae962503f3ea69bec5,graded,360.0,PSA_10,2.0,5.886104031450156,0.47742080195520825,1.8374737602039684,4.804634950424459,766.7100592187345,-0.7560046791782717,Maui,Hero to All,Enchanted,122.074919488724,-0.5304613580173523
crd_21bfac43fba64c06ab62139f3befd6c1,graded,116.0,CGC_10,2.0,4.7535901911063645,0.47742080195520825,1.261937946767605,4.238105445109354,244.70255013680114,-0.7464532007705946,Daisy Duck,Pirate Captain,Enchanted,69.2764793391057,-0.525955083283153
crd_d72f9b00497a4ff0ac7ddb0f85da659d,graded,1625.0,PSA_10,6.0,7.393263094763838,0.43527528164806206,1.8374737602039684,6.299566074542376,3418.782712725889,-0.7437767399825068,Mickey Mouse,Steamboat Pilot,Enchanted,544.335657772281,-0.5246846212392531
crd_ae4635bbf7ef4b4fb6a30c61f633fa0d,graded,51.97,graded_other,90.0,3.9506666290203505,0.0625,0.7914881086636676,3.899047783877381,108.91152904760911,-0.7398692635206983,Royal Tantrum,,Enchanted,49.355429686872064,-0.5228237042078249
crd_865641f3cac34a65a36bb2404f4e39dd,graded,355.0,PSA_10,5.0,5.872117789475416,0.44544935907016964,1.8374737602039684,4.773692641575296,743.3495574986724,-0.739048612303848,Tigger,In the Crow's Nest,Enchanted,118.35548039645666,-0.5224319481744845
crd_f5d62175b09243eda1bf9f34ea01d884,graded,305.0,PSA_10,2.0,5.720311776607412,0.47742080195520825,1.8374737602039684,4.621741035913126,638.5594602999612,-0.7389030195096824,Cruella De Vil,Style Icon,Enchanted,101.67089079842356,-0.5223624126456018
crd_c75fe9ce070a454696dd8d42c6931c68,graded,174.0,CGC_10,7.0,5.159055299214529,0.42533358047542785,1.261937946767605,4.627707370836626,361.2771230098146,-0.7305900183897025,We Could Be Immortals,,Enchanted,102.27930658625768,-0.5183752612111201
crd_45acf301d7e2469fb961cc1f06bd2889,graded,69.99,graded_other,113.0,4.248352374701448,0.03673587207136277,0.7914881086636676,4.175804838269764,143.63752619225448,-0.7189405722319835,Second Star to the Right,,Enchanted,65.09220728394217,-0.5127317919251791
crd_19431b87131547d98fef8a693077a77e,graded,84.99,graded_other,116.0,4.442533602510535,0.03427578061545706,0.7914881086636676,4.3643543982780635,173.4418712005655,-0.7133089044311962,Arthur,Wizard's Apprentice,Enchanted,78.59864014081575,-0.5099799176998103
crd_ee377c93c09341fe808b8582cbded0f2,graded,1275.0,PSA_10,2.0,7.150701457592526,0.47742080195520825,1.8374737602039684,6.020011527004788,2585.0116332143716,-0.7067838296162297,Circle of Life,,Enchanted,411.58334002245283,-0.506772045580862
crd_9c3f1e9961584a3ca4c8c32241d25d0b,graded,188.4,PSA_10,13.0,5.238567362142263,0.37027438807164104,1.8374737602039684,4.097416099208153,377.9983609171313,-0.6963224972698585,Shere Khan,Menacing Predator,Enchanted,60.18457553934871,-0.5015851403617516
crd_cbc18e77d7ec4d50bf19650a9a559686,graded,2001.0,PSA_10,6.0,7.601402334583733,0.43527528164806206,1.8374737602039684,6.4537347855805125,3988.6517510859826,-0.6898062112007484,Elsa,Spirit of Winter,Enchanted,635.0697183737709,-0.4983267216910598
crd_8b02499c992945e2990cb669d7468256,graded,122.0,ACE_10,42.0,4.804021044733257,0.18946457081379978,1.6057765256190977,3.885596644726164,242.59009577462382,-0.687352125612005,Namaari,Morning Mist,Enchanted,48.69598799811948,-0.49709406061926353
crd_458325805fc445799aabfe4c4046f89b,graded,73.1,PSA_9,1.0,4.291828366755733,0.48857998421712295,0.536857305571269,4.417322175850966,141.76623680679205,-0.6623511146665022,Beast,Relentless,Enchanted,82.87406578397743,-0.48436241487015486
crd_ad5f241dfb68479189af1ac3802327d7,graded,114.46,PSA_10,1.0,4.740225416980956,0.48857998421712295,1.8374737602039684,3.5614427341422346,221.16665101736737,-0.6586910773652468,Restoring Atlantis,,Enchanted,35.21396490356119,-0.4824717041494114
crd_a9c86e6316084d76a03b32be95977091,graded,330.0,PSA_10,6.0,5.799092654460526,0.43527528164806206,1.8374737602039684,4.6184093667873825,636.4355315397034,-0.6567904725308251,Hades,King of Olympus,Enchanted,101.33272067884478,-0.4814871520424953
crd_34dd94ad32194a96931c9e2ff311ad26,graded,60.0,graded_other,116.0,4.0943445622221,0.03427578061545706,0.7914881086636676,3.957979176954143,115.52272751407378,-0.65512272339571,Yen Sid,Powerful Sorcerer,Enchanted,52.35142601445017,-0.4806216811952404
crd_306fb0ac65b44f289a2cbacac51ba9fe,graded,405.0,PSA_10,2.0,6.003887067106539,0.47742080195520825,1.8374737602039684,4.8065628355816905,768.1896139093058,-0.6401495286791201,Donald Duck,Pie Slinger,Enchanted,122.31049292037389,-0.4727864154021027
crd_050ae6da90154532905911c8c2569802,graded,275.42,TAG_9,7.0,5.61829720529898,0.42533358047542785,0.825439368638622,5.43286903952186,522.3346153877461,-0.6400112028615021,Hades,Infernal Schemer,Enchanted,228.80475451710973,-0.47271348310786054
crd_9a1fff8a9426484ebc7fae9cb8605572,graded,2550.0,TAG_10,6.0,7.843848638152472,0.43527528164806206,2.1452402789916394,6.330101106843008,4795.059451258093,-0.6314927476821763,Spooky Sight,,Enchanted,561.213333492963,-0.4682026310787556
crd_f9edf9a591974716b2d7f02764f93737,graded,72.5,graded_other,17.0,4.283586561860629,0.3375874865420475,0.7914881086636676,4.121744823569889,136.07863704940652,-0.629646370372928,Sisu,Divine Water Dragon,Enchanted,61.66674604156432,-0.46721982544786095
crd_c607f55525894e1bbdb8121eed6bf886,raw,31.0,raw,6.0,3.4339872044851463,0.8705505632961241,0.0,4.06322993469663,58.161867051542046,-0.6292427302114838,Webby Vanderquack,Junior Prospector,Enchanted,58.161867051542046,-0.4670047305646441
crd_d2d94d7cffe349d9a618f8bdb6695f29,graded,1525.0,PSA_10,6.0,7.329749689041512,0.43527528164806206,1.8374737602039684,6.117238074066723,2848.9672360410555,-0.6249621452291789,I2I,,Enchanted,453.61012521488806,-0.4647183088987885
crd_021c1d57c42d4fb7836097cbe9eacfb7,graded,499.0,PSA_10,4.0,6.212606095751519,0.4558612442791084,1.8374737602039684,4.997563121043204,929.8626445871636,-0.6224307854956539,Belle,Strange but Special,Enchanted,148.05193450731278,-0.4633616019476253
crd_37f652aa15934d2b9bd7ad15eb18bbfb,graded,80.0,graded_other,5.0,4.382026634673881,0.44544935907016964,0.7914881086636676,4.210606116548374,148.72429536315403,-0.6200675905381603,The Islands I Pulled From the Sea,,Enchanted,67.39737809866769,-0.4620919211305961
crd_ec8ba95c2c20470ab00ef4f03c8db8ee,raw,71.31,raw,8.0,4.267036570040212,0.8312378961427878,0.0,4.886155011528085,132.44335062195,-0.6191184414878723,Mickey Mouse,Inspirational Warrior,Enchanted,132.44335062195,-0.4615811238153491
crd_c607f55525894e1bbdb8121eed6bf886,graded,197.5,PSA_10,6.0,5.285738584341177,0.43527528164806206,1.8374737602039684,4.06322993469663,365.2944332720123,-0.6149651105594218,Webby Vanderquack,Junior Prospector,Enchanted,58.161867051542046,-0.4593402417032348
crd_b42271147bf14a5e89d33571e64abb6d,graded,260.0,CGC_10,3.0,5.560681631015528,0.4665164957684037,1.261937946767605,4.909180998773475,478.72146976601726,-0.6104373145255524,Tinker Bell,Giant Fairy,Enchanted,135.52837104023388,-0.4568866942042957
crd_b5e74b533270492982dff9472aee8664,graded,130.0,CGC_10,116.0,4.867534450455582,0.03427578061545706,1.261937946767605,4.2111460049030836,238.19363889426614,-0.6055495012151066,Peter Pan,Pirate's Bane,Enchanted,67.43377498248391,-0.4542255594923473
crd_1f6ec070467643d195c82c92cf93c955,graded,800.0,BGS_9.5,23.0,6.684611727667927,0.2938869765709022,1.3974563958329538,5.880388428601656,1447.864258518878,-0.5932330967666832,Into the Unknown,,Enchanted,357.9482520483174,-0.4474620149692927
crd_68c45595c25041f3bcf2073a5b533edd,raw,32.46,raw,6.0,3.480008562086445,0.8705505632961241,0.0,4.067549336937604,58.413634902292166,-0.5875407748511585,Ursula,Sea Witch Queen,Enchanted,58.413634902292166,-0.44430782206422387
crd_40690491af114f2e810a6fd1c6ddcafa,graded,120.0,CGC_10,11.0,4.787491742782046,0.38778619045843365,1.261937946767605,4.112802859320558,215.8839092633423,-0.5872490633061176,Maleficent,Mistress of All Evil,Enchanted,61.11778226817139,-0.44414569659464515
crd_87abaabc59344ef1bfed548f0b6753bf,graded,950.0,PSA_10,0.0,6.856461984594587,0.5,1.8374737602039684,5.605749129963089,1708.2468508545664,-0.5867609055724703,Ohana Means Family,,Enchanted,271.9856016985488,-0.4438742857774017
crd_b29e4a26e9324724aab37e97a7738476,graded,405.0,PSA_10,5.0,6.003887067106539,0.44544935907016964,1.8374737602039684,4.752072217299447,727.4505160110338,-0.5856589103968766,You Came Back,,Enchanted,115.82404861697916,-0.4432611001215416
crd_ae2a969b746542268ff0bcfc735ea367,graded,69.99,PSA_10,1.0,4.248352374701448,0.48857998421712295,1.8374737602039684,2.9925011646193878,125.20782100717275,-0.5816225501219074,The Wall,Border Fortress,Enchanted,19.935482109604887,-0.4410093599824687
crd_f799b47b4b894912a8d83942d0fa4d22,raw,60.0,raw,1.0,4.0943445622221,0.9771599684342459,0.0,4.675362746971752,107.27147243700172,-0.5810181847496514,You're Welcome,,Enchanted,107.27147243700172,-0.44067142328789494
crd_bbb647e1cbe3487baa2ad65b27a999ba,graded,178.29,PSA_10,9.0,5.1834114380466785,0.4061261981781178,1.8374737602039684,3.9252872646383135,318.22574626579865,-0.5793495867956038,Pride Lands,Pride Rock,Enchanted,50.66763098715744,-0.439737349689227
crd_45acf301d7e2469fb961cc1f06bd2889,raw,36.81,raw,4.0,3.60576954739093,0.9117224885582168,0.0,4.175804838269764,65.09220728394217,-0.5700352908788342,Second Star to the Right,,Enchanted,65.09220728394217,-0.43449451883803614
crd_a8b66e0b4abe48f58f9c47dc25593197,raw,102.5,raw,4.0,4.629862798578463,0.9117224885582168,0.0,5.19322974674901,180.04912795768712,-0.5633669481705468,Jasmine,Steady Strategist,Enchanted,180.04912795768712,-0.43071093338431343
crd_6155d5f7f7da4f3da02d755d51f10fa7,graded,100.0,PSA_9,11.0,4.605170185988092,0.38778619045843365,0.536857305571269,4.626902185457983,174.82045765784042,-0.5585893050411599,Anna,True-Hearted,Enchanted,102.19698593019845,-0.42798456576677885
crd_b8f5f89ae4fa49e29637b1fffd9c9e4c,graded,92.8,CGC_10,11.0,4.530446639792155,0.38778619045843365,1.261937946767605,3.824884918815823,161.87474636305686,-0.556376225791273,Yzma,Conniving Chemist,Enchanted,45.82752617687896,-0.4267172484590909
crd_42ef053d7aab445fa7b0a2bf2e028864,raw,42.0,raw,0.0,3.7376696182833684,1.0,0.0,4.28802783003303,72.8227080284996,-0.5503582117496619,Hercules,Divine Hero,Enchanted,72.8227080284996,-0.4232568228091291
crd_3ecab24376cb4cd5989309e000f797c1,justtcg,60.83,justtcg,0.0,4.108083088332614,1.5,0.0,4.6548086034757095,105.0891043846117,-0.5467255151430956,Jafar,Striking Illusionist,Enchanted,105.0891043846117,-0.4211578797229964
crd_715c77fe8d9b410d8194beea91b7163d,graded,1025.0,PSA_10,4.0,6.932447891572509,0.4558612442791084,1.8374737602039684,5.634733638530773,1758.4840800562713,-0.5397595071622323,Can't Hold it Back Anymore,,Enchanted,279.98433033970406,-0.4171115839915932
crd_be9c85638bda44878c44cf4cc7e7cfb0,graded,730.0,PSA_10,6.0,6.593044534142437,0.43527528164806206,1.8374737602039684,5.2866437927117556,1241.5520794939614,-0.531073018773287,Powerline,World's Greatest Rock Star,Enchanted,197.67885959357682,-0.41202627577448264
crd_1a8604b7ba6c45e2bc8b32b0a70d08b5,graded,499.0,PSA_10,2.0,6.212606095751519,0.47742080195520825,1.8374737602039684,4.904268531208704,847.0352331890314,-0.5291361956611533,Mickey Mouse,Artful Rogue,Enchanted,134.86422494707887,-0.4108863711355923
crd_7a1524eb2f994287ab6de2e677431724,graded,500.0,PSA_10,1.0,6.214608098422191,0.48857998421712295,1.8374737602039684,4.905014461062831,847.6672977655761,-0.527880122844608,Baymax,Personal Healthcare Companion,Enchanted,134.964861728044,-0.41014593659802157
crd_35c968e4b25945e897940860221f9d51,graded,673.0,PSA_10,2.0,6.511745329644728,0.47742080195520825,1.8374737602039684,5.199289673878143,1137.6994021802652,-0.5250181044373834,Stitch,Carefree Surfer,Enchanted,181.1435251874046,-0.40845534531329125
crd_8ac9f95c19af4213b7c6aed341965206,justtcg,65.06,justtcg,0.0,4.175309921045206,1.5,0.0,4.694959528470139,109.39438119425543,-0.5196496074249328,Piglet,Sturdy Swordsman,Enchanted,109.39438119425543,-0.40527109994369176
crd_248b8f0ae7a84f368e48086307f50ff7,raw,53.62,raw,6.0,3.981922132807813,0.8705505632961241,0.0,4.50149825476639,90.152100980785,-0.5195761219585768,Jafar,High Sultan of Lorcana,Enchanted,90.152100980785,-0.4052273944072745
crd_51faef6e502845188f6fee9429829df2,raw,50.0,raw,2.0,3.912023005428146,0.9548416039104165,0.0,4.412400566716165,82.46719407780803,-0.5003775612880195,Goofy,Galumphing Gumshoe,Enchanted,82.46719407780803,-0.3936982995586724
crd_0fa2b60dcf3d46fbb5e61428e33d7d7d,graded,330.0,graded_other,1.0,5.799092654460526,0.48857998421712295,0.7914881086636676,5.5039824648689715,542.1108894164554,-0.49637791907211337,All Is Found,,Enchanted,245.6683522768787,-0.3912684536641167
crd_a9c86e6316084d76a03b32be95977091,raw,62.0,raw,72.0,4.127134385045092,0.18946457081379978,0.0,4.6184093667873825,101.33272067884478,-0.4912749817422908,Hades,King of Olympus,Enchanted,101.33272067884478,-0.38815419555843683
crd_5615e8aef96941acb0e5cf1cfc8988c0,justtcg,58.65,justtcg,0.0,4.0715875750994845,1.5,0.0,4.554067429348967,95.0181028106801,-0.48247985424948236,Wreck-It Ralph,Big Lug,Enchanted,95.0181028106801,-0.3827491997303097
crd_19b1f802f23a4673aac60e04df0fb2ba,raw,80.0,raw,6.0,4.382026634673881,0.8705505632961241,0.0,4.862967318920498,129.4076266536118,-0.48094068424661707,Olaf,Happy Passenger,Enchanted,129.4076266536118,-0.3817984142917813
crd_19431b87131547d98fef8a693077a77e,justtcg,48.59,justtcg,0.0,3.883417748417812,1.5,0.0,4.3643543982780635,78.59864014081575,-0.48093664986025164,Arthur,Wizard's Apprentice,Enchanted,78.59864014081575,-0.3817959202227018
crd_b5087f60fdf4442686a00fb4243fcf48,raw,139.99,raw,11.0,4.941570991486734,0.7755723809168673,0.0,5.418644162024336,225.573074532449,-0.4770731705376017,Max Goof,Chart Topper,Enchanted,225.573074532449,-0.3794028817926925
crd_831e34ca1c2143dd82785500356c339e,raw,55.0,raw,4.0,4.007333185232471,0.9117224885582168,0.0,4.483110905886144,88.50958983723362,-0.47577772065367263,The Horned King,Wicked Ruler,Enchanted,88.50958983723362,-0.3785984083629435
crd_2e1d43823fc642549ba92787523ce17f,graded,116.0,CGC_10,11.0,4.7535901911063645,0.38778619045843365,1.261937946767605,3.9628210865938884,185.81638958003725,-0.4711688422551292,Morph,Space Goo,Enchanted,52.60552154610638,-0.37572783400769416
crd_b29e4a26e9324724aab37e97a7738476,raw,72.32,raw,6.0,4.281100716083921,0.8705505632961241,0.0,4.752072217299447,115.82404861697916,-0.47097150121552556,You Came Back,,Enchanted,115.82404861697916,-0.3756046273329948
crd_98e2f67c2ee14092be9f89b31f20db4e,raw,34.0,raw,11.0,3.5263605246161616,0.7755723809168673,0.0,3.9963759718650667,54.40064290317134,-0.4700154472489051,Wreck-It Ralph,Ham Hands,Enchanted,54.40064290317134,-0.37500738620833574
crd_3088ee50256240d0b22c045f593df9a8,graded,91.0,PSA_9,2.0,4.51085950651685,0.47742080195520825,0.536857305571269,4.443306786993498,145.49825487665902,-0.469304586047917,Goofy,Super Goof,Enchanted,85.05573835987195,-0.37456294525908923
crd_b42271147bf14a5e89d33571e64abb6d,raw,84.99,raw,11.0,4.442533602510535,0.7755723809168673,0.0,4.909180998773475,135.52837104023388,-0.46664739626293983,Tinker Bell,Giant Fairy,Enchanted,135.52837104023388,-0.37289883035066296
crd_19b1f802f23a4673aac60e04df0fb2ba,graded,510.0,PSA_10,1.0,6.234410725718371,0.48857998421712295,1.8374737602039684,4.862967318920498,812.7642394563392,-0.46603035340609544,Olaf,Happy Passenger,Enchanted,129.4076266536118,-0.3725117626470123
crd_ee9f19ba64f54bf78ba3cf40e0cac256,justtcg,84.41,justtcg,0.0,4.4356858779956285,1.5,0.0,4.899304620447644,134.19642977862188,-0.46361874245201573,Scrooge McDuck,Richest Duck in the World,Enchanted,134.19642977862188,-0.3709966789783636
crd_b8f5f89ae4fa49e29637b1fffd9c9e4c,raw,28.93,raw,6.0,3.3648791189880436,0.8705505632961241,0.0,3.824884918815823,45.82752617687896,-0.46000579982777934,Yzma,Conniving Chemist,Enchanted,45.82752617687896,-0.36872001581888036
crd_016db7e8b21348aca4b407fb6d2ce26d,justtcg,21.04,justtcg,0.0,3.046425387869509,1.5,0.0,3.5041329457549675,33.25259954182874,-0.45770755788545836,Snuggly Duckling,Disreputable Pub,Enchanted,33.25259954182874,-0.36726751322002354
crd_8941521977e54d6fa2baaae91d13fb6e,graded,450.0,PSA_10,2.0,6.1092475827643655,0.47742080195520825,1.8374737602039684,4.729388458382122,711.1349526304484,-0.45761463582172457,Goliath,Clan Leader,Enchanted,113.2262985781605,-0.36720871567980845
crd_7a288d030d1a471fbb818ccfdddc6052,raw,41.0,raw,6.0,3.713572066704308,0.8705505632961241,0.0,4.170631712286337,64.7563465690221,-0.45705964558202883,Chernabog,Evildoer,Enchanted,64.7563465690221,-0.3668574252208751
crd_d0714091b2a14f478e2d7704c8eb50d8,graded,80.0,graded_other,116.0,4.382026634673881,0.03427578061545706,0.7914881086636676,4.047552226558759,126.34804176557701,-0.4570137005485453,Sisu,Empowered Sibling,Enchanted,57.25713288543538,-0.36682833479580185
crd_c43f19388b414266aeddb6cd78f7c020,raw,29.97,raw,116.0,3.4001968813285717,0.06855156123091412,0.0,3.8560565549086427,47.278542938466735,-0.45585967358007107,Ratigan,Nefarious Criminal,Enchanted,47.278542938466735,-0.3660972158341237
crd_9a1c82a2d3dd4ef898fb86f089242018,raw,54.2,raw,1.0,3.9926809084456005,0.9771599684342459,0.0,4.444165919088938,85.12884387374834,-0.4514850106433377,Baloo,Carefree Bear,Enchanted,85.12884387374834,-0.3633180302509199
crd_6d0b490fddd34aab828b26cb90a827d6,graded,90.0,PSA_9,2.0,4.499809670330265,0.47742080195520825,0.536857305571269,4.413493030616999,141.22443128481373,-0.4505406658580027,Vanellope von Schweetz,Sugar Rush Princess,Enchanted,82.55733573963163,-0.36271649897111
crd_f839f8a7cb9a47ae962503f3ea69bec5,raw,77.92,raw,11.0,4.3556826593342794,0.7755723809168673,0.0,4.804634950424459,122.074919488724,-0.44895229109017976,Maui,Hero to All,Enchanted,122.074919488724,-0.3617034496000842
crd_0bd8f734ff064b3881191b916f8354cf,graded,22.5,PSA_8,2.0,3.1135153092103742,0.47742080195520825,-0.6445711756794924,4.200658636743689,35.025888554931186,-0.44257215185382215,And Then Along Came Zeus,,Enchanted,66.73026757637048,-0.35761800975546437
crd_6a4c5fe1b3b74110acd16d725f8cc3f6,raw,25.0,raw,3.0,3.2188758248682006,0.9330329915368074,0.0,3.6611103924328505,38.90451817871835,-0.44223456756464996,Devil's Eye Diamond,,Enchanted,38.90451817871835,-0.35740111507985306
crd_cbc18e77d7ec4d50bf19650a9a559686,raw,410.99,raw,11.0,6.01856888329999,0.7755723809168673,0.0,6.4537347855805125,635.0697183737709,-0.43516590228052277,Elsa,Spirit of Winter,Enchanted,635.0697183737709,-0.3528427066993119
crd_ae7e91462bfc4861bbf97e99ed53a1c1,raw,76.0,raw,8.0,4.330733340286331,0.8312378961427878,0.0,4.762382482564918,117.02440263322687,-0.4316491422785873,Genie,On the Job,Enchanted,117.02440263322687,-0.35056280322834793
crd_42ef053d7aab445fa7b0a2bf2e028864,graded,299.99,PSA_10,3.0,5.7037491407673,0.4665164957684037,1.8374737602039684,4.28802783003303,457.3740701107478,-0.4217524494696985,Hercules,Divine Hero,Enchanted,72.8227080284996,-0.3441036132036059
crd_d7a644695e604c958aee5d0ba8fa8415,graded,149.99,PSA_10,6.0,5.010568625207268,0.43527528164806206,1.8374737602039684,3.593672923872106,228.41101058298716,-0.4205780588688057,Revive,,Enchanted,36.36740563397441,-0.34333288217073454
crd_37f652aa15934d2b9bd7ad15eb18bbfb,raw,44.27,raw,11.0,3.7903072467440495,0.7755723809168673,0.0,4.210606116548374,67.39737809866769,-0.4202988698043244,The Islands I Pulled From the Sea,,Enchanted,67.39737809866769,-0.34314952229758744
crd_2319774247e242a19dfa6a0fe584fff0,graded,403.56,ACE_10,9.0,6.000325175540179,0.4061261981781178,1.6057765256190977,4.813869975007103,613.7861027681465,-0.41932132508602127,Tod,Knows All the Tricks,Enchanted,123.20750605407338,-0.3425071076390236
crd_862f8b58a6e247cd865509856286449e,graded,1225.0,TAG_10,8.0,7.110696122978827,0.4156189480713939,2.1452402789916394,5.383120701629294,1860.054338673175,-0.41766485764210604,Anna,Soothing Sister,Enchanted,217.70059505955336,-0.34141708952770494
crd_0fa2b60dcf3d46fbb5e61428e33d7d7d,raw,162.5,raw,5.0,5.090678001769792,0.8908987181403393,0.0,5.5039824648689715,245.6683522768787,-0.41330446309917956,All Is Found,,Enchanted,245.6683522768787,-0.3385391382571918
crd_e6a1d03334964fb78033020d86a5f502,raw,510.0,raw,2.0,6.234410725718371,0.9548416039104165,0.0,6.644803328629324,768.7788359755419,-0.41039260291095303,Ariel,Adventurous Collector,Enchanted,768.7788359755419,-0.33661024974388715
crd_d2d94d7cffe349d9a618f8bdb6695f29,raw,301.0,raw,6.0,5.707110264748875,0.8705505632961241,0.0,6.117238074066723,453.61012521488806,-0.41012780931784754,I2I,,Enchanted,453.61012521488806,-0.3364345651292338
crd_3088ee50256240d0b22c045f593df9a8,raw,56.79,raw,1.0,4.039360253889341,0.9771599684342459,0.0,4.443306786993498,85.05573835987195,-0.40394653310415674,Goofy,Super Goof,Enchanted,85.05573835987195,-0.3323201809180617
crd_93ab5d88940f4610a375a928963a570f,graded,114.99,TAG_9,25.0,4.744845168060573,0.28061551207734325,0.825439368638622,4.321788287811053,171.95411301949284,-0.40238248838910184,Diablo,Devoted Herald,Enchanted,75.32320749683824,-0.33127508274858986
crd_458325805fc445799aabfe4c4046f89b,raw,55.97,raw,42.0,4.024815832903268,0.37892914162759955,0.0,4.417322175850966,82.87406578397743,-0.3925063429476978,Beast,Relentless,Enchanted,82.87406578397743,-0.32463793744724123
crd_b5e74b533270492982dff9472aee8664,raw,45.76,raw,11.0,3.8234103470715426,0.7755723809168673,0.0,4.2111460049030836,67.43377498248391,-0.38773565783154096,Peter Pan,Pirate's Bane,Enchanted,67.43377498248391,-0.3214083000412437
crd_24dfd54db49e4a5d8004c51d0882aa46,raw,47.0,raw,6.0,3.8501476017100584,0.8705505632961241,0.0,4.2367024375675735,69.1793520672048,-0.38655483585751504,The Black Cauldron,,Enchanted,69.1793520672048,-0.3206065307703158
crd_19431b87131547d98fef8a693077a77e,raw,53.49,raw,42.0,3.979494720543159,0.37892914162759955,0.0,4.3643543982780635,78.59864014081575,-0.3848596777349047,Arthur,Wizard's Apprentice,Enchanted,78.59864014081575,-0.3194538747213897
crd_f9edf9a591974716b2d7f02764f93737,raw,42.0,raw,6.0,3.7376696182833684,0.8705505632961241,0.0,4.121744823569889,61.66674604156432,-0.38407520528652084,Sisu,Divine Water Dragon,Enchanted,61.66674604156432,-0.318919795578457
crd_ad5f241dfb68479189af1ac3802327d7,raw,24.0,raw,5.0,3.1780538303479458,0.8908987181403393,0.0,3.5614427341422346,35.21396490356119,-0.3833889037942888,Restoring Atlantis,,Enchanted,35.21396490356119,-0.3184522087834284
crd_82807328c2514c0d8f22366b4720a583,raw,81.0,raw,6.0,4.394449154672439,0.8705505632961241,0.0,4.776277768305433,118.66184013124374,-0.3818286136329938,Tamatoa,Seeker of Shine,Enchanted,118.66184013124374,-0.3173879664228072
crd_758bab20496f4673991e53ac59f1bcaa,graded,2400.0,PSA_10,1.0,7.783224016336037,0.48857998421712295,1.8374737602039684,6.3274844079189085,3515.574270937846,-0.3817341517868389,Eeyore,In the Way,Enchanted,559.7467268378848,-0.3173234825843247
crd_5615e8aef96941acb0e5cf1cfc8988c0,raw,65.0,raw,0.0,4.174387269895637,1.0,0.0,4.554067429348967,95.0181028106801,-0.3796801594533301,Wreck-It Ralph,Big Lug,Enchanted,95.0181028106801,-0.31591982919812694
crd_82807328c2514c0d8f22366b4720a583,graded,510.0,PSA_10,9.0,6.234410725718371,0.4061261981781178,1.8374737602039684,4.776277768305433,745.2736963093683,-0.3793408027910301,Tamatoa,Seeker of Shine,Enchanted,118.66184013124374,-0.3156876426398185
crd_2e1d43823fc642549ba92787523ce17f,raw,36.0,raw,6.0,3.58351893845611,0.8705505632961241,0.0,3.9628210865938884,52.60552154610638,-0.3793021481377785,Morph,Space Goo,Enchanted,52.60552154610638,-0.3156611902716787
crd_8dbe711cfb4541309eb32cf37fe48997,graded,300.0,PSA_10,7.0,5.703782474656201,0.42533358047542785,1.8374737602039684,4.239136870593869,435.5504488488518,-0.37282815614163667,Clarabelle,Light on Her Hooves,Enchanted,69.34796972753998,-0.31121641409647965
crd_29df1d46e9f9463f9058c264f7b3bbd5,raw,46.57,raw,6.0,3.840956556994286,0.8705505632961241,0.0,4.212989886895944,67.5582296104473,-0.3720333299016576,Show Me More!,,Enchanted,67.5582296104473,-0.31066873320199667
crd_74f050d47ef34391ba29b8c521450dac,raw,50.0,raw,0.0,3.912023005428146,1.0,0.0,4.282833816774992,72.44544651630062,-0.3708108113468458,Prince Naveen,Ukulele Player,Enchanted,72.44544651630062,-0.30982549760736555
crd_bbb647e1cbe3487baa2ad65b27a999ba,raw,34.97,raw,41.0,3.5544905510752844,0.38778619045843365,0.0,3.9252872646383135,50.66763098715744,-0.370796713563029,Pride Lands,Pride Rock,Enchanted,50.66763098715744,-0.3098157676078494
crd_a209d31e37bc44e78b2f56cf474bde5d,graded,129.95,graded_other,24.0,4.867149761087499,0.2871745887492587,0.7914881086636676,4.446312579978337,188.2556140680577,-0.37065092755450557,Wrong Lever!,,Enchanted,85.31178291724585,-0.3097151410686706
crd_5a2ba6e63b07496d96a17d2565b2a1db,raw,46.0,raw,6.0,3.828641396489095,0.8705505632961241,0.0,4.1991330523835,66.62854253859774,-0.3704916558944049,The Sorcerer's Hat,,Enchanted,66.62854253859774,-0.3096051894973941
crd_f2493d13b19a45559af0e7ce96f079bc,graded,800.0,PSA_10,0.0,6.684611727667927,0.5,1.8374737602039684,5.214724198870717,1155.395465904473,-0.36758623140675795,Tamatoa,Happy as a Clam,Enchanted,183.96107730952133,-0.307596382703701
crd_e3dbc3e8ae3543059ee67af1d144c576,graded,2892.18,BGS_10,21.0,7.9697658220056855,0.3077861033362291,2.7612936197634506,5.572769834327369,4163.300608160263,-0.364297632085135,The Cold Never Bothered Me,,Enchanted,263.1620058419993,-0.30531559639695705
crd_35c968e4b25945e897940860221f9d51,raw,125.99,raw,11.0,4.836202538722539,0.7755723809168673,0.0,5.199289673878143,181.1435251874046,-0.3630871351556042,Stitch,Carefree Surfer,Enchanted,181.1435251874046,-0.30447417389246845
crd_67714955a33e4508913f44b8ccb08e5c,justtcg,35.72,justtcg,0.0,3.575710756008298,1.5,0.0,3.9357862786356113,51.20239348135875,-0.3600755226273131,Pete,Bad Guy,Enchanted,51.20239348135875,-0.30237636228852127
crd_77b92f4bb7d2460ea85b9d547cb8e72f,justtcg,1533.41,justtcg,0.0,7.335249292559118,1.5,0.0,7.693612249126989,2194.2865733062567,-0.35836295656787076,Minnie Mouse,Sweetheart Princess,Iconic,2194.2865733062567,-0.3011806121159809
crd_ca78ff510359490a862b871b577a5fec,raw,207.5,raw,4.0,5.335131339670753,0.9117224885582168,0.0,5.691957909220656,296.4735209995496,-0.3568265695499022,Mufasa,Ruler of Pride Rock,Enchanted,296.4735209995496,-0.30010612988161145
crd_ac531a6c2f3046d3adcffbd1b1e5228e,graded,640.0,PSA_10,6.0,6.461468176353717,0.43527528164806206,1.8374737602039684,4.976911361202841,910.8562775360468,-0.35291694505309223,Donald Duck,Flustered Sorcerer,Enchanted,145.02575701082543,-0.2973644516879645
crd_8dbe711cfb4541309eb32cf37fe48997,raw,48.75,raw,0.0,3.886705197443856,1.0,0.0,4.239136870593869,69.34796972753998,-0.3524316731500132,Clarabelle,Light on Her Hooves,Enchanted,69.34796972753998,-0.297023399653472
crd_6155d5f7f7da4f3da02d755d51f10fa7,raw,71.99,raw,0.0,4.276527220481212,1.0,0.0,4.626902185457983,102.19698593019845,-0.3503749649767709,Anna,True-Hearted,Enchanted,102.19698593019845,-0.29557609410154334
crd_d5432572fd3d4dfc95b01b682c71943c,raw,50.0,raw,6.0,3.912023005428146,0.8705505632961241,0.0,4.261832770043326,70.93988087040553,-0.3498097646151801,Rafiki,Ethereal Guide,Enchanted,70.93988087040553,-0.2951778409193969
crd_b5087f60fdf4442686a00fb4243fcf48,graded,1000.0,PSA_10,2.0,6.907755278982137,0.47742080195520825,1.8374737602039684,5.418644162024336,1416.745929936093,-0.3483626432461673,Max Goof,Chart Topper,Enchanted,225.573074532449,-0.29415713935023763
crd_a1af7dad15b64d31a696f7bbb49bfe92,raw,20.0,raw,116.0,2.995732273553991,0.06855156123091412,0.0,3.3434112080689364,28.315552388655327,-0.3476789345149456,Kuzco's Palace,Home of the Emperor,Enchanted,28.315552388655327,-0.29367438341012087
crd_67714955a33e4508913f44b8ccb08e5c,graded,79.99,graded_other,116.0,4.3819016268607305,0.03427578061545706,0.7914881086636676,3.9357862786356113,112.98718297726421,-0.3453727604385479,Pete,Bad Guy,Enchanted,51.20239348135875,-0.29204359386412937
crd_c233fd3627b24b02bd616aa62bbdc83a,raw,128.06,raw,6.0,4.852498904090656,0.8705505632961241,0.0,5.194613371515317,180.29842081439574,-0.34211446742466034,Pongo,Determined Father,Enchanted,180.29842081439574,-0.2897331023668333
crd_93ab5d88940f4610a375a928963a570f,raw,53.62,raw,6.0,3.981922132807813,0.8705505632961241,0.0,4.321788287811053,75.32320749683824,-0.3398661550032398,Diablo,Devoted Herald,Enchanted,75.32320749683824,-0.28813440396506296
crd_c51b6a26015b45f298d1664787f37234,raw,201.5,raw,6.0,5.305789381386738,0.8705505632961241,0.0,5.644218611632983,282.6526084508633,-0.3384292302462448,Belle,Accomplished Mystic,Enchanted,282.6526084508633,-0.28711077140110974
crd_fbccd8fc95fa45009665824b0731c3d3,raw,95.0,raw,11.0,4.553876891600541,0.7755723809168673,0.0,4.892297093025289,133.2593318214962,-0.33842020142474816,Lilo,Best Explorer Ever,Enchanted,133.2593318214962,-0.2871043348224605
crd_07d1ea2923ad44b9b2dddf78993e103b,justtcg,98.2,justtcg,0.0,4.58700621536042,1.5,0.0,4.925281027145104,137.72804152305548,-0.3382748117846841,Tramp,Enterprising Dog,Enchanted,137.72804152305548,-0.28700067964328513
crd_b5e74b533270492982dff9472aee8664,justtcg,48.21,justtcg,0.0,3.875566468417531,1.5,0.0,4.2111460049030836,67.43377498248391,-0.3355795364855525,Peter Pan,Pirate's Bane,Enchanted,67.43377498248391,-0.2850763580635568
crd_8941521977e54d6fa2baaae91d13fb6e,raw,81.0,raw,6.0,4.394449154672439,0.8705505632961241,0.0,4.729388458382122,113.2262985781605,-0.3349393037096826,Goliath,Clan Leader,Enchanted,113.2262985781605,-0.2846184939615821
crd_94501fb9ecad49e9a81cd51f7c31dac7,graded,275.0,TAG_9,25.0,5.616771097666572,0.28061551207734325,0.825439368638622,5.125667773434767,384.17844381084376,-0.3343360444068173,Ariel,Sonic Warrior,Enchanted,168.286481380624,-0.28418680321532913
crd_cb38cec5fa8e49139bb0377111d6d048,raw,32.46,raw,6.0,3.480008562086445,0.8705505632961241,0.0,3.8140675736455854,45.334465618993406,-0.3340590115591402,Archimedes,Electrified Owl,Enchanted,45.334465618993406,-0.2839884719761535
crd_54e413e671dc4fa3872b3481db960d47,justtcg,95.2,justtcg,0.0,4.55597994179732,1.5,0.0,4.888374511157772,132.73763505089235,-0.332394569360452,Jasmine,Desert Warrior,Enchanted,132.73763505089235,-0.2827957198160129
crd_a44f1da598c94ec18b4060bb1e932c66,justtcg,59.64,justtcg,0.0,4.088326489896538,1.5,0.0,4.417844061913489,82.91732789181833,-0.3295175720169512,Mother Gothel,Knows What's Best,Enchanted,82.91732789181833,-0.28072935396794363
crd_69d9b22e10244e2fb65ffbdb5f99da83,raw,890.0,raw,5.0,6.7912214627261855,0.8908987181403393,0.0,7.119406259821572,1235.7165210628511,-0.3281847970953864,Winnie the Pooh,Hunny Wizard,Enchanted,1235.7165210628511,-0.27977008898893513
crd_a728498e9f554bb2b5e4fd82595ed11e,raw,50.52,raw,11.0,3.9223692974822906,0.7755723809168673,0.0,4.249763461545745,70.08883168187621,-0.3273941640634548,Fantastical and Magical,,Enchanted,70.08883168187621,-0.27920042626329533
crd_72fe56f4aa85484284d8e3632d06ad9b,raw,102.5,raw,4.0,4.629862798578463,0.9117224885582168,0.0,4.956895322018987,142.15177460058615,-0.3270325234405238,Aurora,Dreaming Guardian,Enchanted,142.15177460058615,-0.27893970871625423
crd_0a9db863f78c46429d3f1835d046bb2e,raw,75.0,raw,6.0,4.31748811353631,0.8705505632961241,0.0,4.641699057784507,103.72042495353912,-0.32421094424819685,Robin Hood,Champion of Sherwood,Enchanted,103.72042495353912,-0.2769023070085209
crd_758bab20496f4673991e53ac59f1bcaa,raw,405.0,raw,6.0,6.003887067106539,0.8705505632961241,0.0,6.3274844079189085,559.7467268378848,-0.3235973408123698,Eeyore,In the Way,Enchanted,559.7467268378848,-0.2764584756253574
crd_1f6ec070467643d195c82c92cf93c955,raw,260.0,raw,0.0,5.560681631015528,1.0,0.0,5.880388428601656,357.9482520483174,-0.31970679758612874,Into the Unknown,,Enchanted,357.9482520483174,-0.2736380230600929
crd_db4137ebc57046a3ba7736adbdb01d44,justtcg,121.65,justtcg,0.0,4.801148069229532,1.5,0.0,5.119653410751049,167.27738303036904,-0.3185053415215169,Perdita,Determined Mother,Enchanted,167.27738303036904,-0.27276480659722785
crd_7ad03b4873f042bcae4da820a7061ba4,graded,175.0,PSA_10,16.0,5.1647859739235145,0.345478219991944,1.8374737602039684,3.6450537231641205,240.4536826749013,-0.31774150944457435,Gramma Tala,Spirit of the Ocean,Enchanted,38.284829578493316,-0.272209108826152
crd_1cda76d2cbe84ccda25bd2dc1b21844b,raw,85.99,raw,11.0,4.454231010422805,0.7755723809168673,0.0,4.771237351261187,118.0652397901008,-0.3170063408383825,Jafar,Newly Crowned,Enchanted,118.0652397901008,-0.2716738630872639
crd_656cd1bfb0084f92bfd003ca69b3b3c9,graded,464.09,ACE_10,14.0,6.140078498934618,0.36181730936009454,1.6057765256190977,4.84925304217906,635.8925279167183,-0.3149510688635404,Let's Get Dangerous,,Enchanted,127.64500879003114,-0.27017541545828466
crd_865641f3cac34a65a36bb2404f4e39dd,raw,86.43,raw,6.0,4.459334837764547,0.8705505632961241,0.0,4.773692641575296,118.35548039645666,-0.31435780381074885,Tigger,In the Crow's Nest,Enchanted,118.35548039645666,-0.2697423075764259
crd_a288e4ad2fa24cadada391a6d1896d9c,raw,202.5,raw,2.0,5.310739886546594,0.9548416039104165,0.0,5.624622412225375,277.1676096614734,-0.31388252567878094,It Means No Worries,,Enchanted,277.1676096614734,-0.26939514957274685
crd_ae7e91462bfc4861bbf97e99ed53a1c1,graded,537.15,PSA_10,11.0,6.286277385112552,0.38778619045843365,1.8374737602039684,4.762382482564918,734.9895215883894,-0.313578857656335,Genie,On the Job,Enchanted,117.02440263322687,-0.2691732545531224
crd_41acb92e0c494214949c72c409593b50,raw,92.47,raw,8.0,4.526884267589547,0.8312378961427878,0.0,4.83778306868257,126.18928841883624,-0.3108988010930229,Lilo,Rock Star,Enchanted,126.18928841883624,-0.2672119705352345
crd_aa13ad9fe176464bac51e72c45dd6914,raw,415.0,raw,8.0,6.028278520230698,0.8312378961427878,0.0,6.339090388130046,566.2809811397012,-0.3108118678993481,Dumbo,Ninth Wonder of the Universe,Enchanted,566.2809811397012,-0.2671482641624873
crd_434537e486234e2095f03c19628e07d4,justtcg,54.09,justtcg,0.0,3.9906493258833358,1.5,0.0,4.301405001200382,73.8034147750334,-0.3107556753170462,Hiro Hamada,Armor Designer,Enchanted,73.8034147750334,-0.2671070821739559
crd_1a8604b7ba6c45e2bc8b32b0a70d08b5,raw,99.0,raw,0.0,4.59511985013459,1.0,0.0,4.904268531208704,134.86422494707887,-0.309148681074114,Mickey Mouse,Artful Rogue,Enchanted,134.86422494707887,-0.26592838064469737
crd_eaf7db4a652b47939bddb0db4c9030e9,raw,62.09,raw,6.0,4.128584945376802,0.8705505632961241,0.0,4.437342858343391,84.54998165255068,-0.3087579129665894,Cinderella,Melody Weaver,Enchanted,84.54998165255068,-0.2656414728136502
crd_d72f9b00497a4ff0ac7ddb0f85da659d,raw,400.0,raw,6.0,5.991464547107982,0.8705505632961241,0.0,6.299566074542376,544.335657772281,-0.30810152743439456,Mickey Mouse,Steamboat Pilot,Enchanted,544.335657772281,-0.2651592922701068
crd_7c621010e3e6471d9916eee4bcd0b11d,raw,83.0,raw,0.0,4.418840607796598,1.0,0.0,4.726692708463432,112.92147983512059,-0.30785210066683355,Aladdin,Heroic Outlaw,Enchanted,112.92147983512059,-0.26497598046722065
crd_6826d906dfc147e89f475f146034e75f,raw,75.0,raw,31.0,4.31748811353631,0.48857998421712295,0.0,4.623711195903088,101.87139616859179,-0.30622308236677753,Mad Hatter,Unruly Eccentric,Enchanted,101.87139616859179,-0.26377763709178054
crd_4d10d4cd91454ff389318fd9a19a879f,justtcg,2505.73,justtcg,0.0,7.826335388230899,1.5,0.0,8.130197178021778,3395.4690110017727,-0.3038617897908784,Mickey Mouse,Brave Little Prince,Iconic,3395.4690110017727,-0.2620371465970974
crd_3c235410b79145c080fa8e3b000a2c60,raw,380.0,raw,6.0,5.940171252720432,0.8705505632961241,0.0,6.240918127371316,513.329596604566,-0.30074687465088434,Cinderella,Dream Come True,Enchanted,513.329596604566,-0.2597348710973973
crd_ee9f19ba64f54bf78ba3cf40e0cac256,raw,99.5,raw,29.0,4.600157644164547,0.5116869459983875,0.0,4.899304620447644,134.19642977862188,-0.2991469762830974,Scrooge McDuck,Richest Duck in the World,Enchanted,134.19642977862188,-0.25854957420148306
crd_9c2a04a39aee4b989bf2b1f18bf923ba,graded,139.2,CGC_10,11.0,4.935911747900319,0.38778619045843365,1.261937946767605,3.972395389649791,187.60399589352886,-0.2984215885170771,King Candy,Sweet Abomination,Enchanted,53.11160156764201,-0.2580115400153824
crd_20f6a0577b714cf393648a074b1f0bb2,justtcg,41.33,justtcg,0.0,3.721588628523641,1.5,0.0,4.017803642309425,55.578900527040766,-0.2962150137857842,The Queen,Diviner,Enchanted,55.578900527040766,-0.2563724793387783
crd_266d7d17b42a44be9472057e4e6dd1b1,raw,50.0,raw,0.0,3.912023005428146,1.0,0.0,4.204968759892622,67.0185039683409,-0.2929457544644758,Captain Hook,Master Swordsman,Enchanted,67.0185039683409,-0.25393738983460945
crd_d5432572fd3d4dfc95b01b682c71943c,justtcg,52.94,justtcg,0.0,3.9691591967989552,1.5,0.0,4.261832770043326,70.93988087040553,-0.2926735732443708,Rafiki,Ethereal Guide,Enchanted,70.93988087040553,-0.2537342979654574
crd_e97e4b9894fe4c9798b0d925092d3eea,raw,89.99,raw,11.0,4.4996985530458575,0.7755723809168673,0.0,4.788750005449714,120.15108655347139,-0.2890514524038563,Snow White,Well Wisher,Enchanted,120.15108655347139,-0.2510263320843847
crd_74f050d47ef34391ba29b8c521450dac,justtcg,54.33,justtcg,0.0,3.9950765605634317,1.5,0.0,4.282833816774992,72.44544651630062,-0.28775725621156,Prince Naveen,Ukulele Player,Enchanted,72.44544651630062,-0.2500563857001633
crd_ed9fc60aa63a4eafa4116188e41910f2,graded,999.99,TAG_10,7.0,6.907745278932136,0.42533358047542785,2.1452402789916394,5.04820996055903,1330.6864814886617,-0.2857049606185331,Demona,Scourge of the Wyvern Clan,Enchanted,155.74342793900794,-0.24851569929432688
crd_1f6ec070467643d195c82c92cf93c955,justtcg,270.04,justtcg,0.0,5.5985700961736695,1.5,0.0,5.880388428601656,357.9482520483174,-0.2818183324279868,Into the Unknown,,Enchanted,357.9482520483174,-0.2455892759505673
crd_26dd3cd037974467a3c4078d58f4ae25,raw,29.99,raw,11.0,3.4008639927609177,0.7755723809168673,0.0,3.682143176403654,39.73145440593027,-0.2812791836427362,Madam Mim,Purple Dragon,Enchanted,39.73145440593027,-0.2451824266588206
crd_4cf391db31ba468f948bad5a20b0bc16,graded,765.0,PSA_10,6.0,6.639875833826536,0.43527528164806206,1.8374737602039684,5.080571382821938,1010.3429867469041,-0.2781693091993702,Cinderella,Ballroom Sensation,Enchanted,160.865945712,-0.24283138495062742
crd_ae4635bbf7ef4b4fb6a30c61f633fa0d,raw,37.4,raw,6.0,3.6216707044204863,0.8705505632961241,0.0,3.899047783877381,49.355429686872064,-0.2773770794568948,Royal Tantrum,,Enchanted,49.355429686872064,-0.24223129578085825
crd_9652fdf2822645ee91302352c74c9d6a,graded,1499.99,TAG_10,7.0,7.3132137204014125,0.42533358047542785,2.1452402789916394,5.440026783084061,1968.972401580035,-0.2720533416742885,Belle,Snowfield Strategist,Enchanted,230.44835549566565,-0.23818637640816712
crd_87abaabc59344ef1bfed548f0b6753bf,raw,207.5,raw,1.0,5.335131339670753,0.9771599684342459,0.0,5.605749129963089,271.9856016985488,-0.27061779029233524,Ohana Means Family,,Enchanted,271.9856016985488,-0.23709196845655237
crd_08b670dabf3b4ff0a56cb4525b0b57db,raw,99.99,raw,2.0,4.605070180987758,0.9548416039104165,0.0,4.874410007994799,130.89690229848742,-0.26933982700704107,Mulan,Considerate Diplomat,Enchanted,130.89690229848742,-0.23611637674976965
crd_4ea909f6818d4776ae936aa51aed88b8,raw,88.88,raw,108.0,4.487287145331375,0.08246924442330589,0.0,4.755613539215447,116.23494598926058,-0.2683263938840721,Mushu,Your Worst Nightmare,Enchanted,116.23494598926058,-0.23534183937925168
crd_4690391667a14f42a7df8ef76771703d,justtcg,20.95,justtcg,0.0,3.0421386463681466,1.5,0.0,3.3083592391576007,27.340229871907898,-0.2662205927894541,Ratigan's Party,Seedy Back Room,Enchanted,27.340229871907898,-0.2337299247975185
crd_6155d5f7f7da4f3da02d755d51f10fa7,justtcg,78.5,justtcg,0.0,4.363098624788363,1.5,0.0,4.626902185457983,102.19698593019845,-0.2638035606696194,Anna,True-Hearted,Enchanted,102.19698593019845,-0.23187558531700425
crd_a1af7dad15b64d31a696f7bbb49bfe92,justtcg,21.78,justtcg,0.0,3.0809921175048145,1.5,0.0,3.3434112080689364,28.315552388655327,-0.26241909056412194,Kuzco's Palace,Home of the Emperor,Enchanted,28.315552388655327,-0.23081140353362148
crd_b35b509f95d441c1bd11ec67d755db5d,raw,416.0,raw,2.0,6.030685260261263,0.9548416039104165,0.0,6.290386379146,539.36168693747,-0.25970111888473646,Elsa,Ice Artisan,Enchanted,539.36168693747,-0.22871792699612306
crd_95167fa28eb2442c8d04fc67d2db7fa7,raw,99.99,raw,37.0,4.605070180987758,0.42533358047542785,0.0,4.862982192358771,129.4095514042727,-0.2579120113710136,Lilo,Causing an Uproar,Enchanted,129.4095514042727,-0.22733678530703402
crd_8b02499c992945e2990cb669d7468256,justtcg,37.69,justtcg,0.0,3.629394807279044,1.5,0.0,3.885596644726164,48.69598799811948,-0.25620183744712,Namaari,Morning Mist,Enchanted,48.69598799811948,-0.22601426627886675
crd_b20587f1945e42d59b750f9b69cc4a6b,justtcg,94.95,justtcg,0.0,4.553350437258295,1.5,0.0,4.808956581289892,122.60362383833801,-0.25560614403159665,Minnie Mouse,Musketeer Champion,Enchanted,122.60362383833801,-0.2255530707216397
crd_c343d1fc29f3491f95bb460c90e081a7,raw,19.0,raw,2.0,2.9444389791664403,0.9548416039104165,0.0,3.1984207382279717,24.493817486795677,-0.2539817590615314,Treasure Mountain,Azurite Sea Island,Enchanted,24.493817486795677,-0.2242940484780428
crd_7e0b8f2e97fc4d6ca8badbb552024f58,graded,1300.0,TAG_10,27.0,7.170119543449628,0.2679433656340733,2.1452402789916394,5.278721204173965,1675.6584695618835,-0.2538419397159757,Jasmine,Fearless Princess,Enchanted,196.11891887008957,-0.22418558219689178
crd_f5d62175b09243eda1bf9f34ea01d884,raw,79.0,raw,8.0,4.3694478524670215,0.8312378961427878,0.0,4.621741035913126,101.67089079842356,-0.2522931834461044,Cruella De Vil,Style Icon,Enchanted,101.67089079842356,-0.22298310382046022
crd_7ad03b4873f042bcae4da820a7061ba4,raw,30.0,raw,0.0,3.4011973816621555,1.0,0.0,3.6450537231641205,38.284829578493316,-0.243856341501965,Gramma Tala,Spirit of the Ocean,Enchanted,38.284829578493316,-0.21639980299526665
crd_72fe56f4aa85484284d8e3632d06ad9b,graded,700.0,PSA_10,7.0,6.551080335043404,0.42533358047542785,1.8374737602039684,4.956895322018987,892.8057948228333,-0.24328874717955085,Aurora,Dreaming Guardian,Enchanted,142.15177460058615,-0.215954909724901
crd_21bfac43fba64c06ab62139f3befd6c1,raw,54.42,raw,4.0,3.9967317333551002,0.9117224885582168,0.0,4.238105445109354,69.2764793391057,-0.2413737117542536,Daisy Duck,Pirate Captain,Enchanted,69.2764793391057,-0.2144519969957453
crd_266d7d17b42a44be9472057e4e6dd1b1,justtcg,52.76,justtcg,0.0,3.965753327849114,1.5,0.0,4.204968759892622,67.0185039683409,-0.23921543204350781,Captain Hook,Master Swordsman,Enchanted,67.0185039683409,-0.21275473375347975
crd_70fa88bf3a35452b8178209944e8604a,graded,250.0,PSA_10,3.0,5.521460917862246,0.4665164957684037,1.8374737602039684,3.9225002413093546,317.3400784487993,-0.23851308365107649,The Sword of Hercules,,Enchanted,50.52661571527737,-0.2122016190894221
crd_f2493d13b19a45559af0e7ce96f079bc,raw,145.0,raw,0.0,4.976733742420574,1.0,0.0,5.214724198870717,183.96107730952133,-0.2379904564501425,Tamatoa,Happy as a Clam,Enchanted,183.96107730952133,-0.2117897866186547
crd_ae7e15af9559439ba734caac9aa567e5,raw,39.73,raw,11.0,3.6821065698265074,0.7755723809168673,0.0,3.9199197232029777,50.396398954185265,-0.23781315337647024,Gadget Hackwrench,Brilliant Bosun,Enchanted,50.396398954185265,-0.21165002213515222
crd_f9edf9a591974716b2d7f02764f93737,justtcg,48.69,justtcg,0.0,3.8854736701946093,1.5,0.0,4.121744823569889,61.66674604156432,-0.23627115337527993,Sisu,Divine Water Dragon,Enchanted,61.66674604156432,-0.2104334487313115
crd_fe0bc499ead74e4f8a5d2b0e6037cf91,raw,76.0,raw,6.0,4.330733340286331,0.8705505632961241,0.0,4.565207257553463,96.08250577810402,-0.23447391726713196,"Next Stop, Olympus",,Enchanted,96.08250577810402,-0.2090131352785823
crd_e6a1d03334964fb78033020d86a5f502,justtcg,609.05,justtcg,0.0,6.411900366145968,1.5,0.0,6.644803328629324,768.7788359755419,-0.2329029624833563,Ariel,Adventurous Collector,Enchanted,768.7788359755419,-0.20776955413042034
crd_40a3f6d8de604ff085fa5629597780a3,raw,799.97,raw,0.0,6.684574226964784,1.0,0.0,6.911200382584319,1003.4510447923094,-0.22662615561953459,Pocahontas,Peacekeeper,Iconic,1003.4510447923094,-0.20278123765811162
crd_8b02499c992945e2990cb669d7468256,raw,38.99,raw,116.0,3.663305202994506,0.06855156123091412,0.0,3.885596644726164,48.69598799811948,-0.22229144173165816,Namaari,Morning Mist,Enchanted,48.69598799811948,-0.19931802181515035
crd_222e3894d8c04d2899b047a97912b5c6,justtcg,142.88,justtcg,0.0,4.9620051171281885,1.5,0.0,5.183778592432487,178.35547197387146,-0.2217734753042988,Snow White,Fair-Hearted,Enchanted,178.35547197387146,-0.19890318800574044
crd_5eb205c36e0b4038a8a46aa47dd50b0f,raw,108.5,raw,4.0,4.686750172980514,0.9117224885582168,0.0,4.908260706305932,135.40370267570452,-0.22151053332541792,Mulan,Resourceful Recruit,Enchanted,135.40370267570452,-0.19869251832898244
crd_f2493d13b19a45559af0e7ce96f079bc,justtcg,147.41,justtcg,0.0,4.993217820059186,1.5,0.0,5.214724198870717,183.96107730952133,-0.22150637881153035,Tamatoa,Happy as a Clam,Enchanted,183.96107730952133,-0.19868918927900633
crd_5739e1f6076840cd901a1bc283ca6e96,raw,225.0,raw,2.0,5.41610040220442,0.9548416039104165,0.0,5.6346041851798,279.9480877758329,-0.21850378297537976,Mickey Mouse,Wayward Sorcerer,Enchanted,279.9480877758329,-0.1962795610157278
crd_f799b47b4b894912a8d83942d0fa4d22,justtcg,86.62,justtcg,0.0,4.46153073578648,1.5,0.0,4.675362746971752,107.27147243700172,-0.2138320111852714,You're Welcome,,Enchanted,107.27147243700172,-0.19251597808662424
crd_2319774247e242a19dfa6a0fe584fff0,raw,100.0,raw,4.0,4.605170185988092,0.9117224885582168,0.0,4.813869975007103,123.20750605407338,-0.2086997890190112,Tod,Knows All the Tricks,Enchanted,123.20750605407338,-0.1883611380291068
crd_37f652aa15934d2b9bd7ad15eb18bbfb,justtcg,54.79,justtcg,0.0,4.003507695550324,1.5,0.0,4.210606116548374,67.39737809866769,-0.20709842099804998,The Islands I Pulled From the Sea,,Enchanted,67.39737809866769,-0.1870603642802084
crd_7c421033c14c40e7a5be957ba42bb1b7,raw,19.99,raw,5.0,2.995232148512309,0.8908987181403393,0.0,3.2007134529905703,24.550039249344874,-0.20548130447826152,RLS Legacy,Solar Galleon,Enchanted,24.550039249344874,-0.18574468264715946
crd_dbecb4ca526f46ac8faa1a361f1c8bdf,raw,65.0,raw,1.0,4.174387269895637,0.9771599684342459,0.0,4.379738776328317,79.81718054460745,-0.20535150643268008,Mirabel Madrigal,Musically Talented,Enchanted,79.81718054460745,-0.18563898703896947
crd_4cf391db31ba468f948bad5a20b0bc16,raw,131.5,raw,2.0,4.879006851617819,0.9548416039104165,0.0,5.080571382821938,160.865945712,-0.20156453120411832,Cinderella,Ballroom Sensation,Enchanted,160.865945712,-0.1825491752280135
crd_40690491af114f2e810a6fd1c6ddcafa,raw,50.0,raw,13.0,3.912023005428146,0.7405487761432821,0.0,4.112802859320558,61.11778226817139,-0.20077985389241215,Maleficent,Mistress of All Evil,Enchanted,61.11778226817139,-0.18190748838675153
crd_6d0b490fddd34aab828b26cb90a827d6,justtcg,67.59,justtcg,0.0,4.213460043112263,1.5,0.0,4.413493030616999,82.55733573963163,-0.20003298750473597,Vanellope von Schweetz,Sugar Rush Princess,Enchanted,82.55733573963163,-0.18129625436115632
crd_80cf71e223cf491796609458b2866665,raw,130.0,raw,5.0,4.867534450455582,0.8908987181403393,0.0,5.066282296569918,158.5836630382216,-0.19874784611433594,Simba,Returned King,Enchanted,158.5836630382216,-0.1802434279206455
crd_34dd94ad32194a96931c9e2ff311ad26,raw,43.0,raw,11.0,3.7612001156935624,0.7755723809168673,0.0,3.957979176954143,52.35142601445017,-0.19677906126058042,Yen Sid,Powerful Sorcerer,Enchanted,52.35142601445017,-0.17862791381974902
crd_95167fa28eb2442c8d04fc67d2db7fa7,justtcg,106.35,justtcg,0.0,4.666735541646246,1.5,0.0,4.862982192358771,129.4095514042727,-0.19624665071252512,Lilo,Causing an Uproar,Enchanted,129.4095514042727,-0.17819049022305275
crd_9652fdf2822645ee91302352c74c9d6a,raw,190.0,raw,0.0,5.247024072160486,1.0,0.0,5.440026783084061,230.44835549566565,-0.19300271092357502,Belle,Snowfield Strategist,Enchanted,230.44835549566565,-0.1755202609654831
crd_e8863a1965284a3bad897ee8614d2866,graded,500.0,PSA_10,0.0,6.214608098422191,0.5,1.8374737602039684,4.5693373447521,605.9582594829559,-0.19220300653387667,Bolt,Superdog,Enchanted,96.480155504006,-0.1748606571900954
crd_c51b6a26015b45f298d1664787f37234,graded,400.0,PSA_9,8.0,5.991464547107982,0.4156189480713939,0.536857305571269,5.644218611632983,483.5118953636477,-0.18961137009627027,Belle,Accomplished Mystic,Enchanted,282.6526084508633,-0.1727194225507912
crd_3694abe0d09349ca9dbef6861ea42f5a,justtcg,50.49,justtcg,0.0,3.921775296870824,1.5,0.0,4.11011709551948,60.95385457502416,-0.18834179864865597,We Don't Talk About Bruno,,Enchanted,60.95385457502416,-0.17166846375802017
crd_9a1fff8a9426484ebc7fae9cb8605572,raw,465.0,raw,6.0,6.142037405587356,0.8705505632961241,0.0,6.330101106843008,561.213333492963,-0.1880637012556523,Spooky Sight,,Enchanted,561.213333492963,-0.17143807488346066
crd_4690391667a14f42a7df8ef76771703d,raw,22.66,raw,6.0,3.12060125559986,0.8705505632961241,0.0,3.3083592391576007,27.340229871907898,-0.18775798355774054,Ratigan's Party,Seedy Back Room,Enchanted,27.340229871907898,-0.17118473011512023
crd_c1cd26316f4948a382770ffb29440699,raw,64.99,raw,0.0,4.174233411906258,1.0,0.0,4.360232989871057,78.27536966697384,-0.18599957796479938,Chip 'n' Dale,Recovery Rangers,Enchanted,78.27536966697384,-0.16972605461331014
crd_9c3f1e9961584a3ca4c8c32241d25d0b,raw,49.99,raw,11.0,3.911822985425479,0.7755723809168673,0.0,4.097416099208153,60.18457553934871,-0.18559311378267385,Shere Khan,Menacing Predator,Enchanted,60.18457553934871,-0.16938850939778566
crd_03fecbc6607a4948a586ccf4f0915c79,raw,32.01,raw,1.0,3.4660483539817717,0.9771599684342459,0.0,3.651395552562567,38.52839695125954,-0.1853471985807955,Basil,Disguised Detective,Enchanted,38.52839695125954,-0.16918422428801425
crd_54102dba80604a609eed679b7f33fad3,raw,150.0,raw,4.0,5.0106352940962555,0.9117224885582168,0.0,5.195885385141203,180.52790878736874,-0.1852500910449475,Aurora,Waking Beauty,Enchanted,180.52790878736874,-0.16910354189792054
crd_7c5be60911d844b48189f3a042abdcfa,raw,75.0,raw,1.0,4.31748811353631,0.9771599684342459,0.0,4.502106243624174,90.20692911944687,-0.18461813008786354,Ursula,Deceiver of All,Enchanted,90.20692911944687,-0.168578281822572
crd_cf079ada81bd48cdb9290647f227982c,justtcg,170.51,justtcg,0.0,5.13879394603006,1.5,0.0,5.322288963342657,204.85224503510378,-0.18349501731259643,Rapunzel,High Climber,Enchanted,204.85224503510378,-0.16764397690256622
crd_ae42b2ab4e074f3e91c29d4ba2c3e601,raw,55.97,raw,88.0,4.024815832903268,0.13091176535257837,0.0,4.207009608334029,67.15541824082855,-0.18219377543076032,Kida,Protector of Atlantis,Enchanted,67.15541824082855,-0.16656017539368295
crd_1cda76d2cbe84ccda25bd2dc1b21844b,justtcg,98.88,justtcg,0.0,4.59390699370938,1.5,0.0,4.771237351261187,118.0652397901008,-0.17733035755180726,Jafar,Newly Crowned,Enchanted,118.0652397901008,-0.16249693664459433
crd_fbad358f2f804554838545c738341380,raw,152.5,raw,6.0,5.0271645960474665,0.8705505632961241,0.0,5.201479768853877,181.54068145803365,-0.17431517280641096,Angel,Experiment 624,Enchanted,181.54068145803365,-0.15996789934242311
crd_68c45595c25041f3bcf2073a5b533edd,justtcg,49.14,justtcg,0.0,3.894673367093033,1.5,0.0,4.067549336937604,58.413634902292166,-0.17287596984457076,Ursula,Sea Witch Queen,Enchanted,58.413634902292166,-0.15875805225619113
crd_20f6a0577b714cf393648a074b1f0bb2,graded,79.99,PSA_9,15.0,4.3819016268607305,0.3535533905932738,0.536857305571269,4.017803642309425,95.07451455459953,-0.1727593210199636,The Queen,Diviner,Enchanted,55.578900527040766,-0.1586599166481862
crd_d5432572fd3d4dfc95b01b682c71943c,graded,375.51,PSA_10,2.0,5.928285102008042,0.47742080195520825,1.8374737602039684,4.261832770043326,445.548688386746,-0.1710214282392526,Rafiki,Ethereal Guide,Enchanted,70.93988087040553,-0.15719648651720608
crd_b30562a95420404b911886bcfc9e7a9c,graded,716.51,ACE_10,11.0,6.5743922039049565,0.38778619045843365,1.6057765256190977,5.138694321988219,849.349572388053,-0.17007864370236092,Scrooge McDuck,Reformed Ebenezer,Enchanted,170.4930139507492,-0.15640152971945095
crd_8b81f6ba845442d095833d7c1bee3a6c,justtcg,39.33,justtcg,0.0,3.671987586443718,1.5,0.0,3.840034887172694,46.52709761036442,-0.168047300728976,The Sword of Shan-Yu,,Enchanted,46.52709761036442,-0.15468615022229942
crd_aed92d8e19b14ef19a92fb436dde357c,justtcg,162.16,justtcg,0.0,5.088583502143744,1.5,0.0,5.25590604308777,191.69509120788396,-0.167322540944026,Genie,Of the Lamp,Enchanted,191.69509120788396,-0.15407327867282034
crd_9c2a04a39aee4b989bf2b1f18bf923ba,raw,45.0,raw,1.0,3.8066624897703196,0.9771599684342459,0.0,3.972395389649791,53.11160156764201,-0.1657328998794716,King Candy,Sweet Abomination,Enchanted,53.11160156764201,-0.15272748944147774
crd_c233fd3627b24b02bd616aa62bbdc83a,graded,960.0,PSA_10,5.0,6.866933284461882,0.44544935907016964,1.8374737602039684,5.194613371515317,1132.391595903682,-0.165153847257403,Pongo,Determined Father,Enchanted,180.29842081439574,-0.15223673199915297
crd_6d0b490fddd34aab828b26cb90a827d6,raw,70.0,raw,0.0,4.248495242049359,1.0,0.0,4.413493030616999,82.55733573963163,-0.16499778856763925,Vanellope von Schweetz,Sugar Rush Princess,Enchanted,82.55733573963163,-0.15210442085043518
crd_7a1524eb2f994287ab6de2e677431724,justtcg,114.97,justtcg,0.0,4.744671224765649,1.5,0.0,4.905014461062831,134.964861728044,-0.16034323629718195,Baymax,Personal Healthcare Companion,Enchanted,134.964861728044,-0.14814864752230025
crd_7a1524eb2f994287ab6de2e677431724,raw,115.0,raw,1.0,4.74493212836325,0.9771599684342459,0.0,4.905014461062831,134.964861728044,-0.16008233269958083,Baymax,Personal Healthcare Companion,Enchanted,134.964861728044,-0.1479263674442423
crd_0d38ed42e8f14a299f6efefb250350d3,justtcg,116.05,justtcg,0.0,4.754021132720446,1.5,0.0,4.913470316685307,136.1109438364701,-0.15944918396486063,Belle,Mechanic Extraordinaire,Enchanted,136.1109438364701,-0.1473867072773534
crd_bbb647e1cbe3487baa2ad65b27a999ba,justtcg,43.22,justtcg,0.0,3.76630335107874,1.5,0.0,3.9252872646383135,50.66763098715744,-0.15898391355957342,Pride Lands,Pride Rock,Enchanted,50.66763098715744,-0.1469899192453888
crd_f799b47b4b894912a8d83942d0fa4d22,graded,575.0,PSA_10,7.0,6.354370040797351,0.42533358047542785,1.8374737602039684,4.675362746971752,673.7347632840459,-0.15846646637836947,You're Welcome,,Enchanted,107.27147243700172,-0.14654841736646346
crd_e08d7a85c4e84f1e83a7521ff9c15a89,raw,39.99,raw,11.0,3.688629422858727,0.7755723809168673,0.0,3.844510560137015,46.73580438649019,-0.15588113727828823,Lady Tremaine,Imperious Queen,Enchanted,46.73580438649019,-0.14433910949097065
crd_5413c96876fd4884861caaef3fcb58b5,raw,115.5,raw,4.0,4.749270529961848,0.9117224885582168,0.0,4.905034751312536,134.96760022657222,-0.15576422135068846,Judy Hopps,Lead Detective,Enchanted,134.96760022657222,-0.14423906325586072
crd_3ecab24376cb4cd5989309e000f797c1,raw,90.0,raw,3.0,4.499809670330265,0.9330329915368074,0.0,4.6548086034757095,105.0891043846117,-0.15499893314544444,Jafar,Striking Illusionist,Enchanted,105.0891043846117,-0.14358390884546554
crd_fe0bc499ead74e4f8a5d2b0e6037cf91,justtcg,82.41,justtcg,0.0,4.411706788775292,1.5,0.0,4.565207257553463,96.08250577810402,-0.15350046877817114,"Next Stop, Olympus",,Enchanted,96.08250577810402,-0.14229963787247352
crd_3f0711ce8e06486a8bde68218e75d360,raw,119.99,raw,11.0,4.787408405976297,0.7755723809168673,0.0,4.9403839866640995,139.8239297774561,-0.15297558068780237,Alice,Growing Girl,Enchanted,139.8239297774561,-0.14184932299516856
crd_70fa88bf3a35452b8178209944e8604a,justtcg,43.4,justtcg,0.0,3.770459441106359,1.5,0.0,3.9225002413093546,50.52661571527737,-0.15204080020299537,The Sword of Hercules,,Enchanted,50.52661571527737,-0.14104676544015088
crd_ac531a6c2f3046d3adcffbd1b1e5228e,justtcg,124.63,justtcg,0.0,4.825349347838285,1.5,0.0,4.976911361202841,145.02575701082543,-0.15156201336455588,Donald Duck,Flustered Sorcerer,Enchanted,145.02575701082543,-0.14063541146903308
crd_be9c85638bda44878c44cf4cc7e7cfb0,raw,170.0,raw,11.0,5.135798437050262,0.7755723809168673,0.0,5.2866437927117556,197.67885959357682,-0.15084535566149349,Powerline,World's Greatest Rock Star,Enchanted,197.67885959357682,-0.14001932048011542
crd_21bfac43fba64c06ab62139f3befd6c1,justtcg,59.59,justtcg,0.0,4.087487774758888,1.5,0.0,4.238105445109354,69.2764793391057,-0.15061767035046625,Daisy Duck,Pirate Captain,Enchanted,69.2764793391057,-0.13982349321897206
crd_021c1d57c42d4fb7836097cbe9eacfb7,raw,127.5,raw,1.0,4.848116364598481,0.9771599684342459,0.0,4.997563121043204,148.05193450731278,-0.14944675644472305,Belle,Strange but Special,Enchanted,148.05193450731278,-0.13881571068764106
crd_45acf301d7e2469fb961cc1f06bd2889,justtcg,56.1,justtcg,0.0,4.027135812528651,1.5,0.0,4.175804838269764,65.09220728394217,-0.14866902574111318,Second Star to the Right,,Enchanted,65.09220728394217,-0.13814568070670527
crd_3694abe0d09349ca9dbef6861ea42f5a,graded,89.99,PSA_9,111.0,4.4996985530458575,0.03847326291702863,0.536857305571269,4.11011709551948,104.26903157489707,-0.1472758480448917,We Don't Talk About Bruno,,Enchanted,60.95385457502416,-0.13694412769759273
crd_7f8ab8154a444fb69a3eed9c7647b623,justtcg,116.66,justtcg,0.0,4.759263721325492,1.5,0.0,4.903765432335451,134.79639197224324,-0.14450171100995934,Kuzco,Impulsive Llama,Enchanted,134.79639197224324,-0.1345465683976008
crd_66c2f5fd704b45bdbe79f585ac31d6fc,raw,30.0,raw,91.0,3.4011973816621555,0.12214499605428075,0.0,3.5446131809721715,34.6262886440684,-0.14341579931001602,Maleficent's Staff,,Enchanted,34.6262886440684,-0.13360625193254422
crd_c43f19388b414266aeddb6cd78f7c020,justtcg,41.03,justtcg,0.0,3.714303506454095,1.5,0.0,3.8560565549086427,47.278542938466735,-0.14175304845454795,Ratigan,Nefarious Criminal,Enchanted,47.278542938466735,-0.1321644566457821
crd_d08869cde8294b0b9f73d0f7192e2335,justtcg,107.02,justtcg,0.0,4.673015732883159,1.5,0.0,4.8134899072708865,123.1606877537888,-0.14047417438772758,Robin Hood,Sharpshooter,Enchanted,123.1606877537888,-0.13105389429178652
crd_ae42b2ab4e074f3e91c29d4ba2c3e601,justtcg,58.37,justtcg,0.0,4.0668020592157,1.5,0.0,4.207009608334029,67.15541824082855,-0.14020754911832878,Kida,Protector of Atlantis,Enchanted,67.15541824082855,-0.13082218041324406
crd_d0659baf8fad4748ae9abf7260279d8c,raw,142.5,raw,6.0,4.959341999708705,0.8705505632961241,0.0,5.099292170291676,163.90584880077137,-0.13995017058297066,Freeze the Vine,,Enchanted,163.90584880077137,-0.1305984439078211
crd_050ae6da90154532905911c8c2569802,raw,200.0,raw,4.0,5.298317366548036,0.9117224885582168,0.0,5.43286903952186,228.80475451710973,-0.13455167297382342,Hades,Infernal Schemer,Enchanted,228.80475451710973,-0.12589229003523972
crd_74f050d47ef34391ba29b8c521450dac,graded,399.0,PSA_10,29.0,5.988961416889864,0.25584347299919374,1.8374737602039684,4.282833816774992,455.0046219262192,-0.1313461600890964,Prince Naveen,Ukulele Player,Enchanted,72.44544651630062,-0.12308583084085783
crd_b29e4a26e9324724aab37e97a7738476,justtcg,101.91,justtcg,0.0,4.6240900708406025,1.5,0.0,4.752072217299447,115.82404861697916,-0.12798214645884443,You Came Back,,Enchanted,115.82404861697916,-0.12013091221661375
crd_c75fe9ce070a454696dd8d42c6931c68,justtcg,90.02,justtcg,0.0,4.500031867864786,1.5,0.0,4.627707370836626,102.27930658625768,-0.12767550297184016,We Could Be Immortals,,Enchanted,102.27930658625768,-0.11986106472005442
crd_54e413e671dc4fa3872b3481db960d47,graded,200.0,PSA_9,8.0,5.298317366548036,0.4156189480713939,0.536857305571269,4.888374511157772,227.0639774431882,-0.12691445018100467,Jasmine,Desert Warrior,Enchanted,132.73763505089235,-0.1191909775735331
crd_40a3f6d8de604ff085fa5629597780a3,justtcg,891.72,justtcg,0.0,6.793152181957378,1.5,0.0,6.911200382584319,1003.4510447923094,-0.11804820062694077,Pocahontas,Peacekeeper,Iconic,1003.4510447923094,-0.11134678205994107
crd_7f8ab8154a444fb69a3eed9c7647b623,raw,119.99,raw,0.0,4.787408405976297,1.0,0.0,4.903765432335451,134.79639197224324,-0.11635702635915379,Kuzco,Impulsive Llama,Enchanted,134.79639197224324,-0.10984264308270328
crd_a288e4ad2fa24cadada391a6d1896d9c,graded,1550.0,PSA_10,4.0,7.346010209913293,0.4558612442791084,1.8374737602039684,5.624622412225375,1740.793238341579,-0.11608596251605086,It Means No Worries,,Enchanted,277.1676096614734,-0.10960132090318983
crd_34dd94ad32194a96931c9e2ff311ad26,justtcg,46.67,justtcg,0.0,3.8431015599617244,1.5,0.0,3.957979176954143,52.35142601445017,-0.11487761699241839,Yen Sid,Powerful Sorcerer,Enchanted,52.35142601445017,-0.10852476134808554
crd_aa13ad9fe176464bac51e72c45dd6914,justtcg,505.17,justtcg,0.0,6.224895006290327,1.5,0.0,6.339090388130046,566.2809811397012,-0.11419538183971856,Dumbo,Ninth Wonder of the Universe,Enchanted,566.2809811397012,-0.10791635808906876
crd_a8b66e0b4abe48f58f9c47dc25593197,graded,275.0,PSA_9,5.0,5.616771097666572,0.44544935907016964,0.536857305571269,5.19322974674901,307.9960789837436,-0.11331595465370725,Jasmine,Steady Strategist,Enchanted,180.04912795768712,-0.10713149041577587
crd_715c77fe8d9b410d8194beea91b7163d,raw,250.0,raw,6.0,5.521460917862246,0.8705505632961241,0.0,5.634733638530773,279.98433033970406,-0.1132727206685269,Can't Hold it Back Anymore,,Enchanted,279.98433033970406,-0.10709288731738761
crd_7896cd21215c42609fc262c908068d94,justtcg,72.2,justtcg,0.0,4.279440045898781,1.5,0.0,4.3927030464910475,80.85868864566687,-0.11326300059226657,The Return of Hercules,,Enchanted,80.85868864566687,-0.10708420814997793
crd_67714955a33e4508913f44b8ccb08e5c,raw,45.97,raw,116.0,3.8279890098181366,0.06855156123091412,0.0,3.9357862786356113,51.20239348135875,-0.10779726881747465,Pete,Bad Guy,Enchanted,51.20239348135875,-0.10219040801801003
crd_66c2f5fd704b45bdbe79f585ac31d6fc,justtcg,31.19,justtcg,0.0,3.440097530619712,1.5,0.0,3.5446131809721715,34.6262886440684,-0.10451565035245958,Maleficent's Staff,,Enchanted,34.6262886440684,-0.09923929992586855
crd_aa7db27471b142cfa97cd5ca3409669d,raw,80.0,raw,4.0,4.382026634673881,0.9117224885582168,0.0,4.484942805659309,88.67187913826132,-0.10291617098542805,The Glass Slipper,,Enchanted,88.67187913826132,-0.09779739893342912
crd_3694abe0d09349ca9dbef6861ea42f5a,raw,55.0,raw,1.0,4.007333185232471,0.9771599684342459,0.0,4.11011709551948,60.95385457502416,-0.10278391028700895,We Don't Talk About Bruno,,Enchanted,60.95385457502416,-0.09767806509588214
crd_3d02b1019aa34f70b5e0da64191d9326,graded,1275.0,PSA_10,0.0,7.150701457592526,0.5,1.8374737602039684,5.410409170038604,1405.1269453415632,-0.09718147265004617,Scar,Finally King,Enchanted,223.72310974867756,-0.09260867551716596
crd_458325805fc445799aabfe4c4046f89b,justtcg,75.76,justtcg,0.0,4.327570448877823,1.5,0.0,4.417322175850966,82.87406578397743,-0.0897517269731436,Beast,Relentless,Enchanted,82.87406578397743,-0.08584188209760611
crd_cfbcf752b5064d1e8abfc2a2c6d3e98a,justtcg,44.07,justtcg,0.0,3.7857792788538958,1.5,0.0,3.872429642379318,48.05901055431738,-0.08665036352542232,Desperate Plan,,Enchanted,48.05901055431738,-0.08300234458237354
crd_3088ee50256240d0b22c045f593df9a8,justtcg,78.13,justtcg,0.0,4.358374106008653,1.5,0.0,4.443306786993498,85.05573835987195,-0.08493268098484474,Goofy,Super Goof,Enchanted,85.05573835987195,-0.08142588017482218
crd_ad336bbf94b74813aa25312a57af4525,raw,60.0,raw,5.0,4.0943445622221,0.8908987181403393,0.0,4.177420469913198,65.19745731351597,-0.0830759076910974,Arthur,King Victorious,Enchanted,65.19745731351597,-0.07971871185900538
crd_4dfb12a1e5844317a783074a548bc8c7,graded,499.0,PSA_10,4.0,6.212606095751519,0.4558612442791084,1.8374737602039684,4.457809882083253,542.0095614237212,-0.08267754653570236,Tiana,Restaurant Owner,Enchanted,86.29829852544422,-0.07935203451161627
crd_79195cfde0ae4948894c37bef02d9e6f,justtcg,22.3,justtcg,0.0,3.104586678466073,1.5,0.0,3.1860084998132603,24.19167340575655,-0.08142182134718734,Ariel’s Grotto,A Secret Place,Enchanted,24.19167340575655,-0.07819522750775974
crd_dbecb4ca526f46ac8faa1a361f1c8bdf,justtcg,73.7,justtcg,0.0,4.300002799195291,1.5,0.0,4.379738776328317,79.81718054460745,-0.07973597713302549,Mirabel Madrigal,Musically Talented,Enchanted,79.81718054460745,-0.07663989761187699
crd_a728498e9f554bb2b5e4fd82595ed11e,justtcg,64.72,justtcg,0.0,4.170070272750237,1.5,0.0,4.249763461545745,70.08883168187621,-0.0796931887955088,Fantastical and Magical,,Enchanted,70.08883168187621,-0.07660038772289135
crd_7c5be60911d844b48189f3a042abdcfa,justtcg,83.31,justtcg,0.0,4.422568589986818,1.5,0.0,4.502106243624174,90.20692911944687,-0.07953765363735599,Ursula,Deceiver of All,Enchanted,90.20692911944687,-0.07645675544851288
crd_a209d31e37bc44e78b2f56cf474bde5d,justtcg,78.87,justtcg,0.0,4.3678009274099,1.5,0.0,4.446312579978337,85.31178291724585,-0.07851165256843728,Wrong Lever!,,Enchanted,85.31178291724585,-0.07550871282920534
crd_306fb0ac65b44f289a2cbacac51ba9fe,justtcg,113.21,justtcg,0.0,4.729244501090018,1.5,0.0,4.8065628355816905,122.31049292037389,-0.07731833449167258,Donald Duck,Pie Slinger,Enchanted,122.31049292037389,-0.07440484216099495
crd_4656262d1cbc478aab92978dc7729663,raw,780.0,raw,2.0,6.659293919683638,0.9548416039104165,0.0,6.734466383535167,840.8946491149553,-0.07517246385152898,Hades,Looking for a Deal,Iconic,840.8946491149553,-0.07241650208982428
crd_c75fe9ce070a454696dd8d42c6931c68,raw,95.0,raw,5.0,4.553876891600541,0.8908987181403393,0.0,4.627707370836626,102.27930658625768,-0.07383047923608554,We Could Be Immortals,,Enchanted,102.27930658625768,-0.07117086367923944
crd_0bd8f734ff064b3881191b916f8354cf,raw,62.0,raw,4.0,4.127134385045092,0.9117224885582168,0.0,4.200658636743689,66.73026757637048,-0.073524251698597,And Then Along Came Zeus,,Enchanted,66.73026757637048,-0.07088638706501288
crd_b73d08030c9646ab8a227158b8e453d4,raw,999.0,raw,6.0,6.906754778648554,0.8705505632961241,0.0,6.980247007736197,1075.1839129428015,-0.07349222908764297,Moana,Curious Explorer,Iconic,1075.1839129428015,-0.07085663394487002
crd_0d38ed42e8f14a299f6efefb250350d3,graded,800.0,PSA_10,0.0,6.684611727667927,0.5,1.8374737602039684,4.913470316685307,854.8654403889842,-0.0663323492213479,Belle,Mechanic Extraordinaire,Enchanted,136.1109438364701,-0.06418020637729761
crd_07d1ea2923ad44b9b2dddf78993e103b,raw,129.0,raw,13.0,4.859812404361672,0.7405487761432821,0.0,4.925281027145104,137.72804152305548,-0.06546862278343202,Tramp,Enterprising Dog,Enchanted,137.72804152305548,-0.06337156490818498
crd_aed92d8e19b14ef19a92fb436dde357c,raw,180.0,raw,7.0,5.19295685089021,0.8506671609508557,0.0,5.25590604308777,191.69509120788396,-0.06294919219755979,Genie,Of the Lamp,Enchanted,191.69509120788396,-0.061008819444422775
crd_7a288d030d1a471fbb818ccfdddc6052,justtcg,60.92,justtcg,0.0,4.109561528026961,1.5,0.0,4.170631712286337,64.7563465690221,-0.061070184259375715,Chernabog,Evildoer,Enchanted,64.7563465690221,-0.059242788889163824
crd_cb38cec5fa8e49139bb0377111d6d048,graded,150.8,CGC_10,11.0,5.015954455573856,0.38778619045843365,1.261937946767605,3.8140675736455854,160.13312818272357,-0.06005106483933442,Archimedes,Electrified Owl,Enchanted,45.334465618993406,-0.05828355624248954
crd_306fb0ac65b44f289a2cbacac51ba9fe,raw,115.89,raw,1.0,4.7526414653463,0.9771599684342459,0.0,4.8065628355816905,122.31049292037389,-0.053921370235390675,Donald Duck,Pie Slinger,Enchanted,122.31049292037389,-0.05249339420579162
crd_8b81f6ba845442d095833d7c1bee3a6c,raw,44.27,raw,11.0,3.7903072467440495,0.7755723809168673,0.0,3.840034887172694,46.52709761036442,-0.04972764042864464,The Sword of Shan-Yu,,Enchanted,46.52709761036442,-0.04851146377679127
crd_eb10018264004dc59f9bf0f31295d757,raw,29.79,raw,5.0,3.394172766725191,0.8908987181403393,0.0,3.4437441891087737,31.303946914742543,-0.049571422383582586,Captain Amelia,Commander of the Legacy,Enchanted,31.303946914742543,-0.0483628124870589
crd_ae57eb31413644379c43ec4208a4023b,justtcg,57.29,justtcg,0.0,4.048126088420487,1.5,0.0,4.0967316989782745,60.14339929413755,-0.04860561055778767,Finders Keepers,,Enchanted,60.14339929413755,-0.04744326605456208
crd_222e3894d8c04d2899b047a97912b5c6,raw,169.99,raw,0.0,5.135739611790679,1.0,0.0,5.183778592432487,178.35547197387146,-0.04803898064180867,Snow White,Fair-Hearted,Enchanted,178.35547197387146,-0.046903365965115636
crd_7bd65d4574434dd3ba908203c8cea774,graded,104.99,PSA_9,10.0,4.65386510752685,0.3968502629920499,0.536857305571269,4.164844560912004,110.13444717293463,-0.04783675895642325,Look at This Family,,Enchanted,64.38267408149528,-0.04671060966835121
crd_7f8ab8154a444fb69a3eed9c7647b623,graded,220.0,PSA_9,11.0,5.393627546352362,0.38778619045843365,0.536857305571269,4.903765432335451,230.58573323589457,-0.04699519155435805,Kuzco,Impulsive Llama,Enchanted,134.79639197224324,-0.04590801472121006
crd_c1cd26316f4948a382770ffb29440699,graded,470.0,PSA_10,1.0,6.152732694704104,0.48857998421712295,1.8374737602039684,4.360232989871057,491.6203390842897,-0.04497405537092103,Chip 'n' Dale,Recovery Rangers,Enchanted,78.27536966697384,-0.043977714845078404
crd_9c2a04a39aee4b989bf2b1f18bf923ba,justtcg,50.79,justtcg,0.0,3.9276994848131537,1.5,0.0,3.972395389649791,53.11160156764201,-0.044695904836637546,King Candy,Sweet Abomination,Enchanted,53.11160156764201,-0.04371175974961439
crd_a1af7dad15b64d31a696f7bbb49bfe92,graded,46.36,PSA_9,50.0,3.836437018471551,0.15749013123685915,0.536857305571269,3.3434112080689364,48.437219379447,-0.04383149516865448,Kuzco's Palace,Home of the Emperor,Enchanted,28.315552388655327,-0.04288477757516372
crd_789d5871174e4da293165a39bdfece14,raw,110.0,raw,2.0,4.700480365792417,0.9548416039104165,0.0,4.744142426328279,114.90922011522599,-0.04366206053586286,Darkwing Duck,Cool Under Pressure,Enchanted,114.90922011522599,-0.04272259536965968
crd_b30562a95420404b911886bcfc9e7a9c,justtcg,163.41,justtcg,0.0,5.096262380063693,1.5,0.0,5.138694321988219,170.4930139507492,-0.042431941924526484,Scrooge McDuck,Reformed Ebenezer,Enchanted,170.4930139507492,-0.041544306048782016
crd_b1ea1c67fc224e968a4906149590585c,raw,32.46,raw,6.0,3.480008562086445,0.8705505632961241,0.0,3.521691025309685,33.841607119106264,-0.041682463223239985,Raya,Kumandran Rider,Enchanted,33.841607119106264,-0.04082569466171235
crd_82807328c2514c0d8f22366b4720a583,justtcg,113.88,justtcg,0.0,4.735145262409837,1.5,0.0,4.776277768305433,118.66184013124374,-0.041132505895595806,Tamatoa,Seeker of Shine,Enchanted,118.66184013124374,-0.04029804464480604
crd_d7a644695e604c958aee5d0ba8fa8415,raw,35.0,raw,0.0,3.5553480614894135,1.0,0.0,3.593672923872106,36.36740563397441,-0.038324862382692615,Revive,,Enchanted,36.36740563397441,-0.03759975753389961
crd_42ef053d7aab445fa7b0a2bf2e028864,justtcg,70.13,justtcg,0.0,4.250350662548819,1.5,0.0,4.28802783003303,72.8227080284996,-0.037677167484210905,Hercules,Divine Hero,Enchanted,72.8227080284996,-0.036976213895338415
crd_5547bd08bb6344d4bcd03d37e415c75f,graded,450.0,PSA_10,9.0,6.1092475827643655,0.4061261981781178,1.8374737602039684,4.3070900618898715,466.1762689224703,-0.035316239329474364,"Malicious, Mean, and Scary",,Enchanted,74.22418659049956,-0.03469989787309518
crd_9c3f1e9961584a3ca4c8c32241d25d0b,justtcg,58.22,justtcg,0.0,4.064228938317477,1.5,0.0,4.097416099208153,60.18457553934871,-0.03318716089067575,Shere Khan,Menacing Predator,Enchanted,60.18457553934871,-0.0326425088445506
crd_e382f2cee40343d7ae3faed897045a66,justtcg,115.62,justtcg,0.0,4.75030895165433,1.5,0.0,4.782493350690867,119.40168948999732,-0.03218439903653714,Scar,Vengeful Lion,Enchanted,119.40168948999732,-0.03167199313636284
crd_b1ea1c67fc224e968a4906149590585c,graded,116.0,CGC_10,11.0,4.7535901911063645,0.38778619045843365,1.261937946767605,3.521691025309685,119.53736162366481,-0.030038780970925494,Raya,Kumandran Rider,Enchanted,33.841607119106264,-0.029592100541765146
crd_51bf217683f54e1bb4e6835392851031,raw,139.07,raw,2.0,4.934977403490519,0.9548416039104165,0.0,4.961901893040525,142.8652521035368,-0.026924489550006037,Mickey Mouse,Trumpeter,Enchanted,142.8652521035368,-0.026565256755269957
crd_6826d906dfc147e89f475f146034e75f,justtcg,99.3,justtcg,0.0,4.598145571051127,1.5,0.0,4.623711195903088,101.87139616859179,-0.025565624851960678,Mad Hatter,Unruly Eccentric,Enchanted,101.87139616859179,-0.02524159150951705
crd_8a558015ad0948f5be96f85dc60b3c76,graded,650.58,ACE_10,11.0,6.477864272712146,0.38778619045843365,1.6057765256190977,4.8957802506301205,666.1779161622339,-0.023692503537072973,Nick Wilde,Persistent Investigator,Enchanted,133.72430439281678,-0.023414039678906668
crd_ad336bbf94b74813aa25312a57af4525,graded,400.0,PSA_10,14.0,5.991464547107982,0.36181730936009454,1.8374737602039684,4.177420469913198,409.48252570728965,-0.023429683009184465,Arthur,King Victorious,Enchanted,65.19745731351597,-0.02315733910967464
crd_d7a644695e604c958aee5d0ba8fa8415,justtcg,35.56,justtcg,0.0,3.571221410645704,1.5,0.0,3.593672923872106,36.36740563397441,-0.022451513226402042,Revive,,Enchanted,36.36740563397441,-0.02220135365444159
crd_7bd65d4574434dd3ba908203c8cea774,raw,63.0,raw,0.0,4.143134726391533,1.0,0.0,4.164844560912004,64.38267408149528,-0.021709834520471816,Look at This Family,,Enchanted,64.38267408149528,-0.021475872215948964
crd_6a4c5fe1b3b74110acd16d725f8cc3f6,justtcg,38.07,justtcg,0.0,3.639426570394406,1.5,0.0,3.6611103924328505,38.90451817871835,-0.021683822038444323,Devil's Eye Diamond,,Enchanted,38.90451817871835,-0.02145041804359985
crd_8016f590ebb344a2934d76f614fedbba,justtcg,273.38,justtcg,0.0,5.610862768724507,1.5,0.0,5.631588849869358,279.10522182203664,-0.02072608114485064,Beast,Gracious Prince,Enchanted,279.10522182203664,-0.020512772153317465
crd_ae57eb31413644379c43ec4208a4023b,raw,59.0,raw,1.0,4.07753744390572,0.9771599684342459,0.0,4.0967316989782745,60.14339929413755,-0.01919425507255479,Finders Keepers,,Enchanted,60.14339929413755,-0.019011218314176473
crd_ee377c93c09341fe808b8582cbded0f2,raw,405.0,raw,4.0,6.003887067106539,0.9117224885582168,0.0,6.020011527004788,411.58334002245283,-0.016124459898248844,Circle of Life,,Enchanted,411.58334002245283,-0.015995156708951967
crd_19b1f802f23a4673aac60e04df0fb2ba,justtcg,127.45,justtcg,0.0,4.847724130822124,1.5,0.0,4.862967318920498,129.4076266536118,-0.015243188098374105,Olaf,Happy Passenger,Enchanted,129.4076266536118,-0.015127598768593955
crd_4dfb12a1e5844317a783074a548bc8c7,raw,85.0,raw,4.0,4.442651256490317,0.9117224885582168,0.0,4.457809882083253,86.29829852544422,-0.015158625592936126,Tiana,Restaurant Owner,Enchanted,86.29829852544422,-0.015044311969388532
crd_b3c4b83755bd417bb09f35ffea57cb68,justtcg,229.62,justtcg,0.0,5.436425768665666,1.5,0.0,5.449828312320542,232.71820762855273,-0.01340254365487592,Raging Storm,,Enchanted,232.71820762855273,-0.013313129471578825
crd_0fa2b60dcf3d46fbb5e61428e33d7d7d,justtcg,242.61,justtcg,0.0,5.491455215775841,1.5,0.0,5.5039824648689715,245.6683522768787,-0.012527249093130521,All Is Found,,Enchanted,245.6683522768787,-0.01244910973893648
crd_c88d044f605440a29cbf41b7cdc7d340,raw,19.99,raw,2.0,2.995232148512309,0.9548416039104165,0.0,3.0070691411586146,20.22802746844673,-0.011836992646305777,Bad-Anon,Villain Support Center,Enchanted,20.22802746844673,-0.011767211054959361
crd_e8863a1965284a3bad897ee8614d2866,justtcg,95.42,justtcg,0.0,4.5582882000879605,1.5,0.0,4.5693373447521,96.480155504006,-0.011049144664139199,Bolt,Superdog,Enchanted,96.480155504006,-0.010988327065476495
crd_20f6a0577b714cf393648a074b1f0bb2,raw,54.99,raw,70.0,4.007151350519723,0.19842513149602492,0.0,4.017803642309425,55.578900527040766,-0.010652291789702062,The Queen,Diviner,Enchanted,55.578900527040766,-0.010595757049103066
crd_a8b66e0b4abe48f58f9c47dc25593197,justtcg,178.21,justtcg,0.0,5.182962630185008,1.5,0.0,5.19322974674901,180.04912795768712,-0.01026711656400181,Jasmine,Steady Strategist,Enchanted,180.04912795768712,-0.01021458964310735
crd_1cda76d2cbe84ccda25bd2dc1b21844b,graded,199.99,PSA_9,33.0,5.2982673652979955,0.23325824788420185,0.536857305571269,4.771237351261187,201.9650488291853,-0.009827291534461047,Jafar,Newly Crowned,Enchanted,118.0652397901008,-0.00977916149667875
crd_0a53330fb9424adcab9e92d04aa428a0,justtcg,78.62,justtcg,0.0,4.364626119993714,1.5,0.0,4.371636443345496,79.17308801974012,-0.007010323351781977,Captain Hook,The Pirate King,Enchanted,79.17308801974012,-0.006985808354503481
crd_5b53a4c5b3854ab0ba71dd388aaa0d9f,raw,1125.0,raw,2.0,7.025538314638521,0.9548416039104165,0.0,7.03163684286854,1131.8818073780278,-0.00609852823001944,Ariel,Ethereal Voice,Iconic,1131.8818073780278,-0.00607996995195914
crd_51bf217683f54e1bb4e6835392851031,justtcg,142.52,justtcg,0.0,4.959482340737635,1.5,0.0,4.961901893040525,142.8652521035368,-0.00241955230289026,Mickey Mouse,Trumpeter,Enchanted,142.8652521035368,-0.002416627545560367
crd_d5c56759b4164f8d98eac7c93c8514b2,justtcg,158.35,justtcg,0.0,5.064807772984649,1.5,0.0,5.065329311875232,158.43260722289102,-0.0005215388905828178,Lady,Decisive Dog,Enchanted,158.43260722289102,-0.0005214029128158812
crd_5a2ba6e63b07496d96a17d2565b2a1db,justtcg,66.67,justtcg,0.0,4.199755076629969,1.5,0.0,4.1991330523835,66.62854253859774,0.0006220242464687331,The Sorcerer's Hat,,Enchanted,66.62854253859774,0.0006222177436682341
crd_ad336bbf94b74813aa25312a57af4525,justtcg,65.26,justtcg,0.0,4.178379291165174,1.5,0.0,4.177420469913198,65.19745731351597,0.0009588212519764383,Arthur,King Victorious,Enchanted,65.19745731351597,0.0009592810680217814
crd_ae2a969b746542268ff0bcfc735ea367,raw,19.99,raw,0.0,2.995232148512309,1.0,0.0,2.9925011646193878,19.935482109604887,0.002730983892921035,The Wall,Border Fortress,Enchanted,19.935482109604887,0.002734716426488991
crd_ae57eb31413644379c43ec4208a4023b,graded,378.88,PSA_10,5.0,5.937219532255586,0.44544935907016964,1.8374737602039684,4.0967316989782745,377.739747259744,0.0030140730733432264,Finders Keepers,,Enchanted,60.14339929413755,0.003018619958656174
crd_b5087f60fdf4442686a00fb4243fcf48,justtcg,226.32,justtcg,0.0,5.421949926993312,1.5,0.0,5.418644162024336,225.573074532449,0.003305764968976277,Max Goof,Chart Topper,Enchanted,225.573074532449,0.003311235035915707
crd_8ac9f95c19af4213b7c6aed341965206,raw,109.97,raw,116.0,4.700207601322843,0.06855156123091412,0.0,4.694959528470139,109.39438119425543,0.005248072852704233,Piglet,Sturdy Swordsman,Enchanted,109.39438119425543,0.005261868109317189
crd_b3c4b83755bd417bb09f35ffea57cb68,graded,2000.0,TAG_10,1.0,7.600902459542082,0.48857998421712295,2.1452402789916394,5.449828312320542,1988.3662314718083,0.0058338682299012845,Raging Storm,,Enchanted,232.71820762855273,0.005850918379145912
crd_69d9b22e10244e2fb65ffbdb5f99da83,justtcg,1244.51,justtcg,0.0,7.1264971571309275,1.5,0.0,7.119406259821572,1235.7165210628511,0.007090897309355526,Winnie the Pooh,Hunny Wizard,Enchanted,1235.7165210628511,0.007116097249865102
crd_8dbe711cfb4541309eb32cf37fe48997,justtcg,69.86,justtcg,0.0,4.246493239378686,1.5,0.0,4.239136870593869,69.34796972753998,0.007356368784816603,Clarabelle,Light on Her Hooves,Enchanted,69.34796972753998,0.0073834933376092
crd_5547bd08bb6344d4bcd03d37e415c75f,raw,75.0,raw,6.0,4.31748811353631,0.8705505632961241,0.0,4.3070900618898715,74.22418659049956,0.010398051646438589,"Malicious, Mean, and Scary",,Enchanted,74.22418659049956,0.010452299245536286
crd_434537e486234e2095f03c19628e07d4,raw,74.78,raw,113.0,4.314550469548967,0.07347174414272555,0.0,4.301405001200382,73.8034147750334,0.013145468348585432,Hiro Hamada,Armor Designer,Enchanted,73.8034147750334,0.01323224986192558
crd_5eb205c36e0b4038a8a46aa47dd50b0f,justtcg,137.69,justtcg,0.0,4.925004781456281,1.5,0.0,4.908260706305932,135.40370267570452,0.016744075150349147,Mulan,Resourceful Recruit,Enchanted,135.40370267570452,0.01688504286896259
crd_0a53330fb9424adcab9e92d04aa428a0,raw,80.76,raw,11.0,4.391481793444637,0.7755723809168673,0.0,4.371636443345496,79.17308801974012,0.0198453500991409,Captain Hook,The Pirate King,Enchanted,79.17308801974012,0.020043578189904994
crd_40690491af114f2e810a6fd1c6ddcafa,justtcg,62.4,justtcg,0.0,4.133565275375382,1.5,0.0,4.112802859320558,61.11778226817139,0.020762416054823873,Maleficent,Mistress of All Evil,Enchanted,61.11778226817139,0.020979454493334194
crd_03fecbc6607a4948a586ccf4f0915c79,justtcg,39.47,justtcg,0.0,3.675540889674756,1.5,0.0,3.651395552562567,38.52839695125954,0.02414533711218869,Basil,Disguised Detective,Enchanted,38.52839695125954,0.024439196105969476
crd_29df1d46e9f9463f9058c264f7b3bbd5,justtcg,69.3,justtcg,0.0,4.238444906195857,1.5,0.0,4.212989886895944,67.5582296104473,0.025455019299913673,Show Me More!,,Enchanted,67.5582296104473,0.025781764850796845
crd_e8863a1965284a3bad897ee8614d2866,raw,99.0,raw,11.0,4.59511985013459,0.7755723809168673,0.0,4.5693373447521,96.480155504006,0.02578250538249005,Bolt,Superdog,Enchanted,96.480155504006,0.02611774911462852
crd_580ca4f029554dd68409aac983fdae69,justtcg,105.64,justtcg,0.0,4.660037087428932,1.5,0.0,4.632513143154335,102.77202063400269,0.0275239442745967,Negaduck,Public Enemy Number One,Enchanted,102.77202063400269,0.027906227281556836
crd_0a9db863f78c46429d3f1835d046bb2e,justtcg,106.72,justtcg,0.0,4.670208582167313,1.5,0.0,4.641699057784507,103.72042495353912,0.028509524382806184,Robin Hood,Champion of Sherwood,Enchanted,103.72042495353912,0.028919810614008553
crd_ae2a969b746542268ff0bcfc735ea367,justtcg,20.54,justtcg,0.0,3.0223742045004123,1.5,0.0,2.9925011646193878,19.935482109604887,0.02987303988102452,The Wall,Border Fortress,Enchanted,19.935482109604887,0.030323715627818115
crd_c1cd26316f4948a382770ffb29440699,justtcg,80.72,justtcg,0.0,4.390986376045354,1.5,0.0,4.360232989871057,78.27536966697384,0.030753386174296793,Chip 'n' Dale,Recovery Rangers,Enchanted,78.27536966697384,0.031231156664311706
crd_ae7e15af9559439ba734caac9aa567e5,justtcg,52.19,justtcg,0.0,3.9548909056553216,1.5,0.0,3.9199197232029777,50.396398954185265,0.034971182452343985,Gadget Hackwrench,Brilliant Bosun,Enchanted,50.396398954185265,0.03558986520932303
crd_a44f1da598c94ec18b4060bb1e932c66,raw,85.99,raw,5.0,4.454231010422805,0.8908987181403393,0.0,4.417844061913489,82.91732789181833,0.036386948509315786,Mother Gothel,Knows What's Best,Enchanted,82.91732789181833,0.03705705654420684
crd_cfbcf752b5064d1e8abfc2a2c6d3e98a,raw,50.0,raw,116.0,3.912023005428146,0.06855156123091412,0.0,3.872429642379318,48.05901055431738,0.03959336304882788,Desperate Plan,,Enchanted,48.05901055431738,0.04038762811167035
crd_1a6358dd0385477eb83213749cb5d38f,justtcg,333.0,justtcg,0.0,5.808142489980444,1.5,0.0,5.766673254280695,319.47315688565106,0.04146923569974881,Stitch,Experiment 626,Enchanted,319.47315688565106,0.04234109446381636
crd_b73d08030c9646ab8a227158b8e453d4,justtcg,1122.83,justtcg,0.0,7.023607563047777,1.5,0.0,6.980247007736197,1075.1839129428015,0.043360555311579674,Moana,Curious Explorer,Iconic,1075.1839129428015,0.044314360067748734
crd_c343d1fc29f3491f95bb460c90e081a7,justtcg,25.62,justtcg,0.0,3.2433732964685884,1.5,0.0,3.1984207382279717,24.493817486795677,0.044952558240616725,Treasure Mountain,Azurite Sea Island,Enchanted,24.493817486795677,0.04597823568381853
crd_eb10018264004dc59f9bf0f31295d757,graded,280.0,TAG_10,11.0,5.634789603169249,0.38778619045843365,2.1452402789916394,3.4437441891087737,267.46386366299686,0.04580513506883577,Captain Amelia,Commander of the Legacy,Enchanted,31.303946914742543,0.046870392752564494
crd_54e413e671dc4fa3872b3481db960d47,raw,139.0,raw,0.0,4.9344739331306915,1.0,0.0,4.888374511157772,132.73763505089235,0.04609942197291961,Jasmine,Desert Warrior,Enchanted,132.73763505089235,0.04717851833586291
crd_d0714091b2a14f478e2d7704c8eb50d8,raw,60.0,raw,1.0,4.0943445622221,0.9771599684342459,0.0,4.047552226558759,57.25713288543538,0.04679233566334151,Sisu,Empowered Sibling,Enchanted,57.25713288543538,0.04790437411619523
crd_6527615670294d2a8a23873bc964cec0,justtcg,228.2,justtcg,0.0,5.430222437427975,1.5,0.0,5.3817860235725075,217.41022866830744,0.04843641385546782,Bambi,Little Prince,Enchanted,217.41022866830744,0.04962862786071581
crd_93ab5d88940f4610a375a928963a570f,justtcg,79.36,justtcg,0.0,4.373994462976618,1.5,0.0,4.321788287811053,75.32320749683824,0.052206175165564694,Diablo,Devoted Herald,Enchanted,75.32320749683824,0.05359294482157081
crd_4dfb12a1e5844317a783074a548bc8c7,justtcg,91.24,justtcg,0.0,4.5134933974161875,1.5,0.0,4.457809882083253,86.29829852544422,0.0556835153329347,Tiana,Restaurant Owner,Enchanted,86.29829852544422,0.057263023246035175
crd_6527615670294d2a8a23873bc964cec0,raw,230.0,raw,8.0,5.438079308923196,0.8312378961427878,0.0,5.3817860235725075,217.41022866830744,0.056293285350688116,Bambi,Little Prince,Enchanted,217.41022866830744,0.05790790713393813
crd_94501fb9ecad49e9a81cd51f7c31dac7,justtcg,178.05,justtcg,0.0,5.182064409723787,1.5,0.0,5.125667773434767,168.286481380624,0.05639663628902003,Ariel,Sonic Warrior,Enchanted,168.286481380624,0.058017248558981285
crd_5eb205c36e0b4038a8a46aa47dd50b0f,graded,899.99,PSA_10,2.0,6.8023836521514705,0.47742080195520825,1.8374737602039684,4.908260706305932,850.4235049404616,0.056649185641569844,Mulan,Resourceful Recruit,Enchanted,135.40370267570452,0.05828448387372387
crd_db4137ebc57046a3ba7736adbdb01d44,graded,93.0,PSA_8,1.0,4.532599493153256,0.48857998421712295,-0.6445711756794924,5.119653410751049,87.8018205018701,0.05751725808169983,Perdita,Determined Mother,Enchanted,167.27738303036904,0.05920355031840395
crd_e08d7a85c4e84f1e83a7521ff9c15a89,justtcg,49.63,justtcg,0.0,3.9045954895993495,1.5,0.0,3.844510560137015,46.73580438649019,0.06008492946233446,Lady Tremaine,Imperious Queen,Enchanted,46.73580438649019,0.061926731581973926
crd_3c235410b79145c080fa8e3b000a2c60,justtcg,545.15,justtcg,0.0,6.3010609861523905,1.5,0.0,6.240918127371316,513.329596604566,0.060142858781074615,Cinderella,Dream Come True,Enchanted,513.329596604566,0.061988250055930866
crd_d0659baf8fad4748ae9abf7260279d8c,justtcg,174.73,justtcg,0.0,5.163241925350947,1.5,0.0,5.099292170291676,163.90584880077137,0.06394975505927114,Freeze the Vine,,Enchanted,163.90584880077137,0.06603883435779939
crd_e382f2cee40343d7ae3faed897045a66,graded,800.0,PSA_10,12.0,6.684611727667927,0.3789291416275995,1.8374737602039684,4.782493350690867,749.9204324943167,0.06464461677309163,Scar,Vengeful Lion,Enchanted,119.40168948999732,0.06677984134811887
crd_ee5abfdfaa9d469e93dd20e1253ed1d0,raw,50.0,raw,2.0,3.912023005428146,0.9548416039104165,0.0,3.8459088048766024,46.801198186738354,0.0661142005515436,Lady Tremaine,Sinister Socialite,Enchanted,46.801198186738354,0.06834871621231389
crd_3d02b1019aa34f70b5e0da64191d9326,raw,239.13,raw,6.0,5.477007337107941,0.8705505632961241,0.0,5.410409170038604,223.72310974867756,0.06659816706933697,Scar,Finally King,Enchanted,223.72310974867756,0.06886588635671066
crd_db4137ebc57046a3ba7736adbdb01d44,raw,179.08,raw,21.0,5.187832633372765,0.6155722066724582,0.0,5.119653410751049,167.27738303036904,0.06817922262171638,Perdita,Determined Mother,Enchanted,167.27738303036904,0.07055715934704847
crd_b30562a95420404b911886bcfc9e7a9c,raw,182.71,raw,5.0,5.207900196423574,0.8908987181403393,0.0,5.138694321988219,170.4930139507492,0.06920587443535453,Scrooge McDuck,Reformed Ebenezer,Enchanted,170.4930139507492,0.07165681318050912
crd_c9f08696c3cd44bf96e2a149bb3cfb12,justtcg,24.04,justtcg,0.0,3.179719109667007,1.5,0.0,3.109644697848014,22.41307957046544,0.0700744118189931,Belle's House,Maurice's Workshop,Enchanted,22.41307957046544,0.07258799150824485
crd_7c421033c14c40e7a5be957ba42bb1b7,justtcg,26.4,justtcg,0.0,3.2733640101522705,1.5,0.0,3.2007134529905703,24.550039249344874,0.07265055716170021,RLS Legacy,Solar Galleon,Enchanted,24.550039249344874,0.07535469625387638
crd_4656262d1cbc478aab92978dc7729663,justtcg,904.81,justtcg,0.0,6.8077249769070605,1.5,0.0,6.734466383535167,840.8946491149553,0.07325859337189389,Hades,Looking for a Deal,Iconic,840.8946491149553,0.07600874967193062
crd_656cd1bfb0084f92bfd003ca69b3b3c9,justtcg,137.36,justtcg,0.0,4.92260521658922,1.5,0.0,4.84925304217906,127.64500879003114,0.07335217441015995,Let's Get Dangerous,,Enchanted,127.64500879003114,0.07610944839958055
crd_a209d31e37bc44e78b2f56cf474bde5d,raw,92.0,raw,5.0,4.5217885770490405,0.8908987181403393,0.0,4.446312579978337,85.31178291724585,0.0754759970707033,Wrong Lever!,,Enchanted,85.31178291724585,0.07839734271222382
crd_d72f9b00497a4ff0ac7ddb0f85da659d,justtcg,587.83,justtcg,0.0,6.376437790450383,1.5,0.0,6.299566074542376,544.335657772281,0.07687171590800634,Mickey Mouse,Steamboat Pilot,Enchanted,544.335657772281,0.07990353306215801
crd_5413c96876fd4884861caaef3fcb58b5,graded,250.0,PSA_9,7.0,5.521460917862246,0.42533358047542785,0.536857305571269,4.905034751312536,230.87860591804036,0.07956886097844063,Judy Hopps,Lead Detective,Enchanted,134.96760022657222,0.08282012101522929
crd_94501fb9ecad49e9a81cd51f7c31dac7,raw,182.5,raw,4.0,5.206750173022546,0.9117224885582168,0.0,5.125667773434767,168.286481380624,0.08108239958777919,Ariel,Sonic Warrior,Enchanted,168.286481380624,0.08446025196301053
crd_f839f8a7cb9a47ae962503f3ea69bec5,justtcg,132.41,justtcg,0.0,4.885903169351665,1.5,0.0,4.804634950424459,122.074919488724,0.08126821892720582,Maui,Hero to All,Enchanted,122.074919488724,0.08466178437439463
crd_8ef1d474eb68402e8d35e2aa3bce689a,raw,200.0,raw,4.0,5.298317366548036,0.9117224885582168,0.0,5.216833467995516,184.3495102408377,0.08148389855251992,Colors of the Wind,,Enchanted,184.3495102408377,0.08489574905144101
crd_e382f2cee40343d7ae3faed897045a66,raw,130.0,raw,6.0,4.867534450455582,0.8705505632961241,0.0,4.782493350690867,119.40168948999732,0.08504109976471508,Scar,Vengeful Lion,Enchanted,119.40168948999732,0.08876181363321924
crd_016db7e8b21348aca4b407fb6d2ce26d,graded,61.99,PSA_9,34.0,4.126973081713828,0.2279306221395542,0.536857305571269,3.5041329457549675,56.88264303788654,0.08598283038759202,Snuggly Duckling,Disreputable Pub,Enchanted,33.25259954182874,0.08978761691350604
crd_5547bd08bb6344d4bcd03d37e415c75f,justtcg,80.98,justtcg,0.0,4.394202210604015,1.5,0.0,4.3070900618898715,74.22418659049956,0.08711214871414352,"Malicious, Mean, and Scary",,Enchanted,74.22418659049956,0.09101902923871405
crd_d0714091b2a14f478e2d7704c8eb50d8,justtcg,62.63,justtcg,0.0,4.137244396537321,1.5,0.0,4.047552226558759,57.25713288543538,0.08969216997856222,Sisu,Empowered Sibling,Enchanted,57.25713288543538,0.09383751584828835
crd_8016f590ebb344a2934d76f614fedbba,raw,305.99,raw,0.0,5.723552421679824,1.0,0.0,5.631588849869358,279.10522182203664,0.09196357181046633,Beast,Gracious Prince,Enchanted,279.10522182203664,0.09632488422271651
crd_6527615670294d2a8a23873bc964cec0,graded,1500.0,PSA_10,0.0,7.313220387090301,0.5,1.8374737602039684,5.3817860235725075,1365.477937607272,0.09396060331382561,Bambi,Little Prince,Enchanted,217.41022866830744,0.0985164671561455
crd_3f0711ce8e06486a8bde68218e75d360,justtcg,154.01,justtcg,0.0,5.037017535370374,1.5,0.0,4.9403839866640995,139.8239297774561,0.09663354870627483,Alice,Growing Girl,Enchanted,139.8239297774561,0.10145666943507096
crd_5a2ba6e63b07496d96a17d2565b2a1db,graded,464.09,PSA_10,22.0,6.140078498934618,0.30075625902052916,1.8374737602039684,4.1991330523835,418.4706736599152,0.10347168634714965,The Sorcerer's Hat,,Enchanted,66.62854253859774,0.10901439267201561
crd_54102dba80604a609eed679b7f33fad3,justtcg,201.25,justtcg,0.0,5.304547916298673,1.5,0.0,5.195885385141203,180.52790878736874,0.10866253115746982,Aurora,Waking Beauty,Enchanted,180.52790878736874,0.11478608128695696
crd_5413c96876fd4884861caaef3fcb58b5,justtcg,150.76,justtcg,0.0,5.015689168398935,1.5,0.0,4.905034751312536,134.96760022657222,0.11065441708639856,Judy Hopps,Lead Detective,Enchanted,134.96760022657222,0.1170088209830867
crd_60630688715e45079236d447087a9a83,justtcg,29.59,justtcg,0.0,3.3874364664121184,1.5,0.0,3.2760074249266853,26.469878468241763,0.11142904148543309,Sugar Rush Speedway,Finish Line,Enchanted,26.469878468241763,0.11787441848294558
crd_4d10d4cd91454ff389318fd9a19a879f,raw,3800.0,raw,5.0,8.242756345714477,0.8908987181403393,0.0,8.130197178021778,3395.4690110017727,0.1125591676926998,Mickey Mouse,Brave Little Prince,Iconic,3395.4690110017727,0.11913847179505804
crd_831e34ca1c2143dd82785500356c339e,justtcg,99.11,justtcg,0.0,4.596230344418617,1.5,0.0,4.483110905886144,88.50958983723362,0.11311943853247364,The Horned King,Wicked Ruler,Enchanted,88.50958983723362,0.11976566812997591
crd_0d38ed42e8f14a299f6efefb250350d3,raw,152.5,raw,6.0,5.0271645960474665,0.8705505632961241,0.0,4.913470316685307,136.1109438364701,0.11369427936215981,Belle,Mechanic Extraordinaire,Enchanted,136.1109438364701,0.1204095401999451
crd_ae4635bbf7ef4b4fb6a30c61f633fa0d,justtcg,55.44,justtcg,0.0,4.015301354881648,1.5,0.0,3.899047783877381,49.355429686872064,0.11625357100426648,Royal Tantrum,,Enchanted,49.355429686872064,0.12328066743072748
crd_c51b6a26015b45f298d1664787f37234,justtcg,317.52,justtcg,0.0,5.7605408084748095,1.5,0.0,5.644218611632983,282.6526084508633,0.11632219684182665,Belle,Accomplished Mystic,Enchanted,282.6526084508633,0.12335775615245387
crd_26dd3cd037974467a3c4078d58f4ae25,justtcg,44.87,justtcg,0.0,3.803769419987892,1.5,0.0,3.682143176403654,39.73145440593027,0.12162624358423813,Madam Mim,Purple Dragon,Enchanted,39.73145440593027,0.1293319278365696
crd_0bd8f734ff064b3881191b916f8354cf,justtcg,75.51,justtcg,0.0,4.324265097815334,1.5,0.0,4.200658636743689,66.73026757637048,0.12360646107164541,And Then Along Came Zeus,,Enchanted,66.73026757637048,0.13157046633420744
crd_60630688715e45079236d447087a9a83,raw,29.99,raw,5.0,3.4008639927609177,0.8908987181403393,0.0,3.2760074249266853,26.469878468241763,0.12485656783423238,Sugar Rush Speedway,Finish Line,Enchanted,26.469878468241763,0.13298593478551987
crd_d5c56759b4164f8d98eac7c93c8514b2,raw,180.0,raw,2.0,5.19295685089021,0.9548416039104165,0.0,5.065329311875232,158.43260722289102,0.1276275390149788,Lady,Decisive Dog,Enchanted,158.43260722289102,0.1361297598717597
crd_9652fdf2822645ee91302352c74c9d6a,justtcg,262.02,justtcg,0.0,5.568420836725524,1.5,0.0,5.440026783084061,230.44835549566565,0.12839405364146295,Belle,Snowfield Strategist,Enchanted,230.44835549566565,0.1370009537990738
crd_e3dbc3e8ae3543059ee67af1d144c576,raw,300.0,raw,0.0,5.703782474656201,1.0,0.0,5.572769834327369,263.1620058419993,0.13101264032883186,The Cold Never Bothered Me,,Enchanted,263.1620058419993,0.13998219097067505
crd_66c2f5fd704b45bdbe79f585ac31d6fc,graded,249.0,PSA_10,10.0,5.517452896464707,0.3968502629920499,1.8374737602039684,3.5446131809721715,217.47566107771164,0.13536595528856754,Maleficent's Staff,,Enchanted,34.6262886440684,0.144955710289914
crd_7e0b8f2e97fc4d6ca8badbb552024f58,raw,225.0,raw,11.0,5.41610040220442,0.7755723809168673,0.0,5.278721204173965,196.11891887008957,0.13737919803045529,Jasmine,Fearless Princess,Enchanted,196.11891887008957,0.1472631059578777
crd_aa7db27471b142cfa97cd5ca3409669d,justtcg,102.43,justtcg,0.0,4.629179638448443,1.5,0.0,4.484942805659309,88.67187913826132,0.1442368327891339,The Glass Slipper,,Enchanted,88.67187913826132,0.15515765534061107
crd_a288e4ad2fa24cadada391a6d1896d9c,justtcg,320.39,justtcg,0.0,5.769539003720864,1.5,0.0,5.624622412225375,277.1676096614734,0.1449165914954884,It Means No Worries,,Enchanted,277.1676096614734,0.15594315075746884
crd_fe0bc499ead74e4f8a5d2b0e6037cf91,graded,700.0,PSA_10,3.0,6.551080335043404,0.4665164957684037,1.8374737602039684,4.565207257553463,603.4607600279364,0.148399317285973,"Next Stop, Olympus",,Enchanted,96.08250577810402,0.15997600236276208
crd_ac531a6c2f3046d3adcffbd1b1e5228e,raw,170.0,raw,2.0,5.135798437050262,0.9548416039104165,0.0,4.976911361202841,145.02575701082543,0.1588870758474208,Donald Duck,Flustered Sorcerer,Enchanted,145.02575701082543,0.1722055688860181
crd_6826d906dfc147e89f475f146034e75f,graded,750.0,PSA_10,0.0,6.620073206530356,0.5,1.8374737602039684,4.623711195903088,639.8187647081002,0.15888825042330001,Mad Hatter,Unruly Eccentric,Enchanted,101.87139616859179,0.17220694573121342
crd_9a1c82a2d3dd4ef898fb86f089242018,justtcg,99.79,justtcg,0.0,4.603067977896221,1.5,0.0,4.444165919088938,85.12884387374834,0.15890205880728292,Baloo,Carefree Bear,Enchanted,85.12884387374834,0.17222313212658122
crd_7ad03b4873f042bcae4da820a7061ba4,justtcg,44.9,justtcg,0.0,3.8044377947482086,1.5,0.0,3.6450537231641205,38.284829578493316,0.15938407158408818,Gramma Tala,Spirit of the Ocean,Enchanted,38.284829578493316,0.17278829485041752
crd_016db7e8b21348aca4b407fb6d2ce26d,raw,39.0,raw,5.0,3.6635616461296463,0.8908987181403393,0.0,3.5041329457549675,33.25259954182874,0.15942870037467882,Snuggly Duckling,Disreputable Pub,Enchanted,33.25259954182874,0.17284063614159115
crd_a9c86e6316084d76a03b32be95977091,justtcg,118.97,justtcg,0.0,4.778871360488434,1.5,0.0,4.6184093667873825,101.33272067884478,0.16046199370105185,Hades,King of Olympus,Enchanted,101.33272067884478,0.17405315087762477
crd_7bd65d4574434dd3ba908203c8cea774,justtcg,75.59,justtcg,0.0,4.325323999304086,1.5,0.0,4.164844560912004,64.38267408149528,0.16047943839208134,Look at This Family,,Enchanted,64.38267408149528,0.1740736320507374
crd_fbccd8fc95fa45009665824b0731c3d3,justtcg,156.76,justtcg,0.0,5.05471597333143,1.5,0.0,4.892297093025289,133.2593318214962,0.1624188803061415,Lilo,Best Explorer Ever,Enchanted,133.2593318214962,0.17635288919190592
crd_d08869cde8294b0b9f73d0f7192e2335,raw,145.0,raw,0.0,4.976733742420574,1.0,0.0,4.8134899072708865,123.1606877537888,0.16324383514968765,Robin Hood,Sharpshooter,Enchanted,123.1606877537888,0.1773237275994289
crd_98e2f67c2ee14092be9f89b31f20db4e,justtcg,64.34,justtcg,0.0,4.16418152181088,1.5,0.0,3.9963759718650667,54.40064290317134,0.16780554994581331,Wreck-It Ralph,Ham Hands,Enchanted,54.40064290317134,0.18270661092222523
crd_4ea909f6818d4776ae936aa51aed88b8,justtcg,137.72,justtcg,0.0,4.925222638470323,1.5,0.0,4.755613539215447,116.23494598926058,0.16960909925487577,Mushu,Your Worst Nightmare,Enchanted,116.23494598926058,0.1848416053182875
crd_8ef1d474eb68402e8d35e2aa3bce689a,justtcg,218.6,justtcg,0.0,5.387243575742438,1.5,0.0,5.216833467995516,184.3495102408377,0.170410107746922,Colors of the Wind,,Enchanted,184.3495102408377,0.1857910537132257
crd_2319774247e242a19dfa6a0fe584fff0,justtcg,146.13,justtcg,0.0,4.984496636486561,1.5,0.0,4.813869975007103,123.20750605407338,0.17062666147945826,Tod,Knows All the Tricks,Enchanted,123.20750605407338,0.18604786899806605
crd_70fa88bf3a35452b8178209944e8604a,raw,59.99,raw,1.0,4.094177881665002,0.9771599684342459,0.0,3.9225002413093546,50.52661571527737,0.17167764035564703,The Sword of Hercules,,Enchanted,50.52661571527737,0.18729503551256546
crd_d2d94d7cffe349d9a618f8bdb6695f29,justtcg,539.13,justtcg,0.0,6.28995672921204,1.5,0.0,6.117238074066723,453.61012521488806,0.17271865514531726,I2I,,Enchanted,453.61012521488806,0.1885316707703528
crd_ee377c93c09341fe808b8582cbded0f2,justtcg,489.28,justtcg,0.0,6.192934922740697,1.5,0.0,6.020011527004788,411.58334002245283,0.17292339573590976,Circle of Life,,Enchanted,411.58334002245283,0.18877503635912127
crd_c9f08696c3cd44bf96e2a149bb3cfb12,raw,26.74,raw,50.0,3.286160571673797,0.3149802624737183,0.0,3.109644697848014,22.41307957046544,0.17651587382578304,Belle's House,Maurice's Workshop,Enchanted,22.41307957046544,0.19305336493055147
crd_1a6358dd0385477eb83213749cb5d38f,raw,383.99,raw,5.0,5.95061651058197,0.8908987181403393,0.0,5.766673254280695,319.47315688565106,0.18394325630127462,Stitch,Experiment 626,Enchanted,319.47315688565106,0.20194761820768967
crd_b3c4b83755bd417bb09f35ffea57cb68,raw,280.0,raw,12.0,5.634789603169249,0.757858283255199,0.0,5.449828312320542,232.71820762855273,0.18496129084870727,Raging Storm,,Enchanted,232.71820762855273,0.20317186546449692
crd_cfbcf752b5064d1e8abfc2a2c6d3e98a,graded,99.0,PSA_9,27.0,4.59511985013459,0.2679433656340733,0.536857305571269,3.872429642379318,82.21082200435139,0.1858329021840026,Desperate Plan,,Enchanted,48.05901055431738,0.20422102086219196
crd_be9c85638bda44878c44cf4cc7e7cfb0,justtcg,238.38,justtcg,0.0,5.473866039054562,1.5,0.0,5.2866437927117556,197.67885959357682,0.18722224634280682,Powerline,World's Greatest Rock Star,Enchanted,197.67885959357682,0.20589526108205874
crd_7c621010e3e6471d9916eee4bcd0b11d,justtcg,136.28,justtcg,0.0,4.914711592792766,1.5,0.0,4.726692708463432,112.92147983512059,0.18801888432933378,Aladdin,Heroic Outlaw,Enchanted,112.92147983512059,0.20685630580635078
crd_c2a0cc56159841db921d13a52589d13a,raw,245.0,raw,11.0,5.501258210544727,0.7755723809168673,0.0,5.308628664721605,202.07292856034258,0.19262954582312197,The Headless Horseman,Terror of Sleepy Hollow,Enchanted,202.07292856034258,0.21243355923769247
crd_715c77fe8d9b410d8194beea91b7163d,justtcg,339.47,justtcg,0.0,5.827385577851309,1.5,0.0,5.634733638530773,279.98433033970406,0.1926519393205357,Can't Hold it Back Anymore,,Enchanted,279.98433033970406,0.2124607101694666
crd_8a558015ad0948f5be96f85dc60b3c76,raw,162.34,raw,0.0,5.08969290133303,1.0,0.0,4.8957802506301205,133.72430439281678,0.19391265070290942,Nick Wilde,Persistent Investigator,Enchanted,133.72430439281678,0.21399023713089815
crd_e3dbc3e8ae3543059ee67af1d144c576,justtcg,319.7,justtcg,0.0,5.767383056065796,1.5,0.0,5.572769834327369,263.1620058419993,0.1946132217384271,The Cold Never Bothered Me,,Enchanted,263.1620058419993,0.21484102151108334
crd_580ca4f029554dd68409aac983fdae69,raw,125.0,raw,23.0,4.8283137373023015,0.5877739531418044,0.0,4.632513143154335,102.77202063400269,0.19580059414796658,Negaduck,Public Enemy Number One,Enchanted,102.77202063400269,0.21628434693482235
crd_5739e1f6076840cd901a1bc283ca6e96,justtcg,340.77,justtcg,0.0,5.83120776291144,1.5,0.0,5.6346041851798,279.9480877758329,0.19660357773163994,Mickey Mouse,Wayward Sorcerer,Enchanted,279.9480877758329,0.2172613955229796
crd_2e1d43823fc642549ba92787523ce17f,justtcg,64.18,justtcg,0.0,4.161691635681711,1.5,0.0,3.9628210865938884,52.60552154610638,0.19887054908782265,Morph,Space Goo,Enchanted,52.60552154610638,0.2200240224545465
crd_5b53a4c5b3854ab0ba71dd388aaa0d9f,justtcg,1383.09,justtcg,0.0,7.232075405469321,1.5,0.0,7.03163684286854,1131.8818073780278,0.2004385626007812,Ariel,Ethereal Voice,Iconic,1131.8818073780278,0.22193853720812873
crd_b20587f1945e42d59b750f9b69cc4a6b,raw,150.0,raw,1.0,5.0106352940962555,0.9771599684342459,0.0,4.808956581289892,122.60362383833801,0.2016787128063635,Minnie Mouse,Musketeer Champion,Enchanted,122.60362383833801,0.2234548645787674
crd_24dfd54db49e4a5d8004c51d0882aa46,justtcg,84.74,justtcg,0.0,4.439587745198413,1.5,0.0,4.2367024375675735,69.1793520672048,0.20288530763083923,The Black Cauldron,,Enchanted,69.1793520672048,0.2249319698409238
crd_b8f5f89ae4fa49e29637b1fffd9c9e4c,justtcg,56.19,justtcg,0.0,4.028738805124107,1.5,0.0,3.824884918815823,45.82752617687896,0.20385388630828372,Yzma,Conniving Chemist,Enchanted,45.82752617687896,0.2261189875954757
crd_e97e4b9894fe4c9798b0d925092d3eea,justtcg,147.63,justtcg,0.0,4.994709143545997,1.5,0.0,4.788750005449714,120.15108655347139,0.20595913809628286,Snow White,Well Wisher,Enchanted,120.15108655347139,0.2287029958260059
crd_4ea909f6818d4776ae936aa51aed88b8,graded,899.99,PSA_10,13.0,6.8023836521514705,0.37027438807164104,1.8374737602039684,4.755613539215447,730.0312193197409,0.20929635273205527,Mushu,Your Worst Nightmare,Enchanted,116.23494598926058,0.23281029109772886
crd_ee5abfdfaa9d469e93dd20e1253ed1d0,justtcg,57.74,justtcg,0.0,4.055950174234789,1.5,0.0,3.8459088048766024,46.801198186738354,0.21004136935818707,Lady Tremaine,Sinister Socialite,Enchanted,46.801198186738354,0.23372909748198067
crd_862f8b58a6e247cd865509856286449e,raw,269.99,raw,37.0,5.59838492127545,0.42533358047542785,0.0,5.383120701629294,217.70059505955336,0.21526421964615583,Anna,Soothing Sister,Enchanted,217.70059505955336,0.2401895361202049
crd_789d5871174e4da293165a39bdfece14,justtcg,142.94,justtcg,0.0,4.962424961791832,1.5,0.0,4.744142426328279,114.90922011522599,0.21828253546355292,Darkwing Duck,Cool Under Pressure,Enchanted,114.90922011522599,0.24393847470782487
crd_3d02b1019aa34f70b5e0da64191d9326,justtcg,279.01,justtcg,0.0,5.6312476234729525,1.5,0.0,5.410409170038604,223.72310974867756,0.22083845343434838,Scar,Finally King,Enchanted,223.72310974867756,0.24712194602260648
crd_c607f55525894e1bbdb8121eed6bf886,justtcg,72.75,justtcg,0.0,4.287028906051602,1.5,0.0,4.06322993469663,58.161867051542046,0.22379897135497195,Webby Vanderquack,Junior Prospector,Enchanted,58.161867051542046,0.25081954359426273
crd_a728498e9f554bb2b5e4fd82595ed11e,graded,149.99,PSA_9,27.0,5.010568625207268,0.2679433656340733,0.536857305571269,4.249763461545745,119.89552842290122,0.22394785809025386,Fantastical and Magical,,Enchanted,70.08883168187621,0.25100578789684436
crd_865641f3cac34a65a36bb2404f4e39dd,justtcg,148.51,justtcg,0.0,5.000652296042854,1.5,0.0,4.773692641575296,118.35548039645666,0.22695965446755828,Tigger,In the Crow's Nest,Enchanted,118.35548039645666,0.25477924218240194
crd_758bab20496f4673991e53ac59f1bcaa,justtcg,704.03,justtcg,0.0,6.556820968886471,1.5,0.0,6.3274844079189085,559.7467268378848,0.22933656096756216,Eeyore,In the Way,Enchanted,559.7467268378848,0.25776528248266606
crd_c88d044f605440a29cbf41b7cdc7d340,graded,159.99,PSA_10,20.0,5.075111313280621,0.3149802624737183,1.8374737602039684,3.0070691411586146,127.04519653313021,0.23056841191803734,Bad-Anon,Villain Support Center,Enchanted,20.22802746844673,0.25931561653555824
crd_ae7e91462bfc4861bbf97e99ed53a1c1,justtcg,148.08,justtcg,0.0,4.9977526682652424,1.5,0.0,4.762382482564918,117.02440263322687,0.23537018570032409,Genie,On the Job,Enchanted,117.02440263322687,0.26537710655192465
crd_ec8ba95c2c20470ab00ef4f03c8db8ee,justtcg,167.75,justtcg,0.0,5.122474775851791,1.5,0.0,4.886155011528085,132.44335062195,0.2363197643237065,Mickey Mouse,Inspirational Warrior,Enchanted,132.44335062195,0.2665792522784347
crd_eb10018264004dc59f9bf0f31295d757,justtcg,39.67,justtcg,0.0,3.6805952345262387,1.5,0.0,3.4437441891087737,31.303946914742543,0.23685104541746504,Captain Amelia,Commander of the Legacy,Enchanted,31.303946914742543,0.2672523406726541
crd_ed9fc60aa63a4eafa4116188e41910f2,justtcg,197.8,justtcg,0.0,5.287256419188612,1.5,0.0,5.04820996055903,155.74342793900794,0.2390464586295824,Demona,Scourge of the Wyvern Clan,Enchanted,155.74342793900794,0.27003753941683006
crd_7e0b8f2e97fc4d6ca8badbb552024f58,justtcg,249.36,justtcg,0.0,5.518897635459082,1.5,0.0,5.278721204173965,196.11891887008957,0.2401764312851169,Jasmine,Fearless Princess,Enchanted,196.11891887008957,0.2714734582295841
crd_41acb92e0c494214949c72c409593b50,justtcg,160.47,justtcg,0.0,5.078107009211268,1.5,0.0,4.83778306868257,126.18928841883624,0.24032394052869854,Lilo,Rock Star,Enchanted,126.18928841883624,0.27166102615130266
crd_ca78ff510359490a862b871b577a5fec,justtcg,377.71,justtcg,0.0,5.934126705407111,1.5,0.0,5.691957909220656,296.4735209995496,0.24216879618645581,Mufasa,Ruler of Pride Rock,Enchanted,296.4735209995496,0.2740092225658621
crd_ad5f241dfb68479189af1ac3802327d7,justtcg,44.94,justtcg,0.0,3.8053282667571833,1.5,0.0,3.5614427341422346,35.21396490356119,0.24388553261494872,Restoring Atlantis,,Enchanted,35.21396490356119,0.27619823905303037
crd_8941521977e54d6fa2baaae91d13fb6e,justtcg,144.84,justtcg,0.0,4.975629684897441,1.5,0.0,4.729388458382122,113.2262985781605,0.24624122651531888,Goliath,Clan Leader,Enchanted,113.2262985781605,0.27920811524202993
crd_77b92f4bb7d2460ea85b9d547cb8e72f,raw,2815.03,raw,116.0,7.9427281977106095,0.06855156123091412,0.0,7.693612249126989,2194.2865733062567,0.2491159485836203,Minnie Mouse,Sweetheart Princess,Iconic,2194.2865733062567,0.2828907738146687
crd_60630688715e45079236d447087a9a83,graded,119.99,CGC_10,59.0,4.787408405976297,0.12792173649959687,1.261937946767605,3.2760074249266853,93.49849797193194,0.249463034282007,Sugar Rush Speedway,Finish Line,Enchanted,26.469878468241763,0.2833361241377451
crd_ed9fc60aa63a4eafa4116188e41910f2,raw,200.0,raw,5.0,5.298317366548036,0.8908987181403393,0.0,5.04820996055903,155.74342793900794,0.2501074059890067,Demona,Scourge of the Wyvern Clan,Enchanted,155.74342793900794,0.2841633361140842
crd_862f8b58a6e247cd865509856286449e,justtcg,279.7,justtcg,0.0,5.633717600207914,1.5,0.0,5.383120701629294,217.70059505955336,0.2505968985786202,Anna,Soothing Sister,Enchanted,217.70059505955336,0.2847920784207613
crd_c2a0cc56159841db921d13a52589d13a,justtcg,260.23,justtcg,0.0,5.561565855358551,1.5,0.0,5.308628664721605,202.07292856034258,0.25293719063694553,The Headless Horseman,Terror of Sleepy Hollow,Enchanted,202.07292856034258,0.2878023882466308
crd_fbad358f2f804554838545c738341380,justtcg,234.32,justtcg,0.0,5.456687702519478,1.5,0.0,5.201479768853877,181.54068145803365,0.25520793366560035,Angel,Experiment 624,Enchanted,181.54068145803365,0.2907299791874317
crd_c88d044f605440a29cbf41b7cdc7d340,justtcg,26.17,justtcg,0.0,3.2646137165420543,1.5,0.0,3.0070691411586146,20.22802746844673,0.2575445753834398,Bad-Anon,Villain Support Center,Enchanted,20.22802746844673,0.2937494790741224
crd_1a8604b7ba6c45e2bc8b32b0a70d08b5,justtcg,174.68,justtcg,0.0,5.16295572861736,1.5,0.0,4.904268531208704,134.86422494707887,0.25868719740865664,Mickey Mouse,Artful Rogue,Enchanted,134.86422494707887,0.2952285905958011
crd_98e2f67c2ee14092be9f89b31f20db4e,graded,449.0,PSA_10,10.0,6.1070228877422545,0.3968502629920499,1.8374737602039684,3.9963759718650667,341.671494165355,0.2731731556732191,Wreck-It Ralph,Ham Hands,Enchanted,54.40064290317134,0.3141277738045729
crd_050ae6da90154532905911c8c2569802,justtcg,302.12,justtcg,0.0,5.710824289445247,1.5,0.0,5.43286903952186,228.80475451710973,0.27795524992338727,Hades,Infernal Schemer,Enchanted,228.80475451710973,0.3204271066727671
crd_c43f19388b414266aeddb6cd78f7c020,graded,106.94,PSA_9,11.0,4.672267929520586,0.38778619045843365,0.536857305571269,3.8560565549086427,80.87573658526351,0.27935406904067417,Ratigan,Nefarious Criminal,Enchanted,47.278542938466735,0.32227543779163187
crd_656cd1bfb0084f92bfd003ca69b3b3c9,raw,169.99,raw,4.0,5.135739611790679,0.9117224885582168,0.0,4.84925304217906,127.64500879003114,0.28648656961161834,Let's Get Dangerous,,Enchanted,127.64500879003114,0.3317402819848917
crd_cb38cec5fa8e49139bb0377111d6d048,justtcg,60.48,justtcg,0.0,4.102312731871278,1.5,0.0,3.8140675736455854,45.334465618993406,0.2882451582256924,Archimedes,Electrified Owl,Enchanted,45.334465618993406,0.33408432578195457
crd_9a1fff8a9426484ebc7fae9cb8605572,justtcg,755.86,justtcg,0.0,6.627856173845454,1.5,0.0,6.330101106843008,561.213333492963,0.2977550670024458,Spooky Sight,,Enchanted,561.213333492963,0.34683186391094095
crd_51faef6e502845188f6fee9429829df2,graded,700.0,PSA_10,6.0,6.551080335043404,0.43527528164806206,1.8374737602039684,4.412400566716165,517.9477284917599,0.3012060081232706,Goofy,Galumphing Gumshoe,Enchanted,82.46719407780803,0.3514877303128015
crd_08b670dabf3b4ff0a56cb4525b0b57db,justtcg,179.03,justtcg,0.0,5.187553389563182,1.5,0.0,4.874410007994799,130.89690229848742,0.3131433815683833,Mulan,Considerate Diplomat,Enchanted,130.89690229848742,0.367717622467135
crd_222e3894d8c04d2899b047a97912b5c6,graded,420.0,PSA_9,11.0,6.040254711277414,0.38778619045843365,0.536857305571269,5.183778592432487,305.09887304845483,0.3196188132736575,Snow White,Fair-Hearted,Enchanted,178.35547197387146,0.3766029215496214
crd_72fe56f4aa85484284d8e3632d06ad9b,justtcg,197.6,justtcg,0.0,5.286244785313768,1.5,0.0,4.956895322018987,142.15177460058615,0.3293494632947809,Aurora,Dreaming Guardian,Enchanted,142.15177460058615,0.3900635469040798
crd_87abaabc59344ef1bfed548f0b6753bf,justtcg,381.09,justtcg,0.0,5.943035567703479,1.5,0.0,5.605749129963089,271.9856016985488,0.33728643774039035,Ohana Means Family,,Enchanted,271.9856016985488,0.4011403457392401
crd_35c968e4b25945e897940860221f9d51,justtcg,256.61,justtcg,0.0,5.5475574225835205,1.5,0.0,5.199289673878143,181.1435251874046,0.3482677487053776,Stitch,Carefree Surfer,Enchanted,181.1435251874046,0.4166114948603347
crd_51faef6e502845188f6fee9429829df2,justtcg,117.12,justtcg,0.0,4.763199050213001,1.5,0.0,4.412400566716165,82.46719407780803,0.3507984834968356,Goofy,Galumphing Gumshoe,Enchanted,82.46719407780803,0.4202011031137654
crd_b42271147bf14a5e89d33571e64abb6d,justtcg,195.65,justtcg,0.0,5.276327348656421,1.5,0.0,4.909180998773475,135.52837104023388,0.3671463498829466,Tinker Bell,Giant Fairy,Enchanted,135.52837104023388,0.4436091756899962
crd_021c1d57c42d4fb7836097cbe9eacfb7,justtcg,213.77,justtcg,0.0,5.364900670691189,1.5,0.0,4.997563121043204,148.05193450731278,0.36733754964798493,Belle,Strange but Special,Enchanted,148.05193450731278,0.4438852198141402
crd_ec8ba95c2c20470ab00ef4f03c8db8ee,graded,1205.4,PSA_10,9.0,7.0945667410489435,0.4061261981781178,1.8374737602039684,4.886155011528085,831.8305645727879,0.3709379693168904,Mickey Mouse,Inspirational Warrior,Enchanted,132.44335062195,0.44909318235868123
crd_cf079ada81bd48cdb9290647f227982c,raw,299.99,raw,7.0,5.7037491407673,0.8506671609508557,0.0,5.322288963342657,204.85224503510378,0.38146017742464355,Rapunzel,High Climber,Enchanted,204.85224503510378,0.4644213440208742
crd_b1ea1c67fc224e968a4906149590585c,justtcg,49.66,justtcg,0.0,3.9051997800800207,1.5,0.0,3.521691025309685,33.841607119106264,0.3835087547703355,Raya,Kumandran Rider,Enchanted,33.841607119106264,0.46742439935611124
crd_c233fd3627b24b02bd616aa62bbdc83a,justtcg,266.05,justtcg,0.0,5.583684261042379,1.5,0.0,5.194613371515317,180.29842081439574,0.38907088952706204,Pongo,Determined Father,Enchanted,180.29842081439574,0.47560915286040945
crd_eaf7db4a652b47939bddb0db4c9030e9,justtcg,124.89,justtcg,0.0,4.827433349874994,1.5,0.0,4.437342858343391,84.54998165255068,0.3900904915316028,Cinderella,Melody Weaver,Enchanted,84.54998165255068,0.47711445418430043
crd_80cf71e223cf491796609458b2866665,justtcg,234.26,justtcg,0.0,5.4564316096417285,1.5,0.0,5.066282296569918,158.5836630382216,0.39014931307181033,Simba,Returned King,Enchanted,158.5836630382216,0.47720134288699695
crd_8a558015ad0948f5be96f85dc60b3c76,justtcg,197.92,justtcg,0.0,5.287862908644177,1.5,0.0,4.8957802506301205,133.72430439281678,0.39208265801405684,Nick Wilde,Persistent Investigator,Enchanted,133.72430439281678,0.48006004517030426
crd_cbc18e77d7ec4d50bf19650a9a559686,justtcg,940.48,justtcg,0.0,6.846390383230553,1.5,0.0,6.4537347855805125,635.0697183737709,0.3926555976500401,Elsa,Spirit of Winter,Enchanted,635.0697183737709,0.4809082732023442
crd_8ef1d474eb68402e8d35e2aa3bce689a,graded,4396.0,BGS_10,16.0,8.388450315523512,0.345478219991944,2.7612936197634506,5.216833467995516,2916.4636652014615,0.410323227764545,Colors of the Wind,,Enchanted,184.3495102408377,0.5073049091788826
crd_29df1d46e9f9463f9058c264f7b3bbd5,graded,230.0,graded_other,29.0,5.438079308923196,0.25584347299919374,0.7914881086636676,4.212989886895944,149.07924281693326,0.4336013133635843,Show Me More!,,Enchanted,67.5582296104473,0.5428036502870899
crd_b35b509f95d441c1bd11ec67d755db5d,justtcg,844.7,justtcg,0.0,6.738981534733451,1.5,0.0,6.290386379146,539.36168693747,0.44859515558745144,Elsa,Ice Artisan,Enchanted,539.36168693747,0.5661104977557091
crd_c9f08696c3cd44bf96e2a149bb3cfb12,graded,220.96,PSA_10,31.0,5.397981689660982,0.24428999210856148,1.8374737602039684,3.109644697848014,140.76874788627708,0.45086323160900044,Belle's House,Maurice's Workshop,Enchanted,22.41307957046544,0.5696665866383008
crd_54bfc0bd37f44871a4ef50193d58ca2c,justtcg,225.86,justtcg,0.0,5.4199153382955245,1.5,0.0,4.927008615391961,137.966184516142,0.4929067229035633,Simba,King in the Making,Enchanted,137.966184516142,0.6370678133349011
crd_5615e8aef96941acb0e5cf1cfc8988c0,graded,550.0,CGC_10,11.0,6.309918278226516,0.38778619045843365,1.261937946767605,4.554067429348967,335.62866197516445,0.493912902109944,Wreck-It Ralph,Big Lug,Enchanted,95.0181028106801,0.6387158258870579
crd_4cf391db31ba468f948bad5a20b0bc16,justtcg,263.95,justtcg,0.0,5.575759691269625,1.5,0.0,5.080571382821938,160.865945712,0.4951883084476876,Cinderella,Ballroom Sensation,Enchanted,160.865945712,0.6408071878217932
crd_03fecbc6607a4948a586ccf4f0915c79,graded,399.0,PSA_10,8.0,5.988961416889864,0.4156189480713939,1.8374737602039684,3.651395552562567,241.98344452589802,0.5000921041233282,Basil,Disguised Detective,Enchanted,38.52839695125954,0.6488731317207842
crd_54bfc0bd37f44871a4ef50193d58ca2c,raw,227.58,raw,11.0,5.4275018249288625,0.7755723809168673,0.0,4.927008615391961,137.966184516142,0.5004932095369012,Simba,King in the Making,Enchanted,137.966184516142,0.6495346363178812
crd_f5d62175b09243eda1bf9f34ea01d884,justtcg,185.88,justtcg,0.0,5.2251013042167775,1.5,0.0,4.621741035913126,101.67089079842356,0.6033602683036516,Cruella De Vil,Style Icon,Enchanted,101.67089079842356,0.8282519071120613
crd_79195cfde0ae4948894c37bef02d9e6f,raw,49.99,raw,69.0,3.911822985425479,0.2030630990890589,0.0,3.1860084998132603,24.19167340575655,0.7258144856122186,Ariel’s Grotto,A Secret Place,Enchanted,24.19167340575655,1.0664134787841746
crd_7896cd21215c42609fc262c908068d94,graded,1049.99,PSA_10,25.0,6.956535919296694,0.28061551207734325,1.8374737602039684,4.3927030464910475,507.8452660015469,0.7263591126016777,The Return of Hercules,,Enchanted,80.85868864566687,1.0675392098600398
crd_c343d1fc29f3491f95bb460c90e081a7,graded,348.74,PSA_10,14.0,5.854326658889348,0.36181730936009454,1.8374737602039684,3.1984207382279717,153.83713816439302,0.8184321604574079,Treasure Mountain,Azurite Sea Island,Enchanted,24.493817486795677,1.2669428472293243
crd_8b81f6ba845442d095833d7c1bee3a6c,graded,199.0,PSA_9,21.0,5.293304824724492,0.3077861033362291,0.536857305571269,3.840034887172694,79.59029734292207,0.9164126319805295,The Sword of Shan-Yu,,Enchanted,46.52709761036442,1.5003047688412356
crd_434537e486234e2095f03c19628e07d4,graded,1883.27,PSA_10,32.0,7.540764906588349,0.23871040097760415,1.8374737602039684,4.301405001200382,463.53354767469244,1.4018861451839983,Hiro Hamada,Armor Designer,Enchanted,73.8034147750334,3.062855880544979
